Time,Biomass,Sub,Ca,Cl,Co,Cu,Fe,Mg,Mo,Na,Zn,K,Ni,NH4,P,S,CO2_l,CO2_g,O2_l,O2_g,H,OH
0.0,0.1,10.0,0.05,0.05,0.05,0.05,0.05,0.05,0.05,0.1,0.05,0.05,0.05,0.05,0.05,0.05,0.1,0.1,0.2,0.2,0.05,0.05
0.10020040080160321,0.10197312152978831,9.995953581635732,0.04591868626541159,0.04591868626541159,0.04591868626541159,0.04591868626541159,0.04591868626541159,0.04591868626541159,0.04591868626541159,0.09599381774393062,0.04591868626541159,0.04591868626541159,0.04591868626541159,0.04591868626541159,0.04591868626541159,0.0508755487616407,0.2999943489520635,-0.09322778698086913,0.19798191847466795,0.1918948430804904,0.0541265586080223,0.050035061356642214
0.20040080160320642,0.10398517514529938,9.991829349275477,0.0417396158251203,0.0417396158251203,0.0417396158251203,0.0417396158251203,0.0417396158251203,0.0417396158251203,0.0417396158251203,0.0918898411505646,0.0417396158251203,0.0417396158251203,0.0417396158251203,0.0417396158251203,0.0417396158251203,0.051748662962662804,0.30141697333768375,-0.08774745909714948,0.19792802067854712,0.1816268317082011,0.05833089107166509,0.050070105151874
0.30060120240480964,0.10603692902388791,9.987625766539393,0.03746086844935893,0.03746086844935893,0.03746086844935893,0.03746086844935893,0.03746086844935893,0.03746086844935893,0.03746086844935893,0.08768615000898354,0.03746086844935893,0.03746086844935893,0.03746086844935893,0.03746086844935893,0.03746086844935893,0.05261930443860445,0.30141901341478666,-0.08071148680743744,0.19788739448366366,0.17114299767896055,0.06261453379087481,0.05010513139449147
0.40080160320641284,0.1081291664999697,9.983341266733529,0.03308048601560044,0.03308048601560044,0.03308048601560044,0.03308048601560044,0.03308048601560044,0.03308048601560044,0.03308048601560044,0.08338078621549967,0.03308048601560044,0.03308048601560044,0.03308048601560044,0.03308048601560044,0.03308048601560044,0.05348743426702829,0.30139345717427274,-0.07351022150629273,0.19784624016056138,0.1604531443135655,0.06697905347969758,0.05014014009328631
0.5010020040080161,0.11026268636416021,9.97897425225155,0.028596471760711804,0.028596471760711804,0.028596471760711804,0.028596471760711804,0.028596471760711804,0.028596471760711804,0.028596471760711804,0.07897175302580996,0.028596471760711804,0.028596471760711804,0.028596471760711804,0.028596471760711804,0.028596471760711804,0.05435301275256466,0.3013958663951582,-0.06619650905417307,0.1978039920923231,0.14955376169584775,0.07142604776455602,0.0501751312570458
0.6012024048096193,0.1124383031681404,9.974523093964997,0.024006789518789422,0.024006789518789422,0.024006789518789422,0.024006789518789422,0.024006789518789422,0.024006789518789422,0.024006789518789422,0.07445701429283122,0.024006789518789422,0.024006789518789422,0.024006789518789422,0.024006789518789422,0.024006789518789422,0.05521599941166832,0.30153591888069214,-0.05887725880797239,0.19775954884833286,0.1384417953188467,0.07595714579398112,0.05021010489455283
0.7014028056112225,0.11465684753567454,9.969986130601264,0.019309362943614315,0.019309362943614315,0.019309362943614315,0.019309362943614315,0.019309362943614315,0.019309362943614315,0.019309362943614315,0.06983449368915555,0.019309362943614315,0.019309362943614315,0.019309362943614315,0.019309362943614315,0.019309362943614315,0.05607635295706762,0.30149454016547117,-0.05123056461267186,0.19771605137147327,0.12710986621518858,0.08057400886064807,0.05024506101458591
0.8016032064128257,0.11691916647978012,9.965361668109244,0.014502074715727887,0.014502074715727887,0.014502074715727887,0.014502074715727887,0.014502074715727887,0.014502074715727887,0.014502074715727887,0.06510207391412595,0.014502074715727887,0.014502074715727887,0.014502074715727887,0.014502074715727887,0.014502074715727887,0.05693403128190608,0.30156908967566526,-0.043550910786876354,0.1976705403967883,0.11555661212703389,0.08527833103571568,0.05027999962591911
0.9018036072144289,0.1192261237260342,9.960647979012727,0.009582765734165935,0.009582765734165935,0.009582765734165935,0.009582765734165935,0.009582765734165935,0.009582765734165935,0.009582765734165935,0.06025759588557046,0.009582765734165935,0.009582765734165935,0.009582765734165935,0.009582765734165935,0.009582765734165935,0.05778899144357714,0.30149442995410514,-0.035570216669111414,0.197625622481715,0.10377501959296512,0.09007183981543931,0.05031492073732212
1.0020040080160322,0.12157860004241734,9.95584330175071,0.004549234291848594,0.004549234291848594,0.004549234291848594,0.004549234291848594,0.004549234291848594,0.004549234291848594,0.004549234291848594,0.05529885791519199,0.004549234291848594,0.004549234291848594,0.004549234291848594,0.004549234291848594,0.004549234291848594,0.05864118964723201,0.30169198420671617,-0.027706918023966763,0.19757711002779071,0.09176478249057254,0.09495629678085891,0.05034982435756026
1.1022044088176353,0.12397749357545583,9.950945840005106,-0.0006007647647747159,-0.0006007647647747159,-0.0006007647647747159,-0.0006007647647747159,-0.0006007647647747159,-0.0006007647647747159,-0.0006007647647747159,0.050223614868213355,-0.0006007647647747159,-0.0006007647647747159,-0.0006007647647747159,-0.0006007647647747159,-0.0006007647647747159,0.05949058122897262,0.30155233780598006,-0.01934853305353768,0.19753101568469625,0.07951530557747158,0.09993349827008308,0.05038471049539444
1.2024048096192386,0.12642372019329184,9.945953762014616,-0.005869520893400988,-0.005869520893400988,-0.005869520893400988,-0.005869520893400988,-0.005869520893400988,-0.005869520893400988,-0.005869520893400988,0.04502957730570153,-0.005869520893400988,-0.005869520893400988,-0.005869520893400988,-0.005869520893400988,-0.005869520893400988,0.06033712063869818,0.30168940331088534,-0.01110587133464849,0.19748124639280798,0.06702800914448474,0.1050052760644298,0.05041957915958118
1.3026052104208417,0.12891821383517915,9.940865199875724,-0.011259368729612657,-0.011259368729612657,-0.011259368729612657,-0.011259368729612657,-0.011259368729612657,-0.011259368729612657,-0.011259368729612657,0.03971441061082868,-0.011259368729612657,-0.011259368729612657,-0.011259368729612657,-0.011259368729612657,-0.011259368729612657,0.061180761422630466,0.3016932185696543,-0.002565785787858517,0.19743184042378858,0.054294089747124984,0.11017349808741755,0.050454430358872634
1.402805611222445,0.13146192686817745,9.935678248829316,-0.01677268897861353,-0.01677268897861353,-0.01677268897861353,-0.01677268897861353,-0.01677268897861353,-0.01677268897861353,-0.01677268897861353,0.034275734097136176,-0.01677268897861353,-0.01677268897861353,-0.01677268897861353,-0.01677268897861353,-0.01677268897861353,0.06202145620547914,0.30174156535988406,0.006097177662650148,0.19738101970086516,0.04131046638437143,0.1154400691181543,0.05048926410201654
1.503006012024048,0.1340558304507271,9.930390966533531,-0.022411909324165345,-0.022411909324165345,-0.022411909324165345,-0.022411909324165345,-0.022411909324165345,-0.022411909324165345,-0.022411909324165345,0.028711120099598097,-0.022411909324165345,-0.022411909324165345,-0.022411909324165345,-0.022411909324165345,-0.022411909324165345,0.06285915667226309,0.3018142543277517,0.014906512101156023,0.1973289647864642,0.02807200350052193,0.12080693151848658,0.05052408039775628
1.6032064128256514,0.13670091490326214,9.925001372322534,-0.028179505355120434,-0.028179505355120434,-0.028179505355120434,-0.028179505355120434,-0.028179505355120434,-0.028179505355120434,-0.028179505355120434,0.023018093048088523,-0.028179505355120434,-0.028179505355120434,-0.028179505355120434,-0.028179505355120434,-0.028179505355120434,0.06369381354977985,0.30186123091943723,0.02391564158740374,0.19727615139302063,0.014573172616733611,0.1262760659742259,0.05055887925483085
1.7034068136272547,0.13939819008662102,9.919507446449689,-0.03407800151144857,-0.03407800151144857,-0.03407800151144857,-0.03407800151144857,-0.03407800151144857,-0.03407800151144857,-0.03407800151144857,0.017194128521354733,-0.03407800151144857,-0.03407800151144857,-0.03407800151144857,-0.03407800151144857,-0.03407800151144857,0.06452537658768506,0.3017723813792334,0.03323811704952293,0.1972236491583687,0.0008077516189504644,0.13184949225197004,0.05059366068197488
1.8036072144288577,0.14214868578737844,9.913907129316907,-0.040109972047566146,-0.040109972047566146,-0.040109972047566146,-0.040109972047566146,-0.040109972047566146,-0.040109972047566146,-0.040109972047566146,0.011236652283687957,-0.040109972047566146,-0.040109972047566146,-0.040109972047566146,-0.040109972047566146,-0.040109972047566146,0.06535379453922605,0.3020363478053033,0.04238878936238473,0.19716660237444247,-0.013224657806426357,0.13752926996976678,0.05062842468791858
1.903807615230461,0.14495345211093855,9.908198320688445,-0.04627804201506984,-0.04627804201506984,-0.04627804201506984,-0.04627804201506984,-0.04627804201506984,-0.04627804201506984,-0.04627804201506984,0.005143039302189853,-0.04627804201506984,-0.04627804201506984,-0.04627804201506984,-0.04627804201506984,-0.04627804201506984,0.06617901514158715,0.30174387448455214,0.05228050428368092,0.19711398774245756,-0.027538390328502478,0.14331749938330046,0.050663171281387864
2.0040080160320644,0.14781355988272163,9.902378878888547,-0.05258488826570228,-0.05258488826570228,-0.05258488826570228,-0.05258488826570228,-0.05258488826570228,-0.05258488826570228,-0.05258488826570228,-0.001089387256193303,-0.05258488826570228,-0.05258488826570228,-0.05258488826570228,-0.05258488826570228,-0.05258488826570228,0.06700098509583045,0.3020361066407377,0.06177573610306623,0.1970544919377953,-0.042127595901221816,0.14921632218826494,0.050697900471104194
2.1042084168336674,0.15073010105670118,9.896446619984356,-0.05903324047269543,-0.05903324047269543,-0.05903324047269543,-0.05903324047269543,-0.05903324047269543,-0.05903324047269543,-0.05903324047269543,-0.007463357046013898,-0.05903324047269543,-0.05903324047269543,-0.05903324047269543,-0.05903324047269543,-0.05903324047269543,0.06781965004646898,0.3018290900214944,0.07196217495646297,0.19699881955205148,-0.05700855063600713,0.15522792233743812,0.050732612265784724
2.2044088176352705,0.15370418913254238,9.890399316951655,-0.06562588217361667,-0.06562588217361667,-0.06562588217361667,-0.06562588217361667,-0.06562588217361667,-0.06562588217361667,-0.06562588217361667,-0.013981653586169101,-0.06562588217361667,-0.06562588217361667,-0.06562588217361667,-0.06562588217361667,-0.06562588217361667,0.06863495456060988,0.30227329904617933,0.08169311090473501,0.196935564099568,-0.07217552905399419,0.16135452687495902,0.050767306674142205
2.3046092184368736,0.1567369595804843,9.884234698825075,-0.0723656518325739,-0.0723656518325739,-0.0723656518325739,-0.0723656518325739,-0.0723656518325739,-0.0723656518325739,-0.0723656518325739,-0.020647115322105943,-0.0723656518325739,-0.0723656518325739,-0.0723656518325739,-0.0723656518325739,-0.0723656518325739,0.06944684210671034,0.30183893348537305,0.09250223699542554,0.19687984115203078,-0.08764944036112082,0.1675984067860918,0.05080198370488505
2.404809619238477,0.15982957027511585,9.877950449830578,-0.07925544392465551,-0.07925544392465551,-0.07925544392465551,-0.07925544392465551,-0.07925544392465551,-0.07925544392465551,-0.07925544392465551,-0.027462636710261314,-0.07925544392465551,-0.07925544392465551,-0.07925544392465551,-0.07925544392465551,-0.07925544392465551,0.07025525503288887,0.3022420188874219,0.10267743178729347,0.19681464696931408,-0.10341918811930748,0.17396187786477788,0.05083664336671729
2.50501002004008,0.16298320193716745,9.871544208501843,-0.08629821004040962,-0.08629821004040962,-0.08629821004040962,-0.08629821004040962,-0.08629821004040962,-0.08629821004040962,-0.08629821004040962,-0.034431169322541186,-0.08629821004040962,-0.08629821004040962,-0.08629821004040962,-0.08629821004040962,-0.08629821004040962,0.07106013454483577,0.3018729533516808,0.11383234551148705,0.19675588590006335,-0.11950670120169865,0.18044730159721928,0.0508712856683386
2.6052104208416833,0.1661990585845427,9.865013566778218,-0.09349696001342327,-0.09349696001342327,-0.09349696001342327,-0.09349696001342327,-0.09349696001342327,-0.09349696001342327,-0.09349696001342327,-0.041555722973899714,-0.09349696001342327,-0.09349696001342327,-0.09349696001342327,-0.09349696001342327,-0.09349696001342327,0.07186142068326157,0.302419555180931,0.12428322148967555,0.19668683241399137,-0.1359013968154014,0.18705708606394209,0.050905910618444315
2.705410821643287,0.16947836799176413,9.858356069085831,-0.10085476306893626,-0.10085476306893626,-0.10085476306893626,-0.10085476306893626,-0.10085476306893626,-0.10085476306893626,-0.10085476306893626,-0.048839366870953256,-0.10085476306893626,-0.10085476306893626,-0.10085476306893626,-0.10085476306893626,-0.10085476306893626,0.07265905230092488,0.3019334318301884,0.13598266742340734,0.196626742410394,-0.15262879552641198,0.1937936868586877,0.0509405182257254
2.80561122244489,0.17282238215896362,9.851569211399594,-0.10837474899631765,-0.10837474899631765,-0.10837474899631765,-0.10837474899631765,-0.10837474899631765,-0.10837474899631765,-0.10837474899631765,-0.05628523078445664,-0.10837474899631765,-0.10837474899631765,-0.10837474899631765,-0.10837474899631765,-0.10837474899631765,0.07345296703918286,0.3024994132398354,0.14685007026448094,0.19655496080524634,-0.16967462972169012,0.20065960802639377,0.050975108498868466
2.905811623246493,0.17623237778961628,9.844650440287753,-0.11606010934340043,-0.11606010934340043,-0.11606010934340043,-0.11606010934340043,-0.11606010934340043,-0.11606010934340043,-0.11606010934340043,-0.06389650624363805,-0.11606010934340043,-0.11606010934340043,-0.11606010934340043,-0.11606010934340043,-0.11606010934340043,0.07424310130410465,0.30188482492103963,0.15912249177238322,0.19649355562390614,-0.18706748179204408,0.20765740301866234,0.051009681446555766
3.006012024048096,0.17970965677825296,9.837597151936452,-0.12391409863576232,-0.12391409863576232,-0.12391409863576232,-0.12391409863576232,-0.12391409863576232,-0.12391409863576232,-0.12391409863576232,-0.07167644775547967,-0.12391409863576232,-0.12391409863576232,-0.12391409863576232,-0.12391409863576232,-0.12391409863576232,0.07502939024208571,0.3025431711013146,0.1703508069503825,0.1964182226012679,-0.2047896894387192,0.21478967566918433,0.05104423707746523
3.1062124248496996,0.18325554670723812,9.830406691156181,-0.13194003561867065,-0.13194003561867065,-0.13194003561867065,-0.13194003561867065,-0.13194003561867065,-0.13194003561867065,-0.13194003561867065,-0.07962837404666259,-0.13194003561867065,-0.13194003561867065,-0.13194003561867065,-0.13194003561867065,-0.13194003561867065,0.07581176771500914,0.30204084440135437,0.18297318752808495,0.19635301707475306,-0.22287208199569597,0.22205908118729556,0.051078775400270414
3.2064128256513027,0.18687140135387248,9.823076350367568,-0.1401413045248391,-0.1401413045248391,-0.1401413045248391,-0.1401413045248391,-0.1401413045248391,-0.1401413045248391,-0.1401413045248391,-0.08775566933132362,-0.1401413045248391,-0.1401413045248391,-0.1401413045248391,-0.1401413045248391,-0.1401413045248391,0.07659016627489039,0.3029503534155638,0.19442167823726875,0.19627245615209166,-0.24129608322678636,0.22946832717218216,0.051113296423640556
3.306613226452906,0.19055860120698023,9.81560336856821,-0.14852135636589514,-0.14852135636589514,-0.14852135636589514,-0.14852135636589514,-0.14852135636589514,-0.14852135636589514,-0.14852135636589514,-0.09606178460252257,-0.14852135636589514,-0.14852135636589514,-0.14852135636589514,-0.14852135636589514,-0.14852135636589514,0.07736451713804822,0.30199798584843773,0.20797475248371708,0.1962089073299249,-0.26010110472775233,0.2370201746460546,0.051147800156240514
3.4068136272545093,0.19431855399427625,9.80798493027793,-0.15708371025079862,-0.15708371025079862,-0.15708371025079862,-0.15708371025079862,-0.15708371025079862,-0.15708371025079862,-0.15708371025079862,-0.10455023895066105,-0.15708371025079862,-0.15708371025079862,-0.15708371025079862,-0.15708371025079862,-0.15708371025079862,0.07813475015873615,0.3028011901222421,0.22001967778061246,0.19612654651076095,-0.279258504113076,0.24471743910888263,0.05118228660673085
3.5070140280561124,0.19815269521949166,9.800218164464537,-0.16583195472865525,-0.16583195472865525,-0.16583195472865525,-0.16583195472865525,-0.16583195472865525,-0.16583195472865525,-0.16583195472865525,-0.11322462090629576,-0.16583195472865525,-0.16583195472865525,-0.16583195472865525,-0.16583195472865525,-0.16583195472865525,0.07890079380228646,0.30203891624108203,0.23388245331017724,0.19605820852973702,-0.298808441020277,0.2525629916126461,0.05121675578376775
3.6072144288577155,0.20206248871074192,9.792300143447079,-0.1747697491596369,-0.1747697491596369,-0.1747697491596369,-0.1747697491596369,-0.1747697491596369,-0.1747697491596369,-0.1747697491596369,-0.12208858981105883,-0.1747697491596369,-0.1747697491596369,-0.1747697491596369,-0.1747697491596369,-0.1747697491596369,0.07966257511769165,0.3031039375045595,0.2461752170233556,0.19597029143787797,-0.31872478148905586,0.2605597598580713,0.05125120769600309
3.7074148296593186,0.20604942717909946,9.784227881778703,-0.18390082511141312,-0.18390082511141312,-0.18390082511141312,-0.18390082511141312,-0.18390082511141312,-0.18390082511141312,-0.18390082511141312,-0.13114587721408938,-0.18390082511141312,-0.18390082511141312,-0.18390082511141312,-0.18390082511141312,-0.18390082511141312,0.08042001970967601,0.30218938746498764,0.26070998885737035,0.19590043630481563,-0.3390527833675814,0.26871072931177603,0.0512856423520844
3.807615230460922,0.21011503278880128,9.775998335106241,-0.19322898778467004,-0.19322898778467004,-0.19322898778467004,-0.19322898778467004,-0.19322898778467004,-0.19322898778467004,-0.19322898778467004,-0.14040028829755238,-0.19322898778467004,-0.19322898778467004,-0.19322898778467004,-0.19322898778467004,-0.19322898778467004,0.08117305171018525,0.30310348198123716,0.27368365432103003,0.1958109290408787,-0.3597624981118393,0.277018944346685,0.0513200597606549
3.907815631262525,0.21426085773805378,9.767608399008598,-0.20275811746512246,-0.20275811746512246,-0.20275811746512246,-0.20275811746512246,-0.20275811746512246,-0.20275811746512246,-0.20275811746512246,-0.1498557033286508,-0.20275811746512246,-0.20275811746512246,-0.20275811746512246,-0.20275811746512246,-0.20275811746512246,0.08192159374934631,0.3019448927525778,0.28900289943511287,0.19574034427982573,-0.3809004206646525,0.28548750940363965,0.05135445993035344
4.008016032064129,0.2184884848520058,9.759054907810805,-0.21249217100594642,-0.21249217100594642,-0.21249217100594642,-0.21249217100594642,-0.21249217100594642,-0.21249217100594642,-0.21249217100594642,-0.15951607914205806,-0.21249217100594642,-0.21249217100594642,-0.21249217100594642,-0.21249217100594642,-0.21249217100594642,0.08266556692581878,0.30307904277774067,0.3023075977579599,0.19564545292263286,-0.4024313968629899,0.2941195901773438,0.05138884286981457
4.108216432865731,0.22279952818671328,9.750334633376093,-0.2224351833376907,-0.2224351833376907,-0.2224351833376907,-0.2224351833376907,-0.2224351833376907,-0.2224351833376907,-0.2224351833376907,-0.16938545064982957,-0.2224351833376907,-0.2224351833376907,-0.2224351833376907,-0.2224351833376907,-0.2224351833376907,0.08340489077659673,0.3025057305789499,0.3176035208699549,0.19556580677225072,-0.42440321444599555,0.3029184148242933,0.05142320858766852
4.208416833667335,0.22719563364564938,9.741444283872871,-0.23259126900955188,-0.23259126900955188,-0.23259126900955188,-0.23259126900955188,-0.23259126900955188,-0.23259126900955188,-0.23259126900955188,-0.1794679323826779,-0.23259126900955188,-0.23259126900955188,-0.23259126900955188,-0.23259126900955188,-0.23259126900955188,0.08413948324618326,0.30332431149535033,0.3317968498672993,0.19547070377557077,-0.4467935683817209,0.31188727519579634,0.05145755709254119
4.308617234468938,0.2316784796078345,9.732380502518463,-0.2429646237597,-0.2429646237597,-0.2429646237597,-0.2429646237597,-0.2429646237597,-0.2429646237597,-0.2429646237597,-0.18976772006029827,-0.2429646237597,-0.2429646237597,-0.2429646237597,-0.2429646237597,-0.2429646237597,0.08486926065518406,0.3027585327372425,0.3476696019528063,0.19538758295392528,-0.4696384615703855,0.32102952809423324,0.051491888393054144
4.408817635270541,0.2362497775688991,9.72313986629699,-0.25355952611793475,-0.25355952611793475,-0.25355952611793475,-0.25355952611793475,-0.25355952611793475,-0.25355952611793475,-0.25355952611793475,-0.20028909219402477,-0.25355952611793475,-0.25355952611793475,-0.25355952611793475,-0.25355952611793475,-0.25355952611793475,0.08559413766825433,0.3038144090082917,0.36222152383204465,0.19528666460257021,-0.4929168460074094,0.3303485965551822,0.05152620249782466
4.509018036072145,0.24091127279414862,9.713718884653229,-0.26438033903834846,-0.26438033903834846,-0.26438033903834846,-0.26438033903834846,-0.26438033903834846,-0.26438033903834846,-0.26438033903834846,-0.21103641171949342,-0.26438033903834846,-0.26438033903834846,-0.26438033903834846,-0.26438033903834846,-0.26438033903834846,0.08631402726144559,0.3025761622221837,0.3793744083043251,0.19520666252125551,-0.5166763408603112,0.33984797115354937,0.051560499415465665
4.609218436873747,0.2456647449853604,9.704113998159032,-0.27543151156631746,-0.27543151156631746,-0.27543151156631746,-0.27543151156631746,-0.27543151156631746,-0.27543151156631746,-0.27543151156631746,-0.22201412766363354,-0.27543151156631746,-0.27543151156631746,-0.27543151156631746,-0.27543151156631746,-0.27543151156631746,0.08702884068886589,0.3035167755633677,0.3946612362528128,0.19510327935942723,-0.5408817281858475,0.34953121133716214,0.0515947791545858
4.709418837675351,0.2505120089597418,9.694321577155403,-0.2867175805358983,-0.2867175805358983,-0.2867175805358983,-0.2867175805358983,-0.2867175805358983,-0.2867175805358983,-0.2867175805358983,-0.2332267768420639,-0.2867175805358983,-0.2867175805358983,-0.2867175805358983,-0.2867175805358983,-0.2867175805358983,0.087738487448732,0.3022984196822381,0.41242609675713016,0.1950194039225372,-0.56558515710448,0.3594019467846862,0.05162904172378938
4.809619238476954,0.25545491534325093,9.68433792036585,-0.298243172303129,-0.298243172303129,-0.298243172303129,-0.298243172303129,-0.298243172303129,-0.298243172303129,-0.298243172303129,-0.24467898559239384,-0.298243172303129,-0.298243172303129,-0.298243172303129,-0.298243172303129,-0.298243172303129,0.08844287524870335,0.3038499018591095,0.42774637873144794,0.194906226877207,-0.5907472594652025,0.36946387879226633,0.051663287131676415
4.909819639278557,0.2604953512767765,9.674159253484039,-0.31001300451147834,-0.31001300451147834,-0.31001300451147834,-0.31001300451147834,-0.31001300451147834,-0.31001300451147834,-0.31001300451147834,-0.25637547153967283,-0.31001300451147834,-0.31001300451147834,-0.31001300451147834,-0.31001300451147834,-0.31001300451147834,0.08914190997057321,0.30318322781856744,0.4456165951885916,0.19481306926438582,-0.6164269857583745,0.37972078168588647,0.0516975153868426
5.01002004008016,0.26563524113694126,9.663781727732175,-0.32203188789385545,-0.32203188789385545,-0.32203188789385545,-0.32203188789385545,-0.32203188789385545,-0.32203188789385545,-0.32203188789385545,-0.26832104539839974,-0.32203188789385545,-0.32203188789385545,-0.32203188789385545,-0.32203188789385545,-0.32203188789385545,0.08983549563422848,0.30386005637627833,0.4624815617085144,0.19470464882425464,-0.6425988714635235,0.39017650426297645,0.051731726497879334
5.110220440881764,0.2708765472704875,9.653201418392243,-0.33430472810857187,-0.33430472810857187,-0.33430472810857187,-0.33430472810857187,-0.33430472810857187,-0.33430472810857187,-0.33430472810857187,-0.28052061280848545,-0.33430472810857187,-0.33430472810857187,-0.33430472810857187,-0.33430472810857187,-0.33430472810857187,0.09052353436093055,0.30217715400238815,0.4820512606700915,0.1946175718388065,-0.6693095357687613,0.4008349712611827,0.0517659204733737
5.210420841683367,0.2762212707438421,9.64241432330686,-0.3468365276132562,-0.3468365276132562,-0.3468365276132562,-0.3468365276132562,-0.3468365276132562,-0.3468365276132562,-0.3468365276132562,-0.2929791762091666,-0.3468365276132562,-0.3468365276132562,-0.3468365276132562,-0.3468365276132562,-0.3468365276132562,0.09120592633583702,0.30384897035742847,0.49861793460662407,0.19449525172168922,-0.6965126006833235,0.41170018485749965,0.05180009732190851
5.31062124248497,0.2816714521067479,9.63141636135204,-0.35963238757393007,-0.35963238757393007,-0.35963238757393007,-0.35963238757393007,-0.35963238757393007,-0.35963238757393007,-0.35963238757393007,-0.30570183674808243,-0.35963238757393007,-0.35963238757393007,-0.35963238757393007,-0.35963238757393007,-0.35963238757393007,0.0918825697698203,0.3037429594651596,0.5173211729321139,0.19438843688017957,-0.7242692268063345,0.42277622619553035,0.05183425705206224
5.410821643286574,0.2872291721715537,9.620203370878581,-0.37269750981323546,-0.37269750981323546,-0.37269750981323546,-0.37269750981323546,-0.37269750981323546,-0.37269750981323546,-0.37269750981323546,-0.3186937962295018,-0.37269750981323546,-0.37269750981323546,-0.37269750981323546,-0.37269750981323546,-0.37269750981323546,0.09255336086050309,0.3043454633310918,0.5356816616483848,0.1942724826895043,-0.7525653856225465,0.43406725694406856,0.05186839967240908
5.511022044088176,0.2928965528074696,9.608771108123577,-0.38603719879607157,-0.38603719879607157,-0.38603719879607157,-0.38603719879607157,-0.38603719879607157,-0.38603719879607157,-0.38603719879607157,-0.33196035909995963,-0.38603719879607157,-0.38603719879607157,-0.38603719879607157,-0.38603719879607157,-0.38603719879607157,0.09321819375254567,0.30353582913592914,0.5558273133757871,0.19416833194494065,-0.7814328464265006,0.4455775208856085,0.051902525191518945
5.61122244488978,0.29867575775093,9.59711524558969,-0.39965686365550207,-0.39965686365550207,-0.39965686365550207,-0.39965686365550207,-0.39965686365550207,-0.39965686365550207,-0.39965686365550207,-0.34550693447416475,-0.39965686365550207,-0.39965686365550207,-0.39965686365550207,-0.39965686365550207,-0.39965686365550207,0.09387696049712789,0.30391157533796853,0.5751679175001375,0.19405023824085682,-0.8108569019905837,0.45731134553707004,0.05193663361795744
5.711422845691383,0.30456899343135874,9.58523137039361,-0.4135620202571689,-0.4135620202571689,-0.4135620202571689,-0.4135620202571689,-0.4135620202571689,-0.4135620202571689,-0.4135620202571689,-0.35933903819941354,-0.4135620202571689,-0.4135620202571689,-0.4135620202571689,-0.4135620202571689,-0.4135620202571689,0.09452955101066086,0.30323384212739213,0.5959498836220222,0.19394031240897938,-0.8408709211074378,0.4692731438013308,0.05197072496028588
5.811623246492986,0.31057850981381685,9.573114982580764,-0.4277582933059114,-0.4277582933059114,-0.4277582933059114,-0.4277582933059114,-0.4277582933059114,-0.4277582933059114,-0.4277582933059114,-0.37346229496220873,-0.4277582933059114,-0.4277582933059114,-0.4277582933059114,-0.4277582933059114,-0.4277582933059114,0.09517585303265473,0.3040007923441571,0.6156826520332651,0.193813789504518,-0.8714616179806945,0.4814674156525206,0.05200479922706129
5.9118236472945895,0.3167066012578725,9.56076149340758,-0.44225141849294014,-0.44225141849294014,-0.44225141849294014,-0.44225141849294014,-0.44225141849294014,-0.44225141849294014,-0.44225141849294014,-0.3878824404354337,-0.44225141849294014,-0.44225141849294014,-0.44225141849294014,-0.44225141849294014,-0.44225141849294014,0.09581575208277518,0.30444661672224493,0.6361398714175578,0.19368809757656053,-0.9026581271588565,0.49389874985376114,0.05203885642683642
6.012024048096192,0.32295560739353174,9.548166223589625,-0.4570472446856651,-0.4570472446856651,-0.4570472446856651,-0.4570472446856651,-0.4570472446856651,-0.4570472446856651,-0.4570472446856651,-0.4026053234681801,-0.4570472446856651,-0.4570472446856651,-0.4570472446856651,-0.4570472446856651,-0.4570472446856651,0.09644913141704695,0.30428350899005335,0.6576173118876857,0.19356603829095442,-0.9344751874908949,0.5065718257090281,0.05207289656815972
6.112224448897796,0.329327914014692,9.535324401514687,-0.4721517361613282,-0.4721517361613282,-0.4721517361613282,-0.4721517361613282,-0.4721517361613282,-0.4721517361613282,-0.4721517361613282,-0.4176369083193811,-0.4721517361613282,-0.4721517361613282,-0.4721517361613282,-0.4721517361613282,-0.4721517361613282,0.09707587198318128,0.3045811878852942,0.679053348419256,0.19343697909508137,-0.9669143388733931,0.5194914148500578,0.05210691965957539
6.212424849699399,0.3358259539897136,9.52223116142165,-0.48757097488343276,-0.48757097488343276,-0.48757097488343276,-0.48757097488343276,-0.48757097488343276,-0.48757097488343276,-0.48757097488343276,-0.43298327693424016,-0.48757097488343276,-0.48757097488343276,-0.48757097488343276,-0.48757097488343276,-0.48757097488343276,0.09769585237504734,0.3044829119288643,0.701313014855089,0.19330934967270874,-0.9999964240012077,0.5326623830574903,0.0521409257096233
6.312625250501002,0.3424522081904901,9.508881541542339,-0.5033111628244191,-0.5033111628244191,-0.5033111628244191,-0.5033111628244191,-0.5033111628244191,-0.5033111628244191,-0.5033111628244191,-0.4486506312669069,-0.5033111628244191,-0.5033111628244191,-0.5033111628244191,-0.5033111628244191,-0.5033111628244191,0.09830894878621874,0.3044772402245424,0.7239161808291628,0.19317826641878644,-1.0337292169349916,0.5460896921190102,0.05217491472683909
6.412825651302605,0.3492092064395223,9.495270482207374,-0.5193786243333494,-0.5193786243333494,-0.5193786243333494,-0.5193786243333494,-0.5193786243333494,-0.5193786243333494,-0.5193786243333494,-0.46464529564816215,-0.5193786243333494,-0.5193786243333494,-0.5193786243333494,-0.5193786243333494,-0.5193786243333494,0.09891503496262,0.30430937593271096,0.7471262532882617,0.19304620059229133,-1.0681280964995146,0.5597784017234947,0.052208886719754106
6.513026052104209,0.35609952847578863,9.481392823914438,-0.5357798085505834,-0.5357798085505834,-0.5357798085505834,-0.5357798085505834,-0.5357798085505834,-0.5357798085505834,-0.5357798085505834,-0.4809737192000934,-0.5357798085505834,-0.5357798085505834,-0.5357798085505834,-0.5357798085505834,-0.5357798085505834,0.099513982154233,0.3044313197386063,0.7704999973054164,0.19290862839307865,-1.1032017010015218,0.5737336713927541,0.05224284169689541
6.613226452905812,0.36312580493960717,9.467243305358542,-0.5525212918699342,-0.5525212918699342,-0.5525212918699342,-0.5525212918699342,-0.5525212918699342,-0.5525212918699342,-0.5525212918699342,-0.4976424782982505,-0.5525212918699342,-0.5525212918699342,-0.5525212918699342,-0.5525212918699342,-0.5525212918699342,0.10010565906585397,0.30445420306283955,0.7944352371732754,0.19276934578346835,-1.1389672483825277,0.5879607624512561,0.05227677966678581
6.713426853707415,0.37029071837713684,9.452816561423031,-0.5696097804499204,-0.5696097804499204,-0.5696097804499204,-0.5696097804499204,-0.5696097804499204,-0.5696097804499204,-0.5696097804499204,-0.5146582790828982,-0.5696097804499204,-0.5696097804499204,-0.5696097804499204,-0.5696097804499204,-0.5696097804499204,0.10068993180686849,0.3055208251346804,0.8177982752958699,0.1926169911743667,-1.1754270635604913,0.6024650400351281,0.05231070063794384
6.813627254509019,0.37759700426419585,9.43810712113194,-0.5870521127733127,-0.5870521127733127,-0.5870521127733127,-0.5870521127733127,-0.5870521127733127,-0.5870521127733127,-0.5870521127733127,-0.532027960018562,-0.5870521127733127,-0.5870521127733127,-0.5870521127733127,-0.5870521127733127,-0.5870521127733127,0.10126666384006057,0.30461741697383227,0.8436122454562799,0.19248133299301906,-1.2126248723470112,0.6172519751397944,0.05234460461888376
6.913827655310621,0.3850474520512076,9.423109405560112,-0.6048552622594979,-0.6048552622594979,-0.6048552622594979,-0.6048552622594979,-0.6048552622594979,-0.6048552622594979,-0.6048552622594979,-0.5497584945063934,-0.6048552622594979,-0.6048552622594979,-0.6048552622594979,-0.6048552622594979,-0.6048552622594979,0.10183571592936555,0.30550902905643906,0.8681215099928079,0.19232505920943105,-1.2505375941409553,0.6323271467098673,0.05237849161811558
7.014028056112225,0.39264490622749876,9.407817725704588,-0.6230263399252249,-0.6230263399252249,-0.6230263399252249,-0.6230263399252249,-0.6230263399252249,-0.6230263399252249,-0.6230263399252249,-0.5678569935449144,-0.6230263399252249,-0.6230263399252249,-0.6230263399252249,-0.6230263399252249,-0.6230263399252249,0.1023969460866551,0.3046513344060215,0.894880142097751,0.19218318619724017,-1.289214759007769,0.647696243767744,0.052412361644145034
7.114228456913827,0.40039226740790446,9.392226280311409,-0.6415725971011167,-0.6415725971011167,-0.6415725971011167,-0.6415725971011167,-0.6415725971011167,-0.6415725971011167,-0.6415725971011167,-0.5863307084465307,-0.6415725971011167,-0.6415725971011167,-0.6415725971011167,-0.6415725971011167,-0.6415725971011167,0.10295020951740713,0.30549979453689186,0.9204424773809525,0.19202146324485206,-1.3286369149026573,0.6633650675868166,0.0524462147054736
7.214428857715431,0.408292493439709,9.376329153661729,-0.6605014281990235,-0.6605014281990235,-0.6605014281990235,-0.6605014281990235,-0.6605014281990235,-0.6605014281990235,-0.6605014281990235,-0.6051870336048842,-0.6605014281990235,-0.6605014281990235,-0.6605014281990235,-0.6605014281990235,-0.6605014281990235,0.10349535856535878,0.3048036239240857,0.9480694272912448,0.19187199976115668,-1.368851263236672,0.679339533905354,0.052480050810598505
7.3146292585170345,0.41634860053231987,9.360120313312468,-0.6798203735362057,-0.6798203735362057,-0.6798203735362057,-0.6798203735362057,-0.6798203735362057,-0.6798203735362057,-0.6798203735362057,-0.624433509319036,-0.6798203735362057,-0.6798203735362057,-0.6798203735362057,-0.6798203735362057,-0.6798203735362057,0.10403224265602273,0.30614942948684426,0.9741845725972621,0.19169924500559157,-1.40983764169007,0.6956256751858486,0.0525138699680127
7.414829659318637,0.4245636644083535,9.343593607794137,-0.6995371222130506,-0.6995371222130506,-0.6995371222130506,-0.6995371222130506,-0.6995371222130506,-0.6995371222130506,-0.6995371222130506,-0.6440778246711832,-0.6995371222130506,-0.6995371222130506,-0.6995371222130506,-0.6995371222130506,-0.6995371222130506,0.10456070823913306,0.3049253043169935,1.0034103742985412,0.19154877494672728,-1.4516573199197043,0.7122296429171902,0.05254767218620491
7.515030060120241,0.4329408214784895,9.326742764261136,-0.7196595150502056,-0.7196595150502056,-0.7196595150502056,-0.7196595150502056,-0.7196595150502056,-0.7196595150502056,-0.7196595150502056,-0.6641278204637927,-0.7196595150502056,-0.7196595150502056,-0.7196595150502056,-0.7196595150502056,-0.7196595150502056,0.10508059872990251,0.3060828405258786,1.0308058095274042,0.1913715293384941,-1.4942772391141923,0.7291577099643719,0.05258145747365958
7.615230460921844,0.44148327003828364,9.309561386098126,-0.7401955475806126,-0.7401955475806126,-0.7401955475806126,-0.7401955475806126,-0.7401955475806126,-0.7401955475806126,-0.7401955475806126,-0.6845914922116338,-0.7401955475806126,-0.7401955475806126,-0.7401955475806126,-0.7401955475806126,-0.7401955475806126,0.10559175444918198,0.30498588923260794,1.0610179986640522,0.19121332160857915,-1.5377595317788986,0.746416272962118,0.05261522583885693
7.715430861723447,0.4501942714898581,9.292042950476647,-0.7611533731037319,-0.7611533731037319,-0.7611533731037319,-0.7611533731037319,-0.7611533731037319,-0.7611533731037319,-0.7611533731037319,-0.7054769931960045,-0.7611533731037319,-0.7611533731037319,-0.7611533731037319,-0.7611533731037319,-0.7611533731037319,0.10609401256237598,0.30646164609110843,1.0892307429356696,0.19102631999468048,-1.5820730053349745,0.7640118547582634,0.052648977290272916
7.81563126252505,0.4590771515864578,9.274180805866001,-0.7825413057969343,-0.7825413057969343,-0.7825413057969343,-0.7825413057969343,-0.7825413057969343,-0.7825413057969343,-0.7825413057969343,-0.7267926375761219,-0.7825413057969343,-0.7825413057969343,-0.7825413057969343,-0.7825413057969343,-0.7825413057969343,0.10658720701721497,0.30531833345298975,1.1206472361409783,0.19086183359211897,-1.6272859383726734,0.7819511069028666,0.05268271183637925
7.915831663326654,0.4681353017028077,9.255968169492546,-0.8043678238913938,-0.8043678238913938,-0.8043678238913938,-0.8043678238913938,-0.8043678238913938,-0.8043678238913938,-0.8043678238913938,-0.7485469035650153,-0.8043678238913938,-0.8043678238913938,-0.8043678238913938,-0.8043678238913938,-0.8043678238913938,0.10707116848023744,0.306671325689908,1.1501635371182688,0.19066917641162764,-1.6733649471678833,0.8002408121889253,0.052716429485643417
8.016032064128257,0.477372180129189,9.237398124751538,-0.8266415729072774,-0.8266415729072774,-0.8266415729072774,-0.8266415729072774,-0.8266415729072774,-0.8266415729072774,-0.8266415729072774,-0.7707484366647164,-0.8266415729072774,-0.8266415729072774,-0.8266415729072774,-0.8266415729072774,-0.8266415729072774,0.10754572427208631,0.305072978527002,1.183239162225431,0.190502186837895,-1.7203815158737037,0.8188878872405261,0.05275013024652864
8.11623246492986,0.4867913133925639,9.21846361856489,-0.8493713689565581,-0.8493713689565581,-0.8493713689565581,-0.8493713689565581,-0.8493713689565581,-0.8493713689565581,-0.8493713689565581,-0.7934060529690714,-0.8493713689565581,-0.8493713689565581,-0.8493713689565581,-0.8493713689565581,-0.8493713689565581,0.10801069830145259,0.30667590450585286,1.2137333710963327,0.19029991228065754,-1.768292683525712,0.8378993851550973,0.05278381412749391
8.216432865731463,0.4963962976022188,9.199157458689864,-0.8725662021071221,-0.8725662021071221,-0.8725662021071221,-0.8725662021071221,-0.8725662021071221,-0.8725662021071221,-0.8725662021071221,-0.8165287425278497,-0.8725662021071221,-0.8725662021071221,-0.8725662021071221,-0.8725662021071221,-0.8725662021071221,0.10846591099779339,0.3060061788839738,1.247132429863612,0.19011644845378867,-1.8171708947835932,0.8572824981946933,0.052817481136993985
8.316633266533067,0.5061907998233168,9.179472310971997,-0.8962352398166502,-0.8962352398166502,-0.8962352398166502,-0.8962352398166502,-0.8962352398166502,-0.8962352398166502,-0.8962352398166502,-0.8401256727806233,-0.8962352398166502,-0.8962352398166502,-0.8962352398166502,-0.8962352398166502,-0.8962352398166502,0.10891117924265434,0.3070886817084082,1.2794238512418272,0.18991189483106724,-1.8669949582139949,0.8770445605331,0.052851131283479395
8.41683366733467,0.5161785594764059,9.159400696546056,-0.920387830431388,-0.920387830431388,-0.920387830431388,-0.920387830431388,-0.920387830431388,-0.920387830431388,-0.920387830431388,-0.864206192055539,-0.920387830431388,-0.920387830431388,-0.920387830431388,-0.920387830431388,-0.920387830431388,0.10934631629969414,0.3064936489811949,1.3140501871980779,0.18972011642378267,-1.9178178185639252,0.8971930510548511,0.052884764575396405
8.517034068136272,0.5263633897656704,9.138934988979553,-0.9450335067567756,-0.9450335067567756,-0.9450335067567756,-0.9450335067567756,-0.9450335067567756,-0.9450335067567756,-0.9450335067567756,-0.8887798331399465,-0.9450335067567756,-0.9450335067567756,-0.9450335067567756,-0.9450335067567756,-0.9450335067567756,0.10977113174327222,0.30790361327357846,1.3473418018512506,0.18950459749178594,-1.9696224148759647,0.9177355962117324,0.0529183810211871
8.617234468937877,0.5367491791339675,9.118067411362668,-0.9701819896950363,-0.9701819896950363,-0.9701819896950363,-0.9701819896950363,-0.9701819896950363,-0.9701819896950363,-0.9701819896950363,-0.9138563169179882,-0.9701819896950363,-0.9701819896950363,-0.9701819896950363,-0.9701819896950363,-0.9701819896950363,0.11018543138569682,0.30636337480937154,1.3842672203447366,0.18931429495256283,-2.022477544438272,0.9386799729328519,0.05295198062928929
8.71743486973948,0.5473398927484724,9.096790033336951,-0.9958431919592928,-0.9958431919592928,-0.9958431919592928,-0.9958431919592928,-0.9958431919592928,-0.9958431919592928,-0.9958431919592928,-0.9394455560847148,-0.9958431919592928,-0.9958431919592928,-0.9958431919592928,-0.9958431919592928,-0.9958431919592928,0.11058901720294283,0.3075437961944844,1.4191689538866197,0.18909301466149545,-2.0763472428322727,0.9600341115959334,0.05298556340813658
8.817635270541082,0.55813957401336,9.075094768069972,-1.0220272218552688,-1.0220272218552688,-1.0220272218552688,-1.0220272218552688,-1.0220272218552688,-1.0220272218552688,-1.0220272218552688,-0.9655576589277869,-1.0220272218552688,-1.0220272218552688,-1.0220272218552688,-1.0220272218552688,-1.0220272218552688,0.11098168725901783,0.30608496319948975,1.4574207772578363,0.1888937152961112,-2.131305099820985,0.9818060990526779,0.05301912936615836
8.917835671342687,0.5691523461145155,9.052973369165885,-1.0487443871430657,-1.0487443871430657,-1.0487443871430657,-1.0487443871430657,-1.0487443871430657,-1.0487443871430657,-1.0487443871430657,-0.9922029331892521,-1.0487443871430657,-1.0487443871430657,-1.0487443871430657,-1.0487443871430657,-1.0487443871430657,0.11136323562872659,0.3076908064409604,1.493332670483788,0.18865987236200796,-2.1873156268634726,1.0040041817181844,0.05305267851177978
9.01803607214429,0.5803824135929833,9.030417427518545,-1.0760051989707868,-1.0760051989707868,-1.0760051989707868,-1.0760051989707868,-1.0760051989707868,-1.0760051989707868,-1.0760051989707868,-1.0193918899991692,-1.0760051989707868,-1.0760051989707868,-1.0760051989707868,-1.0760051989707868,-1.0760051989707868,0.11173345231899857,0.30741433220334513,1.531866027668513,0.18844035531824457,-2.24444914656583,1.0266367687178504,0.05308621085342177
9.118236472945892,0.5918340639507094,9.007418368100009,-1.1038203758888907,-1.1038203758888907,-1.1038203758888907,-1.1038203758888907,-1.1038203758888907,-1.1038203758888907,-1.1038203758888907,-1.04713524788996,-1.1038203758888907,-1.1038203758888907,-1.1038203758888907,-1.1038203758888907,-1.1038203758888907,0.11209212318860107,0.3081756221240459,1.5701152924040207,0.18820618382400459,-2.302698553455616,1.049712435098853,0.05311972639950106
9.218436873747494,0.603511669287134,8.983967446687362,-1.1322008479416743,-1.1322008479416743,-1.1322008479416743,-1.1322008479416743,-1.1322008479416743,-1.1322008479416743,-1.1322008479416743,-1.0754439368878956,-1.1322008479416743,-1.1322008479416743,-1.1322008479416743,-1.1322008479416743,-1.1322008479416743,0.11243902986630942,0.30791326945514597,1.6101567840517357,0.18797766987469675,-2.362106467010986,1.0732399251033375,0.05315322515843015
9.318637274549099,0.6154196879686705,8.960055746523755,-1.1611577608409702,-1.1611577608409702,-1.1611577608409702,-1.1611577608409702,-1.1611577608409702,-1.1611577608409702,-1.1611577608409702,-1.1043291026867905,-1.1611577608409702,-1.1611577608409702,-1.1611577608409702,-1.1611577608409702,-1.1611577608409702,0.11277394966743336,0.30873066552329376,1.6499022340318363,0.18773391125644964,-2.422674731822935,1.0972281555073735,0.05318670713861732
9.418837675350701,0.627562666330469,8.935674174914874,-1.190702480220554,-1.190702480220554,-1.190702480220554,-1.190702480220554,-1.190702480220554,-1.190702480220554,-1.190702480220554,-1.1338021109024112,-1.190702480220554,-1.190702480220554,-1.190702480220554,-1.190702480220554,-1.190702480220554,0.11309665550872862,0.3079015337074317,1.6920934375268717,0.18750179569513833,-2.4844534322070806,1.1216862190244814,0.053220172348466654
9.519038076152304,0.639945240412772,8.910813459756236,-1.2208465959770354,-1.2208465959770354,-1.2208465959770354,-1.2208465959770354,-1.2208465959770354,-1.2208465959770354,-1.2208465959770354,-1.1638745514133682,-1.2208465959770354,-1.2208465959770354,-1.2208465959770354,-1.2208465959770354,-1.2208465959770354,0.11340691582157945,0.30850414528134296,1.7336678308567357,0.1872507705962969,-2.5474356686980713,1.1466233877783458,0.05325362079637803
9.619238476953909,0.6525721377301805,8.88546414599465,-1.251601926693022,-1.251601926693022,-1.251601926693022,-1.251601926693022,-1.251601926693022,-1.251601926693022,-1.251601926693022,-1.1945582427842782,-1.251601926693022,-1.251601926693022,-1.251601926693022,-1.251601926693022,-1.251601926693022,0.11370449446353528,0.3078300730380645,1.7773499757018492,0.18700754347232623,-2.611672269797889,1.1720491168413467,0.0532870524907471
9.719438877755511,0.6654481790771464,8.859616592017238,-1.2829805241508516,-1.2829805241508516,-1.2829805241508516,-1.2829805241508516,-1.2829805241508516,-1.2829805241508516,-1.2829805241508516,-1.225865236779497,-1.2829805241508516,-1.2829805241508516,-1.2829805241508516,-1.2829805241508516,-1.2829805241508516,0.11398915062803605,0.30873524356054693,1.8203002859481678,0.18674375827046058,-2.6771594752691827,1.1979730478455435,0.05332046743996532
9.819639278557114,0.6785782803681399,8.833260965971094,-1.3149946779330088,-1.3149946779330088,-1.3149946779330088,-1.3149946779330088,-1.3149946779330088,-1.3149946779330088,-1.3149946779330088,-1.2578078229635372,-1.3149946779330088,-1.3149946779330088,-1.3149946779330088,-1.3149946779330088,-1.3149946779330088,0.1142606387524041,0.30918790466894747,1.8645672755439189,0.1864794227785871,-2.7439423749984724,1.2244050126630113,0.05335386565241994
9.919839679358718,0.6919674545145533,8.806387242009484,-1.3476569201143862,-1.3476569201143862,-1.3476569201143862,-1.3476569201143862,-1.3476569201143862,-1.3476569201143862,-1.3476569201143862,-1.2903985333933277,-1.3476569201143862,-1.3476569201143862,-1.3476569201143862,-1.3476569201143862,-1.3476569201143862,0.1145187084239989,0.30977364813397623,1.9095823920669537,0.18620864309961568,-2.81204065156141,1.2513550371596478,0.053387247136494016
10.02004008016032,0.7056208133386633,8.778985196463916,-1.3809800300471888,-1.3809800300471888,-1.3809800300471888,-1.3809800300471888,-1.3809800300471888,-1.3809800300471888,-1.3809800300471888,-1.3236501474031181,-1.3809800300471888,-1.3809800300471888,-1.3809800300471888,-1.3809800300471888,-1.3809800300471888,0.11476310428451901,0.3089415556054718,1.9569139723853595,0.18594666508279778,-2.8814956323602536,1.2788333450230973,0.0534206119005664
10.120240480961924,0.7195435695253082,8.751044403940782,-1.4149770392401282,-1.4149770392401282,-1.4149770392401282,-1.4149770392401282,-1.4149770392401282,-1.4149770392401282,-1.4149770392401282,-1.3575756964836745,-1.4149770392401282,-1.4149770392401282,-1.4149770392401282,-1.4149770392401282,-1.4149770392401282,0.11499356593241836,0.309266934528938,2.0040043881221905,0.18566790176884743,-2.9523083257872504,1.3068503616661058,0.053453959953011755
10.220440881763528,0.7337410386118682,8.722554233341407,-1.4496612363333723,-1.4496612363333723,-1.4496612363333723,-1.4496612363333723,-1.4496612363333723,-1.4496612363333723,-1.4496612363333723,-1.3921884692572284,-1.4496612363333723,-1.4496612363333723,-1.4496612363333723,-1.4496612363333723,-1.4496612363333723,0.11520982782340718,0.3099838551390139,2.0516376647830237,0.18537982716928333,-3.024513326635049,1.3354167182064827,0.053487291302200535
10.32064128256513,0.7482186410175866,8.693503843803404,-1.4850461721718478,-1.4850461721718478,-1.4850461721718478,-1.4850461721718478,-1.4850461721718478,-1.4850461721718478,-1.4850461721718478,-1.4275020165507786,-1.4850461721718478,-1.4850461721718478,-1.4850461721718478,-1.4850461721718478,-1.4850461721718478,0.11541161916898605,0.3101346253637898,2.1007899507634686,0.18509181079197484,-3.0981476603528044,1.36454325552574,0.05352060595649901
10.420841683366733,0.7629819041133983,8.663882180561009,-1.521145664979814,-1.521145664979814,-1.521145664979814,-1.521145664979814,-1.521145664979814,-1.521145664979814,-1.521145664979814,-1.4635301565706658,-1.521145664979814,-1.521145664979814,-1.521145664979814,-1.521145664979814,-1.521145664979814,0.11559866383295456,0.3101736308813824,2.1510256522555347,0.1847992469000081,-3.1732349225481924,1.3942410284087534,0.05355390392426926
10.521042084168338,0.7780364643318143,8.63367797072532,-1.5579738056355705,-1.5579738056355705,-1.5579738056355705,-1.5579738056355705,-1.5579738056355705,-1.5579738056355705,-1.5579738056355705,-1.5002869801772796,-1.5579738056355705,-1.5579738056355705,-1.5579738056355705,-1.5579738056355705,-1.5579738056355705,0.11577068022591713,0.30986815871685575,2.202596658811687,0.18450432674030667,-3.249806062396405,1.4245213097635279,0.053587185213869175
10.62124248496994,0.7933880693191667,8.602879718979805,-1.5955449630520717,-1.5955449630520717,-1.5955449630520717,-1.5955449630520717,-1.5955449630520717,-1.5955449630520717,-1.5955449630520717,-1.5377868562656736,-1.5955449630520717,-1.5955449630520717,-1.5955449630520717,-1.5955449630520717,-1.5955449630520717,0.11592738119767078,0.3102273297276379,2.2545133796007257,0.1841969508688269,-3.3278803055646544,1.4553955949256894,0.05362044983365247
10.721442885771543,0.8090425801296421,8.571475703192238,-1.6338737896620106,-1.6338737896620106,-1.6338737896620106,-1.6338737896620106,-1.6338737896620106,-1.6338737896620106,-1.6338737896620106,-1.576044437250649,-1.6338737896620106,-1.6338737896620106,-1.6338737896620106,-1.6338737896620106,-1.6338737896620106,0.11606847392750351,0.3102914160656977,2.3077554976233876,0.183886500217783,-3.407496937109101,1.486875606046552,0.053653697791968644
10.821643286573147,0.8250059734634752,8.539453969938302,-1.672975227013301,-1.672975227013301,-1.672975227013301,-1.672975227013301,-1.672975227013301,-1.672975227013301,-1.672975227013301,-1.615074664662237,-1.672975227013301,-1.672975227013301,-1.672975227013301,-1.672975227013301,-1.672975227013301,0.11619365981228483,0.31180596841969976,2.3605977565988314,0.18355558351406698,-3.4886690593877856,1.5189732965695035,0.05368692909716304
10.92184368737475,0.8412843439477845,8.50680232993993,-1.7128645114711678,-1.7128645114711678,-1.7128645114711678,-1.7128645114711678,-1.7128645114711678,-1.7128645114711678,-1.7128645114711678,-1.6548927748477888,-1.7128645114711678,-1.7128645114711678,-1.7128645114711678,-1.7128645114711678,-1.7128645114711678,0.11630263435242379,0.31062647503283375,2.41720548161517,0.1832450918996439,-3.5714686600193013,1.5517008557916787,0.053720143757576826
11.022044088176353,0.8578839064650559,8.473508353408329,-1.7535571800393568,-1.7535571800393568,-1.7535571800393568,-1.7535571800393568,-1.7535571800393568,-1.7535571800393568,-1.7535571800393568,-1.6955143047931847,-1.7535571800393568,-1.7535571800393568,-1.7535571800393568,-1.7535571800393568,-1.7535571800393568,0.11639508703544503,0.3118449953761208,2.472507650837607,0.18290451421671375,-3.655876936054459,1.5850707135209252,0.053753341781546976
11.122244488977957,0.8748109985240238,8.439559365302223,-1.795069076287336,-1.795069076287336,-1.795069076287336,-1.795069076287336,-1.795069076287336,-1.795069076287336,-1.795069076287336,-1.736955098050037,-1.795069076287336,-1.795069076287336,-1.795069076287336,-1.795069076287336,-1.795069076287336,0.11647070121744478,0.31083262101153647,2.531154821868064,0.182579530117827,-3.741971902934912,1.619095544817566,0.05378652317740629
11.22244488977956,0.8920720826808904,8.404942440485414,-1.8374163564033439,-1.8374163564033439,-1.8374163564033439,-1.8374163564033439,-1.8374163564033439,-1.8374163564033439,-1.8374163564033439,-1.7792313107887368,-1.8374163564033439,-1.8374163564033439,-1.8374163564033439,-1.8374163564033439,-1.8374163564033439,0.11652915400202983,0.3120507786239343,2.588707460715276,0.18222586393126874,-3.8297422569889505,1.6537882748368387,0.0538196879534834
11.322645290581162,0.9096737490054331,8.369644398794557,-1.8806154953596588,-1.8806154953596588,-1.8806154953596588,-1.8806154953596588,-1.8806154953596588,-1.8806154953596588,-1.8806154953596588,-1.8223594179637244,-1.8806154953596588,-1.8806154953596588,-1.8806154953596588,-1.8806154953596588,-1.8806154953596588,0.11657011611701237,0.3113933365223937,2.6492941968466646,0.1818840172061898,-3.9192621240537875,1.6891620837611094,0.05385283611810278
11.422845691382767,0.9276227175979538,8.333651800005283,-1.9246832932049711,-1.9246832932049711,-1.9246832932049711,-1.9246832932049711,-1.9246832932049711,-1.9246832932049711,-1.9246832932049711,-1.8663562196058612,-1.9246832932049711,-1.9246832932049711,-1.9246832932049711,-1.9246832932049711,-1.9246832932049711,0.11659325178856249,0.312529427258579,2.709268682268212,0.18151754927148617,-4.010529349641815,1.7252304118337722,0.053885967679584694
11.52304609218437,0.9459258411540185,8.296950938702695,-1.9696368814762328,-1.9696368814762328,-1.9696368814762328,-1.9696368814762328,-1.9696368814762328,-1.9696368814762328,-1.9696368814762328,-1.911238847234279,-1.9696368814762328,-1.9696368814762328,-1.9696368814762328,-1.9696368814762328,-1.9696368814762328,0.11659821861297126,0.31198400104433266,2.7721293452255478,0.18116071164674327,-4.103613149389968,1.7620069644887275,0.05391908264624528
11.623246492985972,0.964590107581832,8.259527839046635,-2.015493729742094,-2.015493729742094,-2.015493729742094,-2.015493729742094,-2.015493729742094,-2.015493729742094,-2.015493729742094,-1.9570247703998163,-2.015493729742094,-2.015493729742094,-2.015493729742094,-2.015493729742094,-2.015493729742094,0.11658466742578208,0.31380231983119394,2.833854611731495,0.18077333639547105,-4.198509007864887,1.799505717585132,0.05395218102639649
11.723446893787575,0.9836226426685611,8.221368249439035,-2.062271652268712,-2.062271652268712,-2.062271652268712,-2.062271652268712,-2.062271652268712,-2.062271652268712,-2.062271652268712,-2.003731803350828,-2.062271652268712,-2.062271652268712,-2.062271652268712,-2.062271652268712,-2.062271652268712,0.11655224216847455,0.312195650888355,2.9002575681504905,0.18041256453911667,-4.295310424015531,1.8377409227400459,0.05398526282834611
11.823647294589179,1.0030307128030445,8.182457637078492,-2.1099888148265222,-2.1099888148265222,-2.1099888148265222,-2.1099888148265222,-2.1099888148265222,-2.1099888148265222,-2.1099888148265222,-2.0513781118399557,-2.1099888148265222,-2.1099888148265222,-2.1099888148265222,-2.1099888148265222,-2.1099888148265222,0.11650057975232918,0.31378167955700137,2.964745112888198,0.18001276737312563,-4.3939888419792235,1.8767271127738496,0.054018328060397795
11.923847695390782,1.0228217277476348,8.142781182416588,-2.158663741619849,-2.158663741619849,-2.158663741619849,-2.158663741619849,-2.158663741619849,-2.158663741619849,-2.158663741619849,-2.09998222005374,-2.158663741619849,-2.158663741619849,-2.158663741619849,-2.158663741619849,-2.158663741619849,0.11642930991983501,0.312314723826904,3.0335882566489567,0.17963560201218487,-4.4946437257704535,1.9164791072539324,0.054051376730850996
12.024048096192384,1.0430032434692416,8.102323773495803,-2.2083153223645082,-2.2083153223645082,-2.2083153223645082,-2.2083153223645082,-2.2083153223645082,-2.2083153223645082,-2.2083153223645082,-2.14956301769022,-2.2083153223645082,-2.2083153223645082,-2.2083153223645082,-2.2083153223645082,-2.2083153223645082,0.1163380551031379,0.3141251831824882,3.1004821744201463,0.1792182768401786,-4.597250834140416,1.9570120181567745,0.05408440884800104
12.124248496993989,1.063582965022446,8.061070000183287,-2.2589628194955957,-2.2589628194955957,-2.2589628194955957,-2.2589628194955957,-2.2589628194955957,-2.2589628194955957,-2.2589628194955957,-2.2001397671667258,-2.2589628194955957,-2.2589628194955957,-2.2589628194955957,-2.2589628194955957,-2.2589628194955957,0.11622643027988461,0.3134388902803475,3.1712273572242244,0.17881777728345355,-4.701906465944957,1.9983412556341793,0.054117424420139074
12.224448897795591,1.084568749492547,8.019004148284761,-2.310625875525103,-2.310625875525103,-2.310625875525103,-2.310625875525103,-2.310625875525103,-2.310625875525103,-2.310625875525103,-2.2517321109774904,-2.310625875525103,-2.310625875525103,-2.310625875525103,-2.310625875525103,-2.310625875525103,0.11609404282607061,0.31482826357593496,3.241278020470561,0.17838870175913424,-4.80860530666536,2.0404825338993624,0.05415042345555212
12.324649298597194,1.1059686089940635,7.976110193547525,-2.363324520538172,-2.363324520538172,-2.363324520538172,-2.363324520538172,-2.363324520538172,-2.363324520538172,-2.363324520538172,-2.304360079189907,-2.363324520538172,-2.363324520538172,-2.363324520538172,-2.363324520538172,-2.363324520538172,0.11594049236611507,0.314250551324279,3.3147042493966197,0.1779708965005211,-4.917428082285301,2.08345187722396,0.05418340596252304
12.424849699398798,1.1277907137309937,7.932371795539928,-2.417079179843745,-2.417079179843745,-2.417079179843745,-2.417079179843745,-2.417079179843745,-2.417079179843745,-2.417079179843745,-2.358044097095178,-2.417079179843745,-2.417079179843745,-2.417079179843745,-2.417079179843745,-2.417079179843745,0.11576537061984794,0.3158655297933684,3.387373974903134,0.1775230370031123,-5.028375153022319,2.127265626058545,0.054216371949330516
12.525050100200401,1.1500433951143905,7.8877722914162245,-2.471910681768499,-2.471910681768499,-2.471910681768499,-2.471910681768499,-2.471910681768499,-2.471910681768499,-2.471910681768499,-2.412804993002249,-2.471910681768499,-2.471910681768499,-2.471910681768499,-2.471910681768499,-2.471910681768499,0.11556826124663117,0.31447439081192047,3.4645144478398207,0.17709640286597694,-5.141540307551058,2.171940443267777,0.054249321424249146
12.625250501002004,1.1727351489454074,7.842294689550475,-2.5278402656144663,-2.5278402656144663,-2.5278402656144663,-2.5278402656144663,-2.5278402656144663,-2.5278402656144663,-2.5278402656144663,-2.46866400619543,-2.5278402656144663,-2.5278402656144663,-2.5278402656144663,-2.5278402656144663,-2.5278402656144663,0.11534873968620651,0.31588270381514966,3.5403488805191365,0.17663337729617706,-5.256909274717971,2.2174933204964975,0.05428225439554931
12.725450901803608,1.1958746386565329,7.795921663054088,-2.584889589762114,-2.584889589762114,-2.584889589762114,-2.584889589762114,-2.584889589762114,-2.584889589762114,-2.584889589762114,-2.525642795037475,-2.584889589762114,-2.584889589762114,-2.584889589762114,-2.584889589762114,-2.584889589762114,0.11510637299663398,0.31459033698844796,3.6204069828079133,0.17618821505127807,-5.374580512436501,2.2639415846521946,0.054315170871497315
12.82565130260521,1.2194706986212318,7.748635543156524,-2.643080739944454,-2.643080739944454,-2.643080739944454,-2.643080739944454,-2.643080739944454,-2.643080739944454,-2.643080739944454,-2.583763445243691,-2.643080739944454,-2.643080739944454,-2.643080739944454,-2.643080739944454,-2.643080739944454,0.11484071968880954,0.31675386221921126,3.6985621091757714,0.17569981931462467,-5.49453799690408,2.311302904524291,0.05434807086035527
12.925851703406813,1.2435323375251282,7.700418312462943,-2.7024362376749944,-2.7024362376749944,-2.7024362376749944,-2.7024362376749944,-2.7024362376749944,-2.7024362376749944,-2.7024362376749944,-2.6430484783098898,-2.7024362376749944,-2.7024362376749944,-2.7024362376749944,-2.7024362376749944,-2.7024362376749944,0.11455132955790642,0.31622381133118876,3.780994493192052,0.17522886347876035,-5.6168883663283244,2.359595297526503,0.0543809543703812
13.026052104208418,1.2680687418068186,7.651251598072569,-2.7629790488497754,-2.7629790488497754,-2.7629790488497754,-2.7629790488497754,-2.7629790488497754,-2.7629790488497754,-2.7629790488497754,-2.7035208601144256,-2.7629790488497754,-2.7629790488497754,-2.7629790488497754,-2.7629790488497754,-2.7629790488497754,0.11423774351133413,0.31719388048111513,3.8635416018397315,0.17473366727484782,-5.741636810129419,2.4088371365784726,0.05441382140982894
13.12625250501002,1.2930892791637818,7.601116664566873,-2.8247325925121434,-2.8247325925121434,-2.8247325925121434,-2.8247325925121434,-2.8247325925121434,-2.8247325925121434,-2.8247325925121434,-2.7652040096829666,-2.8247325925121434,-2.8247325925121434,-2.8247325925121434,-2.8247325925121434,-2.8247325925121434,0.11389949339344327,0.31550571818953405,3.9503937333214107,0.17425519401804065,-5.8688720877731555,2.459047157117584,0.05444667198694823
13.226452905811623,1.3186035021304054,7.549994406853521,-2.887720749797818,-2.887720749797818,-2.887720749797818,-2.887720749797818,-2.887720749797818,-2.887720749797818,-2.887720749797818,-2.828121808133563,-2.887720749797818,-2.887720749797818,-2.887720749797818,-2.887720749797818,-2.887720749797818,0.11353610180662417,0.3176762010749748,4.035066372942417,0.17372876730544767,-5.998578259958758,2.5102444642550186,0.05447950610998465
13.326653306613228,1.3446211517235245,7.497865342875298,-2.951967873048736,-2.951967873048736,-2.951967873048736,-2.951967873048736,-2.951967873048736,-2.951967873048736,-2.951967873048736,-2.892298607790492,-2.951967873048736,-2.951967873048736,-2.951967873048736,-2.951967873048736,-2.951967873048736,0.11314708192903006,0.3179340821198384,4.123364016521173,0.17321130337203322,-6.130861944119579,2.562448540066831,0.05451232378717968
13.42685370741483,1.3711521611623332,7.444709606170277,-3.0174987951128354,-3.0174987951128354,-3.0174987951128354,-3.0174987951128354,-3.0174987951128354,-3.0174987951128354,-3.0174987951128354,-2.9577592414840383,-3.0174987951128354,-3.0174987951128354,-3.0174987951128354,-3.0174987951128354,-3.0174987951128354,0.11273193732858144,0.3187299459923065,4.212869817512998,0.17267835602153536,-6.265749374274361,2.615679251033774,0.05454512502677064
13.527054108216433,1.3982066596602511,7.390506938288098,-3.0843388388237134,-3.0843388388237134,-3.0843388388237134,-3.0843388388237134,-3.0843388388237134,-3.0843388388237134,-3.0843388388237134,-3.0245290320301588,-3.0843388388237134,-3.0843388388237134,-3.0843388388237134,-3.0843388388237134,-3.0843388388237134,0.11229016177337299,0.31823994069792755,4.305442118186643,0.1721477726026482,-6.403310078823226,2.6699568556250277,0.054577909836990755
13.627254509018037,1.4257949762929576,7.33523668105389,-3.1525138266707198,-3.1525138266707198,-3.1525138266707198,-3.1525138266707198,-3.1525138266707198,-3.1525138266707198,-3.1525138266707198,-3.0926338019005684,-3.1525138266707198,-3.1525138266707198,-3.1525138266707198,-3.1525138266707198,-3.1525138266707198,0.1118212390382718,0.31877831525802935,4.398801756848606,0.17159644818573155,-6.5435736527947,2.7253020120342724,0.054610678226069104
13.72745490981964,1.4539276439407949,7.278877768683468,-3.2220500906549607,-3.2220500906549607,-3.2220500906549607,-3.2220500906549607,-3.2220500906549607,-3.2220500906549607,-3.2220500906549607,-3.1620998830787492,-3.2220500906549607,-3.2220500906549607,-3.2220500906549607,-3.2220500906549607,-3.2220500906549607,0.11132464270779723,0.3185094711610153,4.494820195563923,0.17104233836749194,-6.686611792405389,2.781735786064492,0.05464343020223065
13.827655310621243,1.4826154033109358,7.221408719738999,-3.2929744823447202,-3.2929744823447202,-3.2929744823447202,-3.2929744823447202,-3.2929744823447202,-3.2929744823447202,-3.2929744823447202,-3.2329541271153683,-3.2929744823447202,-3.2929744823447202,-3.2929744823447202,-3.2929744823447202,-3.2929744823447202,0.11079983597501268,0.3194630491315163,4.591504286763193,0.17046514639555344,-6.832459001119936,2.8392796591723113,0.05467616577369623
13.927855711422847,1.5118692070377722,7.162807628928221,-3.365314383126429,-3.365314383126429,-3.365314383126429,-3.365314383126429,-3.365314383126429,-3.365314383126429,-3.365314383126429,-3.305223915379249,-3.365314383126429,-3.365314383126429,-3.365314383126429,-3.365314383126429,-3.365314383126429,0.11024627143650621,0.32051562160448044,4.690014735084624,0.1698757723157296,-6.981182061108069,2.8979555366687717,0.0547088849486826
14.02805611222445,1.5417002238639352,7.10305215874241,-3.4390977146572137,-3.4390977146572137,-3.4390977146572137,-3.4390977146572137,-3.4390977146572137,-3.4390977146572137,-3.4390977146572137,-3.3789371695099204,-3.4390977146572137,-3.4390977146572137,-3.4390977146572137,-3.4390977146572137,-3.4390977146572137,0.10966339088333954,0.32034084937018675,4.791715895946141,0.16928711979650324,-7.1328508608173635,2.9577857560813707,0.05474158773540234
14.128256513026052,1.5721198429059124,7.042119530925136,-3.514352949528946,-3.514352949528946,-3.514352949528946,-3.514352949528946,-3.514352949528946,-3.514352949528946,-3.514352949528946,-3.4541223620816632,-3.514352949528946,-3.514352949528946,-3.514352949528946,-3.514352949528946,-3.514352949528946,0.10905062508776726,0.3211975466778138,4.8943876491882055,0.1686766114804596,-7.287500931338765,3.0187930956852993,0.05477427414206396
14.228456913827655,1.6031396780002998,6.979986517779768,-3.5911091221338656,-3.5911091221338656,-3.5911091221338656,-3.5911091221338656,-3.5911091221338656,-3.5911091221338656,-3.5911091221338656,-3.530808527469137,-3.5911091221338656,-3.5911091221338656,-3.5911091221338656,-3.5911091221338656,-3.5911091221338656,0.10840739358592433,0.32111827543608384,5.000036975887863,0.16806348618164738,-7.445210767325117,3.081000783195943,0.054806944176871854
14.32865731462926,1.634771572139482,6.916629433298105,-3.669395839753785,-3.669395839753785,-3.669395839753785,-3.669395839753785,-3.669395839753785,-3.669395839753785,-3.669395839753785,-3.6090252729365826,-3.669395839753785,-3.669395839753785,-3.669395839753785,-3.669395839753785,-3.669395839753785,0.10773310445604206,0.32172548140438734,5.107081680929431,0.16743145470511578,-7.606024503895262,3.1444325046402444,0.054839597848026285
14.428857715430862,1.6670276019921517,6.852024124119345,-3.749243293861385,-3.749243293861385,-3.749243293861385,-3.749243293861385,-3.749243293861385,-3.749243293861385,-3.749243293861385,-3.6888027899391176,-3.749243293861385,-3.749243293861385,-3.749243293861385,-3.749243293861385,-3.749243293861385,0.10702715409242225,0.32165553364738575,5.216926500447953,0.16679377176866161,-7.770017012921584,3.2091124133977407,0.054872235163723436
14.529058116232465,1.6999200825146261,6.786145960307448,-3.8306822716485107,-3.8306822716485107,-3.8306822716485107,-3.8306822716485107,-3.8306822716485107,-3.8306822716485107,-3.8306822716485107,-3.7701718656510317,-3.8306822716485107,-3.8306822716485107,-3.8306822716485107,-3.8306822716485107,-3.8306822716485107,0.10628892697487138,0.32239617929655034,5.328125546001296,0.16613547173870327,-7.937236161138175,3.2750651394231967,0.05490485613215537
14.629258517034069,1.7334615716518378,6.718969825949155,-3.9137441677786406,-3.9137441677786406,-3.9137441677786406,-3.9137441677786406,-3.9137441677786406,-3.9137441677786406,-3.9137441677786406,-3.8531638947182585,-3.9137441677786406,-3.9137441677786406,-3.9137441677786406,-3.9137441677786406,-3.9137441677786406,0.10551779543365127,0.32252435132446977,5.442144628032072,0.16547038795433508,-8.107759854590418,3.3423157986485865,0.05493746076151004
14.729458917835672,1.7676648751329767,6.650470109562702,-3.9984609963759996,-3.9984609963759996,-3.9984609963759996,-3.9984609963759996,-3.9984609963759996,-3.9984609963759996,-3.9984609963759996,-3.937810891247486,-3.9984609963759996,-3.9984609963759996,-3.9984609963759996,-3.9984609963759996,-3.9984609963759996,0.10471311940969671,0.32429366023411255,5.55677364873795,0.16477596651548465,-8.281630875587453,3.4108900025743787,0.05497004905997131
14.829659318637274,1.8025430513584633,6.580620694323879,-4.084865403242988,-4.084865403242988,-4.084865403242988,-4.084865403242988,-4.084865403242988,-4.084865403242988,-4.084865403242988,-4.024145501023587,-4.084865403242988,-4.084865403242988,-4.084865403242988,-4.084865403242988,-4.084865403242988,0.10387424621026725,0.3233450656219091,5.676416152921943,0.16409508359990674,-8.458958726989591,3.480813868043483,0.05500262103571894
14.929859719438879,1.838109416388727,6.509394948088467,-4.172990678332128,-4.172990678332128,-4.172990678332128,-4.172990678332128,-4.172990678332128,-4.172990678332128,-4.172990678332128,-4.112201013981563,-4.172990678332128,-4.172990678332128,-4.172990678332128,-4.172990678332128,-4.172990678332128,0.10300051025950804,0.32489671522644936,5.795899182109427,0.16337583981260714,-8.639759448807018,3.5521140272188036,0.0550351766969286
15.030060120240481,1.8743775490243766,6.436765713231901,-4.262870768446486,-4.262870768446486,-4.262870768446486,-4.262870768446486,-4.262870768446486,-4.262870768446486,-4.262870768446486,-4.202011376906971,-4.262870768446486,-4.262870768446486,-4.262870768446486,-4.262870768446486,-4.262870768446486,0.10209123284444158,0.3240503055313772,5.920167325105742,0.16266643727697308,-8.824150525108294,3.624817637743582,0.05506771605177185
15.130260521042084,1.9113612959937833,6.362705296274104,-4.354540290208642,-4.354540290208642,-4.354540290208642,-4.354540290208642,-4.354540290208642,-4.354540290208642,-4.354540290208642,-4.293611206404889,-4.354540290208642,-4.354540290208642,-4.354540290208642,-4.354540290208642,-4.354540290208642,0.10114572185558841,0.325637006911368,6.044436413568984,0.161918795406218,-9.012154522331844,3.6989523931165667,0.05510023910841618
15.230460921843688,1.949074777236932,6.287185457311782,-4.448034543270301,-4.448034543270301,-4.448034543270301,-4.448034543270301,-4.448034543270301,-4.448034543270301,-4.448034543270301,-4.387035802109528,-4.448034543270301,-4.448034543270301,-4.448034543270301,-4.448034543270301,-4.448034543270301,0.10016327152277484,0.3251331608459634,6.173278224462482,0.16117739833770092,-9.203887967456245,3.7745465332597092,0.05513274587502495
15.330661322645291,1.9875323912984084,6.2101773992324505,-4.543389523794773,-4.543389523794773,-4.543389523794773,-4.543389523794773,-4.543389523794773,-4.543389523794773,-4.543389523794773,-4.482321160166716,-4.543389523794773,-4.543389523794773,-4.543389523794773,-4.543389523794773,-4.543389523794773,0.0991431621454834,0.32668645439802846,6.30259396338952,0.16040091793058467,-9.39938299494608,3.851628855304143,0.05516523635975748
15.430861723446894,2.026748820822479,6.131651756724278,-4.64064193819467,-4.64064193819467,-4.64064193819467,-4.64064193819467,-4.64064193819467,-4.64064193819467,-4.64064193819467,-4.579503986971589,-4.64064193819467,-4.64064193819467,-4.64064193819467,-4.64064193819467,-4.64064193819467,0.09808465981809911,0.3262666293326677,6.436463911158086,0.15962894477378164,-9.59875410913124,3.930228724580343,0.05519771057076897
15.531062124248498,2.066739038161205,6.051578585059848,-4.739829217152192,-4.739829217152192,-4.739829217152192,-4.739829217152192,-4.739829217152192,-4.739829217152192,-4.739829217152192,-4.678621713188878,-4.739829217152192,-4.739829217152192,-4.739829217152192,-4.739829217152192,-4.739829217152192,0.09698701614950372,0.3284420869699784,6.570370502464917,0.1588159762183674,-9.802032197532444,4.010376085834353,0.05523016851621054
15.6312625250501,2.1075183110873796,5.9699273486703035,-4.840989529901458,-4.840989529901458,-4.840989529901458,-4.840989529901458,-4.840989529901458,-4.840989529901458,-4.840989529901458,-4.7797125080352485,-4.840989529901458,-4.840989529901458,-4.840989529901458,-4.840989529901458,-4.840989529901458,0.09584946797742902,0.32670080472977026,6.710877822372463,0.1580261494187648,-10.00935929694536,4.092101474653655,0.05526261020422925
15.731462925851703,2.14910220862778,5.88666690947882,-4.944161798811661,-4.944161798811661,-4.944161798811661,-4.944161798811661,-4.944161798811661,-4.944161798811661,-4.944161798811661,-4.882815293862439,-4.944161798811661,-4.944161798811661,-4.944161798811661,-4.944161798811661,-4.944161798811661,0.09467123707679406,0.32880112811388806,6.850280327141986,0.1571823840218081,-10.220737760874545,4.175436029133685,0.055295035642968046
15.831663326653308,2.191506607003224,5.801765515020509,-5.049385714237182,-5.049385714237182,-5.049385714237182,-5.049385714237182,-5.049385714237182,-5.049385714237182,-5.049385714237182,-4.987969761007394,-5.049385714237182,-5.049385714237182,-5.049385714237182,-5.049385714237182,-5.049385714237182,0.09345152986270268,0.3285392235496175,6.9948359762570504,0.15634575547492185,-10.436309668736186,4.2604115017579325,0.055327444840565815
15.93186372745491,2.2347476956931036,5.715190786313346,-5.156701749678943,-5.156701749678943,-5.156701749678943,-5.156701749678943,-5.156701749678943,-5.156701749678943,-5.156701749678943,-5.095216382953601,-5.156701749678943,-5.156701749678943,-5.156701749678943,-5.156701749678943,-5.156701749678943,0.09218953708721668,0.3309870780446098,7.1395277486266036,0.15546575384011266,-10.656107110619295,4.3470602715270195,0.05535983780515736
16.032064128256515,2.2788419836129052,5.626909705503126,-5.2661511772282,-5.2661511772282,-5.2661511772282,-5.2661511772282,-5.2661511772282,-5.2661511772282,-5.2661511772282,-5.204596431774895,-5.2661511772282,-5.2661511772282,-5.2661511772282,-5.2661511772282,-5.2661511772282,0.0908844335304799,0.32876089035922823,7.291795747066689,0.15461511834035552,-10.88028705804748,4.435415356313734,0.05539221454487342
16.132264529058116,2.32380630542156,5.536888603248767,-5.3777760833349175,-5.3777760833349175,-5.3777760833349175,-5.3777760833349175,-5.3777760833349175,-5.3777760833349175,-5.3777760833349175,-5.316151993903826,-5.3777760833349175,-5.3777760833349175,-5.3777760833349175,-5.3777760833349175,-5.3777760833349175,0.08953537768535084,0.3310852858455016,7.442472423619564,0.15370223409286554,-11.10884378714103,4.525510425477731,0.05542457506784064
16.23246492985972,2.369657827944267,5.445093145876663,-5.491619384864833,-5.491619384864833,-5.491619384864833,-5.491619384864833,-5.491619384864833,-5.491619384864833,-5.491619384864833,-5.429925986188725,-5.491619384864833,-5.491619384864833,-5.491619384864833,-5.491619384864833,-5.491619384864833,0.08814151143626146,0.3308361163462718,7.598740460658522,0.1527972579189756,-11.3419350437196,4.617379812711184,0.05545691938218163
16.332665330661325,2.4164140567299017,5.35148832226587,-5.607724845492969,-5.607724845492969,-5.607724845492969,-5.607724845492969,-5.607724845492969,-5.607724845492969,-5.607724845492969,-5.545962172287218,-5.607724845492969,-5.607724845492969,-5.607724845492969,-5.607724845492969,-5.607724845492969,0.0867019597313469,0.33248474577224063,7.756187948718504,0.15185559726326392,-11.579605550147646,4.711058529153596,0.05548924749601489
16.432865731462925,2.464092842731971,5.256038430486188,-5.726137092406028,-5.726137092406028,-5.726137092406028,-5.726137092406028,-5.726137092406028,-5.726137092406028,-5.726137092406028,-5.66430517936862,-5.726137092406028,-5.726137092406028,-5.726137092406028,-5.726137092406028,-5.726137092406028,0.08521583024839764,0.3324750222758033,7.918431829515472,0.15091208852056887,-11.821981221632264,4.806582276753712,0.055521559417454895
16.53306613226453,2.512712389126237,5.158707064162921,-5.84690163334645,-5.84690163334645,-5.84690163334645,-5.84690163334645,-5.84690163334645,-5.84690163334645,-5.84690163334645,-5.785000515157991,-5.84690163334645,-5.84690163334645,-5.84690163334645,-5.84690163334645,-5.84690163334645,0.08368221305397865,0.33429561907394445,8.082045276860315,0.14993184948385516,-12.069120050472549,4.903987461904767,0.05555385515461202
16.633266533066134,2.562291258257325,5.059457098583658,-5.970064873978927,-5.970064873978927,-5.970064873978927,-5.970064873978927,-5.970064873978927,-5.970064873978927,-5.970064873978927,-5.908094585302653,-5.970064873978927,-5.970064873978927,-5.970064873978927,-5.970064873978927,-5.970064873978927,0.08210018025609869,0.3333167257322616,8.251721332275467,0.14896032679110582,-12.321162191950064,5.0033112093377,0.05558613471559259
16.733466933867735,2.6128483787300794,4.958250676515559,-6.095674135618803,-6.095674135618803,-6.095674135618803,-6.095674135618803,-6.095674135618803,-6.095674135618803,-6.095674135618803,-6.0336347111005875,-6.095674135618803,-6.095674135618803,-6.095674135618803,-6.095674135618803,-6.095674135618803,0.08046878564964283,0.3348946600611225,8.422167955120006,0.14794414271674666,-12.578150843718259,5.104591376303871,0.055618398108498876
16.83366733466934,2.664403052631309,4.855049193761871,-6.223777673286429,-6.223777673286429,-6.223777673286429,-6.223777673286429,-6.223777673286429,-6.223777673286429,-6.223777673286429,-6.161669147554791,-6.223777673286429,-6.223777673286429,-6.223777673286429,-6.223777673286429,-6.223777673286429,0.07878706435528518,0.33398304524241995,8.598497277811765,0.1469328513655223,-12.840234042877912,5.2078665670185424,0.05565064534142909
16.933867735470944,2.7169749629032265,4.7498132844150405,-6.354424694140763,-6.354424694140763,-6.354424694140763,-6.354424694140763,-6.354424694140763,-6.354424694140763,-6.354424694140763,-6.29224710180688,-6.354424694140763,-6.354424694140763,-6.354424694140763,-6.354424694140763,-6.354424694140763,0.07705403245081692,0.3361335910898127,8.77522442962329,0.14587112659336737,-13.107456887362023,5.313176147407768,0.055682876422477386
17.034068136272545,2.7705841808552587,4.6425028058331,-6.4876653762589,-6.4876653762589,-6.4876653762589,-6.4876653762589,-6.4876653762589,-6.4876653762589,-6.4876653762589,-6.425418751916611,-6.4876653762589,-6.4876653762589,-6.4876653762589,-6.4876653762589,-6.4876653762589,0.07526868659555579,0.3366893625340575,8.957074709890348,0.1448046535846763,-13.37996746995733,5.420560260132009,0.055715091359733855
17.13426853707415,2.8252511738286192,4.5330768233105205,-6.623550887797499,-6.623550887797499,-6.623550887797499,-6.623550887797499,-6.623550887797499,-6.623550887797499,-6.623550887797499,-6.561235266023315,-6.623550887797499,-6.623550887797499,-6.623550887797499,-6.623550887797499,-6.623550887797499,0.07343000364711778,0.3377754541071716,9.14199259977798,0.14371199853120908,-13.657848783726283,5.530059839915276,0.05574729016128455
17.234468937875754,2.880996813010072,4.421493594450682,-6.762133406527191,-6.762133406527191,-6.762133406527191,-6.762133406527191,-6.762133406527191,-6.762133406527191,-6.762133406527191,-6.6997488218803065,-6.762133406527191,-6.762133406527191,-6.762133406527191,-6.762133406527191,-6.762133406527191,0.07153694027072871,0.33829521535885493,9.331145763521526,0.14260360021065077,-13.941217755432408,5.641716629172661,0.055779472835211466
17.334669338677354,2.937842381400225,4.3077105532292865,-6.90346613975332,-6.90346613975332,-6.90346613975332,-6.90346613975332,-6.90346613975332,-6.90346613975332,-6.90346613975332,-6.841012626775618,-6.90346613975332,-6.90346613975332,-6.90346613975332,-6.90346613975332,-6.90346613975332,0.06958843254080965,0.3394813740393864,9.523373841322623,0.14146683903249105,-14.230170354142935,5.755573193946928,0.05581163938959255
17.43486973947896,2.9958095819386203,4.191684293744184,-7.047603344628656,-7.047603344628656,-7.047603344628656,-7.047603344628656,-7.047603344628656,-7.047603344628656,-7.047603344628656,-6.985080937844722,-7.047603344628656,-7.047603344628656,-7.047603344628656,-7.047603344628656,-7.047603344628656,0.06758339553472276,0.3394433820723225,9.720641240068687,0.14031999327819852,-14.524835590003457,5.871672940158679,0.0558437898325017
17.535070140280563,3.054920545791354,4.0733705536401255,-7.194600348872461,-7.194600348872461,-7.194600348872461,-7.194600348872461,-7.194600348872461,-7.194600348872461,-7.194600348872461,-7.132009082789583,-7.194600348872461,-7.194600348872461,-7.194600348872461,-7.194600348872461,-7.194600348872461,0.06552072291838994,0.34043991220562586,9.920764519418691,0.13914027439599913,-14.825303590378041,5.990060130181612,0.055875924172008776
17.635270541082164,3.1151978407982006,3.952724197214516,-7.344513571888285,-7.344513571888285,-7.344513571888285,-7.344513571888285,-7.344513571888285,-7.344513571888285,-7.344513571888285,-7.28185348099647,-7.344513571888285,-7.344513571888285,-7.344513571888285,-7.344513571888285,-7.344513571888285,0.0633992865239369,0.34059168098140713,10.125699763312562,0.13794583208189104,-15.13170764966879,6.110779899736754,0.0559080424161796
17.73547094188377,3.176664480090495,3.8296991981816517,-7.497400546308682,-7.497400546308682,-7.497400546308682,-7.497400546308682,-7.497400546308682,-7.497400546308682,-7.497400546308682,-7.43467166508066,-7.497400546308682,-7.497400546308682,-7.497400546308682,-7.497400546308682,-7.497400546308682,0.06121793591879917,0.34196030693342483,10.333463589506405,0.1367158102670345,-15.444144327674001,6.233878275128239,0.055940144573075945
17.835671342685373,3.2393439308765837,3.704248622101818,-7.653319939958828,-7.653319939958828,-7.653319939958828,-7.653319939958828,-7.653319939958828,-7.653319939958828,-7.653319939958828,-7.590522302850064,-7.653319939958828,-7.653319939958828,-7.653319939958828,-7.653319939958828,-7.653319939958828,0.058975497966449374,0.34342814735256594,10.545253485096206,0.13546080407917224,-15.762743952783364,6.359402190814197,0.05597223065075555
17.935871743486974,3.303260123400334,3.57632460846427,-7.812331578252802,-7.812331578252802,-7.812331578252802,-7.812331578252802,-7.812331578252802,-7.812331578252802,-7.812331578252802,-7.749465219701502,-7.812331578252802,-7.812331578252802,-7.812331578252802,-7.812331578252802,-7.812331578252802,0.05667077637847203,0.34372564773238246,10.76242042699584,0.13419290271597095,-16.087640709959754,6.487399507323783,0.056004300657272105
18.03607214428858,3.3684374600803046,3.44587835240889,-7.974496467041508,-7.974496467041508,-7.974496467041508,-7.974496467041508,-7.974496467041508,-7.974496467041508,-7.974496467041508,-7.9115614214686305,-7.974496467041508,-7.974496467041508,-7.974496467041508,-7.974496467041508,-7.974496467041508,0.05430255125760501,0.34506632524849656,10.98283385684277,0.13288971950975542,-16.418936716713905,6.617919029535513,0.0560363546006753
18.13627254509018,3.434900824822462,3.3128600861007604,-8.139876815894468,-8.139876815894468,-8.139876815894468,-8.139876815894468,-8.139876815894468,-8.139876815894468,-8.139876815894468,-8.076873117703729,-8.139876815894468,-8.139876815894468,-8.139876815894468,-8.139876815894468,-8.139876815894468,0.05186957863210373,0.34541447622614585,11.208614159855987,0.13157090616613412,-16.75677858638815,6.7510105253026955,0.05606839248901075
18.236472945891784,3.5026755925238935,3.1772190597227277,-8.308536061859106,-8.308536061859106,-8.308536061859106,-8.308536061859106,-8.308536061859106,-8.308536061859106,-8.308536061859106,-8.24546374543699,-8.308536061859106,-8.308536061859106,-8.308536061859106,-8.308536061859106,-8.308536061859106,0.049370589980555615,0.34655382020977304,11.43806389171651,0.13021830980712906,-17.10127763209199,6.886724744460865,0.05610041433032008
18.336673346693388,3.571787638758462,3.0389035221041025,-8.480538893674881,-8.480538893674881,-8.480538893674881,-8.480538893674881,-8.480538893674881,-8.480538893674881,-8.480538893674881,-8.417397993390647,-8.480538893674881,-8.480538893674881,-8.480538893674881,-8.480538893674881,-8.480538893674881,0.04680429174759737,0.34691317406970085,11.672842280895166,0.12884696587802338,-17.452580910446372,7.02511343819908,0.05613242013264086
18.43687374749499,3.6422633496572474,2.897860700959773,-8.65595127647439,-8.65595127647439,-8.65595127647439,-8.65595127647439,-8.65595127647439,-8.65595127647439,-8.65595127647439,-8.592741826680088,-8.65595127647439,-8.65595127647439,-8.65595127647439,-8.65595127647439,-8.65595127647439,0.04416936484989299,0.3482482783837439,11.911283302239388,0.12743897835176746,-17.810805150877155,7.166229378820817,0.05616440990400663
18.537074148296593,3.7141296319807418,2.7540367827458114,-8.834840476963862,-8.834840476963862,-8.834840476963862,-8.834840476963862,-8.834840476963862,-8.834840476963862,-8.834840476963862,-8.771562511994329,-8.834840476963862,-8.834840476963862,-8.834840476963862,-8.834840476963862,-8.834840476963862,0.041464464172524106,0.34877389498888267,12.155263751042197,0.12601148043391217,-18.176104769069013,7.310126379888357,0.056196383652446946
18.637274549098198,3.787413923394146,2.6073768921088876,-9.017275089111392,-9.017275089111392,-9.017275089111392,-9.017275089111392,-9.017275089111392,-9.017275089111392,-9.017275089111392,-8.953928643284272,-9.017275089111392,-9.017275089111392,-9.017275089111392,-9.017275089111392,-9.017275089111392,0.038688218055225106,0.35114209324369616,12.402224832161535,0.12453768572056495,-18.548592968970457,7.4568593167733725,0.0562283413859873
18.7374749498998,3.8621442029384143,2.4578250709441747,-9.203325060324559,-9.203325060324559,-9.203325060324559,-9.203325060324559,-9.203325060324559,-9.203325060324559,-9.203325060324559,-9.139910167940307,-9.203325060324559,-9.203325060324559,-9.203325060324559,-9.203325060324559,-9.203325060324559,0.035839227768831014,0.35080750895294543,12.656807169411662,0.12306201885249496,-18.928456929175322,7.606484147599027,0.056260283112649176
18.837675350701403,3.938349001718131,2.3053242570195946,-9.393061718170115,-9.393061718170115,-9.393061718170115,-9.393061718170115,-9.393061718170115,-9.393061718170115,-9.393061718170115,-9.329578413512005,-9.393061718170115,-9.393061718170115,-9.393061718170115,-9.393061718170115,-9.393061718170115,0.03291606698088376,0.35239344875012535,12.914484410206034,0.12153816552904574,-19.31579590422872,7.759057934615722,0.056292208840450046
18.937875751503007,4.016057413788989,2.1498162622008694,-9.58655779759268,-9.58655779759268,-9.58655779759268,-9.58655779759268,-9.58655779759268,-9.58655779759268,-9.58655779759268,-9.523006114926812,-9.58655779759268,-9.58655779759268,-9.58655779759268,-9.58655779759268,-9.58655779759268,0.029917281211258254,0.3526640478551787,13.178591445396213,0.11999757025332598,-19.71078978129172,7.9146388659760545,0.05632411857740337
19.03807615230461,4.0952991072697165,1.9912417502276571,-9.783887468694557,-9.783887468694557,-9.783887468694557,-9.783887468694557,-9.783887468694557,-9.783887468694557,-9.783887468694557,-9.72026744226987,-9.783887468694557,-9.783887468694557,-9.783887468694557,-9.783887468694557,-9.783887468694557,0.026841387276566063,0.35550686769430706,13.445341549790536,0.11840117674340567,-20.113550874281913,8.073286277958674,0.05635601233151859
19.138276553106213,4.1761043356639425,1.829540214069826,-9.985126365040404,-9.985126365040404,-9.985126365040404,-9.985126365040404,-9.985126365040404,-9.985126365040404,-9.985126365040404,-9.921438029088684,-9.985126365040404,-9.985126365040404,-9.985126365040404,-9.985126365040404,-9.985126365040404,0.023686872724062315,0.35455121500230774,13.721208449202877,0.11681142705745895,-20.524295984204397,8.235060677612008,0.05638789011080112
19.238476953907817,4.258503949417584,1.6646499528126828,-10.19035161255069,-10.19035161255069,-10.19035161255069,-10.19035161255069,-10.19035161255069,-10.19035161255069,-10.19035161255069,-10.126595001286574,-10.19035161255069,-10.19035161255069,-10.19035161255069,-10.19035161255069,-10.19035161255069,0.02045219525377629,0.35684666150043975,13.999247366506529,0.1151579520367881,-20.943112143875958,8.40002376586904,0.05641975192325239
19.338677354709418,4.342529407690096,1.4965080481144664,-10.399641858929833,-10.399641858929833,-10.399641858929833,-10.399641858929833,-10.399641858929833,-10.399641858929833,-10.399641858929833,-10.335817006550823,-10.399641858929833,-10.399641858929833,-10.399641858929833,-10.399641858929833,-10.399641858929833,0.017135782129948974,0.35680776575793377,14.28515086092775,0.11349539946757933,-21.370214511302084,8.568238461089809,0.056451597776869804
19.438877755511022,4.428212790370916,1.325050340173463,-10.6130773037073,-10.6130773037073,-10.6130773037073,-10.6130773037073,-10.6130773037073,-10.6130773037073,-10.6130773037073,-10.549184244393768,-10.6130773037073,-10.6130773037073,-10.6130773037073,-10.6130773037073,-10.6130773037073,0.013736029580211008,0.3590974018752227,14.57436508255989,0.11177699327818943,-21.805719985654957,8.739768923094303,0.05648342767964678
19.539078156312627,4.515586810322245,1.1502114032424453,-10.830739728844565,-10.830739728844565,-10.830739728844565,-10.830739728844565,-10.830739728844565,-10.830739728844565,-10.830739728844565,-10.766778496759763,-10.830739728844565,-10.830739728844565,-10.830739728844565,-10.830739728844565,-10.830739728844565,0.010251302183443564,0.35939546512458065,14.871321492999266,0.11004483538177617,-22.249837575386625,8.91468057764801,0.056515241639572715
19.639278557114228,4.604684825873867,0.9719245206390293,-11.052712529972155,-11.052712529972155,-11.052712529972155,-11.052712529972155,-11.052712529972155,-11.052712529972155,-11.052712529972155,-10.988683159262223,-11.052712529972155,-11.052712529972155,-11.052712529972155,-11.052712529972155,-11.052712529972155,0.006679932245037452,0.3623609173369923,15.171474503210444,0.10825216311886163,-22.702690715866993,9.093040141451564,0.056547039664632995
19.739478957915832,4.695540853551184,0.7901216592896062,-11.279080748209743,-11.279080748209743,-11.279080748209743,-11.279080748209743,-11.279080748209743,-11.279080748209743,-11.279080748209743,-11.214983273003721,-11.279080748209743,-11.279080748209743,-11.279080748209743,-11.279080748209743,-11.279080748209743,0.003020219160491503,0.3613317260031712,15.481601983728059,0.10646422700360811,-23.164518216087988,9.274915647596819,0.05657882176280903
19.839679358717436,4.788189581073148,0.6047334437334813,-11.509931102660971,-11.509931102660971,-11.509931102660971,-11.509931102660971,-11.509931102660971,-11.509931102660971,-11.509931102660971,-11.4457655570708,-11.509931102660971,-11.509931102660971,-11.509931102660971,-11.509931102660971,-11.509931102660971,-0.0007295712344840355,0.36406976343825626,15.794059894795366,0.10460353340781112,-23.635419562569602,9.460376471562702,0.05661058794207823
19.939879759519037,4.882666380583843,0.41568912965970406,-11.745352023492412,-11.745352023492412,-11.745352023492412,-11.745352023492412,-11.745352023492412,-11.745352023492412,-11.745352023492412,-11.681118441612949,-11.745352023492412,-11.745352023492412,-11.745352023492412,-11.745352023492412,-11.745352023492412,-0.00457120732554663,0.3632322173150311,16.11631151142092,0.10274204263137082,-24.115647190783882,9.64949335767839,0.05664233821041399
20.04008016032064,4.97900732216717,0.22291657687770217,-11.985433685720274,-11.985433685720274,-11.985433685720274,-11.985433685720274,-11.985433685720274,-11.985433685720274,-11.985433685720274,-11.921132101629299,-11.985433685720274,-11.985433685720274,-11.985433685720274,-11.985433685720274,-11.985433685720274,-0.00850649239545545,0.36639233127652426,16.44090612830838,0.10080410025123618,-24.60530947951621,9.84233844615267,0.056674072575785724
20.140280561122246,5.077249187610276,0.026342221790423094,-12.23026804361898,-12.23026804361898,-12.23026804361898,-12.23026804361898,-12.23026804361898,-12.23026804361898,-12.23026804361898,-12.165898491377204,-12.23026804361898,-12.23026804361898,-12.23026804361898,-12.23026804361898,-12.23026804361898,-0.01253726531224296,0.36676370278794945,16.774755394345632,0.09885613275051908,-25.10466052251146,10.0389853006008,0.05670579104615886
20.240480961923847,5.177429484452361,-0.17410895070327867,-12.479948865843175,-12.479948865843175,-12.479948865843175,-12.479948865843175,-12.479948865843175,-12.479948865843175,-12.479948865843175,-12.415511379494252,-12.479948865843175,-12.479948865843175,-12.479948865843175,-12.479948865843175,-12.479948865843175,-0.016665401231655084,0.3692390827499842,17.113094039991136,0.096848981907958,-25.613842529389018,10.239508936142128,0.056737493629494824
20.34068136272545,5.279586460299423,-0.3785134358381346,-12.734571771214608,-12.734571771214608,-12.734571771214608,-12.734571771214608,-12.734571771214608,-12.734571771214608,-12.734571771214608,-12.670066384785136,-12.734571771214608,-12.734571771214608,-12.734571771214608,-12.734571771214608,-12.734571771214608,-0.020892812312888403,0.3697492477894011,17.460121466504678,0.09482215751834108,-26.13309015548426,10.443985848029568,0.056769180333751064
20.440881763527056,5.383759117432119,-0.5869492381981831,-12.994234265241762,-12.994234265241762,-12.994234265241762,-12.994234265241762,-12.994234265241762,-12.994234265241762,-12.994234265241762,-12.929661012741297,-12.994234265241762,-12.994234265241762,-12.994234265241762,-12.994234265241762,-12.994234265241762,-0.02522144844898328,0.3725175657537323,17.811746885042098,0.09273309561680092,-26.662559831189327,10.652494040865342,0.056800851166881036
20.541082164328657,5.489987227689255,-0.7994959014837488,-13.259035777328595,-13.259035777328595,-13.259035777328595,-13.259035777328595,-13.259035777328595,-13.259035777328595,-13.259035777328595,-13.19439469274966,-13.259035777328595,-13.259035777328595,-13.259035777328595,-13.259035777328595,-13.259035777328595,-0.029653298010998214,0.3720771214983481,18.173572601157996,0.09063510660477585,-27.202507789575797,10.865113058367944,0.05683250613683421
20.64128256513026,5.5983113476618644,-1.0162345388996015,-13.529077698759732,-13.529077698759732,-13.529077698759732,-13.529077698759732,-13.529077698759732,-13.529077698759732,-13.529077698759732,-13.464368816077819,-13.529077698759732,-13.529077698759732,-13.529077698759732,-13.529077698759732,-13.529077698759732,-0.034190388607713666,0.37461735072447394,18.5395470057081,0.08846614065328116,-27.753078905095553,11.081924013760304,0.056864145251556086
20.741482965931866,5.7087728341666795,-1.2372478641018936,-13.804463421384131,-13.804463421384131,-13.804463421384131,-13.804463421384131,-13.804463421384131,-13.804463421384131,-13.804463421384131,-13.739686774557722,-13.804463421384131,-13.804463421384131,-13.804463421384131,-13.804463421384131,-13.804463421384131,-0.038834787859305595,0.37431604867236373,18.915633092157275,0.08628299254208421,-28.314540982051998,11.303009620716725,0.05689576851898818
20.841683366733466,5.821413860044592,-1.4626202227950889,-14.08529837711126,-14.08529837711126,-14.08529837711126,-14.08529837711126,-14.08529837711126,-14.08529837711126,-14.08529837711126,-14.02045400008182,-14.08529837711126,-14.08529837711126,-14.08529837711126,-14.08529837711126,-14.08529837711126,-0.04358860418726858,0.37741717236071487,19.295730226511772,0.08402304094287116,-28.887046569723925,11.528454224959818,0.05692737594706801
20.94188376753507,5.936277430255203,-1.6924376249210584,-14.371690078147447,-14.371690078147447,-14.371690078147447,-14.371690078147447,-14.371690078147447,-14.371690078147447,-14.371690078147447,-14.30677800483945,-14.371690078147447,-14.371690078147447,-14.371690078147447,-14.371690078147447,-14.371690078147447,-0.04845398761914304,0.37862887948392726,19.685276635215097,0.08173779984832644,-29.47086660058242,11.758343836449583,0.05695896754372916
21.042084168336675,6.053407398299593,-1.9267877775046158,-14.663748158052815,-14.663748158052815,-14.663748158052815,-14.663748158052815,-14.663748158052815,-14.663748158052815,-14.663748158052815,-14.598768422373736,-14.663748158052815,-14.663748158052815,-14.663748158052815,-14.663748158052815,-14.663748158052815,-0.05343313060965372,0.3807113315015015,20.081661266155578,0.0793990883520723,-30.066196639985403,11.992766162228962,0.0569905433169012
21.142284569138276,6.172848482961267,-2.1657601181354154,-14.961584413593648,-14.961584413593648,-14.961584413593648,-14.961584413593648,-14.961584413593648,-14.961584413593648,-14.961584413593648,-14.896537049433977,-14.961584413593648,-14.961584413593648,-14.961584413593648,-14.961584413593648,-14.961584413593648,-0.05852826887775704,0.3819604683701511,20.486740321206927,0.07702288385104718,-30.673280827271853,12.231810639905724,0.057022103274509746
21.24248496993988,6.294646285380098,-2.4094458491158397,-15.26531284742725,-15.26531284742725,-15.26531284742725,-15.26531284742725,-15.26531284742725,-15.26531284742725,-15.26531284742725,-15.200197888660508,-15.26531284742725,-15.26531284742725,-15.26531284742725,-15.26531284742725,-15.26531284742725,-0.06374168226033815,0.3841231128956945,20.89892205164687,0.07459099828159797,-31.292333637545077,12.475568471800358,0.057053647424476446
21.342685370741485,6.418847306460425,-2.657937972277185,-15.575049711622174,-15.575049711622174,-15.575049711622174,-15.575049711622174,-15.575049711622174,-15.575049711622174,-15.575049711622174,-15.509867192104913,-15.575049711622174,-15.575049711622174,-15.575049711622174,-15.575049711622174,-15.575049711622174,-0.06907569558261559,0.38483911792379755,21.320724821338885,0.07212586604039406,-31.92361475990801,12.724132659762258,0.05708517577471897
21.442885771543086,6.545498964628542,-2.911331324494652,-15.890913552051973,-15.890913552051973,-15.890913552051973,-15.890913552051973,-15.890913552051973,-15.890913552051973,-15.890913552051973,-15.825663505623785,-15.890913552051973,-15.890913552051973,-15.890913552051973,-15.890913552051973,-15.890913552051973,-0.07453267954601607,0.3868235959961606,21.74959475382859,0.0695996814468461,-32.5673383237096,12.977598040684713,0.05711668833315104
21.54308617234469,6.674649613931557,-3.1697226138850585,-16.213025253642318,-16.213025253642318,-16.213025253642318,-16.213025253642318,-16.213025253642318,-16.213025253642318,-16.213025253642318,-16.14770771412585,-16.213025253642318,-16.213025253642318,-16.213025253642318,-16.213025253642318,-16.213025253642318,-0.08011505163311698,0.38793813648319875,22.18783477535267,0.0670326480422253,-33.22377124215191,13.23606132270262,0.057148185107682395
21.643286573146295,6.806348562502107,-3.4332104567362625,-16.54150808653281,-16.54150808653281,-16.54150808653281,-16.54150808653281,-16.54150808653281,-16.54150808653281,-16.54150808653281,-16.476123087733765,-16.54150808653281,-16.54150808653281,-16.54150808653281,-16.54150808653281,-16.54150808653281,-0.08582527703088226,0.3906443668553179,22.633150927298974,0.06439943109285641,-33.89313975713195,13.499621122121907,0.05717966610621882
21.743486973947896,6.94064609138143,-3.701895415153317,-16.876487753134636,-16.876487753134636,-16.876487753134636,-16.876487753134636,-16.876487753134636,-16.876487753134636,-16.876487753134636,-16.811035328841783,-16.876487753134636,-16.876487753134636,-16.876487753134636,-16.876487753134636,-16.876487753134636,-0.09166586957181595,0.39229477950734515,23.088361797594814,0.06172523374077034,-34.57572561335188,13.768378001065688,0.05721113133666215
21.8436873747495,7.0775934737167665,-3.97588003545327,-17.218092436124095,-17.218092436124095,-17.218092436124095,-17.218092436124095,-17.218092436124095,-17.218092436124095,-17.218092436124095,-17.15257262010928,-17.218092436124095,-17.218092436124095,-17.218092436124095,-17.218092436124095,-17.218092436124095,-0.09763939269383219,0.39375380531535104,23.552777340023773,0.0590004873231305,-35.27178084488009,14.042434505869066,0.05724258080691024
21.943887775551104,7.217242994337332,-4.255268887317107,-17.566452847382514,-17.566452847382514,-17.566452847382514,-17.566452847382514,-17.566452847382514,-17.566452847382514,-17.566452847382514,-17.500865673400675,-17.566452847382514,-17.566452847382514,-17.566452847382514,-17.566452847382514,-17.566452847382514,-0.10374846041905379,0.39485776459492394,24.02673908065652,0.05622577675954654,-35.98157280131648,14.321895206231067,0.05727401452485701
22.044088176352705,7.3596479697156925,-4.540168603712501,-17.921702277899698,-17.921702277899698,-17.921702277899698,-17.921702277899698,-17.921702277899698,-17.921702277899698,-17.921702277899698,-17.856047779688854,-17.921702277899698,-17.921702277899698,-17.921702277899698,-17.921702277899698,-17.921702277899698,-0.10999573835188094,0.3974255589170805,24.508609433717048,0.05338204804220325,-36.705354456532476,14.6068667351374,0.057305432498392414
22.14428857715431,7.504862768323547,-4.83068792160538,-18.283976648663373,-18.283976648663373,-18.283976648663373,-18.283976648663373,-18.283976648663373,-18.283976648663373,-18.283976648663373,-18.21825485994465,-18.283976648663373,-18.283976648663373,-18.283976648663373,-18.283976648663373,-18.283976648663373,-0.11638394469678016,0.4001766326312949,24.999853910941184,0.05048089683070409,-37.44341480212978,14.897457829572016,0.057336834735402464
22.244488977955914,7.652942831385975,-5.126937723468427,-18.65341456254482,-18.65341456254482,-18.65341456254482,-18.65341456254482,-18.65341456254482,-18.65341456254482,-18.65341456254482,-18.587625517022456,-18.65341456254482,-18.65341456254482,-18.65341456254482,-18.65341456254482,-18.65341456254482,-0.122915851295997,0.40131550230414714,25.50245661104041,0.047538992989978844,-38.196053377357934,15.193779372025613,0.05736822124376921
22.344689378757515,7.803944694054371,-5.429031079626937,-19.030157357231204,-19.030157357231204,-19.030157357231204,-19.030157357231204,-19.030157357231204,-19.030157357231204,-19.030157357231204,-18.96430108859255,-19.030157357231204,-19.030157357231204,-19.030157357231204,-19.030157357231204,-19.030157357231204,-0.1295942846882023,0.40370099237650253,26.013750952676137,0.04452692831924087,-38.9635292238475,15.495944432841501,0.05739959203137075
22.44488977955912,7.9579260069851285,-5.737083291416198,-19.41434915917227,-19.41434915917227,-19.41434915917227,-19.41434915917227,-19.41434915917227,-19.41434915917227,-19.41434915917227,-19.34842570108781,-19.41434915917227,-19.41434915917227,-19.41434915917227,-19.41434915917227,-19.41434915917227,-0.1364221271874265,0.40501314042984404,26.536253039257527,0.04146651890622446,-39.74615830000795,15.804068313372957,0.05743094710608128
22.545090180360724,8.1149455583539,-6.051211935209998,-19.806136938616024,-19.806136938616024,-19.806136938616024,-19.806136938616024,-19.806136938616024,-19.806136938616024,-19.806136938616024,-19.740146324739367,-19.806136938616024,-19.806136938616024,-19.806136938616024,-19.806136938616024,-19.806136938616024,-0.1434023179837726,0.4076049796029241,27.067809754365218,0.038333316987392944,-40.54421610325794,16.118268590011763,0.05746228647577098
22.645290581162325,8.275063296295956,-6.371536907301352,-20.205670565709596,-20.205670565709596,-20.205670565709596,-20.205670565709596,-20.205670565709596,-20.205670565709596,-20.205670565709596,-20.139612829677507,-20.205670565709596,-20.205670565709596,-20.205670565709596,-20.205670565709596,-20.205670565709596,-0.15053785426543395,0.4092488189979446,27.61085274275248,0.03514818011422886,-41.35802935551693,16.43866515906891,0.057493610148306146
22.74549098196393,8.438340351800221,-6.698180469690574,-20.613102867734355,-20.613102867734355,-20.613102867734355,-20.613102867734355,-20.613102867734355,-20.613102867734355,-20.613102867734355,-20.546978043166746,-20.613102867734355,-20.613102867734355,-20.613102867734355,-20.613102867734355,-20.613102867734355,-0.1578317923633962,0.4132431363906225,28.162291393365724,0.031877258567886875,-42.18787610542826,16.765380282562685,0.057524918131549106
22.845691382765533,8.60483906203698,-7.031267296740689,-21.02858968742517,-21.02858968742517,-21.02858968742517,-21.02858968742517,-21.02858968742517,-21.02858968742517,-21.02858968742517,-20.962397807925115,-21.02858968742517,-21.02858968742517,-21.02858968742517,-21.02858968742517,-21.02858968742517,-0.16528724891782237,0.41345401407325894,28.728471782026183,0.02858001644476285,-43.034133871426405,17.098538634874078,0.05755621043335827
22.945891783567134,8.774622994174697,-7.370924522811064,-21.45228994251245,-21.45228994251245,-21.45228994251245,-21.45228994251245,-21.45228994251245,-21.45228994251245,-21.45228994251245,-21.38603104166619,-21.45228994251245,-21.45228994251245,-21.45228994251245,-21.45228994251245,-21.45228994251245,-0.1729074020688939,0.4171581300099277,29.302333304417008,0.025183189777754127,-43.89705371685417,17.438267350380407,0.05758748706158809
23.04609218436874,8.947756969629603,-7.717281790756595,-21.884365686346122,-21.884365686346122,-21.884365686346122,-21.884365686346122,-21.884365686346122,-21.884365686346122,-21.884365686346122,-21.81803979772307,-21.884365686346122,-21.884365686346122,-21.884365686346122,-21.884365686346122,-21.884365686346122,-0.1806954926692898,0.41764155232832834,29.890810512109695,0.021751932992176,-44.77703152556648,17.784696071954514,0.0576187480240891
23.14629258517034,9.12430708883091,-8.070471301458124,-22.32498216980865,-22.32498216980865,-22.32498216980865,-22.32498216980865,-22.32498216980865,-22.32498216980865,-22.32498216980865,-22.258589326961417,-22.32498216980865,-22.32498216980865,-22.32498216980865,-22.32498216980865,-22.32498216980865,-0.18865482552244744,0.42149370898520394,30.487538681245482,0.01821973262545354,-45.6743380366039,18.13795700049517,0.05764999332870789
23.246492985971944,9.304340756443949,-8.430627864268711,-22.774307904372893,-22.774307904372893,-22.774307904372893,-22.774307904372893,-22.774307904372893,-22.774307904372893,-22.774307904372893,-22.707848140837275,-22.774307904372893,-22.774307904372893,-22.774307904372893,-22.774307904372893,-22.774307904372893,-0.19678877064371908,0.42262351519531605,31.09883829058891,0.014645528633277765,-46.589376099333386,18.498184945373367,0.05768122298328713
23.34669338677355,9.487926707114879,-8.797888948503083,-23.232514726463886,-23.232514726463886,-23.232514726463886,-23.232514726463886,-23.232514726463886,-23.232514726463886,-23.232514726463886,-23.165988075758882,-23.232514726463886,-23.232514726463886,-23.232514726463886,-23.232514726463886,-23.232514726463886,-0.20510076454760795,0.4263684627008108,31.719605537635832,0.010975143877059423,-47.522442229517424,18.865517375921744,0.05771243699566555
23.44689378757515,9.675135031702776,-9.172394735901769,-23.699777863039042,-23.699777863039042,-23.699777863039042,-23.699777863039042,-23.699777863039042,-23.699777863039042,-23.699777863039042,-23.633184358666867,-23.699777863039042,-23.699777863039042,-23.699777863039042,-23.699777863039042,-23.699777863039042,-0.213594311559372,0.42776917459332,32.35503830753547,0.007256266404999634,-48.47394172973466,19.24009447389874,0.05774363537367797
23.547094188376754,9.866037204051063,-9.554288174173989,-24.176275998516736,-24.176275998516736,-24.176275998516736,-24.176275998516736,-24.176275998516736,-24.176275998516736,-24.176275998516736,-24.109615673962825,-24.176275998516736,-24.176275998516736,-24.176275998516736,-24.176275998516736,-24.176275998516736,-0.22227298515359548,0.4322045350307552,33.000000721723886,0.003434255271302815,-49.44418462770686,19.622059187031482,0.057774818125155274
23.647294589178358,10.060706108259414,-9.94371503154146,-24.66219134295608,-24.66219134295608,-24.66219134295608,-24.66219134295608,-24.66219134295608,-24.66219134295608,-24.66219134295608,-24.595464231689093,-24.66219134295608,-24.66219134295608,-24.66219134295608,-24.66219134295608,-24.66219134295608,-0.23114042931778447,0.4330438071222597,33.661371559769044,-0.0004267179170862177,-50.43360696141368,20.011557283559572,0.05780598525792442
23.74749498997996,10.259216066531152,-10.34082395243318,-25.157709701675387,-25.157709701675387,-25.157709701675387,-25.157709701675387,-25.157709701675387,-25.157709701675387,-25.157709701675387,-25.090915837147218,-25.157709701675387,-25.157709701675387,-25.157709701675387,-25.157709701675387,-25.157709701675387,-0.24020035994473624,0.43636066366619686,34.333329829063246,-0.004388225715557395,-51.442526359567765,20.40873740792988,0.057837136779808465
23.847695390781563,10.4616428675264,-10.745766514191727,-25.66302054613507,-25.66302054613507,-25.66302054613507,-25.66302054613507,-25.66302054613507,-25.66302054613507,-25.66302054613507,-25.596159961780863,-25.66302054613507,-25.66302054613507,-25.66302054613507,-25.66302054613507,-25.66302054613507,-0.24945656625019677,0.4376954556283799,35.02059305755006,-0.008407637866685427,-52.471372137850764,20.813751137502873,0.05786827269862653
23.947895791583168,10.668063795316144,-11.158697284981407,-26.17831708632279,-26.17831708632279,-26.17831708632279,-26.17831708632279,-26.17831708632279,-26.17831708632279,-26.17831708632279,-26.11138981556094,-26.17831708632279,-26.17831708632279,-26.17831708632279,-26.17831708632279,-26.17831708632279,-0.25891291222056423,0.44231810515210307,35.71815409393349,-0.01253863207887778,-53.52048493185214,21.226753040460704,0.057899393022193824
24.04809619238477,10.878557658872008,-11.579773882767787,-26.703796344477915,-26.703796344477915,-26.703796344477915,-26.703796344477915,-26.703796344477915,-26.703796344477915,-26.703796344477915,-26.63680242071008,-26.703796344477915,-26.703796344477915,-26.703796344477915,-26.703796344477915,-26.703796344477915,-0.2685733380873775,0.4431213575124995,36.433388398174806,-0.0167124386508197,-54.59033560728101,21.647900734786802,0.05793049775832163
24.148296593186373,11.093204822170813,-12.009157035526815,-27.239659230352892,-27.239659230352892,-27.239659230352892,-27.239659230352892,-27.239659230352892,-27.239659230352892,-27.239659230352892,-27.172598686963994,-27.239659230352892,-27.239659230352892,-27.239659230352892,-27.239659230352892,-27.239659230352892,-0.27844186183254394,0.4484002962388438,37.158274073167284,-0.021012731542507157,-55.68125051699489,22.077354948474962,0.05796158691481735
24.248496993987978,11.312087234859366,-12.447010642574396,-27.786110617875213,-27.786110617875213,-27.786110617875213,-27.786110617875213,-27.786110617875213,-27.786110617875213,-27.786110617875213,-27.71898348823346,-27.786110617875213,-27.786110617875213,-27.786110617875213,-27.786110617875213,-27.786110617875213,-0.2885225807215786,0.4489477367317664,37.90229723352844,-0.025350023483032454,-56.79373726886027,22.515279580858927,0.05799266049948444
24.34869739478958,11.535288463559942,-12.89350183717737,-28.343359423411158,-28.343359423411158,-28.343359423411158,-28.343359423411158,-28.343359423411158,-28.343359423411158,-28.343359423411158,-28.276165740868034,-28.343359423411158,-28.343359423411158,-28.343359423411158,-28.343359423411158,-28.343359423411158,-0.29881967286887917,0.4538527010787197,38.65665292128406,-0.029815908185493543,-57.92813063617782,22.961841765223358,0.058023718520122475
24.448897795591183,11.762893723756449,-13.348801050325823,-28.91161868548117,-28.91161868548117,-28.91161868548117,-28.91161868548117,-28.91161868548117,-28.91161868548117,-28.91161868548117,-28.844358483371465,-28.91161868548117,-28.91161868548117,-28.91161868548117,-28.91161868548117,-28.91161868548117,-0.30933739883203293,0.45460348209770285,39.430142868236096,-0.03432784506656692,-59.08494794275495,23.417211932576166,0.05805476098452711
24.549098196392787,11.994989912347013,-13.813082075838272,-29.491105646141335,-29.491105646141335,-29.491105646141335,-29.491105646141335,-29.491105646141335,-29.491105646141335,-29.491105646141335,-29.42377895778314,-29.491105646141335,-29.491105646141335,-29.491105646141335,-29.491105646141335,-29.491105646141335,-0.32008010323944674,0.4601516834100652,40.21411086532028,-0.038976133932488645,-60.26454224736821,23.881563876753674,0.05808578790049009
24.649298597194388,12.231665640802555,-14.286522136678812,-30.082041833879828,-30.082041833879828,-30.082041833879828,-30.082041833879828,-30.082041833879828,-30.082041833879828,-30.082041833879828,-30.014648692574536,-30.082041833879828,-30.082041833879828,-30.082041833879828,-30.082041833879828,-30.082041833879828,-0.3310522164482759,0.46168364055193173,41.01767215886695,-0.04367531340987172,-61.46745112148441,24.355074820737777,0.058116799275799276
24.749498997995993,12.473011269014071,-14.769301952651672,-30.68465314823509,-30.68465314823509,-30.68465314823509,-30.68465314823509,-30.68465314823509,-30.68465314823509,-30.68465314823509,-30.61719358726743,-30.68465314823509,-30.68465314823509,-30.68465314823509,-30.68465314823509,-30.68465314823509,-0.3422582562367875,0.46632166810443104,41.83401164456149,-0.04849765022395989,-62.694063326006074,24.8379254843505,0.0581477951182386
24.849699398797597,12.7191189397746,-15.26160580936515,-31.299169946000777,-31.299169946000777,-31.299169946000777,-31.299169946000777,-31.299169946000777,-31.299169946000777,-31.299169946000777,-31.23164399863879,-31.299169946000777,-31.299169946000777,-31.299169946000777,-31.299169946000777,-31.299169946000777,-0.3537028295284591,0.4671453426867132,42.67036330132557,-0.05337648733947019,-63.94491564499573,25.33030015321792,0.05817877543558812
24.949899799599198,12.970082613975443,-15.763621628624083,-31.925827129216298,-31.925827129216298,-31.925827129216298,-31.925827129216298,-31.925827129216298,-31.925827129216298,-31.925827129216298,-31.85823482871138,-31.925827129216298,-31.925827129216298,-31.925827129216298,-31.925827129216298,-31.925827129216298,-0.3653906341517902,0.4727070506824578,43.51849417298537,-0.058398313935746,-65.22040098943539,25.832386749162648,0.058209740235623995
25.050100200400802,13.225998106462875,-16.275541040143214,-32.56486423480858,-32.56486423480858,-32.56486423480858,-32.56486423480858,-32.56486423480858,-32.56486423480858,-32.56486423480858,-32.49720561439546,-32.56486423480858,-32.56486423480858,-32.56486423480858,-32.56486423480858,-32.56486423480858,-0.37732646063313646,0.4753831184065216,44.38635399305892,-0.06348958668072943,-66.52108176516226,26.344376901917197,0.05824068952611848
25.150300601202407,13.486963122631668,-16.79755945473429,-33.216525526075905,-33.216525526075905,-33.216525526075905,-33.216525526075905,-33.216525526075905,-33.216525526075905,-33.216525526075905,-33.14880061897267,-33.216525526075905,-33.216525526075905,-33.216525526075905,-33.216525526075905,-33.216525526075905,-0.38951519402638707,0.4798241748635191,45.269624377449254,-0.06869825926173688,-67.84740852441274,26.866466022311066,0.05827162331483994
25.250501002004007,13.753077295717592,-17.329876138891038,-33.88106008591912,-33.88106008591912,-33.88106008591912,-33.88106008591912,-33.88106008591912,-33.88106008591912,-33.88106008591912,-33.81326892532721,-33.88106008591912,-33.88106008591912,-33.88106008591912,-33.88106008591912,-33.88106008591912,-0.401961815777589,0.4810732571649215,46.17360128352166,-0.07397725218788097,-69.19993669062227,27.398853376855723,0.058302541609552845
25.350701402805612,14.02444222484827,-17.87269429089087,-34.55872191196881,-34.55872191196881,-34.55872191196881,-34.55872191196881,-34.55872191196881,-34.55872191196881,-34.55872191196881,-34.49086453107305,-34.55872191196881,-34.55872191196881,-34.55872191196881,-34.55872191196881,-34.55872191196881,-0.41467140562749005,0.48627407277243034,47.09148644311369,-0.07939926631067362,-70.57911193474936,27.941742163846335,0.05833344441801778
25.450901803607216,14.30116151381998,-18.426221118348497,-35.249770013527296,-35.249770013527296,-35.249770013527296,-35.249770013527296,-35.249770013527296,-35.249770013527296,-35.249770013527296,-35.181846445495886,-35.249770013527296,-35.249770013527296,-35.249770013527296,-35.249770013527296,-35.249770013527296,-0.4276491435503786,0.49007335142765013,48.02898563446475,-0.08491337908501119,-71.9855137817275,28.495339590915332,0.05836433174799145
25.551102204408817,14.583340810659148,-18.990667917338936,-35.95446851047236,-35.95446851047236,-35.95446851047236,-35.95446851047236,-35.95446851047236,-35.95446851047236,-35.95446851047236,-35.88647878845687,-35.95446851047236,-35.95446851047236,-35.95446851047236,-35.95446851047236,-35.95446851047236,-0.44090031173215855,0.4943511011181857,48.98457816620266,-0.09054028488079173,-73.41966056809706,29.059856954155446,0.058395203607226664
25.65130260521042,14.87108784795567,-19.56625015306411,-36.67308673409056,-36.67308673409056,-36.67308673409056,-36.67308673409056,-36.67308673409056,-36.67308673409056,-36.67308673409056,-36.605030891225965,-36.67308673409056,-36.67308673409056,-36.67308673409056,-36.67308673409056,-36.67308673409056,-0.45443029658701517,0.4965633586439987,49.96117449711781,-0.09625694218974769,-74.88212500289191,29.635509718786327,0.05842606000347235
25.751503006012026,15.16451248399741,-20.153187542121877,-37.40589932991345,-37.40589932991345,-37.40589932991345,-37.40589932991345,-37.40589932991345,-37.40589932991345,-37.40589932991345,-37.33777739931814,-37.40589932991345,-37.40589932991345,-37.40589932991345,-37.40589932991345,-37.40589932991345,-0.46824459081413994,0.5010431083151402,50.95481523135861,-0.10210840198215455,-76.37342254692027,30.222517601423526,0.058456900944473554
25.851703406813627,15.463726744707648,-20.75170413638092,-38.153186362561236,-38.153186362561236,-38.153186362561236,-38.153186362561236,-38.153186362561236,-38.153186362561236,-38.153186362561236,-38.084998377337,-38.153186362561236,-38.153186362561236,-38.153186362561236,-38.153186362561236,-38.153186362561236,-0.48234879549460313,0.5058207156645879,51.96785109096247,-0.10807739095306161,-77.8941420460976,30.82110465395342,0.058487726437971455
25.95190380761523,15.768844866414641,-21.362028408519855,-38.91523342266666,-38.91523342266666,-38.91523342266666,-38.91523342266666,-38.91523342266666,-38.91523342266666,-38.91523342266666,-38.84697941589871,-38.91523342266666,-38.91523342266666,-38.91523342266666,-38.91523342266666,-38.91523342266666,-0.4967486222298312,0.5097764189331108,53.00179042679587,-0.11415508940623156,-79.44487517036356,31.431499349072315,0.05851853649170334
26.052104208416836,16.079983339472538,-21.98439333926907,-39.69233173592727,-39.69233173592727,-39.69233173592727,-39.69233173592727,-39.69233173592727,-39.69233173592727,-39.69233173592727,-39.62401174068425,-39.69233173592727,-39.69233173592727,-39.69233173592727,-39.69233173592727,-39.69233173592727,-0.511449895322653,0.5133782617485149,54.056561419489576,-0.12034843428466103,-81.02620933306554,32.05393466752827,0.058549331113402624
26.152304609218437,16.39726095272947,-22.61903650634693,-40.484778274275705,-40.484778274275705,-40.484778274275705,-40.484778274275705,-40.484778274275705,-40.484778274275705,-40.484778274275705,-40.41639232360969,-40.484778274275705,-40.484778274275705,-40.484778274275705,-40.484778274275705,-40.484778274275705,-0.5264585540007047,0.5171015297292239,55.13209282570202,-0.12666447968322858,-82.6387435576414,32.688648187057325,0.05858011031079884
26.25250501002004,16.720798838884548,-23.266200175173708,-41.29287586927209,-41.29287586927209,-41.29287586927209,-41.29287586927209,-41.29287586927209,-41.29287586927209,-41.29287586927209,-41.2244239962186,-41.29287586927209,-41.29287586927209,-41.29287586927209,-41.29287586927209,-41.29287586927209,-0.5417806546842779,0.5225979582815141,56.22714490121595,-0.13312196756985123,-84.28307713808466,33.3358821730974,0.05861087409161768
26.352705410821645,17.050720520726223,-23.926131391348378,-42.11693332770002,-42.11693332770002,-42.11693332770002,-42.11693332770002,-42.11693332770002,-42.11693332770002,-42.11693332770002,-42.048415565278034,-42.11693332770002,-42.11693332770002,-42.11693332770002,-42.11693332770002,-42.11693332770002,-0.5574223732982398,0.5261127790825059,57.34589264339377,-0.13968618749086256,-85.95987501645685,33.99588367126513,0.05864162246358093
26.452905811623246,17.38715195830548,-24.59908207499496,-42.95726554949954,-42.95726554949954,-42.95726554949954,-42.95726554949954,-42.95726554949954,-42.95726554949954,-42.95726554949954,-42.8886819307115,-42.95726554949954,-42.95726554949954,-42.95726554949954,-42.95726554949954,-42.95726554949954,-0.5733900076306914,0.5312870895621224,58.485123326099135,-0.14639566256067324,-87.66974133504827,34.668904601702174,0.05867235543440653
26.55310621242485,17.730221597010672,-25.285309116912217,-43.81419364795419,-43.81419364795419,-43.81419364795419,-43.81419364795419,-43.81419364795419,-43.81419364795419,-43.81419364795419,-43.745544205786004,-43.81419364795419,-43.81419364795419,-43.81419364795419,-43.81419364795419,-43.81419364795419,-0.5896899797367093,0.5344518011140378,59.64894300913622,-0.1532166275865227,-89.41336520644855,35.35520185522492,0.05870307301180854
26.653306613226455,18.080060416621475,-25.985074476681493,-44.68804507232589,-44.68804507232589,-44.68804507232589,-44.68804507232589,-44.68804507232589,-44.68804507232589,-44.68804507232589,-44.61932983974694,-44.68804507232589,-44.68804507232589,-44.68804507232589,-44.68804507232589,-44.68804507232589,-0.6063288383910435,0.5404246289560201,60.832979399296605,-0.16019934817626058,-91.1913646415926,36.05503739143234,0.05873377520349718
26.753507014028056,18.43680198129938,-26.69864528264782,-45.579153732831244,-45.579153732831244,-45.579153732831244,-45.579153732831244,-45.579153732831244,-45.579153732831244,-45.579153732831244,-45.5103727427944,-45.579153732831244,-45.579153732831244,-45.579153732831244,-45.579153732831244,-45.579153732831244,-0.6233132615876427,0.5438423901301399,62.04305009575983,-0.16729339663616657,-93.00447153261608,36.76867833868708,0.05876446201717879
26.85370741482966,18.8005824905988,-27.426293933942024,-46.4878601281692,-46.4878601281692,-46.4878601281692,-46.4878601281692,-46.4878601281692,-46.4878601281692,-46.4878601281692,-46.41901341361084,-46.4878601281692,-46.4878601281692,-46.4878601281692,-46.4878601281692,-46.4878601281692,-0.6406500590902084,0.5504341773006312,63.273889164334065,-0.17455816035720798,-94.85332140052478,37.49639709613757,0.058795133460555836
26.953907815631265,19.171540831444617,-28.168298204435864,-47.41451147546503,-47.41451147546503,-47.41451147546503,-47.41451147546503,-47.41451147546503,-47.41451147546503,-47.41451147546503,-47.34559906930501,-47.41451147546503,-47.41451147546503,-47.41451147546503,-47.41451147546503,-47.41451147546503,-0.6583461750310732,0.5531187992782584,64.53305035179048,-0.18192631654353156,-96.7386901903936,38.23847143767318,0.05882578954132696
27.054108216432866,19.54981863118308,-28.92494134884381,-48.359461842897424,-48.359461842897424,-48.359461842897424,-48.359461842897424,-48.359461842897424,-48.359461842897424,-48.359461842897424,-48.29048377803914,-48.359461842897424,-48.359461842897424,-48.359461842897424,-48.359461842897424,-48.359461842897424,-0.6764086905637443,0.5601509179726286,65.81276056642568,-0.18948235162125676,-98.66121601706051,38.995184618025945,0.05885643026718692
27.15430861723447,19.935560311627953,-29.696512210815385,-49.323072284814074,-49.323072284814074,-49.323072284814074,-49.323072284814074,-49.323072284814074,-49.323072284814074,-49.323072284814074,-49.254028594144415,-49.323072284814074,-49.323072284814074,-49.323072284814074,-49.323072284814074,-49.323072284814074,-0.6948448265652128,0.5634157116148505,67.12162603279272,-0.19714882410730658,-100.62171318428383,39.766825480862984,0.058887055645826636
27.254509018036075,20.328913144222913,-30.483305333259903,-50.30571097963747,-50.30571097963747,-50.30571097963747,-50.30571097963747,-50.30571097963747,-50.30571097963747,-50.30571097963747,-50.23660169602687,-50.30571097963747,-50.30571097963747,-50.30571097963747,-50.30571097963747,-50.30571097963747,-0.7136619463940722,0.5714702680670124,68.45159042518141,-0.20501332476676024,-102.62084549949194,40.55368856911117,0.058917665684933174
27.354709418837675,20.73002730624121,-31.285621070745805,-51.307753370364125,-51.307753370364125,-51.307753370364125,-51.307753370364125,-51.307753370364125,-51.307753370364125,-51.307753370364125,-51.238578526666544,-51.307753370364125,-51.307753370364125,-51.307753370364125,-51.307753370364125,-51.307753370364125,-0.7328675587005011,0.5736179440310544,69.8138614180957,-0.21297297776673219,-104.65948206647805,41.356074237356516,0.05894826039218974
27.45490981963928,21.139055938153582,-32.1037657042365,-52.32958230798439,-52.32958230798439,-52.32958230798439,-52.32958230798439,-52.32958230798439,-52.32958230798439,-52.32958230798439,-52.26034193703733,-52.32958230798439,-52.32958230798439,-52.32958230798439,-52.32958230798439,-52.32958230798439,-0.7524693202946595,0.5814609092542329,71.1973575061137,-0.2211456224451108,-106.73828638810726,42.17428876657997,0.058978839775275696
27.555110220440884,21.556155202061223,-32.938051557956335,-53.37158819756486,-53.37158819756486,-53.37158819756486,-53.37158819756486,-53.37158819756486,-53.37158819756486,-53.37158819756486,-53.30228233218939,-53.37158819756486,-53.37158819756486,-53.37158819756486,-53.37158819756486,-53.37158819756486,-0.7724750390683383,0.5843823035105284,72.6132269360365,-0.2294292909024598,-108.85815719566847,43.008644481023445,0.059009403841866565
27.655310621242485,21.981484341349603,-33.78879711869815,-54.43416914738289,-54.43416914738289,-54.43416914738289,-54.43416914738289,-54.43416914738289,-54.43416914738289,-54.43416914738289,-54.364797820383636,-54.43416914738289,-54.43416914738289,-54.43416914738289,-54.43416914738289,-54.43416914738289,-0.7928926769776474,0.5931720397086079,74.05122123415474,-0.23793390562134625,-111.0197970469832,43.85945986749729,0.05903995259963402
27.75551102204409,22.415205741453708,-34.65632715735382,-55.51773112083972,-55.51773112083972,-55.51773112083972,-55.51773112083972,-55.51773112083972,-55.51773112083972,-55.51773112083972,-55.44829436500487,-55.51773112083972,-55.51773112083972,-55.51773112083972,-55.51773112083972,-55.51773112083972,-0.8137303530812801,0.596128139493484,75.52359495532662,-0.24654688414817616,-113.2241470404448,44.727059696910935,0.05907048605624588
27.855711422845694,22.85748499188749,-35.54097285297316,-56.62268809153411,-56.62268809153411,-56.62268809153411,-56.62268809153411,-56.62268809153411,-56.62268809153411,-56.62268809153411,-56.55318593963543,-56.62268809153411,-56.62268809153411,-56.62268809153411,-56.62268809153411,-56.62268809153411,-0.8349963466419845,0.6045032437303276,77.01965847453434,-0.2553828534568595,-115.47193740814352,45.61177514833169,0.059101004219366156
27.955911823647295,23.308490949427764,-36.443071919131675,-57.74946220122207,-57.74946220122207,-57.74946220122207,-57.74946220122207,-57.74946220122207,-57.74946220122207,-57.74946220122207,-57.67989468601492,-57.74946220122207,-57.74946220122207,-57.74946220122207,-57.74946220122207,-57.74946220122207,-0.8566991002857589,0.6067836698574944,78.55150005888376,-0.2643312224367135,-117.76414027480051,46.513943935352586,0.059131507096654976
28.0561122244489,23.768395802621,-37.362968732944196,-58.89848392108383,-58.89848392108383,-58.89848392108383,-58.89848392108383,-58.89848392108383,-58.89848392108383,-58.89848392108383,-58.828851075307156,-58.89848392108383,-58.89848392108383,-58.89848392108383,-58.89848392108383,-58.89848392108383,-0.8788472232271906,0.6160963174878459,80.1065782332612,-0.27352529527390446,-120.10150086412685,47.433910435105936,0.05916199469576867
28.156312625250504,24.237375137486396,-38.30101446647095,-60.070192215981535,-60.070192215981535,-60.070192215981535,-60.070192215981535,-60.070192215981535,-60.070192215981535,-60.070192215981535,-60.00049407235788,-60.070192215981535,-60.070192215981535,-60.070192215981535,-60.070192215981535,-60.070192215981535,-0.9014494945546093,0.6208327435259247,81.6970989162389,-0.28285367633834446,-122.48502643893508,48.372025819669474,0.05919246702435971
28.256513026052104,24.715608004581338,-39.25756722084859,-61.265034712122905,-61.265034712122905,-61.265034712122905,-61.265034712122905,-61.265034712122905,-61.265034712122905,-61.265034712122905,-61.195271303358425,-61.265034712122905,-61.265034712122905,-61.265034712122905,-61.265034712122905,-61.265034712122905,-0.9245148665833617,0.629064900007814,83.31559902202093,-0.2923997847000414,-124.91554712001016,49.328648190197335,0.059222924090076734
28.35671342685371,25.203276987336455,-40.23299216296022,-62.483467867898845,-62.483467867898845,-62.483467867898845,-62.483467867898845,-62.483467867898845,-62.483467867898845,-62.483467867898845,-62.41363922668332,-62.483467867898845,-62.483467867898845,-62.483467867898845,-62.483467867898845,-62.483467867898845,-0.9480524682725626,0.6340868310204044,84.96940568514066,-0.30210087547277054,-127.3940572202406,50.30414271359008,0.05925336590056458
28.45691382765531,25.700568271789464,-41.2276616649031,-63.7259571482181,-63.7259571482181,-63.7259571482181,-63.7259571482181,-63.7259571482181,-63.7259571482181,-63.7259571482181,-63.656063307224926,-63.7259571482181,-63.7259571482181,-63.7259571482181,-63.7259571482181,-63.7259571482181,-0.9720716087117875,0.6431687410392928,86.6518818542246,-0.3120325753005091,-129.92143105923319,51.29888176196244,0.05928379246346421
28.557114228456914,26.207671717633822,-42.24195544608595,-64.99297720212881,-64.99297720212881,-64.99297720212881,-64.99297720212881,-64.99297720212881,-64.99297720212881,-64.99297720212881,-64.92301819401503,-64.99297720212881,-64.99297720212881,-64.99297720212881,-64.99297720212881,-64.99297720212881,-0.9965817806735054,0.646563602463423,88.373420546005,-0.32210219056368633,-132.4987300237412,52.313245054740605,0.0593142037864128
28.65731462925852,26.72478093075295,-43.276260718297436,-66.28501204415417,-66.28501204415417,-66.28501204415417,-66.28501204415417,-66.28501204415417,-66.28501204415417,-66.28501204415417,-66.21498790156046,-66.28501204415417,-66.28501204415417,-66.28501204415417,-66.28501204415417,-66.28501204415417,-1.0215926642397894,0.6554501320130073,90.12350135676712,-0.33242417119291756,-135.12682746642108,53.34761980373068,0.05934459987704368
28.75751503006012,27.252093337083977,-44.330972333433614,-67.6025552389517,-67.6025552389517,-67.6025552389517,-67.6025552389517,-67.6025552389517,-67.6025552389517,-67.6025552389517,-67.5324659945024,-67.6025552389517,-67.6025552389517,-67.6025552389517,-67.6025552389517,-67.6025552389517,-1.0471141304955052,0.6591705430676932,91.91345381651546,-0.3428969609516319,-137.80683224087647,54.40240086084615,0.05937498074298635
28.857715430861724,27.789810258037324,-45.40649293433711,-68.94611008986226,-68.94611008986226,-68.94611008986226,-68.94611008986226,-68.94611008986226,-68.94611008986226,-68.94611008986226,-68.87595577616536,-68.94611008986226,-68.94611008986226,-68.94611008986226,-68.94611008986226,-68.94611008986226,-1.073156245299288,0.6693193373062497,93.73236797207488,-0.35363927684184715,-140.53965279832815,55.477990868947096,0.059405346391866516
28.95791583166333,28.33813698732568,-46.50323310845506,-70.31618983098247,-70.31618983098247,-70.31618983098247,-70.31618983098247,-70.31618983098247,-70.31618983098247,-70.31618983098247,-70.24597048062962,-70.31618983098247,-70.31618983098247,-70.31618983098247,-70.31618983098247,-70.31618983098247,-1.0997292731249932,0.6758682716012512,95.5909705590424,-0.3645559479458977,-143.32643174944792,56.57480041549805,0.059435696831306034
29.05811623246493,28.897282869364062,-47.6216115446393,-71.71331782316489,-71.71331782316489,-71.71331782316489,-71.71331782316489,-71.71331782316489,-71.71331782316489,-71.71331782316489,-71.64303346873142,-71.71331782316489,-71.71331782316489,-71.71331782316489,-71.71331782316489,-71.71331782316489,-1.1268436809816993,0.6844495774536133,97.48434130334562,-0.37570685077199434,-146.16817732164282,57.69324818936828,0.05946603206892296
29.158316633266534,29.46746137918317,-48.76205519297297,-73.13802775380131,-73.13802775380131,-73.13802775380131,-73.13802775380131,-73.13802775380131,-73.13802775380131,-73.13802775380131,-73.06767842784625,-73.13802775380131,-73.13802775380131,-73.13802775380131,-73.13802775380131,-73.13802775380131,-1.1545101424093738,0.6912264021769432,99.41704325447905,-0.3870582428394293,-149.06601243817246,58.83376114065832,0.05949635211233153
29.258517034068138,30.048890203939862,-49.924999427791526,-74.59086384059906,-74.59086384059906,-74.59086384059906,-74.59086384059906,-74.59086384059906,-74.59086384059906,-74.59086384059906,-74.52044957566513,-74.59086384059906,-74.59086384059906,-74.59086384059906,-74.59086384059906,-74.59086384059906,-1.1827395415543986,0.7002511716474166,101.38576435283227,-0.39865453289765523,-152.02100336037262,59.99677464372102,0.05952665696914217
29.35871743486974,30.641791326013227,-51.11088821387487,-76.07238103932114,-76.07238103932114,-76.07238103932114,-76.07238103932114,-76.07238103932114,-76.07238103932114,-76.07238103932114,-76.00190186793473,-76.07238103932114,-76.07238103932114,-76.07238103932114,-76.07238103932114,-76.07238103932114,-1.211542977324373,0.7060513593401453,103.39673229159031,-0.41044596112444887,-155.03433243487163,61.18273266335367,0.05955694664696148
29.458917835671343,31.246391107780546,-52.320174275999314,-77.58314525572612,-77.58314525572612,-77.58314525572612,-77.58314525572612,-77.58314525572612,-77.58314525572612,-77.58314525572612,-77.51260121039738,-77.58314525572612,-77.58314525572612,-77.58314525572612,-77.58314525572612,-77.58314525572612,-1.240931767626912,0.7149517355293289,105.44439212943954,-0.4224995938030519,-158.1070875272323,62.39208792434996,0.05958722115339226
29.559118236472948,31.862920378008642,-53.55331927172019,-79.12373356154649,-79.12373356154649,-79.12373356154649,-79.12373356154649,-79.12373356154649,-79.12373356154649,-79.12373356154649,-79.05312467476922,-79.12373356154649,-79.12373356154649,-79.12373356154649,-79.12373356154649,-79.12373356154649,-1.2709174536892132,0.7213173257256699,107.5351641011344,-0.4347642386952127,-161.24049755206156,63.62530208428259,0.05961748049603352
29.65931863727455,32.49161452000691,-54.810793967678,-80.6947344148713,-80.6947344148713,-80.6947344148713,-80.6947344148713,-80.6947344148713,-80.6947344148713,-80.6947344148713,-80.6240607191231,-80.6947344148713,-80.6947344148713,-80.6947344148713,-80.6947344148713,-80.6947344148713,-1.3015118044657086,0.731261303720931,109.66373555013199,-0.44730504677640964,-164.4356983163527,64.88284590980942,0.05964772468248043
29.759519038076153,33.13271356147894,-56.09307841930161,-82.29674788477517,-82.29674788477517,-82.29674788477517,-82.29674788477517,-82.29674788477517,-82.29674788477517,-82.29674788477517,-82.22600941251727,-82.29674788477517,-82.29674788477517,-82.29674788477517,-82.29674788477517,-82.29674788477517,-1.332726821130646,0.7405144479511869,111.83519222047218,-0.4600845225870869,-167.69395197194962,66.16519945637668,0.05967795372032438
29.859719438877757,33.786462266163596,-57.40066215409044,-83.93038588042097,-83.93038588042097,-83.93038588042097,-83.93038588042097,-83.93038588042097,-83.93038588042097,-83.93038588042097,-83.85958266409845,-83.93038588042097,-83.93038588042097,-83.93038588042097,-83.93038588042097,-83.93038588042097,-1.3645747416601421,0.7501047537776915,114.04933864260894,-0.47311768268072374,-171.0164923215615,67.47285225150111,0.05970816761715296
29.95991983967936,34.45311022728893,-58.73404435852225,-85.59627238469469,-85.59627238469469,-85.59627238469469,-85.59627238469469,-85.59627238469469,-85.59627238469469,-85.59627238469469,-85.5254044567363,-85.59627238469469,-85.59627238469469,-85.59627238469469,-85.59627238469469,-85.59627238469469,-1.397068045504879,0.756551611710581,116.31050446918375,-0.486375024569928,-174.4046223285725,68.80630348167784,0.059738366380549926
30.060120240480963,35.13291196286491,-60.09373406863862,-87.29504369243709,-87.29504369243709,-87.29504369243709,-87.29504369243709,-87.29504369243709,-87.29504369243709,-87.29504369243709,-87.2241110852554,-87.29504369243709,-87.29504369243709,-87.29504369243709,-87.29504369243709,-87.29504369243709,-1.4302194583547392,0.76590715286487,118.6135031728685,-0.4999214738786288,-177.85957565330776,70.16606218296573,0.05976855001809527
30.160320641282567,35.826127012848055,-61.48025036437427,-89.02734865335556,-89.02734865335556,-89.02734865335556,-89.02734865335556,-89.02734865335556,-89.02734865335556,-89.02734865335556,-88.95635139934687,-89.02734865335556,-89.02734865335556,-89.02734865335556,-89.02734865335556,-89.02734865335556,-1.4640419569970402,0.7763762411405478,120.96101273229117,-0.5137444034716833,-181.3826891330915,71.55264743531687,0.059798718537365174
30.260521042084168,36.53302003822676,-62.89412256772757,-90.7938489197371,-90.7938489197371,-90.7938489197371,-90.7938489197371,-90.7938489197371,-90.7938489197371,-90.7938489197371,-90.72278705128149,-90.7938489197371,-90.7938489197371,-90.7938489197371,-90.7938489197371,-90.7938489197371,-1.498548774270796,0.7857727409174295,123.35611955224402,-0.5278274184520668,-184.97532950132106,72.96658856074689,0.059828871945932026
30.360721442885772,37.253860922083035,-64.33589044488421,-92.59521919910301,-92.59521919910301,-92.59521919910301,-92.59521919910301,-92.59521919910301,-92.59521919910301,-92.59521919910301,-92.52409274856431,-92.59521919910301,-92.59521919910301,-92.59521919910301,-92.59521919910301,-92.59521919910301,-1.5337534041198095,0.794862935777687,125.79897532184606,-0.5421834427543331,-188.63886081584377,74.40842532545882,0.05985901025136442
30.460921843687377,37.9889248726125,-65.80610441225704,-94.43214751175859,-94.43214751175859,-94.43214751175859,-94.43214751175859,-94.43214751175859,-94.43214751175859,-94.43214751175859,-94.36095651148446,-94.43214751175859,-94.43214751175859,-94.43214751175859,-94.43214751175859,-94.43214751175859,-1.5696696067436677,0.8034063974893879,128.29075657515844,-0.5568155438471584,-192.37468416066014,75.87870814588275,0.05988913346122718
30.561122244488978,38.73849252820979,-67.30532574665692,-96.30533545350677,-96.30533545350677,-96.30533545350677,-96.30533545350677,-96.30533545350677,-96.30533545350677,-96.30533545350677,-96.23407993582869,-96.30533545350677,-96.30533545350677,-96.30533545350677,-96.30533545350677,-96.30533545350677,-1.6063114138520143,0.8135798674576769,130.830241098695,-0.5717508156203831,-196.18420429852023,77.37799829884686,0.0599192415830813
30.661322645290582,39.50285006459789,-68.8341267995514,-98.21549846347152,-98.21549846347152,-98.21549846347152,-98.21549846347152,-98.21549846347152,-98.21549846347152,-98.21549846347152,-98.14417846070471,-98.21549846347152,-98.21549846347152,-98.21549846347152,-98.21549846347152,-98.21549846347152,-1.643693134021015,0.8235013989550419,133.42028428310462,-0.5869762990548281,-200.0688942981244,78.90686813583599,0.05994933462448402
30.761523046092186,40.28228930410903,-70.39309121562655,-100.1633660973,-100.1633660973,-100.1633660973,-100.1633660973,-100.1633660973,-100.1633660973,-100.1633660973,-100.09198164174352,-100.1633660973,-100.1633660973,-100.1633660973,-100.1633660973,-100.1633660973,-1.6818293581574042,0.8371813900615233,136.05786826291722,-0.6025374542165767,-204.03019761772651,80.46590130155344,0.059979412592988786
30.861723446893787,41.077107827053595,-71.98281415552471,-102.14968230558476,-102.14968230558476,-102.14968230558476,-102.14968230558476,-102.14968230558476,-102.14968230558476,-102.14968230558476,-102.07823342952152,-102.14968230558476,-102.14968230558476,-102.14968230558476,-102.14968230558476,-102.14968230558476,-1.7207349650669281,0.8442437856714983,138.7543814989347,-0.6183374948686734,-208.06972934275544,82.05569295665882,0.06000947549614525
30.96192384769539,41.88760908540827,-73.60390252322081,-104.1752057180843,-104.1752057180843,-104.1752057180843,-104.1752057180843,-104.1752057180843,-104.1752057180843,-104.1752057180843,-104.103692453781,-104.1752057180843,-104.1752057180843,-104.1752057180843,-104.1752057180843,-104.1752057180843,-1.760425127138753,0.8575509585834739,141.4979935313305,-0.6345097054068698,-212.18890444148622,83.67685000514427,0.0600395233414993
31.062124248496996,42.71410251858229,-75.25697519755481,-106.24070993313848,-106.24070993313848,-106.24070993313848,-106.24070993313848,-106.24070993313848,-106.24070993313848,-106.24070993313848,-106.16913231284569,-106.24070993313848,-106.24070993313848,-106.24070993313848,-106.24070993313848,-106.24070993313848,-1.8009153161337779,0.8654407077564383,144.30141933044297,-0.6509448073185413,-216.3894109986897,85.32999132586707,0.060069556136593025
31.162324649298597,43.556903671633556,-76.94266326866415,-108.34698381320906,-108.34698381320906,-108.34698381320906,-108.34698381320906,-108.34698381320906,-108.34698381320906,-108.34698381320906,-108.2753418691612,-108.34698381320906,-108.34698381320906,-108.34698381320906,-108.34698381320906,-108.34698381320906,-1.8422213090954416,0.8790086752070292,147.15463633631478,-0.6677588417568451,-220.6727429268565,87.01574800898182,0.06009957388896475
31.2625250501002,44.416334315684686,-78.6616102788155,-110.49483178591957,-110.49483178591957,-110.49483178591957,-110.49483178591957,-110.49483178591957,-110.49483178591957,-110.49483178591957,-110.42312555033487,-110.49483178591957,-110.49483178591957,-110.49483178591957,-110.49483178591957,-110.49483178591957,-1.8843591943705207,0.8880396510896718,150.06895444459073,-0.6848570928765256,-225.04063666596224,88.73476359677245,0.06012957660614903
31.362725450901806,45.292722570813,-80.41447246818507,-112.68507415128039,-112.68507415128039,-112.68507415128039,-112.68507415128039,-112.68507415128039,-112.68507415128039,-112.68507415128039,-112.613303656361,-112.68507415128039,-112.68507415128039,-112.68507415128039,-112.68507415128039,-112.68507415128039,-1.9273453777536336,0.9019470726407033,153.03607610676877,-0.7023392045479441,-229.4946666856536,90.48769432943237,0.060159564295676635
31.462925851703407,46.186403031281834,-82.20191902532102,-114.91854739476712,-114.91854739476712,-114.91854739476712,-114.91854739476712,-114.91854739476712,-114.91854739476712,-114.91854739476712,-114.846712672699,-114.91854739476712,-114.91854739476712,-114.91854739476712,-114.91854739476712,-114.91854739476712,-1.9711965887488048,0.9117275783770767,156.0661429628911,-0.720122706477625,-234.03662260560554,92.27520939552696,0.06018953696507456
31.56312625250501,47.09771689333517,-84.02463234273282,-117.19610450680692,-117.19610450680692,-117.19610450680692,-117.19610450680692,-117.19610450680692,-117.19610450680692,-117.19610450680692,-117.12420558976,-117.19610450680692,-117.19610450680692,-117.19610450680692,-117.19610450680692,-117.19610450680692,-2.015929886959194,0.928386050483849,159.14931046532425,-0.7383232493698721,-238.66812960478094,94.09799118758283,0.060219494621866036
31.663326653306616,48.02701208538793,-85.88330827727177,-119.51861530825457,-119.51861530825457,-119.51861530825457,-119.51861530825457,-119.51861530825457,-119.51861530825457,-119.51861530825457,-119.44665222838256,-119.51861530825457,-119.51861530825457,-119.51861530825457,-119.51861530825457,-119.51861530825457,-2.0615626685966135,0.9354604550069455,162.303224430922,-0.7567848199932288,-243.3911188800099,95.95673556246855,0.06024943727357053
31.763527054108216,48.974643400964595,-87.77865641600835,-121.8869667827387,-121.8869667827387,-121.8869667827387,-121.8869667827387,-121.8869667827387,-121.8869667827387,-121.8869667827387,-121.81493957217927,-121.8869667827387,-121.8869667827387,-121.8869667827387,-121.8869667827387,-121.8869667827387,-2.1081126731284603,0.951932394169635,165.51010968265368,-0.7757022712943146,-248.2072057816967,97.85215210727172,0.060279364927703735
31.86372745490982,49.94097263404048,-89.71140034691462,-124.3020634150152,-124.3020634150152,-124.3020634150152,-124.3020634150152,-124.3020634150152,-124.3020634150152,-124.3020634150152,-124.2299721058899,-124.3020634150152,-124.3020634150152,-124.3020634150152,-124.3020634150152,-124.3020634150152,-2.1555979900447744,0.9597936988344272,168.78920536619296,-0.7949045647680976,-253.11840727631528,99.78496440998158,0.06030927759177758
31.963927855711425,50.926368717271544,-91.68227793532395,-126.76482753654159,-126.76482753654159,-126.76482753654159,-126.76482753654159,-126.76482753654159,-126.76482753654159,-126.76482753654159,-126.6926721609559,-126.76482753654159,-126.76482753654159,-126.76482753654159,-126.76482753654159,-126.76482753654159,-2.2040370657697337,0.9772679724610204,172.1235424116788,-0.8145793324570795,-258.1264180751872,101.75591033594868,0.06033917527330024
32.06412825651303,51.931207862767415,-93.69204160547704,-129.2761996774097,-129.2761996774097,-129.2761996774097,-129.2761996774097,-129.2761996774097,-129.2761996774097,-129.2761996774097,-129.203980267453,-129.2761996774097,-129.2761996774097,-129.2761996774097,-129.2761996774097,-129.2761996774097,-2.2534487107003045,0.9873692130786209,175.53138681942855,-0.8345659359957744,-263.23331830781984,103.76574230943088,0.06036905797977612
32.16432865731463,52.955873705790836,-95.74145862792085,-131.83713892559425,-131.83713892559425,-131.83713892559425,-131.83713892559425,-131.83713892559425,-131.83713892559425,-131.83713892559425,-131.76485551333985,-131.83713892559425,-131.83713892559425,-131.83713892559425,-131.83713892559425,-131.83713892559425,-2.3038521063912136,1.0046050486713716,178.99953557924448,-0.8550155271984695,-268.44091418129295,105.81522760099224,0.060398925718705865
32.26452905811623,54.000757451163004,-97.83131141231912,-134.44862329296615,-134.44862329296615,-134.44862329296615,-134.44862329296615,-134.44862329296615,-134.44862329296615,-134.44862329296615,-134.3762759104713,-134.44862329296615,-134.44862329296615,-134.44862329296615,-134.44862329296615,-134.44862329296615,-2.355266812875214,1.0154196364968229,182.54287546024855,-0.8758017073472558,-273.7513280797377,107.90514862031368,0.06042877849758637
32.364729458917836,55.06625802268986,-99.96239780630518,-137.11165008885823,-137.11165008885823,-137.11165008885823,-137.11165008885823,-137.11165008885823,-137.11165008885823,-137.11165008885823,-137.0392387681641,-137.11165008885823,-137.11165008885823,-137.11165008885823,-137.11165008885823,-137.11165008885823,-2.4077127761344,1.0344995543103117,186.14807650178037,-0.89707770161649,-279.1664421411636,110.0363032150456,0.06045861632391077
32.46492985971944,56.15278221537488,-102.13553139990738,-139.8272363005974,-139.8272363005974,-139.8272363005974,-139.8272363005974,-139.8272363005974,-139.8272363005974,-139.8272363005974,-139.75476107372913,-139.8272363005974,-139.8272363005974,-139.8272363005974,-139.8272363005974,-139.8272363005974,-2.461210335710848,1.042769837708869,189.83559773389857,-0.9186628057043068,-284.6885125997095,112.20950497523354,0.060488439205168464
32.565130260521045,57.26074485084769,-104.35154183640635,-142.59641898207587,-142.59641898207587,-142.59641898207587,-142.59641898207587,-142.59641898207587,-142.59641898207587,-142.59641898207587,-142.52387988104257,-142.59641898207587,-142.59641898207587,-142.59641898207587,-142.59641898207587,-142.59641898207587,-2.5157802324780456,1.0619123572124556,193.5851678385813,-0.9407797809041936,-290.3194331688425,114.42558354417523,0.06051824714884507
32.66533066132265,58.39056893561068,-106.61127512882827,-145.42025564936787,-145.42025564936787,-145.42025564936787,-145.42025564936787,-145.42025564936787,-145.42025564936787,-145.42025564936787,-145.34765270616265,-145.42025564936787,-145.42025564936787,-145.42025564936787,-145.42025564936787,-145.42025564936787,-2.5714436165532226,1.0709224910995454,197.4192306840552,-0.9632291489493028,-296.0615615704251,116.68538493491388,0.060548040162422476
32.765531062124246,59.542685822649624,-108.91559398316602,-148.2998246847563,-148.2998246847563,-148.2998246847563,-148.2998246847563,-148.2998246847563,-148.2998246847563,-148.2998246847563,-148.22715793135617,-148.2998246847563,-148.2998246847563,-148.2998246847563,-148.2998246847563,-148.2998246847563,-2.6282220553778832,1.0927884919930195,201.31626477429444,-0.9862469255265299,-301.9168626086068,118.98977185345954,0.060577818253378816
32.86573146292585,60.71753537602619,-111.26537812756433,-151.2362257482138,-151.2362257482138,-151.2362257482138,-151.2362257482138,-151.2362257482138,-151.2362257482138,-151.2362257482138,-151.16349521657975,-151.2362257482138,-151.2362257482138,-151.2362257482138,-151.2362257482138,-151.2362257482138,-2.6861375419474287,1.1047710352225248,205.30050605495313,-1.0096168003490573,-307.8877968472825,121.339624027974,0.06060758142918848
32.965931863727455,61.91556613889496,-113.66152464835369,-154.2305801974453,-154.2305801974453,-154.2305801974453,-154.2305801974453,-154.2305801974453,-154.2305801974453,-154.2305801974453,-154.15778591952244,-154.2305801974453,-154.2305801974453,-154.2305801974453,-154.2305801974453,-154.2305801974453,-2.745212503212011,1.1242723372135632,209.3560776490571,-1.0335198530362892,-313.9764717344649,123.73583854480479,0.06063732969732212
33.06613226452906,63.13723550466352,-116.10494833237063,-157.28403151578854,-157.28403151578854,-157.28403151578854,-157.28403151578854,-157.28403151578854,-157.28403151578854,-157.28403151578854,-157.21117352350583,-157.28403151578854,-157.28403151578854,-157.28403151578854,-157.28403151578854,-157.28403151578854,-2.8054698086345367,1.1322066629129728,213.50362146438806,-1.0577762740928047,-320.18540076975455,126.17933019080554,0.06066706306524664
33.166332665330664,64.38300989172271,-118.59658201641805,-160.39774574903927,-160.39774574903927,-160.39774574903927,-160.39774574903927,-160.39774574903927,-160.39774574903927,-160.39774574903927,-160.32482407430976,-160.39774574903927,-160.39774574903927,-160.39774574903927,-160.39774574903927,-160.39774574903927,-2.866932778927177,1.1561350726490598,217.71716237822736,-1.0826680231166803,-326.51668172117667,128.67103180279625,0.0606967815404252
33.26653306613227,65.65336492142117,-121.13737694321468,-163.57291195038806,-163.57291195038806,-163.57291195038806,-163.57291195038806,-163.57291195038806,-163.57291195038806,-163.57291195038806,-163.49992662510874,-163.57291195038806,-163.57291195038806,-163.57291195038806,-163.57291195038806,-163.57291195038806,-2.9296251949500993,1.1714671234223735,222.02290911743896,-1.1079611798621032,-332.9729752017239,131.2118946235126,0.06072648513031723
33.366733466933866,66.9487855997234,-123.72830312471072,-166.81074263456497,-166.81074263456497,-166.81074263456497,-166.81074263456497,-166.81074263456497,-166.81074263456497,-166.81074263456497,-166.73769369061696,-166.81074263456497,-166.81074263456497,-166.81074263456497,-166.81074263456497,-166.81074263456497,-2.9935713067943674,1.1923018166401071,226.4084121117762,-1.1338048588193492,-339.55660666364264,133.80288866492194,0.06075617384237842
33.46693386773547,68.26976650231359,-126.37034971229589,-170.11247424059957,-170.11247424059957,-170.11247424059957,-170.11247424059957,-170.11247424059957,-170.11247424059957,-170.11247424059957,-170.03936170984798,-170.11247424059957,-170.11247424059957,-170.11247424059957,-170.11247424059957,-170.11247424059957,-3.0587958430371325,1.2045291778381437,230.88946388177246,-1.1600692236942802,-346.2702293416197,136.44500307843094,0.06078584768406074
33.567134268537075,69.61681196351086,-129.06452537462974,-173.47936760410877,-173.47936760410877,-173.47936760410877,-173.47936760410877,-173.47936760410877,-173.47936760410877,-173.47936760410877,-173.40619151840272,-173.47936760410877,-173.47936760410877,-173.47936760410877,-173.47936760410877,-173.47936760410877,-3.1253240201873966,1.2249108560780064,235.45101790029045,-1.1869301195675668,-353.116240572803,139.1392465327162,0.060815506662812394
33.66733466933868,70.99043626871033,-131.81185868252373,-176.91270843839956,-176.91270843839956,-176.91270843839956,-176.91270843839956,-176.91270843839956,-176.91270843839956,-176.91270843839956,-176.83946882957224,-176.91270843839956,-176.91270843839956,-176.91270843839956,-176.91270843839956,-176.91270843839956,-3.193181552308065,1.2382084697628066,240.11006215873883,-1.2142469341344755,-360.09740492986634,141.8866475986062,0.06084515078607788
33.76753507014028,72.39116385082133,-134.6133985018178,-180.41380782556462,-180.41380782556462,-180.41380782556462,-180.41380782556462,-180.41380782556462,-180.41380782556462,-180.41380782556462,-180.34050472543322,-180.41380782556462,-180.41380782556462,-180.41380782556462,-180.41380782556462,-180.41380782556462,-3.2623946608378573,1.261390123367521,244.8514120343567,-1.2421979532111702,-367.21621985505175,144.68825514195794,0.060874780061297956
33.86773547094189,73.81952949042869,-137.47021439370283,-183.9840027168853,-183.9840027168853,-183.9840027168853,-183.9840027168853,-183.9840027168853,-183.9840027168853,-183.9840027168853,-183.91063615725113,-183.9840027168853,-183.9840027168853,-183.9840027168853,-183.9840027168853,-183.9840027168853,-3.332990084599371,1.2805502768679256,249.6907923632466,-1.2706561591621068,-374.47554089547793,147.54513872397922,0.060904394495909675
33.967935871743485,75.27607851999103,-140.38339702311734,-187.6246564433277,-187.6246564433277,-187.6246564433277,-187.6246564433277,-187.6246564433277,-187.6246564433277,-187.6246564433277,-187.55122645597618,-187.6246564433277,-187.6246564433277,-187.6246564433277,-187.6246564433277,-187.6246564433277,-3.404995090008998,1.3004951603579917,254.62525172859498,-1.2996799043474625,-381.8780920617277,150.45838900962556,0.060933994097346345
34.06813627254509,76.76136703205157,-143.35405857516892,-191.3371592360694,-191.3371592360694,-191.3371592360694,-191.3371592360694,-191.3371592360694,-191.3371592360694,-191.3371592360694,-191.26366585276998,-191.3371592360694,-191.3371592360694,-191.3371592360694,-191.3371592360694,-191.3371592360694,-3.4784374814874623,1.3199040175048928,259.6580024222165,-1.3292671248633572,-389.4267126813453,153.4291181840216,0.06096357887303754
34.168336673346694,78.27596209152323,-146.38333317970472,-195.12292875721235,-195.12292875721235,-195.12292875721235,-195.12292875721235,-195.12292875721235,-195.12292875721235,-195.12292875721235,-195.04937200971858,-195.12292875721235,-195.12292875721235,-195.12292875721235,-195.12292875721235,-195.12292875721235,-3.553345612074077,1.341066875255054,264.78868320216145,-1.3594517042415288,-397.12426211631794,156.4584603770314,0.06099314883040915
34.2685370741483,79.82044195219403,-149.47237734432196,-198.98341064104645,-198.98341064104645,-198.98341064104645,-198.98341064104645,-198.98341064104645,-198.98341064104645,-198.98341064104645,-198.90979056109595,-198.98341064104645,-198.98341064104645,-198.98341064104645,-198.98341064104645,-198.98341064104645,-3.6297483942520135,1.359001294829847,270.02424349581656,-1.390195783216195,-404.97372856010446,159.54757209626916,0.06102270397688331
34.3687374749499,81.39539627752534,-152.62237039596457,-202.92007904604486,-202.92007904604486,-202.92007904604486,-202.92007904604486,-202.92007904604486,-202.92007904604486,-202.92007904604486,-202.84639566535932,-202.92007904604486,-202.92007904604486,-202.92007904604486,-202.92007904604486,-202.92007904604486,-3.707675310988214,1.3803101715976345,275.36008597389934,-1.4215763702871163,-412.9780435498843,162.69763266869577,0.06105224431987845
34.46893787575151,83.00142636573199,-155.83451493108336,-206.9344372175646,-206.9344372175646,-206.9344372175646,-206.9344372175646,-206.9344372175646,-206.9344372175646,-206.9344372175646,-206.86069056784993,-206.9344372175646,-206.9344372175646,-206.9344372175646,-206.9344372175646,-206.9344372175646,-3.7871564269873965,1.3994456213941706,280.8038039044632,-1.4535504669280428,-421.1403179944372,165.90984469077898,0.061081769866809285
34.569138276553105,84.63914537938524,-159.11003727484209,-211.02801806185383,-211.02801806185383,-211.02801806185383,-211.02801806185383,-211.02801806185383,-211.02801806185383,-211.02801806185383,-210.9542081748,-211.02801806185383,-211.02801806185383,-211.02801806185383,-211.02801806185383,-211.02801806185383,-3.8682224001722045,1.4230674897272373,286.350822937491,-1.4861961102533012,-429.4636022981231,169.18543448769947,0.061111280625086827
34.66933867735471,86.30917857950284,-162.45018794929737,-215.20238473127708,-215.20238473127708,-215.20238473127708,-215.20238473127708,-215.20238473127708,-215.20238473127708,-215.20238473127708,-215.1285116385582,-215.20238473127708,-215.20238473127708,-215.20238473127708,-215.20238473127708,-215.20238473127708,-3.950904493387709,1.44819073396418,292.0062549560094,-1.5194961364215098,-437.9511037961641,172.52565258153086,0.061140776602118356
34.76953907815631,88.01216356423096,-165.85624215076274,-219.45913122101993,-219.45913122101993,-219.45913122101993,-219.45913122101993,-219.45913122101993,-219.45913122101993,-219.45913122101993,-219.3851949542942,-219.45913122101993,-219.45913122101993,-219.45913122101993,-219.45913122101993,-219.45913122101993,-4.035234586335504,1.468235320778301,297.7788488695011,-1.553398051745624,-446.60612810012606,175.9317741686035,0.06117025780530746
34.86973947895792,89.74875051235605,-169.3295002368322,-223.79988297786883,-223.79988297786883,-223.79988297786883,-223.79988297786883,-223.79988297786883,-223.79988297786883,-223.79988297786883,-223.7258835687786,-223.79988297786883,-223.79988297786883,-223.79988297786883,-223.79988297786883,-223.79988297786883,-4.121245187749301,1.493457961140207,303.6605592985594,-1.5880162184832174,-455.4318781505172,179.40509960652838,0.061199724242054
34.96993987975952,91.51960243142757,-172.87128822262576,-228.22629752051776,-228.22629752051776,-228.22629752051776,-228.22629752051776,-228.22629752051776,-228.22629752051776,-228.22629752051776,-228.15223500068961,-228.22629752051776,-228.22629752051776,-228.22629752051776,-228.22629752051776,-228.22629752051776,-4.208969447801065,1.5146223217773793,309.6628779340105,-1.6232723605696397,-464.4318149842024,182.94695491044243,0.061229175919754145
35.07014028056113,93.32539541097823,-176.4829582872301,-232.74006507261902,-232.74006507261902,-232.74006507261902,-232.74006507261902,-232.74006507261902,-232.74006507261902,-232.74006507261902,-232.66593947366363,-232.74006507261902,-232.74006507261902,-232.74006507261902,-232.74006507261902,-232.74006507261902,-4.298441170762029,1.5396360154834459,315.7801966751604,-1.659258107703004,-473.6092964750329,186.55869225944915,0.06125861284580035
35.170340681362724,95.16681888058802,-180.16588928982623,-237.34290920794314,-237.34290920794314,-237.34290920794314,-237.34290920794314,-237.34290920794314,-237.34290920794314,-237.34290920794314,-237.26872056145535,-237.34290920794314,-237.34290920794314,-237.34290920794314,-237.34290920794314,-237.34290920794314,-4.389694827905889,1.5616721815990602,322.02168756468114,-1.6959195495211437,-482.9678941026581,190.24169051274646,0.06128803502758138
35.27054108216433,97.0445758731412,-183.92148729620374,-242.0365875085213,-242.0365875085213,-242.0365875085213,-242.0365875085213,-242.0365875085213,-242.0365875085213,-242.0365875085213,-241.9623358460802,-242.0365875085213,-242.0365875085213,-242.0365875085213,-242.0365875085213,-242.0365875085213,-4.482765570671659,1.5898427179778056,328.38062983861823,-1.7333607658831045,-492.511090759348,193.9973557361409,0.06131744247248228
35.37074148296593,98.95938329318068,-187.75118611546955,-246.82289223553167,-246.82289223553167,-246.82289223553167,-246.82289223553167,-246.82289223553167,-246.82289223553167,-246.82289223553167,-246.7485775887004,-246.82289223553167,-246.82289223553167,-246.82289223553167,-246.82289223553167,-246.82289223553167,-4.577689244081387,1.6126655851253089,334.8709442657082,-1.7714823251458252,-502.24264362812926,197.8271217387562,0.06134683518788442
35.47094188376754,100.911972190691,-191.65644784761383,-251.7036510137564,-251.7036510137564,-251.7036510137564,-251.7036510137564,-251.7036510137564,-251.7036510137564,-251.7036510137564,-251.62927341408235,-251.7036510137564,-251.7036510137564,-251.7036510137564,-251.7036510137564,-251.7036510137564,-4.67450240042931,1.6417923020018037,341.48346570826203,-1.8104139923150422,-512.1661528628597,201.73245062059942,0.06137621318116545
35.57114228456914,102.90308804011217,-195.6387634415377,-256.6807275291163,-256.6807275291163,-256.6807275291163,-256.6807275291163,-256.6807275291163,-256.6807275291163,-256.6807275291163,-256.6062870081312,-256.6807275291163,-256.6807275291163,-256.6807275291163,-256.6807275291163,-256.6807275291163,-4.773242313232533,1.6632849946039898,348.23466799710695,-1.850032599612379,-522.2855451508722,205.7148333305885,0.061405576459699344
35.671342685370746,104.93349102505245,-199.69965326447874,-261.7560222404532,-261.7560222404532,-261.7560222404532,-261.7560222404532,-261.7560222404532,-261.7560222404532,-261.7560222404532,-261.6815188296727,-261.7560222404532,-261.7560222404532,-261.7560222404532,-261.7560222404532,-261.7560222404532,-4.873946991466686,1.693444357528956,355.110835821872,-1.8905144942537246,-532.6045227067933,209.7757902359779,0.06143492503085636
35.77154308617234,107.00395632842013,-203.84066768227456,-266.93147310485887,-266.93147310485887,-266.93147310485887,-266.93147310485887,-266.93147310485887,-266.93147310485887,-266.93147310485887,-266.8569068357831,-266.93147310485887,-266.93147310485887,-266.93147310485887,-266.93147310485887,-266.93147310485887,-4.976655194072493,1.7178485440137272,362.12902804705664,-1.9317323072947925,-543.1271679960552,213.91687170262202,0.06146425890200309
35.87174348697395,109.11527442847552,-208.06338765146674,-272.2090563178052,-272.2090563178052,-272.2090563178052,-272.2090563178052,-272.2090563178052,-272.2090563178052,-272.2090563178052,-272.1344272219183,-272.2090563178052,-272.2090563178052,-272.2090563178052,-272.2090563178052,-272.2090563178052,-5.081406444758389,1.7520229295142886,369.2764077420325,-1.9738553133865322,-553.8573448736331,218.13965868707936,0.061493578080502424
35.97194388777555,111.26825140049988,-212.36942532263893,-277.5907870673167,-277.5907870673167,-277.5907870673167,-277.5907870673167,-277.5907870673167,-277.5907870673167,-277.5907870673167,-277.5160951760873,-277.5907870673167,-277.5907870673167,-277.5907870673167,-277.5907870673167,-277.5907870673167,-5.188241047083954,1.7729899965991975,376.5786946912849,-2.016672092861427,-564.7993774746639,222.44576333995033,0.06152288257371356
36.07214428857716,113.46370922470602,-216.76042465623775,-283.07872030374676,-283.07872030374676,-283.07872030374676,-283.07872030374676,-283.07872030374676,-283.07872030374676,-283.07872030374676,-283.00396564862746,-283.07872030374676,-283.07872030374676,-283.07872030374676,-283.07872030374676,-283.07872030374676,-5.297200099855454,1.808075440682187,384.01135855985774,-2.0604693131585656,-575.9571729864485,226.83682962169834,0.06155217238899201
36.17234468937876,115.70248609990709,-221.23806204991044,-288.67495152394963,-288.67495152394963,-288.67495152394963,-288.67495152394963,-288.67495152394963,-288.67495152394963,-288.67495152394963,-288.60013413637733,-288.67495152394963,-288.67495152394963,-288.67495152394963,-288.67495152394963,-288.67495152394963,-5.408325512809266,1.8327424457552386,391.60178772789845,-2.105020760420589,-587.3352342374585,231.3145339299875,0.06158144753368962
36.27254509018036,117.98543676365237,-225.8040469787766,-294.38161757162004,-294.38161757162004,-294.38161757162004,-294.38161757162004,-294.38161757162004,-294.38161757162004,-294.38161757162004,-294.3067374830161,-294.38161757162004,-294.38161757162004,-294.38161757162004,-294.38161757162004,-294.38161757162004,-5.5216600226186845,1.8681939335238607,399.3316861783576,-2.1505531628541252,-598.9376954880366,235.88058573995417,0.06161070801515452
36.37274549098196,120.31343281844231,-230.4601226478581,-300.2008974528309,-300.2008974528309,-300.2008974528309,-300.2008974528309,-300.2008974528309,-300.2008974528309,-300.2008974528309,-300.1259546946007,-300.2008974528309,-300.2008974528309,-300.2008974528309,-300.2008974528309,-300.2008974528309,-5.6372472092046575,1.8945674395847165,407.22388146654544,-2.196887222447504,-610.7691830802547,240.53672825663702,0.06163995384073119
36.47294589178357,122.68736306463342,-235.208066657889,-306.13501316829513,-306.13501316829513,-306.13501316829513,-306.13501316829513,-306.13501316829513,-306.13501316829513,-306.13501316829513,-306.0600077718284,-306.13501316829513,-306.13501316829513,-306.13501316829513,-306.13501316829513,-306.13501316829513,-5.755131512381044,1.9358631550884884,415.2573961122266,-2.244278021747079,-622.8339767128577,245.2847390807868,0.06166918501776042
36.57314629258517,125.10813383956787,-240.04969168357454,-312.1862305611899,-312.1862305611899,-312.1862305611899,-312.1862305611899,-312.1862305611899,-312.1862305611899,-312.1862305611899,-312.1111625578607,-312.1862305611899,-312.1862305611899,-312.1862305611899,-312.1862305611899,-312.1862305611899,-5.875358248811084,1.9562785783780352,423.4711161748554,-2.292389216520581,-635.1370369994036,250.12643088712565,0.06169840155357933
36.673346693386776,127.57666936388803,-244.98684616622043,-318.35686018294314,-318.35686018294314,-318.35686018294314,-318.35686018294314,-318.35686018294314,-318.35686018294314,-318.35686018294314,-318.2817296041098,-318.35686018294314,-318.35686018294314,-318.35686018294314,-318.35686018294314,-318.35686018294314,-5.997973629323131,1.9973357338201014,431.82666247010917,-2.341649976530616,-647.6826502672975,255.06365211697596,0.06172760345552134
36.77354709418838,130.0939120940791,-250.02141501881792,-324.64925817458976,-324.64925817458976,-324.64925817458976,-324.64925817458976,-324.64925817458976,-324.64925817458976,-324.64925817458976,-324.5740650515948,-324.64925817458976,-324.64925817458976,-324.64925817458976,-324.64925817458976,-324.64925817458976,-6.1230247765377825,2.0197657478746742,440.3665103553388,-2.3916903711056574,-660.4759950022362,260.0982876833458,0.061756790730916236
36.87374749498998,132.66082308255903,-255.15532034622407,-331.0658271669968,-331.0658271669968,-331.0658271669968,-331.0658271669968,-331.0658271669968,-331.0658271669968,-331.0658271669968,-330.99057153116723,-331.0658271669968,-331.0658271669968,-331.0658271669968,-331.0658271669968,-331.0658271669968,-6.250559742872379,2.0636737254996063,449.0538228746235,-2.442926277902999,-673.5215587449773,265.23225969110894,0.0617859633870901
36.97394789579158,135.2783823443855,-260.390522178575,-337.60901719763064,-337.60901719763064,-337.60901719763064,-337.60901719763064,-337.60901719763064,-337.60901719763064,-337.60901719763064,-337.53369908027753,-337.60901719763064,-337.60901719763064,-337.60901719763064,-337.60901719763064,-337.60901719763064,-6.38062752887634,2.092020176951769,457.9289737097304,-2.4950105702977536,-686.8246888059168,270.4675281704182,0.06181512143136536
37.07414829659319,137.9475892315824,-265.72901921993935,-344.2813266463732,-344.2813266463732,-344.2813266463732,-344.2813266463732,-344.2813266463732,-344.2813266463732,-344.2813266463732,-344.2059460787921,-344.2813266463732,-344.2813266463732,-344.2813266463732,-344.2813266463732,-344.2813266463732,-6.513278101947504,2.1348754414712103,466.9652911445296,-2.5482605855259655,-700.390166678265,275.806091825359,0.061844264871060775
37.17434869739479,140.66946281452434,-271.17284961108726,-351.08530318898323,-351.08530318898323,-351.08530318898323,-351.08530318898323,-351.08530318898323,-351.08530318898323,-351.08530318898323,-351.0098602024541,-351.08530318898323,-351.08530318898323,-351.08530318898323,-351.08530318898323,-351.08530318898323,-6.648562415401349,2.1650366785033714,476.19344485873376,-2.6024273078558497,-714.2234408253695,281.2499887967181,0.06187339371349143
37.274549098196395,143.4450422711792,-276.72409170797556,-358.02354477020305,-358.02354477020305,-358.02354477020305,-358.02354477020305,-358.02354477020305,-358.02354477020305,-358.02354477020305,-357.94803939599007,-358.02354477020305,-358.02354477020305,-358.02354477020305,-358.02354477020305,-358.02354477020305,-6.786532427933115,2.2119337757618793,485.5875390656525,-2.65782252516528,-728.3295014875653,286.80129744046917,0.06190250796596876
37.374749498998,146.2753872836206,-282.3848648747722,-365.0987005950392,-365.0987005950392,-365.0987005950392,-365.0987005950392,-365.0987005950392,-365.0987005950392,-365.0987005950392,-365.02313286439085,-365.0987005950392,-365.0987005950392,-365.0987005950392,-365.0987005950392,-365.0987005950392,-6.927241123443432,2.236520080408048,495.19022563195705,-2.714080825751065,-742.7141207331894,292.4621371207968,0.06193160763580052
37.4749498997996,149.16157844291004,-288.15733029362104,-372.31347214096803,-372.31347214096803,-372.31347214096803,-372.31347214096803,-372.31347214096803,-372.31347214096803,-372.31347214096803,-372.23784208511717,-372.31347214096803,-372.31347214096803,-372.31347214096803,-372.31347214096803,-372.31347214096803,-7.070742531282423,2.283768837316758,504.9602059666022,-2.771668625422732,-757.3823454670724,298.23466901986154,0.061960692730290826
37.5751503006012,152.10471766132352,-294.04369178909496,-379.67061418850227,-379.67061418850227,-379.67061418850227,-379.67061418850227,-379.67061418850227,-379.67061418850227,-379.67061418850227,-379.59492183866615,-379.67061418850227,-379.67061418850227,-379.67061418850227,-379.67061418850227,-379.67061418850227,-7.217091746861041,2.3100511288905894,514.9448579356822,-2.830176004732051,-772.3402077307122,304.12109696225315,0.06198976325674012
37.675350701402806,155.10592859333212,-300.04619667015703,-387.17293587364236,-387.17293587364236,-387.17293587364236,-387.17293587364236,-387.17293587364236,-387.17293587364236,-387.17293587364236,-387.0971812610226,-387.17293587364236,-387.17293587364236,-387.17293587364236,-387.17293587364236,-387.17293587364236,-7.3663449527000955,2.361674927168053,525.1016946714049,-2.8900834394613466,-787.5929600843531,310.12366825695113,0.06201881922244518
37.77555110220441,158.16635706437737,-306.1671365877111,-394.8233017598151,-394.8233017598151,-394.8233017598151,-394.8233017598151,-394.8233017598151,-394.8233017598151,-394.8233017598151,-394.7474849155976,-394.8233017598151,-394.8233017598151,-394.8233017598151,-394.8233017598151,-394.8233017598151,-7.518559439869016,2.3969736339640457,535.4762810487007,-2.951001297252884,-803.1468383332406,316.2446745548761,0.06204786063469916
37.875751503006015,161.28717150850565,-312.40884840987076,-402.6246329319592,-402.6246329319592,-402.6246329319592,-402.6246329319592,-402.6246329319592,-402.6246329319592,-402.6246329319592,-402.5487538873143,-402.6246329319592,-402.6246329319592,-402.6246329319592,-402.6246329319592,-402.6246329319592,-7.673793629867576,2.4452852671937224,546.0432528078339,-3.013243014983719,-819.0074905516551,322.48645272415826,0.06207688750079154
37.97595190380762,164.46956341431965,-318.7737151138623,-410.5799081114047,-410.5799081114047,-410.5799081114047,-410.5799081114047,-410.5799081114047,-410.5799081114047,-410.5799081114047,-410.50396689748726,-410.5799081114047,-410.5799081114047,-410.5799081114047,-410.5799081114047,-410.5799081114047,-7.832107096923473,2.482319651171522,556.8309533736815,-3.0765918113251094,-835.1812126703284,328.8513857420406,0.06210589982800813
38.07615230460922,167.71474778001445,-325.26416669609654,-418.69216479346227,-418.69216479346227,-418.69216479346227,-418.69216479346227,-418.69216479346227,-418.69216479346227,-418.69216479346227,-418.61616144141135,-418.69216479346227,-418.69216479346227,-418.69216479346227,-418.69216479346227,-418.69216479346227,-7.993560590744117,2.53329145994429,567.8183002974697,-3.141321242404985,-851.673930222026,335.3419036049505,0.06213489762363114
38.17635270541082,171.02396357706814,-331.8826810995505,-426.9645004066505,-426.9645004066505,-426.9645004066505,-426.9645004066505,-426.9645004066505,-426.9645004066505,-426.9645004066505,-426.88843494758964,-426.9645004066505,-426.9645004066505,-426.9645004066505,-426.9645004066505,-426.9645004066505,-8.158216059701175,2.5575391258999347,579.0501702330457,-3.2070534645252167,-868.4923424674838,341.96048425588174,0.062163880894939086
38.276553106212425,174.39847422351247,-338.6317851603085,-435.40007349587194,-435.40007349587194,-435.40007349587194,-435.40007349587194,-435.40007349587194,-435.40007349587194,-435.40007349587194,-435.32394596090916,-435.40007349587194,-435.40007349587194,-435.40007349587194,-435.40007349587194,-435.40007349587194,-8.326136674494093,2.617323456391378,590.4685985540084,-3.274429579807529,-885.6422544310469,348.7096545309352,0.062192849649206856
38.37675350701403,177.8395680660416,-345.5140555717796,-444.0021049276854,-444.0021049276854,-444.0021049276854,-444.0021049276854,-444.0021049276854,-444.0021049276854,-444.0021049276854,-443.92591534791296,-444.0021049276854,-444.0021049276854,-444.0021049276854,-444.0021049276854,-444.0021049276854,-8.497386852255545,2.6617250789938804,602.128887870448,-3.342971216258968,-903.1307178231622,355.59199112353656,0.062221803893705706
38.476953907815634,181.34855887204876,-352.5321198687711,-452.7738791203977,-452.7738791203977,-452.7738791203977,-452.7738791203977,-452.7738791203977,-452.7738791203977,-452.7738791203977,-452.6976275268924,-452.7738791203977,-452.7738791203977,-452.7738791203977,-452.7738791203977,-452.7738791203977,-8.672032281153257,2.716845694898211,614.0094046450796,-3.4129626622587574,-920.9641513786892,362.6101215685097,0.06225074363570323
38.57715430861724,184.9267863310886,-359.6886574304129,-461.7187452977188,-461.7187452977188,-461.7187452977188,-461.7187452977188,-461.7187452977188,-461.7187452977188,-461.7187452977188,-461.6424317215419,-461.7187452977188,-461.7187452977188,-461.7187452977188,-461.7187452977188,-461.7187452977188,-8.850139945463127,2.744645104680701,626.1527466964761,-3.4840540069946657,-939.149740302934,369.7667252450013,0.06227966888246339
38.677354709418836,188.57561656653846,-366.9864005034805,-470.8401187679158,-470.8401187679158,-470.8401187679158,-470.8401187679158,-470.8401187679158,-470.8401187679158,-470.8401187679158,-470.76374324011294,-470.8401187679158,-470.8401187679158,-470.8401187679158,-470.8401187679158,-470.8401187679158,-9.031778151152286,2.803996044615549,638.5046868819754,-3.556854858769262,-957.6938451320361,377.0645343998032,0.06230857964124651
38.77755511022044,192.29644265695185,-374.4281352451018,-480.1414822271964,-480.1414822271964,-480.1414822271964,-480.1414822271964,-480.1414822271964,-480.1414822271964,-480.1414822271964,-480.06504477879764,-480.1414822271964,-480.1414822271964,-480.1414822271964,-480.1414822271964,-480.1414822271964,-9.217016551946784,2.8546149275784485,651.1102480515863,-3.6309941640810313,-976.6039446127136,384.5063351900601,0.06233747591930928
38.877755511022045,196.0906851680272,-382.01670278669417,-489.6263870896302,-489.6263870896302,-489.6263870896302,-489.6263870896302,-489.6263870896302,-489.6263870896302,-489.6263870896302,-489.5498877516502,-489.6263870896302,-489.6263870896302,-489.6263870896302,-489.6263870896302,-489.6263870896302,-9.405926175930006,2.905552950699914,663.9652107799074,-3.7065896027320075,-995.8871689919448,392.0949687472058,0.06236635772390476
38.97795591182365,199.95979269499566,-389.75500031874077,-499.2984548431194,-499.2984548431194,-499.2984548431194,-499.2984548431194,-499.2984548431194,-499.2984548431194,-499.2984548431194,-499.22189364655713,-499.2984548431194,-499.2984548431194,-499.2984548431194,-499.2984548431194,-499.2984548431194,-9.598579452662081,2.9572150889540176,677.0740973770752,-3.783673851096205,-1015.5508765325178,399.8333322617401,0.06239522506228235
39.078156312625254,203.90524241558495,-397.6459821967177,-509.16137843180707,-509.16137843180707,-509.16137843180707,-509.16137843180707,-509.16137843180707,-509.16137843180707,-509.16137843180707,-509.0847554076461,-509.16137843180707,-509.16137843180707,-509.16137843180707,-509.16137843180707,-509.16137843180707,-9.795050240828065,3.010799281659266,690.4407343943427,-3.8622879979499545,-1035.6025629166302,407.72438008915566,0.06242407794168787
39.17835671342686,207.928540654039,-405.6926610691334,-519.2189236661272,-519.2189236661272,-519.2189236661272,-519.2189236661272,-519.2189236661272,-519.2189236661272,-519.2189236661272,-519.1422388453356,-519.2189236661272,-519.2189236661272,-519.2189236661272,-519.2189236661272,-519.2189236661272,-9.995413856438924,3.059466119095464,704.0770850325448,-3.9423941758139676,-1056.0499514940038,415.7711248779775,0.06245291636936345
39.278557114228455,212.03122345625764,-413.8981090278083,-529.4749306606535,-529.4749306606535,-529.4749306606535,-529.4749306606535,-529.4749306606535,-529.4749306606535,-529.4749306606535,-529.3981840741836,-529.4749306606535,-529.4749306606535,-529.4749306606535,-529.4749306606535,-529.4749306606535,-10.199747101588523,3.1139352825407243,717.9776541464186,-4.024128860326443,-1076.9007429118903,423.97663872004256,0.06248174035254764
39.37875751503006,216.2148571761433,-422.26545878056805,-539.9333152999666,-539.9333152999666,-539.9333152999666,-539.9333152999666,-539.9333152999666,-539.9333152999666,-539.9333152999666,-539.8565069787555,-539.9333152999666,-539.9333152999666,-539.9333152999666,-539.9333152999666,-539.9333152999666,-10.40812829377096,3.1650961068618373,732.156880424234,-4.1074328969800575,-1098.1629880873595,432.34405432319295,0.06251054989847533
39.478957915831664,220.48103907368508,-430.7979048474113,-550.5980707338634,-550.5980707338634,-550.5980707338634,-550.5980707338634,-550.5980707338634,-550.5980707338634,-550.5980707338634,-550.5212007088326,-550.5980707338634,-550.5980707338634,-550.5980707338634,-550.5980707338634,-550.5980707338634,-10.620637295784757,3.225561711197344,746.6075834603504,-4.192462709290834,-1119.8446800424142,440.876566207444,0.06253934501437783
39.57915831663327,224.83139792477334,-439.4987047801395,-561.4732689018945,-561.4732689018945,-561.4732689018945,-561.4732689018945,-561.4732689018945,-561.4732689018945,-561.4732689018945,-561.3963372039497,-561.4732689018945,-561.4732689018945,-561.4732689018945,-561.4732689018945,-561.4732689018945,-10.837355546223613,3.2911894588023127,761.33944613922,-4.2792095389551985,-1141.9541377828127,449.5774319246137,0.06256812570748277
39.67935871743487,229.2675946429285,-448.3711804058142,-572.5630620876851,-572.5630620876851,-572.5630620876851,-572.5630620876851,-572.5630620876851,-572.5630620876851,-572.5630620876851,-572.486068747717,-572.5630620876851,-572.5630620876851,-572.5630620876851,-572.5630620876851,-572.5630620876851,-11.058366090562819,3.343059967659289,776.3770376999612,-4.367519041331756,-1164.4999898743415,458.4499733017799,0.0625968919850142
39.77955911823648,233.79132291367523,-457.41871909550537,-583.871684504872,-583.871684504872,-583.871684504872,-583.871684504872,-583.871684504872,-583.871684504872,-583.871684504872,-583.7946295537557,-583.871684504872,-583.871684504872,-583.871684504872,-583.871684504872,-583.871684504872,-11.283753612877984,3.4087074247428406,791.6985843552424,-4.457697198787081,-1187.4905717540203,467.4975777100292,0.06262564385419256
39.879759519038075,238.4043098408506,-466.6447750569076,-595.4034539128722,-595.4034539128722,-595.4034539128722,-595.4034539128722,-595.4034539128722,-595.4034539128722,-595.4034539128722,-595.3263373814672,-595.4034539128722,-595.4034539128722,-595.4034539128722,-595.4034539128722,-595.4034539128722,-11.513604468160441,3.463926142761027,807.3341668968188,-4.549538666336995,-1210.9349007014498,476.72369935707263,0.06265438132223464
39.97995991983968,243.10831660626235,-476.0528706536572,-607.1627732660302,-607.1627732660302,-607.1627732660302,-607.1627732660302,-607.1627732660302,-607.1627732660302,-607.1627732660302,-607.0855951851806,-607.1627732660302,-607.1627732660302,-607.1627732660302,-607.1627732660302,-607.1627732660302,-11.74800671530015,3.5292609174431044,823.2692306521807,-4.64328159906951,-1234.8417243579638,486.1318606065631,0.06268310439635363
40.08016032064128,247.90513914191507,-485.6465977497837,-619.154132394182,-619.154132394182,-619.154132394182,-619.154132394182,-619.154132394182,-619.154132394182,-619.154132394182,-619.0768927947167,-619.154132394182,-619.154132394182,-619.154132394182,-619.154132394182,-619.154132394182,-11.98705015069702,3.587075489083031,839.5275209682018,-4.738787021534911,-1259.2203448034447,495.72565332254663,0.06271181308375912
40.18036072144289,252.7966088157844,-495.4296190812592,-631.3821097170921,-631.3821097170921,-631.3821097170921,-631.3821097170921,-631.3821097170921,-631.3821097170921,-631.3821097170921,-631.304808629824,-631.3821097170921,-631.3821097170921,-631.3821097170921,-631.3821097170921,-631.3821097170921,-12.230826342549605,3.6558210791700105,856.0968155217215,-4.836273761032476,-1284.079887107257,505.50874024101154,0.06274050739165707
40.28056112224449,257.78459313089127,-505.4056696541461,-643.8513739921378,-643.8513739921378,-643.8513739921378,-643.8513739921378,-643.8513739921378,-643.8513739921378,-643.8513739921378,-643.774011447865,-643.8513739921378,-643.8513739921378,-643.8513739921378,-643.8513739921378,-643.8513739921378,-12.479428665808838,3.7180467794154284,873.0009177481893,-4.935606092699125,-1309.4300152641813,515.484856368037,0.06276918732724983
40.3807615230461,262.8709964384728,-515.5785581709391,-656.566686097237,-656.566686097237,-656.566686097237,-656.566686097237,-656.566686097237,-656.566686097237,-656.566686097237,-656.4892621267416,-656.566686097237,-656.566686097237,-656.566686097237,-656.566686097237,-656.566686097237,-12.732952337836544,3.800517355225865,890.2195398616036,-5.037086554396924,-1335.280143002371,525.657810406134,0.06279785289773616
40.480961923847694,268.0577606647309,-525.9521684840627,-669.5329008477198,-669.5329008477198,-669.5329008477198,-669.5329008477198,-669.5329008477198,-669.5329008477198,-669.5329008477198,-669.4554154817688,-669.5329008477198,-669.5329008477198,-669.5329008477198,-669.5329008477198,-669.5329008477198,-12.9914944547429,3.8535009936053366,907.8090199928868,-5.140261460465088,-1361.6406320014655,536.0314862077435,0.06282650411031121
40.5811623246493,273.3468660527052,-536.5304610796167,-682.7549688510105,-682.7549688510105,-682.7549688510105,-682.7549688510105,-682.7549688510105,-682.7549688510105,-682.7549688510105,-682.6774221203555,-682.7549688510105,-682.7549688510105,-682.7549688510105,-682.7549688510105,-682.7549688510105,-13.255154028480066,3.936284555975425,925.7168057501127,-5.245756671122332,-1388.5209598716133,546.6098442589818,0.06285514097216649
40.6813627254509,278.74033191776675,-547.3174745883637,-696.2379383953623,-696.2379383953623,-696.2379383953623,-696.2379383953623,-696.2379383953623,-696.2379383953623,-696.2379383953623,-696.1603303307394,-696.2379383953623,-696.2379383953623,-696.2379383953623,-696.2379383953623,-696.2379383953623,-13.52403202461687,3.992690417139996,944.0059444390538,-5.353056248171058,-1415.9319453968326,557.3969231906277,0.06288376349048999
40.78156312625251,284.2402174190473,-558.3173273285876,-709.98695737843,-709.98695737843,-709.98695737843,-709.98695737843,-709.98695737843,-709.98695737843,-709.98695737843,-709.9092880105601,-709.98695737843,-709.98695737843,-709.98695737843,-709.98695737843,-709.98695737843,-13.798231400910282,4.0747967067675335,962.6313609711652,-5.462716280089015,-1443.883538601584,568.3968413209818,0.06291237167246601
40.88176352705411,289.8486223452425,-569.5342188777003,-724.0072752717784,-724.0072752717784,-724.0072752717784,-724.0072752717784,-724.0072752717784,-724.0072752717784,-724.0072752717784,-723.9295446313666,-724.0072752717784,-724.0072752717784,-724.0072752717784,-724.0072752717784,-724.0072752717784,-14.077857146595555,4.141344489213275,981.6414573885537,-5.574370048286744,-1472.386819633691,579.6137982274724,0.0629409655252753
40.981963927855716,295.56768791657885,-580.9724316761752,-738.3042451257995,-738.3042451257995,-738.3042451257995,-738.3042451257995,-738.3042451257995,-738.3042451257995,-738.3042451257995,-738.226453243536,-738.3042451257995,-738.3042451257995,-738.3042451257995,-738.3042451257995,-738.3042451257995,-14.363016322484597,4.235391769874761,1001.0004580323042,-5.688486007220706,-1501.4522448408172,591.0520763505893,0.062969545056095
41.08216432865731,301.39959760191834,-592.6363326617571,-752.8833256124739,-752.8833256124739,-752.8833256124739,-752.8833256124739,-752.8833256124739,-752.8833256124739,-752.8833256124739,-752.8054725190332,-752.8833256124739,-752.8833256124739,-752.8833256124739,-752.8833256124739,-752.8833256124739,-14.653818101821184,4.290256863719501,1020.7824728344847,-5.8044475251596905,-1531.0915712370897,602.7160426280935,0.06299811027209866
41.18236472945892,307.346577952905,-604.5303749377542,-767.7500831107375,-767.7500831107375,-767.7500831107375,-767.7500831107375,-767.7500831107375,-767.7500831107375,-767.7500831107375,-767.6721688367788,-767.7500831107375,-767.7500831107375,-767.7500831107375,-767.7500831107375,-767.7500831107375,-14.950373811988294,4.383074237106746,1040.9179392423973,-5.923061946857378,-1561.3153516461791,614.6101501633096,0.06302666118045622
41.28256513026052,313.41089945354224,-616.659099472194,-782.9101938304249,-782.9101938304249,-782.9101938304249,-782.9101938304249,-782.9101938304249,-782.9101938304249,-782.9101938304249,-782.8322184065922,-782.9101938304249,-782.9101938304249,-782.9101938304249,-782.9101938304249,-782.9101938304249,-15.252796976986977,4.454822707602592,1061.4736025080874,-6.043790166718531,-1592.1357095182088,626.7389399242818,0.06305519778833409
41.38276553106213,319.59487738742376,-629.0271368322843,-798.3694459803465,-798.3694459803465,-798.3694459803465,-798.3694459803465,-798.3694459803465,-798.3694459803465,-798.3694459803465,-798.2914094372683,-798.3694459803465,-798.3694459803465,-798.3694459803465,-798.3694459803465,-798.3694459803465,-15.561203360797895,4.560635023352731,1082.4022040525022,-6.167223568936914,-1623.5638663648122,639.1070424782339,0.063083720102895
41.48296593186373,325.90087272119416,-641.6392089513349,-814.1337419769399,-814.1337419769399,-814.1337419769399,-814.1337419769399,-814.1337419769399,-814.1337419769399,-814.1337419769399,-814.0556443452293,-814.1337419769399,-814.1337419769399,-814.1337419769399,-814.1337419769399,-814.1337419769399,-15.875711011554358,4.615727934811348,1103.7965594802915,-6.29256991170497,-1655.612660432749,651.7191797584923,0.06311222813129815
41.58316633266533,332.331293006663,-654.5001309329851,-830.209100699555,-830.209100699555,-830.209100699555,-830.209100699555,-830.209100699555,-830.209100699555,-830.209100699555,-830.13094200981,-830.209100699555,-830.209100699555,-830.209100699555,-830.209100699555,-830.209100699555,-16.19644030664801,4.720321230175556,1125.564636114338,-6.420868561303908,-1688.2933360082238,664.5801668687125,0.06314072188069914
41.68336673346693,338.8885932991637,-667.6148128879225,-846.601659786352,-846.601659786352,-846.601659786352,-846.601659786352,-846.601659786352,-846.601659786352,-846.601659786352,-846.5234400691551,-846.601659786352,-846.601659786352,-846.601659786352,-846.601659786352,-846.601659786352,-16.523513998646813,4.781318619950992,1147.8078828014595,-6.551246876850715,-1721.6192917926126,677.6949139195985,0.06316920135825
41.78356713426854,345.5752770955661,-680.9882618099068,-863.3176779793316,-863.3176779793316,-863.3176779793316,-863.3176779793316,-863.3176779793316,-863.3176779793316,-863.3176779793316,-863.2393972652501,-863.3176779793316,-863.3176779793316,-863.3176779793316,-863.3176779793316,-863.3176779793316,-16.85705726219562,4.893570113539725,1170.4399631010003,-6.68469298714918,-1755.6023128360248,691.0684279049265,0.06319766657109914
41.88376753507014,352.39389728953944,-694.6255834862973,-880.3635375124936,-880.3635375124936,-880.3635375124936,-880.3635375124936,-880.3635375124936,-880.3635375124936,-880.3635375124936,-880.2851958320794,-880.3635375124936,-880.3635375124936,-880.3635375124936,-880.3635375124936,-880.3635375124936,-17.197197741779384,4.969615739903611,1193.5570222187039,-6.8203919614636765,-1790.2562393137023,704.7058146120719,0.06322611752639144
41.983967935871746,359.3470571466461,-708.5319844482389,-897.7457465495703,-897.7457465495703,-897.7457465495703,-897.7457465495703,-897.7457465495703,-897.7457465495703,-897.7457465495703,-897.6673439333598,-897.7457465495703,-897.7457465495703,-897.7457465495703,-897.7457465495703,-897.7457465495703,-17.544065600477783,5.07884424492064,1217.0985248427562,-6.959081952748095,-1825.5936152907261,718.612280572196,0.06325455423126815
42.08416833667335,366.4374112978416,-722.712773957663,-915.4709416677775,-915.4709416677775,-915.4709416677775,-915.4709416677775,-915.4709416677775,-915.4709416677775,-915.4709416677775,-915.3924781462921,-915.4709416677775,-915.4709416677775,-915.4709416677775,-915.4709416677775,-915.4709416677775,-17.897793569640278,5.159678903163755,1241.135078467727,-7.100206169794304,-1861.6285418758162,732.7931350472467,0.063282976692867
42.18436873747495,373.6676667534219,-737.1733660351821,-933.5458903926815,-933.5458903926815,-933.5458903926815,-933.5458903926815,-933.5458903926815,-933.5458903926815,-933.5458903926815,-933.4673659964274,-933.5458903926815,-933.5458903926815,-933.5458903926815,-933.5458903926815,-933.5458903926815,-18.258516999583435,5.279483324515752,1265.608525838602,-7.244484779147291,-1898.3741104412748,747.2537920578525,0.0633113849183221
42.28456913827655,381.0405839359232,-751.9192815258888,-951.9774937804497,-951.9774937804497,-951.9774937804497,-951.9774937804497,-951.9774937804497,-951.9774937804497,-951.9774937804497,-951.8989085399174,-951.9774937804497,-951.9774937804497,-951.9774937804497,-951.9774937804497,-951.9774937804497,-18.626373911235937,5.346028571003375,1290.620487118058,-7.3910597662319635,-1935.8452630889697,761.9997724491226,0.06333977891476399
42.38476953907816,388.55897773483383,-766.9561502087803,-970.7727890546299,-970.7727890546299,-970.7727890546299,-970.7727890546299,-970.7727890546299,-970.7727890546299,-970.7727890546299,-970.6941430002951,-970.7727890546299,-970.7727890546299,-970.7727890546299,-970.7727890546299,-970.7727890546299,-19.001505048874172,5.466799025377919,1316.073050419149,-7.5410504452457,-1974.0552424506197,777.0367060000701,0.06336815868931964
42.48496993987976,396.22571858040453,-782.2897129443782,-989.9389522906758,-989.9389522906758,-989.9389522906758,-989.9389522906758,-989.9389522906758,-989.9389522906758,-989.9389522906758,-989.8602454529988,-989.9389522906758,-989.9389522906758,-989.9389522906758,-989.9389522906758,-989.9389522906758,-19.38405393381275,5.537630725039637,1342.0801453512672,-7.693482876463826,-2013.0196678306359,792.3703335712333,0.06339652424911248
42.585170340681366,404.04373354029633,-797.9258238680251,-1009.4833011575674,-1009.4833011575674,-1009.4833011575674,-1009.4833011575674,-1009.4833011575674,-1009.4833011575674,-1009.4833011575674,-1009.404533566993,-1009.4833011575674,-1009.4833011575674,-1009.4833011575674,-1009.4833011575674,-1009.4833011575674,-19.77416691923689,5.66995234365006,1368.54029722371,-7.849517624675036,-2052.7523129583833,808.0065092979709,0.06342487560126234
42.68537074148297,412.016007436521,-813.8704526237649,-1029.4132977101613,-1029.4132977101613,-1029.4132977101613,-1029.4132977101613,-1029.4132977101613,-1029.4132977101613,-1029.4132977101613,-1029.334469397119,-1029.4132977101613,-1029.4132977101613,-1029.4132977101613,-1029.4132977101613,-1029.4132977101613,-20.17199324604945,5.7636086976072995,1395.5638158820993,-8.008222682692695,-2093.2693388480025,823.9512028243429,0.06345321275288551
42.78557114228457,420.1455839854478,-830.1296866443562,-1049.7365512392073,-1049.7365512392073,-1049.7365512392073,-1049.7365512392073,-1049.7365512392073,-1049.7365512392073,-1049.7365512392073,-1049.657662234112,-1049.7365512392073,-1049.7365512392073,-1049.7365512392073,-1049.7365512392073,-1049.7365512392073,-20.577685099871264,5.8876280290431655,1423.0920246875373,-8.170341353035658,-2134.585531657848,840.2105015831244,0.0634815357110947
42.88577154308617,428.43556695950247,-846.7097334746709,-1070.4608211755976,-1070.4608211755976,-1070.4608211755976,-1070.4608211755976,-1070.4608211755976,-1070.4608211755976,-1070.4608211755976,-1070.381871508848,-1070.4608211755976,-1070.4608211755976,-1070.4608211755976,-1070.4608211755976,-1070.4608211755976,-20.99139766912608,5.985572862639058,1451.1919195043276,-8.335376588530956,-2176.717224335353,856.7906131192035,0.06350984448299903
42.985971943887776,436.88912137250065,-863.6169231423607,-1091.5940200536988,-1091.5940200536988,-1091.5940200536988,-1091.5940200536988,-1091.5940200536988,-1091.5940200536988,-1091.5940200536988,-1091.5150097556793,-1091.5940200536988,-1091.5940200536988,-1091.5940200536988,-1091.5940200536988,-1091.5940200536988,-21.413289204307254,6.11712730836573,1479.8145805972197,-8.503981627997849,-2219.6799119812727,873.6978674602482,0.0635381390757041
43.08617234468938,445.5094746875434,-880.8577105736478,-1113.1442165310907,-1113.1442165310907,-1113.1442165310907,-1113.1442165310907,-1113.1442165310907,-1113.1442165310907,-1113.1442165310907,-1113.06514563217,-1113.1442165310907,-1113.1442165310907,-1113.1442165310907,-1113.1442165310907,-1113.1442165310907,-21.8435210783725,6.204749178011362,1509.0485296905101,-8.675453031827983,-2263.490765027099,890.9387195324966,0.06356641949631195
43.186372745490985,454.29991804988066,-898.4386780590526,-1135.1196384707262,-1135.1196384707262,-1135.1196384707262,-1135.1196384707262,-1135.1196384707262,-1135.1196384707262,-1135.1196384707262,-1135.0405070012575,-1135.1196384707262,-1135.1196384707262,-1135.1196384707262,-1135.1196384707262,-1135.1196384707262,-22.282257848387083,6.337226923856616,1538.816171151605,-8.850734535313043,-2308.1656316119015,908.5197516264858,0.06359468575192105
43.28657314629259,463.26380754269815,-916.3665377649667,-1157.5286760803967,-1157.5286760803967,-1157.5286760803967,-1157.5286760803967,-1157.5286760803967,-1157.5286760803967,-1157.5286760803967,-1157.449484070719,-1157.5286760803967,-1157.5286760803967,-1157.5286760803967,-1157.5286760803967,-1157.5286760803967,-22.729667318313147,6.429869541448235,1569.2136131560524,-9.029054503679538,-2353.7224066017475,926.4476759086233,0.06362293784962632
43.38677354709419,472.4045654690595,-934.6481342975376,-1180.37988511759,-1180.37988511759,-1180.37988511759,-1180.37988511759,-1180.37988511759,-1180.37988511759,-1180.37988511759,-1180.300632598026,-1180.37988511759,-1180.37988511759,-1180.37988511759,-1180.37988511759,-1180.37988511759,-23.18592060310684,6.5753878916258275,1600.1597837081847,-9.211398081898718,-2400.177565911102,944.7293369850729,0.06365117579651909
43.48697394789579,481.7256816580361,-953.2904473149285,-1203.6819901548115,-1203.6819901548115,-1203.6819901548115,-1203.6819901548115,-1203.6819901548115,-1203.6819901548115,-1203.6819901548115,-1203.6026771556694,-1203.6819901548115,-1203.6819901548115,-1203.6819901548115,-1203.6819901548115,-1203.6819901548115,-23.651192194024784,6.695525119796072,1631.744811632081,-9.397059950877738,-2447.5496204796405,963.3717145140138,0.06367939959968721
43.587174348697395,491.23071479737877,-972.300594192661,-1227.443887911267,-1227.443887911267,-1227.443887911267,-1227.443887911267,-1227.443887911267,-1227.443887911267,-1227.443887911267,-1227.3645144628392,-1227.443887911267,-1227.443887911267,-1227.443887911267,-1227.443887911267,-1227.443887911267,-24.12566002525768,6.844038736054407,1663.9270429646729,-9.586642494285185,-2495.856124844943,982.3819258709841,0.06370760926621491
43.687374749499,500.92329379192887,-991.6858327404383,-1251.674650648887,-1251.674650648887,-1251.674650648887,-1251.674650648887,-1251.674650648887,-1251.674650648887,-1251.674650648887,-1251.5952167814517,-1251.674650648887,-1251.674650648887,-1251.674650648887,-1251.674650648887,-1251.674650648887,-24.60950554185086,6.93696983564457,1696.802781750544,-9.779386721174603,-2545.1163532040605,1001.767228865703,0.06373580480318292
43.787575150300604,510.80711914947454,-1011.4535639738568,-1276.383529636971,-1276.383529636971,-1276.383529636971,-1276.383529636971,-1276.383529636971,-1276.383529636971,-1276.383529636971,-1276.3040353807903,-1276.383529636971,-1276.383529636971,-1276.383529636971,-1276.383529636971,-1276.383529636971,-25.102913768997084,7.082138997648793,1730.2767922670819,-9.97643279971565,-2595.3480458854065,1021.5350245137831,0.06376398621766838
43.88777555110221,520.8859643931089,-1031.611334939123,-1301.5799586830794,-1301.5799586830794,-1301.5799586830794,-1301.5799586830794,-1301.5799586830794,-1301.5799586830794,-1301.5799586830794,-1301.5004040684007,-1301.5799586830794,-1301.5799586830794,-1301.5799586830794,-1301.5799586830794,-1301.5799586830794,-25.606073382654465,7.21303717476557,1764.4284202610656,-10.17719727506993,-2646.5710394093926,1041.6928598614472,0.06379215351674493
43.987975951903806,531.1636775022088,-1052.1668415950103,-1327.2735577354827,-1327.2735577354827,-1327.2735577354827,-1327.2735577354827,-1327.2735577354827,-1327.2735577354827,-1327.2735577354827,-1327.1939427925379,-1327.2735577354827,-1327.2735577354827,-1327.2735577354827,-1327.2735577354827,-1327.2735577354827,-26.119176781595385,7.368953969195393,1799.2314639714868,-10.382145089952305,-2698.804501764504,1062.2484308674848,0.06382030670748265
44.08817635270541,541.6441823814023,-1073.1279317507956,-1353.474136555579,-1353.474136555579,-1353.474136555579,-1353.474136555579,-1353.474136555579,-1353.474136555579,-1353.474136555579,-1353.3944613145857,-1353.474136555579,-1353.474136555579,-1353.474136555579,-1353.474136555579,-1353.474136555579,-26.642420160854915,7.489750260793727,1834.7594106026165,-10.590758798927318,-2752.0689707285055,1083.209585341189,0.06384844579694807
44.188376753507015,552.3314803588146,-1094.5026080627495,-1380.1916984635106,-1380.1916984635106,-1380.1916984635106,-1380.1916984635106,-1380.1916984635106,-1380.1916984635106,-1380.1916984635106,-1380.1119629546704,-1380.1916984635106,-1380.1916984635106,-1380.1916984635106,-1380.1916984635106,-1380.1916984635106,-27.176003586643052,7.630873872822875,1870.9704214540286,-10.803666272293949,-2806.3842337662622,1104.5843259388464,0.06387657079220418
44.28857715430862,563.2296517135595,-1116.2990310891196,-1407.4364441568905,-1407.4364441568905,-1407.4364441568905,-1407.4364441568905,-1407.4364441568905,-1407.4364441568905,-1407.4364441568905,-1407.3566484103897,-1407.4364441568905,-1407.4364441568905,-1407.4364441568905,-1407.4364441568905,-1407.4364441568905,-27.72013107271935,7.761664549175157,1907.9090361730111,-11.020644865682236,-2861.7713316935415,1126.380813218721,0.06390468170031044
44.388777555110224,574.3428572336684,-1138.5255224059886,-1435.2187756056253,-1435.2187756056253,-1435.2187756056253,-1435.2187756056253,-1435.2187756056253,-1435.2187756056253,-1435.2187756056253,-1435.1389196516357,-1435.2187756056253,-1435.2187756056253,-1435.2187756056253,-1435.2187756056253,-1435.2187756056253,-28.275010658289304,7.9213687098542325,1945.5501601779115,-11.242165285257688,-2918.2510227297057,1148.6073687569112,0.06393277852832278
44.48897795591183,585.6753398046163,-1161.1905677843272,-1463.5493000232311,-1463.5493000232311,-1463.5493000232311,-1463.5493000232311,-1463.5493000232311,-1463.5493000232311,-1463.5493000232311,-1463.4693838919095,-1463.5493000232311,-1463.5493000232311,-1463.5493000232311,-1463.5493000232311,-1463.5493000232311,-28.840854487430725,8.092176661370079,1983.9260353903078,-11.468135266721013,-2975.8450469487307,1171.272478324404,0.0639608612832936
44.589178356713425,597.2314260288978,-1184.3028204291445,-1492.438833915774,-1492.438833915774,-1492.438833915774,-1492.438833915774,-1492.438833915774,-1492.438833915774,-1492.438833915774,-1492.358857637262,-1492.438833915774,-1492.438833915774,-1492.438833915774,-1492.438833915774,-1492.438833915774,-29.41787889007248,8.227642642084954,2023.0978251301208,-11.698180836163344,-3034.575853276027,1194.3847951262246,0.06398892997227174
44.68937875751503,609.0155278785874,-1207.8711042846091,-1521.8984072132685,-1521.8984072132685,-1521.8984072132685,-1521.8984072132685,-1521.8984072132685,-1521.8984072132685,-1521.8984072132685,-1521.818370817692,-1521.8984072132685,-1521.8984072132685,-1521.8984072132685,-1521.8984072132685,-1521.8984072132685,-30.00630446462253,8.39754085869974,2063.0107608030135,-11.933079756729313,-3094.465174444709,1217.9531431065582,0.06401698460230251
44.789579158316634,621.0321443788873,-1231.9044174011467,-1551.9392674785495,-1551.9392674785495,-1551.9392674785495,-1551.9392674785495,-1551.9392674785495,-1551.9392674785495,-1551.9392674785495,-1551.8591709960203,-1551.9392674785495,-1551.9392674785495,-1551.9392674785495,-1551.9392674785495,-1551.9392674785495,-30.606356162145335,8.543198782454768,2103.7388192240937,-12.172340477688053,-3155.5364566846492,1241.9865203158456,0.06404502518042773
44.88977955911824,633.285863326525,-1256.4119353722313,-1582.5728842032645,-1582.5728842032645,-1582.5728842032645,-1582.5728842032645,-1582.5728842032645,-1582.5728842032645,-1582.5728842032645,-1582.492727663878,-1582.5728842032645,-1582.5728842032645,-1582.5728842032645,-1582.5728842032645,-1582.5728842032645,-31.218263372281694,8.711417888645135,2145.2508030448926,-12.4165169166642,-3217.812553661456,1266.4941023475776,0.06407305171368566
44.98997995991984,645.7813630408986,-1281.4030148366794,-1613.8109531857378,-1613.8109531857378,-1613.8109531857378,-1613.8109531857378,-1613.8109531857378,-1613.8109531857378,-1613.8109531857378,-1613.7307366195755,-1613.8109531857378,-1613.8109531857378,-1613.8109531857378,-1613.8109531857378,-1613.8109531857378,-31.84226001080605,8.863817832313142,2187.6010063472654,-12.665321871366984,-3281.3176220370765,1291.485245840587,0.06410106420911106
45.09018036072145,658.5234141504385,-1306.8871970513726,-1645.6654009968754,-1645.6654009968754,-1645.6654009968754,-1645.6654009968754,-1645.6654009968754,-1645.6654009968754,-1645.6654009968754,-1645.5851244340033,-1645.6654009968754,-1645.6654009968754,-1645.6654009968754,-1645.6654009968754,-1645.6654009968754,-32.478584608944566,9.04017238886313,2230.7658815121695,-12.919243335650687,-3346.075514235676,1316.9694920517704,0.06412906267373511
45.190380761523045,671.5168814137078,-1332.8742115334567,-1678.1483895329138,-1678.1483895329138,-1678.1483895329138,-1678.1483895329138,-1678.1483895329138,-1678.1483895329138,-1678.1483895329138,-1678.0680530033826,-1678.1483895329138,-1678.1483895329138,-1678.1483895329138,-1678.1483895329138,-1678.1483895329138,-33.127480404430116,9.205162123386426,2274.7972958096934,-13.178028086065261,-3412.1113041789345,1342.9565704982906,0.06415704711458556
45.29058116232465,684.766725577148,-1359.3739797758344,-1711.2723206597861,-1711.2723206597861,-1711.2723206597861,-1711.2723206597861,-1711.2723206597861,-1711.2723206597861,-1711.2723206597861,-1711.1919241936318,-1711.2723206597861,-1711.2723206597861,-1711.2723206597861,-1711.2723206597861,-1711.2723206597861,-33.78919543438961,9.417820770486648,2319.653087949224,-13.442358464803082,-3479.449619948045,1369.4564026730663,0.06418501753868656
45.390781563126254,698.2780052682361,-1386.3966190334804,-1745.0498409460147,-1745.0498409460147,-1745.0498409460147,-1745.0498409460147,-1745.0498409460147,-1745.0498409460147,-1745.0498409460147,-1744.9693845732581,-1745.0498409460147,-1745.0498409460147,-1745.0498409460147,-1745.0498409460147,-1745.0498409460147,-34.463982630001816,9.558521369272611,2365.4700938442797,-13.711150825336393,-3548.1173550512694,1396.479105831088,0.06421297395305879
45.49098196392786,712.0558789280386,-1413.9524461885471,-1779.4938464940947,-1779.4938464940947,-1779.4938464940947,-1779.4938464940947,-1779.4938464940947,-1779.4938464940947,-1779.4938464940947,-1779.4133302447417,-1779.4938464940947,-1779.4938464940947,-1779.4938464940947,-1779.4938464940947,-1779.4938464940947,-35.15209991312508,9.771333175605783,2412.121787426391,-13.985932886153147,-3618.1393008428154,1424.0349968545243,0.06424091636471936
45.59118236472946,726.1056067792258,-1442.0519816863957,-1814.6174878605323,-1814.6174878605323,-1814.6174878605323,-1814.6174878605323,-1814.6174878605323,-1814.6174878605323,-1814.6174878605323,-1814.536911764574,-1814.6174878605323,-1814.6174878605323,-1814.6174878605323,-1814.6174878605323,-1814.6174878605323,-35.85381029469806,9.921779682281542,2459.760540164038,-14.265478047703262,-3689.5435223543036,1452.1345961887523,0.06426884478068194
45.69138276553107,740.432552835615,-1470.7059535546807,-1850.4341750796998,-1850.4341750796998,-1850.4341750796998,-1850.4341750796998,-1850.4341750796998,-1850.4341750796998,-1850.4341750796998,-1850.3535391671119,-1850.4341750796998,-1850.4341750796998,-1850.4341750796998,-1850.4341750796998,-1850.4341750796998,-36.56938197521681,10.140881249520687,2508.273574386403,-14.551188972399157,-3762.3559848600607,1480.7886318614426,0.06429675920795662
45.791583166332664,755.0421869491211,-1499.925301497252,-1886.957582781215,-1886.957582781215,-1886.957582781215,-1886.957582781215,-1886.957582781215,-1886.957582781215,-1886.957582781215,-1886.8768870819576,-1886.957582781215,-1886.957582781215,-1886.957582781215,-1886.957582781215,-1886.957582781215,-37.29908844708241,10.305765386989428,2557.802370351912,-14.841958036269055,-3836.6057039721013,1510.0080435764605,0.06432465965355
45.89178356713427,769.9400868988487,-1529.7211810723384,-1924.2016554126685,-1924.2016554126685,-1924.2016554126685,-1924.2016554126685,-1924.2016554126685,-1924.2016554126685,-1924.2016554126685,-1924.1208999566882,-1924.2016554126685,-1924.2016554126685,-1924.2016554126685,-1924.2016554126685,-1924.2016554126685,-38.04320859905551,10.53236195005131,2608.249968303777,-15.139042805169538,-3912.3198807252456,1539.8039868920519,0.06435254612446518
45.99198396793587,785.1319405198647,-1560.1049679500939,-1962.1806125615585,-1962.1806125615585,-1962.1806125615585,-1962.1806125615585,-1962.1806125615585,-1962.1806125615585,-1962.1806125615585,-1962.0997973787855,-1962.1806125615585,-1962.1806125615585,-1962.1806125615585,-1962.1806125615585,-1962.1806125615585,-38.80202682269495,10.706799764206494,2659.7495884586824,-15.441429041170954,-3989.5285495247804,1570.1878374783864,0.06438041862770177
46.09218436873748,800.6235478756407,-1591.0882622574816,-2000.9089543863936,-2000.9089543863936,-2000.9089543863936,-2000.9089543863936,-2000.9089543863936,-2000.9089543863936,-2000.9089543863936,-2000.8280795067437,-2000.9089543863936,-2000.9089543863936,-2000.9089543863936,-2000.9089543863936,-2000.9089543863936,-39.57583312097992,10.96571130709956,2712.184324107896,-15.750583570851855,-4068.2598362672147,1601.1711954624432,0.06440827717025585
46.19238476953908,816.4208234712123,-1622.6828930045933,-2040.4014671495931,-2040.4014671495931,-2040.4014671495931,-2040.4014671495931,-2040.4014671495931,-2040.4014671495931,-2040.4014671495931,-2040.3205326029674,-2040.4014671495931,-2040.4014671495931,-2040.4014671495931,-2040.4014671495931,-2040.4014671495931,-40.364923218967924,11.109515125722062,2765.773878462557,-16.064648501515403,-4148.545775532038,1632.765889854329,0.06443612175911997
46.29258517034068,832.5297985128302,-1654.9009226039495,-2080.673228866614,-2080.673228866614,-2080.673228866614,-2080.673228866614,-2080.673228866614,-2080.673228866614,-2080.673228866614,-2080.592234682898,-2080.673228866614,-2080.673228866614,-2080.673228866614,-2080.673228866614,-2080.673228866614,-41.16959867677728,11.36470061620537,2820.312272313926,-16.38598440784248,-4230.41477877326,1664.9839830665815,0.06446395240128323
46.392785571142284,848.9566232091323,-1687.7546514728463,-2121.7396150588806,-2121.7396150588806,-2121.7396150588806,-2121.7396150588806,-2121.7396150588806,-2121.7396150588806,-2121.7396150588806,-2121.6585612679455,-2121.7396150588806,-2121.7396150588806,-2121.7396150588806,-2121.7396150588806,-2121.7396150588806,-41.99016700464579,11.553136571001751,2875.998559927636,-16.712950321495484,-4313.899866235126,1697.8377755165125,0.0644917691037312
46.49298597194389,865.7075691203776,-1721.2566227318218,-2163.616304626872,-2163.616304626872,-2163.616304626872,-2163.616304626872,-2163.616304626872,-2163.616304626872,-2163.616304626872,-2163.5351912585734,-2163.616304626872,-2163.616304626872,-2163.616304626872,-2163.616304626872,-2163.616304626872,-42.82694178039241,11.842717654557395,2932.6861755455416,-17.047331753425375,-4399.031250767363,1731.3398103246757,0.06451957187344594
46.59318637274549,882.7890315515626,-1755.4196269908891,-2206.3192858329103,-2206.3192858329103,-2206.3192858329103,-2206.3192858329103,-2206.3192858329103,-2206.3192858329103,-2206.3192858329103,-2206.2381129170885,-2206.3192858329103,-2206.3192858329103,-2206.3192858329103,-2206.3192858329103,-2206.3192858329103,-43.68024276907306,11.979939346915721,2990.65038193094,-17.386746734010924,-4485.843944146957,1765.5028781011006,0.06454736071740606
46.6933867735471,900.2075319957701,-1790.2567072362328,-2249.8648624095313,-2249.8648624095313,-2249.8648624095313,-2249.8648624095313,-2249.8648624095313,-2249.8648624095313,-2249.8648624095313,-2249.7836299760124,-2249.8648624095313,-2249.8648624095313,-2249.8648624095313,-2249.8648624095313,-2249.8648624095313,-44.550396045148055,12.265956043226158,3049.612201058381,-17.734304384023172,-4574.368110780313,1800.3400218319875,0.06457513564258663
46.7935871743487,917.9697206222877,-1825.7811638064493,-2294.2696597797867,-2294.2696597797867,-2294.2696597797867,-2294.2696597797867,-2294.2696597797867,-2294.2696597797867,-2294.2696597797867,-2294.1883678583818,-2294.2696597797867,-2294.2696597797867,-2294.2696597797867,-2294.2696597797867,-2294.2696597797867,-45.43773411688809,12.462941818799163,3109.832083684999,-18.087782924399185,-4664.639902604677,1835.8645418559488,0.06460289665595922
46.8937875751503,936.0823788168885,-1862.0065594731043,-2339.550631407939,-2339.550631407939,-2339.550631407939,-2339.550631407939,-2339.550631407939,-2339.550631407939,-2339.550631407939,-2339.4692800284442,-2339.550631407939,-2339.550631407939,-2339.550631407939,-2339.550631407939,-2339.550631407939,-46.342596053388185,12.746451041108548,3171.1575383314944,-18.449053752101676,-4756.692047784656,1872.0900009445659,0.06463064376449194
46.9939879759519,954.5524217698162,-1898.9467246167042,-2385.725065269428,-2385.725065269428,-2385.725065269428,-2385.725065269428,-2385.725065269428,-2385.725065269428,-2385.725065269428,-2385.6436544616245,-2385.725065269428,-2385.725065269428,-2385.725065269428,-2385.725065269428,-2385.725065269428,-47.26532761396702,12.961122015523667,3233.767451325474,-18.816716352757396,-4850.561229151155,1909.0302294783614,0.06465837697514941
47.09418837675351,973.3869011170483,-1936.615762509225,-2432.810590454029,-2432.810590454029,-2432.810590454029,-2432.810590454029,-2432.810590454029,-2432.810590454029,-2432.810590454029,-2432.7291202476827,-2432.810590454029,-2432.810590454029,-2432.810590454029,-2432.810590454029,-2432.810590454029,-48.20628138023004,13.271170716991982,3297.521589043707,-19.192535273454833,-4946.2816605759435,1946.6993307293274,0.06468609629489275
47.19438877755511,992.5930076309407,-1975.0280546953977,-2480.825183892462,-2480.825183892462,-2480.825183892462,-2480.825183892462,-2480.825183892462,-2480.825183892462,-2480.825183892462,-2480.7436543173253,-2480.825183892462,-2480.825183892462,-2480.825183892462,-2480.825183892462,-2480.825183892462,-49.165816890601725,13.4459742494268,3362.6750378933816,-19.57437071126395,-5043.892170252576,1985.1116862422107,0.06471380173067957
47.294589178356716,1012.1780739677861,-2014.1982664878278,-2529.7871772252906,-2529.7871772252906,-2529.7871772252906,-2529.7871772252906,-2529.7871772252906,-2529.7871772252906,-2529.7871772252906,-2529.7055883110993,-2529.7871772252906,-2529.7871772252906,-2529.7871772252906,-2529.7871772252906,-2529.7871772252906,-50.144300777703485,13.75864492076971,3428.9796216108293,-19.96507035184564,-5143.4273226983805,2024.2819613296324,0.06474149328946405
47.39478957915832,1032.1495774649336,-2054.141352561234,-2579.7152637957197,-2579.7152637957197,-2579.7152637957197,-2579.7152637957197,-2579.7152637957197,-2579.7152637957197,-2579.7152637957197,-2579.6336155721947,-2579.7152637957197,-2579.7152637957197,-2579.7152637957197,-2579.7152637957197,-2579.7152637957197,-51.14210690820965,13.944401967217496,3496.725559884483,-20.362162056572853,-5244.927740544789,2064.225110666327,0.06476917097819682
47.49498997995992,1052.5151429975713,-2094.8725626660107,-2630.6285057915484,-2630.6285057915484,-2630.6285057915484,-2630.6285057915484,-2630.6285057915484,-2630.6285057915484,-2630.6285057915484,-2630.5467982883965,-2630.6285057915484,-2630.6285057915484,-2630.6285057915484,-2630.6285057915484,-2630.6285057915484,-52.15961652568657,14.287783624182712,3565.6542442563805,-20.768612358933897,-5348.429360401475,2104.956384002706,0.06479683480382507
47.59519038076152,1073.2825458882876,-2136.4074474473564,-2682.5463415190807,-2682.5463415190807,-2682.5463415190807,-2682.5463415190807,-2682.5463415190807,-2682.5463415190807,-2682.5463415190807,-2682.4645747659947,-2682.5463415190807,-2682.5463415190807,-2682.5463415190807,-2682.5463415190807,-2682.5463415190807,-53.19721839607077,14.533058338274408,3636.0478585990627,-21.182044563593116,-5453.974229817933,2146.491331983981,0.06482448477329254
47.69539078156313,1094.459714876731,-2178.7618643845867,-2735.4885928272693,-2735.4885928272693,-2735.4885928272693,-2735.4885928272693,-2735.4885928272693,-2735.4885928272693,-2735.4885928272693,-2735.4067668539255,-2735.4885928272693,-2735.4885928272693,-2735.4885928272693,-2735.4885928272693,-2735.4885928272693,-54.255308956151794,14.854768207001023,3707.758826365695,-21.604342757797298,-5561.600918231613,2188.845812089486,0.06485212089353944
47.79559118236473,1116.054735145778,-2221.9519838434753,-2789.4754726731367,-2789.4754726731367,-2789.4754726731367,-2789.4754726731367,-2789.4754726731367,-2789.4754726731367,-2789.4754726731367,-2789.3935875091975,-2789.4754726731367,-2789.4754726731367,-2789.4754726731367,-2789.4754726731367,-2789.4754726731367,-55.33429246488075,15.111044951569552,3780.956519844547,-22.034263105615203,-5671.351921261404,2232.03599468501,0.06487974317150248
47.895791583166336,1138.0758514093015,-2265.9942952517877,-2844.5275928411966,-2844.5275928411966,-2844.5275928411966,-2844.5275928411966,-2844.5275928411966,-2844.5275928411966,-2844.5275928411966,-2844.4456485163087,-2844.5275928411966,-2844.5275928411966,-2844.5275928411966,-2844.5275928411966,-2844.5275928411966,-56.43458115775863,15.454788327214274,3855.5160800276703,-22.473481787239788,-5783.2676284016,2276.0783691983333,0.06490735161411497
47.99599198396794,1160.5314710586088,-2310.905613392156,-2900.665971809548,-2900.665971809548,-2900.665971809548,-2900.665971809548,-2900.665971809548,-2900.665971809548,-2900.665971809548,-2900.583968353344,-2900.665971809548,-2900.665971809548,-2900.665971809548,-2900.665971809548,-2900.665971809548,-57.55659540415822,15.68113625190829,3931.670970235429,-22.920137992239823,-5897.392796211372,2320.989750412106,0.06493494622830671
48.09619238476954,1183.430167374119,-2356.7030848254417,-2957.9120427790726,-2957.9120427790726,-2957.9120427790726,-2957.9120427790726,-2957.9120427790726,-2957.9120427790726,-2957.9120427790726,-2957.82998022117,-2957.9120427790726,-2957.9120427790726,-2957.9120427790726,-2957.9120427790726,-2957.9120427790726,-58.70076386790807,16.027166140173783,4009.213269712642,-23.37674737825394,-6013.768651084241,2366.7872848872034,0.06496252702100402
48.19639278557114,1206.7806827964905,-2403.404194432979,-3016.287661851247,-3016.287661851247,-3016.287661851247,-3016.287661851247,-3016.287661851247,-3016.287661851247,-3016.287661851247,-3016.2055402212486,-3016.287661851247,-3016.287661851247,-3016.287661851247,-3016.287661851247,-3016.287661851247,-59.86752367084873,16.265233616716984,4088.400364175032,-23.841230324995966,-6132.441877863263,2413.488457504977,0.06499009399912979
48.296593186372746,1230.5919322661289,-2451.0267720956,-3075.8151163769166,-3075.8151163769166,-3075.8151163769166,-3075.8151163769166,-3075.8151163769166,-3075.8151163769166,-3075.8151163769166,-3075.73293570441,-3075.8151163769166,-3075.8151163769166,-3075.8151163769166,-3075.8151163769166,-3075.8151163769166,-61.057320559808204,16.647672662681316,4169.010238127695,-24.316260222267445,-6253.455288404696,2461.111098146273,0.06501764716960338
48.39679358717435,1254.873006625514,-2499.588999498284,-3136.517133462115,-3136.517133462115,-3136.517133462115,-3136.517133462115,-3136.517133462115,-3136.517133462115,-3136.517133462115,-3136.4348937766736,-3136.517133462115,-3136.517133462115,-3136.517133462115,-3136.517133462115,-3136.517133462115,-62.27060907671834,16.95872090914746,4251.289580106247,-24.799881922619385,-6376.857220672138,2509.673388496088,0.06504518653934073
48.496993987975955,1279.6331760907522,-2549.1094170732626,-3198.416888646938,-3198.416888646938,-3198.416888646938,-3198.416888646938,-3198.416888646938,-3198.416888646938,-3198.416888646938,-3198.3345899781193,-3198.416888646938,-3198.416888646938,-3198.416888646938,-3198.416888646938,-3198.416888646938,-63.507852732192354,17.30945463371769,4335.1588435894555,-25.293378040194234,-6502.693689992705,2559.1938689866693,0.06507271211525431
48.59719438877756,1304.8818937905194,-2599.606931077909,-3261.5380147529095,-3261.5380147529095,-3261.5380147529095,-3261.5380147529095,-3261.5380147529095,-3261.5380147529095,-3261.5380147529095,-3261.4556571302574,-3261.5380147529095,-3261.5380147529095,-3261.5380147529095,-3261.5380147529095,-3261.5380147529095,-64.76952418247213,17.62983741693413,4420.720220539519,-25.796242619632274,-6631.013433544847,2609.6914458754045,0.06510022390425313
48.69739478957916,1330.6287993752744,-2651.100820813159,-3325.9046109060073,-3325.9046109060073,-3325.9046109060073,-3325.9046109060073,-3325.9046109060073,-3325.9046109060073,-3325.9046109060073,-3325.82219435905,-3325.9046109060073,-3325.9046109060073,-3325.9046109060073,-3325.9046109060073,-3325.9046109060073,-66.05610540988866,17.997604935565793,4507.928762307423,-26.30943566665032,-6761.864674177399,2661.1853984632467,0.0651277219132427
48.79759519038076,1356.8837226971968,-2703.6107459833925,-3391.541251736514,-3391.541251736514,-3391.541251736514,-3391.541251736514,-3391.541251736514,-3391.541251736514,-3391.541251736514,-3391.458776294766,-3391.541251736514,-3391.541251736514,-3391.541251736514,-3391.541251736514,-3391.541251736514,-67.3680879068592,18.301067286536348,4596.929596570159,-26.832046502103644,-6895.298475897828,2713.695386454591,0.06515520614912515
48.897795591182366,1383.6566875639578,-2757.15675420397,-3458.472996763438,-3458.472996763438,-3458.472996763438,-3458.472996763438,-3458.472996763438,-3458.472996763438,-3458.472996763438,-3458.3904624563975,-3458.472996763438,-3458.472996763438,-3458.472996763438,-3458.472996763438,-3458.472996763438,-68.7059728635756,18.673307703087787,4687.623732698587,-27.36559042284199,-7031.364466277705,2767.2414574648137,0.06518267661879906
48.99799599198397,1410.9579155645993,-2811.7592886529974,-3526.725399959219,-3526.725399959219,-3526.725399959219,-3526.725399959219,-3526.725399959219,-3526.725399959219,-3526.725399959219,-3526.6428068163705,-3526.725399959219,-3526.725399959219,-3526.725399959219,-3526.725399959219,-3526.725399959219,-70.07027135929836,19.001594365997633,4780.158672771641,-27.90915419231962,-7170.1157105793845,2821.8440546720362,0.06521013332915963
49.098196392785574,1438.797829972895,-2867.43919587804,-3596.3245195081226,-3596.3245195081226,-3596.3245195081226,-3596.3245195081226,-3596.3245195081226,-3596.3245195081226,-3596.3245195081226,-3596.241867558935,-3596.3245195081226,-3596.3245195081226,-3596.3245195081226,-3596.3245195081226,-3596.3245195081226,-71.4615045575247,19.425002481236234,4874.430792823025,-28.46432030636639,-7311.603807307241,2877.52402462384,0.06523757628709857
49.19839679358718,1467.18705972624,-2924.2177337539083,-3667.29692775347,-3667.29692775347,-3667.29692775347,-3667.29692775347,-3667.29692775347,-3667.29692775347,-3667.29692775347,-3667.2142170273987,-3667.29692775347,-3667.29692775347,-3667.29692775347,-3667.29692775347,-3667.29692775347,-72.88020390493296,19.789837024510398,4970.629944522349,-29.02977824135295,-7455.884297368145,2934.3026251950505,0.06526500549950416
49.298597194388776,1496.1364434839552,-2982.116579599264,-3739.669721343395,-3739.669721343395,-3739.669721343395,-3739.669721343395,-3739.669721343395,-3739.669721343395,-3739.669721343395,-3739.58695186988,-3739.669721343395,-3739.669721343395,-3739.669721343395,-3739.669721343395,-3739.669721343395,-74.3269113342979,20.163319172260586,5068.725772274228,-29.606407686844026,-7603.011601443195,2992.2015337043463,0.06529242097326117
49.39879759519038,1525.6570337652777,-3041.1578384526,-3813.4705315758247,-3813.4705315758247,-3813.4705315758247,-3813.4705315758247,-3813.4705315758247,-3813.4705315758247,-3813.4705315758247,-3813.387703384291,-3813.4705315758247,-3813.4705315758247,-3813.4705315758247,-3813.4705315758247,-3813.4705315758247,-75.80217947139018,20.50262006140153,5168.7987001530755,-30.194003571513672,-7753.042316139923,3051.242855190236,0.06531982271525101
49.498997995991985,1555.7601011692377,-3101.3640515119973,-3888.7275349481665,-3888.7275349481665,-3888.7275349481665,-3888.7275349481665,-3888.7275349481665,-3888.7275349481665,-3888.7275349481665,-3888.644648068025,-3888.7275349481665,-3888.7275349481665,-3888.7275349481665,-3888.7275349481665,-3888.7275349481665,-77.30657184597015,20.95176565311738,5270.743035454707,-30.794214150393405,-7906.032297376691,3111.4491308508154,0.06534721073235158
49.59919839679359,1586.4571386774087,-3162.7582047406217,-3965.4694639141867,-3965.4694639141867,-3965.4694639141867,-3965.4694639141867,-3965.4694639141867,-3965.4694639141867,-3965.4694639141867,-3965.3865183748335,-3965.4694639141867,-3965.4694639141867,-3965.4694639141867,-3965.4694639141867,-3965.4694639141867,-78.84066310692552,21.394119768200657,5374.714509247008,-31.406112713557008,-8062.041110715823,3172.843346649267,0.06537458503143738
49.699398797595194,1617.7598660414546,-3225.3637376418224,-4043.7256178528805,-4043.7256178528805,-4043.7256178528805,-4043.7256178528805,-4043.7256178528805,-4043.7256178528805,-4043.7256178528805,-4043.642613683696,-4043.7256178528805,-4043.7256178528805,-4043.7256178528805,-4043.7256178528805,-4043.7256178528805,-80.40503924164858,21.780480931602366,5480.802187887257,-32.02944433500521,-8221.128806935689,3235.448942088954,0.0654019456193794
49.7995991983968,1649.6802342585522,-3289.2045522099706,-4123.52587425702,-4123.52587425702,-4123.52587425702,-4123.52587425702,-4123.52587425702,-4123.52587425702,-4123.52587425702,-4123.442811487371,-4123.52587425702,-4123.52587425702,-4123.52587425702,-4123.52587425702,-4123.52587425702,-82.0002977998073,22.20850557081945,5588.949063458058,-32.665411888589794,-8383.355158833276,3299.289819164265,0.06542929250304524
49.899799599198396,1682.230430133302,-3354.305022054288,-4204.900700137943,-4204.900700137943,-4204.900700137943,-4204.900700137943,-4204.900700137943,-4204.900700137943,-4204.900700137943,-4204.8175787971795,-4204.900700137943,-4204.900700137943,-4204.900700137943,-4204.900700137943,-4204.900700137943,-83.62704812144102,22.610661020338043,5699.264122520985,-33.31358829653591,-8548.782772312978,3364.390351484437,0.06545662568929908
50.0,1715.422880930879,-3420.6900017051444,-4287.88116365842,-4287.88116365842,-4287.88116365842,-4287.88116365842,-4287.88116365842,-4287.88116365842,-4287.88116365842,-4287.7979837758785,-4287.88116365842,-4287.88116365842,-4287.88116365842,-4287.88116365842,-4287.88116365842,-85.28591156961787,23.03211949222549,5811.744462415358,-33.974666504145844,-8717.474360097904,3430.7753935798546,0.06548394518500163
