time,Sub,Biomass,Ca,Cl,Co,Cu,Fe,Mg,Mo,Na,Zn,K,Ni,NH4,P,S,CO2_l,CO2_g,O2_l,O2_g,H,OH
0,0.1,0.05,0,0,0,0,0,0,0,0,0,0,0,0,0,0,0,0,0,0,0,0
1.20240481,0.09345569187,0.05627816609,-0.00627816609,-0.00627816609,-0.00627816609,-0.00627816609,-0.00627816609,-0.00627816609,-0.00627816609,-0.00627816609,-0.00627816609,-0.00627816609,-0.00627816609,-0.00627816609,-0.00627816609,-0.0003139083045,0.0003620300092,0.01941137937,27.66118196,-24.58232755,0.01255633218,0
2.404809619,0.08590961494,0.06305721658,-0.01305721658,-0.01305721658,-0.01305721658,-0.01305721658,-0.01305721658,-0.01305721658,-0.01305721658,-0.01305721658,-0.01305721658,-0.01305721658,-0.01305721658,-0.01305721658,-0.01305721658,-0.0006528608288,0.0003881242385,0.03849361135,27.66114281,-21.80545675,0.02611443315,0
3.607214429,0.07751594232,0.07026006491,-0.02026006491,-0.02026006491,-0.02026006491,-0.02026006491,-0.02026006491,-0.02026006491,-0.02026006491,-0.02026006491,-0.02026006491,-0.02026006491,-0.02026006491,-0.02026006491,-0.02026006491,-0.001013003246,0.0004087888263,0.05674705514,27.66111182,-19.3451848,0.04052012982,0
4.809619238,0.06851817703,0.07776495958,-0.02776495958,-0.02776495958,-0.02776495958,-0.02776495958,-0.02776495958,-0.02776495958,-0.02776495958,-0.02776495958,-0.02776495958,-0.02776495958,-0.02776495958,-0.02776495958,-0.02776495958,-0.001388247979,0.0004214517339,0.07388416362,27.66109282,-17.16507057,0.05552991916,0
6.012024048,0.05925076507,0.08540467758,-0.03540467758,-0.03540467758,-0.03540467758,-0.03540467758,-0.03540467758,-0.03540467758,-0.03540467758,-0.03540467758,-0.03540467758,-0.03540467758,-0.03540467758,-0.03540467758,-0.03540467758,-0.001770233879,0.000423734043,0.08950707125,27.6610894,-15.23258886,0.07080935517,0
7.214428858,0.05011981845,0.09297616292,-0.04297616292,-0.04297616292,-0.04297616292,-0.04297616292,-0.04297616292,-0.04297616292,-0.04297616292,-0.04297616292,-0.04297616292,-0.04297616292,-0.04297616292,-0.04297616292,-0.04297616292,-0.002148808146,0.0004141469958,0.1031501205,27.66110378,-13.51872893,0.08595232584,0
8.416833667,0.04155589722,0.1002641356,-0.05026413556,-0.05026413556,-0.05026413556,-0.05026413556,-0.05026413556,-0.05026413556,-0.05026413556,-0.05026413556,-0.05026413556,-0.05026413556,-0.05026413556,-0.05026413556,-0.05026413556,-0.002513206778,0.0003928948751,0.1143614048,27.66113566,-11.99770827,0.1005282711,0
9.619238477,0.03394209047,0.107077051,-0.05707705096,-0.05707705096,-0.05707705096,-0.05707705096,-0.05707705096,-0.05707705096,-0.05707705096,-0.05707705096,-0.05707705096,-0.05707705096,-0.05707705096,-0.05707705096,-0.05707705096,-0.002853852548,0.0003623542422,0.122813956,27.66118147,-10.6467755,0.1141541019,0
10.82164329,0.0275388822,0.1132846671,-0.06328466712,-0.06328466712,-0.06328466712,-0.06328466712,-0.06328466712,-0.06328466712,-0.06328466712,-0.06328466712,-0.06328466712,-0.06328466712,-0.06328466712,-0.06328466712,-0.06328466712,-0.003164233356,0.0003267546693,0.1284097476,27.66123487,-9.446045375,0.1265693342,0
12.0240481,0.02243754067,0.1188413499,-0.0688413499,-0.0688413499,-0.0688413499,-0.0688413499,-0.0688413499,-0.0688413499,-0.0688413499,-0.0688413499,-0.0688413499,-0.0688413499,-0.0688413499,-0.0688413499,-0.0688413499,-0.003442067495,0.0002909531205,0.1313273916,27.66128857,-8.378276313,0.1376826998,0
13.22645291,0.01856670692,0.1237827788,-0.07378277881,-0.07378277881,-0.07378277881,-0.07378277881,-0.07378277881,-0.07378277881,-0.07378277881,-0.07378277881,-0.07378277881,-0.07378277881,-0.07378277881,-0.07378277881,-0.07378277881,-0.00368913894,0.0002589336009,0.1319805689,27.6613366,-7.428585452,0.1475655576,0
14.42885772,0.01574333806,0.1282004753,-0.07820047526,-0.07820047526,-0.07820047526,-0.07820047526,-0.07820047526,-0.07820047526,-0.07820047526,-0.07820047526,-0.07820047526,-0.07820047526,-0.07820047526,-0.07820047526,-0.07820047526,-0.003910023763,0.0002328825649,0.1309126048,27.66137568,-6.584016704,0.1564009505,0
15.63126253,0.01373976187,0.1322082754,-0.08220827538,-0.08220827538,-0.08220827538,-0.08220827538,-0.08220827538,-0.08220827538,-0.08220827538,-0.08220827538,-0.08220827538,-0.08220827538,-0.08220827538,-0.08220827538,-0.08220827538,-0.004110413769,0.0002132205425,0.1286758786,27.66140517,-5.833196873,0.1644165508,0
16.83366733,0.01233685136,0.1359157427,-0.08591574266,-0.08591574266,-0.08591574266,-0.08591574266,-0.08591574266,-0.08591574266,-0.08591574266,-0.08591574266,-0.08591574266,-0.08591574266,-0.08591574266,-0.08591574266,-0.08591574266,-0.004295787133,0.0001992097752,0.125747258,27.66142619,-5.166019935,0.1718314853,0
18.03607214,0.01135268257,0.1394138391,-0.08941383907,-0.08941383907,-0.08941383907,-0.08941383907,-0.08941383907,-0.08941383907,-0.08941383907,-0.08941383907,-0.08941383907,-0.08941383907,-0.08941383907,-0.08941383907,-0.08941383907,-0.004470691954,0.0001896436407,0.1224911957,27.66144053,-4.57344055,0.1788276781,0
19.23847695,0.01064998625,0.1427711993,-0.09277119926,-0.09277119926,-0.09277119926,-0.09277119926,-0.09277119926,-0.09277119926,-0.09277119926,-0.09277119926,-0.09277119926,-0.09277119926,-0.09277119926,-0.09277119926,-0.09277119926,-0.004638559963,0.0001833063135,0.1191607926,27.66145004,-4.047331251,0.1855423985,0
20.44088176,0.0101318942,0.1460362573,-0.09603625731,-0.09603625731,-0.09603625731,-0.09603625731,-0.09603625731,-0.09603625731,-0.09603625731,-0.09603625731,-0.09603625731,-0.09603625731,-0.09603625731,-0.09603625731,-0.09603625731,-0.004801812865,0.0001791881364,0.1159169516,27.66145622,-3.580390394,0.1920725146,0
21.64328657,0.009733167695,0.1492416326,-0.09924163259,-0.09924163259,-0.09924163259,-0.09924163259,-0.09924163259,-0.09924163259,-0.09924163259,-0.09924163259,-0.09924163259,-0.09924163259,-0.09924163259,-0.09924163259,-0.09924163259,-0.004962081629,0.0001765352364,0.1128525993,27.6614602,-3.166068752,0.1984832652,0
22.84569138,0.009411345733,0.1524085556,-0.1024085556,-0.1024085556,-0.1024085556,-0.1024085556,-0.1024085556,-0.1024085556,-0.1024085556,-0.1024085556,-0.1024085556,-0.1024085556,-0.1024085556,-0.1024085556,-0.1024085556,-0.00512042778,0.0001748212114,0.1100143006,27.66146277,-2.798505022,0.2048171112,0
24.04809619,0.009139547189,0.1555504669,-0.1055504669,-0.1055504669,-0.1055504669,-0.1055504669,-0.1055504669,-0.1055504669,-0.1055504669,-0.1055504669,-0.1055504669,-0.1055504669,-0.1055504669,-0.1055504669,-0.1055504669,-0.005277523344,0.0001736963154,0.1074187764,27.66146446,-2.472465508,0.2111009338,0
25.250501,0.0089010096,0.1586757477,-0.1086757477,-0.1086757477,-0.1086757477,-0.1086757477,-0.1086757477,-0.1086757477,-0.1086757477,-0.1086757477,-0.1086757477,-0.1086757477,-0.1086757477,-0.1086757477,-0.1086757477,-0.005433787385,0.0001729350809,0.1050649446,27.6614656,-2.183285341,0.2173514954,0
26.45290581,0.008685449495,0.1617895398,-0.1117895398,-0.1117895398,-0.1117895398,-0.1117895398,-0.1117895398,-0.1117895398,-0.1117895398,-0.1117895398,-0.1117895398,-0.1117895398,-0.1117895398,-0.1117895398,-0.1117895398,-0.005589476989,0.0001723968393,0.1029416231,27.6614664,-1.926813795,0.2235790796,0
27.65531062,0.008486559765,0.1648949967,-0.1148949967,-0.1148949967,-0.1148949967,-0.1148949967,-0.1148949967,-0.1148949967,-0.1148949967,-0.1148949967,-0.1148949967,-0.1148949967,-0.1148949967,-0.1148949967,-0.1148949967,-0.005744749834,0.0001719953714,0.1010326352,27.66146701,-1.699360322,0.2297899933,0
28.85771543,0.008300437689,0.1679940697,-0.1179940697,-0.1179940697,-0.1179940697,-0.1179940697,-0.1179940697,-0.1179940697,-0.1179940697,-0.1179940697,-0.1179940697,-0.1179940697,-0.1179940697,-0.1179940697,-0.1179940697,-0.005899703487,0.0001716783394,0.09931982465,27.66146748,-1.497642304,0.2359881395,0
30.06012024,0.00812468153,0.1710879598,-0.1210879598,-0.1210879598,-0.1210879598,-0.1210879598,-0.1210879598,-0.1210879598,-0.1210879598,-0.1210879598,-0.1210879598,-0.1210879598,-0.1210879598,-0.1210879598,-0.1210879598,-0.006054397992,0.0001714154459,0.09778476872,27.66146788,-1.318754111,0.2421759197,0
31.26252505,0.007957703027,0.1741774611,-0.1241774611,-0.1241774611,-0.1241774611,-0.1241774611,-0.1241774611,-0.1241774611,-0.1241774611,-0.1241774611,-0.1241774611,-0.1241774611,-0.1241774611,-0.1241774611,-0.1241774611,-0.006208873056,0.0001711881893,0.0964098266,27.66146822,-1.16011205,0.2483549222,0
32.46492986,0.007798433207,0.177263108,-0.127263108,-0.127263108,-0.127263108,-0.127263108,-0.127263108,-0.127263108,-0.127263108,-0.127263108,-0.127263108,-0.127263108,-0.127263108,-0.127263108,-0.127263108,-0.006363155402,0.0001709858325,0.09517853948,27.66146852,-1.019424665,0.2545262161,0
33.66733467,0.007646104641,0.1803452844,-0.1303452844,-0.1303452844,-0.1303452844,-0.1303452844,-0.1303452844,-0.1303452844,-0.1303452844,-0.1303452844,-0.1303452844,-0.1303452844,-0.1303452844,-0.1303452844,-0.1303452844,-0.006517264218,0.0001708018878,0.09407584032,27.6614688,-0.8946597452,0.2606905687,0
34.86973948,0.007500128536,0.1834242844,-0.1334242844,-0.1334242844,-0.1334242844,-0.1334242844,-0.1334242844,-0.1334242844,-0.1334242844,-0.1334242844,-0.1334242844,-0.1334242844,-0.1334242844,-0.1334242844,-0.1334242844,-0.006671214221,0.0001706326836,0.09308808744,27.66146905,-0.7840148197,0.2668485689,0
36.07214429,0.007360029533,0.186500346,-0.136500346,-0.136500346,-0.136500346,-0.136500346,-0.136500346,-0.136500346,-0.136500346,-0.136500346,-0.136500346,-0.136500346,-0.136500346,-0.136500346,-0.136500346,-0.006825017298,0.0001704754123,0.09220300655,27.66146929,-0.6858913837,0.2730006919,0
37.2745491,0.007225406547,0.1895736695,-0.1395736695,-0.1395736695,-0.1395736695,-0.1395736695,-0.1395736695,-0.1395736695,-0.1395736695,-0.1395736695,-0.1395736695,-0.1395736695,-0.1395736695,-0.1395736695,-0.1395736695,-0.006978683474,0.0001703285093,0.09140959755,27.66146951,-0.598872,0.2791473389,0
38.47695391,0.007095909366,0.1926444301,-0.1426444301,-0.1426444301,-0.1426444301,-0.1426444301,-0.1426444301,-0.1426444301,-0.1426444301,-0.1426444301,-0.1426444301,-0.1426444301,-0.1426444301,-0.1426444301,-0.1426444301,-0.007132221504,0.0001701907538,0.09069802629,27.66146971,-0.5216996401,0.2852888602,0
39.67935872,0.006971224735,0.1957127844,-0.1457127844,-0.1457127844,-0.1457127844,-0.1457127844,-0.1457127844,-0.1457127844,-0.1457127844,-0.1457127844,-0.1457127844,-0.1457127844,-0.1457127844,-0.1457127844,-0.1457127844,-0.007285639221,0.0001700612666,0.09005950911,27.66146991,-0.4532588245,0.2914255689,0
40.88176353,0.006851070649,0.1987788735,-0.1487788735,-0.1487788735,-0.1487788735,-0.1487788735,-0.1487788735,-0.1487788735,-0.1487788735,-0.1487788735,-0.1487788735,-0.1487788735,-0.1487788735,-0.1487788735,-0.1487788735,-0.007438943675,0.0001699392516,0.08948621281,27.66147009,-0.392561021,0.297557747,0
42.08416834,0.006735190141,0.2018428258,-0.1518428258,-0.1518428258,-0.1518428258,-0.1518428258,-0.1518428258,-0.1518428258,-0.1518428258,-0.1518428258,-0.1518428258,-0.1518428258,-0.1518428258,-0.1518428258,-0.1518428258,-0.007592141289,0.0001698236965,0.08897115436,27.66147026,-0.3387298832,0.3036856515,0
43.28657315,0.006623346405,0.2049047597,-0.1549047597,-0.1549047597,-0.1549047597,-0.1549047597,-0.1549047597,-0.1549047597,-0.1549047597,-0.1549047597,-0.1549047597,-0.1549047597,-0.1549047597,-0.1549047597,-0.1549047597,-0.007745237983,0.0001697150135,0.08850810595,27.66147043,-0.2909878702,0.3098095193,0
44.48897796,0.006515321377,0.2079647842,-0.1579647842,-0.1579647842,-0.1579647842,-0.1579647842,-0.1579647842,-0.1579647842,-0.1579647842,-0.1579647842,-0.1579647842,-0.1579647842,-0.1579647842,-0.1579647842,-0.1579647842,-0.00789823921,0.000169611997,0.08809152019,27.66147058,-0.2486458562,0.3159295684,0
45.69138277,0.006410913414,0.2110230002,-0.1610230002,-0.1610230002,-0.1610230002,-0.1610230002,-0.1610230002,-0.1610230002,-0.1610230002,-0.1610230002,-0.1610230002,-0.1610230002,-0.1610230002,-0.1610230002,-0.1610230002,-0.00805115001,0.0001695142938,0.08771644889,27.66147073,-0.2110924089,0.3220460004,0
46.89378758,0.006309935599,0.2140795011,-0.1640795011,-0.1640795011,-0.1640795011,-0.1640795011,-0.1640795011,-0.1640795011,-0.1640795011,-0.1640795011,-0.1640795011,-0.1640795011,-0.1640795011,-0.1640795011,-0.1640795011,-0.008203975057,0.0001694215863,0.08737848075,27.66147087,-0.1777852567,0.3281590023,0
48.09619238,0.006212214325,0.2171343738,-0.1671343738,-0.1671343738,-0.1671343738,-0.1671343738,-0.1671343738,-0.1671343738,-0.1671343738,-0.1671343738,-0.1671343738,-0.1671343738,-0.1671343738,-0.1671343738,-0.1671343738,-0.00835671869,0.0001693335242,0.08707368522,27.661471,-0.1482437623,0.3342687476,0
49.29859719,0.006117588088,0.2201876989,-0.1701876989,-0.1701876989,-0.1701876989,-0.1701876989,-0.1701876989,-0.1701876989,-0.1701876989,-0.1701876989,-0.1701876989,-0.1701876989,-0.1701876989,-0.1701876989,-0.1701876989,-0.008509384947,0.0001692497892,0.08679855866,27.66147113,-0.1220417871,0.3403753979,0
50.501002,0.00602590631,0.2232395519,-0.1732395519,-0.1732395519,-0.1732395519,-0.1732395519,-0.1732395519,-0.1732395519,-0.1732395519,-0.1732395519,-0.1732395519,-0.1732395519,-0.1732395519,-0.1732395519,-0.1732395519,-0.008661977593,0.0001691700904,0.08654997697,27.66147124,-0.09880141726,0.3464791037,0
51.70340681,0.005937028413,0.2262900028,-0.1762900028,-0.1762900028,-0.1762900028,-0.1762900028,-0.1762900028,-0.1762900028,-0.1762900028,-0.1762900028,-0.1762900028,-0.1762900028,-0.1762900028,-0.1762900028,-0.1762900028,-0.008814500141,0.0001690941614,0.08632515309,27.66147136,-0.07818738534,0.3525800057,0
52.90581162,0.005850823012,0.2293391176,-0.1793391176,-0.1793391176,-0.1793391176,-0.1793391176,-0.1793391176,-0.1793391176,-0.1793391176,-0.1793391176,-0.1793391176,-0.1793391176,-0.1793391176,-0.1793391176,-0.1793391176,-0.008966955878,0.0001690217592,0.08612160204,27.66147147,-0.05990248116,0.3586782351,0
54.10821643,0.005767167111,0.2323869575,-0.1823869575,-0.1823869575,-0.1823869575,-0.1823869575,-0.1823869575,-0.1823869575,-0.1823869575,-0.1823869575,-0.1823869575,-0.1823869575,-0.1823869575,-0.1823869575,-0.1823869575,-0.009119347876,0.0001689526613,0.08593710768,27.66147157,-0.04368320467,0.3647739151,0
55.31062124,0.005685945384,0.2354335804,-0.1854335804,-0.1854335804,-0.1854335804,-0.1854335804,-0.1854335804,-0.1854335804,-0.1854335804,-0.1854335804,-0.1854335804,-0.1854335804,-0.1854335804,-0.1854335804,-0.1854335804,-0.009271679021,0.0001688866614,0.08576969137,27.66147167,-0.02929570424,0.3708671608,0
56.51302605,0.005607049641,0.2384790403,-0.1884790403,-0.1884790403,-0.1884790403,-0.1884790403,-0.1884790403,-0.1884790403,-0.1884790403,-0.1884790403,-0.1884790403,-0.1884790403,-0.1884790403,-0.1884790403,-0.1884790403,-0.009423952015,0.0001688235714,0.08561758811,27.66147176,-0.01653268756,0.3769580806,0
57.71543086,0.005530378216,0.241523388,-0.191523388,-0.191523388,-0.191523388,-0.191523388,-0.191523388,-0.191523388,-0.191523388,-0.191523388,-0.191523388,-0.191523388,-0.191523388,-0.191523388,-0.191523388,-0.009576169402,0.0001687632166,0.08547922321,27.66147186,-0.005210409047,0.3830467761,0
58.91783567,0.005455835461,0.2445666714,-0.1945666714,-0.1945666714,-0.1945666714,-0.1945666714,-0.1945666714,-0.1945666714,-0.1945666714,-0.1945666714,-0.1945666714,-0.1945666714,-0.1945666714,-0.1945666714,-0.1945666714,-0.009728333572,0.000168705437,0.08535319024,27.66147194,0.004834161238,0.3891333429,0
60.12024048,0.005383331325,0.2476089355,-0.1976089355,-0.1976089355,-0.1976089355,-0.1976089355,-0.1976089355,-0.1976089355,-0.1976089355,-0.1976089355,-0.1976089355,-0.1976089355,-0.1976089355,-0.1976089355,-0.1976089355,-0.009880446777,0.0001686500816,0.08523823362,27.66147202,0.01374555675,0.3952178711,0
61.32264529,0.005312780902,0.2506502228,-0.2006502228,-0.2006502228,-0.2006502228,-0.2006502228,-0.2006502228,-0.2006502228,-0.2006502228,-0.2006502228,-0.2006502228,-0.2006502228,-0.2006502228,-0.2006502228,-0.2006502228,-0.01003251114,0.0001685970155,0.0851332319,27.6614721,0.02165195197,0.4013004456,0
62.5250501,0.005244104082,0.2536905732,-0.2036905732,-0.2036905732,-0.2036905732,-0.2036905732,-0.2036905732,-0.2036905732,-0.2036905732,-0.2036905732,-0.2036905732,-0.2036905732,-0.2036905732,-0.2036905732,-0.2036905732,-0.01018452866,0.000168546109,0.08503718308,27.66147218,0.02866702454,0.4073811464,0
63.72745491,0.005177225201,0.2567300247,-0.2067300247,-0.2067300247,-0.2067300247,-0.2067300247,-0.2067300247,-0.2067300247,-0.2067300247,-0.2067300247,-0.2067300247,-0.2067300247,-0.2067300247,-0.2067300247,-0.2067300247,-0.01033650123,0.000168497243,0.08494919169,27.66147225,0.03489157917,0.4134600493,0
64.92985972,0.005112072724,0.2597686129,-0.2097686129,-0.2097686129,-0.2097686129,-0.2097686129,-0.2097686129,-0.2097686129,-0.2097686129,-0.2097686129,-0.2097686129,-0.2097686129,-0.2097686129,-0.2097686129,-0.2097686129,-0.01048843065,0.0001684503077,0.08486845729,27.66147232,0.04041500308,0.4195372259,0
66.13226453,0.00504857896,0.2628063718,-0.2128063718,-0.2128063718,-0.2128063718,-0.2128063718,-0.2128063718,-0.2128063718,-0.2128063718,-0.2128063718,-0.2128063718,-0.2128063718,-0.2128063718,-0.2128063718,-0.2128063718,-0.01064031859,0.0001684051992,0.08479426408,27.66147239,0.04531656751,0.4256127437,0
67.33466934,0.004986679807,0.2658433334,-0.2158433334,-0.2158433334,-0.2158433334,-0.2158433334,-0.2158433334,-0.2158433334,-0.2158433334,-0.2158433334,-0.2158433334,-0.2158433334,-0.2158433334,-0.2158433334,-0.2158433334,-0.01079216667,0.0001683618223,0.08472597169,27.66147246,0.04966657407,0.4316866669,0
68.53707415,0.004926314501,0.2688795281,-0.2188795281,-0.2188795281,-0.2188795281,-0.2188795281,-0.2188795281,-0.2188795281,-0.2188795281,-0.2188795281,-0.2188795281,-0.2188795281,-0.2188795281,-0.2188795281,-0.2188795281,-0.01094397641,0.0001683200868,0.08466300701,27.66147252,0.0535273704,0.4377590562,0
69.73947896,0.004867425406,0.2719149847,-0.2219149847,-0.2219149847,-0.2219149847,-0.2219149847,-0.2219149847,-0.2219149847,-0.2219149847,-0.2219149847,-0.2219149847,-0.2219149847,-0.2219149847,-0.2219149847,-0.2219149847,-0.01109574923,0.0001682799093,0.08460485699,27.66147258,0.056954246,0.4438299694,0
70.94188377,0.004809957803,0.2749497305,-0.2249497305,-0.2249497305,-0.2249497305,-0.2249497305,-0.2249497305,-0.2249497305,-0.2249497305,-0.2249497305,-0.2249497305,-0.2249497305,-0.2249497305,-0.2249497305,-0.2249497305,-0.01124748653,0.0001682412111,0.08455106213,27.66147264,0.05999623172,0.449899461,0
72.14428858,0.004753859708,0.2779837916,-0.2279837916,-0.2279837916,-0.2279837916,-0.2279837916,-0.2279837916,-0.2279837916,-0.2279837916,-0.2279837916,-0.2279837916,-0.2279837916,-0.2279837916,-0.2279837916,-0.2279837916,-0.01139918958,0.0001682039191,0.08450121071,27.66147269,0.06269680694,0.4559675832,0
73.34669339,0.004699081697,0.2810171926,-0.2310171926,-0.2310171926,-0.2310171926,-0.2310171926,-0.2310171926,-0.2310171926,-0.2310171926,-0.2310171926,-0.2310171926,-0.2310171926,-0.2310171926,-0.2310171926,-0.2310171926,-0.01155085963,0.0001681679642,0.08445493362,27.66147275,0.06509453127,0.4620343852,0
74.5490982,0.004645576747,0.2840499571,-0.2340499571,-0.2340499571,-0.2340499571,-0.2340499571,-0.2340499571,-0.2340499571,-0.2340499571,-0.2340499571,-0.2340499571,-0.2340499571,-0.2340499571,-0.2340499571,-0.2340499571,-0.01170249786,0.0001681332823,0.08441189977,27.6614728,0.0672236076,0.4680999142,0
75.75150301,0.004593300086,0.2870821075,-0.2370821075,-0.2370821075,-0.2370821075,-0.2370821075,-0.2370821075,-0.2370821075,-0.2370821075,-0.2370821075,-0.2370821075,-0.2370821075,-0.2370821075,-0.2370821075,-0.2370821075,-0.01185410537,0.0001680998119,0.08437181201,27.66147285,0.06911437051,0.4741642149,0
76.95390782,0.004542209064,0.290113665,-0.240113665,-0.240113665,-0.240113665,-0.240113665,-0.240113665,-0.240113665,-0.240113665,-0.240113665,-0.240113665,-0.240113665,-0.240113665,-0.240113665,-0.240113665,-0.01200568325,0.0001680674985,0.08433440357,27.6614729,0.07079372033,0.48022733,0
78.15631263,0.004492263023,0.2931446501,-0.2431446501,-0.2431446501,-0.2431446501,-0.2431446501,-0.2431446501,-0.2431446501,-0.2431446501,-0.2431446501,-0.2431446501,-0.2431446501,-0.2431446501,-0.2431446501,-0.2431446501,-0.0121572325,0.0001680362814,0.08429943477,27.66147295,0.07228551175,0.4862893001,0
79.35871743,0.004443423177,0.296175082,-0.246175082,-0.246175082,-0.246175082,-0.246175082,-0.246175082,-0.246175082,-0.246175082,-0.246175082,-0.246175082,-0.246175082,-0.246175082,-0.246175082,-0.246175082,-0.0123087541,0.0001680061292,0.08426669014,27.66147299,0.07361090071,0.492350164,0
80.56112224,0.004395652508,0.2992049794,-0.2492049794,-0.2492049794,-0.2492049794,-0.2492049794,-0.2492049794,-0.2492049794,-0.2492049794,-0.2492049794,-0.2492049794,-0.2492049794,-0.2492049794,-0.2492049794,-0.2492049794,-0.01246024897,0.0001679769692,0.08423597593,27.66147303,0.07478864571,0.4984099587,0
81.76352705,0.004348915658,0.3022343598,-0.2522343598,-0.2522343598,-0.2522343598,-0.2522343598,-0.2522343598,-0.2522343598,-0.2522343598,-0.2522343598,-0.2522343598,-0.2522343598,-0.2522343598,-0.2522343598,-0.2522343598,-0.01261171799,0.0001679487569,0.08420711762,27.66147308,0.07583539462,0.5044687196,0
82.96593186,0.004303178842,0.3052632402,-0.2552632402,-0.2552632402,-0.2552632402,-0.2552632402,-0.2552632402,-0.2552632402,-0.2552632402,-0.2552632402,-0.2552632402,-0.2552632402,-0.2552632402,-0.2552632402,-0.2552632402,-0.01276316201,0.000167921482,0.08417995795,27.66147312,0.07676591286,0.5105264805,0
84.16833667,0.004258409757,0.3082916368,-0.2582916368,-0.2582916368,-0.2582916368,-0.2582916368,-0.2582916368,-0.2582916368,-0.2582916368,-0.2582916368,-0.2582916368,-0.2582916368,-0.2582916368,-0.2582916368,-0.2582916368,-0.01291458184,0.0001678950723,0.08415435524,27.66147316,0.07759329305,0.5165832736,0
85.37074148,0.0042145775,0.311319565,-0.261319565,-0.261319565,-0.261319565,-0.261319565,-0.261319565,-0.261319565,-0.261319565,-0.261319565,-0.261319565,-0.261319565,-0.261319565,-0.261319565,-0.261319565,-0.01306597825,0.0001678695035,0.08413018163,27.6614732,0.07832914671,0.5226391299,0
86.57314629,0.004171652492,0.3143470395,-0.2643470395,-0.2643470395,-0.2643470395,-0.2643470395,-0.2643470395,-0.2643470395,-0.2643470395,-0.2643470395,-0.2643470395,-0.2643470395,-0.2643470395,-0.2643470395,-0.2643470395,-0.01321735197,0.0001678447377,0.0841073217,27.66147323,0.07898377133,0.528694079,0
87.7755511,0.004129606406,0.3173740746,-0.2673740746,-0.2673740746,-0.2673740746,-0.2673740746,-0.2673740746,-0.2673740746,-0.2673740746,-0.2673740746,-0.2673740746,-0.2673740746,-0.2673740746,-0.2673740746,-0.2673740746,-0.01336870373,0.0001678207415,0.08408567113,27.66147327,0.07956630281,0.5347481491,0
88.97795591,0.004088412103,0.3204006837,-0.2704006837,-0.2704006837,-0.2704006837,-0.2704006837,-0.2704006837,-0.2704006837,-0.2704006837,-0.2704006837,-0.2704006837,-0.2704006837,-0.2704006837,-0.2704006837,-0.2704006837,-0.01352003419,0.0001677974821,0.08406513554,27.6614733,0.08008484206,0.5408013675,0
90.18036072,0.004048043566,0.32342688,-0.27342688,-0.27342688,-0.27342688,-0.27342688,-0.27342688,-0.27342688,-0.27342688,-0.27342688,-0.27342688,-0.27342688,-0.27342688,-0.27342688,-0.27342688,-0.013671344,0.0001677749305,0.08404562948,27.66147334,0.08054657834,0.54685376,0
91.38276553,0.004008475842,0.3264526759,-0.2764526759,-0.2764526759,-0.2764526759,-0.2764526759,-0.2764526759,-0.2764526759,-0.2764526759,-0.2764526759,-0.2764526759,-0.2764526759,-0.2764526759,-0.2764526759,-0.2764526759,-0.0138226338,0.0001677530541,0.08402707554,27.66147337,0.08095788517,0.5529053518,0
92.58517034,0.003969684988,0.3294780834,-0.2794780834,-0.2794780834,-0.2794780834,-0.2794780834,-0.2794780834,-0.2794780834,-0.2794780834,-0.2794780834,-0.2794780834,-0.2794780834,-0.2794780834,-0.2794780834,-0.2794780834,-0.01397390417,0.0001677318283,0.0840094034,27.6614734,0.08132442618,0.5589561667,0
93.78757515,0.003931648022,0.3325031139,-0.2825031139,-0.2825031139,-0.2825031139,-0.2825031139,-0.2825031139,-0.2825031139,-0.2825031139,-0.2825031139,-0.2825031139,-0.2825031139,-0.2825031139,-0.2825031139,-0.2825031139,-0.01412515569,0.0001677112346,0.08399254923,27.66147343,0.08165122082,0.5650062277,0
94.98997996,0.00389434287,0.3355277785,-0.2855277785,-0.2855277785,-0.2855277785,-0.2855277785,-0.2855277785,-0.2855277785,-0.2855277785,-0.2855277785,-0.2855277785,-0.2855277785,-0.2855277785,-0.2855277785,-0.2855277785,-0.01427638892,0.000167691223,0.08397645509,27.66147346,0.08194271764,0.5710555569,0
96.19238477,0.003857748329,0.3385520878,-0.2885520878,-0.2885520878,-0.2885520878,-0.2885520878,-0.2885520878,-0.2885520878,-0.2885520878,-0.2885520878,-0.2885520878,-0.2885520878,-0.2885520878,-0.2885520878,-0.2885520878,-0.01442760439,0.000167671802,0.08396106814,27.66147349,0.08220286513,0.5771041755,0
97.39478958,0.003821844016,0.3415760519,-0.2915760519,-0.2915760519,-0.2915760519,-0.2915760519,-0.2915760519,-0.2915760519,-0.2915760519,-0.2915760519,-0.2915760519,-0.2915760519,-0.2915760519,-0.2915760519,-0.2915760519,-0.0145788026,0.0001676529688,0.08394634025,27.66147352,0.0824351683,0.5831521039,0
98.59719439,0.003786610324,0.3445996808,-0.2945996808,-0.2945996808,-0.2945996808,-0.2945996808,-0.2945996808,-0.2945996808,-0.2945996808,-0.2945996808,-0.2945996808,-0.2945996808,-0.2945996808,-0.2945996808,-0.2945996808,-0.01472998404,0.0001676345421,0.08393222772,27.66147355,0.08264273331,0.5891993616,0
99.7995992,0.003752028404,0.3476229838,-0.2976229838,-0.2976229838,-0.2976229838,-0.2976229838,-0.2976229838,-0.2976229838,-0.2976229838,-0.2976229838,-0.2976229838,-0.2976229838,-0.2976229838,-0.2976229838,-0.2976229838,-0.01488114919,0.0001676166954,0.08391869034,27.66147358,0.08282831214,0.5952459676,0
101.002004,0.003718080105,0.35064597,-0.30064597,-0.30064597,-0.30064597,-0.30064597,-0.30064597,-0.30064597,-0.30064597,-0.30064597,-0.30064597,-0.30064597,-0.30064597,-0.30064597,-0.30064597,-0.0150322985,0.000167599478,0.08390569128,27.6614736,0.08299436195,0.6012919399,0
102.2044088,0.003684747961,0.3536686481,-0.3036686481,-0.3036686481,-0.3036686481,-0.3036686481,-0.3036686481,-0.3036686481,-0.3036686481,-0.3036686481,-0.3036686481,-0.3036686481,-0.3036686481,-0.3036686481,-0.3036686481,-0.0151834324,0.0001675826471,0.08389319727,27.66147363,0.08314304723,0.6073372961,0
103.4068136,0.003652015142,0.3566910265,-0.3066910265,-0.3066910265,-0.3066910265,-0.3066910265,-0.3066910265,-0.3066910265,-0.3066910265,-0.3066910265,-0.3066910265,-0.3066910265,-0.3066910265,-0.3066910265,-0.3066910265,-0.01533455132,0.0001675661861,0.08388117747,27.66147365,0.08327630265,0.613382053,0
104.6092184,0.003619865436,0.3597131134,-0.3097131134,-0.3097131134,-0.3097131134,-0.3097131134,-0.3097131134,-0.3097131134,-0.3097131134,-0.3097131134,-0.3097131134,-0.3097131134,-0.3097131134,-0.3097131134,-0.3097131134,-0.01548565567,0.0001675502488,0.08386960346,27.66147367,0.08339583751,0.6194262267,0
105.8116232,0.00358828322,0.3627349165,-0.3127349165,-0.3127349165,-0.3127349165,-0.3127349165,-0.3127349165,-0.3127349165,-0.3127349165,-0.3127349165,-0.3127349165,-0.3127349165,-0.3127349165,-0.3127349165,-0.3127349165,-0.01563674583,0.00016753473,0.08385844939,27.6614737,0.0835031665,0.625469833,0
107.0140281,0.003557253426,0.3657564434,-0.3157564434,-0.3157564434,-0.3157564434,-0.3157564434,-0.3157564434,-0.3157564434,-0.3157564434,-0.3157564434,-0.3157564434,-0.3157564434,-0.3157564434,-0.3157564434,-0.3157564434,-0.01578782217,0.0001675196093,0.08384769132,27.66147372,0.08359964113,0.6315128869,0
108.2164329,0.003526761524,0.3687777014,-0.3187777014,-0.3187777014,-0.3187777014,-0.3187777014,-0.3187777014,-0.3187777014,-0.3187777014,-0.3187777014,-0.3187777014,-0.3187777014,-0.3187777014,-0.3187777014,-0.3187777014,-0.01593888507,0.0001675048889,0.08383730722,27.66147374,0.08368645216,0.6375554028,0
109.4188377,0.003496793495,0.3717986974,-0.3217986974,-0.3217986974,-0.3217986974,-0.3217986974,-0.3217986974,-0.3217986974,-0.3217986974,-0.3217986974,-0.3217986974,-0.3217986974,-0.3217986974,-0.3217986974,-0.3217986974,-0.01608993487,0.000167490546,0.08382727675,27.66147376,0.08376466383,0.6435973949,0
110.6212425,0.003467335808,0.3748194383,-0.3248194383,-0.3248194383,-0.3248194383,-0.3248194383,-0.3248194383,-0.3248194383,-0.3248194383,-0.3248194383,-0.3248194383,-0.3248194383,-0.3248194383,-0.3248194383,-0.3248194383,-0.01624097192,0.0001674765758,0.08381758109,27.66147379,0.08383521702,0.6496388766,0
111.8236473,0.003438375401,0.3778399305,-0.3278399305,-0.3278399305,-0.3278399305,-0.3278399305,-0.3278399305,-0.3278399305,-0.3278399305,-0.3278399305,-0.3278399305,-0.3278399305,-0.3278399305,-0.3278399305,-0.3278399305,-0.01639199653,0.0001674629574,0.08380820289,27.66147381,0.08389894415,0.6556798611,0
113.0260521,0.003409899656,0.3808601804,-0.3308601804,-0.3308601804,-0.3308601804,-0.3308601804,-0.3308601804,-0.3308601804,-0.3308601804,-0.3308601804,-0.3308601804,-0.3308601804,-0.3308601804,-0.3308601804,-0.3308601804,-0.01654300902,0.0001674496763,0.08379912595,27.66147383,0.08395659317,0.6617203609,0
114.2284569,0.003381896383,0.3838801941,-0.3338801941,-0.3338801941,-0.3338801941,-0.3338801941,-0.3338801941,-0.3338801941,-0.3338801941,-0.3338801941,-0.3338801941,-0.3338801941,-0.3338801941,-0.3338801941,-0.3338801941,-0.0166940097,0.0001674367343,0.08379033532,27.66147384,0.0840088207,0.6677603882,0
115.4308617,0.003354353795,0.3868999774,-0.3368999774,-0.3368999774,-0.3368999774,-0.3368999774,-0.3368999774,-0.3368999774,-0.3368999774,-0.3368999774,-0.3368999774,-0.3368999774,-0.3368999774,-0.3368999774,-0.3368999774,-0.01684499887,0.0001674241395,0.083781817,27.66147386,0.08405621723,0.6737999548,0
116.6332665,0.003327260509,0.3899195361,-0.3399195361,-0.3399195361,-0.3399195361,-0.3399195361,-0.3399195361,-0.3399195361,-0.3399195361,-0.3399195361,-0.3399195361,-0.3399195361,-0.3399195361,-0.3399195361,-0.3399195361,-0.0169959768,0.0001674118489,0.08377355807,27.66147388,0.08409930286,0.6798390722,0
117.8356713,0.003300605517,0.3929388756,-0.3429388756,-0.3429388756,-0.3429388756,-0.3429388756,-0.3429388756,-0.3429388756,-0.3429388756,-0.3429388756,-0.3429388756,-0.3429388756,-0.3429388756,-0.3429388756,-0.3429388756,-0.01714694378,0.0001673997918,0.08376554648,27.6614739,0.08413854085,0.6858777512,0
119.0380762,0.003274378162,0.3959580013,-0.3459580013,-0.3459580013,-0.3459580013,-0.3459580013,-0.3459580013,-0.3459580013,-0.3459580013,-0.3459580013,-0.3459580013,-0.3459580013,-0.3459580013,-0.3459580013,-0.3459580013,-0.01729790006,0.0001673880367,0.08375777086,27.66147392,0.08417434328,0.6919160026,0
120.240481,0.003248568125,0.3989769183,-0.3489769183,-0.3489769183,-0.3489769183,-0.3489769183,-0.3489769183,-0.3489769183,-0.3489769183,-0.3489769183,-0.3489769183,-0.3489769183,-0.3489769183,-0.3489769183,-0.3489769183,-0.01744884592,0.0001673767497,0.08375022052,27.66147393,0.08420707419,0.6979538367,0
121.4428858,0.003223165435,0.4019956317,-0.3519956317,-0.3519956317,-0.3519956317,-0.3519956317,-0.3519956317,-0.3519956317,-0.3519956317,-0.3519956317,-0.3519956317,-0.3519956317,-0.3519956317,-0.3519956317,-0.3519956317,-0.01759978159,0.0001673658158,0.08374288568,27.66147395,0.08423705885,0.7039912634,0
122.6452906,0.003198160456,0.4050141462,-0.3550141462,-0.3550141462,-0.3550141462,-0.3550141462,-0.3550141462,-0.3550141462,-0.3550141462,-0.3550141462,-0.3550141462,-0.3550141462,-0.3550141462,-0.3550141462,-0.3550141462,-0.01775070731,0.0001673548829,0.08373575741,27.66147397,0.08426458365,0.7100282924,0
123.8476954,0.00317354384,0.4080324666,-0.3580324666,-0.3580324666,-0.3580324666,-0.3580324666,-0.3580324666,-0.3580324666,-0.3580324666,-0.3580324666,-0.3580324666,-0.3580324666,-0.3580324666,-0.3580324666,-0.3580324666,-0.01790162333,0.000167343973,0.08372882697,27.66147398,0.08428990592,0.7160649331,0
125.0501002,0.003149306533,0.4110505972,-0.3610505972,-0.3610505972,-0.3610505972,-0.3610505972,-0.3610505972,-0.3610505972,-0.3610505972,-0.3610505972,-0.3610505972,-0.3610505972,-0.3610505972,-0.3610505972,-0.3610505972,-0.01805252986,0.000167333407,0.08372208589,27.661474,0.0843132528,0.7221011945,0
126.252505,0.00312543976,0.4140685426,-0.3640685426,-0.3640685426,-0.3640685426,-0.3640685426,-0.3640685426,-0.3640685426,-0.3640685426,-0.3640685426,-0.3640685426,-0.3640685426,-0.3640685426,-0.3640685426,-0.3640685426,-0.01820342713,0.0001673232183,0.08371552644,27.66147402,0.08433482863,0.7281370853,0
127.4549098,0.003101934999,0.417086307,-0.367086307,-0.367086307,-0.367086307,-0.367086307,-0.367086307,-0.367086307,-0.367086307,-0.367086307,-0.367086307,-0.367086307,-0.367086307,-0.367086307,-0.367086307,-0.01835431535,0.0001673134068,0.08370914141,27.66147403,0.08435481261,0.7341726141,0
128.6573146,0.003078783996,0.4201038946,-0.3701038946,-0.3701038946,-0.3701038946,-0.3701038946,-0.3701038946,-0.3701038946,-0.3701038946,-0.3701038946,-0.3701038946,-0.3701038946,-0.3701038946,-0.3701038946,-0.3701038946,-0.01850519473,0.0001673040005,0.08370292394,27.66147404,0.08437336731,0.7402077892,0
129.8597194,0.003055978765,0.4231213092,-0.3731213092,-0.3731213092,-0.3731213092,-0.3731213092,-0.3731213092,-0.3731213092,-0.3731213092,-0.3731213092,-0.3731213092,-0.3731213092,-0.3731213092,-0.3731213092,-0.3731213092,-0.01865606546,0.0001672946001,0.08369686798,27.66147406,0.08439063364,0.7462426184,0
131.0621242,0.00303351155,0.4261385548,-0.3761385548,-0.3761385548,-0.3761385548,-0.3761385548,-0.3761385548,-0.3761385548,-0.3761385548,-0.3761385548,-0.3761385548,-0.3761385548,-0.3761385548,-0.3761385548,-0.3761385548,-0.01880692774,0.0001672850729,0.08369096755,27.66147407,0.08440674056,0.7522771097,0
132.2645291,0.003011374854,0.4291556352,-0.3791556352,-0.3791556352,-0.3791556352,-0.3791556352,-0.3791556352,-0.3791556352,-0.3791556352,-0.3791556352,-0.3791556352,-0.3791556352,-0.3791556352,-0.3791556352,-0.3791556352,-0.01895778176,0.0001672758169,0.08368521646,27.66147409,0.08442180114,0.7583112704,0
133.4669339,0.002989561395,0.432172554,-0.382172554,-0.382172554,-0.382172554,-0.382172554,-0.382172554,-0.382172554,-0.382172554,-0.382172554,-0.382172554,-0.382172554,-0.382172554,-0.382172554,-0.382172554,-0.0191086277,0.000167266871,0.08367960915,27.6614741,0.08443591802,0.7643451079,0
134.6693387,0.002968064076,0.4351893147,-0.3851893147,-0.3851893147,-0.3851893147,-0.3851893147,-0.3851893147,-0.3851893147,-0.3851893147,-0.3851893147,-0.3851893147,-0.3851893147,-0.3851893147,-0.3851893147,-0.3851893147,-0.01925946573,0.0001672582618,0.08367414045,27.66147411,0.08444918039,0.7703786293,0
135.8717435,0.002946876021,0.4382059207,-0.3882059207,-0.3882059207,-0.3882059207,-0.3882059207,-0.3882059207,-0.3882059207,-0.3882059207,-0.3882059207,-0.3882059207,-0.3882059207,-0.3882059207,-0.3882059207,-0.3882059207,-0.01941029604,0.0001672501372,0.08366880526,27.66147412,0.08446166999,0.7764118414,0
137.0741483,0.002925990534,0.4412223755,-0.3912223755,-0.3912223755,-0.3912223755,-0.3912223755,-0.3912223755,-0.3912223755,-0.3912223755,-0.3912223755,-0.3912223755,-0.3912223755,-0.3912223755,-0.3912223755,-0.3912223755,-0.01956111877,0.0001672420088,0.08366359946,27.66147414,0.08447345682,0.7824447509,0
138.2765531,0.002905401102,0.4442386822,-0.3942386822,-0.3942386822,-0.3942386822,-0.3942386822,-0.3942386822,-0.3942386822,-0.3942386822,-0.3942386822,-0.3942386822,-0.3942386822,-0.3942386822,-0.3942386822,-0.3942386822,-0.01971193411,0.0001672336455,0.08365851884,27.66147415,0.08448460537,0.7884773644,0
139.4789579,0.002885101459,0.4472548441,-0.3972548441,-0.3972548441,-0.3972548441,-0.3972548441,-0.3972548441,-0.3972548441,-0.3972548441,-0.3972548441,-0.3972548441,-0.3972548441,-0.3972548441,-0.3972548441,-0.3972548441,-0.0198627422,0.0001672254829,0.08365355869,27.66147416,0.08449517325,0.7945096881,0
140.6813627,0.002865085487,0.4502708641,-0.4002708641,-0.4002708641,-0.4002708641,-0.4002708641,-0.4002708641,-0.4002708641,-0.4002708641,-0.4002708641,-0.4002708641,-0.4002708641,-0.4002708641,-0.4002708641,-0.4002708641,-0.0200135432,0.0001672175388,0.08364871493,27.66147417,0.08450521262,0.8005417281,0
141.8837675,0.002845347267,0.4532867452,-0.4032867452,-0.4032867452,-0.4032867452,-0.4032867452,-0.4032867452,-0.4032867452,-0.4032867452,-0.4032867452,-0.4032867452,-0.4032867452,-0.4032867452,-0.4032867452,-0.4032867452,-0.02016433726,0.0001672098979,0.08364398359,27.66147419,0.08451476895,0.8065734904,0
143.0861723,0.002825881058,0.4563024903,-0.4063024903,-0.4063024903,-0.4063024903,-0.4063024903,-0.4063024903,-0.4063024903,-0.4063024903,-0.4063024903,-0.4063024903,-0.4063024903,-0.4063024903,-0.4063024903,-0.4063024903,-0.02031512452,0.0001672028327,0.08363936063,27.6614742,0.08452388465,0.8126049807,0
144.2885772,0.002806681194,0.4593181023,-0.4093181023,-0.4093181023,-0.4093181023,-0.4093181023,-0.4093181023,-0.4093181023,-0.4093181023,-0.4093181023,-0.4093181023,-0.4093181023,-0.4093181023,-0.4093181023,-0.4093181023,-0.02046590511,0.0001671957808,0.08363484319,27.66147421,0.08453259477,0.8186362046,0
145.490982,0.002787742194,0.4623335838,-0.4123335838,-0.4123335838,-0.4123335838,-0.4123335838,-0.4123335838,-0.4123335838,-0.4123335838,-0.4123335838,-0.4123335838,-0.4123335838,-0.4123335838,-0.4123335838,-0.4123335838,-0.02061667919,0.000167188431,0.08363042825,27.66147422,0.0845409321,0.8246671676,0
146.6933868,0.002769058718,0.4653489376,-0.4153489376,-0.4153489376,-0.4153489376,-0.4153489376,-0.4153489376,-0.4153489376,-0.4153489376,-0.4153489376,-0.4153489376,-0.4153489376,-0.4153489376,-0.4153489376,-0.4153489376,-0.02076744688,0.0001671812839,0.08362611213,27.66147423,0.08454892682,0.8306978751,0
147.8957916,0.002750625531,0.4683641662,-0.4183641662,-0.4183641662,-0.4183641662,-0.4183641662,-0.4183641662,-0.4183641662,-0.4183641662,-0.4183641662,-0.4183641662,-0.4183641662,-0.4183641662,-0.4183641662,-0.4183641662,-0.02091820831,0.0001671743538,0.08362189184,27.66147424,0.08455660574,0.8367283324,0
149.0981964,0.002732437687,0.4713792721,-0.4213792721,-0.4213792721,-0.4213792721,-0.4213792721,-0.4213792721,-0.4213792721,-0.4213792721,-0.4213792721,-0.4213792721,-0.4213792721,-0.4213792721,-0.4213792721,-0.4213792721,-0.02106896361,0.0001671675361,0.0836177644,27.66147425,0.0845639925,0.8427585443,0
150.3006012,0.002714490336,0.4743942578,-0.4243942578,-0.4243942578,-0.4243942578,-0.4243942578,-0.4243942578,-0.4243942578,-0.4243942578,-0.4243942578,-0.4243942578,-0.4243942578,-0.4243942578,-0.4243942578,-0.4243942578,-0.02121971289,0.0001671610249,0.08361372668,27.66147426,0.08457110944,0.8487885157,0
151.503006,0.002696778664,0.4774091257,-0.4274091257,-0.4274091257,-0.4274091257,-0.4274091257,-0.4274091257,-0.4274091257,-0.4274091257,-0.4274091257,-0.4274091257,-0.4274091257,-0.4274091257,-0.4274091257,-0.4274091257,-0.02137045628,0.0001671546301,0.08360977627,27.66147427,0.0845779752,0.8548182514,0
152.7054108,0.002679298058,0.480423878,-0.430423878,-0.430423878,-0.430423878,-0.430423878,-0.430423878,-0.430423878,-0.430423878,-0.430423878,-0.430423878,-0.430423878,-0.430423878,-0.430423878,-0.430423878,-0.0215211939,0.0001671482188,0.08360591063,27.66147428,0.08458460733,0.860847756,0
153.9078156,0.002662043991,0.4834385171,-0.4334385171,-0.4334385171,-0.4334385171,-0.4334385171,-0.4334385171,-0.4334385171,-0.4334385171,-0.4334385171,-0.4334385171,-0.4334385171,-0.4334385171,-0.4334385171,-0.4334385171,-0.02167192585,0.0001671419693,0.08360212712,27.66147429,0.08459102178,0.8668770342,0
155.1102204,0.00264501203,0.4864530451,-0.4364530451,-0.4364530451,-0.4364530451,-0.4364530451,-0.4364530451,-0.4364530451,-0.4364530451,-0.4364530451,-0.4364530451,-0.4364530451,-0.4364530451,-0.4364530451,-0.4364530451,-0.02182265225,0.0001671358859,0.08359842337,27.6614743,0.08459723296,0.8729060902,0
156.3126253,0.002628197938,0.4894674642,-0.4394674642,-0.4394674642,-0.4394674642,-0.4394674642,-0.4394674642,-0.4394674642,-0.4394674642,-0.4394674642,-0.4394674642,-0.4394674642,-0.4394674642,-0.4394674642,-0.4394674642,-0.02197337321,0.0001671298085,0.08359479715,27.66147431,0.08460325334,0.8789349283,0
157.5150301,0.002611597506,0.4924817764,-0.4424817764,-0.4424817764,-0.4424817764,-0.4424817764,-0.4424817764,-0.4424817764,-0.4424817764,-0.4424817764,-0.4424817764,-0.4424817764,-0.4424817764,-0.4424817764,-0.4424817764,-0.02212408882,0.0001671237947,0.08359124624,27.66147431,0.08460909493,0.8849635528,0
158.7174349,0.00259520664,0.4954959839,-0.4454959839,-0.4454959839,-0.4454959839,-0.4454959839,-0.4454959839,-0.4454959839,-0.4454959839,-0.4454959839,-0.4454959839,-0.4454959839,-0.4454959839,-0.4454959839,-0.4454959839,-0.02227479919,0.0001671179355,0.08358776845,27.66147432,0.08461476862,0.8909919677,0
159.9198397,0.002579021348,0.4985100885,-0.4485100885,-0.4485100885,-0.4485100885,-0.4485100885,-0.4485100885,-0.4485100885,-0.4485100885,-0.4485100885,-0.4485100885,-0.4485100885,-0.4485100885,-0.4485100885,-0.4485100885,-0.02242550443,0.0001671123649,0.08358436162,27.66147433,0.08462028429,0.897020177,0
161.1222445,0.002563037744,0.5015240924,-0.4515240924,-0.4515240924,-0.4515240924,-0.4515240924,-0.4515240924,-0.4515240924,-0.4515240924,-0.4515240924,-0.4515240924,-0.4515240924,-0.4515240924,-0.4515240924,-0.4515240924,-0.02257620462,0.0001671071561,0.08358102374,27.66147434,0.08462565087,0.9030481847,0
162.3246493,0.002547252129,0.5045379972,-0.4545379972,-0.4545379972,-0.4545379972,-0.4545379972,-0.4545379972,-0.4545379972,-0.4545379972,-0.4545379972,-0.4545379972,-0.4545379972,-0.4545379972,-0.4545379972,-0.4545379972,-0.02272689986,0.0001671018906,0.08357775317,27.66147435,0.08463087596,0.9090759944,0
163.5270541,0.002531660848,0.5075518048,-0.4575518048,-0.4575518048,-0.4575518048,-0.4575518048,-0.4575518048,-0.4575518048,-0.4575518048,-0.4575518048,-0.4575518048,-0.4575518048,-0.4575518048,-0.4575518048,-0.4575518048,-0.02287759024,0.0001670965326,0.08357454812,27.66147436,0.08463596641,0.9151036097,0
164.7294589,0.002516260299,0.5105655171,-0.4605655171,-0.4605655171,-0.4605655171,-0.4605655171,-0.4605655171,-0.4605655171,-0.4605655171,-0.4605655171,-0.4605655171,-0.4605655171,-0.4605655171,-0.4605655171,-0.4605655171,-0.02302827586,0.0001670912261,0.08357140664,27.66147436,0.08464092969,0.9211310343,0
165.9318637,0.002501047023,0.5135791358,-0.4635791358,-0.4635791358,-0.4635791358,-0.4635791358,-0.4635791358,-0.4635791358,-0.4635791358,-0.4635791358,-0.4635791358,-0.4635791358,-0.4635791358,-0.4635791358,-0.4635791358,-0.02317895679,0.0001670859159,0.08356832706,27.66147437,0.08464577156,0.9271582716,0
167.1342685,0.002486017571,0.5165926626,-0.4665926626,-0.4665926626,-0.4665926626,-0.4665926626,-0.4665926626,-0.4665926626,-0.4665926626,-0.4665926626,-0.4665926626,-0.4665926626,-0.4665926626,-0.4665926626,-0.4665926626,-0.02332963313,0.0001670807098,0.08356530768,27.66147438,0.08465049784,0.9331853251,0
168.3366733,0.002471168514,0.5196060991,-0.4696060991,-0.4696060991,-0.4696060991,-0.4696060991,-0.4696060991,-0.4696060991,-0.4696060991,-0.4696060991,-0.4696060991,-0.4696060991,-0.4696060991,-0.4696060991,-0.4696060991,-0.02348030496,0.0001670758464,0.08356234681,27.66147439,0.08465511425,0.9392121982,0
169.5390782,0.002456496615,0.5226194471,-0.4726194471,-0.4726194471,-0.4726194471,-0.4726194471,-0.4726194471,-0.4726194471,-0.4726194471,-0.4726194471,-0.4726194471,-0.4726194471,-0.4726194471,-0.4726194471,-0.4726194471,-0.02363097235,0.00016707135,0.08355944289,27.66147439,0.08465962538,0.9452388942,0
170.741483,0.002441998872,0.525632708,-0.475632708,-0.475632708,-0.475632708,-0.475632708,-0.475632708,-0.475632708,-0.475632708,-0.475632708,-0.475632708,-0.475632708,-0.475632708,-0.475632708,-0.475632708,-0.0237816354,0.0001670666452,0.08355659468,27.6614744,0.0846640354,0.951265416,0
171.9438878,0.0024276722,0.5286458833,-0.4786458833,-0.4786458833,-0.4786458833,-0.4786458833,-0.4786458833,-0.4786458833,-0.4786458833,-0.4786458833,-0.4786458833,-0.4786458833,-0.4786458833,-0.4786458833,-0.4786458833,-0.02393229417,0.0001670617534,0.08355380074,27.66147441,0.08466834811,0.9572917667,0
173.1462926,0.002413513515,0.5316589747,-0.4816589747,-0.4816589747,-0.4816589747,-0.4816589747,-0.4816589747,-0.4816589747,-0.4816589747,-0.4816589747,-0.4816589747,-0.4816589747,-0.4816589747,-0.4816589747,-0.4816589747,-0.02408294874,0.0001670568599,0.0835510596,27.66147441,0.08467256771,0.9633179494,0
174.3486974,0.002399519772,0.5346719836,-0.4846719836,-0.4846719836,-0.4846719836,-0.4846719836,-0.4846719836,-0.4846719836,-0.4846719836,-0.4846719836,-0.4846719836,-0.4846719836,-0.4846719836,-0.4846719836,-0.4846719836,-0.02423359918,0.0001670522539,0.08354836976,27.66147442,0.08467669829,0.9693439672,0
175.5511022,0.002385688104,0.5376849115,-0.4876849115,-0.4876849115,-0.4876849115,-0.4876849115,-0.4876849115,-0.4876849115,-0.4876849115,-0.4876849115,-0.4876849115,-0.4876849115,-0.4876849115,-0.4876849115,-0.4876849115,-0.02438424557,0.0001670479599,0.08354572993,27.66147443,0.08468074292,0.9753698229,0
176.753507,0.002372015737,0.5406977597,-0.4906977597,-0.4906977597,-0.4906977597,-0.4906977597,-0.4906977597,-0.4906977597,-0.4906977597,-0.4906977597,-0.4906977597,-0.4906977597,-0.4906977597,-0.4906977597,-0.4906977597,-0.02453488798,0.0001670436276,0.08354313904,27.66147443,0.08468470459,0.9813955193,0
177.9559118,0.002358499909,0.5437105296,-0.4937105296,-0.4937105296,-0.4937105296,-0.4937105296,-0.4937105296,-0.4937105296,-0.4937105296,-0.4937105296,-0.4937105296,-0.4937105296,-0.4937105296,-0.4937105296,-0.4937105296,-0.02468552648,0.0001670393301,0.08354059588,27.66147444,0.08468858605,0.9874210592,0
179.1583166,0.002345137937,0.5467232226,-0.4967232226,-0.4967232226,-0.4967232226,-0.4967232226,-0.4967232226,-0.4967232226,-0.4967232226,-0.4967232226,-0.4967232226,-0.4967232226,-0.4967232226,-0.4967232226,-0.4967232226,-0.02483616113,0.0001670350516,0.08353809928,27.66147445,0.08469238999,0.9934464452,0
180.3607214,0.002331927196,0.54973584,-0.49973584,-0.49973584,-0.49973584,-0.49973584,-0.49973584,-0.49973584,-0.49973584,-0.49973584,-0.49973584,-0.49973584,-0.49973584,-0.49973584,-0.49973584,-0.024986792,0.0001670308887,0.08353564795,27.66147445,0.08469611942,0.99947168,0
181.5631263,0.002318865147,0.5527483831,-0.5027483831,-0.5027483831,-0.5027483831,-0.5027483831,-0.5027483831,-0.5027483831,-0.5027483831,-0.5027483831,-0.5027483831,-0.5027483831,-0.5027483831,-0.5027483831,-0.5027483831,-0.02513741915,0.0001670268023,0.08353324083,27.66147446,0.08469977651,1.005496766,0
182.7655311,0.002305949263,0.555760853,-0.505760853,-0.505760853,-0.505760853,-0.505760853,-0.505760853,-0.505760853,-0.505760853,-0.505760853,-0.505760853,-0.505760853,-0.505760853,-0.505760853,-0.505760853,-0.02528804265,0.0001670227837,0.08353087686,27.66147447,0.08470336364,1.011521706,0
183.9679359,0.002293177096,0.5587732511,-0.5087732511,-0.5087732511,-0.5087732511,-0.5087732511,-0.5087732511,-0.5087732511,-0.5087732511,-0.5087732511,-0.5087732511,-0.5087732511,-0.5087732511,-0.5087732511,-0.5087732511,-0.02543866256,0.0001670188311,0.08352855499,27.66147447,0.08470688295,1.017546502,0
185.1703407,0.002280546261,0.5617855786,-0.5117855786,-0.5117855786,-0.5117855786,-0.5117855786,-0.5117855786,-0.5117855786,-0.5117855786,-0.5117855786,-0.5117855786,-0.5117855786,-0.5117855786,-0.5117855786,-0.5117855786,-0.02558927893,0.0001670149473,0.08352627421,27.66147448,0.08471033647,1.023571157,0
186.3727455,0.002268054367,0.5647978365,-0.5147978365,-0.5147978365,-0.5147978365,-0.5147978365,-0.5147978365,-0.5147978365,-0.5147978365,-0.5147978365,-0.5147978365,-0.5147978365,-0.5147978365,-0.5147978365,-0.5147978365,-0.02573989183,0.0001670111213,0.0835240335,27.66147448,0.08471372648,1.029595673,0
187.5751503,0.002255699165,0.5678100262,-0.5178100262,-0.5178100262,-0.5178100262,-0.5178100262,-0.5178100262,-0.5178100262,-0.5178100262,-0.5178100262,-0.5178100262,-0.5178100262,-0.5178100262,-0.5178100262,-0.5178100262,-0.02589050131,0.0001670073589,0.08352183194,27.66147449,0.08471705457,1.035620052,0
188.7775551,0.002243478432,0.5708221486,-0.5208221486,-0.5208221486,-0.5208221486,-0.5208221486,-0.5208221486,-0.5208221486,-0.5208221486,-0.5208221486,-0.5208221486,-0.5208221486,-0.5208221486,-0.5208221486,-0.5208221486,-0.02604110743,0.0001670036605,0.08351966862,27.66147449,0.08472032238,1.041644297,0
189.9799599,0.002231390004,0.5738342048,-0.5238342048,-0.5238342048,-0.5238342048,-0.5238342048,-0.5238342048,-0.5238342048,-0.5238342048,-0.5238342048,-0.5238342048,-0.5238342048,-0.5238342048,-0.5238342048,-0.5238342048,-0.02619171024,0.0001670000267,0.08351754265,27.6614745,0.0847235314,1.04766841,0
191.1823647,0.002219431658,0.576846196,-0.526846196,-0.526846196,-0.526846196,-0.526846196,-0.526846196,-0.526846196,-0.526846196,-0.526846196,-0.526846196,-0.526846196,-0.526846196,-0.526846196,-0.526846196,-0.0263423098,0.0001669964507,0.08351545315,27.66147451,0.08472668362,1.053692392,0
192.3847695,0.00220760128,0.5798581232,-0.5298581232,-0.5298581232,-0.5298581232,-0.5298581232,-0.5298581232,-0.5298581232,-0.5298581232,-0.5298581232,-0.5298581232,-0.5298581232,-0.5298581232,-0.5298581232,-0.5298581232,-0.02649290616,0.0001669929296,0.08351339929,27.66147451,0.08472978057,1.059716246,0
193.5871743,0.002195896874,0.5828699874,-0.5328699874,-0.5328699874,-0.5328699874,-0.5328699874,-0.5328699874,-0.5328699874,-0.5328699874,-0.5328699874,-0.5328699874,-0.5328699874,-0.5328699874,-0.5328699874,-0.5328699874,-0.02664349937,0.000166989465,0.08351138028,27.66147452,0.08473282339,1.065739975,0
194.7895792,0.002184316451,0.5858817897,-0.5358817897,-0.5358817897,-0.5358817897,-0.5358817897,-0.5358817897,-0.5358817897,-0.5358817897,-0.5358817897,-0.5358817897,-0.5358817897,-0.5358817897,-0.5358817897,-0.5358817897,-0.02679408948,0.0001669860555,0.08350939536,27.66147452,0.08473581329,1.071763579,0
195.991984,0.002172858052,0.5888935309,-0.5388935309,-0.5388935309,-0.5388935309,-0.5388935309,-0.5388935309,-0.5388935309,-0.5388935309,-0.5388935309,-0.5388935309,-0.5388935309,-0.5388935309,-0.5388935309,-0.5388935309,-0.02694467654,0.0001669826999,0.08350744377,27.66147453,0.08473875154,1.077787062,0
197.1943888,0.002161519621,0.5919052121,-0.5419052121,-0.5419052121,-0.5419052121,-0.5419052121,-0.5419052121,-0.5419052121,-0.5419052121,-0.5419052121,-0.5419052121,-0.5419052121,-0.5419052121,-0.5419052121,-0.5419052121,-0.02709526061,0.0001669793974,0.08350552466,27.66147453,0.08474164018,1.083810424,0
198.3967936,0.00215029936,0.5949168343,-0.5449168343,-0.5449168343,-0.5449168343,-0.5449168343,-0.5449168343,-0.5449168343,-0.5449168343,-0.5449168343,-0.5449168343,-0.5449168343,-0.5449168343,-0.5449168343,-0.5449168343,-0.02724584171,0.0001669761467,0.08350363739,27.66147454,0.08474447989,1.089833669,0
199.5991984,0.00213919544,0.5979283983,-0.5479283983,-0.5479283983,-0.5479283983,-0.5479283983,-0.5479283983,-0.5479283983,-0.5479283983,-0.5479283983,-0.5479283983,-0.5479283983,-0.5479283983,-0.5479283983,-0.5479283983,-0.02739641991,0.0001669729465,0.08350178128,27.66147454,0.08474727176,1.095856797,0
200.8016032,0.002128206075,0.600939905,-0.550939905,-0.550939905,-0.550939905,-0.550939905,-0.550939905,-0.550939905,-0.550939905,-0.550939905,-0.550939905,-0.550939905,-0.550939905,-0.550939905,-0.550939905,-0.02754699525,0.0001669697959,0.08349995566,27.66147455,0.08475001682,1.10187981,0
202.004008,0.002117329439,0.6039513553,-0.5539513553,-0.5539513553,-0.5539513553,-0.5539513553,-0.5539513553,-0.5539513553,-0.5539513553,-0.5539513553,-0.5539513553,-0.5539513553,-0.5539513553,-0.5539513553,-0.5539513553,-0.02769756777,0.0001669666937,0.08349815978,27.66147455,0.08475271653,1.107902711,0
203.2064128,0.002106563799,0.6069627502,-0.5569627502,-0.5569627502,-0.5569627502,-0.5569627502,-0.5569627502,-0.5569627502,-0.5569627502,-0.5569627502,-0.5569627502,-0.5569627502,-0.5569627502,-0.5569627502,-0.5569627502,-0.02784813751,0.0001669636388,0.08349639296,27.66147455,0.08475537203,1.1139255,0
204.4088176,0.0020959075,0.6099740903,-0.5599740903,-0.5599740903,-0.5599740903,-0.5599740903,-0.5599740903,-0.5599740903,-0.5599740903,-0.5599740903,-0.5599740903,-0.5599740903,-0.5599740903,-0.5599740903,-0.5599740903,-0.02799870452,0.0001669606303,0.08349465463,27.66147456,0.08475798416,1.119948181,0
205.6112224,0.002085358902,0.6129853767,-0.5629853767,-0.5629853767,-0.5629853767,-0.5629853767,-0.5629853767,-0.5629853767,-0.5629853767,-0.5629853767,-0.5629853767,-0.5629853767,-0.5629853767,-0.5629853767,-0.5629853767,-0.02814926883,0.0001669576671,0.08349294416,27.66147456,0.08476055387,1.125970753,0
206.8136273,0.002074916377,0.6159966099,-0.5659966099,-0.5659966099,-0.5659966099,-0.5659966099,-0.5659966099,-0.5659966099,-0.5659966099,-0.5659966099,-0.5659966099,-0.5659966099,-0.5659966099,-0.5659966099,-0.5659966099,-0.0282998305,0.0001669547483,0.08349126096,27.66147457,0.08476308213,1.13199322,0
208.0160321,0.002064578205,0.6190077911,-0.5690077911,-0.5690077911,-0.5690077911,-0.5690077911,-0.5690077911,-0.5690077911,-0.5690077911,-0.5690077911,-0.5690077911,-0.5690077911,-0.5690077911,-0.5690077911,-0.5690077911,-0.02845038955,0.000166951874,0.08348960444,27.66147457,0.08476557004,1.138015582,0
209.2184369,0.0020543429,0.6220189207,-0.5720189207,-0.5720189207,-0.5720189207,-0.5720189207,-0.5720189207,-0.5720189207,-0.5720189207,-0.5720189207,-0.5720189207,-0.5720189207,-0.5720189207,-0.5720189207,-0.5720189207,-0.02860094604,0.000166949043,0.08348797405,27.66147458,0.08476801838,1.144037841,0
210.4208417,0.002044208938,0.6250299997,-0.5750299997,-0.5750299997,-0.5750299997,-0.5750299997,-0.5750299997,-0.5750299997,-0.5750299997,-0.5750299997,-0.5750299997,-0.5750299997,-0.5750299997,-0.5750299997,-0.5750299997,-0.02875149999,0.0001669462546,0.08348636925,27.66147458,0.08477042799,1.150059999,0
211.6232465,0.002034174831,0.6280410288,-0.5780410288,-0.5780410288,-0.5780410288,-0.5780410288,-0.5780410288,-0.5780410288,-0.5780410288,-0.5780410288,-0.5780410288,-0.5780410288,-0.5780410288,-0.5780410288,-0.5780410288,-0.02890205144,0.0001669435082,0.08348478952,27.66147458,0.08477279969,1.156082058,0
212.8256513,0.002024239055,0.6310520087,-0.5810520087,-0.5810520087,-0.5810520087,-0.5810520087,-0.5810520087,-0.5810520087,-0.5810520087,-0.5810520087,-0.5810520087,-0.5810520087,-0.5810520087,-0.5810520087,-0.5810520087,-0.02905260044,0.0001669408019,0.08348323427,27.66147459,0.08477513441,1.162104017,0
214.0280561,0.002014400169,0.6340629402,-0.5840629402,-0.5840629402,-0.5840629402,-0.5840629402,-0.5840629402,-0.5840629402,-0.5840629402,-0.5840629402,-0.5840629402,-0.5840629402,-0.5840629402,-0.5840629402,-0.5840629402,-0.02920314701,0.0001669381346,0.08348170302,27.66147459,0.08477743296,1.16812588,0
215.2304609,0.002004656782,0.6370738239,-0.5870738239,-0.5870738239,-0.5870738239,-0.5870738239,-0.5870738239,-0.5870738239,-0.5870738239,-0.5870738239,-0.5870738239,-0.5870738239,-0.5870738239,-0.5870738239,-0.5870738239,-0.0293536912,0.0001669355059,0.08348019527,27.6614746,0.08477969604,1.174147648,0
216.4328657,0.001995007512,0.6400846606,-0.5900846606,-0.5900846606,-0.5900846606,-0.5900846606,-0.5900846606,-0.5900846606,-0.5900846606,-0.5900846606,-0.5900846606,-0.5900846606,-0.5900846606,-0.5900846606,-0.5900846606,-0.02950423303,0.0001669329146,0.08347871056,27.6614746,0.0847819244,1.180169321,0
217.6352705,0.001985451005,0.6430954509,-0.5930954509,-0.5930954509,-0.5930954509,-0.5930954509,-0.5930954509,-0.5930954509,-0.5930954509,-0.5930954509,-0.5930954509,-0.5930954509,-0.5930954509,-0.5930954509,-0.5930954509,-0.02965477254,0.0001669303597,0.08347724841,27.6614746,0.08478411875,1.186190902,0
218.8376754,0.00197598593,0.6461061954,-0.5961061954,-0.5961061954,-0.5961061954,-0.5961061954,-0.5961061954,-0.5961061954,-0.5961061954,-0.5961061954,-0.5961061954,-0.5961061954,-0.5961061954,-0.5961061954,-0.5961061954,-0.02980530977,0.0001669278404,0.08347580837,27.66147461,0.08478627981,1.192212391,0
220.0400802,0.001966611005,0.6491168949,-0.5991168949,-0.5991168949,-0.5991168949,-0.5991168949,-0.5991168949,-0.5991168949,-0.5991168949,-0.5991168949,-0.5991168949,-0.5991168949,-0.5991168949,-0.5991168949,-0.5991168949,-0.02995584474,0.0001669253589,0.08347438995,27.66147461,0.08478840827,1.19823379,0
221.242485,0.001957324937,0.65212755,-0.60212755,-0.60212755,-0.60212755,-0.60212755,-0.60212755,-0.60212755,-0.60212755,-0.60212755,-0.60212755,-0.60212755,-0.60212755,-0.60212755,-0.60212755,-0.0301063775,0.0001669229133,0.08347299272,27.66147462,0.08479050482,1.2042551,0
222.4448898,0.001948126467,0.6551381612,-0.6051381612,-0.6051381612,-0.6051381612,-0.6051381612,-0.6051381612,-0.6051381612,-0.6051381612,-0.6051381612,-0.6051381612,-0.6051381612,-0.6051381612,-0.6051381612,-0.6051381612,-0.03025690806,0.0001669205033,0.08347161625,27.66147462,0.08479257014,1.210276322,0
223.6472946,0.001939014355,0.6581487293,-0.6081487293,-0.6081487293,-0.6081487293,-0.6081487293,-0.6081487293,-0.6081487293,-0.6081487293,-0.6081487293,-0.6081487293,-0.6081487293,-0.6081487293,-0.6081487293,-0.6081487293,-0.03040743646,0.0001669181289,0.08347026011,27.66147462,0.08479460488,1.216297459,0
224.8496994,0.001929987377,0.6611592548,-0.6111592548,-0.6111592548,-0.6111592548,-0.6111592548,-0.6111592548,-0.6111592548,-0.6111592548,-0.6111592548,-0.6111592548,-0.6111592548,-0.6111592548,-0.6111592548,-0.6111592548,-0.03055796274,0.00016691579,0.08346892387,27.66147463,0.08479660972,1.22231851,0
226.0521042,0.001921044334,0.6641697384,-0.6141697384,-0.6141697384,-0.6141697384,-0.6141697384,-0.6141697384,-0.6141697384,-0.6141697384,-0.6141697384,-0.6141697384,-0.6141697384,-0.6141697384,-0.6141697384,-0.6141697384,-0.03070848692,0.0001669134838,0.08346760723,27.66147463,0.08479858509,1.228339477,0
227.254509,0.001912184044,0.6671801805,-0.6171801805,-0.6171801805,-0.6171801805,-0.6171801805,-0.6171801805,-0.6171801805,-0.6171801805,-0.6171801805,-0.6171801805,-0.6171801805,-0.6171801805,-0.6171801805,-0.6171801805,-0.03085900903,0.0001669112069,0.0834663099,27.66147463,0.08480053136,1.234360361,0
228.4569138,0.001903405326,0.6701905819,-0.6201905819,-0.6201905819,-0.6201905819,-0.6201905819,-0.6201905819,-0.6201905819,-0.6201905819,-0.6201905819,-0.6201905819,-0.6201905819,-0.6201905819,-0.6201905819,-0.6201905819,-0.0310095291,0.0001669089603,0.08346503146,27.66147464,0.08480244924,1.240381164,0
229.6593186,0.001894707016,0.6732009431,-0.6232009431,-0.6232009431,-0.6232009431,-0.6232009431,-0.6232009431,-0.6232009431,-0.6232009431,-0.6232009431,-0.6232009431,-0.6232009431,-0.6232009431,-0.6232009431,-0.6232009431,-0.03116004715,0.0001669067427,0.08346377158,27.66147464,0.08480433926,1.246401886,0
230.8617234,0.001886087962,0.6762112646,-0.6262112646,-0.6262112646,-0.6262112646,-0.6262112646,-0.6262112646,-0.6262112646,-0.6262112646,-0.6262112646,-0.6262112646,-0.6262112646,-0.6262112646,-0.6262112646,-0.6262112646,-0.03131056323,0.0001669045526,0.08346252993,27.66147464,0.08480620193,1.252422529,0
232.0641283,0.001877547019,0.6792215471,-0.6292215471,-0.6292215471,-0.6292215471,-0.6292215471,-0.6292215471,-0.6292215471,-0.6292215471,-0.6292215471,-0.6292215471,-0.6292215471,-0.6292215471,-0.6292215471,-0.6292215471,-0.03146107736,0.0001669023883,0.08346130623,27.66147465,0.08480803773,1.258443094,0
233.2665331,0.001869083443,0.6822317909,-0.6322317909,-0.6322317909,-0.6322317909,-0.6322317909,-0.6322317909,-0.6322317909,-0.6322317909,-0.6322317909,-0.6322317909,-0.6322317909,-0.6322317909,-0.6322317909,-0.6322317909,-0.03161158955,0.0001669002565,0.08346009979,27.66147465,0.08480984754,1.264463582,0
234.4689379,0.001860696083,0.6852419966,-0.6352419966,-0.6352419966,-0.6352419966,-0.6352419966,-0.6352419966,-0.6352419966,-0.6352419966,-0.6352419966,-0.6352419966,-0.6352419966,-0.6352419966,-0.6352419966,-0.6352419966,-0.03176209983,0.0001668981546,0.08345891036,27.66147465,0.0848116318,1.270483993,0
235.6713427,0.001852383891,0.6882521648,-0.6382521648,-0.6382521648,-0.6382521648,-0.6382521648,-0.6382521648,-0.6382521648,-0.6382521648,-0.6382521648,-0.6382521648,-0.6382521648,-0.6382521648,-0.6382521648,-0.6382521648,-0.03191260824,0.0001668960823,0.08345773763,27.66147466,0.08481339104,1.27650433,0
236.8737475,0.001844145885,0.6912622958,-0.6412622958,-0.6412622958,-0.6412622958,-0.6412622958,-0.6412622958,-0.6412622958,-0.6412622958,-0.6412622958,-0.6412622958,-0.6412622958,-0.6412622958,-0.6412622958,-0.6412622958,-0.03206311479,0.0001668940399,0.08345658119,27.66147466,0.08481512584,1.282524592,0
238.0761523,0.001835981104,0.6942723902,-0.6442723902,-0.6442723902,-0.6442723902,-0.6442723902,-0.6442723902,-0.6442723902,-0.6442723902,-0.6442723902,-0.6442723902,-0.6442723902,-0.6442723902,-0.6442723902,-0.6442723902,-0.03221361951,0.0001668920285,0.08345544068,27.66147466,0.08481683679,1.28854478,0
239.2785571,0.001827888554,0.6972824485,-0.6472824485,-0.6472824485,-0.6472824485,-0.6472824485,-0.6472824485,-0.6472824485,-0.6472824485,-0.6472824485,-0.6472824485,-0.6472824485,-0.6472824485,-0.6472824485,-0.6472824485,-0.03236412243,0.0001668900469,0.08345431584,27.66147466,0.08481852426,1.294564897,0
240.4809619,0.001819867104,0.7002924713,-0.6502924713,-0.6502924713,-0.6502924713,-0.6502924713,-0.6502924713,-0.6502924713,-0.6502924713,-0.6502924713,-0.6502924713,-0.6502924713,-0.6502924713,-0.6502924713,-0.6502924713,-0.03251462356,0.0001668880882,0.08345320678,27.66147467,0.08482018803,1.300584943,0
241.6833667,0.001811915914,0.7033024589,-0.6533024589,-0.6533024589,-0.6533024589,-0.6533024589,-0.6533024589,-0.6533024589,-0.6533024589,-0.6533024589,-0.6533024589,-0.6533024589,-0.6533024589,-0.6533024589,-0.6533024589,-0.03266512294,0.0001668861559,0.08345211298,27.66147467,0.08482182891,1.306604918,0
242.8857715,0.001804034047,0.7063124118,-0.6563124118,-0.6563124118,-0.6563124118,-0.6563124118,-0.6563124118,-0.6563124118,-0.6563124118,-0.6563124118,-0.6563124118,-0.6563124118,-0.6563124118,-0.6563124118,-0.6563124118,-0.03281562059,0.0001668842494,0.08345103419,27.66147467,0.08482344726,1.312624824,0
244.0881764,0.001796220572,0.7093223306,-0.6593223306,-0.6593223306,-0.6593223306,-0.6593223306,-0.6593223306,-0.6593223306,-0.6593223306,-0.6593223306,-0.6593223306,-0.6593223306,-0.6593223306,-0.6593223306,-0.6593223306,-0.03296611653,0.0001668823675,0.0834499702,27.66147468,0.08482504342,1.318644661,0
245.2905812,0.001788474573,0.7123322156,-0.6623322156,-0.6623322156,-0.6623322156,-0.6623322156,-0.6623322156,-0.6623322156,-0.6623322156,-0.6623322156,-0.6623322156,-0.6623322156,-0.6623322156,-0.6623322156,-0.6623322156,-0.03311661078,0.0001668805091,0.0834489208,27.66147468,0.08482661767,1.324664431,0
246.492986,0.001780795313,0.7153420673,-0.6653420673,-0.6653420673,-0.6653420673,-0.6653420673,-0.6653420673,-0.6653420673,-0.6653420673,-0.6653420673,-0.6653420673,-0.6653420673,-0.6653420673,-0.6653420673,-0.6653420673,-0.03326710336,0.0001668786742,0.08344788548,27.66147468,0.08482817081,1.330684135,0
247.6953908,0.001773181981,0.718351886,-0.668351886,-0.668351886,-0.668351886,-0.668351886,-0.668351886,-0.668351886,-0.668351886,-0.668351886,-0.668351886,-0.668351886,-0.668351886,-0.668351886,-0.668351886,-0.0334175943,0.0001668768618,0.08344686391,27.66147468,0.08482970332,1.336703772,0
248.8977956,0.001765633693,0.7213616721,-0.6713616721,-0.6713616721,-0.6713616721,-0.6713616721,-0.6713616721,-0.6713616721,-0.6713616721,-0.6713616721,-0.6713616721,-0.6713616721,-0.6713616721,-0.6713616721,-0.6713616721,-0.03356808361,0.0001668750703,0.08344585593,27.66147469,0.08483121543,1.342723344,0
250.1002004,0.001758149648,0.7243714262,-0.6743714262,-0.6743714262,-0.6743714262,-0.6743714262,-0.6743714262,-0.6743714262,-0.6743714262,-0.6743714262,-0.6743714262,-0.6743714262,-0.6743714262,-0.6743714262,-0.6743714262,-0.03371857131,0.0001668732983,0.08344486126,27.66147469,0.08483270756,1.348742852,0
251.3026052,0.001750729066,0.7273811485,-0.6773811485,-0.6773811485,-0.6773811485,-0.6773811485,-0.6773811485,-0.6773811485,-0.6773811485,-0.6773811485,-0.6773811485,-0.6773811485,-0.6773811485,-0.6773811485,-0.6773811485,-0.03386905742,0.0001668715444,0.08344387961,27.66147469,0.08483418013,1.354762297,0
252.50501,0.001743371174,0.7303908395,-0.6803908395,-0.6803908395,-0.6803908395,-0.6803908395,-0.6803908395,-0.6803908395,-0.6803908395,-0.6803908395,-0.6803908395,-0.6803908395,-0.6803908395,-0.6803908395,-0.6803908395,-0.03401954197,0.0001668698074,0.08344291072,27.6614747,0.08483563353,1.360781679,0
253.7074148,0.001736074743,0.7334004997,-0.6834004997,-0.6834004997,-0.6834004997,-0.6834004997,-0.6834004997,-0.6834004997,-0.6834004997,-0.6834004997,-0.6834004997,-0.6834004997,-0.6834004997,-0.6834004997,-0.6834004997,-0.03417002499,0.0001668681018,0.08344195498,27.6614747,0.08483706723,1.366800999,0
254.9098196,0.001728839269,0.7364101295,-0.6864101295,-0.6864101295,-0.6864101295,-0.6864101295,-0.6864101295,-0.6864101295,-0.6864101295,-0.6864101295,-0.6864101295,-0.6864101295,-0.6864101295,-0.6864101295,-0.6864101295,-0.03432050647,0.0001668664186,0.08344101177,27.6614747,0.08483848211,1.372820259,0
256.1122244,0.001721663987,0.7394197291,-0.6894197291,-0.6894197291,-0.6894197291,-0.6894197291,-0.6894197291,-0.6894197291,-0.6894197291,-0.6894197291,-0.6894197291,-0.6894197291,-0.6894197291,-0.6894197291,-0.6894197291,-0.03447098646,0.0001668647579,0.08344008089,27.6614747,0.08483987847,1.378839458,0
257.3146293,0.001714548144,0.7424292991,-0.6924292991,-0.6924292991,-0.6924292991,-0.6924292991,-0.6924292991,-0.6924292991,-0.6924292991,-0.6924292991,-0.6924292991,-0.6924292991,-0.6924292991,-0.6924292991,-0.6924292991,-0.03462146495,0.0001668631198,0.08343916213,27.66147471,0.08484125666,1.384858598,0
258.5170341,0.001707491004,0.7454388397,-0.6954388397,-0.6954388397,-0.6954388397,-0.6954388397,-0.6954388397,-0.6954388397,-0.6954388397,-0.6954388397,-0.6954388397,-0.6954388397,-0.6954388397,-0.6954388397,-0.6954388397,-0.03477194198,0.0001668615045,0.08343825528,27.66147471,0.08484261697,1.390877679,0
259.7194389,0.001700491845,0.7484483513,-0.6984483513,-0.6984483513,-0.6984483513,-0.6984483513,-0.6984483513,-0.6984483513,-0.6984483513,-0.6984483513,-0.6984483513,-0.6984483513,-0.6984483513,-0.6984483513,-0.6984483513,-0.03492241756,0.0001668599123,0.08343736012,27.66147471,0.08484395972,1.396896703,0
260.9218437,0.001693549942,0.7514578342,-0.7014578342,-0.7014578342,-0.7014578342,-0.7014578342,-0.7014578342,-0.7014578342,-0.7014578342,-0.7014578342,-0.7014578342,-0.7014578342,-0.7014578342,-0.7014578342,-0.7014578342,-0.03507289171,0.000166858339,0.08343647645,27.66147471,0.08484528523,1.402915668,0
262.1242485,0.0016866646,0.7544672889,-0.7044672889,-0.7044672889,-0.7044672889,-0.7044672889,-0.7044672889,-0.7044672889,-0.7044672889,-0.7044672889,-0.7044672889,-0.7044672889,-0.7044672889,-0.7044672889,-0.7044672889,-0.03522336445,0.000166856785,0.08343560406,27.66147471,0.08484659382,1.408934578,0
263.3266533,0.001679835142,0.7574767157,-0.7074767157,-0.7074767157,-0.7074767157,-0.7074767157,-0.7074767157,-0.7074767157,-0.7074767157,-0.7074767157,-0.7074767157,-0.7074767157,-0.7074767157,-0.7074767157,-0.7074767157,-0.03537383578,0.0001668552508,0.08343474275,27.66147472,0.08484788578,1.414953431,0
264.5290581,0.001673060901,0.7604861148,-0.7104861148,-0.7104861148,-0.7104861148,-0.7104861148,-0.7104861148,-0.7104861148,-0.7104861148,-0.7104861148,-0.7104861148,-0.7104861148,-0.7104861148,-0.7104861148,-0.7104861148,-0.03552430574,0.0001668537359,0.08343389232,27.66147472,0.08484916143,1.42097223,0
265.7314629,0.001666341221,0.7634954867,-0.7134954867,-0.7134954867,-0.7134954867,-0.7134954867,-0.7134954867,-0.7134954867,-0.7134954867,-0.7134954867,-0.7134954867,-0.7134954867,-0.7134954867,-0.7134954867,-0.7134954867,-0.03567477434,0.0001668522399,0.08343305256,27.66147472,0.08485042107,1.426990973,0
266.9338677,0.001659675463,0.7665048316,-0.7165048316,-0.7165048316,-0.7165048316,-0.7165048316,-0.7165048316,-0.7165048316,-0.7165048316,-0.7165048316,-0.7165048316,-0.7165048316,-0.7165048316,-0.7165048316,-0.7165048316,-0.03582524158,0.000166850762,0.08343222328,27.66147472,0.08485166499,1.433009663,0
268.1362725,0.001653062943,0.7695141499,-0.7195141499,-0.7195141499,-0.7195141499,-0.7195141499,-0.7195141499,-0.7195141499,-0.7195141499,-0.7195141499,-0.7195141499,-0.7195141499,-0.7195141499,-0.7195141499,-0.7195141499,-0.03597570749,0.0001668493008,0.08343140432,27.66147473,0.08485289342,1.4390283,0
269.3386774,0.001646502986,0.7725234419,-0.7225234419,-0.7225234419,-0.7225234419,-0.7225234419,-0.7225234419,-0.7225234419,-0.7225234419,-0.7225234419,-0.7225234419,-0.7225234419,-0.7225234419,-0.7225234419,-0.7225234419,-0.03612617209,0.0001668478547,0.08343059554,27.66147473,0.08485410658,1.445046884,0
270.5410822,0.001639995027,0.7755327079,-0.7255327079,-0.7255327079,-0.7255327079,-0.7255327079,-0.7255327079,-0.7255327079,-0.7255327079,-0.7255327079,-0.7255327079,-0.7255327079,-0.7255327079,-0.7255327079,-0.7255327079,-0.03627663539,0.0001668464235,0.08342979673,27.66147473,0.0848553048,1.451065416,0
271.743487,0.001633538461,0.7785419482,-0.7285419482,-0.7285419482,-0.7285419482,-0.7285419482,-0.7285419482,-0.7285419482,-0.7285419482,-0.7285419482,-0.7285419482,-0.7285419482,-0.7285419482,-0.7285419482,-0.7285419482,-0.03642709741,0.0001668450062,0.0834290077,27.66147473,0.08485648834,1.457083896,0
272.9458918,0.001627132698,0.7815511631,-0.7315511631,-0.7315511631,-0.7315511631,-0.7315511631,-0.7315511631,-0.7315511631,-0.7315511631,-0.7315511631,-0.7315511631,-0.7315511631,-0.7315511631,-0.7315511631,-0.7315511631,-0.03657755816,0.0001668436015,0.08342822829,27.66147473,0.08485765746,1.463102326,0
274.1482966,0.00162077716,0.7845603529,-0.7345603529,-0.7345603529,-0.7345603529,-0.7345603529,-0.7345603529,-0.7345603529,-0.7345603529,-0.7345603529,-0.7345603529,-0.7345603529,-0.7345603529,-0.7345603529,-0.7345603529,-0.03672801765,0.0001668422084,0.08342745831,27.66147474,0.08485881243,1.469120706,0
275.3507014,0.001614471238,0.7875695179,-0.7375695179,-0.7375695179,-0.7375695179,-0.7375695179,-0.7375695179,-0.7375695179,-0.7375695179,-0.7375695179,-0.7375695179,-0.7375695179,-0.7375695179,-0.7375695179,-0.7375695179,-0.03687847589,0.0001668408277,0.08342669765,27.66147474,0.08485995344,1.475139036,0
276.5531062,0.001608214146,0.7905786585,-0.7405786585,-0.7405786585,-0.7405786585,-0.7405786585,-0.7405786585,-0.7405786585,-0.7405786585,-0.7405786585,-0.7405786585,-0.7405786585,-0.7405786585,-0.7405786585,-0.7405786585,-0.03702893292,0.0001668394706,0.08342594634,27.66147474,0.08486108041,1.481157317,0
277.755511,0.001602005447,0.7935877748,-0.7435877748,-0.7435877748,-0.7435877748,-0.7435877748,-0.7435877748,-0.7435877748,-0.7435877748,-0.7435877748,-0.7435877748,-0.7435877748,-0.7435877748,-0.7435877748,-0.7435877748,-0.03717938874,0.00016683813,0.08342520414,27.66147474,0.08486219374,1.48717555,0
278.9579158,0.001595844572,0.7965968673,-0.7465968673,-0.7465968673,-0.7465968673,-0.7465968673,-0.7465968673,-0.7465968673,-0.7465968673,-0.7465968673,-0.7465968673,-0.7465968673,-0.7465968673,-0.7465968673,-0.7465968673,-0.03732984336,0.0001668368066,0.0834244709,27.66147474,0.0848632936,1.493193735,0
280.1603206,0.001589730962,0.7996059361,-0.7496059361,-0.7496059361,-0.7496059361,-0.7496059361,-0.7496059361,-0.7496059361,-0.7496059361,-0.7496059361,-0.7496059361,-0.7496059361,-0.7496059361,-0.7496059361,-0.7496059361,-0.03748029681,0.0001668355012,0.08342374653,27.66147475,0.08486438017,1.499211872,0
281.3627255,0.001583664066,0.8026149816,-0.7526149816,-0.7526149816,-0.7526149816,-0.7526149816,-0.7526149816,-0.7526149816,-0.7526149816,-0.7526149816,-0.7526149816,-0.7526149816,-0.7526149816,-0.7526149816,-0.7526149816,-0.03763074908,0.0001668342147,0.0834230309,27.66147475,0.08486545361,1.505229963,0
282.5651303,0.001577643343,0.805624004,-0.755624004,-0.755624004,-0.755624004,-0.755624004,-0.755624004,-0.755624004,-0.755624004,-0.755624004,-0.755624004,-0.755624004,-0.755624004,-0.755624004,-0.755624004,-0.0377812002,0.000166832948,0.08342232392,27.66147475,0.08486651409,1.511248008,0
283.7675351,0.001571668351,0.8086330035,-0.7586330035,-0.7586330035,-0.7586330035,-0.7586330035,-0.7586330035,-0.7586330035,-0.7586330035,-0.7586330035,-0.7586330035,-0.7586330035,-0.7586330035,-0.7586330035,-0.7586330035,-0.03793165017,0.0001668316925,0.08342162516,27.66147475,0.08486756225,1.517266007,0
284.9699399,0.001565738542,0.8116419804,-0.7616419804,-0.7616419804,-0.7616419804,-0.7616419804,-0.7616419804,-0.7616419804,-0.7616419804,-0.7616419804,-0.7616419804,-0.7616419804,-0.7616419804,-0.7616419804,-0.7616419804,-0.03808209902,0.0001668304522,0.08342093461,27.66147475,0.08486859808,1.523283961,0
286.1723447,0.001559853406,0.814650935,-0.764650935,-0.764650935,-0.764650935,-0.764650935,-0.764650935,-0.764650935,-0.764650935,-0.764650935,-0.764650935,-0.764650935,-0.764650935,-0.764650935,-0.764650935,-0.03823254675,0.0001668292277,0.08342025217,27.66147476,0.08486962174,1.52930187,0
287.3747495,0.001554012452,0.8176598675,-0.7676598675,-0.7676598675,-0.7676598675,-0.7676598675,-0.7676598675,-0.7676598675,-0.7676598675,-0.7676598675,-0.7676598675,-0.7676598675,-0.7676598675,-0.7676598675,-0.7676598675,-0.03838299338,0.000166828019,0.08341957771,27.66147476,0.08487063343,1.535319735,0
288.5771543,0.001548215198,0.8206687782,-0.7706687782,-0.7706687782,-0.7706687782,-0.7706687782,-0.7706687782,-0.7706687782,-0.7706687782,-0.7706687782,-0.7706687782,-0.7706687782,-0.7706687782,-0.7706687782,-0.7706687782,-0.03853343891,0.0001668268259,0.0834189111,27.66147476,0.08487163336,1.541337556,0
289.7795591,0.001542461175,0.8236776672,-0.7736776672,-0.7736776672,-0.7736776672,-0.7736776672,-0.7736776672,-0.7736776672,-0.7736776672,-0.7736776672,-0.7736776672,-0.7736776672,-0.7736776672,-0.7736776672,-0.7736776672,-0.03868388336,0.0001668256481,0.08341825219,27.66147476,0.08487262172,1.547355334,0
290.9819639,0.001536749797,0.8266865349,-0.7766865349,-0.7766865349,-0.7766865349,-0.7766865349,-0.7766865349,-0.7766865349,-0.7766865349,-0.7766865349,-0.7766865349,-0.7766865349,-0.7766865349,-0.7766865349,-0.7766865349,-0.03883432675,0.0001668244808,0.0834176009,27.66147476,0.08487359866,1.55337307,0
292.1843687,0.001531080576,0.8296953816,-0.7796953816,-0.7796953816,-0.7796953816,-0.7796953816,-0.7796953816,-0.7796953816,-0.7796953816,-0.7796953816,-0.7796953816,-0.7796953816,-0.7796953816,-0.7796953816,-0.7796953816,-0.03898476908,0.0001668233223,0.08341695709,27.66147477,0.08487456437,1.559390763,0
293.3867735,0.001525453116,0.8327042073,-0.7827042073,-0.7827042073,-0.7827042073,-0.7827042073,-0.7827042073,-0.7827042073,-0.7827042073,-0.7827042073,-0.7827042073,-0.7827042073,-0.7827042073,-0.7827042073,-0.7827042073,-0.03913521037,0.0001668221739,0.08341632064,27.66147477,0.08487551905,1.565408415,0
294.5891784,0.001519866964,0.8357130124,-0.7857130124,-0.7857130124,-0.7857130124,-0.7857130124,-0.7857130124,-0.7857130124,-0.7857130124,-0.7857130124,-0.7857130124,-0.7857130124,-0.7857130124,-0.7857130124,-0.7857130124,-0.03928565062,0.0001668210347,0.08341569142,27.66147477,0.08487646288,1.571426025,0
295.7915832,0.001514321676,0.8387217971,-0.7887217971,-0.7887217971,-0.7887217971,-0.7887217971,-0.7887217971,-0.7887217971,-0.7887217971,-0.7887217971,-0.7887217971,-0.7887217971,-0.7887217971,-0.7887217971,-0.7887217971,-0.03943608985,0.0001668199034,0.08341506932,27.66147477,0.08487739603,1.577443594,0
296.993988,0.001508816818,0.8417305615,-0.7917305615,-0.7917305615,-0.7917305615,-0.7917305615,-0.7917305615,-0.7917305615,-0.7917305615,-0.7917305615,-0.7917305615,-0.7917305615,-0.7917305615,-0.7917305615,-0.7917305615,-0.03958652808,0.0001668187788,0.08341445422,27.66147477,0.08487831869,1.583461123,0
298.1963928,0.001503351962,0.844739306,-0.794739306,-0.794739306,-0.794739306,-0.794739306,-0.794739306,-0.794739306,-0.794739306,-0.794739306,-0.794739306,-0.794739306,-0.794739306,-0.794739306,-0.794739306,-0.0397369653,0.0001668176596,0.083413846,27.66147477,0.08487923101,1.589478612,0
299.3987976,0.001497926687,0.8477480306,-0.7977480306,-0.7977480306,-0.7977480306,-0.7977480306,-0.7977480306,-0.7977480306,-0.7977480306,-0.7977480306,-0.7977480306,-0.7977480306,-0.7977480306,-0.7977480306,-0.7977480306,-0.03988740153,0.0001668165448,0.08341324456,27.66147478,0.08488013317,1.595496061,0
300.6012024,0.001492540367,0.8507567358,-0.8007567358,-0.8007567358,-0.8007567358,-0.8007567358,-0.8007567358,-0.8007567358,-0.8007567358,-0.8007567358,-0.8007567358,-0.8007567358,-0.8007567358,-0.8007567358,-0.8007567358,-0.04003783679,0.0001668154567,0.08341264992,27.66147478,0.08488102513,1.601513472,0
301.8036072,0.001487192717,0.8537654217,-0.8037654217,-0.8037654217,-0.8037654217,-0.8037654217,-0.8037654217,-0.8037654217,-0.8037654217,-0.8037654217,-0.8037654217,-0.8037654217,-0.8037654217,-0.8037654217,-0.8037654217,-0.04018827108,0.000166814381,0.0834120619,27.66147478,0.08488190716,1.607530843,0
303.006012,0.001481883323,0.8567740884,-0.8067740884,-0.8067740884,-0.8067740884,-0.8067740884,-0.8067740884,-0.8067740884,-0.8067740884,-0.8067740884,-0.8067740884,-0.8067740884,-0.8067740884,-0.8067740884,-0.8067740884,-0.04033870442,0.0001668133184,0.0834114804,27.66147478,0.0848827794,1.613548177,0
304.2084168,0.001476611778,0.8597827362,-0.8097827362,-0.8097827362,-0.8097827362,-0.8097827362,-0.8097827362,-0.8097827362,-0.8097827362,-0.8097827362,-0.8097827362,-0.8097827362,-0.8097827362,-0.8097827362,-0.8097827362,-0.04048913681,0.0001668122696,0.08341090534,27.66147478,0.08488364199,1.619565472,0
305.4108216,0.001471377683,0.8627913653,-0.8127913653,-0.8127913653,-0.8127913653,-0.8127913653,-0.8127913653,-0.8127913653,-0.8127913653,-0.8127913653,-0.8127913653,-0.8127913653,-0.8127913653,-0.8127913653,-0.8127913653,-0.04063956826,0.0001668112354,0.08341033663,27.66147478,0.08488449506,1.625582731,0
306.6132265,0.001466180645,0.8657999758,-0.8157999758,-0.8157999758,-0.8157999758,-0.8157999758,-0.8157999758,-0.8157999758,-0.8157999758,-0.8157999758,-0.8157999758,-0.8157999758,-0.8157999758,-0.8157999758,-0.8157999758,-0.04078999879,0.0001668102169,0.08340977418,27.66147478,0.08488533873,1.631599952,0
307.8156313,0.001461020278,0.868808568,-0.818808568,-0.818808568,-0.818808568,-0.818808568,-0.818808568,-0.818808568,-0.818808568,-0.818808568,-0.818808568,-0.818808568,-0.818808568,-0.818808568,-0.818808568,-0.0409404284,0.0001668092151,0.08340921791,27.66147479,0.08488617313,1.637617136,0
309.0180361,0.00145589617,0.8718171421,-0.8218171421,-0.8218171421,-0.8218171421,-0.8218171421,-0.8218171421,-0.8218171421,-0.8218171421,-0.8218171421,-0.8218171421,-0.8218171421,-0.8218171421,-0.8218171421,-0.8218171421,-0.0410908571,0.0001668082237,0.0834086677,27.66147479,0.08488699845,1.643634284,0
310.2204409,0.001450807912,0.8748256982,-0.8248256982,-0.8248256982,-0.8248256982,-0.8248256982,-0.8248256982,-0.8248256982,-0.8248256982,-0.8248256982,-0.8248256982,-0.8248256982,-0.8248256982,-0.8248256982,-0.8248256982,-0.04124128491,0.0001668072364,0.08340812341,27.66147479,0.08488781488,1.649651396,0
311.4228457,0.001445755164,0.8778342366,-0.8278342366,-0.8278342366,-0.8278342366,-0.8278342366,-0.8278342366,-0.8278342366,-0.8278342366,-0.8278342366,-0.8278342366,-0.8278342366,-0.8278342366,-0.8278342366,-0.8278342366,-0.04139171183,0.00016680626,0.08340758502,27.66147479,0.08488862247,1.655668473,0
312.6252505,0.001440737561,0.8808427575,-0.8308427575,-0.8308427575,-0.8308427575,-0.8308427575,-0.8308427575,-0.8308427575,-0.8308427575,-0.8308427575,-0.8308427575,-0.8308427575,-0.8308427575,-0.8308427575,-0.8308427575,-0.04154213787,0.000166805294,0.08340705244,27.66147479,0.08488942134,1.661685515,0
313.8276553,0.001435754742,0.8838512609,-0.8338512609,-0.8338512609,-0.8338512609,-0.8338512609,-0.8338512609,-0.8338512609,-0.8338512609,-0.8338512609,-0.8338512609,-0.8338512609,-0.8338512609,-0.8338512609,-0.8338512609,-0.04169256305,0.0001668043381,0.08340652558,27.66147479,0.08489021162,1.667702522,0
315.0300601,0.001430806352,0.8868597471,-0.8368597471,-0.8368597471,-0.8368597471,-0.8368597471,-0.8368597471,-0.8368597471,-0.8368597471,-0.8368597471,-0.8368597471,-0.8368597471,-0.8368597471,-0.8368597471,-0.8368597471,-0.04184298736,0.0001668033919,0.08340600438,27.66147479,0.08489099343,1.673719494,0
316.2324649,0.001425892045,0.8898682163,-0.8398682163,-0.8398682163,-0.8398682163,-0.8398682163,-0.8398682163,-0.8398682163,-0.8398682163,-0.8398682163,-0.8398682163,-0.8398682163,-0.8398682163,-0.8398682163,-0.8398682163,-0.04199341082,0.0001668024547,0.08340548875,27.6614748,0.08489176687,1.679736433,0
317.4348697,0.001421011477,0.8928766686,-0.8428766686,-0.8428766686,-0.8428766686,-0.8428766686,-0.8428766686,-0.8428766686,-0.8428766686,-0.8428766686,-0.8428766686,-0.8428766686,-0.8428766686,-0.8428766686,-0.8428766686,-0.04214383343,0.0001668015262,0.08340497862,27.6614748,0.08489253206,1.685753337,0
318.6372745,0.001416164172,0.8958851043,-0.8458851043,-0.8458851043,-0.8458851043,-0.8458851043,-0.8458851043,-0.8458851043,-0.8458851043,-0.8458851043,-0.8458851043,-0.8458851043,-0.8458851043,-0.8458851043,-0.8458851043,-0.04229425521,0.0001668006085,0.08340447392,27.6614748,0.08489328911,1.691770209,0
319.8396794,0.001411349845,0.8988935235,-0.8488935235,-0.8488935235,-0.8488935235,-0.8488935235,-0.8488935235,-0.8488935235,-0.8488935235,-0.8488935235,-0.8488935235,-0.8488935235,-0.8488935235,-0.8488935235,-0.8488935235,-0.04244467617,0.0001667997001,0.08340397457,27.6614748,0.08489403814,1.697787047,0
321.0420842,0.001406568178,0.9019019263,-0.8519019263,-0.8519019263,-0.8519019263,-0.8519019263,-0.8519019263,-0.8519019263,-0.8519019263,-0.8519019263,-0.8519019263,-0.8519019263,-0.8519019263,-0.8519019263,-0.8519019263,-0.04259509632,0.0001667988002,0.08340348051,27.6614748,0.08489477923,1.703803853,0
322.244489,0.001401818835,0.904910313,-0.854910313,-0.854910313,-0.854910313,-0.854910313,-0.854910313,-0.854910313,-0.854910313,-0.854910313,-0.854910313,-0.854910313,-0.854910313,-0.854910313,-0.854910313,-0.04274551565,0.0001667979087,0.08340299167,27.6614748,0.08489551249,1.709820626,0
323.4468938,0.001397101489,0.9079186837,-0.8579186837,-0.8579186837,-0.8579186837,-0.8579186837,-0.8579186837,-0.8579186837,-0.8579186837,-0.8579186837,-0.8579186837,-0.8579186837,-0.8579186837,-0.8579186837,-0.8579186837,-0.04289593419,0.000166797025,0.08340250799,27.6614748,0.08489623801,1.715837367,0
324.6492986,0.001392415816,0.9109270386,-0.8609270386,-0.8609270386,-0.8609270386,-0.8609270386,-0.8609270386,-0.8609270386,-0.8609270386,-0.8609270386,-0.8609270386,-0.8609270386,-0.8609270386,-0.8609270386,-0.8609270386,-0.04304635193,0.0001667961489,0.0834020294,27.66147481,0.08489695589,1.721854077,0
325.8517034,0.001387761498,0.9139353778,-0.8639353778,-0.8639353778,-0.8639353778,-0.8639353778,-0.8639353778,-0.8639353778,-0.8639353778,-0.8639353778,-0.8639353778,-0.8639353778,-0.8639353778,-0.8639353778,-0.8639353778,-0.04319676889,0.0001667952799,0.08340155585,27.66147481,0.08489766623,1.727870756,0
327.0541082,0.00138313824,0.9169437014,-0.8669437014,-0.8669437014,-0.8669437014,-0.8669437014,-0.8669437014,-0.8669437014,-0.8669437014,-0.8669437014,-0.8669437014,-0.8669437014,-0.8669437014,-0.8669437014,-0.8669437014,-0.04334718507,0.0001667944188,0.0834010872,27.66147481,0.08489836919,1.733887403,0
328.256513,0.001378545788,0.9199520097,-0.8699520097,-0.8699520097,-0.8699520097,-0.8699520097,-0.8699520097,-0.8699520097,-0.8699520097,-0.8699520097,-0.8699520097,-0.8699520097,-0.8699520097,-0.8699520097,-0.8699520097,-0.04349760048,0.0001667935682,0.08340062323,27.66147481,0.08489906515,1.739904019,0
329.4589178,0.001373983806,0.9229603027,-0.8729603027,-0.8729603027,-0.8729603027,-0.8729603027,-0.8729603027,-0.8729603027,-0.8729603027,-0.8729603027,-0.8729603027,-0.8729603027,-0.8729603027,-0.8729603027,-0.8729603027,-0.04364801513,0.0001667927259,0.08340016399,27.66147481,0.08489975402,1.745920605,0
330.6613226,0.001369452004,0.9259685806,-0.8759685806,-0.8759685806,-0.8759685806,-0.8759685806,-0.8759685806,-0.8759685806,-0.8759685806,-0.8759685806,-0.8759685806,-0.8759685806,-0.8759685806,-0.8759685806,-0.8759685806,-0.04379842903,0.0001667918918,0.08339970939,27.66147481,0.08490043591,1.751937161,0
331.8637275,0.001364950096,0.9289768436,-0.8789768436,-0.8789768436,-0.8789768436,-0.8789768436,-0.8789768436,-0.8789768436,-0.8789768436,-0.8789768436,-0.8789768436,-0.8789768436,-0.8789768436,-0.8789768436,-0.8789768436,-0.04394884218,0.0001667910659,0.08339925936,27.66147481,0.08490111095,1.757953687,0
333.0661323,0.001360477804,0.9319850918,-0.8819850918,-0.8819850918,-0.8819850918,-0.8819850918,-0.8819850918,-0.8819850918,-0.8819850918,-0.8819850918,-0.8819850918,-0.8819850918,-0.8819850918,-0.8819850918,-0.8819850918,-0.04409925459,0.0001667902485,0.08339881383,27.66147481,0.08490177926,1.763970184,0
334.2685371,0.001356034854,0.9349933253,-0.8849933253,-0.8849933253,-0.8849933253,-0.8849933253,-0.8849933253,-0.8849933253,-0.8849933253,-0.8849933253,-0.8849933253,-0.8849933253,-0.8849933253,-0.8849933253,-0.8849933253,-0.04424966626,0.0001667894394,0.0833983727,27.66147482,0.08490244095,1.769986651,0
335.4709419,0.001351620978,0.9380015442,-0.8880015442,-0.8880015442,-0.8880015442,-0.8880015442,-0.8880015442,-0.8880015442,-0.8880015442,-0.8880015442,-0.8880015442,-0.8880015442,-0.8880015442,-0.8880015442,-0.8880015442,-0.04440007721,0.0001667886388,0.0833979359,27.66147482,0.08490309615,1.776003088,0
336.6733467,0.001347235676,0.9410097489,-0.8910097489,-0.8910097489,-0.8910097489,-0.8910097489,-0.8910097489,-0.8910097489,-0.8910097489,-0.8910097489,-0.8910097489,-0.8910097489,-0.8910097489,-0.8910097489,-0.8910097489,-0.04455048744,0.0001667878463,0.08339750362,27.66147482,0.08490374456,1.782019498,0
337.8757515,0.001342878684,0.9440179394,-0.8940179394,-0.8940179394,-0.8940179394,-0.8940179394,-0.8940179394,-0.8940179394,-0.8940179394,-0.8940179394,-0.8940179394,-0.8940179394,-0.8940179394,-0.8940179394,-0.8940179394,-0.04470089697,0.0001667870621,0.08339707579,27.66147482,0.08490438631,1.788035879,0
339.0781563,0.001338549796,0.9470261159,-0.8970261159,-0.8970261159,-0.8970261159,-0.8970261159,-0.8970261159,-0.8970261159,-0.8970261159,-0.8970261159,-0.8970261159,-0.8970261159,-0.8970261159,-0.8970261159,-0.8970261159,-0.04485130579,0.0001667862863,0.08339665228,27.66147482,0.08490502158,1.794052232,0
340.2805611,0.001334248729,0.9500342784,-0.9000342784,-0.9000342784,-0.9000342784,-0.9000342784,-0.9000342784,-0.9000342784,-0.9000342784,-0.9000342784,-0.9000342784,-0.9000342784,-0.9000342784,-0.9000342784,-0.9000342784,-0.04500171392,0.0001667855192,0.08339623305,27.66147482,0.08490565043,1.800068557,0
341.4829659,0.001329975203,0.9530424272,-0.9030424272,-0.9030424272,-0.9030424272,-0.9030424272,-0.9030424272,-0.9030424272,-0.9030424272,-0.9030424272,-0.9030424272,-0.9030424272,-0.9030424272,-0.9030424272,-0.9030424272,-0.04515212136,0.0001667847607,0.08339581807,27.66147482,0.0849062729,1.806084854,0
342.6853707,0.00132572894,0.9560505624,-0.9060505624,-0.9060505624,-0.9060505624,-0.9060505624,-0.9060505624,-0.9060505624,-0.9060505624,-0.9060505624,-0.9060505624,-0.9060505624,-0.9060505624,-0.9060505624,-0.9060505624,-0.04530252812,0.0001667840111,0.0833954073,27.66147482,0.08490688906,1.812101125,0
343.8877756,0.001321509665,0.959058684,-0.909058684,-0.909058684,-0.909058684,-0.909058684,-0.909058684,-0.909058684,-0.909058684,-0.909058684,-0.909058684,-0.909058684,-0.909058684,-0.909058684,-0.909058684,-0.0454529342,0.0001667832704,0.08339500072,27.66147483,0.08490749892,1.818117368,0
345.0901804,0.001317317163,0.9620667923,-0.9120667923,-0.9120667923,-0.9120667923,-0.9120667923,-0.9120667923,-0.9120667923,-0.9120667923,-0.9120667923,-0.9120667923,-0.9120667923,-0.9120667923,-0.9120667923,-0.9120667923,-0.04560333962,0.0001667825373,0.08339459819,27.66147483,0.08490810272,1.824133585,0
346.2925852,0.0013131513,0.9650748873,-0.9150748873,-0.9150748873,-0.9150748873,-0.9150748873,-0.9150748873,-0.9150748873,-0.9150748873,-0.9150748873,-0.9150748873,-0.9150748873,-0.9150748873,-0.9150748873,-0.9150748873,-0.04575374436,0.0001667818081,0.08339419941,27.66147483,0.08490870088,1.830149775,0
347.49499,0.001309011729,0.9680829691,-0.9180829691,-0.9180829691,-0.9180829691,-0.9180829691,-0.9180829691,-0.9180829691,-0.9180829691,-0.9180829691,-0.9180829691,-0.9180829691,-0.9180829691,-0.9180829691,-0.9180829691,-0.04590414845,0.0001667810852,0.08339380454,27.66147483,0.08490929319,1.836165938,0
348.6973948,0.00130489821,0.9710910379,-0.9210910379,-0.9210910379,-0.9210910379,-0.9210910379,-0.9210910379,-0.9210910379,-0.9210910379,-0.9210910379,-0.9210910379,-0.9210910379,-0.9210910379,-0.9210910379,-0.9210910379,-0.04605455189,0.0001667803682,0.08339341351,27.66147483,0.08490987974,1.842182076,0
349.8997996,0.001300810505,0.9740990937,-0.9240990937,-0.9240990937,-0.9240990937,-0.9240990937,-0.9240990937,-0.9240990937,-0.9240990937,-0.9240990937,-0.9240990937,-0.9240990937,-0.9240990937,-0.9240990937,-0.9240990937,-0.04620495469,0.0001667796566,0.08339302625,27.66147483,0.08491046062,1.848198187,0
351.1022044,0.001296748381,0.9771071368,-0.9271071368,-0.9271071368,-0.9271071368,-0.9271071368,-0.9271071368,-0.9271071368,-0.9271071368,-0.9271071368,-0.9271071368,-0.9271071368,-0.9271071368,-0.9271071368,-0.9271071368,-0.04635535684,0.00016677895,0.08339264272,27.66147483,0.08491103592,1.854214274,0
352.3046092,0.00129271161,0.9801151672,-0.9301151672,-0.9301151672,-0.9301151672,-0.9301151672,-0.9301151672,-0.9301151672,-0.9301151672,-0.9301151672,-0.9301151672,-0.9301151672,-0.9301151672,-0.9301151672,-0.9301151672,-0.04650575836,0.0001667782479,0.08339226285,27.66147483,0.08491160573,1.860230334,0
353.507014,0.00128869997,0.9831231851,-0.9331231851,-0.9331231851,-0.9331231851,-0.9331231851,-0.9331231851,-0.9331231851,-0.9331231851,-0.9331231851,-0.9331231851,-0.9331231851,-0.9331231851,-0.9331231851,-0.9331231851,-0.04665615925,0.0001667775497,0.08339188657,27.66147483,0.08491217014,1.86624637,0
354.7094188,0.001284713144,0.9861311905,-0.9361311905,-0.9361311905,-0.9361311905,-0.9361311905,-0.9361311905,-0.9361311905,-0.9361311905,-0.9361311905,-0.9361311905,-0.9361311905,-0.9361311905,-0.9361311905,-0.9361311905,-0.04680655953,0.0001667768601,0.08339151391,27.66147483,0.08491272913,1.872262381,0
355.9118236,0.001280750955,0.9891391836,-0.9391391836,-0.9391391836,-0.9391391836,-0.9391391836,-0.9391391836,-0.9391391836,-0.9391391836,-0.9391391836,-0.9391391836,-0.9391391836,-0.9391391836,-0.9391391836,-0.9391391836,-0.04695695918,0.0001667761765,0.08339114477,27.66147484,0.08491328284,1.878278367,0
357.1142285,0.001276813191,0.9921471645,-0.9421471645,-0.9421471645,-0.9421471645,-0.9421471645,-0.9421471645,-0.9421471645,-0.9421471645,-0.9421471645,-0.9421471645,-0.9421471645,-0.9421471645,-0.9421471645,-0.9421471645,-0.04710735823,0.0001667754983,0.0833907791,27.66147484,0.08491383135,1.884294329,0
358.3166333,0.001272899634,0.9951551333,-0.9451551333,-0.9451551333,-0.9451551333,-0.9451551333,-0.9451551333,-0.9451551333,-0.9451551333,-0.9451551333,-0.9451551333,-0.9451551333,-0.9451551333,-0.9451551333,-0.9451551333,-0.04725775667,0.0001667748256,0.08339041684,27.66147484,0.08491437474,1.890310267,0
359.5190381,0.001269010071,0.9981630902,-0.9481630902,-0.9481630902,-0.9481630902,-0.9481630902,-0.9481630902,-0.9481630902,-0.9481630902,-0.9481630902,-0.9481630902,-0.9481630902,-0.9481630902,-0.9481630902,-0.9481630902,-0.04740815451,0.0001667741581,0.08339005793,27.66147484,0.0849149131,1.89632618,0
360.7214429,0.001265144293,1.001171035,-0.9511710351,-0.9511710351,-0.9511710351,-0.9511710351,-0.9511710351,-0.9511710351,-0.9511710351,-0.9511710351,-0.9511710351,-0.9511710351,-0.9511710351,-0.9511710351,-0.9511710351,-0.04755855175,0.0001667734961,0.08338970233,27.66147484,0.0849154465,1.90234207,0
361.9238477,0.001261302094,1.004178968,-0.9541789682,-0.9541789682,-0.9541789682,-0.9541789682,-0.9541789682,-0.9541789682,-0.9541789682,-0.9541789682,-0.9541789682,-0.9541789682,-0.9541789682,-0.9541789682,-0.9541789682,-0.04770894841,0.0001667728393,0.08338934999,27.66147484,0.08491597501,1.908357936,0
363.1262525,0.001257483161,1.00718689,-0.9571868897,-0.9571868897,-0.9571868897,-0.9571868897,-0.9571868897,-0.9571868897,-0.9571868897,-0.9571868897,-0.9571868897,-0.9571868897,-0.9571868897,-0.9571868897,-0.9571868897,-0.04785934448,0.00016677219,0.08338900098,27.66147484,0.08491649853,1.914373779,0
364.3286573,0.001253687221,1.0101948,-0.9601947997,-0.9601947997,-0.9601947997,-0.9601947997,-0.9601947997,-0.9601947997,-0.9601947997,-0.9601947997,-0.9601947997,-0.9601947997,-0.9601947997,-0.9601947997,-0.9601947997,-0.04800973998,0.0001667715497,0.08338865533,27.66147484,0.084917017,1.920389599,0
365.5310621,0.001249914137,1.013202698,-0.9632026982,-0.9632026982,-0.9632026982,-0.9632026982,-0.9632026982,-0.9632026982,-0.9632026982,-0.9632026982,-0.9632026982,-0.9632026982,-0.9632026982,-0.9632026982,-0.9632026982,-0.04816013491,0.0001667709172,0.08338831294,27.66147484,0.0849175306,1.926405396,0
366.7334669,0.001246163693,1.016210585,-0.9662105855,-0.9662105855,-0.9662105855,-0.9662105855,-0.9662105855,-0.9662105855,-0.9662105855,-0.9662105855,-0.9662105855,-0.9662105855,-0.9662105855,-0.9662105855,-0.9662105855,-0.04831052927,0.0001667702932,0.08338797377,27.66147484,0.08491803935,1.932421171,0
367.9358717,0.001242435676,1.019218462,-0.9692184615,-0.9692184615,-0.9692184615,-0.9692184615,-0.9692184615,-0.9692184615,-0.9692184615,-0.9692184615,-0.9692184615,-0.9692184615,-0.9692184615,-0.9692184615,-0.9692184615,-0.04846092308,0.0001667696781,0.08338763781,27.66147485,0.08491854329,1.938436923,0
369.1382766,0.001238729872,1.022226326,-0.9722263264,-0.9722263264,-0.9722263264,-0.9722263264,-0.9722263264,-0.9722263264,-0.9722263264,-0.9722263264,-0.9722263264,-0.9722263264,-0.9722263264,-0.9722263264,-0.9722263264,-0.04861131632,0.0001667690725,0.08338730504,27.66147485,0.08491904244,1.944452653,0
370.3406814,0.001235046072,1.02523418,-0.9752341804,-0.9752341804,-0.9752341804,-0.9752341804,-0.9752341804,-0.9752341804,-0.9752341804,-0.9752341804,-0.9752341804,-0.9752341804,-0.9752341804,-0.9752341804,-0.9752341804,-0.04876170902,0.0001667684772,0.08338697545,27.66147485,0.08491953683,1.950468361,0
371.5430862,0.001231384085,1.028242023,-0.9782420234,-0.9782420234,-0.9782420234,-0.9782420234,-0.9782420234,-0.9782420234,-0.9782420234,-0.9782420234,-0.9782420234,-0.9782420234,-0.9782420234,-0.9782420234,-0.9782420234,-0.04891210117,0.0001667678916,0.08338664898,27.66147485,0.08492002652,1.956484047,0
372.745491,0.001227743867,1.031249856,-0.9812498555,-0.9812498555,-0.9812498555,-0.9812498555,-0.9812498555,-0.9812498555,-0.9812498555,-0.9812498555,-0.9812498555,-0.9812498555,-0.9812498555,-0.9812498555,-0.9812498555,-0.04906249278,0.0001667673043,0.08338632532,27.66147485,0.08492051202,1.962499711,0
373.9478958,0.001224125127,1.034257677,-0.9842576769,-0.9842576769,-0.9842576769,-0.9842576769,-0.9842576769,-0.9842576769,-0.9842576769,-0.9842576769,-0.9842576769,-0.9842576769,-0.9842576769,-0.9842576769,-0.9842576769,-0.04921288385,0.0001667667227,0.08338600463,27.66147485,0.08492099306,1.968515354,0
375.1503006,0.001220527679,1.037265488,-0.9872654877,-0.9872654877,-0.9872654877,-0.9872654877,-0.9872654877,-0.9872654877,-0.9872654877,-0.9872654877,-0.9872654877,-0.9872654877,-0.9872654877,-0.9872654877,-0.9872654877,-0.04936327438,0.0001667661463,0.08338568686,27.66147485,0.08492146971,1.974530975,0
376.3527054,0.001216951342,1.040273288,-0.9902732879,-0.9902732879,-0.9902732879,-0.9902732879,-0.9902732879,-0.9902732879,-0.9902732879,-0.9902732879,-0.9902732879,-0.9902732879,-0.9902732879,-0.9902732879,-0.9902732879,-0.04951366439,0.0001667655744,0.08338537197,27.66147485,0.08492194204,1.980546576,0
377.5551102,0.001213395939,1.043281078,-0.9932810776,-0.9932810776,-0.9932810776,-0.9932810776,-0.9932810776,-0.9932810776,-0.9932810776,-0.9932810776,-0.9932810776,-0.9932810776,-0.9932810776,-0.9932810776,-0.9932810776,-0.04966405388,0.0001667650065,0.08338505993,27.66147485,0.08492241011,1.986562155,0
378.757515,0.001209861295,1.046288857,-0.9962888569,-0.9962888569,-0.9962888569,-0.9962888569,-0.9962888569,-0.9962888569,-0.9962888569,-0.9962888569,-0.9962888569,-0.9962888569,-0.9962888569,-0.9962888569,-0.9962888569,-0.04981444285,0.0001667644419,0.08338475068,27.66147485,0.08492287398,1.992577714,0
379.9599198,0.001206347239,1.049296626,-0.999296626,-0.999296626,-0.999296626,-0.999296626,-0.999296626,-0.999296626,-0.999296626,-0.999296626,-0.999296626,-0.999296626,-0.999296626,-0.999296626,-0.999296626,-0.0499648313,0.0001667638798,0.08338444419,27.66147485,0.08492333371,1.998593252,0
381.1623246,0.001202853559,1.052304385,-1.002304385,-1.002304385,-1.002304385,-1.002304385,-1.002304385,-1.002304385,-1.002304385,-1.002304385,-1.002304385,-1.002304385,-1.002304385,-1.002304385,-1.002304385,-0.05011521924,0.0001667633207,0.08338414041,27.66147486,0.08492378939,2.00460877,0
382.3647295,0.001199380092,1.055312134,-1.005312134,-1.005312134,-1.005312134,-1.005312134,-1.005312134,-1.005312134,-1.005312134,-1.005312134,-1.005312134,-1.005312134,-1.005312134,-1.005312134,-1.005312134,-0.05026560668,0.0001667627637,0.08338383929,27.66147486,0.08492424106,2.010624267,0
383.5671343,0.001195926682,1.058319872,-1.008319872,-1.008319872,-1.008319872,-1.008319872,-1.008319872,-1.008319872,-1.008319872,-1.008319872,-1.008319872,-1.008319872,-1.008319872,-1.008319872,-1.008319872,-0.05041599362,0.0001667622076,0.08338354079,27.66147486,0.08492468881,2.016639745,0
384.7695391,0.001192493165,1.061327601,-1.011327601,-1.011327601,-1.011327601,-1.011327601,-1.011327601,-1.011327601,-1.011327601,-1.011327601,-1.011327601,-1.011327601,-1.011327601,-1.011327601,-1.011327601,-0.05056638006,0.0001667616517,0.08338324487,27.66147486,0.08492513269,2.022655202,0
385.9719439,0.001189079379,1.06433532,-1.01433532,-1.01433532,-1.01433532,-1.01433532,-1.01433532,-1.01433532,-1.01433532,-1.01433532,-1.01433532,-1.01433532,-1.01433532,-1.01433532,-1.01433532,-0.050716766,0.0001667610952,0.08338295148,27.66147486,0.08492557277,2.02867064,0
387.1743487,0.001185685164,1.067343029,-1.017343029,-1.017343029,-1.017343029,-1.017343029,-1.017343029,-1.017343029,-1.017343029,-1.017343029,-1.017343029,-1.017343029,-1.017343029,-1.017343029,-1.017343029,-0.05086715146,0.0001667605372,0.08338266058,27.66147486,0.08492600913,2.034686058,0
388.3767535,0.001182310364,1.070350729,-1.020350729,-1.020350729,-1.020350729,-1.020350729,-1.020350729,-1.020350729,-1.020350729,-1.020350729,-1.020350729,-1.020350729,-1.020350729,-1.020350729,-1.020350729,-0.05101753643,0.0001667599766,0.08338237211,27.66147486,0.08492644184,2.040701457,0
389.5791583,0.001178954759,1.073358418,-1.023358418,-1.023358418,-1.023358418,-1.023358418,-1.023358418,-1.023358418,-1.023358418,-1.023358418,-1.023358418,-1.023358418,-1.023358418,-1.023358418,-1.023358418,-0.05116792092,0.0001667594194,0.08338208613,27.66147486,0.0849268708,2.046716837,0
390.7815631,0.001175618052,1.076366099,-1.026366099,-1.026366099,-1.026366099,-1.026366099,-1.026366099,-1.026366099,-1.026366099,-1.026366099,-1.026366099,-1.026366099,-1.026366099,-1.026366099,-1.026366099,-0.05131830494,0.0001667588793,0.08338180282,27.66147486,0.08492729576,2.052732198,0
391.9839679,0.001172300183,1.07937377,-1.02937377,-1.02937377,-1.02937377,-1.02937377,-1.02937377,-1.02937377,-1.02937377,-1.02937377,-1.02937377,-1.02937377,-1.02937377,-1.02937377,-1.02937377,-0.05146868849,0.0001667583463,0.083381522,27.66147486,0.084927717,2.058747539,0
393.1863727,0.001169000981,1.082381431,-1.032381431,-1.032381431,-1.032381431,-1.032381431,-1.032381431,-1.032381431,-1.032381431,-1.032381431,-1.032381431,-1.032381431,-1.032381431,-1.032381431,-1.032381431,-0.05161907157,0.0001667578218,0.08338124365,27.66147486,0.08492813452,2.064762863,0
394.3887776,0.001165720277,1.085389084,-1.035389084,-1.035389084,-1.035389084,-1.035389084,-1.035389084,-1.035389084,-1.035389084,-1.035389084,-1.035389084,-1.035389084,-1.035389084,-1.035389084,-1.035389084,-0.05176945419,0.0001667573075,0.08338096777,27.66147486,0.08492854835,2.070778167,0
395.5911824,0.001162457902,1.088396727,-1.038396727,-1.038396727,-1.038396727,-1.038396727,-1.038396727,-1.038396727,-1.038396727,-1.038396727,-1.038396727,-1.038396727,-1.038396727,-1.038396727,-1.038396727,-0.05191983635,0.0001667568049,0.08338069435,27.66147486,0.08492895848,2.076793454,0
396.7935872,0.001159213691,1.091404361,-1.041404361,-1.041404361,-1.041404361,-1.041404361,-1.041404361,-1.041404361,-1.041404361,-1.041404361,-1.041404361,-1.041404361,-1.041404361,-1.041404361,-1.041404361,-0.05207021805,0.0001667563159,0.08338042338,27.66147487,0.08492936493,2.082808722,0
397.995992,0.001155987475,1.094411986,-1.044411986,-1.044411986,-1.044411986,-1.044411986,-1.044411986,-1.044411986,-1.044411986,-1.044411986,-1.044411986,-1.044411986,-1.044411986,-1.044411986,-1.044411986,-0.05222059931,0.0001667558425,0.08338015487,27.66147487,0.08492976769,2.088823972,0
399.1983968,0.001152779289,1.097419602,-1.047419602,-1.047419602,-1.047419602,-1.047419602,-1.047419602,-1.047419602,-1.047419602,-1.047419602,-1.047419602,-1.047419602,-1.047419602,-1.047419602,-1.047419602,-0.05237098012,0.000166755362,0.08337988849,27.66147487,0.08493016727,2.094839205,0
400.4008016,0.001149588886,1.10042721,-1.05042721,-1.05042721,-1.05042721,-1.05042721,-1.05042721,-1.05042721,-1.05042721,-1.05042721,-1.05042721,-1.05042721,-1.05042721,-1.05042721,-1.05042721,-0.05252136048,0.0001667548868,0.08337962437,27.66147487,0.08493056344,2.100854419,0
401.6032064,0.001146416111,1.103434808,-1.053434808,-1.053434808,-1.053434808,-1.053434808,-1.053434808,-1.053434808,-1.053434808,-1.053434808,-1.053434808,-1.053434808,-1.053434808,-1.053434808,-1.053434808,-0.0526717404,0.0001667544184,0.08337936251,27.66147487,0.08493095623,2.106869616,0
402.8056112,0.001143260824,1.106442398,-1.056442398,-1.056442398,-1.056442398,-1.056442398,-1.056442398,-1.056442398,-1.056442398,-1.056442398,-1.056442398,-1.056442398,-1.056442398,-1.056442398,-1.056442398,-0.05282211988,0.0001667539565,0.08337910288,27.66147487,0.08493134568,2.112884795,0
404.008016,0.001140122887,1.109449979,-1.059449979,-1.059449979,-1.059449979,-1.059449979,-1.059449979,-1.059449979,-1.059449979,-1.059449979,-1.059449979,-1.059449979,-1.059449979,-1.059449979,-1.059449979,-0.05297249893,0.0001667535006,0.08337884545,27.66147487,0.08493173183,2.118899957,0
405.2104208,0.001137002167,1.112457551,-1.062457551,-1.062457551,-1.062457551,-1.062457551,-1.062457551,-1.062457551,-1.062457551,-1.062457551,-1.062457551,-1.062457551,-1.062457551,-1.062457551,-1.062457551,-0.05312287755,0.0001667530503,0.08337859018,27.66147487,0.08493211472,2.124915102,0
406.4128257,0.001133898531,1.115465115,-1.065465115,-1.065465115,-1.065465115,-1.065465115,-1.065465115,-1.065465115,-1.065465115,-1.065465115,-1.065465115,-1.065465115,-1.065465115,-1.065465115,-1.065465115,-0.05327325574,0.0001667526051,0.08337833706,27.66147487,0.08493249441,2.13093023,0
407.6152305,0.001130811808,1.11847267,-1.06847267,-1.06847267,-1.06847267,-1.06847267,-1.06847267,-1.06847267,-1.06847267,-1.06847267,-1.06847267,-1.06847267,-1.06847267,-1.06847267,-1.06847267,-0.05342363351,0.0001667521595,0.08337808604,27.66147487,0.08493287094,2.13694534,0
408.8176353,0.001127741844,1.121480217,-1.071480217,-1.071480217,-1.071480217,-1.071480217,-1.071480217,-1.071480217,-1.071480217,-1.071480217,-1.071480217,-1.071480217,-1.071480217,-1.071480217,-1.071480217,-0.05357401086,0.0001667517096,0.08337783711,27.66147487,0.08493324433,2.142960435,0
410.0200401,0.001124688537,1.124487756,-1.074487756,-1.074487756,-1.074487756,-1.074487756,-1.074487756,-1.074487756,-1.074487756,-1.074487756,-1.074487756,-1.074487756,-1.074487756,-1.074487756,-1.074487756,-0.0537243878,0.0001667512573,0.08337759024,27.66147487,0.08493361465,2.148975512,0
411.2224449,0.001121651756,1.127495286,-1.077495286,-1.077495286,-1.077495286,-1.077495286,-1.077495286,-1.077495286,-1.077495286,-1.077495286,-1.077495286,-1.077495286,-1.077495286,-1.077495286,-1.077495286,-0.05387476432,0.0001667508007,0.08337734538,27.66147487,0.08493398194,2.154990573,0
412.4248497,0.001118631371,1.130502809,-1.080502809,-1.080502809,-1.080502809,-1.080502809,-1.080502809,-1.080502809,-1.080502809,-1.080502809,-1.080502809,-1.080502809,-1.080502809,-1.080502809,-1.080502809,-0.05402514043,0.0001667503378,0.0833771025,27.66147487,0.08493434624,2.161005617,0
413.6272545,0.001115627256,1.133510323,-1.083510323,-1.083510323,-1.083510323,-1.083510323,-1.083510323,-1.083510323,-1.083510323,-1.083510323,-1.083510323,-1.083510323,-1.083510323,-1.083510323,-1.083510323,-0.05417551613,0.0001667498665,0.08337686159,27.66147488,0.08493470762,2.167020645,0
414.8296593,0.001112639286,1.136517829,-1.086517829,-1.086517829,-1.086517829,-1.086517829,-1.086517829,-1.086517829,-1.086517829,-1.086517829,-1.086517829,-1.086517829,-1.086517829,-1.086517829,-1.086517829,-0.05432589143,0.0001667493845,0.0833766226,27.66147488,0.0849350661,2.173035657,0
416.0320641,0.001109667324,1.139525327,-1.089525327,-1.089525327,-1.089525327,-1.089525327,-1.089525327,-1.089525327,-1.089525327,-1.089525327,-1.089525327,-1.089525327,-1.089525327,-1.089525327,-1.089525327,-0.05447626633,0.0001667488934,0.08337638552,27.66147488,0.08493542172,2.179050653,0
417.2344689,0.001106711139,1.142532817,-1.092532817,-1.092532817,-1.092532817,-1.092532817,-1.092532817,-1.092532817,-1.092532817,-1.092532817,-1.092532817,-1.092532817,-1.092532817,-1.092532817,-1.092532817,-0.05462664084,0.0001667484238,0.08337615049,27.66147488,0.08493577427,2.185065634,0
418.4368737,0.001103770671,1.145540299,-1.095540299,-1.095540299,-1.095540299,-1.095540299,-1.095540299,-1.095540299,-1.095540299,-1.095540299,-1.095540299,-1.095540299,-1.095540299,-1.095540299,-1.095540299,-0.05477701495,0.0001667479551,0.08337591738,27.66147488,0.08493612393,2.191080598,0
419.6392786,0.00110084579,1.148547773,-1.098547773,-1.098547773,-1.098547773,-1.098547773,-1.098547773,-1.098547773,-1.098547773,-1.098547773,-1.098547773,-1.098547773,-1.098547773,-1.098547773,-1.098547773,-0.05492738867,0.0001667474882,0.08337568618,27.66147488,0.08493647073,2.197095547,0
420.8416834,0.001097936366,1.15155524,-1.10155524,-1.10155524,-1.10155524,-1.10155524,-1.10155524,-1.10155524,-1.10155524,-1.10155524,-1.10155524,-1.10155524,-1.10155524,-1.10155524,-1.10155524,-0.05507776201,0.0001667470243,0.08337545688,27.66147488,0.08493681468,2.20311048,0
422.0440882,0.00109504227,1.154562699,-1.104562699,-1.104562699,-1.104562699,-1.104562699,-1.104562699,-1.104562699,-1.104562699,-1.104562699,-1.104562699,-1.104562699,-1.104562699,-1.104562699,-1.104562699,-0.05522813497,0.0001667465647,0.08337522946,27.66147488,0.0849371558,2.209125399,0
423.246493,0.001092163376,1.157570151,-1.107570151,-1.107570151,-1.107570151,-1.107570151,-1.107570151,-1.107570151,-1.107570151,-1.107570151,-1.107570151,-1.107570151,-1.107570151,-1.107570151,-1.107570151,-0.05537850754,0.000166746111,0.08337500393,27.66147488,0.08493749411,2.215140302,0
424.4488978,0.001089299556,1.160577595,-1.110577595,-1.110577595,-1.110577595,-1.110577595,-1.110577595,-1.110577595,-1.110577595,-1.110577595,-1.110577595,-1.110577595,-1.110577595,-1.110577595,-1.110577595,-0.05552887974,0.0001667456646,0.08337478026,27.66147488,0.08493782961,2.221155189,0
425.6513026,0.001086450761,1.163585031,-1.113585031,-1.113585031,-1.113585031,-1.113585031,-1.113585031,-1.113585031,-1.113585031,-1.113585031,-1.113585031,-1.113585031,-1.113585031,-1.113585031,-1.113585031,-0.05567925156,0.0001667452287,0.08337455834,27.66147488,0.08493816248,2.227170062,0
426.8537074,0.001083616861,1.16659246,-1.11659246,-1.11659246,-1.11659246,-1.11659246,-1.11659246,-1.11659246,-1.11659246,-1.11659246,-1.11659246,-1.11659246,-1.11659246,-1.11659246,-1.11659246,-0.05582962301,0.0001667448051,0.08337433818,27.66147488,0.08493849273,2.23318492,0
428.0561122,0.001080797723,1.169599882,-1.119599882,-1.119599882,-1.119599882,-1.119599882,-1.119599882,-1.119599882,-1.119599882,-1.119599882,-1.119599882,-1.119599882,-1.119599882,-1.119599882,-1.119599882,-0.05597999408,0.0001667443957,0.08337411978,27.66147488,0.08493882033,2.239199763,0
429.258517,0.001077993233,1.172607296,-1.122607296,-1.122607296,-1.122607296,-1.122607296,-1.122607296,-1.122607296,-1.122607296,-1.122607296,-1.122607296,-1.122607296,-1.122607296,-1.122607296,-1.122607296,-0.0561303648,0.0001667440029,0.08337390312,27.66147488,0.08493914533,2.245214592,0
430.4609218,0.001075203283,1.175614703,-1.125614703,-1.125614703,-1.125614703,-1.125614703,-1.125614703,-1.125614703,-1.125614703,-1.125614703,-1.125614703,-1.125614703,-1.125614703,-1.125614703,-1.125614703,-0.05628073515,0.0001667436295,0.08337368818,27.66147488,0.08493946773,2.251229406,0
431.6633267,0.001072427763,1.178622103,-1.128622103,-1.128622103,-1.128622103,-1.128622103,-1.128622103,-1.128622103,-1.128622103,-1.128622103,-1.128622103,-1.128622103,-1.128622103,-1.128622103,-1.128622103,-0.05643110514,0.0001667432781,0.08337347494,27.66147489,0.08493978759,2.257244206,0
432.8657315,0.001069666568,1.181629495,-1.131629495,-1.131629495,-1.131629495,-1.131629495,-1.131629495,-1.131629495,-1.131629495,-1.131629495,-1.131629495,-1.131629495,-1.131629495,-1.131629495,-1.131629495,-0.05658147477,0.0001667429517,0.08337326339,27.66147489,0.08494010492,2.263258991,0
434.0681363,0.001066919566,1.184636881,-1.134636881,-1.134636881,-1.134636881,-1.134636881,-1.134636881,-1.134636881,-1.134636881,-1.134636881,-1.134636881,-1.134636881,-1.134636881,-1.134636881,-1.134636881,-0.05673184404,0.0001667426331,0.08337305351,27.66147489,0.08494041974,2.269273762,0
435.2705411,0.001064186605,1.187644259,-1.137644259,-1.137644259,-1.137644259,-1.137644259,-1.137644259,-1.137644259,-1.137644259,-1.137644259,-1.137644259,-1.137644259,-1.137644259,-1.137644259,-1.137644259,-0.05688221297,0.000166742287,0.08337284531,27.66147489,0.08494073204,2.275288519,0
436.4729459,0.001061467618,1.190651631,-1.140651631,-1.140651631,-1.140651631,-1.140651631,-1.140651631,-1.140651631,-1.140651631,-1.140651631,-1.140651631,-1.140651631,-1.140651631,-1.140651631,-1.140651631,-0.05703258155,0.0001667419434,0.08337263876,27.66147489,0.08494104187,2.281303262,0
437.6753507,0.001058762498,1.193658996,-1.143658996,-1.143658996,-1.143658996,-1.143658996,-1.143658996,-1.143658996,-1.143658996,-1.143658996,-1.143658996,-1.143658996,-1.143658996,-1.143658996,-1.143658996,-0.05718294978,0.0001667416001,0.08337243383,27.66147489,0.08494134925,2.287317991,0
438.8777555,0.00105607114,1.196666353,-1.146666353,-1.146666353,-1.146666353,-1.146666353,-1.146666353,-1.146666353,-1.146666353,-1.146666353,-1.146666353,-1.146666353,-1.146666353,-1.146666353,-1.146666353,-0.05733331766,0.0001667412546,0.08337223052,27.66147489,0.08494165422,2.293332706,0
440.0801603,0.001053393438,1.199673704,-1.149673704,-1.149673704,-1.149673704,-1.149673704,-1.149673704,-1.149673704,-1.149673704,-1.149673704,-1.149673704,-1.149673704,-1.149673704,-1.149673704,-1.149673704,-0.0574836852,0.0001667409042,0.0833720288,27.66147489,0.0849419568,2.299347408,0
441.2825651,0.001050729289,1.202681048,-1.152681048,-1.152681048,-1.152681048,-1.152681048,-1.152681048,-1.152681048,-1.152681048,-1.152681048,-1.152681048,-1.152681048,-1.152681048,-1.152681048,-1.152681048,-0.05763405241,0.0001667405461,0.08337182866,27.66147489,0.084942257,2.305362096,0
442.4849699,0.001048078591,1.205688386,-1.155688386,-1.155688386,-1.155688386,-1.155688386,-1.155688386,-1.155688386,-1.155688386,-1.155688386,-1.155688386,-1.155688386,-1.155688386,-1.155688386,-1.155688386,-0.05778441928,0.000166740177,0.0833716301,27.66147489,0.08494255486,2.311376771,0
443.6873747,0.001045441248,1.208695716,-1.158695716,-1.158695716,-1.158695716,-1.158695716,-1.158695716,-1.158695716,-1.158695716,-1.158695716,-1.158695716,-1.158695716,-1.158695716,-1.158695716,-1.158695716,-0.05793478581,0.000166739799,0.08337143307,27.66147489,0.0849428504,2.317391432,0
444.8897796,0.001042817175,1.21170304,-1.16170304,-1.16170304,-1.16170304,-1.16170304,-1.16170304,-1.16170304,-1.16170304,-1.16170304,-1.16170304,-1.16170304,-1.16170304,-1.16170304,-1.16170304,-0.05808515202,0.0001667394351,0.08337123752,27.66147489,0.08494314371,2.323406081,0
446.0921844,0.001040206264,1.214710358,-1.164710358,-1.164710358,-1.164710358,-1.164710358,-1.164710358,-1.164710358,-1.164710358,-1.164710358,-1.164710358,-1.164710358,-1.164710358,-1.164710358,-1.164710358,-0.05823551789,0.000166739065,0.08337104348,27.66147489,0.08494343479,2.329420716,0
447.2945892,0.001037608421,1.217717669,-1.167717669,-1.167717669,-1.167717669,-1.167717669,-1.167717669,-1.167717669,-1.167717669,-1.167717669,-1.167717669,-1.167717669,-1.167717669,-1.167717669,-1.167717669,-0.05838588344,0.0001667386875,0.0833708509,27.66147489,0.08494372364,2.335435337,0
448.496994,0.00103502355,1.220724973,-1.170724973,-1.170724973,-1.170724973,-1.170724973,-1.170724973,-1.170724973,-1.170724973,-1.170724973,-1.170724973,-1.170724973,-1.170724973,-1.170724973,-1.170724973,-0.05853624866,0.0001667383014,0.08337065979,27.66147489,0.08494401031,2.341449946,0
449.6993988,0.001032451559,1.223732271,-1.173732271,-1.173732271,-1.173732271,-1.173732271,-1.173732271,-1.173732271,-1.173732271,-1.173732271,-1.173732271,-1.173732271,-1.173732271,-1.173732271,-1.173732271,-0.05868661356,0.0001667379054,0.08337047012,27.66147489,0.08494429482,2.347464542,0
450.9018036,0.001029892357,1.226739563,-1.176739563,-1.176739563,-1.176739563,-1.176739563,-1.176739563,-1.176739563,-1.176739563,-1.176739563,-1.176739563,-1.176739563,-1.176739563,-1.176739563,-1.176739563,-0.05883697814,0.0001667374979,0.08337028187,27.66147489,0.0849445772,2.353479126,0
452.1042084,0.001027345853,1.229746848,-1.179746848,-1.179746848,-1.179746848,-1.179746848,-1.179746848,-1.179746848,-1.179746848,-1.179746848,-1.179746848,-1.179746848,-1.179746848,-1.179746848,-1.179746848,-0.05898734241,0.0001667370778,0.08337009502,27.66147489,0.08494485748,2.359493696,0
453.3066132,0.001024811955,1.232754127,-1.182754127,-1.182754127,-1.182754127,-1.182754127,-1.182754127,-1.182754127,-1.182754127,-1.182754127,-1.182754127,-1.182754127,-1.182754127,-1.182754127,-1.182754127,-0.05913770635,0.0001667366452,0.08336990955,27.6614749,0.08494513567,2.365508254,0
454.509018,0.001022290435,1.2357614,-1.1857614,-1.1857614,-1.1857614,-1.1857614,-1.1857614,-1.1857614,-1.1857614,-1.1857614,-1.1857614,-1.1857614,-1.1857614,-1.1857614,-1.1857614,-0.05928806999,0.0001667362519,0.08336972558,27.6614749,0.08494541164,2.3715228,0
455.7114228,0.001019781286,1.238768666,-1.188768666,-1.188768666,-1.188768666,-1.188768666,-1.188768666,-1.188768666,-1.188768666,-1.188768666,-1.188768666,-1.188768666,-1.188768666,-1.188768666,-1.188768666,-0.05943843332,0.0001667358662,0.083369543,27.6614749,0.0849456855,2.377537333,0
456.9138277,0.001017284412,1.241775927,-1.191775927,-1.191775927,-1.191775927,-1.191775927,-1.191775927,-1.191775927,-1.191775927,-1.191775927,-1.191775927,-1.191775927,-1.191775927,-1.191775927,-1.191775927,-0.05958879635,0.000166735491,0.08336936182,27.6614749,0.08494595727,2.383551854,0
458.1162325,0.001014799718,1.244783181,-1.194783181,-1.194783181,-1.194783181,-1.194783181,-1.194783181,-1.194783181,-1.194783181,-1.194783181,-1.194783181,-1.194783181,-1.194783181,-1.194783181,-1.194783181,-0.05973915907,0.0001667351296,0.08336918202,27.6614749,0.08494622697,2.389566363,0
459.3186373,0.001012327106,1.24779043,-1.19779043,-1.19779043,-1.19779043,-1.19779043,-1.19779043,-1.19779043,-1.19779043,-1.19779043,-1.19779043,-1.19779043,-1.19779043,-1.19779043,-1.19779043,-0.05988952148,0.0001667347858,0.0833690036,27.6614749,0.0849464946,2.395580859,0
460.5210421,0.001009866481,1.250797672,-1.200797672,-1.200797672,-1.200797672,-1.200797672,-1.200797672,-1.200797672,-1.200797672,-1.200797672,-1.200797672,-1.200797672,-1.200797672,-1.200797672,-1.200797672,-0.0600398836,0.0001667344635,0.08336882654,27.6614749,0.08494676018,2.401595344,0
461.7234469,0.00100741775,1.253804908,-1.203804908,-1.203804908,-1.203804908,-1.203804908,-1.203804908,-1.203804908,-1.203804908,-1.203804908,-1.203804908,-1.203804908,-1.203804908,-1.203804908,-1.203804908,-0.06019024542,0.0001667341668,0.08336865086,27.6614749,0.08494702372,2.407609817,0
462.9258517,0.001004980817,1.256812139,-1.206812139,-1.206812139,-1.206812139,-1.206812139,-1.206812139,-1.206812139,-1.206812139,-1.206812139,-1.206812139,-1.206812139,-1.206812139,-1.206812139,-1.206812139,-0.06034060694,0.0001667339002,0.08336847652,27.6614749,0.08494728521,2.413624278,0
464.1282565,0.00100255581,1.259819363,-1.209819363,-1.209819363,-1.209819363,-1.209819363,-1.209819363,-1.209819363,-1.209819363,-1.209819363,-1.209819363,-1.209819363,-1.209819363,-1.209819363,-1.209819363,-0.06049096817,0.0001667336049,0.0833683033,27.6614749,0.08494754504,2.419638727,0
465.3306613,0.001000142545,1.262826582,-1.212826582,-1.212826582,-1.212826582,-1.212826582,-1.212826582,-1.212826582,-1.212826582,-1.212826582,-1.212826582,-1.212826582,-1.212826582,-1.212826582,-1.212826582,-0.0606413291,0.000166733312,0.08336813129,27.6614749,0.08494780306,2.425653164,0
466.5330661,0.0009977409271,1.265833795,-1.215833795,-1.215833795,-1.215833795,-1.215833795,-1.215833795,-1.215833795,-1.215833795,-1.215833795,-1.215833795,-1.215833795,-1.215833795,-1.215833795,-1.215833795,-0.06079168974,0.0001667330273,0.08336796049,27.6614749,0.08494805927,2.43166759,0
467.7354709,0.0009953508869,1.268841002,-1.218841002,-1.218841002,-1.218841002,-1.218841002,-1.218841002,-1.218841002,-1.218841002,-1.218841002,-1.218841002,-1.218841002,-1.218841002,-1.218841002,-1.218841002,-0.0609420501,0.00016673275,0.08336779086,27.6614749,0.08494831371,2.437682004,0
468.9378758,0.0009929723557,1.271848203,-1.221848203,-1.221848203,-1.221848203,-1.221848203,-1.221848203,-1.221848203,-1.221848203,-1.221848203,-1.221848203,-1.221848203,-1.221848203,-1.221848203,-1.221848203,-0.06109241016,0.0001667324794,0.08336762239,27.6614749,0.08494856642,2.443696406,0
470.1402806,0.0009906052671,1.274855399,-1.224855399,-1.224855399,-1.224855399,-1.224855399,-1.224855399,-1.224855399,-1.224855399,-1.224855399,-1.224855399,-1.224855399,-1.224855399,-1.224855399,-1.224855399,-0.06124276994,0.0001667322145,0.08336745503,27.6614749,0.08494881745,2.449710798,0
471.3426854,0.0009882495565,1.277862589,-1.227862589,-1.227862589,-1.227862589,-1.227862589,-1.227862589,-1.227862589,-1.227862589,-1.227862589,-1.227862589,-1.227862589,-1.227862589,-1.227862589,-1.227862589,-0.06139312943,0.0001667319543,0.08336728877,27.6614749,0.08494906684,2.455725177,0
472.5450902,0.0009859051616,1.280869773,-1.230869773,-1.230869773,-1.230869773,-1.230869773,-1.230869773,-1.230869773,-1.230869773,-1.230869773,-1.230869773,-1.230869773,-1.230869773,-1.230869773,-1.230869773,-0.06154348864,0.0001667316974,0.08336712358,27.6614749,0.08494931463,2.461739546,0
473.747495,0.0009835717053,1.283876952,-1.233876952,-1.233876952,-1.233876952,-1.233876952,-1.233876952,-1.233876952,-1.233876952,-1.233876952,-1.233876952,-1.233876952,-1.233876952,-1.233876952,-1.233876952,-0.06169384758,0.0001667314291,0.08336695982,27.6614749,0.08494956027,2.467753903,0
474.9498998,0.0009812491276,1.286884125,-1.236884125,-1.236884125,-1.236884125,-1.236884125,-1.236884125,-1.236884125,-1.236884125,-1.236884125,-1.236884125,-1.236884125,-1.236884125,-1.236884125,-1.236884125,-0.06184420625,0.0001667311476,0.08336679748,27.6614749,0.08494980379,2.47376825,0
476.1523046,0.0009789373966,1.289891293,-1.239891293,-1.239891293,-1.239891293,-1.239891293,-1.239891293,-1.239891293,-1.239891293,-1.239891293,-1.239891293,-1.239891293,-1.239891293,-1.239891293,-1.239891293,-0.06199456464,0.0001667308525,0.08336663647,27.6614749,0.08495004529,2.479782586,0
477.3547094,0.000976636396,1.292898455,-1.242898455,-1.242898455,-1.242898455,-1.242898455,-1.242898455,-1.242898455,-1.242898455,-1.242898455,-1.242898455,-1.242898455,-1.242898455,-1.242898455,-1.242898455,-0.06214492277,0.0001667305393,0.08336647686,27.6614749,0.08495028471,2.485796911,0
478.5571142,0.0009743460061,1.295905613,-1.245905613,-1.245905613,-1.245905613,-1.245905613,-1.245905613,-1.245905613,-1.245905613,-1.245905613,-1.245905613,-1.245905613,-1.245905613,-1.245905613,-1.245905613,-0.06229528063,0.0001667302032,0.08336631869,27.6614749,0.08495052196,2.491811225,0
479.759519,0.0009720661039,1.298912765,-1.248912765,-1.248912765,-1.248912765,-1.248912765,-1.248912765,-1.248912765,-1.248912765,-1.248912765,-1.248912765,-1.248912765,-1.248912765,-1.248912765,-1.248912765,-0.06244563823,0.0001667298391,0.08336616202,27.66147491,0.08495075697,2.497825529,0
480.9619238,0.0009697966953,1.301919911,-1.251919911,-1.251919911,-1.251919911,-1.251919911,-1.251919911,-1.251919911,-1.251919911,-1.251919911,-1.251919911,-1.251919911,-1.251919911,-1.251919911,-1.251919911,-0.06259599556,0.0001667294525,0.0833660067,27.66147491,0.08495098996,2.503839823,0
482.1643287,0.0009675384623,1.304927052,-1.254927052,-1.254927052,-1.254927052,-1.254927052,-1.254927052,-1.254927052,-1.254927052,-1.254927052,-1.254927052,-1.254927052,-1.254927052,-1.254927052,-1.254927052,-0.06274635262,0.0001667291126,0.08336585143,27.66147491,0.08495122285,2.509854105,0
483.3667335,0.00096529083,1.307934188,-1.257934188,-1.257934188,-1.257934188,-1.257934188,-1.257934188,-1.257934188,-1.257934188,-1.257934188,-1.257934188,-1.257934188,-1.257934188,-1.257934188,-1.257934188,-0.06289670941,0.0001667288374,0.08336569706,27.66147491,0.08495145442,2.515868377,0
484.5691383,0.000963053586,1.310941319,-1.260941319,-1.260941319,-1.260941319,-1.260941319,-1.260941319,-1.260941319,-1.260941319,-1.260941319,-1.260941319,-1.260941319,-1.260941319,-1.260941319,-1.260941319,-0.06304706594,0.0001667285516,0.08336554387,27.66147491,0.0849516842,2.521882638,0
485.7715431,0.0009608266773,1.313948444,-1.263948444,-1.263948444,-1.263948444,-1.263948444,-1.263948444,-1.263948444,-1.263948444,-1.263948444,-1.263948444,-1.263948444,-1.263948444,-1.263948444,-1.263948444,-0.06319742222,0.000166728264,0.08336539181,27.66147491,0.08495191228,2.527896889,0
486.9739479,0.0009586100273,1.316955565,-1.266955565,-1.266955565,-1.266955565,-1.266955565,-1.266955565,-1.266955565,-1.266955565,-1.266955565,-1.266955565,-1.266955565,-1.266955565,-1.266955565,-1.266955565,-0.06334777824,0.0001667279802,0.08336524076,27.66147491,0.08495213886,2.533911129,0
488.1763527,0.000956403623,1.31996268,-1.26996268,-1.26996268,-1.26996268,-1.26996268,-1.26996268,-1.26996268,-1.26996268,-1.26996268,-1.26996268,-1.26996268,-1.26996268,-1.26996268,-1.26996268,-0.063498134,0.0001667276959,0.08336509076,27.66147491,0.08495236386,2.53992536,0
489.3787575,0.000954207322,1.32296979,-1.27296979,-1.27296979,-1.27296979,-1.27296979,-1.27296979,-1.27296979,-1.27296979,-1.27296979,-1.27296979,-1.27296979,-1.27296979,-1.27296979,-1.27296979,-0.06364848951,0.0001667274145,0.08336494179,27.66147491,0.08495258731,2.54593958,0
490.5811623,0.0009520211316,1.325976895,-1.275976895,-1.275976895,-1.275976895,-1.275976895,-1.275976895,-1.275976895,-1.275976895,-1.275976895,-1.275976895,-1.275976895,-1.275976895,-1.275976895,-1.275976895,-0.06379884476,0.0001667271357,0.08336479386,27.66147491,0.08495280921,2.55195379,0
491.7835671,0.0009498449308,1.328983995,-1.278983995,-1.278983995,-1.278983995,-1.278983995,-1.278983995,-1.278983995,-1.278983995,-1.278983995,-1.278983995,-1.278983995,-1.278983995,-1.278983995,-1.278983995,-0.06394919977,0.0001667268591,0.08336464696,27.66147491,0.08495302956,2.557967991,0
492.9859719,0.000947678664,1.331991091,-1.281991091,-1.281991091,-1.281991091,-1.281991091,-1.281991091,-1.281991091,-1.281991091,-1.281991091,-1.281991091,-1.281991091,-1.281991091,-1.281991091,-1.281991091,-0.06409955453,0.0001667265847,0.0833645011,27.66147491,0.08495324835,2.563982181,0
494.1883768,0.0009455222981,1.334998181,-1.284998181,-1.284998181,-1.284998181,-1.284998181,-1.284998181,-1.284998181,-1.284998181,-1.284998181,-1.284998181,-1.284998181,-1.284998181,-1.284998181,-1.284998181,-0.06424990904,0.0001667263124,0.08336435629,27.66147491,0.08495346557,2.569996361,0
495.3907816,0.000943375714,1.338005266,-1.288005266,-1.288005266,-1.288005266,-1.288005266,-1.288005266,-1.288005266,-1.288005266,-1.288005266,-1.288005266,-1.288005266,-1.288005266,-1.288005266,-1.288005266,-0.0644002633,0.0001667260423,0.08336421252,27.66147491,0.08495368122,2.576010532,0
496.5931864,0.0009412388737,1.341012346,-1.291012346,-1.291012346,-1.291012346,-1.291012346,-1.291012346,-1.291012346,-1.291012346,-1.291012346,-1.291012346,-1.291012346,-1.291012346,-1.291012346,-1.291012346,-0.06455061732,0.0001667257743,0.0833640698,27.66147491,0.0849538953,2.582024693,0
497.7955912,0.0009391116839,1.344019422,-1.294019422,-1.294019422,-1.294019422,-1.294019422,-1.294019422,-1.294019422,-1.294019422,-1.294019422,-1.294019422,-1.294019422,-1.294019422,-1.294019422,-1.294019422,-0.06470097111,0.0001667255085,0.08336392813,27.66147491,0.08495410781,2.588038844,0
498.997996,0.0009369940922,1.347026493,-1.297026493,-1.297026493,-1.297026493,-1.297026493,-1.297026493,-1.297026493,-1.297026493,-1.297026493,-1.297026493,-1.297026493,-1.297026493,-1.297026493,-1.297026493,-0.06485132465,0.0001667252445,0.08336378747,27.66147491,0.08495431879,2.594052986,0
500.2004008,0.000934886065,1.350033559,-1.300033559,-1.300033559,-1.300033559,-1.300033559,-1.300033559,-1.300033559,-1.300033559,-1.300033559,-1.300033559,-1.300033559,-1.300033559,-1.300033559,-1.300033559,-0.06500167795,0.0001667249818,0.08336364778,27.66147491,0.08495452832,2.600067118,0
501.4028056,0.0009327874879,1.35304062,-1.30304062,-1.30304062,-1.30304062,-1.30304062,-1.30304062,-1.30304062,-1.30304062,-1.30304062,-1.30304062,-1.30304062,-1.30304062,-1.30304062,-1.30304062,-0.06515203101,0.0001667247205,0.08336350908,27.66147491,0.08495473638,2.606081241,0
502.6052104,0.000930698282,1.356047677,-1.306047677,-1.306047677,-1.306047677,-1.306047677,-1.306047677,-1.306047677,-1.306047677,-1.306047677,-1.306047677,-1.306047677,-1.306047677,-1.306047677,-1.306047677,-0.06530238385,0.0001667244605,0.08336337135,27.66147491,0.08495494298,2.612095354,0
503.8076152,0.0009286184048,1.359054729,-1.309054729,-1.309054729,-1.309054729,-1.309054729,-1.309054729,-1.309054729,-1.309054729,-1.309054729,-1.309054729,-1.309054729,-1.309054729,-1.309054729,-1.309054729,-0.06545273644,0.000166724202,0.08336323457,27.66147491,0.08495514815,2.618109458,0
505.01002,0.0009265478485,1.362061776,-1.312061776,-1.312061776,-1.312061776,-1.312061776,-1.312061776,-1.312061776,-1.312061776,-1.312061776,-1.312061776,-1.312061776,-1.312061776,-1.312061776,-1.312061776,-0.06560308881,0.0001667239453,0.08336309869,27.66147491,0.08495535196,2.624123552,0
506.2124248,0.0009244865091,1.365068819,-1.315068819,-1.315068819,-1.315068819,-1.315068819,-1.315068819,-1.315068819,-1.315068819,-1.315068819,-1.315068819,-1.315068819,-1.315068819,-1.315068819,-1.315068819,-0.06575344094,0.0001667236901,0.08336296372,27.66147491,0.08495555442,2.630137638,0
507.4148297,0.000922434323,1.368075857,-1.318075857,-1.318075857,-1.318075857,-1.318075857,-1.318075857,-1.318075857,-1.318075857,-1.318075857,-1.318075857,-1.318075857,-1.318075857,-1.318075857,-1.318075857,-0.06590379285,0.0001667234364,0.08336282964,27.66147491,0.08495575554,2.636151714,0
508.6172345,0.0009203912311,1.371082891,-1.321082891,-1.321082891,-1.321082891,-1.321082891,-1.321082891,-1.321082891,-1.321082891,-1.321082891,-1.321082891,-1.321082891,-1.321082891,-1.321082891,-1.321082891,-0.06605414453,0.0001667231844,0.08336269645,27.66147492,0.08495595533,2.642165781,0
509.8196393,0.000918357182,1.37408992,-1.32408992,-1.32408992,-1.32408992,-1.32408992,-1.32408992,-1.32408992,-1.32408992,-1.32408992,-1.32408992,-1.32408992,-1.32408992,-1.32408992,-1.32408992,-0.06620449598,0.0001667229344,0.08336256417,27.66147492,0.08495615375,2.648179839,0
511.0220441,0.0009163321076,1.377096944,-1.327096944,-1.327096944,-1.327096944,-1.327096944,-1.327096944,-1.327096944,-1.327096944,-1.327096944,-1.327096944,-1.327096944,-1.327096944,-1.327096944,-1.327096944,-0.06635484721,0.0001667226862,0.08336243277,27.66147492,0.08495635085,2.654193888,0
512.2244489,0.0009143159467,1.380103964,-1.330103964,-1.330103964,-1.330103964,-1.330103964,-1.330103964,-1.330103964,-1.330103964,-1.330103964,-1.330103964,-1.330103964,-1.330103964,-1.330103964,-1.330103964,-0.06650519821,0.00016672244,0.08336230224,27.66147492,0.08495654664,2.660207929,0
513.4268537,0.000912308648,1.38311098,-1.33311098,-1.33311098,-1.33311098,-1.33311098,-1.33311098,-1.33311098,-1.33311098,-1.33311098,-1.33311098,-1.33311098,-1.33311098,-1.33311098,-1.33311098,-0.066655549,0.0001667221955,0.08336217259,27.66147492,0.08495674112,2.66622196,0
514.6292585,0.0009103101766,1.386117991,-1.336117991,-1.336117991,-1.336117991,-1.336117991,-1.336117991,-1.336117991,-1.336117991,-1.336117991,-1.336117991,-1.336117991,-1.336117991,-1.336117991,-1.336117991,-0.06680589956,0.0001667219519,0.08336204383,27.66147492,0.08495693425,2.672235982,0
515.8316633,0.0009083204486,1.389124998,-1.339124998,-1.339124998,-1.339124998,-1.339124998,-1.339124998,-1.339124998,-1.339124998,-1.339124998,-1.339124998,-1.339124998,-1.339124998,-1.339124998,-1.339124998,-0.0669562499,0.00016672171,0.08336191595,27.66147492,0.08495712608,2.678249996,0
517.0340681,0.0009063394041,1.392132001,-1.342132001,-1.342132001,-1.342132001,-1.342132001,-1.342132001,-1.342132001,-1.342132001,-1.342132001,-1.342132001,-1.342132001,-1.342132001,-1.342132001,-1.342132001,-0.06710660003,0.0001667214698,0.08336178891,27.66147492,0.08495731663,2.684264001,0
518.2364729,0.0009043669831,1.395138999,-1.345138999,-1.345138999,-1.345138999,-1.345138999,-1.345138999,-1.345138999,-1.345138999,-1.345138999,-1.345138999,-1.345138999,-1.345138999,-1.345138999,-1.345138999,-0.06725694994,0.0001667212313,0.08336166272,27.66147492,0.08495750591,2.690277998,0
519.4388778,0.0009024031256,1.398145993,-1.348145993,-1.348145993,-1.348145993,-1.348145993,-1.348145993,-1.348145993,-1.348145993,-1.348145993,-1.348145993,-1.348145993,-1.348145993,-1.348145993,-1.348145993,-0.06740729964,0.0001667209946,0.08336153738,27.66147492,0.08495769394,2.696291986,0
520.6412826,0.0009004477717,1.401152983,-1.351152983,-1.351152983,-1.351152983,-1.351152983,-1.351152983,-1.351152983,-1.351152983,-1.351152983,-1.351152983,-1.351152983,-1.351152983,-1.351152983,-1.351152983,-0.06755764913,0.0001667207596,0.08336141286,27.66147492,0.08495788071,2.702305965,0
521.8436874,0.0008985008613,1.404159968,-1.354159968,-1.354159968,-1.354159968,-1.354159968,-1.354159968,-1.354159968,-1.354159968,-1.354159968,-1.354159968,-1.354159968,-1.354159968,-1.354159968,-1.354159968,-0.0677079984,0.0001667205264,0.08336128917,27.66147492,0.08495806624,2.708319936,0
523.0460922,0.0008965623345,1.407166949,-1.357166949,-1.357166949,-1.357166949,-1.357166949,-1.357166949,-1.357166949,-1.357166949,-1.357166949,-1.357166949,-1.357166949,-1.357166949,-1.357166949,-1.357166949,-0.06785834746,0.0001667202949,0.0833611663,27.66147492,0.08495825055,2.714333899,0
524.248497,0.0008946321676,1.410173926,-1.360173926,-1.360173926,-1.360173926,-1.360173926,-1.360173926,-1.360173926,-1.360173926,-1.360173926,-1.360173926,-1.360173926,-1.360173926,-1.360173926,-1.360173926,-0.06800869632,0.0001667200649,0.08336104424,27.66147492,0.08495843364,2.720347853,0
525.4509018,0.0008927103638,1.413180899,-1.363180899,-1.363180899,-1.363180899,-1.363180899,-1.363180899,-1.363180899,-1.363180899,-1.363180899,-1.363180899,-1.363180899,-1.363180899,-1.363180899,-1.363180899,-0.06815904497,0.0001667198358,0.08336092298,27.66147492,0.08495861553,2.726361799,0
526.6533066,0.0008907968042,1.416187868,-1.366187868,-1.366187868,-1.366187868,-1.366187868,-1.366187868,-1.366187868,-1.366187868,-1.366187868,-1.366187868,-1.366187868,-1.366187868,-1.366187868,-1.366187868,-0.06830939341,0.0001667196081,0.08336080252,27.66147492,0.08495879622,2.732375736,0
527.8557114,0.0008888914328,1.419194833,-1.369194833,-1.369194833,-1.369194833,-1.369194833,-1.369194833,-1.369194833,-1.369194833,-1.369194833,-1.369194833,-1.369194833,-1.369194833,-1.369194833,-1.369194833,-0.06845974164,0.0001667193819,0.08336068284,27.66147492,0.08495897574,2.738389666,0
529.0581162,0.0008869941934,1.422201793,-1.372201793,-1.372201793,-1.372201793,-1.372201793,-1.372201793,-1.372201793,-1.372201793,-1.372201793,-1.372201793,-1.372201793,-1.372201793,-1.372201793,-1.372201793,-0.06861008967,0.0001667191571,0.08336056394,27.66147492,0.08495915408,2.744403587,0
530.260521,0.0008851050302,1.42520875,-1.37520875,-1.37520875,-1.37520875,-1.37520875,-1.37520875,-1.37520875,-1.37520875,-1.37520875,-1.37520875,-1.37520875,-1.37520875,-1.37520875,-1.37520875,-0.0687604375,0.0001667189336,0.08336044582,27.66147492,0.08495933127,2.7504175,0
531.4629259,0.000883223887,1.428215703,-1.378215703,-1.378215703,-1.378215703,-1.378215703,-1.378215703,-1.378215703,-1.378215703,-1.378215703,-1.378215703,-1.378215703,-1.378215703,-1.378215703,-1.378215703,-0.06891078513,0.0001667187115,0.08336032846,27.66147492,0.08495950731,2.756431405,0
532.6653307,0.0008813507078,1.431222651,-1.381222651,-1.381222651,-1.381222651,-1.381222651,-1.381222651,-1.381222651,-1.381222651,-1.381222651,-1.381222651,-1.381222651,-1.381222651,-1.381222651,-1.381222651,-0.06906113256,0.0001667184908,0.08336021186,27.66147492,0.08495968221,2.762445303,0
533.8677355,0.0008794854366,1.434229596,-1.384229596,-1.384229596,-1.384229596,-1.384229596,-1.384229596,-1.384229596,-1.384229596,-1.384229596,-1.384229596,-1.384229596,-1.384229596,-1.384229596,-1.384229596,-0.0692114798,0.0001667182714,0.08336009601,27.66147492,0.08495985598,2.768459192,0
535.0701403,0.0008776280659,1.437236537,-1.387236537,-1.387236537,-1.387236537,-1.387236537,-1.387236537,-1.387236537,-1.387236537,-1.387236537,-1.387236537,-1.387236537,-1.387236537,-1.387236537,-1.387236537,-0.06936182683,0.0001667180533,0.08335998091,27.66147492,0.08496002864,2.774473073,0
536.2725451,0.0008757785953,1.440243473,-1.390243473,-1.390243473,-1.390243473,-1.390243473,-1.390243473,-1.390243473,-1.390243473,-1.390243473,-1.390243473,-1.390243473,-1.390243473,-1.390243473,-1.390243473,-0.06951217367,0.0001667178368,0.08335986655,27.66147492,0.08496020018,2.780486947,0
537.4749499,0.0008739369096,1.443250406,-1.393250406,-1.393250406,-1.393250406,-1.393250406,-1.393250406,-1.393250406,-1.393250406,-1.393250406,-1.393250406,-1.393250406,-1.393250406,-1.393250406,-1.393250406,-0.06966252031,0.0001667176216,0.08335975292,27.66147492,0.08496037062,2.786500813,0
538.6773547,0.0008721029572,1.446257335,-1.396257335,-1.396257335,-1.396257335,-1.396257335,-1.396257335,-1.396257335,-1.396257335,-1.396257335,-1.396257335,-1.396257335,-1.396257335,-1.396257335,-1.396257335,-0.06981286676,0.0001667174078,0.08335964001,27.66147492,0.08496053998,2.792514671,0
539.8797595,0.0008702766864,1.44926426,-1.39926426,-1.39926426,-1.39926426,-1.39926426,-1.39926426,-1.39926426,-1.39926426,-1.39926426,-1.39926426,-1.39926426,-1.39926426,-1.39926426,-1.39926426,-0.06996321302,0.0001667171953,0.08335952783,27.66147492,0.08496070826,2.798528521,0
541.0821643,0.0008684580455,1.452271182,-1.402271182,-1.402271182,-1.402271182,-1.402271182,-1.402271182,-1.402271182,-1.402271182,-1.402271182,-1.402271182,-1.402271182,-1.402271182,-1.402271182,-1.402271182,-0.07011355909,0.0001667169841,0.08335941635,27.66147492,0.08496087548,2.804542364,0
542.2845691,0.0008666469829,1.455278099,-1.405278099,-1.405278099,-1.405278099,-1.405278099,-1.405278099,-1.405278099,-1.405278099,-1.405278099,-1.405278099,-1.405278099,-1.405278099,-1.405278099,-1.405278099,-0.07026390497,0.0001667167742,0.08335930557,27.66147492,0.08496104164,2.810556199,0
543.4869739,0.0008648434468,1.458285013,-1.408285013,-1.408285013,-1.408285013,-1.408285013,-1.408285013,-1.408285013,-1.408285013,-1.408285013,-1.408285013,-1.408285013,-1.408285013,-1.408285013,-1.408285013,-0.07041425066,0.0001667165656,0.08335919549,27.66147493,0.08496120676,2.816570026,0
544.6893788,0.0008630473856,1.461291923,-1.411291923,-1.411291923,-1.411291923,-1.411291923,-1.411291923,-1.411291923,-1.411291923,-1.411291923,-1.411291923,-1.411291923,-1.411291923,-1.411291923,-1.411291923,-0.07056459616,0.0001667163583,0.0833590861,27.66147493,0.08496137085,2.822583846,0
545.8917836,0.0008612587912,1.46429883,-1.41429883,-1.41429883,-1.41429883,-1.41429883,-1.41429883,-1.41429883,-1.41429883,-1.41429883,-1.41429883,-1.41429883,-1.41429883,-1.41429883,-1.41429883,-0.07071494148,0.0001667161523,0.08335897741,27.66147493,0.08496153389,2.828597659,0
547.0941884,0.0008594776435,1.467305732,-1.417305732,-1.417305732,-1.417305732,-1.417305732,-1.417305732,-1.417305732,-1.417305732,-1.417305732,-1.417305732,-1.417305732,-1.417305732,-1.417305732,-1.417305732,-0.07086528661,0.0001667159477,0.08335886942,27.66147493,0.08496169587,2.834611464,0
548.2965932,0.0008577038503,1.470312631,-1.420312631,-1.420312631,-1.420312631,-1.420312631,-1.420312631,-1.420312631,-1.420312631,-1.420312631,-1.420312631,-1.420312631,-1.420312631,-1.420312631,-1.420312631,-0.07101563155,0.0001667157443,0.08335876212,27.66147493,0.08496185682,2.840625262,0
549.498998,0.0008559373631,1.473319526,-1.423319526,-1.423319526,-1.423319526,-1.423319526,-1.423319526,-1.423319526,-1.423319526,-1.423319526,-1.423319526,-1.423319526,-1.423319526,-1.423319526,-1.423319526,-0.07116597632,0.0001667155423,0.08335865549,27.66147493,0.08496201676,2.846639053,0
550.7014028,0.0008541781338,1.476326418,-1.426326418,-1.426326418,-1.426326418,-1.426326418,-1.426326418,-1.426326418,-1.426326418,-1.426326418,-1.426326418,-1.426326418,-1.426326418,-1.426326418,-1.426326418,-0.0713163209,0.0001667153415,0.08335854953,27.66147493,0.0849621757,2.852652836,0
551.9038076,0.0008524261139,1.479333306,-1.429333306,-1.429333306,-1.429333306,-1.429333306,-1.429333306,-1.429333306,-1.429333306,-1.429333306,-1.429333306,-1.429333306,-1.429333306,-1.429333306,-1.429333306,-0.0714666653,0.000166715142,0.08335844424,27.66147493,0.08496233364,2.858666612,0
553.1062124,0.0008506812551,1.48234019,-1.43234019,-1.43234019,-1.43234019,-1.43234019,-1.43234019,-1.43234019,-1.43234019,-1.43234019,-1.43234019,-1.43234019,-1.43234019,-1.43234019,-1.43234019,-0.07161700952,0.0001667149438,0.08335833961,27.66147493,0.08496249059,2.864680381,0
554.3086172,0.0008489435091,1.485347071,-1.435347071,-1.435347071,-1.435347071,-1.435347071,-1.435347071,-1.435347071,-1.435347071,-1.435347071,-1.435347071,-1.435347071,-1.435347071,-1.435347071,-1.435347071,-0.07176735357,0.0001667147468,0.08335823563,27.66147493,0.08496264656,2.870694143,0
555.511022,0.0008472128274,1.488353949,-1.438353949,-1.438353949,-1.438353949,-1.438353949,-1.438353949,-1.438353949,-1.438353949,-1.438353949,-1.438353949,-1.438353949,-1.438353949,-1.438353949,-1.438353949,-0.07191769743,0.0001667145511,0.0833581323,27.66147493,0.08496280156,2.876707897,0
556.7134269,0.0008454892091,1.491360823,-1.441360823,-1.441360823,-1.441360823,-1.441360823,-1.441360823,-1.441360823,-1.441360823,-1.441360823,-1.441360823,-1.441360823,-1.441360823,-1.441360823,-1.441360823,-0.07206804113,0.0001667143565,0.0833580296,27.66147493,0.0849629556,2.882721645,0
557.9158317,0.0008437726262,1.494367693,-1.444367693,-1.444367693,-1.444367693,-1.444367693,-1.444367693,-1.444367693,-1.444367693,-1.444367693,-1.444367693,-1.444367693,-1.444367693,-1.444367693,-1.444367693,-0.07221838464,0.000166714163,0.08335792754,27.66147493,0.08496310869,2.888735386,0
559.1182365,0.0008420629991,1.49737456,-1.44737456,-1.44737456,-1.44737456,-1.44737456,-1.44737456,-1.44737456,-1.44737456,-1.44737456,-1.44737456,-1.44737456,-1.44737456,-1.44737456,-1.44737456,-0.07236872798,0.0001667139706,0.08335782611,27.66147493,0.08496326084,2.894749119,0
560.3206413,0.0008403602849,1.500381423,-1.450381423,-1.450381423,-1.450381423,-1.450381423,-1.450381423,-1.450381423,-1.450381423,-1.450381423,-1.450381423,-1.450381423,-1.450381423,-1.450381423,-1.450381423,-0.07251907115,0.0001667137794,0.0833577253,27.66147493,0.08496341206,2.900762846,0
561.5230461,0.0008386644419,1.503388283,-1.453388283,-1.453388283,-1.453388283,-1.453388283,-1.453388283,-1.453388283,-1.453388283,-1.453388283,-1.453388283,-1.453388283,-1.453388283,-1.453388283,-1.453388283,-0.07266941415,0.0001667135893,0.0833576251,27.66147493,0.08496356235,2.906776566,0
562.7254509,0.0008369754287,1.50639514,-1.45639514,-1.45639514,-1.45639514,-1.45639514,-1.45639514,-1.45639514,-1.45639514,-1.45639514,-1.45639514,-1.45639514,-1.45639514,-1.45639514,-1.45639514,-0.07281975698,0.0001667134004,0.08335752552,27.66147493,0.08496371172,2.912790279,0
563.9278557,0.0008352932048,1.509401993,-1.459401993,-1.459401993,-1.459401993,-1.459401993,-1.459401993,-1.459401993,-1.459401993,-1.459401993,-1.459401993,-1.459401993,-1.459401993,-1.459401993,-1.459401993,-0.07297009963,0.0001667132125,0.08335742654,27.66147493,0.08496386019,2.918803985,0
565.1302605,0.0008336177299,1.512408842,-1.462408842,-1.462408842,-1.462408842,-1.462408842,-1.462408842,-1.462408842,-1.462408842,-1.462408842,-1.462408842,-1.462408842,-1.462408842,-1.462408842,-1.462408842,-0.07312044212,0.0001667130256,0.08335732817,27.66147493,0.08496400775,2.924817685,0
566.3326653,0.000831948965,1.515415689,-1.465415689,-1.465415689,-1.465415689,-1.465415689,-1.465415689,-1.465415689,-1.465415689,-1.465415689,-1.465415689,-1.465415689,-1.465415689,-1.465415689,-1.465415689,-0.07327078444,0.0001667128398,0.08335723039,27.66147493,0.08496415442,2.930831378,0
567.5350701,0.0008302868712,1.518422532,-1.468422532,-1.468422532,-1.468422532,-1.468422532,-1.468422532,-1.468422532,-1.468422532,-1.468422532,-1.468422532,-1.468422532,-1.468422532,-1.468422532,-1.468422532,-0.0734211266,0.0001667126551,0.0833571332,27.66147493,0.0849643002,2.936845064,0
568.7374749,0.0008286314106,1.521429372,-1.471429372,-1.471429372,-1.471429372,-1.471429372,-1.471429372,-1.471429372,-1.471429372,-1.471429372,-1.471429372,-1.471429372,-1.471429372,-1.471429372,-1.471429372,-0.07357146858,0.0001667124713,0.08335703659,27.66147493,0.08496444511,2.942858743,0
569.9398798,0.0008269825286,1.524436208,-1.474436208,-1.474436208,-1.474436208,-1.474436208,-1.474436208,-1.474436208,-1.474436208,-1.474436208,-1.474436208,-1.474436208,-1.474436208,-1.474436208,-1.474436208,-0.07372181041,0.0001667122888,0.08335694057,27.66147493,0.08496458915,2.948872416,0
571.1422846,0.0008253401982,1.527443041,-1.477443041,-1.477443041,-1.477443041,-1.477443041,-1.477443041,-1.477443041,-1.477443041,-1.477443041,-1.477443041,-1.477443041,-1.477443041,-1.477443041,-1.477443041,-0.07387215207,0.0001667121074,0.08335684511,27.66147493,0.08496473233,2.954886083,0
572.3446894,0.0008237043834,1.530449871,-1.480449871,-1.480449871,-1.480449871,-1.480449871,-1.480449871,-1.480449871,-1.480449871,-1.480449871,-1.480449871,-1.480449871,-1.480449871,-1.480449871,-1.480449871,-0.07402249356,0.0001667119271,0.08335675023,27.66147493,0.08496487466,2.960899743,0
573.5470942,0.000822075048,1.533456698,-1.483456698,-1.483456698,-1.483456698,-1.483456698,-1.483456698,-1.483456698,-1.483456698,-1.483456698,-1.483456698,-1.483456698,-1.483456698,-1.483456698,-1.483456698,-0.0741728349,0.0001667117478,0.08335665591,27.66147493,0.08496501613,2.966913396,0
574.749499,0.000820452156,1.536463521,-1.486463521,-1.486463521,-1.486463521,-1.486463521,-1.486463521,-1.486463521,-1.486463521,-1.486463521,-1.486463521,-1.486463521,-1.486463521,-1.486463521,-1.486463521,-0.07432317607,0.0001667115695,0.08335656215,27.66147493,0.08496515677,2.972927043,0
575.9519038,0.0008188356723,1.539470342,-1.489470342,-1.489470342,-1.489470342,-1.489470342,-1.489470342,-1.489470342,-1.489470342,-1.489470342,-1.489470342,-1.489470342,-1.489470342,-1.489470342,-1.489470342,-0.07447351708,0.0001667113924,0.08335646895,27.66147493,0.08496529657,2.978940683,0
577.1543086,0.0008172255623,1.542477159,-1.492477159,-1.492477159,-1.492477159,-1.492477159,-1.492477159,-1.492477159,-1.492477159,-1.492477159,-1.492477159,-1.492477159,-1.492477159,-1.492477159,-1.492477159,-0.07462385794,0.0001667112162,0.0833563763,27.66147493,0.08496543554,2.984954318,0
578.3567134,0.0008156217919,1.545483973,-1.495483973,-1.495483973,-1.495483973,-1.495483973,-1.495483973,-1.495483973,-1.495483973,-1.495483973,-1.495483973,-1.495483973,-1.495483973,-1.495483973,-1.495483973,-0.07477419863,0.0001667110412,0.0833562842,27.66147493,0.08496557369,2.990967945,0
579.5591182,0.0008140243278,1.548490783,-1.498490783,-1.498490783,-1.498490783,-1.498490783,-1.498490783,-1.498490783,-1.498490783,-1.498490783,-1.498490783,-1.498490783,-1.498490783,-1.498490783,-1.498490783,-0.07492453917,0.0001667108671,0.08335619265,27.66147493,0.08496571103,2.996981567,0
580.761523,0.000812433137,1.551497591,-1.501497591,-1.501497591,-1.501497591,-1.501497591,-1.501497591,-1.501497591,-1.501497591,-1.501497591,-1.501497591,-1.501497591,-1.501497591,-1.501497591,-1.501497591,-0.07507487955,0.0001667106942,0.08335610163,27.66147493,0.08496584755,3.002995182,0
581.9639279,0.0008108481585,1.554504396,-1.504504396,-1.504504396,-1.504504396,-1.504504396,-1.504504396,-1.504504396,-1.504504396,-1.504504396,-1.504504396,-1.504504396,-1.504504396,-1.504504396,-1.504504396,-0.07522521978,0.0001667105222,0.08335601116,27.66147493,0.08496598326,3.009008791,0
583.1663327,0.0008092693057,1.557511197,-1.507511197,-1.507511197,-1.507511197,-1.507511197,-1.507511197,-1.507511197,-1.507511197,-1.507511197,-1.507511197,-1.507511197,-1.507511197,-1.507511197,-1.507511197,-0.07537555985,0.0001667103513,0.08335592124,27.66147493,0.08496611814,3.015022394,0
584.3687375,0.000807696595,1.560517995,-1.510517995,-1.510517995,-1.510517995,-1.510517995,-1.510517995,-1.510517995,-1.510517995,-1.510517995,-1.510517995,-1.510517995,-1.510517995,-1.510517995,-1.510517995,-0.07552589977,0.0001667101814,0.08335583185,27.66147493,0.08496625222,3.021035991,0
585.5711423,0.000806129991,1.563524791,-1.513524791,-1.513524791,-1.513524791,-1.513524791,-1.513524791,-1.513524791,-1.513524791,-1.513524791,-1.513524791,-1.513524791,-1.513524791,-1.513524791,-1.513524791,-0.07567623954,0.0001667100125,0.083355743,27.66147493,0.08496638549,3.027049581,0
586.7735471,0.0008045694583,1.566531583,-1.516531583,-1.516531583,-1.516531583,-1.516531583,-1.516531583,-1.516531583,-1.516531583,-1.516531583,-1.516531583,-1.516531583,-1.516531583,-1.516531583,-1.516531583,-0.07582657915,0.0001667098447,0.08335565469,27.66147494,0.08496651797,3.033063166,0
587.9759519,0.0008030149619,1.569538372,-1.519538372,-1.519538372,-1.519538372,-1.519538372,-1.519538372,-1.519538372,-1.519538372,-1.519538372,-1.519538372,-1.519538372,-1.519538372,-1.519538372,-1.519538372,-0.07597691861,0.0001667096779,0.0833555669,27.66147494,0.08496664965,3.039076745,0
589.1783567,0.0008014664673,1.572545159,-1.522545159,-1.522545159,-1.522545159,-1.522545159,-1.522545159,-1.522545159,-1.522545159,-1.522545159,-1.522545159,-1.522545159,-1.522545159,-1.522545159,-1.522545159,-0.07612725793,0.0001667095122,0.08335547964,27.66147494,0.08496678053,3.045090317,0
590.3807615,0.0007999239401,1.575551942,-1.525551942,-1.525551942,-1.525551942,-1.525551942,-1.525551942,-1.525551942,-1.525551942,-1.525551942,-1.525551942,-1.525551942,-1.525551942,-1.525551942,-1.525551942,-0.07627759709,0.0001667093475,0.08335539291,27.66147494,0.08496691063,3.051103884,0
591.5831663,0.0007983873461,1.578558722,-1.528558722,-1.528558722,-1.528558722,-1.528558722,-1.528558722,-1.528558722,-1.528558722,-1.528558722,-1.528558722,-1.528558722,-1.528558722,-1.528558722,-1.528558722,-0.07642793611,0.0001667091838,0.08335530671,27.66147494,0.08496703993,3.057117444,0
592.7855711,0.0007968566517,1.5815655,-1.5315655,-1.5315655,-1.5315655,-1.5315655,-1.5315655,-1.5315655,-1.5315655,-1.5315655,-1.5315655,-1.5315655,-1.5315655,-1.5315655,-1.5315655,-0.07657827498,0.0001667090212,0.08335522103,27.66147494,0.08496716845,3.063130999,0
593.987976,0.0007953318235,1.584572274,-1.534572274,-1.534572274,-1.534572274,-1.534572274,-1.534572274,-1.534572274,-1.534572274,-1.534572274,-1.534572274,-1.534572274,-1.534572274,-1.534572274,-1.534572274,-0.0767286137,0.0001667088596,0.08335513588,27.66147494,0.08496729618,3.069144548,0
595.1903808,0.0007938128105,1.587579045,-1.537579045,-1.537579045,-1.537579045,-1.537579045,-1.537579045,-1.537579045,-1.537579045,-1.537579045,-1.537579045,-1.537579045,-1.537579045,-1.537579045,-1.537579045,-0.07687895227,0.000166708699,0.08335505125,27.66147494,0.08496742313,3.075158091,0
596.3927856,0.0007922995742,1.590585814,-1.540585814,-1.540585814,-1.540585814,-1.540585814,-1.540585814,-1.540585814,-1.540585814,-1.540585814,-1.540585814,-1.540585814,-1.540585814,-1.540585814,-1.540585814,-0.07702929071,0.0001667085395,0.08335496714,27.66147494,0.0849675493,3.081171628,0
597.5951904,0.0007907920807,1.59359258,-1.54359258,-1.54359258,-1.54359258,-1.54359258,-1.54359258,-1.54359258,-1.54359258,-1.54359258,-1.54359258,-1.54359258,-1.54359258,-1.54359258,-1.54359258,-0.077179629,0.000166708381,0.08335488354,27.66147494,0.08496767468,3.08718516,0
598.7975952,0.0007892902912,1.596599343,-1.546599343,-1.546599343,-1.546599343,-1.546599343,-1.546599343,-1.546599343,-1.546599343,-1.546599343,-1.546599343,-1.546599343,-1.546599343,-1.546599343,-1.546599343,-0.07732996714,0.0001667082235,0.08335480047,27.66147494,0.08496779929,3.093198686,0
600,0.0007877941663,1.599606103,-1.549606103,-1.549606103,-1.549606103,-1.549606103,-1.549606103,-1.549606103,-1.549606103,-1.549606103,-1.549606103,-1.549606103,-1.549606103,-1.549606103,-1.549606103,-0.07748030515,0.000166708067,0.08335471792,27.66147494,0.08496792312,3.099212206,0
