time,Sub,Biomass,Ca,Cl,Co,Cu,Fe,Mg,Mo,Na,Zn,K,Ni,NH4,P,S,CO2_l,CO2_g,O2_l,O2_g,H,OH
0,0.13,0.04267,0,0.000173,8.405819517e-07,5.865708132e-08,1.798470581e-06,0.000162288923,1.239887683e-07,0.009841767287,3.477547216e-07,0.004408992876,8.414299934e-08,0.006054221609,0.008635574269,0.003197462559,3.505338375e-06,0.001718037852,6.91543125e-05,0.8864568768,0.01443755932,0
1.20240481,0.1296278585,0.04304214153,-0.0003721415317,0.0001323731952,-4.157837755e-05,-4.808384379e-05,-2.393745831e-05,0.0001272901896,-4.775218925e-05,0.009791929128,-13420.17785,0.002023470237,-5494.485925,-0.0554974707,-0.02255818363,0.003197320811,2.195307304e-05,0.0008549814422,0.0001479647678,0.4407696197,0.01830677882,0
2.404809619,0.1292525117,0.04341748828,-0.0007474882836,9.139647559e-05,-8.436268758e-05,-9.664099151e-05,-4.989504834e-05,9.199001546e-05,-9.60407203e-05,0.009741661718,-26955.94243,-0.0003825986857,-11036.29534,-0.117579302,-0.05402061044,0.003197177841,3.218319975e-05,0.0007886076701,0.000191036288,0.4051019907,0.02220932355,0
3.607214429,0.1288739331,0.04379606692,-0.001126066925,5.00669296e-05,-0.0001275153881,-0.0001456162362,-7.607614386e-05,5.638589232e-05,-0.0001447450354,0.009690961485,-40608.25549,-0.002809384848,-16625.82201,-0.1801956833,-0.08575394165,0.00319703364,3.790980833e-05,0.000784809773,0.0002145163636,0.4022529281,0.02614547079,0
4.809619238,0.1284920957,0.04417790432,-0.001507904322,8.381624223e-06,-0.0001710395414,-0.0001950130534,-0.0001024826029,2.04752935e-05,-0.0001938685909,0.009639824831,-54378.0859,-0.005257060471,-22263.4626,-0.2433510583,-0.1177604293,0.003196888198,4.116879683e-05,0.000785362718,0.0002272562876,0.4020282623,0.03011549987,0
6.012024048,0.1281069725,0.04456302754,-0.00189302754,-3.366239521e-05,-0.0002149382326,-0.0002448349445,-0.0001291162971,-1.574432636e-05,-0.0002434148688,0.009588248131,-68266.40967,-0.007725799048,-27949.61672,-0.3070499035,-0.1500423419,0.003196741505,4.30760569e-05,0.0007859030843,0.0002341074835,0.4020120946,0.0341196922,0
7.214428858,0.1277185362,0.04495146384,-0.002281463842,-7.606810505e-05,-0.0002592145693,-0.0002950854364,-0.0001559791119,-5.22755313e-05,-0.0002933873765,0.009536227734,-82274.20996,-0.01021577534,-33684.68688,-0.3712967282,-0.1826019649,0.00319659355,4.424349094e-05,0.0007862449858,0.0002377302035,0.4020117945,0.03815833123,0
8.416833667,0.1273267593,0.04534324069,-0.002673240691,-0.0001188385034,-0.000303871682,-0.0003457680818,-0.0001830729465,-8.91209041e-05,-0.000343789647,0.009483759963,-96402.47714,-0.0127271654,-39469.07857,-0.4360960747,-0.2154416002,0.003196444322,4.500650247e-05,0.0007864630303,0.0002395825781,0.402012322,0.0422317025,0
9.619238477,0.1269316142,0.04573838575,-0.00306838575,-0.0001619766103,-0.0003489127236,-0.0003968864594,-0.0002103997141,-0.0001262830464,-0.0003946252393,0.009430841112,-110652.2088,-0.01526014655,-45303.20021,-0.5014525184,-0.2485635666,0.003196293811,4.554862839e-05,0.0007866118997,0.000240462474,0.4020125558,0.04634009363,0
10.82164329,0.1265330731,0.04613692688,-0.003466926882,-0.0002054854675,-0.0003943408705,-0.0004484441738,-0.0002379613415,-0.0001637645786,-0.000445897738,0.00937746745,-125024.4098,-0.0178148974,-51187.4632,-0.567370668,-0.2819701996,0.003196142007,4.597073141e-05,0.0007867233783,0.0002408083188,0.4020127693,0.05048379432,0
12.0240481,0.1261311078,0.04653889219,-0.003868892187,-0.0002493681427,-0.0004401593254,-0.00050044486,-0.0002657597719,-0.0002015681434,-0.000497610758,0.009323635214,-139520.0933,-0.02039159807,-57122.2824,-0.6338551708,-0.3156638546,0.003195988898,4.632817629e-05,0.0007868141344,0.0002408607306,0.4020127134,0.05466309672,0
13.22645291,0.1257256902,0.04694430981,-0.004274309814,-0.000293627709,-0.0004863712971,-0.0005528921598,-0.0002937969523,-0.0002396963883,-0.000549767921,0.009269340635,-154140.2746,-0.02299042901,-63108.07345,-0.7009106832,-0.3496468913,0.003195834475,4.665107151e-05,0.0007868941195,0.0002407505218,0.402012708,0.05887829351,0
14.42885772,0.1253167916,0.04735320836,-0.004683208364,-0.0003382672886,-0.0005329800454,-0.0006057897729,-0.0003220748602,-0.0002781520028,-0.0006023729061,0.009214579881,-168885.985,-0.02561157356,-69145.25858,-0.7685419351,-0.3839217068,0.003195678725,4.695626697e-05,0.0007869682765,0.0002405508605,0.402012611,0.06312968204,0
15.63126253,0.1249043835,0.04776561652,-0.005095616521,-0.0003832900132,-0.0005799888402,-0.0006591414103,-0.0003505954797,-0.0003169376848,-0.0006554294039,0.009159349111,-183758.259,-0.02825521559,-75234.26135,-0.8367536714,-0.4184907058,0.003195521639,4.725272773e-05,0.0007870399276,0.000240300634,0.4020127023,0.06741756058,0
16.83366733,0.1244884367,0.04818156332,-0.005511563316,-0.000428699052,-0.0006274009906,-0.0007129508276,-0.0003793608182,-0.0003560561646,-0.0007089411491,0.009103644438,-198758.1434,-0.0309215412,-81375.51036,-0.9055506934,-0.4533563215,0.003195363205,4.754546276e-05,0.0007871098077,0.0002400215294,0.4020125634,0.07174223094,0
18.03607214,0.1240689225,0.0486010775,-0.005931077497,-0.0004744975433,-0.0006752197733,-0.0007672217435,-0.0004083728639,-0.0003955101456,-0.0007629118399,0.009047462011,-213886.675,-0.03361073467,-87569.43004,-0.974937756,-0.4885209636,0.003195203412,4.78372085e-05,0.0007871793649,0.000239725355,0.4020125026,0.07610399202,0
19.23847695,0.1236458103,0.04902418975,-0.006354189748,-0.0005206888371,-0.000723448686,-0.0008219581279,-0.0004376337388,-0.0004353025138,-0.0008173454243,0.008990797721,-229144.9602,-0.03632299269,-93816.47346,-1.044919934,-0.5239872042,0.003195042248,4.812951649e-05,0.0007872489083,0.0002394187619,0.4020124328,0.08050316285,0
20.44088176,0.1232190706,0.0494509294,-0.0067809294,-0.0005672761354,-0.000772091072,-0.0008771637751,-0.0004671454714,-0.0004754360277,-0.0008722456755,0.008933647641,-244534.057,-0.03905850328,-100117.0737,-1.11550208,-0.559757502,0.003194879703,4.842317167e-05,0.0007873187123,0.0002391050717,0.4020123705,0.08494004841,0
21.64328657,0.122788675,0.04988132505,-0.007211325046,-0.0006142625597,-0.0008211501905,-0.0009328423839,-0.0004969100389,-0.0005159133761,-0.0009276162719,0.00887600794,-260054.9963,-0.04181744973,-106471.6528,-1.186688922,-0.5958342536,0.003194715766,4.87186636e-05,0.0007873889724,0.0002387863266,0.4020123396,0.08941494595,0
22.84569138,0.1223545947,0.05031540535,-0.007645405346,-0.0006616512386,-0.0008706293081,-0.0009889976619,-0.0005269294233,-0.0005567372546,-0.0009834609007,0.008817874781,-275708.8116,-0.04460001575,-112880.6341,-1.2584852,-0.6322198612,0.003194550424,4.90163014e-05,0.0007874597504,0.0002384637857,0.4020123229,0.09392815347,0
24.04809619,0.1219167998,0.05075320021,-0.008083200211,-0.0007094454378,-0.0009205318346,-0.001045633479,-0.0005572056934,-0.0005979104761,-0.00103978341,0.008759244157,-291496.5817,-0.04740639309,-119344.459,-1.330895863,-0.6689168323,0.003194383668,4.931623145e-05,0.00078753072,0.0002381379974,0.402012125,0.09847998197,0
25.250501,0.1214752586,0.05119474144,-0.008524741441,-0.0007576486289,-0.0009708613947,-0.001102753948,-0.0005877410482,-0.0006394360315,-0.001096587891,0.008700111811,-307419.4533,-0.05023678559,-125863.5972,-1.403926169,-0.7059278323,0.003194215485,4.961850973e-05,0.0007876024811,0.0002378091068,0.4020120534,0.1030707621,0
26.45290581,0.1210299401,0.05164005994,-0.008970059938,-0.0008062641853,-0.001021621511,-0.001160363068,-0.0006185376247,-0.0006813168268,-0.001153878319,0.008640473603,-323478.5409,-0.05309139134,-132438.5049,-1.47758123,-0.7432554515,0.003194045863,4.99231992e-05,0.0007876747928,0.0002374772961,0.4020119717,0.1077008151,0
27.65531062,0.1205808138,0.0520891862,-0.009419186204,-0.0008552954372,-0.001072815659,-0.001218464785,-0.0006495975325,-0.0007235557309,-0.001211658618,0.008580325449,-339674.9443,-0.05597040587,-139069.6324,-1.55186609,-0.7809022467,0.003193874791,5.023034023e-05,0.0007877476894,0.0002371426507,0.4020118919,0.1123704581,0
28.85771543,0.1201278504,0.05254214962,-0.009872149621,-0.0009047455918,-0.00112444719,-0.001277062898,-0.0006809228033,-0.0007661555067,-0.001269932569,0.008519663414,-356009.7231,-0.05887401751,-145757.4136,-1.62678561,-0.8188706806,0.003193702257,5.053996183e-05,0.0007878211781,0.0002368052102,0.4020118139,0.1170799966,0
30.06012024,0.1196710205,0.05299897953,-0.01032897953,-0.0009546178522,-0.001176519446,-0.001336161204,-0.0007125154662,-0.0008091189136,-0.001328703945,0.008458483569,-372483.9353,-0.06180241434,-152502.2815,-1.702344642,-0.8571632125,0.003193528251,5.085208877e-05,0.0007878952659,0.0002364649932,0.4020117382,0.1218297357,0
31.26252505,0.1192102903,0.05345970971,-0.01078970971,-0.001004915907,-0.00122903628,-0.001395764074,-0.0007443778581,-0.0008524491295,-0.001387977093,0.008396781388,-389098.7996,-0.06475581297,-159304.7352,-1.778548774,-0.8957826749,0.003193352759,5.116675059e-05,0.0007879699591,0.0002361220278,0.4020116642,0.1266200267,0
32.46492986,0.1187456261,0.0539243739,-0.0112543739,-0.001055643439,-0.001282001536,-0.001455875871,-0.000776512311,-0.000896149326,-0.001447756354,0.008334552354,-405855.532,-0.06773442957,-166165.2724,-1.855403586,-0.9347318944,0.003193175768,5.14839769e-05,0.000788045264,0.0002357763429,0.4020115913,0.1314512202,0
33.66733467,0.1182769955,0.05439300451,-0.01172300451,-0.001106803986,-0.001335418909,-0.001516500788,-0.0008089210669,-0.0009402225518,-0.001508045896,0.008271792128,-422755.3015,-0.07073847194,-173084.3719,-1.932914437,-0.9740135885,0.003192997267,5.180376443e-05,0.0007881211766,0.0002354278522,0.4020115186,0.1363236532,0
34.86973948,0.117804369,0.054865631,-0.012195631,-0.001158400764,-0.001389291756,-0.001577642637,-0.000841606163,-0.0009846715775,-0.001568849509,0.008208496763,-439799.1706,-0.07376812893,-180062.4687,-2.011086202,-1.013630226,0.003192817243,5.212607009e-05,0.0007881976796,0.0002350763279,0.4020114446,0.1412376321,0
36.07214429,0.1173277144,0.05534228564,-0.01267228564,-0.001210437297,-0.001443623757,-0.001639305592,-0.0008745698312,-0.001029499438,-0.001630171347,0.008144661938,-456988.3031,-0.0768236074,-187100.039,-2.089924218,-1.053584513,0.003192635686,5.2450988e-05,0.0007882747979,0.0002347220204,0.4020113675,0.1461934924,0
37.2745491,0.1168469991,0.05582300094,-0.01315300094,-0.001262917133,-0.001498418616,-0.001701493858,-0.0009078143193,-0.001074709191,-0.001692015589,0.008080283299,-474323.871,-0.07990511573,-194197.563,-2.16943386,-1.093879174,0.003192452581,5.277851903e-05,0.0007883525203,0.0002343648593,0.402011274,0.151191572,0
38.47695391,0.1163621907,0.05630780925,-0.01363780925,-0.001315843805,-0.001553680021,-0.001764211621,-0.0009413418651,-0.001120303878,-0.0017543864,0.008015356513,-491807.0412,-0.08301286131,-201355.5183,-2.249620481,-1.13451692,0.003192267918,5.310869668e-05,0.000788430853,0.0002340048893,0.4020111611,0.1562322074,0
39.67935872,0.1158732565,0.05679674354,-0.01412674354,-0.001369220911,-0.001609411731,-0.001827463146,-0.0009751547481,-0.001166286601,-0.00181728802,0.007949877165,-509439.0026,-0.08614705547,-208574.3916,-2.330489533,-1.175500515,0.003192081683,5.344152277e-05,0.0007885098301,0.0002336420407,0.4020110602,0.1613157413,0
40.88176353,0.1153801636,0.05728983644,-0.01461983644,-0.001423052013,-0.001665617464,-0.001891252654,-0.001009255225,-0.001212660427,-0.001880724646,0.007883840886,-527220.9318,-0.08930790737,-215854.6647,-2.412046413,-1.216832694,0.003191893864,5.377701767e-05,0.0007885894568,0.0002332763111,0.4020109711,0.1664425129,0
42.08416834,0.1148828787,0.05778712135,-0.01511712135,-0.001477340758,-0.001722301028,-0.001955584467,-0.001043645606,-0.001259428499,-0.001944700577,0.007817243201,-545154.0335,-0.09249563115,-223196.8308,-2.494296646,-1.258516257,0.003191704448,5.411519141e-05,0.000788669721,0.0002329076611,0.4020108826,0.1716128697,0
43.28657315,0.1143813687,0.05828863131,-0.01561863131,-0.001532090755,-0.00177946619,-0.002020462858,-0.001078328176,-0.001306593924,-0.002009220063,0.007750079687,-563239.4992,-0.09571043861,-230601.3777,-2.577245698,-1.300553974,0.003191513423,5.445605934e-05,0.0007887506298,0.0002325360703,0.4020107975,0.176827155,0
44.48897796,0.1138755999,0.0587944001,-0.0161244001,-0.001587305687,-0.001837116798,-0.002085892196,-0.00111330527,-0.001354159878,-0.002074287448,0.00768234582,-581478.5466,-0.0989525462,-238068.804,-2.660899152,-1.342948675,0.003191320775,5.479963727e-05,0.0007888321805,0.0002321615209,0.4020107103,0.18208572,0
45.69138277,0.1133655383,0.05930446165,-0.01663446165,-0.001642989263,-0.001895256723,-0.002151876874,-0.001148579237,-0.001402129553,-0.0021399071,0.007614037054,-599872.4001,-0.1022221716,-245599.611,-2.745262625,-1.385703206,0.003191126493,5.51459411e-05,0.0007889143786,0.000231783996,0.4020106224,0.1873889177,0
46.89378758,0.1128511497,0.05981885033,-0.01714885033,-0.001699145233,-0.001953889879,-0.002218421334,-0.001184152452,-0.00145050618,-0.002206083439,0.007545148788,-618422.2984,-0.1055195349,-253194.3058,-2.830341798,-1.428820447,0.003190930562,5.549498777e-05,0.0007889972294,0.0002314034831,0.4020105347,0.1927371053,0
48.09619238,0.1123324007,0.0603375993,-0.0176675993,-0.001755777217,-0.002013020048,-0.002285529869,-0.001220027207,-0.001499292879,-0.002272820731,0.007475676581,-637129.4376,-0.1088448488,-260853.3782,-2.916142157,-1.472303177,0.003190732971,5.584679143e-05,0.0007890807325,0.0002310199576,0.402010444,0.1981306276,0
49.29859719,0.1118092577,0.0608607423,-0.0181907423,-0.001812888898,-0.002072651075,-0.002353206841,-0.001256205838,-0.001548492823,-0.002340123316,0.007405615914,-655995.0343,-0.1121983296,-268577.3262,-3.002669282,-1.516154225,0.003190533706,5.620136745e-05,0.00078916489,0.0002306334002,0.4020103493,0.2035698353,0
50.501002,0.1112816839,0.06138831612,-0.01871831612,-0.001870484293,-0.002132787154,-0.002421457012,-0.001292690888,-0.001598109471,-0.002407995929,0.00733496186,-675020.4156,-0.115580213,-276366.6931,-3.089929259,-1.560376674,0.003190332753,5.655873251e-05,0.0007892497136,0.0002302438072,0.4020102568,0.209055111,0
51.70340681,0.1107496463,0.06192035368,-0.01925035368,-0.001928566996,-0.002193432037,-0.002490284639,-0.001329484633,-0.00164814592,-0.002476442804,0.007263710011,-694206.7682,-0.1189907102,-284221.9649,-3.177927532,-1.604973284,0.0031901301,5.691890162e-05,0.000789335203,0.0002298511553,0.4020101632,0.214586797,0
52.90581162,0.1102131108,0.06245688919,-0.01978688919,-0.001987140741,-0.002254589623,-0.002559694149,-0.00136658944,-0.001698605386,-0.002545468343,0.007191855784,-713555.3261,-0.1224300404,-292143.6467,-3.26666976,-1.649946923,0.003189925733,5.728189036e-05,0.000789421362,0.0002294554276,0.4020100685,0.220165249,0
54.10821643,0.1096720413,0.06299795867,-0.02032795867,-0.002046209462,-0.00231626402,-0.0026296902,-0.0014040078,-0.001749491258,-0.002615077178,0.007119394357,-733067.388,-0.1258984345,-300132.2703,-3.3561619,-1.695300609,0.00318971964,5.764771278e-05,0.0007895081943,0.0002290566104,0.4020099732,0.2257908414,0
55.31062124,0.1091264021,0.06354359792,-0.02087359792,-0.002105777066,-0.002378459307,-0.002700277426,-0.001441742188,-0.001800806904,-0.002685273917,0.007046320933,-752744.2454,-0.129396122,-308188.3645,-3.446409874,-1.741037345,0.003189511806,5.801638313e-05,0.0007895957037,0.0002286546893,0.4020098774,0.2314639466,0
56.51302605,0.1085761591,0.06409384092,-0.02142384092,-0.002165847262,-0.002441179357,-0.00277146022,-0.001479794954,-0.001852555516,-0.00275606293,0.006972630964,-772587.123,-0.1329233207,-316312.4305,-3.537419302,-1.787159977,0.003189302218,5.838791719e-05,0.0007896838939,0.0002282496473,0.4020097811,0.2371849176,0
57.71543086,0.1080212772,0.06464872279,-0.02197872279,-0.002226423885,-0.002504428173,-0.002843243127,-0.001518168527,-0.0019047404,-0.002827448736,0.006898319746,-792597.2878,-0.1364802558,-324504.9873,-3.629195992,-1.833671449,0.003189090864,5.87623296e-05,0.0007897727685,0.0002278414687,0.4020096844,0.2429541198,0
58.91783567,0.1074617183,0.0652082817,-0.0225382817,-0.002287511103,-0.002568210108,-0.002915631085,-0.001556865548,-0.001957365145,-0.002899436246,0.006823382165,-812776.1162,-0.1400671719,-332766.5983,-3.721746259,-1.880574962,0.003188877728,5.913963068e-05,0.0007898623293,0.0002274301405,0.4020095868,0.2487719501,0
60.12024048,0.1068974483,0.0657725517,-0.0231025517,-0.002349112631,-0.002632529041,-0.002988628497,-0.001595888369,-0.002010432952,-0.002972029838,0.006747813665,-833124.8359,-0.1436842872,-341097.7661,-3.815075732,-1.927873369,0.003188662797,5.951983662e-05,0.0007899525806,0.0002270156463,0.4020094884,0.2546387623,0
61.32264529,0.1063284318,0.06634156824,-0.02367156824,-0.00241123234,-0.002697389013,-0.00306223995,-0.001635239443,-0.002063947157,-0.003045234076,0.006671609495,-853644.7254,-0.1473318291,-349499.0142,-3.909190276,-1.975569642,0.003188446059,5.990296158e-05,0.0007900435256,0.0002265979707,0.4020093893,0.260554925,0
62.5250501,0.1057546302,0.06691536975,-0.02424536975,-0.002473874427,-0.002762794406,-0.003136470418,-0.001674921429,-0.002117911374,-0.003119053903,0.006594764508,-874337.1711,-0.151010044,-357970.9103,-4.00409625,-2.023667004,0.003188227498,6.028901401e-05,0.0007901351666,0.0002261771041,0.4020092896,0.2665208381,0
63.72745491,0.1051760077,0.06749399232,-0.02482399232,-0.00253704283,-0.002828749332,-0.003211324567,-0.001714936821,-0.002172328995,-0.00319349396,0.006517273874,-895203.4734,-0.154719163,-366513.9867,-4.099799619,-2.072168476,0.003188007101,6.067800691e-05,0.0007902275067,0.0002257530321,0.4020091892,0.2725368764,0
64.92985972,0.1045925291,0.06807747089,-0.02540747089,-0.002600741364,-0.002895257776,-0.003286806917,-0.001755288036,-0.002227203308,-0.003268558745,0.00643913291,-916244.8933,-0.1584594103,-375128.7596,-4.196306164,-2.12107699,0.003187784854,6.106995553e-05,0.0007903205494,0.0002253257384,0.4020090881,0.2786034035,0
66.13226453,0.1040041581,0.06866584187,-0.02599584187,-0.002664974003,-0.002962323885,-0.00336292218,-0.001795977592,-0.002282537737,-0.003344252941,0.006360336743,-937462.7433,-0.1622310191,-383815.7666,-4.293621907,-2.170395597,0.003187560743,6.146487243e-05,0.0007904142977,0.0002248952091,0.4020089862,0.2847207977,0
67.33466934,0.1034108581,0.06925914188,-0.02658914188,-0.002729744747,-0.003029951836,-0.003439675092,-0.001837008022,-0.002338335725,-0.003420581258,0.006280880467,-958858.3441,-0.1660342243,-392575.5482,-4.391752904,-2.220127366,0.003187334755,6.186276981e-05,0.0007905087544,0.0002244614303,0.4020088835,0.29088944,0
68.53707415,0.1028125922,0.06985740777,-0.02718740777,-0.002795057617,-0.003098145827,-0.00351707042,-0.001878381873,-0.002394600738,-0.003497548438,0.006200759149,-980433.0245,-0.1698692621,-401408.6486,-4.490705251,-2.270275387,0.003187106876,6.226365956e-05,0.0007906039222,0.0002240243887,0.4020087797,0.2971097133,0
69.73947896,0.1022093234,0.0704606766,-0.0277906766,-0.002860916659,-0.003166910085,-0.00359511296,-0.001920101709,-0.002451336263,-0.003575159248,0.006119967823,-1002188.121,-0.1737363699,-410315.6149,-4.590485077,-2.320842766,0.003186877091,6.266755322e-05,0.0007906998036,0.000223584071,0.4020086747,0.3033820031,0
70.94188377,0.1016010153,0.07106898471,-0.02839898471,-0.002927325841,-0.00323624875,-0.003673807411,-0.001962170043,-0.002508545715,-0.003653418364,0.006038501624,-1024124.944,-0.1776357809,-419296.9837,-4.691098393,-2.371832549,0.003186645386,6.307445431e-05,0.0007907964006,0.0002231404762,0.4020085693,0.3097066871,0
72.14428858,0.1009876308,0.0716823692,-0.0290123692,-0.002994289214,-0.003306166052,-0.003753158574,-0.002004589441,-0.002566232585,-0.003732330559,0.005956355582,-1046244.832,-0.1815677328,-428353.3028,-4.792551336,-2.423247846,0.003186411748,6.348437048e-05,0.0007908937155,0.0002226935967,0.4020084637,0.3160841511,0
73.34669339,0.1003691318,0.07230086815,-0.02963086815,-0.003061810933,-0.003376666331,-0.003833171375,-0.002047362536,-0.002624400454,-0.003811900731,0.005873524599,-1068549.158,-0.1855324696,-437485.1344,-4.894850203,-2.475091848,0.003186176162,6.389731498e-05,0.0007909917505,0.0002222434156,0.4020083572,0.3225147911,0
74.5490982,0.09974548069,0.07292451931,-0.03025451931,-0.003129895122,-0.003447753891,-0.003913850698,-0.002090491938,-0.002683052873,-0.003892133739,0.005790003618,-1091039.283,-0.1895302335,-446693.0358,-4.998001239,-2.527367721,0.003185938613,6.431329635e-05,0.0007910905077,0.000221789923,0.4020082499,0.3289989995,0
75.75150301,0.09911663935,0.07355336065,-0.03088336065,-0.003198545923,-0.003519433059,-0.003995201453,-0.002133980274,-0.002742193411,-0.003973034464,0.005705787556,-1113716.576,-0.1935612677,-455977.5676,-5.102010723,-2.580078646,0.003185699087,6.47323227e-05,0.0007911899889,0.0002213331096,0.4020081415,0.335537171,0
76.95390782,0.09848256967,0.07418743033,-0.03151743033,-0.003267767504,-0.003591708185,-0.004077228579,-0.002177830183,-0.002801825657,-0.004054607818,0.0056208713,-1136582.414,-0.197625817,-465339.2933,-5.206884967,-2.633227823,0.00318545757,6.515440168e-05,0.0007912901959,0.0002208729665,0.402008032,0.3421297025,0
78.15631263,0.09784323327,0.07482676673,-0.03215676673,-0.003337564053,-0.003664583643,-0.004159937039,-0.002222044318,-0.002861953222,-0.004136858737,0.005535249713,-1159638.18,-0.2017241272,-474778.7794,-5.312630318,-2.686818468,0.003185214047,6.557954044e-05,0.0007913911303,0.000220409485,0.4020079213,0.348776993,0
79.35871743,0.0971985943,0.0754714057,-0.0328014057,-0.003407939486,-0.003738063521,-0.004243331472,-0.00226662516,-0.002922579477,-0.004219791835,0.005448917991,-1182885.168,-0.2058564282,-484296.5554,-5.419252708,-2.740853587,0.003184968504,6.600774184e-05,0.0007914927932,0.0002199426642,0.4020078097,0.3554794152,0
80.56112224,0.09654861644,0.07612138356,-0.03345138356,-0.003478897769,-0.003812151959,-0.004327416577,-0.00231157522,-0.002983707838,-0.004303411784,0.00536187127,-1206324.687,-0.210022953,-493893.1576,-5.526758144,-2.795336225,0.003184720927,6.64390086e-05,0.0007915951858,0.0002194725026,0.4020076975,0.3622373468,0
81.76352705,0.09589325976,0.07677674024,-0.03410674024,-0.003550443258,-0.003886853507,-0.004412197519,-0.002356897259,-0.00304534206,-0.00438772372,0.005274104204,-1229958.177,-0.2142239574,-503569.1753,-5.635153228,-2.850269727,0.003184471302,6.687334783e-05,0.0007916983094,0.0002189989905,0.4020075844,0.3690512029,0
82.96593186,0.09523248608,0.07743751392,-0.03476751392,-0.003622580122,-0.003962172517,-0.004497679237,-0.002402593917,-0.003107485733,-0.004472732555,0.00518561168,-1253787.015,-0.2184596861,-513325.1723,-5.744444276,-2.905657294,0.003184219613,6.731076338e-05,0.0007918021649,0.0002185221239,0.4020074703,0.3759213805,0
84.16833667,0.09456625713,0.07810374287,-0.03543374287,-0.003695312541,-0.004038113353,-0.004583866682,-0.002448667842,-0.003170142458,-0.004558443215,0.005096388571,-1277812.581,-0.2227303845,-523161.7138,-5.85463762,-2.961502135,0.003183965847,6.77512585e-05,0.0007919067533,0.000218041899,0.4020073553,0.3828482775,0
85.37074148,0.09389453449,0.07877546551,-0.03610546551,-0.003768644706,-0.004114680392,-0.004670764824,-0.002495121689,-0.003233315846,-0.004644860638,0.005006429734,-1302036.261,-0.2270362988,-533079.3667,-5.96573961,-3.017807469,0.003183709987,6.819483585e-05,0.0007920120752,0.0002175583132,0.4020072394,0.3898322932,0
86.57314629,0.09321728355,0.07945271645,-0.03678271645,-0.003842580399,-0.004191877582,-0.004758378141,-0.002541957854,-0.003297009154,-0.004731989282,0.004915730532,-1326459.302,-0.231377651,-543078.6424,-6.077755975,-3.074576199,0.003183452023,6.86414866e-05,0.0007921181293,0.0002170713779,0.402007123,0.3968737878,0
87.7755511,0.09253446546,0.08013553454,-0.03746553454,-0.003917123858,-0.004269709348,-0.004846711658,-0.002589179021,-0.003361226034,-0.00481983414,0.004824285764,-1351083.106,-0.23575469,-553160.1142,-6.190693138,-3.131811579,0.003183191937,6.909121281e-05,0.000792224916,0.0002165810909,0.4020070061,0.4039731648,0
88.97795591,0.09184604164,0.08082395836,-0.03815395836,-0.003992279297,-0.004348180091,-0.004935770368,-0.002636787861,-0.003425970116,-0.00490840018,0.00473209026,-1375909.065,-0.2401676633,-563324.352,-6.304557482,-3.189516845,0.003182929717,6.954401496e-05,0.0007923324357,0.0002160874518,0.4020068887,0.4111308257,0
90.18036072,0.09115197411,0.08151802589,-0.03884802589,-0.004068050861,-0.004427294137,-0.005025559181,-0.002684786999,-0.003491244971,-0.004997692284,0.004639138937,-1400938.546,-0.2446168141,-573571.9163,-6.419355287,-3.247695179,0.003182665346,6.999989085e-05,0.0007924406881,0.0002155904634,0.402006771,0.4183471652,0
91.38276553,0.09045222489,0.08221777511,-0.03954777511,-0.004144442698,-0.004507055818,-0.005116083014,-0.002733179062,-0.003557054171,-0.005087715342,0.004545426707,-1426172.922,-0.2491023861,-583903.368,-6.535092837,-3.306349766,0.003182398812,7.045883743e-05,0.0007925496726,0.0002150901298,0.402006653,0.4256225782,0
92.58517034,0.08974675632,0.08292324368,-0.04025324368,-0.004221458917,-0.004587469424,-0.005207346735,-0.002781966653,-0.003623401257,-0.005178474195,0.004450948527,-1451613.548,-0.2536246205,-594319.263,-6.651776358,-3.365483762,0.003182130099,7.092084917e-05,0.0007926593882,0.0002145864572,0.4020065348,0.4329574562,0
93.78757515,0.08903553467,0.08363446533,-0.04096446533,-0.004299103202,-0.004668538802,-0.005299354711,-0.002831152106,-0.003690289402,-0.005269973185,0.00435569988,-1477261.642,-0.2581837336,-604820.0994,-6.76941143,-3.425099994,0.003181859194,7.138590194e-05,0.0007927698283,0.0002140794678,0.4020064154,0.44035215,0
94.98997996,0.08831852022,0.08435147978,-0.04168147978,-0.004377379889,-0.004750268478,-0.005392112078,-0.002880738167,-0.003757722342,-0.005362217421,0.004259675446,-1503118.636,-0.2627799801,-615406.4636,-6.888004624,-3.485201792,0.003181586084,7.18539976e-05,0.0007928809941,0.0002135691623,0.4020062954,0.4478070725,0
96.19238477,0.08759567563,0.08507432437,-0.04240432437,-0.004456293053,-0.004832662708,-0.005485623667,-0.002930727419,-0.003825703588,-0.005455211707,0.004162870225,-1529185.877,-0.2674135992,-626078.9069,-7.007562114,-3.545792285,0.003181310752,7.232512633e-05,0.0007929928832,0.0002130555512,0.4020061748,0.455322612,0
97.39478958,0.08686696363,0.08580303637,-0.04313303637,-0.004535846766,-0.004915725744,-0.005579894302,-0.002981122441,-0.003894236646,-0.00554896084,0.004065279223,-1555464.709,-0.27208483,-636837.9798,-7.128090068,-3.6068746,0.003181033186,7.27992771e-05,0.0007931054934,0.0002125386465,0.4020060535,0.4628991561,0
98.59719439,0.08613234695,0.08653765305,-0.04386765305,-0.004616045093,-0.004999461829,-0.005674928801,-0.003031925807,-0.003963325019,-0.005643469611,0.003966897453,-1581956.475,-0.2767939113,-647684.2322,-7.249594645,-3.668451856,0.00318075337,7.327643775e-05,0.0007932188217,0.0002120184615,0.4020059314,0.470537092,0
99.7995992,0.08539179048,0.08727820952,-0.04460820952,-0.004696891869,-0.005083874968,-0.005770731707,-0.003083139947,-0.004032972012,-0.005738742539,0.003867720211,-1608662.442,-0.2815410681,-658618.1827,-7.372081656,-3.730527001,0.003180471292,7.375658517e-05,0.0007933328627,0.0002114950203,0.4020058084,0.4782367849,0
101.002004,0.08464526062,0.08802473938,-0.04535473938,-0.004778390763,-0.005168968991,-0.005867307369,-0.003134767185,-0.004103180783,-0.005834783947,0.003767742996,-1635583.822,-0.286326516,-669640.3275,-7.495556659,-3.793102849,0.003180186939,7.423968808e-05,0.0007934476087,0.0002109683558,0.4020056842,0.4859985843,0
102.2044088,0.0838927189,0.0887772811,-0.0461072811,-0.004860545971,-0.005254748281,-0.00596466076,-0.003186810181,-0.00417395495,-0.005931598782,0.003666960658,-1662722.001,-0.2911505013,-680751.2343,-7.620026013,-3.856182623,0.003179900296,7.472573717e-05,0.0007935630578,0.0002104384783,0.4020055588,0.4938228899,0
103.4068136,0.08313412933,0.08953587067,-0.04686587067,-0.004943361427,-0.005341216943,-0.006062796539,-0.003239271423,-0.004245297898,-0.006029191677,0.003565368376,-1690078.279,-0.296013255,-691951.4346,-7.745495674,-3.919769343,0.003179611349,7.521471064e-05,0.0007936792047,0.0002099054111,0.4020054321,0.5017100761,0
104.6092184,0.08236945604,0.09030054396,-0.04763054396,-0.005026841044,-0.005428379065,-0.006161719346,-0.003292153394,-0.004317213002,-0.006127567246,0.003462961346,-1717653.948,-0.3009150069,-703241.4582,-7.871971575,-3.983866015,0.003179320085,7.570658507e-05,0.000793796044,0.0002093691789,0.4020053038,0.5096605159,0
105.8116232,0.08159866329,0.09107133671,-0.04840133671,-0.005110988724,-0.005516238719,-0.006261433802,-0.003345458563,-0.00438970362,-0.006226730084,0.003359734783,-1745450.296,-0.305855986,-714621.8324,-7.999459624,-4.048475634,0.00317902649,7.620133541e-05,0.0007939135696,0.0002088298086,0.4020051738,0.5176745806,0
107.0140281,0.0808217213,0.0918482787,-0.0491782787,-0.005195807719,-0.005604799302,-0.006361943763,-0.003399188992,-0.004462772556,-0.006326684027,0.003255684696,-1773468.399,-0.3108363834,-726092.9973,-8.12796475,-4.113600696,0.003178730553,7.669890957e-05,0.0007940317708,0.0002082873596,0.4020050432,0.5257525802,0
108.2164329,0.08003859604,0.09263140396,-0.04996140396,-0.005281301742,-0.005694064691,-0.006463253627,-0.003453347031,-0.004536423007,-0.006427433448,0.003150806532,-1801709.483,-0.3158564171,-737655.4548,-8.257492579,-4.179244053,0.00317843226,7.719927297e-05,0.0007941506395,0.0002077418698,0.402004912,0.5338948681,0
109.4188377,0.07924925176,0.09342074824,-0.05075074824,-0.005367474699,-0.005784038962,-0.006565368023,-0.003507935156,-0.004610658339,-0.006528982951,0.003045095499,-1830174.837,-0.3209163164,-749309.7333,-8.388049027,-4.245408704,0.003178131599,7.770239777e-05,0.0007942701691,0.0002071933683,0.4020047799,0.5421018163,0
110.6212425,0.07845365488,0.09421634512,-0.05154634512,-0.005454330253,-0.005874725943,-0.006668291294,-0.003562955687,-0.004685481708,-0.006631336853,0.002938547102,-1858865.673,-0.3260162964,-761056.3284,-8.519639645,-4.312097462,0.003177828556,7.820824545e-05,0.0007943903508,0.0002066418972,0.402004647,0.5503737739,0
111.8236473,0.07765177213,0.09501822787,-0.05234822787,-0.005541872038,-0.005966129425,-0.006772027742,-0.003618410926,-0.004760896243,-0.006734499434,0.002831156885,-1887783.19,-0.3311565704,-772895.7311,-8.652269938,-4.379313115,0.003177523119,7.871677518e-05,0.0007945111752,0.0002060875009,0.4020045134,0.5587110868,0
113.0260521,0.07684357054,0.09582642946,-0.05315642946,-0.005630103653,-0.006058253167,-0.006876581636,-0.003674303152,-0.004836905045,-0.006838474939,0.002722920432,-1916928.578,-0.3363373498,-784828.4285,-8.785945359,-4.447058429,0.003177215275,7.922794385e-05,0.0007946326325,0.0002055302266,0.4020043792,0.5671140977,0
114.2284569,0.07602902587,0.09664097413,-0.05397097413,-0.005719027744,-0.006151099933,-0.006981956108,-0.003730634042,-0.004913510394,-0.006943266483,0.002613834498,-1946302.709,-0.34155879,-796854.7783,-8.920669916,-4.515335434,0.003176905015,7.974165655e-05,0.0007947547024,0.0002049701812,0.4020042453,0.5755830587,0
115.4308617,0.0752081044,0.0974618956,-0.0547918956,-0.005808647992,-0.006244673564,-0.007088155522,-0.003787405928,-0.00499071546,-0.007048878405,0.002503894567,-1975906.801,-0.3468211072,-808975.2784,-9.056449186,-4.584146958,0.003176592326,8.025787341e-05,0.0007948773757,0.0002044074076,0.4020041117,0.5841183204,0
116.6332665,0.07438077623,0.09828922377,-0.05561922377,-0.00589896766,-0.00633897747,-0.007195183745,-0.003844620877,-0.005068523056,-0.007155314551,0.002393096634,-2005741.932,-0.3521244928,-821190.3701,-9.193288115,-4.653495504,0.003176277197,8.077653154e-05,0.0007950006384,0.0002038419756,0.4020039788,0.5927201936,0
117.8356713,0.07354701218,0.09912298782,-0.05645298782,-0.005989989937,-0.006434014977,-0.007303044554,-0.003902280908,-0.005146935926,-0.007262578677,0.00228143679,-2035809.153,-0.3574691342,-833500.4846,-9.331191531,-4.723383522,0.003175959616,8.129756337e-05,0.0007951244755,0.0002032739598,0.4020038469,0.6013889819,0
119.0380762,0.07270678797,0.09996321203,-0.05729321203,-0.006081717471,-0.006529788853,-0.007411741089,-0.003960387701,-0.005225956354,-0.007370673906,0.002168911785,-2066109.341,-0.3628551868,-845905.9801,-9.470163449,-4.793813046,0.003175639575,8.182089327e-05,0.0007952488663,0.0002027034393,0.4020037142,0.6101249375,0
120.240481,0.07186007806,0.1008099219,-0.05813992194,-0.00617415305,-0.006626302008,-0.007521276652,-0.004018943019,-0.005305586741,-0.007479603522,0.002055518199,-2096643.417,-0.3682828144,-858407.2337,-9.610208091,-4.864786215,0.003175317063,8.234644337e-05,0.0007953737914,0.0002021304973,0.4020035799,0.618928326,0
121.4428858,0.07100685548,0.1016631445,-0.05899314452,-0.00626729962,-0.006723557517,-0.007631654735,-0.00407794873,-0.005385829625,-0.007589370997,0.001941252419,-2127412.352,-0.37375219,-871004.6438,-9.75132992,-4.936305291,0.003174992071,8.287413367e-05,0.0007954992327,0.0002015552224,0.4020034442,0.6277994279,0
122.6452906,0.07014709551,0.1025229045,-0.05985290449,-0.006361159879,-0.006821558197,-0.007742878535,-0.004137406543,-0.005466687329,-0.007699979509,0.001826111135,-2158417.039,-0.3792634718,-883698.5751,-9.893533025,-5.008372346,0.003174664588,8.340387862e-05,0.0007956251694,0.0002009777069,0.4020033067,0.6367385002,0
123.8476954,0.06928077663,0.1033892234,-0.06071922337,-0.006455736176,-0.006920306502,-0.007854950834,-0.004197317945,-0.005548161878,-0.007811431829,0.001710091464,-2189658.253,-0.384816798,-896489.3455,-10.03682096,-5.080989184,0.003174334607,8.393557259e-05,0.0007957515779,0.0002003980661,0.4020031676,0.6457457665,0
125.0501002,0.06840788193,0.1042621181,-0.06159211807,-0.006551030357,-0.00701980436,-0.007967873823,-0.004257684107,-0.005630254863,-0.007923730131,0.001593191142,-2221136.606,-0.3904122768,-909377.2047,-10.18119653,-5.154157223,0.003174002121,8.446908025e-05,0.0007958784307,0.0001998164486,0.4020030291,0.6548214029,0
126.252505,0.06752838848,0.1051416115,-0.06247161152,-0.006647044925,-0.007120054382,-0.008081650466,-0.004318506614,-0.005712968438,-0.008036877364,0.0014754071,-2252852.922,-0.3960500553,-922362.491,-10.32666353,-5.227878384,0.003173667122,8.500430812e-05,0.0007960057042,0.0001992329549,0.4020028901,0.6639656475,0
127.4549098,0.06664227734,0.1060277227,-0.06335772266,-0.00674378195,-0.00722105873,-0.008196283214,-0.004379786776,-0.005796304387,-0.008150875968,0.001356736798,-2284807.885,-0.401730255,-935445.4845,-10.47322508,-5.302154255,0.003173329603,8.554113745e-05,0.0007961333712,0.0001986477142,0.4020027505,0.6731786974,0
128.6573146,0.06574953082,0.1069204692,-0.06425046918,-0.00684124336,-0.007322819418,-0.008311774355,-0.004441525816,-0.005880264372,-0.008265728215,0.00123717787,-2317002.134,-0.4074529891,-948626.4459,-10.62088411,-5.376986318,0.003172989556,8.607944238e-05,0.0007962614031,0.0001980608631,0.4020026108,0.6824607365,0
129.8597194,0.0648501403,0.1078198597,-0.0651498597,-0.006939430098,-0.00742533743,-0.008428125004,-0.00450372433,-0.005964849203,-0.008381435216,0.00111672916,-2349435.979,-0.4132183129,-961905.5027,-10.76964206,-5.452375297,0.003172646978,8.661904753e-05,0.0007963897585,0.0001974725943,0.4020024707,0.6918118544,0
131.0621242,0.06394409078,0.1087259092,-0.06605590922,-0.007038343801,-0.007528614475,-0.008545337102,-0.004566383356,-0.006050060293,-0.0084979989,0.0009953886588,-2382109.961,-0.4190263226,-975282.8764,-10.91950139,-5.528322449,0.003172301863,8.71598124e-05,0.0007965184054,0.0001968830607,0.4020023306,0.701232207,0
132.2645291,0.0630313715,0.1096386285,-0.0669686285,-0.007137985644,-0.007632651781,-0.008663412041,-0.004629503639,-0.006135898653,-0.008615420653,0.000873154926,-2415024.468,-0.4248770873,-988758.7258,-11.07046389,-5.604828676,0.003171954209,8.770157318e-05,0.0007966473061,0.0001962924411,0.4020021906,0.7107219064,0
133.4669339,0.06211197809,0.1105580219,-0.06788802191,-0.007238356104,-0.007737449845,-0.008782350387,-0.004693085479,-0.006222364694,-0.008733701035,0.0007500273765,-2448179.658,-0.4307706348,-1002333.115,-11.22253028,-5.681894343,0.003171604012,8.824412448e-05,0.0007967764125,0.0001957009598,0.4020020503,0.7202809978,0
134.6693387,0.0611859055,0.1114840945,-0.0688140945,-0.007339455732,-0.007843009242,-0.008902152792,-0.004757129227,-0.006309458891,-0.008852840697,0.0006260053342,-2481575.712,-0.4367069975,-1016006.12,-11.3757014,-5.759519874,0.003171251271,8.878726791e-05,0.0007969056786,0.0001951088338,0.4020019099,0.7299095338,0
135.8717435,0.06025315021,0.1124168498,-0.06974684979,-0.007441284911,-0.007949330373,-0.009022819711,-0.004821635125,-0.006397181573,-0.00897284009,0.0005010883283,-2515212.758,-0.4426861981,-1029777.791,-11.52997783,-5.837705565,0.003170895984,8.933079694e-05,0.0007970350564,0.0001945162888,0.4020017691,0.7396075509,0
137.0741483,0.05931371411,0.1133562859,-0.07068628589,-0.007543843438,-0.008056413024,-0.009144350902,-0.004886603043,-0.006485532566,-0.009093698974,0.0003752766096,-2549090.728,-0.4487082244,-1043648.101,-11.68535926,-5.916451256,0.003170538153,8.987447724e-05,0.0007971644918,0.0001939235799,0.4020016281,0.7493750296,0
138.2765531,0.05836760302,0.114302397,-0.07163239698,-0.007647130675,-0.008164256532,-0.00926674561,-0.00495203258,-0.00657451132,-0.009215416598,0.0002485709586,-2583209.412,-0.4547730391,-1057616.964,-11.84184472,-5.995756461,0.003170177779,9.041805447e-05,0.0007972939264,0.0001933309833,0.4020014867,0.7592119093,0
139.4789579,0.05741482294,0.1152551771,-0.07258517706,-0.007751145968,-0.008272860212,-0.009390003059,-0.005017923318,-0.006664117271,-0.009337992191,0.00012097218,-2617568.592,-0.4608806037,-1071684.292,-11.99943322,-6.075620676,0.003169814865,9.096127008e-05,0.0007974233002,0.0001927387807,0.4020013447,0.7691181277,0
140.6813627,0.05645538838,0.1162146116,-0.07354461162,-0.007855887732,-0.00838222241,-0.009514121372,-0.005084274256,-0.006754349055,-0.009461423885,-7.517783788e-06,-2652167.747,-0.4670308252,-1085849.869,-12.15812236,-6.156042684,0.003169449417,9.150383874e-05,0.0007975525467,0.0001921472835,0.4020012031,0.7790935338,0
141.8837675,0.05548931412,0.1171806859,-0.07451068588,-0.007961354354,-0.00849234144,-0.009639098637,-0.005151084371,-0.006845205282,-0.00958570978,-0.0001368969532,-2687006.343,-0.4732236089,-1100113.478,-12.3179097,-6.237021247,0.003169081439,9.204546392e-05,0.0007976815971,0.0001915568144,0.4020010621,0.789137974,0
143.0861723,0.05451661979,0.1181533802,-0.07548338021,-0.008067543691,-0.008603215068,-0.009764932315,-0.005218352305,-0.006936684106,-0.00971084735,-0.0002671627,-2722083.672,-0.479458829,-1114474.83,-12.47879199,-6.31855472,0.00316871094,9.258582216e-05,0.0007978103766,0.0001909677259,0.4020009219,0.7992512442,0
144.2885772,0.05353733364,0.1191326664,-0.07646266636,-0.00817445266,-0.00871484007,-0.009891618751,-0.005286076105,-0.007028782869,-0.00983683296,-0.00039831124,-2757398.715,-0.4857363043,-1128933.506,-12.64076456,-6.400640734,0.00316833793,9.312452574e-05,0.0007979387971,0.0001903804413,0.4020007819,0.8094330507,0
145.490982,0.05255148342,0.1201185166,-0.07744851658,-0.008282078229,-0.008827213285,-0.01001915435,-0.005354253851,-0.007121498962,-0.00996366304,-0.0005303388568,-2792950.472,-0.492055857,-1143489.098,-12.80382282,-6.483276964,0.003167962419,9.366120874e-05,0.000798066774,0.0001897953592,0.4020006425,0.8196831049,0
146.6933868,0.05155910647,0.1211108935,-0.07844089353,-0.008390416325,-0.008940330458,-0.0101475343,-0.005422882963,-0.007214828874,-0.01009133279,-0.0006632405517,-2828737.596,-0.4984172477,-1158141.053,-12.96796059,-6.566460279,0.003167584423,9.419543885e-05,0.0007981942076,0.0001892129512,0.4020005037,0.8300010188,0
147.8957916,0.05056024648,0.1221097535,-0.07943975352,-0.008499462175,-0.009054186606,-0.01027675292,-0.005491960417,-0.007308768494,-0.01021983658,-0.0007970104709,-2864758.511,-0.5048201963,-1172888.728,-13.13317064,-6.650187017,0.003167203957,9.472674416e-05,0.0007983209887,0.0001886337317,0.4020003656,0.8403863379,0
149.0981964,0.04955494873,0.1231150513,-0.08044505127,-0.008609210837,-0.009168776569,-0.01040680438,-0.005561483083,-0.007403313566,-0.0103491686,-0.0009316425517,-2901011.586,-0.5112644127,-1187731.452,-13.29944549,-6.734453384,0.003166821039,9.525464879e-05,0.0007984470077,0.0001880582197,0.4020002282,0.8508385914,0
150.3006012,0.04854327473,0.1241267253,-0.08145672527,-0.008719655597,-0.009284093337,-0.0105376807,-0.005631446707,-0.007498458304,-0.01047932092,-0.001067128557,-2937494.6,-0.5177495024,-1202668.319,-13.46677497,-6.819254222,0.003166435693,9.577858234e-05,0.0007985721328,0.000187487037,0.4020000917,0.86135714,0
151.503006,0.04752528529,0.1251447147,-0.08247471471,-0.008830789815,-0.009400129976,-0.01066937403,-0.005701847083,-0.007594196989,-0.01061028573,-0.001203460342,-2974205.363,-0.5242750758,-1217698.431,-13.635149,-6.904584435,0.00316604794,9.629797641e-05,0.0007986962325,0.0001869208032,0.4019999564,0.8719413512,0
152.7054108,0.04650105139,0.1261689486,-0.08349894861,-0.008942605743,-0.009516878397,-0.01080187519,-0.005772679303,-0.007690522946,-0.01074205388,-0.001340628401,-3011141.313,-0.5308406777,-1232820.738,-13.80455587,-6.990438072,0.00316565781,9.681220302e-05,0.0007988191621,0.000186360203,0.4019998224,0.8825904872,0
153.9078156,0.04547066101,0.127199339,-0.08452933899,-0.009055093777,-0.009634328573,-0.01093517278,-0.005843937283,-0.007787427901,-0.01087461408,-0.001478620954,-3048299.279,-0.5374457443,-1248033.944,-13.97498101,-7.076807761,0.003165265334,9.732053284e-05,0.000798940754,0.0001858060314,0.4019996898,0.8933036333,0
155.1102204,0.04443420017,0.1282357998,-0.08556579983,-0.009168244523,-0.009752470695,-0.01106925568,-0.005915615072,-0.007884903763,-0.01100795524,-0.001617426476,-3085676.157,-0.544089724,-1263336.776,-14.14641019,-7.163686289,0.003164870546,9.782224957e-05,0.0007990608428,0.0001852590693,0.4019995588,0.9040798949,0
156.3126253,0.04339177283,0.1292782272,-0.08660822717,-0.009282046635,-0.009871292916,-0.01120411045,-0.005987705483,-0.007982940756,-0.01114206399,-0.001757031049,-3123268.2,-0.5507719506,-1278727.701,-14.31882622,-7.251064943,0.003164473486,9.8316526e-05,0.0007991792383,0.0001847202183,0.4019994298,0.9149181912,0
157.5150301,0.04234349642,0.1303265036,-0.08765650358,-0.00939648729,-0.009990781848,-0.01133972188,-0.006060200394,-0.008081527834,-0.01127692523,-0.001897418943,-3161071.171,-0.5574916711,-1294204.984,-14.49220969,-7.338933879,0.003164074197,9.88024515e-05,0.0007992957309,0.0001841904714,0.4019993029,0.9258173013,0
158.7174349,0.0412894971,0.1313805029,-0.0887105029,-0.009511552718,-0.01011092311,-0.01147607367,-0.00613309108,-0.008180653135,-0.01141252272,-0.002038573265,-3199080.523,-0.564248077,-1309766.764,-14.66653971,-7.427282523,0.003163672729,9.927905703e-05,0.0007994100981,0.0001836708848,0.4019991782,0.9367759134,0
159.9198397,0.04022992213,0.1324400779,-0.08977007787,-0.009627226842,-0.01023169993,-0.01161314676,-0.006206367357,-0.008280302808,-0.01154883753,-0.002180474292,-3237290.944,-0.5710402243,-1325410.865,-14.84179194,-7.516098531,0.003163269137,9.974522367e-05,0.0007995220836,0.0001831626786,0.4019990561,0.9477924967,0
161.1222445,0.0391649265,0.1335050735,-0.0908350735,-0.00974349274,-0.01035309462,-0.0117509211,-0.006280018507,-0.008380462276,-0.0116858497,-0.002323101268,-3275696.845,-0.5778671193,-1341134.999,-15.01794073,-7.60536891,0.00316286348,0.0001001997957,0.0007996314225,0.0001826671126,0.4019989369,0.9588654393,0
162.3246493,0.03809469333,0.1345753067,-0.09190530667,-0.009860330422,-0.01047508631,-0.01188937299,-0.006354031866,-0.008481114318,-0.01182353569,-0.002466429668,-3314291.622,-0.5847275883,-1356936.463,-15.19495581,-7.695078312,0.003162455828,0.000100641429,0.0007997378055,0.0001821856521,0.4019988209,0.9699928376,0
163.5270541,0.03701941192,0.1356505881,-0.09298058808,-0.009977719223,-0.01059765344,-0.01202847796,-0.006428394343,-0.008582241133,-0.01196187113,-0.002610434144,-3353068.449,-0.5916204179,-1372812.462,-15.37280587,-7.78521087,0.003162046253,0.0001010687402,0.0007998409152,0.0001817198055,0.4019987084,0.9811727234,0
164.7294589,0.0359393093,0.1367306907,-0.0940606907,-0.01009563436,-0.01072077012,-0.01216820663,-0.006503090236,-0.008683821365,-0.01210082683,-0.002755084286,-3392019.138,-0.5985441526,-1388759.644,-15.55145334,-7.875747552,0.003161634842,0.0001014800913,0.0007999403749,0.0001812713581,0.4019985999,0.992402736,0
165.9318637,0.03485461863,0.1378153814,-0.09514538137,-0.01021405037,-0.01084440977,-0.01230852884,-0.006578103422,-0.008785833091,-0.01224037278,-0.002900348873,-3431135.282,-0.605497298,-1404774.566,-15.73085967,-7.966668816,0.003161221683,0.0001018738089,0.0008000358,0.0001808421346,0.4019984959,1.003680452,0
167.1342685,0.03376561435,0.1389043857,-0.09623438565,-0.0103329373,-0.01096854112,-0.01244940909,-0.006653414922,-0.008888250497,-0.01238047368,-0.00304619115,-3470406.983,-0.6124780946,-1420853.177,-15.91097946,-8.057951655,0.003160806882,0.0001022479158,0.0008001267385,0.0001804342902,0.4019983969,1.015003016,0
168.3366733,0.03267259034,0.1399974097,-0.09732740966,-0.01045226306,-0.01109313065,-0.01259080935,-0.00672900441,-0.008991045946,-0.01252109171,-0.003192571759,-3509823.644,-0.6194846588,-1436991.136,-16.09176411,-8.149571438,0.003160390549,0.0001026003064,0.0008002127091,0.0001800501205,0.4019983032,1.026367375,0
169.5390782,0.03157587649,0.1410941235,-0.09842412351,-0.01057199165,-0.01121814078,-0.01273268695,-0.006804849075,-0.009094188413,-0.01266218445,-0.003339446522,-3549373.369,-0.6265148758,-1453183.575,-16.27315906,-8.241500512,0.003159972811,0.0001029286061,0.0008002931699,0.0001796922142,0.4019982155,1.037770097,0
170.741483,0.03047584273,0.1421941573,-0.09952415727,-0.01069208267,-0.01134352933,-0.01287499403,-0.006880923332,-0.009197643106,-0.0128037043,-0.003486765894,-3589042.815,-0.6335663742,-1469425.03,-16.45510312,-8.333707868,0.003159553808,0.0001032301386,0.0008003675114,0.0001793634891,0.4019981345,1.049207338,0
171.9438878,0.02937288409,0.1432971159,-0.1006271159,-0.010812493,-0.01146925128,-0.01301767949,-0.006957199864,-0.009301372876,-0.01294560043,-0.003634476976,-3628817.739,-0.6406366219,-1485709.669,-16.63753094,-8.426160395,0.003159133691,0.0001035020437,0.0008004350823,0.0001790670631,0.4019980607,1.060674988,0
173.1462926,0.02826745996,0.14440254,-0.10173254,-0.01093317249,-0.01159525426,-0.01316068391,-0.007033646899,-0.009405334518,-0.01308781375,-0.003782518242,-3668681.574,-0.6477226741,-1502030.711,-16.82036656,-8.518819585,0.003158712635,0.0001037409235,0.0008004951092,0.0001788066408,0.4019979952,1.072168273,0
174.3486974,0.02716006928,0.1455099307,-0.1028399307,-0.01105406667,-0.0117214814,-0.01330394273,-0.007110229933,-0.009509481106,-0.01323028007,-0.003930822873,-3708616.326,-0.6548213323,-1518380.787,-17.00352744,-8.611643614,0.00315829083,0.0001039431273,0.0008005467572,0.0001785862021,0.4019979389,1.083682004,0
175.5511022,0.02605127353,0.1466187265,-0.1039487265,-0.01117511424,-0.01184786869,-0.01344738332,-0.007186910137,-0.009613759838,-0.01337292715,-0.004079315674,-3748601.748,-0.6619289973,-1534751.609,-17.18692072,-8.704585421,0.003157868489,0.0001041045454,0.0008005890818,0.000178410227,0.4019978928,1.095210344,0
176.753507,0.02494170162,0.1477282984,-0.1050582984,-0.01129624655,-0.01197434446,-0.01359092432,-0.007263644018,-0.009718111565,-0.01351567408,-0.004227912421,-3788615.16,-0.6690416378,-1551133.89,-17.37044237,-8.797592287,0.003157445853,0.0001042204896,0.0008006210203,0.0001782838268,0.401997858,1.106746754,0
177.9559118,0.02383204179,0.1488379582,-0.1061679582,-0.01141738845,-0.01210083025,-0.01373447669,-0.007340383978,-0.009822471559,-0.01365843232,-0.004376520942,-3828631.742,-0.6761548418,-1567517.469,-17.55397856,-8.890606522,0.003157023184,0.0001042858207,0.0008006414064,0.0001782126041,0.4019978358,1.118284078,0
179.1583166,0.02272307829,0.1499469217,-0.1072769217,-0.01153845434,-0.01222723667,-0.01387793898,-0.007417075783,-0.009926766067,-0.01380110098,-0.004525036209,-3868623.213,-0.6832635822,-1583890.768,-17.73739958,-8.98356239,0.00315660078,0.000104294588,0.0008006488892,0.0001782030462,0.4019978276,1.129814163,0
180.3607214,0.02161567951,0.1510543205,-0.1083843205,-0.0116593494,-0.01235346473,-0.01402119884,-0.007493659378,-0.01003091342,-0.01394356834,-0.004673341925,-3908558.258,-0.6903622923,-1600240.964,-17.9205618,-9.076387099,0.003156178972,0.000104240123,0.0008006419579,0.0001782624228,0.4019978352,1.141327978,0
181.5631263,0.02051082459,0.1521591754,-0.1094891754,-0.01177996675,-0.01247940283,-0.01416412962,-0.007570067049,-0.01013482153,-0.01408570843,-0.004821306961,-3948401.566,-0.6974446957,-1616553.601,-18.10330327,-9.168998576,0.003155758132,0.0001041147824,0.000800618882,0.0001783990668,0.4019978603,1.152815345,0
182.7655311,0.01940961652,0.1532603835,-0.1105903835,-0.01190018597,-0.01260492523,-0.01430658862,-0.007646222517,-0.01023838666,-0.01422737935,-0.0049687836,-3988113.36,-0.7045037217,-1632812.394,-18.28544156,-9.261304365,0.003155338682,0.0001039098979,0.0008005776944,0.0001786224281,0.4019979053,1.164264794,0
183.9679359,0.01831328948,0.1543567105,-0.1116867105,-0.01201987233,-0.01272989127,-0.01444841618,-0.007722040431,-0.01034149275,-0.01436842233,-0.005115606561,-4027649.135,-0.7115314592,-1648999.122,-18.46677253,-9.353201016,0.003154921091,0.0001036156752,0.0008005161728,0.0001789431842,0.4019979723,1.175663495,0
185.1703407,0.01722323028,0.1554467697,-0.1127767697,-0.01213887442,-0.01285414286,-0.0145894329,-0.007797424885,-0.01044400937,-0.01450865894,-0.005261590115,-4066958.879,-0.7185190182,-1665093.308,-18.6470668,-9.444572282,0.003154505888,0.000103221008,0.0008004317986,0.000179373443,0.4019980643,1.186997028,0
186.3727455,0.01614101026,0.1565289897,-0.1138589897,-0.01225702071,-0.01297750089,-0.01472943549,-0.00787226721,-0.01054578874,-0.01464788704,-0.005406523826,-4105985.926,-0.725456326,-1681071.752,-18.82606449,-9.535286449,0.00315409367,0.0001027131013,0.0008003216884,0.0001799271536,0.4019981843,1.198249056,0
187.5751503,0.01506840683,0.1576015932,-0.1149315932,-0.01237411716,-0.01309976277,-0.01486819402,-0.007946444487,-0.01064666369,-0.01478587796,-0.005550169658,-4144666.18,-0.732331989,-1696908.212,-19.00347161,-9.625194532,0.003153685115,0.000102077407,0.0008001825441,0.0001806201756,0.401998336,1.209401098,0
188.7775551,0.01400743078,0.1586625692,-0.1159925692,-0.01248994424,-0.01322069928,-0.01500544836,-0.008019817658,-0.01074644513,-0.01492237302,-0.005692258321,-4182927.126,-0.7391331175,-1712572.999,-19.17895557,-9.714127981,0.00315328099,0.0001012973358,0.0008000106079,0.0001814705948,0.4019985235,1.220432249,0
189.9799599,0.01296035398,0.159709646,-0.117039646,-0.01260425393,-0.01334005147,-0.0151409046,-0.008092229608,-0.01084491939,-0.01505707992,-0.005832485561,-4220686.838,-0.7458451482,-1728032.571,-19.35214062,-9.801896363,0.003152882158,0.0001003540506,0.000799801611,0.0001824989468,0.4019987513,1.231318886,0
191.1823647,0.01192974477,0.1607402552,-0.1180702552,-0.01271676585,-0.01345752659,-0.01527423051,-0.008163502721,-0.01094184493,-0.01518966827,-0.005970507419,-4257852.695,-0.7524516176,-1743249.007,-19.52260195,-9.888284395,0.003152489599,9.922621335e-05,0.0007995507129,0.000183728494,0.4019990248,1.242034307,0
192.3847695,0.01091850128,0.1617514987,-0.1190814987,-0.01282716362,-0.01357279429,-0.01540505114,-0.008233436572,-0.01103694918,-0.01531976521,-0.006105935769,-4294320.185,-0.7589339476,-1758179.517,-19.68986022,-9.973049146,0.003152104416,9.788980739e-05,0.0007992524523,0.000185185419,0.40199935,1.25254838,0
193.5871743,0.009929896008,0.162740104,-0.120070104,-0.01293508996,-0.01368548154,-0.01553294315,-0.008301804848,-0.01112992437,-0.01544694973,-0.00623833235,-4329971.294,-0.7652711609,-1772775.786,-19.85337416,-10.05591631,0.003151727857,9.631800837e-05,0.0007989007029,0.0001868989651,0.4019997335,1.262827079,0
194.7895792,0.008967603125,0.1637023969,-0.1210323969,-0.01304014376,-0.01379516955,-0.01565743124,-0.008368353457,-0.01122042497,-0.01557074915,-0.006367205108,-4364673.526,-0.771439705,-1786983.565,-20.01253607,-10.13657791,0.003151361319,9.448129301e-05,0.0007984886845,0.0001889013181,0.4020001826,1.272832203,0
195.991984,0.008035716873,0.1646342831,-0.1219642831,-0.01314187807,-0.01390139162,-0.01577798573,-0.008432799256,-0.01130806593,-0.01569063674,-0.006492005731,-4398279.233,-0.7774133349,-1800742.406,-20.16666876,-10.21469076,0.003151006364,9.234795789e-05,0.0007980090495,0.0001912270404,0.4020007055,1.282521185,0
197.1943888,0.007138754112,0.1655312459,-0.1228612459,-0.01323979977,-0.0140036329,-0.01589402231,-0.008494829876,-0.01139242244,-0.01580603141,-0.00661212931,-4430625.528,-0.7831630961,-1813985.618,-20.31502515,-10.28987624,0.003150664711,8.988506168e-05,0.0007974540562,0.0001939120441,0.4020013106,1.291847061,0
198.3967936,0.006281625082,0.1663883749,-0.1237183749,-0.01333337281,-0.01410133369,-0.01600490576,-0.008554105742,-0.01147303271,-0.01591630145,-0.006726918252,-4461535.338,-0.788657513,-1826640.705,-20.4567931,-10.36172276,0.00315033823,8.70601449e-05,0.0007968159078,0.0001969917159,0.4020020063,1.300758779,0
199.5991984,0.005469563781,0.1672004362,-0.1245304362,-0.01342202579,-0.01419389739,-0.01610995897,-0.008610264892,-0.0115494045,-0.0160207735,-0.006835671607,-4490819.914,-0.7938630342,-1838630.389,-20.59110691,-10.4297916,0.003150028916,8.384387046e-05,0.0007960872536,0.0002004980386,0.4020028006,1.30920192,0
200.8016032,0.004707968471,0.1679620315,-0.1252920315,-0.01350516938,-0.01428070866,-0.01620848358,-0.008662934,-0.01162103013,-0.01611875309,-0.006937666425,-4518284.585,-0.7987450554,-1849874.967,-20.71707372,-10.49363027,0.003149738824,8.021443982e-05,0.0007952621719,0.0002044547765,0.4020037001,1.317120358,0
202.004008,0.004002155575,0.1686678444,-0.1259978444,-0.01358222319,-0.01436116152,-0.01629979185,-0.008711745404,-0.0116874096,-0.01620955624,-0.007032190718,-4543737.628,-0.803269497,-1860295.946,-20.83381419,-10.55279313,0.00314946998,7.616330988e-05,0.0007943373101,0.0002088712431,0.4020047084,1.324458816,0
203.2064128,0.003357021904,0.1693129781,-0.1266429781,-0.01365265263,-0.01443469779,-0.01638325028,-0.008756360457,-0.01174808238,-0.01629255298,-0.007118588692,-4567002.456,-0.8074049693,-1869821.026,-20.9405184,-10.60686971,0.003149224249,7.170207649e-05,0.0007933134395,0.0002137347969,0.4020058246,1.331166381,0
204.4088176,0.002776603468,0.1698933965,-0.1272233965,-0.01371601709,-0.01450085742,-0.01645833675,-0.008796500045,-0.0118026689,-0.01636722408,-0.007196319834,-4587933.521,-0.8111256003,-1878390.618,-21.03651881,-10.65552172,0.003149003168,6.686974816e-05,0.0007921972068,0.0002190029115,0.4020070415,1.337201092,0
205.6112224,0.002263562994,0.170406437,-0.127736437,-0.01377202587,-0.0145593369,-0.0165247068,-0.008831980022,-0.01185091873,-0.01643322697,-0.007265027544,-4606434.8,-0.8144143213,-1885965.407,-21.12137499,-10.69852595,0.00314880775,6.173886366e-05,0.000791002691,0.0002245965065,0.4020083437,1.342535262,0
206.8136273,0.001818744173,0.1708512558,-0.1281812558,-0.01382058688,-0.01461004005,-0.01658225128,-0.008862742043,-0.01189275254,-0.01649045311,-0.007324598834,-4622475.868,-0.817265724,-1892532.937,-21.1949474,-10.73581169,0.003148638319,5.641711336e-05,0.0007897522414,0.0002303981799,0.402009707,1.347160119,0
208.0160321,0.001440844342,0.1712291557,-0.1285591557,-0.01386184232,-0.01465311538,-0.01663113871,-0.008888876195,-0.01192829282,-0.0165390701,-0.007375208159,-4636103.702,-0.8196881588,-1898112.441,-21.25745151,-10.76748812,0.003148494377,5.104280906e-05,0.0007884760412,0.0002362571466,0.4020110982,1.351089209,0
209.2184369,0.001126371549,0.1715436285,-0.1288736285,-0.01389617341,-0.01468896091,-0.01667182083,-0.008910623967,-0.01195786799,-0.01657952717,-0.007417323171,-4647444.228,-0.82170401,-1902755.477,-21.30946487,-10.79384795,0.003148374594,4.57717676e-05,0.0007872097118,0.0002420035381,0.4020124788,1.354358837,0
210.4208417,0.0008699278147,0.1718000722,-0.1291300722,-0.01392416945,-0.01471819193,-0.01670499596,-0.008928358665,-0.01198198571,-0.01661251877,-0.007451666781,-4656692.109,-0.8233478801,-1906541.742,-21.35188031,-10.81534365,0.003148276915,4.075911235e-05,0.0007859904615,0.0002474682418,0.402013808,1.357025126,0
211.6232465,0.0006647399971,0.17200526,-0.12933526,-0.01394656987,-0.01474158048,-0.01673154031,-0.008942548694,-0.01200128298,-0.01663891628,-0.007479146065,-4664091.598,-0.8246631866,-1909571.239,-21.38581809,-10.83254297,0.003148198759,3.613908632e-05,0.0007848524068,0.0002525049084,0.4020150487,1.359158499,0
212.8256513,0.0005033523681,0.1721666476,-0.1294966476,-0.01396418861,-0.01475997643,-0.0167524184,-0.008953709664,-0.01201646097,-0.01665967887,-0.007500759515,-4669911.563,-0.8256977227,-1911954.047,-21.41251138,-10.84607085,0.003148137286,3.200918703e-05,0.0007838223123,0.0002570072479,0.4020161717,1.360836474,0
214.0280561,0.0003782894011,0.1722917106,-0.1296217106,-0.01397784177,-0.01477423187,-0.01676859731,-0.008962358556,-0.01202822275,-0.01667576828,-0.007517508272,-4674421.587,-0.8264994084,-1913800.54,-21.43319662,-10.85655391,0.00314808965,2.84224191e-05,0.0007829169927,0.0002609174757,0.4020171586,1.362136775,0
215.2304609,0.0002825801449,0.1723874199,-0.1297174199,-0.01398829038,-0.01478514139,-0.01678097884,-0.008968977453,-0.0120372239,-0.01668808132,-0.007530325904,-4677873.056,-0.8271129293,-1915213.64,-21.4490268,-10.86457648,0.003148053194,2.538848623e-05,0.0007821427333,0.000264225013,0.4020180027,1.363131881,0
216.4328657,0.0002100764015,0.1724599236,-0.1297899236,-0.01399620563,-0.01479340581,-0.01679035837,-0.008973991543,-0.01204404265,-0.01669740896,-0.007540035793,-4680487.688,-0.8275776969,-1916284.122,-21.46101882,-10.87065391,0.003148025577,2.288216091e-05,0.0007814967433,0.0002669573623,0.4020187069,1.363885715,0
217.6352705,0.0001555955188,0.1725144045,-0.1298444045,-0.01400215333,-0.01479961587,-0.01679740635,-0.008977759239,-0.0120491664,-0.01670441795,-0.007547332014,-4682452.379,-0.8279269333,-1917088.506,-21.47002988,-10.87522063,0.003148004826,2.085382014e-05,0.0007809693719,0.0002691686217,0.4020192819,1.364452162,0
218.8376754,0.0001149153803,0.1725550846,-0.1298850846,-0.01400659439,-0.01480425284,-0.01680266898,-0.008980572527,-0.01205299224,-0.01670965147,-0.007552780004,-4683919.388,-0.8281877034,-1917689.128,-21.47675832,-10.87863053,0.003147989331,1.924119874e-05,0.0007805468844,0.0002709266717,0.4020197425,1.36487512,0
220.0400802,8.468785481e-05,0.1725853121,-0.1299153121,-0.01400989434,-0.01480769836,-0.0168065794,-0.00898266295,-0.01205583504,-0.01671354025,-0.007556828152,-4685009.453,-0.8283814696,-1918135.422,-21.48175791,-10.88116427,0.003147977817,1.797812517e-05,0.0007802138367,0.000272303651,0.4020201055,1.365189401,0
221.242485,6.231023281e-05,0.1726076898,-0.1299376898,-0.01401233731,-0.0148102491,-0.0168094743,-0.008984210504,-0.01205793959,-0.01671641914,-0.007559825021,-4685816.436,-0.8285249159,-1918465.817,-21.48545914,-10.88304001,0.003147969293,1.700110734e-05,0.0007799548082,0.0002733687777,0.4020203879,1.365422065,0
222.4448898,4.579161548e-05,0.1726242084,-0.1299542084,-0.01401414065,-0.01481213199,-0.01681161125,-0.00898535287,-0.01205949311,-0.01671854427,-0.007562037237,-4686412.131,-0.8286308045,-1918709.706,-21.48819129,-10.88442464,0.003147963001,1.625320534e-05,0.0007797556135,0.0002741841266,0.4020206051,1.365593812,0
223.6472946,3.36228749e-05,0.1726363771,-0.1299663771,-0.01401546912,-0.01481351906,-0.01681318547,-0.008986194415,-0.01206063754,-0.01672010979,-0.007563666907,-4686850.96,-0.8287088092,-1918889.371,-21.49020399,-10.88544465,0.003147958366,1.568563169e-05,0.0007796038799,0.0002748028848,0.4020207705,1.365720333,0
224.8496994,2.467076748e-05,0.1726453292,-0.1299753292,-0.01401644642,-0.01481453947,-0.01681434357,-0.00898681351,-0.01206147946,-0.01672126148,-0.007564865796,-4687173.791,-0.8287661945,-1919021.545,-21.49168465,-10.88619504,0.003147954956,1.525793631e-05,0.0007794891832,0.0002752691504,0.4020208955,1.365813409,0
226.0521042,1.80936219e-05,0.1726519064,-0.1299819064,-0.01401716445,-0.01481528918,-0.01681519443,-0.008987268361,-0.01206209802,-0.01672210763,-0.007565746625,-4687410.976,-0.8288083557,-1919118.653,-21.4927725,-10.88674635,0.003147952451,1.493744641e-05,0.0007794030223,0.0002756185425,0.4020209895,1.365881793,0
227.254509,1.326556774e-05,0.1726567344,-0.1299867344,-0.01401769153,-0.01481583951,-0.01681581902,-0.008987602251,-0.01206255208,-0.01672272876,-0.00756639321,-4687585.086,-0.8288393048,-1919189.937,-21.49357106,-10.88715105,0.003147950612,1.4698419e-05,0.0007793386281,0.0002758791258,0.4020210597,1.365931991,0
228.4569138,9.723041446e-06,0.172660277,-0.129990277,-0.01401807827,-0.01481624331,-0.0168162773,-0.008987847239,-0.01206288525,-0.01672318451,-0.007566867634,-4687712.837,-0.8288620133,-1919242.241,-21.49415699,-10.88744799,0.003147949263,1.452082332e-05,0.0007792907039,0.0002760727373,0.4020211119,1.365968823,0
229.6593186,7.125129686e-06,0.1726628749,-0.1299928749,-0.01401836189,-0.01481653943,-0.01681661338,-0.008988026901,-0.01206312957,-0.01672351873,-0.007567215553,-4687806.523,-0.8288786665,-1919280.598,-21.49458668,-10.88766576,0.003147948273,1.438925087e-05,0.0007792551532,0.0002762161751,0.4020211507,1.365995834,0
230.8617234,5.220858575e-06,0.1726647791,-0.1299947791,-0.01401856978,-0.01481675649,-0.01681685973,-0.008988158593,-0.01206330866,-0.01672376372,-0.007567470578,-4687875.194,-0.8288908734,-1919308.713,-21.49490164,-10.88782538,0.003147947548,1.429200787e-05,0.0007792288497,0.0002763221876,0.4020211794,1.366015633,0
232.0641283,3.825336826e-06,0.1726661747,-0.1299961747,-0.01401872212,-0.01481691556,-0.01681704026,-0.008988255102,-0.01206343991,-0.01672394325,-0.00756765747,-4687925.52,-0.8288998191,-1919329.317,-21.49513246,-10.88794235,0.003147947016,1.422028372e-05,0.0007792094312,0.00027640038,0.4020212005,1.366030143,0
233.2665331,2.802651634e-06,0.1726671973,-0.1299971973,-0.01401883377,-0.01481703214,-0.01681717257,-0.008988325827,-0.01206353609,-0.01672407482,-0.007567794431,-4687962.4,-0.8289063747,-1919344.417,-21.49530161,-10.88802808,0.003147946627,1.416746452e-05,0.0007791951213,0.0002764579625,0.4020212161,1.366040776,0
234.4689379,2.053193991e-06,0.1726679468,-0.1299979468,-0.01401891559,-0.01481711756,-0.01681726952,-0.008988377657,-0.01206360657,-0.01672417124,-0.0075678948,-4687989.427,-0.828911179,-1919355.482,-21.49542557,-10.8880909,0.003147946341,1.412860731e-05,0.0007791845889,0.0002765003239,0.4020212276,1.366048568,0
235.6713427,1.504097507e-06,0.1726684959,-0.1299984959,-0.01401897554,-0.01481718015,-0.01681734055,-0.008988415631,-0.01206365821,-0.01672424188,-0.007567968337,-4688009.228,-0.8289146988,-1919363.589,-21.49551639,-10.88813692,0.003147946132,1.410004547e-05,0.0007791768445,0.0002765314615,0.4020212361,1.366054277,0
236.8737475,1.101924564e-06,0.1726688981,-0.1299988981,-0.01401901944,-0.01481722599,-0.01681739258,-0.008988443443,-0.01206369604,-0.01672429362,-0.007568022197,-4688023.732,-0.8289172768,-1919369.527,-21.49558291,-10.88817063,0.003147945979,1.407907097e-05,0.0007791711545,0.0002765543275,0.4020212423,1.366058458,0
238.0761523,8.073366285e-07,0.1726691927,-0.1299991927,-0.0140190516,-0.01481725957,-0.01681743069,-0.008988463816,-0.01206372374,-0.01672433152,-0.007568061649,-4688034.355,-0.8289191652,-1919373.877,-21.49563163,-10.88819533,0.003147945867,1.40636794e-05,0.000779166978,0.0002765711071,0.4020212468,1.366061521,0
239.2785571,5.914845312e-07,0.1726694085,-0.1299994085,-0.01401907517,-0.01481728418,-0.01681745862,-0.008988478743,-0.01206374404,-0.01672435929,-0.007568090556,-4688042.139,-0.8289205489,-1919377.064,-21.49566733,-10.88821342,0.003147945785,1.405238706e-05,0.0007791639136,0.0002765834178,0.4020212502,1.366063766,0
240.4809619,4.33306943e-07,0.1726695667,-0.1299995667,-0.01401909243,-0.01481730221,-0.01681747908,-0.008988489682,-0.01206375892,-0.01672437964,-0.00756811174,-4688047.843,-0.8289215628,-1919379.399,-21.49569349,-10.88822668,0.003147945724,1.404410216e-05,0.000779161665,0.0002765924498,0.4020212526,1.36606541,0
241.6833667,3.17424779e-07,0.1726696826,-0.1299996826,-0.01401910508,-0.01481731542,-0.01681749407,-0.008988497696,-0.01206376982,-0.01672439455,-0.007568127259,-4688052.022,-0.8289223057,-1919381.11,-21.49571266,-10.88823639,0.00314794568,1.40380256e-05,0.0007791600154,0.0002765990744,0.4020212544,1.366066615,0
242.8857715,2.325490382e-07,0.1726697675,-0.1299997675,-0.01401911435,-0.01481732509,-0.01681750505,-0.008988503566,-0.0120637778,-0.01672440547,-0.007568138626,-4688055.083,-0.8289228498,-1919382.363,-21.4957267,-10.88824351,0.003147945648,1.40335713e-05,0.0007791588059,0.0002766039304,0.4020212557,1.366067497,0
244.0881764,1.704738385e-07,0.1726698295,-0.1299998295,-0.01401912113,-0.01481733217,-0.01681751308,-0.008988507859,-0.01206378364,-0.01672441345,-0.007568146939,-4688057.322,-0.8289232477,-1919383.28,-21.49573697,-10.88824871,0.003147945624,1.40303116e-05,0.0007791579208,0.000276607484,0.4020212567,1.366068143,0
245.2905812,1.250571423e-07,0.1726698749,-0.1299998749,-0.01401912609,-0.01481733734,-0.01681751896,-0.008988511,-0.01206378791,-0.01672441929,-0.007568153021,-4688058.959,-0.8289235388,-1919383.95,-21.49574448,-10.88825252,0.003147945607,1.40279259e-05,0.0007791572729,0.0002766100849,0.4020212574,1.366068615,0
246.492986,9.178850034e-08,0.1726699082,-0.1299999082,-0.01401912972,-0.01481734114,-0.01681752326,-0.008988513301,-0.01206379104,-0.01672442357,-0.007568157477,-4688060.159,-0.8289237521,-1919384.441,-21.49574998,-10.88825531,0.003147945594,1.402617835e-05,0.0007791567987,0.00027661199,0.4020212579,1.366068961,0
247.6953908,6.7384482e-08,0.1726699326,-0.1299999326,-0.01401913238,-0.01481734392,-0.01681752642,-0.008988514988,-0.01206379333,-0.01672442671,-0.007568160745,-4688061.039,-0.8289239085,-1919384.802,-21.49575402,-10.88825735,0.003147945585,1.402489618e-05,0.0007791564503,0.0002766133878,0.4020212583,1.366069215,0
248.8977956,4.94570068e-08,0.1726699505,-0.1299999505,-0.01401913434,-0.01481734596,-0.01681752874,-0.008988516228,-0.01206379502,-0.01672442902,-0.007568163146,-4688061.686,-0.8289240234,-1919385.066,-21.49575698,-10.88825886,0.003147945578,1.402395405e-05,0.0007791561948,0.0002766144149,0.4020212586,1.366069401,0
250.1002004,3.627807105e-08,0.1726699637,-0.1299999637,-0.01401913578,-0.01481734746,-0.01681753044,-0.00898851714,-0.01206379626,-0.01672443072,-0.007568164911,-4688062.161,-0.8289241079,-1919385.261,-21.49575916,-10.88825996,0.003147945573,1.402326118e-05,0.0007791560066,0.0002766151703,0.4020212588,1.366069538,0
251.3026052,2.66060375e-08,0.1726699734,-0.1299999734,-0.01401913683,-0.01481734857,-0.01681753169,-0.008988517808,-0.01206379717,-0.01672443196,-0.007568166206,-4688062.51,-0.8289241699,-1919385.404,-21.49576076,-10.88826077,0.003147945569,1.402275249e-05,0.0007791558676,0.0002766157248,0.4020212589,1.366069639,0
252.50501,1.953886762e-08,0.1726699805,-0.1299999805,-0.0140191376,-0.01481734937,-0.01681753261,-0.008988518297,-0.01206379783,-0.01672443287,-0.007568167153,-4688062.765,-0.8289242152,-1919385.508,-21.49576193,-10.88826136,0.003147945567,1.402238079e-05,0.000779155768,0.0002766161301,0.402021259,1.366069712,0
253.7074148,1.442781999e-08,0.1726699856,-0.1299999856,-0.01401913816,-0.01481734995,-0.01681753327,-0.008988518651,-0.01206379831,-0.01672443353,-0.007568167837,-4688062.949,-0.828924248,-1919385.584,-21.49576278,-10.88826179,0.003147945565,1.402211196e-05,0.0007791556945,0.0002766164231,0.4020212591,1.366069765,0
254.9098196,1.068132566e-08,0.1726699893,-0.1299999893,-0.01401913857,-0.01481735038,-0.01681753375,-0.00898851891,-0.01206379866,-0.01672443401,-0.007568168339,-4688063.084,-0.828924272,-1919385.639,-21.4957634,-10.88826211,0.003147945563,1.402191505e-05,0.0007791556405,0.0002766166378,0.4020212592,1.366069804,0
256.1122244,7.984507046e-09,0.172669992,-0.129999992,-0.01401913887,-0.01481735069,-0.0168175341,-0.008988519096,-0.01206379892,-0.01672443436,-0.0075681687,-4688063.181,-0.8289242893,-1919385.679,-21.49576384,-10.88826233,0.003147945562,1.402177337e-05,0.0007791556017,0.0002766167923,0.4020212592,1.366069832,0
257.3146293,5.953285505e-09,0.172669994,-0.129999994,-0.01401913909,-0.01481735092,-0.01681753436,-0.008988519237,-0.01206379911,-0.01672443462,-0.007568168972,-4688063.254,-0.8289243023,-1919385.709,-21.49576418,-10.8882625,0.003147945562,1.402166666e-05,0.0007791555731,0.0002766169086,0.4020212592,1.366069853,0
258.5170341,4.453071685e-09,0.1726699955,-0.1299999955,-0.01401913925,-0.01481735109,-0.01681753456,-0.00898851934,-0.01206379925,-0.01672443481,-0.007568169173,-4688063.309,-0.8289243119,-1919385.731,-21.49576443,-10.88826263,0.003147945561,1.402158784e-05,0.000779155552,0.0002766169945,0.4020212593,1.366069869,0
259.7194389,3.296479014e-09,0.1726699967,-0.1299999967,-0.01401913938,-0.01481735122,-0.01681753471,-0.00898851942,-0.01206379936,-0.01672443496,-0.007568169328,-4688063.35,-0.8289243193,-1919385.748,-21.49576462,-10.88826272,0.003147945561,1.402152698e-05,0.0007791555357,0.0002766170609,0.4020212593,1.366069881,0
260.9218437,2.426792437e-09,0.1726699976,-0.1299999976,-0.01401913947,-0.01481735132,-0.01681753482,-0.008988519481,-0.01206379944,-0.01672443507,-0.007568169444,-4688063.382,-0.8289243249,-1919385.761,-21.49576476,-10.8882628,0.00314794556,1.402148118e-05,0.0007791555233,0.0002766171108,0.4020212593,1.36606989,0
262.1242485,1.774076218e-09,0.1726699982,-0.1299999982,-0.01401913954,-0.0148173514,-0.0168175349,-0.008988519526,-0.0120637995,-0.01672443516,-0.007568169532,-4688063.405,-0.8289243291,-1919385.77,-21.49576487,-10.88826285,0.00314794556,1.402144678e-05,0.0007791555137,0.0002766171483,0.4020212593,1.366069897,0
263.3266533,1.296179475e-09,0.1726699987,-0.1299999987,-0.0140191396,-0.01481735145,-0.01681753497,-0.008988519559,-0.01206379955,-0.01672443522,-0.007568169596,-4688063.422,-0.8289243321,-1919385.777,-21.49576495,-10.88826289,0.00314794556,1.402142161e-05,0.0007791555068,0.0002766171758,0.4020212593,1.366069902,0
264.5290581,9.598139076e-10,0.172669999,-0.129999999,-0.01401913963,-0.01481735149,-0.01681753501,-0.008988519582,-0.01206379958,-0.01672443526,-0.007568169641,-4688063.435,-0.8289243343,-1919385.782,-21.495765,-10.88826292,0.00314794556,1.402140392e-05,0.0007791555019,0.000276617195,0.4020212593,1.366069905,0
265.7314629,7.157110883e-10,0.1726699993,-0.1299999993,-0.01401913966,-0.01481735152,-0.01681753504,-0.008988519599,-0.0120637996,-0.01672443529,-0.007568169673,-4688063.443,-0.8289243359,-1919385.786,-21.49576504,-10.88826294,0.00314794556,1.402139111e-05,0.0007791554984,0.000276617209,0.4020212593,1.366069908,0
266.9338677,6.326975616e-10,0.1726699994,-0.1299999994,-0.01401913967,-0.01481735153,-0.01681753505,-0.008988519605,-0.01206379961,-0.0167244353,-0.007568169685,-4688063.446,-0.8289243364,-1919385.787,-21.49576506,-10.88826295,0.003147945559,1.402138689e-05,0.0007791554973,0.0002766172136,0.4020212593,1.366069909,0
268.1362725,6.217219237e-10,0.1726699994,-0.1299999994,-0.01401913967,-0.01481735153,-0.01681753505,-0.008988519605,-0.01206379961,-0.0167244353,-0.007568169686,-4688063.447,-0.8289243365,-1919385.787,-21.49576506,-10.88826295,0.003147945559,1.402138649e-05,0.0007791554972,0.000276617214,0.4020212593,1.366069909,0
269.3386774,5.937018412e-10,0.1726699994,-0.1299999994,-0.01401913967,-0.01481735153,-0.01681753506,-0.008988519607,-0.01206379961,-0.01672443531,-0.00756816969,-4688063.448,-0.8289243367,-1919385.788,-21.49576506,-10.88826295,0.003147945559,1.402138509e-05,0.0007791554969,0.0002766172156,0.4020212593,1.366069909,0
270.5410822,5.696606905e-10,0.1726699994,-0.1299999994,-0.01401913968,-0.01481735153,-0.01681753506,-0.008988519609,-0.01206379962,-0.01672443531,-0.007568169693,-4688063.449,-0.8289243368,-1919385.788,-21.49576507,-10.88826295,0.003147945559,1.402138384e-05,0.0007791554967,0.0002766172169,0.4020212593,1.366069909,0
271.743487,6.332349142e-10,0.1726699994,-0.1299999994,-0.01401913967,-0.01481735153,-0.01681753505,-0.008988519605,-0.01206379961,-0.0167244353,-0.007568169684,-4688063.446,-0.8289243364,-1919385.787,-21.49576506,-10.88826295,0.003147945559,1.402138729e-05,0.0007791554978,0.0002766172132,0.4020212593,1.366069909,0
272.9458918,6.531824315e-10,0.1726699993,-0.1299999993,-0.01401913967,-0.01481735152,-0.01681753505,-0.008988519603,-0.01206379961,-0.0167244353,-0.007568169682,-4688063.446,-0.8289243363,-1919385.787,-21.49576506,-10.88826295,0.003147945559,1.402138836e-05,0.0007791554981,0.000276617212,0.4020212593,1.366069909,0
274.1482966,5.652735212e-10,0.1726699994,-0.1299999994,-0.01401913968,-0.01481735153,-0.01681753506,-0.008988519609,-0.01206379962,-0.01672443531,-0.007568169694,-4688063.449,-0.8289243368,-1919385.788,-21.49576507,-10.88826295,0.003147945559,1.402138361e-05,0.0007791554967,0.0002766172172,0.4020212593,1.366069909,0
275.3507014,5.281817192e-10,0.1726699995,-0.1299999995,-0.01401913968,-0.01481735154,-0.01681753507,-0.008988519612,-0.01206379962,-0.01672443532,-0.007568169699,-4688063.45,-0.8289243371,-1919385.789,-21.49576508,-10.88826296,0.003147945559,1.402138156e-05,0.0007791554961,0.0002766172194,0.4020212593,1.36606991,0
276.5531062,4.630396911e-10,0.1726699995,-0.1299999995,-0.01401913969,-0.01481735155,-0.01681753507,-0.008988519616,-0.01206379963,-0.01672443532,-0.007568169707,-4688063.452,-0.8289243375,-1919385.79,-21.49576509,-10.88826296,0.003147945559,1.402137802e-05,0.0007791554951,0.0002766172233,0.4020212593,1.366069911,0
277.755511,3.73334717e-10,0.1726699996,-0.1299999996,-0.0140191397,-0.01481735156,-0.01681753509,-0.008988519623,-0.01206379963,-0.01672443534,-0.007568169719,-4688063.456,-0.8289243381,-1919385.791,-21.4957651,-10.88826297,0.003147945559,1.402137321e-05,0.0007791554937,0.0002766172285,0.4020212593,1.366069911,0
278.9579158,2.683564434e-10,0.1726699997,-0.1299999997,-0.01401913971,-0.01481735157,-0.0168175351,-0.00898851963,-0.01206379964,-0.01672443535,-0.007568169733,-4688063.459,-0.8289243387,-1919385.793,-21.49576512,-10.88826298,0.003147945559,1.40213676e-05,0.0007791554921,0.0002766172346,0.4020212593,1.366069913,0
280.1603206,1.632769455e-10,0.1726699998,-0.1299999998,-0.01401913972,-0.01481735158,-0.01681753511,-0.008988519637,-0.01206379965,-0.01672443536,-0.007568169747,-4688063.463,-0.8289243394,-1919385.794,-21.49576514,-10.88826299,0.003147945559,1.402136198e-05,0.0007791554905,0.0002766172408,0.4020212593,1.366069914,0
281.3627255,7.926298376e-11,0.1726699999,-0.1299999999,-0.01401913973,-0.01481735159,-0.01681753512,-0.008988519643,-0.01206379966,-0.01672443537,-0.007568169759,-4688063.466,-0.8289243399,-1919385.795,-21.49576515,-10.88826299,0.003147945559,1.402135751e-05,0.0007791554893,0.0002766172456,0.4020212593,1.366069914,0
282.5651303,3.497963758e-11,0.17267,-0.13,-0.01401913973,-0.01481735159,-0.01681753513,-0.008988519646,-0.01206379967,-0.01672443538,-0.007568169765,-4688063.468,-0.8289243402,-1919385.796,-21.49576516,-10.888263,0.003147945559,1.402135521e-05,0.0007791554888,0.0002766172481,0.4020212593,1.366069915,0
283.7675351,-8.469394295e-12,0.17267,-0.13,-0.01401913974,-0.0148173516,-0.01681753513,-0.008988519649,-0.01206379967,-0.01672443538,-0.00756816977,-4688063.469,-0.8289243405,-1919385.797,-21.49576516,-10.888263,0.003147945559,1.402135296e-05,0.0007791554882,0.0002766172506,0.4020212593,1.366069915,0
284.9699399,-2.850600211e-11,0.17267,-0.13,-0.01401913974,-0.0148173516,-0.01681753514,-0.00898851965,-0.01206379967,-0.01672443539,-0.007568169773,-4688063.47,-0.8289243406,-1919385.797,-21.49576517,-10.888263,0.003147945559,1.402135195e-05,0.0007791554879,0.0002766172517,0.4020212593,1.366069916,0
286.1723447,-2.907427029e-11,0.17267,-0.13,-0.01401913974,-0.0148173516,-0.01681753514,-0.00898851965,-0.01206379967,-0.01672443539,-0.007568169773,-4688063.47,-0.8289243406,-1919385.797,-21.49576517,-10.888263,0.003147945559,1.402135196e-05,0.0007791554879,0.0002766172517,0.4020212593,1.366069916,0
287.3747495,-9.613453763e-12,0.17267,-0.13,-0.01401913974,-0.0148173516,-0.01681753513,-0.008988519649,-0.01206379967,-0.01672443538,-0.007568169771,-4688063.47,-0.8289243405,-1919385.797,-21.49576516,-10.888263,0.003147945559,1.402135303e-05,0.0007791554882,0.0002766172505,0.4020212593,1.366069915,0
288.5771543,2.132468171e-11,0.17267,-0.13,-0.01401913974,-0.0148173516,-0.01681753513,-0.008988519647,-0.01206379967,-0.01672443538,-0.007568169766,-4688063.468,-0.8289243403,-1919385.796,-21.49576516,-10.888263,0.003147945559,1.402135471e-05,0.0007791554887,0.0002766172487,0.4020212593,1.366069915,0
289.7795591,4.547273024e-11,0.17267,-0.13,-0.01401913973,-0.01481735159,-0.01681753513,-0.008988519645,-0.01206379966,-0.01672443538,-0.007568169763,-4688063.468,-0.8289243402,-1919385.796,-21.49576516,-10.888263,0.003147945559,1.4021356e-05,0.0007791554891,0.0002766172473,0.4020212593,1.366069915,0
290.9819639,6.45466709e-11,0.1726699999,-0.1299999999,-0.01401913973,-0.01481735159,-0.01681753512,-0.008988519644,-0.01206379966,-0.01672443538,-0.007568169761,-4688063.467,-0.82892434,-1919385.796,-21.49576515,-10.888263,0.003147945559,1.402135699e-05,0.0007791554893,0.0002766172462,0.4020212593,1.366069915,0
292.1843687,1.325328121e-10,0.1726699999,-0.1299999999,-0.01401913972,-0.01481735158,-0.01681753512,-0.008988519639,-0.01206379966,-0.01672443537,-0.007568169752,-4688063.464,-0.8289243396,-1919385.795,-21.49576514,-10.88826299,0.003147945559,1.402136059e-05,0.0007791554903,0.0002766172423,0.4020212593,1.366069914,0
293.3867735,1.983866448e-10,0.1726699998,-0.1299999998,-0.01401913972,-0.01481735158,-0.01681753511,-0.008988519635,-0.01206379965,-0.01672443536,-0.007568169743,-4688063.462,-0.8289243392,-1919385.794,-21.49576513,-10.88826298,0.003147945559,1.402136406e-05,0.0007791554912,0.0002766172385,0.4020212593,1.366069913,0
294.5891784,2.481297129e-10,0.1726699998,-0.1299999998,-0.01401913971,-0.01481735157,-0.0168175351,-0.008988519631,-0.01206379965,-0.01672443535,-0.007568169736,-4688063.46,-0.8289243389,-1919385.793,-21.49576512,-10.88826298,0.003147945559,1.402136667e-05,0.0007791554919,0.0002766172356,0.4020212593,1.366069913,0
295.7915832,2.639235018e-10,0.1726699997,-0.1299999997,-0.01401913971,-0.01481735157,-0.0168175351,-0.00898851963,-0.01206379964,-0.01672443535,-0.007568169734,-4688063.46,-0.8289243388,-1919385.793,-21.49576512,-10.88826298,0.003147945559,1.402136748e-05,0.0007791554921,0.0002766172348,0.4020212593,1.366069913,0
296.993988,2.295629356e-10,0.1726699998,-0.1299999998,-0.01401913971,-0.01481735157,-0.0168175351,-0.008988519632,-0.01206379965,-0.01672443535,-0.007568169739,-4688063.461,-0.828924339,-1919385.793,-21.49576513,-10.88826298,0.003147945559,1.402136564e-05,0.0007791554916,0.0002766172368,0.4020212593,1.366069913,0
298.1963928,2.356007308e-10,0.1726699998,-0.1299999998,-0.01401913971,-0.01481735157,-0.0168175351,-0.008988519632,-0.01206379965,-0.01672443535,-0.007568169738,-4688063.461,-0.8289243389,-1919385.793,-21.49576512,-10.88826298,0.003147945559,1.402136591e-05,0.0007791554917,0.0002766172365,0.4020212593,1.366069913,0
299.3987976,2.281458484e-10,0.1726699998,-0.1299999998,-0.01401913971,-0.01481735157,-0.0168175351,-0.008988519633,-0.01206379965,-0.01672443535,-0.007568169739,-4688063.461,-0.828924339,-1919385.793,-21.49576513,-10.88826298,0.003147945559,1.402136547e-05,0.0007791554915,0.000276617237,0.4020212593,1.366069913,0
300.6012024,2.076857562e-10,0.1726699998,-0.1299999998,-0.01401913972,-0.01481735157,-0.01681753511,-0.008988519634,-0.01206379965,-0.01672443536,-0.007568169741,-4688063.462,-0.8289243391,-1919385.793,-21.49576513,-10.88826298,0.003147945559,1.402136435e-05,0.0007791554912,0.0002766172382,0.4020212593,1.366069913,0
301.8036072,1.76218956e-10,0.1726699998,-0.1299999998,-0.01401913972,-0.01481735158,-0.01681753511,-0.008988519636,-0.01206379965,-0.01672443536,-0.007568169746,-4688063.463,-0.8289243393,-1919385.794,-21.49576513,-10.88826299,0.003147945559,1.402136267e-05,0.0007791554908,0.00027661724,0.4020212593,1.366069913,0
303.006012,1.374733501e-10,0.1726699999,-0.1299999999,-0.01401913972,-0.01481735158,-0.01681753512,-0.008988519639,-0.01206379966,-0.01672443537,-0.007568169751,-4688063.464,-0.8289243396,-1919385.795,-21.49576514,-10.88826299,0.003147945559,1.402136065e-05,0.0007791554903,0.0002766172422,0.4020212593,1.366069914,0
304.2084168,8.776129498e-11,0.1726699999,-0.1299999999,-0.01401913973,-0.01481735159,-0.01681753512,-0.008988519642,-0.01206379966,-0.01672443537,-0.007568169758,-4688063.466,-0.8289243399,-1919385.795,-21.49576515,-10.88826299,0.003147945559,1.402135802e-05,0.0007791554896,0.0002766172451,0.4020212593,1.366069914,0
305.4108216,3.427779674e-11,0.17267,-0.13,-0.01401913973,-0.01481735159,-0.01681753513,-0.008988519646,-0.01206379967,-0.01672443538,-0.007568169765,-4688063.468,-0.8289243402,-1919385.796,-21.49576516,-10.888263,0.003147945559,1.40213552e-05,0.0007791554888,0.0002766172481,0.4020212593,1.366069915,0
306.6132265,-1.498329046e-11,0.17267,-0.13,-0.01401913974,-0.0148173516,-0.01681753514,-0.008988519649,-0.01206379967,-0.01672443539,-0.007568169771,-4688063.47,-0.8289243406,-1919385.797,-21.49576517,-10.888263,0.003147945559,1.402135261e-05,0.0007791554881,0.000276617251,0.4020212593,1.366069915,0
307.8156313,-5.125026198e-11,0.1726700001,-0.1300000001,-0.01401913974,-0.0148173516,-0.01681753514,-0.008988519652,-0.01206379967,-0.01672443539,-0.007568169776,-4688063.471,-0.8289243408,-1919385.797,-21.49576517,-10.88826301,0.003147945559,1.402135072e-05,0.0007791554876,0.000276617253,0.4020212593,1.366069916,0
309.0180361,-6.364830587e-11,0.1726700001,-0.1300000001,-0.01401913974,-0.01481735161,-0.01681753514,-0.008988519653,-0.01206379968,-0.01672443539,-0.007568169778,-4688063.471,-0.8289243409,-1919385.797,-21.49576517,-10.88826301,0.003147945559,1.402135009e-05,0.0007791554874,0.0002766172537,0.4020212593,1.366069916,0
310.2204409,-7.323580009e-11,0.1726700001,-0.1300000001,-0.01401913975,-0.01481735161,-0.01681753514,-0.008988519653,-0.01206379968,-0.01672443539,-0.007568169779,-4688063.472,-0.8289243409,-1919385.798,-21.49576518,-10.88826301,0.003147945559,1.402134961e-05,0.0007791554873,0.0002766172542,0.4020212593,1.366069916,0
311.4228457,-8.792616348e-11,0.1726700001,-0.1300000001,-0.01401913975,-0.01481735161,-0.01681753514,-0.008988519654,-0.01206379968,-0.01672443539,-0.007568169781,-4688063.472,-0.828924341,-1919385.798,-21.49576518,-10.88826301,0.003147945559,1.402134887e-05,0.0007791554871,0.000276617255,0.4020212593,1.366069916,0
312.6252505,-9.31495177e-11,0.1726700001,-0.1300000001,-0.01401913975,-0.01481735161,-0.01681753515,-0.008988519655,-0.01206379968,-0.0167244354,-0.007568169782,-4688063.473,-0.8289243411,-1919385.798,-21.49576518,-10.88826301,0.003147945559,1.402134862e-05,0.000779155487,0.0002766172553,0.4020212593,1.366069916,0
313.8276553,-8.890636067e-11,0.1726700001,-0.1300000001,-0.01401913975,-0.01481735161,-0.01681753514,-0.008988519655,-0.01206379968,-0.01672443539,-0.007568169781,-4688063.472,-0.828924341,-1919385.798,-21.49576518,-10.88826301,0.003147945559,1.402134887e-05,0.0007791554871,0.0002766172551,0.4020212593,1.366069916,0
315.0300601,-7.605661516e-11,0.1726700001,-0.1300000001,-0.01401913975,-0.01481735161,-0.01681753514,-0.008988519654,-0.01206379968,-0.01672443539,-0.007568169779,-4688063.472,-0.8289243409,-1919385.798,-21.49576518,-10.88826301,0.003147945559,1.402134955e-05,0.0007791554873,0.0002766172543,0.4020212593,1.366069916,0
316.2324649,-5.580960915e-11,0.1726700001,-0.1300000001,-0.01401913974,-0.0148173516,-0.01681753514,-0.008988519652,-0.01206379967,-0.01672443539,-0.007568169777,-4688063.471,-0.8289243408,-1919385.797,-21.49576517,-10.88826301,0.003147945559,1.402135061e-05,0.0007791554875,0.0002766172532,0.4020212593,1.366069916,0
317.4348697,-2.98684403e-11,0.17267,-0.13,-0.01401913974,-0.0148173516,-0.01681753514,-0.00898851965,-0.01206379967,-0.01672443539,-0.007568169773,-4688063.47,-0.8289243406,-1919385.797,-21.49576517,-10.888263,0.003147945559,1.402135198e-05,0.0007791554879,0.0002766172517,0.4020212593,1.366069916,0
318.6372745,-2.526300793e-12,0.17267,-0.13,-0.01401913974,-0.0148173516,-0.01681753513,-0.008988519649,-0.01206379967,-0.01672443538,-0.00756816977,-4688063.469,-0.8289243405,-1919385.797,-21.49576516,-10.888263,0.003147945559,1.402135342e-05,0.0007791554883,0.0002766172501,0.4020212593,1.366069915,0
319.8396794,2.129485319e-11,0.17267,-0.13,-0.01401913974,-0.0148173516,-0.01681753513,-0.008988519647,-0.01206379967,-0.01672443538,-0.007568169766,-4688063.468,-0.8289243403,-1919385.796,-21.49576516,-10.888263,0.003147945559,1.402135467e-05,0.0007791554886,0.0002766172487,0.4020212593,1.366069915,0
321.0420842,3.53034027e-11,0.17267,-0.13,-0.01401913973,-0.01481735159,-0.01681753513,-0.008988519646,-0.01206379967,-0.01672443538,-0.007568169765,-4688063.468,-0.8289243402,-1919385.796,-21.49576516,-10.888263,0.003147945559,1.402135539e-05,0.0007791554888,0.0002766172479,0.4020212593,1.366069915,0
322.244489,3.699245245e-11,0.17267,-0.13,-0.01401913973,-0.01481735159,-0.01681753513,-0.008988519646,-0.01206379967,-0.01672443538,-0.007568169764,-4688063.468,-0.8289243402,-1919385.796,-21.49576516,-10.888263,0.003147945559,1.402135547e-05,0.0007791554889,0.0002766172479,0.4020212593,1.366069915,0
323.4468938,5.031794284e-11,0.1726699999,-0.1299999999,-0.01401913973,-0.01481735159,-0.01681753513,-0.008988519645,-0.01206379966,-0.01672443538,-0.007568169763,-4688063.467,-0.8289243401,-1919385.796,-21.49576515,-10.888263,0.003147945559,1.402135615e-05,0.0007791554891,0.0002766172471,0.4020212593,1.366069915,0
324.6492986,5.864070143e-11,0.1726699999,-0.1299999999,-0.01401913973,-0.01481735159,-0.01681753513,-0.008988519644,-0.01206379966,-0.01672443538,-0.007568169761,-4688063.467,-0.8289243401,-1919385.796,-21.49576515,-10.888263,0.003147945559,1.402135657e-05,0.0007791554892,0.0002766172466,0.4020212593,1.366069915,0
325.8517034,6.106237458e-11,0.1726699999,-0.1299999999,-0.01401913973,-0.01481735159,-0.01681753513,-0.008988519644,-0.01206379966,-0.01672443538,-0.007568169761,-4688063.467,-0.8289243401,-1919385.796,-21.49576515,-10.888263,0.003147945559,1.402135669e-05,0.0007791554892,0.0002766172465,0.4020212593,1.366069915,0
327.0541082,5.70075639e-11,0.1726699999,-0.1299999999,-0.01401913973,-0.01481735159,-0.01681753513,-0.008988519644,-0.01206379966,-0.01672443538,-0.007568169762,-4688063.467,-0.8289243401,-1919385.796,-21.49576515,-10.888263,0.003147945559,1.402135647e-05,0.0007791554891,0.0002766172468,0.4020212593,1.366069915,0
328.256513,4.628769392e-11,0.17267,-0.13,-0.01401913973,-0.01481735159,-0.01681753513,-0.008988519645,-0.01206379966,-0.01672443538,-0.007568169763,-4688063.467,-0.8289243402,-1919385.796,-21.49576516,-10.888263,0.003147945559,1.402135591e-05,0.000779155489,0.0002766172474,0.4020212593,1.366069915,0
329.4589178,3.300703126e-11,0.17267,-0.13,-0.01401913973,-0.01481735159,-0.01681753513,-0.008988519646,-0.01206379967,-0.01672443538,-0.007568169765,-4688063.468,-0.8289243402,-1919385.796,-21.49576516,-10.888263,0.003147945559,1.402135518e-05,0.0007791554888,0.0002766172482,0.4020212593,1.366069915,0
330.6613226,1.615192868e-11,0.17267,-0.13,-0.01401913974,-0.0148173516,-0.01681753513,-0.008988519647,-0.01206379967,-0.01672443538,-0.007568169767,-4688063.469,-0.8289243404,-1919385.796,-21.49576516,-10.888263,0.003147945559,1.402135427e-05,0.0007791554885,0.0002766172492,0.4020212593,1.366069915,0
331.8637275,-2.715473963e-12,0.17267,-0.13,-0.01401913974,-0.0148173516,-0.01681753513,-0.008988519649,-0.01206379967,-0.01672443538,-0.00756816977,-4688063.469,-0.8289243405,-1919385.797,-21.49576516,-10.888263,0.003147945559,1.402135325e-05,0.0007791554883,0.0002766172503,0.4020212593,1.366069915,0
333.0661323,-2.136495936e-11,0.17267,-0.13,-0.01401913974,-0.0148173516,-0.01681753514,-0.00898851965,-0.01206379967,-0.01672443539,-0.007568169772,-4688063.47,-0.8289243406,-1919385.797,-21.49576517,-10.888263,0.003147945559,1.402135225e-05,0.000779155488,0.0002766172514,0.4020212593,1.366069916,0
334.2685371,-3.701703873e-11,0.17267,-0.13,-0.01401913974,-0.0148173516,-0.01681753514,-0.008988519651,-0.01206379967,-0.01672443539,-0.007568169774,-4688063.471,-0.8289243407,-1919385.797,-21.49576517,-10.888263,0.003147945559,1.402135141e-05,0.0007791554878,0.0002766172523,0.4020212593,1.366069916,0
335.4709419,-4.634295188e-11,0.17267,-0.13,-0.01401913974,-0.0148173516,-0.01681753514,-0.008988519652,-0.01206379967,-0.01672443539,-0.007568169775,-4688063.471,-0.8289243408,-1919385.797,-21.49576517,-10.888263,0.003147945559,1.402135093e-05,0.0007791554876,0.0002766172528,0.4020212593,1.366069916,0
336.6733467,-4.546466714e-11,0.17267,-0.13,-0.01401913974,-0.0148173516,-0.01681753514,-0.008988519652,-0.01206379967,-0.01672443539,-0.007568169775,-4688063.471,-0.8289243407,-1919385.797,-21.49576517,-10.888263,0.003147945559,1.4021351e-05,0.0007791554877,0.0002766172527,0.4020212593,1.366069916,0
337.8757515,-5.440164392e-11,0.1726700001,-0.1300000001,-0.01401913974,-0.0148173516,-0.01681753514,-0.008988519652,-0.01206379967,-0.01672443539,-0.007568169777,-4688063.471,-0.8289243408,-1919385.797,-21.49576517,-10.88826301,0.003147945559,1.402135055e-05,0.0007791554875,0.0002766172532,0.4020212593,1.366069916,0
339.0781563,-7.34767548e-11,0.1726700001,-0.1300000001,-0.01401913975,-0.01481735161,-0.01681753514,-0.008988519653,-0.01206379968,-0.01672443539,-0.007568169779,-4688063.472,-0.8289243409,-1919385.798,-21.49576518,-10.88826301,0.003147945559,1.402134954e-05,0.0007791554873,0.0002766172543,0.4020212593,1.366069916,0
340.2805611,-9.035845577e-11,0.1726700001,-0.1300000001,-0.01401913975,-0.01481735161,-0.01681753515,-0.008988519655,-0.01206379968,-0.0167244354,-0.007568169781,-4688063.472,-0.828924341,-1919385.798,-21.49576518,-10.88826301,0.003147945559,1.402134865e-05,0.000779155487,0.0002766172553,0.4020212593,1.366069916,0
341.4829659,-1.033608825e-10,0.1726700001,-0.1300000001,-0.01401913975,-0.01481735161,-0.01681753515,-0.008988519656,-0.01206379968,-0.0167244354,-0.007568169783,-4688063.473,-0.8289243411,-1919385.798,-21.49576518,-10.88826301,0.003147945559,1.402134796e-05,0.0007791554868,0.000276617256,0.4020212593,1.366069916,0
342.6853707,-1.10583329e-10,0.1726700001,-0.1300000001,-0.01401913975,-0.01481735161,-0.01681753515,-0.008988519656,-0.01206379968,-0.0167244354,-0.007568169784,-4688063.473,-0.8289243412,-1919385.798,-21.49576518,-10.88826301,0.003147945559,1.402134759e-05,0.0007791554867,0.0002766172564,0.4020212593,1.366069916,0
343.8877756,-1.099102477e-10,0.1726700001,-0.1300000001,-0.01401913975,-0.01481735161,-0.01681753515,-0.008988519656,-0.01206379968,-0.0167244354,-0.007568169784,-4688063.473,-0.8289243412,-1919385.798,-21.49576518,-10.88826301,0.003147945559,1.402134764e-05,0.0007791554867,0.0002766172564,0.4020212593,1.366069916,0
345.0901804,-9.901124927e-11,0.1726700001,-0.1300000001,-0.01401913975,-0.01481735161,-0.01681753515,-0.008988519655,-0.01206379968,-0.0167244354,-0.007568169783,-4688063.473,-0.8289243411,-1919385.798,-21.49576518,-10.88826301,0.003147945559,1.402134823e-05,0.0007791554869,0.0002766172557,0.4020212593,1.366069916,0
346.2925852,-8.392152763e-11,0.1726700001,-0.1300000001,-0.01401913975,-0.01481735161,-0.01681753514,-0.008988519654,-0.01206379968,-0.01672443539,-0.007568169781,-4688063.472,-0.828924341,-1919385.798,-21.49576518,-10.88826301,0.003147945559,1.402134904e-05,0.0007791554871,0.0002766172549,0.4020212593,1.366069916,0
347.49499,-8.155164444e-11,0.1726700001,-0.1300000001,-0.01401913975,-0.01481735161,-0.01681753514,-0.008988519654,-0.01206379968,-0.01672443539,-0.00756816978,-4688063.472,-0.828924341,-1919385.798,-21.49576518,-10.88826301,0.003147945559,1.402134918e-05,0.0007791554872,0.0002766172547,0.4020212593,1.366069916,0
348.6973948,-7.736807036e-11,0.1726700001,-0.1300000001,-0.01401913975,-0.01481735161,-0.01681753514,-0.008988519654,-0.01206379968,-0.01672443539,-0.00756816978,-4688063.472,-0.828924341,-1919385.798,-21.49576518,-10.88826301,0.003147945559,1.402134941e-05,0.0007791554872,0.0002766172545,0.4020212593,1.366069916,0
349.8997996,-7.149111807e-11,0.1726700001,-0.1300000001,-0.01401913975,-0.01481735161,-0.01681753514,-0.008988519653,-0.01206379968,-0.01672443539,-0.007568169779,-4688063.472,-0.8289243409,-1919385.798,-21.49576517,-10.88826301,0.003147945559,1.402134973e-05,0.0007791554873,0.0002766172541,0.4020212593,1.366069916,0
351.1022044,-6.408486135e-11,0.1726700001,-0.1300000001,-0.01401913974,-0.01481735161,-0.01681753514,-0.008988519653,-0.01206379968,-0.01672443539,-0.007568169778,-4688063.471,-0.8289243409,-1919385.797,-21.49576517,-10.88826301,0.003147945559,1.402135012e-05,0.0007791554874,0.0002766172537,0.4020212593,1.366069916,0
352.3046092,-5.535713501e-11,0.1726700001,-0.1300000001,-0.01401913974,-0.0148173516,-0.01681753514,-0.008988519652,-0.01206379967,-0.01672443539,-0.007568169777,-4688063.471,-0.8289243408,-1919385.797,-21.49576517,-10.88826301,0.003147945559,1.402135059e-05,0.0007791554875,0.0002766172532,0.4020212593,1.366069916,0
353.507014,-4.555953492e-11,0.17267,-0.13,-0.01401913974,-0.0148173516,-0.01681753514,-0.008988519652,-0.01206379967,-0.01672443539,-0.007568169775,-4688063.471,-0.8289243407,-1919385.797,-21.49576517,-10.888263,0.003147945559,1.402135111e-05,0.0007791554877,0.0002766172526,0.4020212593,1.366069916,0
354.7094188,-3.498741802e-11,0.17267,-0.13,-0.01401913974,-0.0148173516,-0.01681753514,-0.008988519651,-0.01206379967,-0.01672443539,-0.007568169774,-4688063.47,-0.8289243407,-1919385.797,-21.49576517,-10.888263,0.003147945559,1.402135166e-05,0.0007791554878,0.000276617252,0.4020212593,1.366069916,0
355.9118236,-2.469652828e-11,0.17267,-0.13,-0.01401913974,-0.0148173516,-0.01681753514,-0.00898851965,-0.01206379967,-0.01672443539,-0.007568169773,-4688063.47,-0.8289243406,-1919385.797,-21.49576517,-10.888263,0.003147945559,1.402135221e-05,0.000779155488,0.0002766172514,0.4020212593,1.366069916,0
357.1142285,-1.471352489e-11,0.17267,-0.13,-0.01401913974,-0.0148173516,-0.01681753514,-0.008988519649,-0.01206379967,-0.01672443539,-0.007568169771,-4688063.47,-0.8289243406,-1919385.797,-21.49576517,-10.888263,0.003147945559,1.402135274e-05,0.0007791554881,0.0002766172508,0.4020212593,1.366069915,0
358.3166333,-5.530903332e-12,0.17267,-0.13,-0.01401913974,-0.0148173516,-0.01681753513,-0.008988519649,-0.01206379967,-0.01672443538,-0.00756816977,-4688063.469,-0.8289243405,-1919385.797,-21.49576516,-10.888263,0.003147945559,1.402135322e-05,0.0007791554883,0.0002766172503,0.4020212593,1.366069915,0
359.5190381,2.302339814e-12,0.17267,-0.13,-0.01401913974,-0.0148173516,-0.01681753513,-0.008988519648,-0.01206379967,-0.01672443538,-0.007568169769,-4688063.469,-0.8289243404,-1919385.797,-21.49576516,-10.888263,0.003147945559,1.402135364e-05,0.0007791554884,0.0002766172499,0.4020212593,1.366069915,0
360.7214429,8.187614251e-12,0.17267,-0.13,-0.01401913974,-0.0148173516,-0.01681753513,-0.008988519648,-0.01206379967,-0.01672443538,-0.007568169768,-4688063.469,-0.8289243404,-1919385.796,-21.49576516,-10.888263,0.003147945559,1.402135394e-05,0.0007791554885,0.0002766172495,0.4020212593,1.366069915,0
361.9238477,1.147673596e-11,0.17267,-0.13,-0.01401913974,-0.0148173516,-0.01681753513,-0.008988519648,-0.01206379967,-0.01672443538,-0.007568169768,-4688063.469,-0.8289243404,-1919385.796,-21.49576516,-10.888263,0.003147945559,1.402135412e-05,0.0007791554885,0.0002766172493,0.4020212593,1.366069915,0
363.1262525,1.147192722e-11,0.17267,-0.13,-0.01401913974,-0.0148173516,-0.01681753513,-0.008988519648,-0.01206379967,-0.01672443538,-0.007568169768,-4688063.469,-0.8289243404,-1919385.796,-21.49576516,-10.888263,0.003147945559,1.402135411e-05,0.0007791554885,0.0002766172493,0.4020212593,1.366069915,0
364.3286573,1.265840432e-11,0.17267,-0.13,-0.01401913974,-0.0148173516,-0.01681753513,-0.008988519647,-0.01206379967,-0.01672443538,-0.007568169768,-4688063.469,-0.8289243404,-1919385.796,-21.49576516,-10.888263,0.003147945559,1.402135417e-05,0.0007791554885,0.0002766172493,0.4020212593,1.366069915,0
365.5310621,1.496665432e-11,0.17267,-0.13,-0.01401913974,-0.0148173516,-0.01681753513,-0.008988519647,-0.01206379967,-0.01672443538,-0.007568169767,-4688063.469,-0.8289243404,-1919385.796,-21.49576516,-10.888263,0.003147945559,1.402135429e-05,0.0007791554885,0.0002766172491,0.4020212593,1.366069915,0
366.7334669,1.630373484e-11,0.17267,-0.13,-0.01401913974,-0.0148173516,-0.01681753513,-0.008988519647,-0.01206379967,-0.01672443538,-0.007568169767,-4688063.469,-0.8289243404,-1919385.796,-21.49576516,-10.888263,0.003147945559,1.402135436e-05,0.0007791554886,0.0002766172491,0.4020212593,1.366069915,0
367.9358717,1.667287364e-11,0.17267,-0.13,-0.01401913974,-0.0148173516,-0.01681753513,-0.008988519647,-0.01206379967,-0.01672443538,-0.007568169767,-4688063.469,-0.8289243404,-1919385.796,-21.49576516,-10.888263,0.003147945559,1.402135437e-05,0.0007791554886,0.000276617249,0.4020212593,1.366069915,0
369.1382766,1.609609717e-11,0.17267,-0.13,-0.01401913974,-0.0148173516,-0.01681753513,-0.008988519647,-0.01206379967,-0.01672443538,-0.007568169767,-4688063.469,-0.8289243404,-1919385.796,-21.49576516,-10.888263,0.003147945559,1.402135434e-05,0.0007791554886,0.0002766172491,0.4020212593,1.366069915,0
370.3406814,1.461423059e-11,0.17267,-0.13,-0.01401913974,-0.0148173516,-0.01681753513,-0.008988519647,-0.01206379967,-0.01672443538,-0.007568169767,-4688063.469,-0.8289243404,-1919385.796,-21.49576516,-10.888263,0.003147945559,1.402135426e-05,0.0007791554885,0.0002766172492,0.4020212593,1.366069915,0
371.5430862,1.228689775e-11,0.17267,-0.13,-0.01401913974,-0.0148173516,-0.01681753513,-0.008988519648,-0.01206379967,-0.01672443538,-0.007568169768,-4688063.469,-0.8289243404,-1919385.796,-21.49576516,-10.888263,0.003147945559,1.402135414e-05,0.0007791554885,0.0002766172493,0.4020212593,1.366069915,0
372.745491,9.543763394e-12,0.17267,-0.13,-0.01401913974,-0.0148173516,-0.01681753513,-0.008988519648,-0.01206379967,-0.01672443538,-0.007568169768,-4688063.469,-0.8289243404,-1919385.796,-21.49576516,-10.888263,0.003147945559,1.402135399e-05,0.0007791554885,0.0002766172495,0.4020212593,1.366069915,0
373.9478958,6.941596855e-12,0.17267,-0.13,-0.01401913974,-0.0148173516,-0.01681753513,-0.008988519648,-0.01206379967,-0.01672443538,-0.007568169768,-4688063.469,-0.8289243404,-1919385.796,-21.49576516,-10.888263,0.003147945559,1.402135385e-05,0.0007791554884,0.0002766172496,0.4020212593,1.366069915,0
375.1503006,3.964875041e-12,0.17267,-0.13,-0.01401913974,-0.0148173516,-0.01681753513,-0.008988519648,-0.01206379967,-0.01672443538,-0.007568169769,-4688063.469,-0.8289243404,-1919385.796,-21.49576516,-10.888263,0.003147945559,1.402135368e-05,0.0007791554884,0.0002766172498,0.4020212593,1.366069915,0
376.3527054,7.24924469e-13,0.17267,-0.13,-0.01401913974,-0.0148173516,-0.01681753513,-0.008988519648,-0.01206379967,-0.01672443538,-0.007568169769,-4688063.469,-0.8289243405,-1919385.797,-21.49576516,-10.888263,0.003147945559,1.40213535e-05,0.0007791554883,0.00027661725,0.4020212593,1.366069915,0
377.5551102,-2.666928345e-12,0.17267,-0.13,-0.01401913974,-0.0148173516,-0.01681753513,-0.008988519649,-0.01206379967,-0.01672443538,-0.00756816977,-4688063.469,-0.8289243405,-1919385.797,-21.49576516,-10.888263,0.003147945559,1.402135331e-05,0.0007791554883,0.0002766172502,0.4020212593,1.366069915,0
378.757515,-6.099356883e-12,0.17267,-0.13,-0.01401913974,-0.0148173516,-0.01681753513,-0.008988519649,-0.01206379967,-0.01672443538,-0.00756816977,-4688063.469,-0.8289243405,-1919385.797,-21.49576516,-10.888263,0.003147945559,1.402135312e-05,0.0007791554882,0.0002766172504,0.4020212593,1.366069915,0
379.9599198,-9.46103463e-12,0.17267,-0.13,-0.01401913974,-0.0148173516,-0.01681753513,-0.008988519649,-0.01206379967,-0.01672443538,-0.007568169771,-4688063.47,-0.8289243405,-1919385.797,-21.49576516,-10.888263,0.003147945559,1.402135293e-05,0.0007791554882,0.0002766172506,0.4020212593,1.366069915,0
381.1623246,-1.264063507e-11,0.17267,-0.13,-0.01401913974,-0.0148173516,-0.01681753513,-0.008988519649,-0.01206379967,-0.01672443539,-0.007568169771,-4688063.47,-0.8289243405,-1919385.797,-21.49576517,-10.888263,0.003147945559,1.402135276e-05,0.0007791554881,0.0002766172508,0.4020212593,1.366069915,0
382.3647295,-1.552683168e-11,0.17267,-0.13,-0.01401913974,-0.0148173516,-0.01681753514,-0.008988519649,-0.01206379967,-0.01672443539,-0.007568169771,-4688063.47,-0.8289243406,-1919385.797,-21.49576517,-10.888263,0.003147945559,1.40213526e-05,0.0007791554881,0.000276617251,0.4020212593,1.366069915,0
383.5671343,-1.800829795e-11,0.17267,-0.13,-0.01401913974,-0.0148173516,-0.01681753514,-0.00898851965,-0.01206379967,-0.01672443539,-0.007568169772,-4688063.47,-0.8289243406,-1919385.797,-21.49576517,-10.888263,0.003147945559,1.402135246e-05,0.0007791554881,0.0002766172511,0.4020212593,1.366069916,0
384.7695391,-1.997370736e-11,0.17267,-0.13,-0.01401913974,-0.0148173516,-0.01681753514,-0.00898851965,-0.01206379967,-0.01672443539,-0.007568169772,-4688063.47,-0.8289243406,-1919385.797,-21.49576517,-10.888263,0.003147945559,1.402135236e-05,0.000779155488,0.0002766172512,0.4020212593,1.366069916,0
385.9719439,-2.13117334e-11,0.17267,-0.13,-0.01401913974,-0.0148173516,-0.01681753514,-0.00898851965,-0.01206379967,-0.01672443539,-0.007568169772,-4688063.47,-0.8289243406,-1919385.797,-21.49576517,-10.888263,0.003147945559,1.402135229e-05,0.000779155488,0.0002766172513,0.4020212593,1.366069916,0
387.1743487,-2.191104954e-11,0.17267,-0.13,-0.01401913974,-0.0148173516,-0.01681753514,-0.00898851965,-0.01206379967,-0.01672443539,-0.007568169772,-4688063.47,-0.8289243406,-1919385.797,-21.49576517,-10.888263,0.003147945559,1.402135226e-05,0.000779155488,0.0002766172514,0.4020212593,1.366069916,0
388.3767535,-2.166032928e-11,0.17267,-0.13,-0.01401913974,-0.0148173516,-0.01681753514,-0.00898851965,-0.01206379967,-0.01672443539,-0.007568169772,-4688063.47,-0.8289243406,-1919385.797,-21.49576517,-10.888263,0.003147945559,1.402135228e-05,0.000779155488,0.0002766172513,0.4020212593,1.366069916,0
389.5791583,-2.044824609e-11,0.17267,-0.13,-0.01401913974,-0.0148173516,-0.01681753514,-0.00898851965,-0.01206379967,-0.01672443539,-0.007568169772,-4688063.47,-0.8289243406,-1919385.797,-21.49576517,-10.888263,0.003147945559,1.402135235e-05,0.000779155488,0.0002766172512,0.4020212593,1.366069916,0
390.7815631,-1.816347346e-11,0.17267,-0.13,-0.01401913974,-0.0148173516,-0.01681753514,-0.00898851965,-0.01206379967,-0.01672443539,-0.007568169772,-4688063.47,-0.8289243406,-1919385.797,-21.49576517,-10.888263,0.003147945559,1.402135249e-05,0.0007791554881,0.0002766172511,0.4020212593,1.366069916,0
391.9839679,-1.469468486e-11,0.17267,-0.13,-0.01401913974,-0.0148173516,-0.01681753514,-0.008988519649,-0.01206379967,-0.01672443539,-0.007568169771,-4688063.47,-0.8289243406,-1919385.797,-21.49576517,-10.888263,0.003147945559,1.402135269e-05,0.0007791554881,0.0002766172509,0.4020212593,1.366069915,0
393.1863727,-1.585936648e-11,0.17267,-0.13,-0.01401913974,-0.0148173516,-0.01681753514,-0.008988519649,-0.01206379967,-0.01672443539,-0.007568169771,-4688063.47,-0.8289243406,-1919385.797,-21.49576517,-10.888263,0.003147945559,1.402135263e-05,0.0007791554881,0.0002766172509,0.4020212593,1.366069915,0
394.3887776,-1.811482885e-11,0.17267,-0.13,-0.01401913974,-0.0148173516,-0.01681753514,-0.00898851965,-0.01206379967,-0.01672443539,-0.007568169772,-4688063.47,-0.8289243406,-1919385.797,-21.49576517,-10.888263,0.003147945559,1.402135251e-05,0.0007791554881,0.0002766172511,0.4020212593,1.366069916,0
395.5911824,-2.021188923e-11,0.17267,-0.13,-0.01401913974,-0.0148173516,-0.01681753514,-0.00898851965,-0.01206379967,-0.01672443539,-0.007568169772,-4688063.47,-0.8289243406,-1919385.797,-21.49576517,-10.888263,0.003147945559,1.40213524e-05,0.000779155488,0.0002766172512,0.4020212593,1.366069916,0
396.7935872,-2.211336033e-11,0.17267,-0.13,-0.01401913974,-0.0148173516,-0.01681753514,-0.00898851965,-0.01206379967,-0.01672443539,-0.007568169772,-4688063.47,-0.8289243406,-1919385.797,-21.49576517,-10.888263,0.003147945559,1.40213523e-05,0.000779155488,0.0002766172513,0.4020212593,1.366069916,0
397.995992,-2.378205489e-11,0.17267,-0.13,-0.01401913974,-0.0148173516,-0.01681753514,-0.00898851965,-0.01206379967,-0.01672443539,-0.007568169772,-4688063.47,-0.8289243406,-1919385.797,-21.49576517,-10.888263,0.003147945559,1.402135221e-05,0.000779155488,0.0002766172514,0.4020212593,1.366069916,0
399.1983968,-2.518078561e-11,0.17267,-0.13,-0.01401913974,-0.0148173516,-0.01681753514,-0.00898851965,-0.01206379967,-0.01672443539,-0.007568169773,-4688063.47,-0.8289243406,-1919385.797,-21.49576517,-10.888263,0.003147945559,1.402135213e-05,0.000779155488,0.0002766172515,0.4020212593,1.366069916,0
400.4008016,-2.627236523e-11,0.17267,-0.13,-0.01401913974,-0.0148173516,-0.01681753514,-0.00898851965,-0.01206379967,-0.01672443539,-0.007568169773,-4688063.47,-0.8289243406,-1919385.797,-21.49576517,-10.888263,0.003147945559,1.402135208e-05,0.0007791554879,0.0002766172516,0.4020212593,1.366069916,0
401.6032064,-2.701960646e-11,0.17267,-0.13,-0.01401913974,-0.0148173516,-0.01681753514,-0.00898851965,-0.01206379967,-0.01672443539,-0.007568169773,-4688063.47,-0.8289243406,-1919385.797,-21.49576517,-10.888263,0.003147945559,1.402135204e-05,0.0007791554879,0.0002766172516,0.4020212593,1.366069916,0
402.8056112,-2.738532203e-11,0.17267,-0.13,-0.01401913974,-0.0148173516,-0.01681753514,-0.00898851965,-0.01206379967,-0.01672443539,-0.007568169773,-4688063.47,-0.8289243406,-1919385.797,-21.49576517,-10.888263,0.003147945559,1.402135202e-05,0.0007791554879,0.0002766172516,0.4020212593,1.366069916,0
404.008016,-2.733232467e-11,0.17267,-0.13,-0.01401913974,-0.0148173516,-0.01681753514,-0.00898851965,-0.01206379967,-0.01672443539,-0.007568169773,-4688063.47,-0.8289243406,-1919385.797,-21.49576517,-10.888263,0.003147945559,1.402135202e-05,0.0007791554879,0.0002766172516,0.4020212593,1.366069916,0
405.2104208,-2.682342708e-11,0.17267,-0.13,-0.01401913974,-0.0148173516,-0.01681753514,-0.00898851965,-0.01206379967,-0.01672443539,-0.007568169773,-4688063.47,-0.8289243406,-1919385.797,-21.49576517,-10.888263,0.003147945559,1.402135205e-05,0.0007791554879,0.0002766172516,0.4020212593,1.366069916,0
406.4128257,-2.5821442e-11,0.17267,-0.13,-0.01401913974,-0.0148173516,-0.01681753514,-0.00898851965,-0.01206379967,-0.01672443539,-0.007568169773,-4688063.47,-0.8289243406,-1919385.797,-21.49576517,-10.888263,0.003147945559,1.402135211e-05,0.000779155488,0.0002766172515,0.4020212593,1.366069916,0
407.6152305,-2.428918215e-11,0.17267,-0.13,-0.01401913974,-0.0148173516,-0.01681753514,-0.00898851965,-0.01206379967,-0.01672443539,-0.007568169773,-4688063.47,-0.8289243406,-1919385.797,-21.49576517,-10.888263,0.003147945559,1.402135219e-05,0.000779155488,0.0002766172514,0.4020212593,1.366069916,0
408.8176353,-2.218946024e-11,0.17267,-0.13,-0.01401913974,-0.0148173516,-0.01681753514,-0.00898851965,-0.01206379967,-0.01672443539,-0.007568169772,-4688063.47,-0.8289243406,-1919385.797,-21.49576517,-10.888263,0.003147945559,1.402135231e-05,0.000779155488,0.0002766172513,0.4020212593,1.366069916,0
410.0200401,-1.948508901e-11,0.17267,-0.13,-0.01401913974,-0.0148173516,-0.01681753514,-0.00898851965,-0.01206379967,-0.01672443539,-0.007568169772,-4688063.47,-0.8289243406,-1919385.797,-21.49576517,-10.888263,0.003147945559,1.402135245e-05,0.000779155488,0.0002766172511,0.4020212593,1.366069916,0
411.2224449,-1.613888117e-11,0.17267,-0.13,-0.01401913974,-0.0148173516,-0.01681753514,-0.008988519649,-0.01206379967,-0.01672443539,-0.007568169771,-4688063.47,-0.8289243406,-1919385.797,-21.49576517,-10.888263,0.003147945559,1.402135264e-05,0.0007791554881,0.0002766172509,0.4020212593,1.366069915,0
412.4248497,-1.323029598e-11,0.17267,-0.13,-0.01401913974,-0.0148173516,-0.01681753514,-0.008988519649,-0.01206379967,-0.01672443539,-0.007568169771,-4688063.47,-0.8289243405,-1919385.797,-21.49576517,-10.888263,0.003147945559,1.402135279e-05,0.0007791554881,0.0002766172508,0.4020212593,1.366069915,0
413.6272545,-1.270429094e-11,0.17267,-0.13,-0.01401913974,-0.0148173516,-0.01681753513,-0.008988519649,-0.01206379967,-0.01672443539,-0.007568169771,-4688063.47,-0.8289243405,-1919385.797,-21.49576517,-10.888263,0.003147945559,1.402135282e-05,0.0007791554881,0.0002766172507,0.4020212593,1.366069915,0
414.8296593,-1.214365519e-11,0.17267,-0.13,-0.01401913974,-0.0148173516,-0.01681753513,-0.008988519649,-0.01206379967,-0.01672443538,-0.007568169771,-4688063.47,-0.8289243405,-1919385.797,-21.49576517,-10.888263,0.003147945559,1.402135285e-05,0.0007791554882,0.0002766172507,0.4020212593,1.366069915,0
416.0320641,-1.155154244e-11,0.17267,-0.13,-0.01401913974,-0.0148173516,-0.01681753513,-0.008988519649,-0.01206379967,-0.01672443538,-0.007568169771,-4688063.47,-0.8289243405,-1919385.797,-21.49576517,-10.888263,0.003147945559,1.402135289e-05,0.0007791554882,0.0002766172507,0.4020212593,1.366069915,0
417.2344689,-1.093110642e-11,0.17267,-0.13,-0.01401913974,-0.0148173516,-0.01681753513,-0.008988519649,-0.01206379967,-0.01672443538,-0.007568169771,-4688063.47,-0.8289243405,-1919385.797,-21.49576516,-10.888263,0.003147945559,1.402135292e-05,0.0007791554882,0.0002766172506,0.4020212593,1.366069915,0
418.4368737,-1.028550085e-11,0.17267,-0.13,-0.01401913974,-0.0148173516,-0.01681753513,-0.008988519649,-0.01206379967,-0.01672443538,-0.007568169771,-4688063.47,-0.8289243405,-1919385.797,-21.49576516,-10.888263,0.003147945559,1.402135296e-05,0.0007791554882,0.0002766172506,0.4020212593,1.366069915,0
419.6392786,-9.617879447e-12,0.17267,-0.13,-0.01401913974,-0.0148173516,-0.01681753513,-0.008988519649,-0.01206379967,-0.01672443538,-0.007568169771,-4688063.47,-0.8289243405,-1919385.797,-21.49576516,-10.888263,0.003147945559,1.402135299e-05,0.0007791554882,0.0002766172506,0.4020212593,1.366069915,0
420.8416834,-8.931395932e-12,0.17267,-0.13,-0.01401913974,-0.0148173516,-0.01681753513,-0.008988519649,-0.01206379967,-0.01672443538,-0.00756816977,-4688063.469,-0.8289243405,-1919385.797,-21.49576516,-10.888263,0.003147945559,1.402135303e-05,0.0007791554882,0.0002766172505,0.4020212593,1.366069915,0
422.0440882,-8.229204027e-12,0.17267,-0.13,-0.01401913974,-0.0148173516,-0.01681753513,-0.008988519649,-0.01206379967,-0.01672443538,-0.00756816977,-4688063.469,-0.8289243405,-1919385.797,-21.49576516,-10.888263,0.003147945559,1.402135307e-05,0.0007791554882,0.0002766172505,0.4020212593,1.366069915,0
423.246493,-7.51445745e-12,0.17267,-0.13,-0.01401913974,-0.0148173516,-0.01681753513,-0.008988519649,-0.01206379967,-0.01672443538,-0.00756816977,-4688063.469,-0.8289243405,-1919385.797,-21.49576516,-10.888263,0.003147945559,1.402135311e-05,0.0007791554882,0.0002766172504,0.4020212593,1.366069915,0
424.4488978,-6.790309922e-12,0.17267,-0.13,-0.01401913974,-0.0148173516,-0.01681753513,-0.008988519649,-0.01206379967,-0.01672443538,-0.00756816977,-4688063.469,-0.8289243405,-1919385.797,-21.49576516,-10.888263,0.003147945559,1.402135314e-05,0.0007791554882,0.0002766172504,0.4020212593,1.366069915,0
425.6513026,-6.059915163e-12,0.17267,-0.13,-0.01401913974,-0.0148173516,-0.01681753513,-0.008988519649,-0.01206379967,-0.01672443538,-0.00756816977,-4688063.469,-0.8289243405,-1919385.797,-21.49576516,-10.888263,0.003147945559,1.402135318e-05,0.0007791554882,0.0002766172503,0.4020212593,1.366069915,0
426.8537074,-5.326426893e-12,0.17267,-0.13,-0.01401913974,-0.0148173516,-0.01681753513,-0.008988519649,-0.01206379967,-0.01672443538,-0.00756816977,-4688063.469,-0.8289243405,-1919385.797,-21.49576516,-10.888263,0.003147945559,1.402135322e-05,0.0007791554883,0.0002766172503,0.4020212593,1.366069915,0
428.0561122,-4.592998833e-12,0.17267,-0.13,-0.01401913974,-0.0148173516,-0.01681753513,-0.008988519649,-0.01206379967,-0.01672443538,-0.00756816977,-4688063.469,-0.8289243405,-1919385.797,-21.49576516,-10.888263,0.003147945559,1.402135326e-05,0.0007791554883,0.0002766172503,0.4020212593,1.366069915,0
429.258517,-3.862784703e-12,0.17267,-0.13,-0.01401913974,-0.0148173516,-0.01681753513,-0.008988519649,-0.01206379967,-0.01672443538,-0.00756816977,-4688063.469,-0.8289243405,-1919385.797,-21.49576516,-10.888263,0.003147945559,1.40213533e-05,0.0007791554883,0.0002766172502,0.4020212593,1.366069915,0
430.4609218,-3.138938223e-12,0.17267,-0.13,-0.01401913974,-0.0148173516,-0.01681753513,-0.008988519649,-0.01206379967,-0.01672443538,-0.00756816977,-4688063.469,-0.8289243405,-1919385.797,-21.49576516,-10.888263,0.003147945559,1.402135334e-05,0.0007791554883,0.0002766172502,0.4020212593,1.366069915,0
431.6633267,-2.424613113e-12,0.17267,-0.13,-0.01401913974,-0.0148173516,-0.01681753513,-0.008988519649,-0.01206379967,-0.01672443538,-0.00756816977,-4688063.469,-0.8289243405,-1919385.797,-21.49576516,-10.888263,0.003147945559,1.402135337e-05,0.0007791554883,0.0002766172501,0.4020212593,1.366069915,0
432.8657315,-1.789287064e-12,0.17267,-0.13,-0.01401913974,-0.0148173516,-0.01681753513,-0.008988519648,-0.01206379967,-0.01672443538,-0.00756816977,-4688063.469,-0.8289243405,-1919385.797,-21.49576516,-10.888263,0.003147945559,1.402135341e-05,0.0007791554883,0.0002766172501,0.4020212593,1.366069915,0
434.0681363,-1.202561722e-12,0.17267,-0.13,-0.01401913974,-0.0148173516,-0.01681753513,-0.008988519648,-0.01206379967,-0.01672443538,-0.007568169769,-4688063.469,-0.8289243405,-1919385.797,-21.49576516,-10.888263,0.003147945559,1.402135344e-05,0.0007791554883,0.0002766172501,0.4020212593,1.366069915,0
435.2705411,-6.508775881e-13,0.17267,-0.13,-0.01401913974,-0.0148173516,-0.01681753513,-0.008988519648,-0.01206379967,-0.01672443538,-0.007568169769,-4688063.469,-0.8289243405,-1919385.797,-21.49576516,-10.888263,0.003147945559,1.402135347e-05,0.0007791554883,0.00027661725,0.4020212593,1.366069915,0
436.4729459,-1.38266088e-13,0.17267,-0.13,-0.01401913974,-0.0148173516,-0.01681753513,-0.008988519648,-0.01206379967,-0.01672443538,-0.007568169769,-4688063.469,-0.8289243405,-1919385.797,-21.49576516,-10.888263,0.003147945559,1.40213535e-05,0.0007791554883,0.00027661725,0.4020212593,1.366069915,0
437.6753507,3.31241354e-13,0.17267,-0.13,-0.01401913974,-0.0148173516,-0.01681753513,-0.008988519648,-0.01206379967,-0.01672443538,-0.007568169769,-4688063.469,-0.8289243405,-1919385.797,-21.49576516,-10.888263,0.003147945559,1.402135352e-05,0.0007791554883,0.00027661725,0.4020212593,1.366069915,0
438.8777555,7.536133132e-13,0.17267,-0.13,-0.01401913974,-0.0148173516,-0.01681753513,-0.008988519648,-0.01206379967,-0.01672443538,-0.007568169769,-4688063.469,-0.8289243405,-1919385.797,-21.49576516,-10.888263,0.003147945559,1.402135354e-05,0.0007791554883,0.00027661725,0.4020212593,1.366069915,0
440.0801603,1.124818365e-12,0.17267,-0.13,-0.01401913974,-0.0148173516,-0.01681753513,-0.008988519648,-0.01206379967,-0.01672443538,-0.007568169769,-4688063.469,-0.8289243405,-1919385.797,-21.49576516,-10.888263,0.003147945559,1.402135356e-05,0.0007791554884,0.0002766172499,0.4020212593,1.366069915,0
441.2825651,1.440825084e-12,0.17267,-0.13,-0.01401913974,-0.0148173516,-0.01681753513,-0.008988519648,-0.01206379967,-0.01672443538,-0.007568169769,-4688063.469,-0.8289243404,-1919385.797,-21.49576516,-10.888263,0.003147945559,1.402135358e-05,0.0007791554884,0.0002766172499,0.4020212593,1.366069915,0
442.4849699,1.697602046e-12,0.17267,-0.13,-0.01401913974,-0.0148173516,-0.01681753513,-0.008988519648,-0.01206379967,-0.01672443538,-0.007568169769,-4688063.469,-0.8289243404,-1919385.797,-21.49576516,-10.888263,0.003147945559,1.402135359e-05,0.0007791554884,0.0002766172499,0.4020212593,1.366069915,0
443.6873747,1.891117827e-12,0.17267,-0.13,-0.01401913974,-0.0148173516,-0.01681753513,-0.008988519648,-0.01206379967,-0.01672443538,-0.007568169769,-4688063.469,-0.8289243404,-1919385.797,-21.49576516,-10.888263,0.003147945559,1.40213536e-05,0.0007791554884,0.0002766172499,0.4020212593,1.366069915,0
444.8897796,2.017341001e-12,0.17267,-0.13,-0.01401913974,-0.0148173516,-0.01681753513,-0.008988519648,-0.01206379967,-0.01672443538,-0.007568169769,-4688063.469,-0.8289243404,-1919385.797,-21.49576516,-10.888263,0.003147945559,1.402135361e-05,0.0007791554884,0.0002766172499,0.4020212593,1.366069915,0
446.0921844,2.072240145e-12,0.17267,-0.13,-0.01401913974,-0.0148173516,-0.01681753513,-0.008988519648,-0.01206379967,-0.01672443538,-0.007568169769,-4688063.469,-0.8289243404,-1919385.797,-21.49576516,-10.888263,0.003147945559,1.402135361e-05,0.0007791554884,0.0002766172499,0.4020212593,1.366069915,0
447.2945892,2.051783832e-12,0.17267,-0.13,-0.01401913974,-0.0148173516,-0.01681753513,-0.008988519648,-0.01206379967,-0.01672443538,-0.007568169769,-4688063.469,-0.8289243404,-1919385.797,-21.49576516,-10.888263,0.003147945559,1.402135361e-05,0.0007791554884,0.0002766172499,0.4020212593,1.366069915,0
448.496994,1.951940639e-12,0.17267,-0.13,-0.01401913974,-0.0148173516,-0.01681753513,-0.008988519648,-0.01206379967,-0.01672443538,-0.007568169769,-4688063.469,-0.8289243404,-1919385.797,-21.49576516,-10.888263,0.003147945559,1.40213536e-05,0.0007791554884,0.0002766172499,0.4020212593,1.366069915,0
449.6993988,1.768679141e-12,0.17267,-0.13,-0.01401913974,-0.0148173516,-0.01681753513,-0.008988519648,-0.01206379967,-0.01672443538,-0.007568169769,-4688063.469,-0.8289243404,-1919385.797,-21.49576516,-10.888263,0.003147945559,1.402135359e-05,0.0007791554884,0.0002766172499,0.4020212593,1.366069915,0
450.9018036,1.497967913e-12,0.17267,-0.13,-0.01401913974,-0.0148173516,-0.01681753513,-0.008988519648,-0.01206379967,-0.01672443538,-0.007568169769,-4688063.469,-0.8289243404,-1919385.797,-21.49576516,-10.888263,0.003147945559,1.402135358e-05,0.0007791554884,0.0002766172499,0.4020212593,1.366069915,0
452.1042084,1.840375404e-12,0.17267,-0.13,-0.01401913974,-0.0148173516,-0.01681753513,-0.008988519648,-0.01206379967,-0.01672443538,-0.007568169769,-4688063.469,-0.8289243404,-1919385.797,-21.49576516,-10.888263,0.003147945559,1.40213536e-05,0.0007791554884,0.0002766172499,0.4020212593,1.366069915,0
453.3066132,4.223259735e-12,0.17267,-0.13,-0.01401913974,-0.0148173516,-0.01681753513,-0.008988519648,-0.01206379967,-0.01672443538,-0.007568169769,-4688063.469,-0.8289243404,-1919385.796,-21.49576516,-10.888263,0.003147945559,1.402135372e-05,0.0007791554884,0.0002766172498,0.4020212593,1.366069915,0
454.509018,6.614978274e-12,0.17267,-0.13,-0.01401913974,-0.0148173516,-0.01681753513,-0.008988519648,-0.01206379967,-0.01672443538,-0.007568169768,-4688063.469,-0.8289243404,-1919385.796,-21.49576516,-10.888263,0.003147945559,1.402135385e-05,0.0007791554884,0.0002766172496,0.4020212593,1.366069915,0
455.7114228,9.01287357e-12,0.17267,-0.13,-0.01401913974,-0.0148173516,-0.01681753513,-0.008988519648,-0.01206379967,-0.01672443538,-0.007568169768,-4688063.469,-0.8289243404,-1919385.796,-21.49576516,-10.888263,0.003147945559,1.402135398e-05,0.0007791554885,0.0002766172495,0.4020212593,1.366069915,0
456.9138277,1.141428817e-11,0.17267,-0.13,-0.01401913974,-0.0148173516,-0.01681753513,-0.008988519648,-0.01206379967,-0.01672443538,-0.007568169768,-4688063.469,-0.8289243404,-1919385.796,-21.49576516,-10.888263,0.003147945559,1.40213541e-05,0.0007791554885,0.0002766172493,0.4020212593,1.366069915,0
458.1162325,1.381656462e-11,0.17267,-0.13,-0.01401913974,-0.0148173516,-0.01681753513,-0.008988519647,-0.01206379967,-0.01672443538,-0.007568169767,-4688063.469,-0.8289243404,-1919385.796,-21.49576516,-10.888263,0.003147945559,1.402135423e-05,0.0007791554885,0.0002766172492,0.4020212593,1.366069915,0
459.3186373,1.621704548e-11,0.17267,-0.13,-0.01401913974,-0.0148173516,-0.01681753513,-0.008988519647,-0.01206379967,-0.01672443538,-0.007568169767,-4688063.469,-0.8289243404,-1919385.796,-21.49576516,-10.888263,0.003147945559,1.402135436e-05,0.0007791554886,0.0002766172491,0.4020212593,1.366069915,0
460.5210421,1.861307328e-11,0.17267,-0.13,-0.01401913974,-0.0148173516,-0.01681753513,-0.008988519647,-0.01206379967,-0.01672443538,-0.007568169767,-4688063.468,-0.8289243403,-1919385.796,-21.49576516,-10.888263,0.003147945559,1.402135448e-05,0.0007791554886,0.0002766172489,0.4020212593,1.366069915,0
461.7234469,2.100199058e-11,0.17267,-0.13,-0.01401913974,-0.0148173516,-0.01681753513,-0.008988519647,-0.01206379967,-0.01672443538,-0.007568169766,-4688063.468,-0.8289243403,-1919385.796,-21.49576516,-10.888263,0.003147945559,1.402135461e-05,0.0007791554886,0.0002766172488,0.4020212593,1.366069915,0
462.9258517,2.338113992e-11,0.17267,-0.13,-0.01401913974,-0.0148173516,-0.01681753513,-0.008988519647,-0.01206379967,-0.01672443538,-0.007568169766,-4688063.468,-0.8289243403,-1919385.796,-21.49576516,-10.888263,0.003147945559,1.402135474e-05,0.0007791554887,0.0002766172487,0.4020212593,1.366069915,0
464.1282565,2.574786385e-11,0.17267,-0.13,-0.01401913974,-0.0148173516,-0.01681753513,-0.008988519647,-0.01206379967,-0.01672443538,-0.007568169766,-4688063.468,-0.8289243403,-1919385.796,-21.49576516,-10.888263,0.003147945559,1.402135486e-05,0.0007791554887,0.0002766172485,0.4020212593,1.366069915,0
465.3306613,2.809950492e-11,0.17267,-0.13,-0.01401913973,-0.0148173516,-0.01681753513,-0.008988519646,-0.01206379967,-0.01672443538,-0.007568169766,-4688063.468,-0.8289243403,-1919385.796,-21.49576516,-10.888263,0.003147945559,1.402135499e-05,0.0007791554887,0.0002766172484,0.4020212593,1.366069915,0
466.5330661,3.043340568e-11,0.17267,-0.13,-0.01401913973,-0.0148173516,-0.01681753513,-0.008988519646,-0.01206379967,-0.01672443538,-0.007568169765,-4688063.468,-0.8289243403,-1919385.796,-21.49576516,-10.888263,0.003147945559,1.402135511e-05,0.0007791554888,0.0002766172482,0.4020212593,1.366069915,0
467.7354709,3.274690868e-11,0.17267,-0.13,-0.01401913973,-0.01481735159,-0.01681753513,-0.008988519646,-0.01206379967,-0.01672443538,-0.007568169765,-4688063.468,-0.8289243402,-1919385.796,-21.49576516,-10.888263,0.003147945559,1.402135523e-05,0.0007791554888,0.0002766172481,0.4020212593,1.366069915,0
468.9378758,3.503735646e-11,0.17267,-0.13,-0.01401913973,-0.01481735159,-0.01681753513,-0.008988519646,-0.01206379967,-0.01672443538,-0.007568169765,-4688063.468,-0.8289243402,-1919385.796,-21.49576516,-10.888263,0.003147945559,1.402135535e-05,0.0007791554888,0.000276617248,0.4020212593,1.366069915,0
470.1402806,3.730209157e-11,0.17267,-0.13,-0.01401913973,-0.01481735159,-0.01681753513,-0.008988519646,-0.01206379967,-0.01672443538,-0.007568169764,-4688063.468,-0.8289243402,-1919385.796,-21.49576516,-10.888263,0.003147945559,1.402135547e-05,0.0007791554889,0.0002766172479,0.4020212593,1.366069915,0
471.3426854,3.953845655e-11,0.17267,-0.13,-0.01401913973,-0.01481735159,-0.01681753513,-0.008988519646,-0.01206379967,-0.01672443538,-0.007568169764,-4688063.468,-0.8289243402,-1919385.796,-21.49576516,-10.888263,0.003147945559,1.402135559e-05,0.0007791554889,0.0002766172477,0.4020212593,1.366069915,0
472.5450902,4.174379397e-11,0.17267,-0.13,-0.01401913973,-0.01481735159,-0.01681753513,-0.008988519645,-0.01206379967,-0.01672443538,-0.007568169764,-4688063.468,-0.8289243402,-1919385.796,-21.49576516,-10.888263,0.003147945559,1.402135571e-05,0.0007791554889,0.0002766172476,0.4020212593,1.366069915,0
473.747495,4.391544635e-11,0.17267,-0.13,-0.01401913973,-0.01481735159,-0.01681753513,-0.008988519645,-0.01206379967,-0.01672443538,-0.007568169763,-4688063.468,-0.8289243402,-1919385.796,-21.49576516,-10.888263,0.003147945559,1.402135582e-05,0.000779155489,0.0002766172475,0.4020212593,1.366069915,0
474.9498998,4.605075626e-11,0.17267,-0.13,-0.01401913973,-0.01481735159,-0.01681753513,-0.008988519645,-0.01206379966,-0.01672443538,-0.007568169763,-4688063.468,-0.8289243402,-1919385.796,-21.49576516,-10.888263,0.003147945559,1.402135593e-05,0.000779155489,0.0002766172473,0.4020212593,1.366069915,0
476.1523046,4.814706624e-11,0.17267,-0.13,-0.01401913973,-0.01481735159,-0.01681753513,-0.008988519645,-0.01206379966,-0.01672443538,-0.007568169763,-4688063.467,-0.8289243401,-1919385.796,-21.49576516,-10.888263,0.003147945559,1.402135604e-05,0.000779155489,0.0002766172472,0.4020212593,1.366069915,0
477.3547094,5.020171884e-11,0.1726699999,-0.1299999999,-0.01401913973,-0.01481735159,-0.01681753513,-0.008988519645,-0.01206379966,-0.01672443538,-0.007568169763,-4688063.467,-0.8289243401,-1919385.796,-21.49576515,-10.888263,0.003147945559,1.402135615e-05,0.0007791554891,0.0002766172471,0.4020212593,1.366069915,0
478.5571142,5.22120566e-11,0.1726699999,-0.1299999999,-0.01401913973,-0.01481735159,-0.01681753513,-0.008988519645,-0.01206379966,-0.01672443538,-0.007568169762,-4688063.467,-0.8289243401,-1919385.796,-21.49576515,-10.888263,0.003147945559,1.402135626e-05,0.0007791554891,0.000276617247,0.4020212593,1.366069915,0
479.759519,5.417542208e-11,0.1726699999,-0.1299999999,-0.01401913973,-0.01481735159,-0.01681753513,-0.008988519645,-0.01206379966,-0.01672443538,-0.007568169762,-4688063.467,-0.8289243401,-1919385.796,-21.49576515,-10.888263,0.003147945559,1.402135636e-05,0.0007791554891,0.0002766172469,0.4020212593,1.366069915,0
480.9619238,5.608915782e-11,0.1726699999,-0.1299999999,-0.01401913973,-0.01481735159,-0.01681753513,-0.008988519644,-0.01206379966,-0.01672443538,-0.007568169762,-4688063.467,-0.8289243401,-1919385.796,-21.49576515,-10.888263,0.003147945559,1.402135646e-05,0.0007791554891,0.0002766172468,0.4020212593,1.366069915,0
482.1643287,5.795060636e-11,0.1726699999,-0.1299999999,-0.01401913973,-0.01481735159,-0.01681753513,-0.008988519644,-0.01206379966,-0.01672443538,-0.007568169762,-4688063.467,-0.8289243401,-1919385.796,-21.49576515,-10.888263,0.003147945559,1.402135656e-05,0.0007791554892,0.0002766172467,0.4020212593,1.366069915,0
483.3667335,5.975711027e-11,0.1726699999,-0.1299999999,-0.01401913973,-0.01481735159,-0.01681753513,-0.008988519644,-0.01206379966,-0.01672443538,-0.007568169761,-4688063.467,-0.8289243401,-1919385.796,-21.49576515,-10.888263,0.003147945559,1.402135666e-05,0.0007791554892,0.0002766172466,0.4020212593,1.366069915,0
484.5691383,6.150601208e-11,0.1726699999,-0.1299999999,-0.01401913973,-0.01481735159,-0.01681753513,-0.008988519644,-0.01206379966,-0.01672443538,-0.007568169761,-4688063.467,-0.8289243401,-1919385.796,-21.49576515,-10.888263,0.003147945559,1.402135675e-05,0.0007791554892,0.0002766172465,0.4020212593,1.366069915,0
485.7715431,6.319465434e-11,0.1726699999,-0.1299999999,-0.01401913973,-0.01481735159,-0.01681753513,-0.008988519644,-0.01206379966,-0.01672443538,-0.007568169761,-4688063.467,-0.8289243401,-1919385.796,-21.49576515,-10.888263,0.003147945559,1.402135684e-05,0.0007791554892,0.0002766172464,0.4020212593,1.366069915,0
486.9739479,6.48203796e-11,0.1726699999,-0.1299999999,-0.01401913973,-0.01481735159,-0.01681753512,-0.008988519644,-0.01206379966,-0.01672443538,-0.007568169761,-4688063.467,-0.82892434,-1919385.796,-21.49576515,-10.888263,0.003147945559,1.402135692e-05,0.0007791554893,0.0002766172463,0.4020212593,1.366069915,0
488.1763527,6.638053041e-11,0.1726699999,-0.1299999999,-0.01401913973,-0.01481735159,-0.01681753512,-0.008988519644,-0.01206379966,-0.01672443537,-0.00756816976,-4688063.467,-0.82892434,-1919385.796,-21.49576515,-10.888263,0.003147945559,1.4021357e-05,0.0007791554893,0.0002766172462,0.4020212593,1.366069915,0
489.3787575,6.787244931e-11,0.1726699999,-0.1299999999,-0.01401913973,-0.01481735159,-0.01681753512,-0.008988519644,-0.01206379966,-0.01672443537,-0.00756816976,-4688063.467,-0.82892434,-1919385.796,-21.49576515,-10.888263,0.003147945559,1.402135708e-05,0.0007791554893,0.0002766172461,0.4020212593,1.366069915,0
490.5811623,6.929347886e-11,0.1726699999,-0.1299999999,-0.01401913973,-0.01481735159,-0.01681753512,-0.008988519644,-0.01206379966,-0.01672443537,-0.00756816976,-4688063.467,-0.82892434,-1919385.796,-21.49576515,-10.88826299,0.003147945559,1.402135716e-05,0.0007791554893,0.000276617246,0.4020212593,1.366069915,0
491.7835671,7.06409616e-11,0.1726699999,-0.1299999999,-0.01401913973,-0.01481735159,-0.01681753512,-0.008988519643,-0.01206379966,-0.01672443537,-0.00756816976,-4688063.467,-0.82892434,-1919385.796,-21.49576515,-10.88826299,0.003147945559,1.402135723e-05,0.0007791554893,0.0002766172459,0.4020212593,1.366069915,0
492.9859719,7.191224008e-11,0.1726699999,-0.1299999999,-0.01401913973,-0.01481735159,-0.01681753512,-0.008988519643,-0.01206379966,-0.01672443537,-0.00756816976,-4688063.467,-0.82892434,-1919385.795,-21.49576515,-10.88826299,0.003147945559,1.40213573e-05,0.0007791554894,0.0002766172459,0.4020212593,1.366069915,0
494.1883768,7.310465685e-11,0.1726699999,-0.1299999999,-0.01401913973,-0.01481735159,-0.01681753512,-0.008988519643,-0.01206379966,-0.01672443537,-0.00756816976,-4688063.467,-0.82892434,-1919385.795,-21.49576515,-10.88826299,0.003147945559,1.402135736e-05,0.0007791554894,0.0002766172458,0.4020212593,1.366069915,0
495.3907816,7.421555445e-11,0.1726699999,-0.1299999999,-0.01401913973,-0.01481735159,-0.01681753512,-0.008988519643,-0.01206379966,-0.01672443537,-0.007568169759,-4688063.466,-0.82892434,-1919385.795,-21.49576515,-10.88826299,0.003147945559,1.402135742e-05,0.0007791554894,0.0002766172457,0.4020212593,1.366069915,0
496.5931864,7.524227543e-11,0.1726699999,-0.1299999999,-0.01401913973,-0.01481735159,-0.01681753512,-0.008988519643,-0.01206379966,-0.01672443537,-0.007568169759,-4688063.466,-0.82892434,-1919385.795,-21.49576515,-10.88826299,0.003147945559,1.402135747e-05,0.0007791554894,0.0002766172457,0.4020212593,1.366069915,0
497.7955912,7.618216235e-11,0.1726699999,-0.1299999999,-0.01401913973,-0.01481735159,-0.01681753512,-0.008988519643,-0.01206379966,-0.01672443537,-0.007568169759,-4688063.466,-0.82892434,-1919385.795,-21.49576515,-10.88826299,0.003147945559,1.402135752e-05,0.0007791554894,0.0002766172456,0.4020212593,1.366069915,0
498.997996,7.703255774e-11,0.1726699999,-0.1299999999,-0.01401913973,-0.01481735159,-0.01681753512,-0.008988519643,-0.01206379966,-0.01672443537,-0.007568169759,-4688063.466,-0.82892434,-1919385.795,-21.49576515,-10.88826299,0.003147945559,1.402135757e-05,0.0007791554894,0.0002766172456,0.4020212593,1.366069915,0
500.2004008,7.779080416e-11,0.1726699999,-0.1299999999,-0.01401913973,-0.01481735159,-0.01681753512,-0.008988519643,-0.01206379966,-0.01672443537,-0.007568169759,-4688063.466,-0.82892434,-1919385.795,-21.49576515,-10.88826299,0.003147945559,1.402135761e-05,0.0007791554894,0.0002766172455,0.4020212593,1.366069915,0
501.4028056,7.845424416e-11,0.1726699999,-0.1299999999,-0.01401913973,-0.01481735159,-0.01681753512,-0.008988519643,-0.01206379966,-0.01672443537,-0.007568169759,-4688063.466,-0.82892434,-1919385.795,-21.49576515,-10.88826299,0.003147945559,1.402135764e-05,0.0007791554895,0.0002766172455,0.4020212593,1.366069915,0
502.6052104,7.902022027e-11,0.1726699999,-0.1299999999,-0.01401913973,-0.01481735159,-0.01681753512,-0.008988519643,-0.01206379966,-0.01672443537,-0.007568169759,-4688063.466,-0.82892434,-1919385.795,-21.49576515,-10.88826299,0.003147945559,1.402135767e-05,0.0007791554895,0.0002766172455,0.4020212593,1.366069914,0
503.8076152,7.948607506e-11,0.1726699999,-0.1299999999,-0.01401913973,-0.01481735159,-0.01681753512,-0.008988519643,-0.01206379966,-0.01672443537,-0.007568169759,-4688063.466,-0.8289243399,-1919385.795,-21.49576515,-10.88826299,0.003147945559,1.402135769e-05,0.0007791554895,0.0002766172454,0.4020212593,1.366069914,0
505.01002,7.984915107e-11,0.1726699999,-0.1299999999,-0.01401913973,-0.01481735159,-0.01681753512,-0.008988519643,-0.01206379966,-0.01672443537,-0.007568169759,-4688063.466,-0.8289243399,-1919385.795,-21.49576515,-10.88826299,0.003147945559,1.402135771e-05,0.0007791554895,0.0002766172454,0.4020212593,1.366069914,0
506.2124248,8.010679084e-11,0.1726699999,-0.1299999999,-0.01401913973,-0.01481735159,-0.01681753512,-0.008988519643,-0.01206379966,-0.01672443537,-0.007568169759,-4688063.466,-0.8289243399,-1919385.795,-21.49576515,-10.88826299,0.003147945559,1.402135773e-05,0.0007791554895,0.0002766172454,0.4020212593,1.366069914,0
507.4148297,8.025633692e-11,0.1726699999,-0.1299999999,-0.01401913973,-0.01481735159,-0.01681753512,-0.008988519643,-0.01206379966,-0.01672443537,-0.007568169759,-4688063.466,-0.8289243399,-1919385.795,-21.49576515,-10.88826299,0.003147945559,1.402135774e-05,0.0007791554895,0.0002766172454,0.4020212593,1.366069914,0
508.6172345,8.029513186e-11,0.1726699999,-0.1299999999,-0.01401913973,-0.01481735159,-0.01681753512,-0.008988519643,-0.01206379966,-0.01672443537,-0.007568169759,-4688063.466,-0.8289243399,-1919385.795,-21.49576515,-10.88826299,0.003147945559,1.402135774e-05,0.0007791554895,0.0002766172454,0.4020212593,1.366069914,0
509.8196393,8.022051822e-11,0.1726699999,-0.1299999999,-0.01401913973,-0.01481735159,-0.01681753512,-0.008988519643,-0.01206379966,-0.01672443537,-0.007568169759,-4688063.466,-0.8289243399,-1919385.795,-21.49576515,-10.88826299,0.003147945559,1.402135773e-05,0.0007791554895,0.0002766172454,0.4020212593,1.366069914,0
511.0220441,8.002983853e-11,0.1726699999,-0.1299999999,-0.01401913973,-0.01481735159,-0.01681753512,-0.008988519643,-0.01206379966,-0.01672443537,-0.007568169759,-4688063.466,-0.8289243399,-1919385.795,-21.49576515,-10.88826299,0.003147945559,1.402135772e-05,0.0007791554895,0.0002766172454,0.4020212593,1.366069914,0
512.2244489,7.972043534e-11,0.1726699999,-0.1299999999,-0.01401913973,-0.01481735159,-0.01681753512,-0.008988519643,-0.01206379966,-0.01672443537,-0.007568169759,-4688063.466,-0.8289243399,-1919385.795,-21.49576515,-10.88826299,0.003147945559,1.402135771e-05,0.0007791554895,0.0002766172454,0.4020212593,1.366069914,0
513.4268537,7.928965121e-11,0.1726699999,-0.1299999999,-0.01401913973,-0.01481735159,-0.01681753512,-0.008988519643,-0.01206379966,-0.01672443537,-0.007568169759,-4688063.466,-0.8289243399,-1919385.795,-21.49576515,-10.88826299,0.003147945559,1.402135768e-05,0.0007791554895,0.0002766172454,0.4020212593,1.366069914,0
514.6292585,7.873482868e-11,0.1726699999,-0.1299999999,-0.01401913973,-0.01481735159,-0.01681753512,-0.008988519643,-0.01206379966,-0.01672443537,-0.007568169759,-4688063.466,-0.82892434,-1919385.795,-21.49576515,-10.88826299,0.003147945559,1.402135765e-05,0.0007791554895,0.0002766172455,0.4020212593,1.366069915,0
515.8316633,7.805331029e-11,0.1726699999,-0.1299999999,-0.01401913973,-0.01481735159,-0.01681753512,-0.008988519643,-0.01206379966,-0.01672443537,-0.007568169759,-4688063.466,-0.82892434,-1919385.795,-21.49576515,-10.88826299,0.003147945559,1.402135762e-05,0.0007791554895,0.0002766172455,0.4020212593,1.366069915,0
517.0340681,7.72424386e-11,0.1726699999,-0.1299999999,-0.01401913973,-0.01481735159,-0.01681753512,-0.008988519643,-0.01206379966,-0.01672443537,-0.007568169759,-4688063.466,-0.82892434,-1919385.795,-21.49576515,-10.88826299,0.003147945559,1.402135758e-05,0.0007791554894,0.0002766172456,0.4020212593,1.366069915,0
518.2364729,7.629955616e-11,0.1726699999,-0.1299999999,-0.01401913973,-0.01481735159,-0.01681753512,-0.008988519643,-0.01206379966,-0.01672443537,-0.007568169759,-4688063.466,-0.82892434,-1919385.795,-21.49576515,-10.88826299,0.003147945559,1.402135753e-05,0.0007791554894,0.0002766172456,0.4020212593,1.366069915,0
519.4388778,7.522200551e-11,0.1726699999,-0.1299999999,-0.01401913973,-0.01481735159,-0.01681753512,-0.008988519643,-0.01206379966,-0.01672443537,-0.007568169759,-4688063.466,-0.82892434,-1919385.795,-21.49576515,-10.88826299,0.003147945559,1.402135747e-05,0.0007791554894,0.0002766172457,0.4020212593,1.366069915,0
520.6412826,7.400712919e-11,0.1726699999,-0.1299999999,-0.01401913973,-0.01481735159,-0.01681753512,-0.008988519643,-0.01206379966,-0.01672443537,-0.007568169759,-4688063.466,-0.82892434,-1919385.795,-21.49576515,-10.88826299,0.003147945559,1.40213574e-05,0.0007791554894,0.0002766172457,0.4020212593,1.366069915,0
521.8436874,7.265226977e-11,0.1726699999,-0.1299999999,-0.01401913973,-0.01481735159,-0.01681753512,-0.008988519643,-0.01206379966,-0.01672443537,-0.00756816976,-4688063.467,-0.82892434,-1919385.795,-21.49576515,-10.88826299,0.003147945559,1.402135733e-05,0.0007791554894,0.0002766172458,0.4020212593,1.366069915,0
523.0460922,7.115476977e-11,0.1726699999,-0.1299999999,-0.01401913973,-0.01481735159,-0.01681753512,-0.008988519643,-0.01206379966,-0.01672443537,-0.00756816976,-4688063.467,-0.82892434,-1919385.795,-21.49576515,-10.88826299,0.003147945559,1.402135725e-05,0.0007791554894,0.0002766172459,0.4020212593,1.366069915,0
524.248497,6.951197177e-11,0.1726699999,-0.1299999999,-0.01401913973,-0.01481735159,-0.01681753512,-0.008988519644,-0.01206379966,-0.01672443537,-0.00756816976,-4688063.467,-0.82892434,-1919385.796,-21.49576515,-10.88826299,0.003147945559,1.402135717e-05,0.0007791554893,0.000276617246,0.4020212593,1.366069915,0
525.4509018,6.772121829e-11,0.1726699999,-0.1299999999,-0.01401913973,-0.01481735159,-0.01681753512,-0.008988519644,-0.01206379966,-0.01672443537,-0.00756816976,-4688063.467,-0.82892434,-1919385.796,-21.49576515,-10.888263,0.003147945559,1.402135707e-05,0.0007791554893,0.0002766172461,0.4020212593,1.366069915,0
526.6533066,6.577985189e-11,0.1726699999,-0.1299999999,-0.01401913973,-0.01481735159,-0.01681753512,-0.008988519644,-0.01206379966,-0.01672443537,-0.00756816976,-4688063.467,-0.82892434,-1919385.796,-21.49576515,-10.888263,0.003147945559,1.402135697e-05,0.0007791554893,0.0002766172462,0.4020212593,1.366069915,0
527.8557114,6.368521512e-11,0.1726699999,-0.1299999999,-0.01401913973,-0.01481735159,-0.01681753513,-0.008988519644,-0.01206379966,-0.01672443538,-0.007568169761,-4688063.467,-0.82892434,-1919385.796,-21.49576515,-10.888263,0.003147945559,1.402135686e-05,0.0007791554892,0.0002766172463,0.4020212593,1.366069915,0
529.0581162,6.143465052e-11,0.1726699999,-0.1299999999,-0.01401913973,-0.01481735159,-0.01681753513,-0.008988519644,-0.01206379966,-0.01672443538,-0.007568169761,-4688063.467,-0.8289243401,-1919385.796,-21.49576515,-10.888263,0.003147945559,1.402135674e-05,0.0007791554892,0.0002766172465,0.4020212593,1.366069915,0
530.260521,5.902550064e-11,0.1726699999,-0.1299999999,-0.01401913973,-0.01481735159,-0.01681753513,-0.008988519644,-0.01206379966,-0.01672443538,-0.007568169761,-4688063.467,-0.8289243401,-1919385.796,-21.49576515,-10.888263,0.003147945559,1.402135661e-05,0.0007791554892,0.0002766172466,0.4020212593,1.366069915,0
531.4629259,5.645510804e-11,0.1726699999,-0.1299999999,-0.01401913973,-0.01481735159,-0.01681753513,-0.008988519644,-0.01206379966,-0.01672443538,-0.007568169762,-4688063.467,-0.8289243401,-1919385.796,-21.49576515,-10.888263,0.003147945559,1.402135648e-05,0.0007791554891,0.0002766172468,0.4020212593,1.366069915,0
532.6653307,5.372081525e-11,0.1726699999,-0.1299999999,-0.01401913973,-0.01481735159,-0.01681753513,-0.008988519645,-0.01206379966,-0.01672443538,-0.007568169762,-4688063.467,-0.8289243401,-1919385.796,-21.49576515,-10.888263,0.003147945559,1.402135633e-05,0.0007791554891,0.0002766172469,0.4020212593,1.366069915,0
533.8677355,5.081996482e-11,0.1726699999,-0.1299999999,-0.01401913973,-0.01481735159,-0.01681753513,-0.008988519645,-0.01206379966,-0.01672443538,-0.007568169762,-4688063.467,-0.8289243401,-1919385.796,-21.49576515,-10.888263,0.003147945559,1.402135618e-05,0.0007791554891,0.0002766172471,0.4020212593,1.366069915,0
535.0701403,4.774989931e-11,0.17267,-0.13,-0.01401913973,-0.01481735159,-0.01681753513,-0.008988519645,-0.01206379966,-0.01672443538,-0.007568169763,-4688063.467,-0.8289243402,-1919385.796,-21.49576516,-10.888263,0.003147945559,1.402135602e-05,0.000779155489,0.0002766172473,0.4020212593,1.366069915,0
536.2725451,4.450796126e-11,0.17267,-0.13,-0.01401913973,-0.01481735159,-0.01681753513,-0.008988519645,-0.01206379966,-0.01672443538,-0.007568169763,-4688063.468,-0.8289243402,-1919385.796,-21.49576516,-10.888263,0.003147945559,1.402135585e-05,0.000779155489,0.0002766172474,0.4020212593,1.366069915,0
537.4749499,4.109149322e-11,0.17267,-0.13,-0.01401913973,-0.01481735159,-0.01681753513,-0.008988519646,-0.01206379967,-0.01672443538,-0.007568169764,-4688063.468,-0.8289243402,-1919385.796,-21.49576516,-10.888263,0.003147945559,1.402135567e-05,0.0007791554889,0.0002766172476,0.4020212593,1.366069915,0
538.6773547,3.749783774e-11,0.17267,-0.13,-0.01401913973,-0.01481735159,-0.01681753513,-0.008988519646,-0.01206379967,-0.01672443538,-0.007568169764,-4688063.468,-0.8289243402,-1919385.796,-21.49576516,-10.888263,0.003147945559,1.402135548e-05,0.0007791554889,0.0002766172478,0.4020212593,1.366069915,0
539.8797595,3.372433736e-11,0.17267,-0.13,-0.01401913973,-0.01481735159,-0.01681753513,-0.008988519646,-0.01206379967,-0.01672443538,-0.007568169765,-4688063.468,-0.8289243402,-1919385.796,-21.49576516,-10.888263,0.003147945559,1.402135528e-05,0.0007791554888,0.0002766172481,0.4020212593,1.366069915,0
541.0821643,2.976833464e-11,0.17267,-0.13,-0.01401913973,-0.0148173516,-0.01681753513,-0.008988519646,-0.01206379967,-0.01672443538,-0.007568169765,-4688063.468,-0.8289243403,-1919385.796,-21.49576516,-10.888263,0.003147945559,1.402135507e-05,0.0007791554888,0.0002766172483,0.4020212593,1.366069915,0
542.2845691,2.562717211e-11,0.17267,-0.13,-0.01401913974,-0.0148173516,-0.01681753513,-0.008988519647,-0.01206379967,-0.01672443538,-0.007568169766,-4688063.468,-0.8289243403,-1919385.796,-21.49576516,-10.888263,0.003147945559,1.402135485e-05,0.0007791554887,0.0002766172485,0.4020212593,1.366069915,0
543.4869739,2.129819233e-11,0.17267,-0.13,-0.01401913974,-0.0148173516,-0.01681753513,-0.008988519647,-0.01206379967,-0.01672443538,-0.007568169766,-4688063.468,-0.8289243403,-1919385.796,-21.49576516,-10.888263,0.003147945559,1.402135462e-05,0.0007791554886,0.0002766172488,0.4020212593,1.366069915,0
544.6893788,1.677873785e-11,0.17267,-0.13,-0.01401913974,-0.0148173516,-0.01681753513,-0.008988519647,-0.01206379967,-0.01672443538,-0.007568169767,-4688063.469,-0.8289243403,-1919385.796,-21.49576516,-10.888263,0.003147945559,1.402135438e-05,0.0007791554886,0.000276617249,0.4020212593,1.366069915,0
545.8917836,1.41230345e-11,0.17267,-0.13,-0.01401913974,-0.0148173516,-0.01681753513,-0.008988519647,-0.01206379967,-0.01672443538,-0.007568169767,-4688063.469,-0.8289243404,-1919385.796,-21.49576516,-10.888263,0.003147945559,1.402135424e-05,0.0007791554885,0.0002766172492,0.4020212593,1.366069915,0
547.0941884,1.266088274e-11,0.17267,-0.13,-0.01401913974,-0.0148173516,-0.01681753513,-0.008988519647,-0.01206379967,-0.01672443538,-0.007568169768,-4688063.469,-0.8289243404,-1919385.796,-21.49576516,-10.888263,0.003147945559,1.402135417e-05,0.0007791554885,0.0002766172493,0.4020212593,1.366069915,0
548.2965932,1.121854427e-11,0.17267,-0.13,-0.01401913974,-0.0148173516,-0.01681753513,-0.008988519648,-0.01206379967,-0.01672443538,-0.007568169768,-4688063.469,-0.8289243404,-1919385.796,-21.49576516,-10.888263,0.003147945559,1.402135409e-05,0.0007791554885,0.0002766172494,0.4020212593,1.366069915,0
549.498998,9.79798019e-12,0.17267,-0.13,-0.01401913974,-0.0148173516,-0.01681753513,-0.008988519648,-0.01206379967,-0.01672443538,-0.007568169768,-4688063.469,-0.8289243404,-1919385.796,-21.49576516,-10.888263,0.003147945559,1.402135402e-05,0.0007791554885,0.0002766172494,0.4020212593,1.366069915,0
550.7014028,8.4011516e-12,0.17267,-0.13,-0.01401913974,-0.0148173516,-0.01681753513,-0.008988519648,-0.01206379967,-0.01672443538,-0.007568169768,-4688063.469,-0.8289243404,-1919385.796,-21.49576516,-10.888263,0.003147945559,1.402135394e-05,0.0007791554885,0.0002766172495,0.4020212593,1.366069915,0
551.9038076,7.030019593e-12,0.17267,-0.13,-0.01401913974,-0.0148173516,-0.01681753513,-0.008988519648,-0.01206379967,-0.01672443538,-0.007568169768,-4688063.469,-0.8289243404,-1919385.796,-21.49576516,-10.888263,0.003147945559,1.402135387e-05,0.0007791554884,0.0002766172496,0.4020212593,1.366069915,0
553.1062124,5.686545266e-12,0.17267,-0.13,-0.01401913974,-0.0148173516,-0.01681753513,-0.008988519648,-0.01206379967,-0.01672443538,-0.007568169769,-4688063.469,-0.8289243404,-1919385.796,-21.49576516,-10.888263,0.003147945559,1.40213538e-05,0.0007791554884,0.0002766172497,0.4020212593,1.366069915,0
554.3086172,4.372689715e-12,0.17267,-0.13,-0.01401913974,-0.0148173516,-0.01681753513,-0.008988519648,-0.01206379967,-0.01672443538,-0.007568169769,-4688063.469,-0.8289243404,-1919385.796,-21.49576516,-10.888263,0.003147945559,1.402135373e-05,0.0007791554884,0.0002766172498,0.4020212593,1.366069915,0
555.511022,3.090414037e-12,0.17267,-0.13,-0.01401913974,-0.0148173516,-0.01681753513,-0.008988519648,-0.01206379967,-0.01672443538,-0.007568169769,-4688063.469,-0.8289243404,-1919385.796,-21.49576516,-10.888263,0.003147945559,1.402135366e-05,0.0007791554884,0.0002766172498,0.4020212593,1.366069915,0
556.7134269,1.841679329e-12,0.17267,-0.13,-0.01401913974,-0.0148173516,-0.01681753513,-0.008988519648,-0.01206379967,-0.01672443538,-0.007568169769,-4688063.469,-0.8289243404,-1919385.797,-21.49576516,-10.888263,0.003147945559,1.40213536e-05,0.0007791554884,0.0002766172499,0.4020212593,1.366069915,0
557.9158317,6.284466863e-13,0.17267,-0.13,-0.01401913974,-0.0148173516,-0.01681753513,-0.008988519648,-0.01206379967,-0.01672443538,-0.007568169769,-4688063.469,-0.8289243405,-1919385.797,-21.49576516,-10.888263,0.003147945559,1.402135353e-05,0.0007791554883,0.00027661725,0.4020212593,1.366069915,0
559.1182365,-5.473227942e-13,0.17267,-0.13,-0.01401913974,-0.0148173516,-0.01681753513,-0.008988519648,-0.01206379967,-0.01672443538,-0.007568169769,-4688063.469,-0.8289243405,-1919385.797,-21.49576516,-10.888263,0.003147945559,1.402135347e-05,0.0007791554883,0.00027661725,0.4020212593,1.366069915,0
560.3206413,-1.683668016e-12,0.17267,-0.13,-0.01401913974,-0.0148173516,-0.01681753513,-0.008988519648,-0.01206379967,-0.01672443538,-0.00756816977,-4688063.469,-0.8289243405,-1919385.797,-21.49576516,-10.888263,0.003147945559,1.402135341e-05,0.0007791554883,0.0002766172501,0.4020212593,1.366069915,0
561.5230461,-2.778627883e-12,0.17267,-0.13,-0.01401913974,-0.0148173516,-0.01681753513,-0.008988519649,-0.01206379967,-0.01672443538,-0.00756816977,-4688063.469,-0.8289243405,-1919385.797,-21.49576516,-10.888263,0.003147945559,1.402135335e-05,0.0007791554883,0.0002766172502,0.4020212593,1.366069915,0
562.7254509,-3.830241299e-12,0.17267,-0.13,-0.01401913974,-0.0148173516,-0.01681753513,-0.008988519649,-0.01206379967,-0.01672443538,-0.00756816977,-4688063.469,-0.8289243405,-1919385.797,-21.49576516,-10.888263,0.003147945559,1.40213533e-05,0.0007791554883,0.0002766172502,0.4020212593,1.366069915,0
563.9278557,-4.836547167e-12,0.17267,-0.13,-0.01401913974,-0.0148173516,-0.01681753513,-0.008988519649,-0.01206379967,-0.01672443538,-0.00756816977,-4688063.469,-0.8289243405,-1919385.797,-21.49576516,-10.888263,0.003147945559,1.402135324e-05,0.0007791554883,0.0002766172503,0.4020212593,1.366069915,0
565.1302605,-5.79558439e-12,0.17267,-0.13,-0.01401913974,-0.0148173516,-0.01681753513,-0.008988519649,-0.01206379967,-0.01672443538,-0.00756816977,-4688063.469,-0.8289243405,-1919385.797,-21.49576516,-10.888263,0.003147945559,1.402135319e-05,0.0007791554882,0.0002766172503,0.4020212593,1.366069915,0
566.3326653,-6.705391873e-12,0.17267,-0.13,-0.01401913974,-0.0148173516,-0.01681753513,-0.008988519649,-0.01206379967,-0.01672443538,-0.00756816977,-4688063.469,-0.8289243405,-1919385.797,-21.49576516,-10.888263,0.003147945559,1.402135314e-05,0.0007791554882,0.0002766172504,0.4020212593,1.366069915,0
567.5350701,-7.564008518e-12,0.17267,-0.13,-0.01401913974,-0.0148173516,-0.01681753513,-0.008988519649,-0.01206379967,-0.01672443538,-0.00756816977,-4688063.469,-0.8289243405,-1919385.797,-21.49576516,-10.888263,0.003147945559,1.40213531e-05,0.0007791554882,0.0002766172504,0.4020212593,1.366069915,0
568.7374749,-8.36947323e-12,0.17267,-0.13,-0.01401913974,-0.0148173516,-0.01681753513,-0.008988519649,-0.01206379967,-0.01672443538,-0.00756816977,-4688063.469,-0.8289243405,-1919385.797,-21.49576516,-10.888263,0.003147945559,1.402135306e-05,0.0007791554882,0.0002766172505,0.4020212593,1.366069915,0
569.9398798,-9.119824912e-12,0.17267,-0.13,-0.01401913974,-0.0148173516,-0.01681753513,-0.008988519649,-0.01206379967,-0.01672443538,-0.007568169771,-4688063.469,-0.8289243405,-1919385.797,-21.49576516,-10.888263,0.003147945559,1.402135302e-05,0.0007791554882,0.0002766172505,0.4020212593,1.366069915,0
571.1422846,-9.813102467e-12,0.17267,-0.13,-0.01401913974,-0.0148173516,-0.01681753513,-0.008988519649,-0.01206379967,-0.01672443538,-0.007568169771,-4688063.47,-0.8289243405,-1919385.797,-21.49576516,-10.888263,0.003147945559,1.402135298e-05,0.0007791554882,0.0002766172506,0.4020212593,1.366069915,0
572.3446894,-1.04473448e-11,0.17267,-0.13,-0.01401913974,-0.0148173516,-0.01681753513,-0.008988519649,-0.01206379967,-0.01672443538,-0.007568169771,-4688063.47,-0.8289243405,-1919385.797,-21.49576516,-10.888263,0.003147945559,1.402135295e-05,0.0007791554882,0.0002766172506,0.4020212593,1.366069915,0
573.5470942,-1.102059081e-11,0.17267,-0.13,-0.01401913974,-0.0148173516,-0.01681753513,-0.008988519649,-0.01206379967,-0.01672443538,-0.007568169771,-4688063.47,-0.8289243405,-1919385.797,-21.49576516,-10.888263,0.003147945559,1.402135292e-05,0.0007791554882,0.0002766172506,0.4020212593,1.366069915,0
574.749499,-1.153087941e-11,0.17267,-0.13,-0.01401913974,-0.0148173516,-0.01681753513,-0.008988519649,-0.01206379967,-0.01672443538,-0.007568169771,-4688063.47,-0.8289243405,-1919385.797,-21.49576517,-10.888263,0.003147945559,1.402135289e-05,0.0007791554882,0.0002766172507,0.4020212593,1.366069915,0
575.9519038,-1.19762495e-11,0.17267,-0.13,-0.01401913974,-0.0148173516,-0.01681753513,-0.008988519649,-0.01206379967,-0.01672443538,-0.007568169771,-4688063.47,-0.8289243405,-1919385.797,-21.49576517,-10.888263,0.003147945559,1.402135287e-05,0.0007791554882,0.0002766172507,0.4020212593,1.366069915,0
577.1543086,-1.235473997e-11,0.17267,-0.13,-0.01401913974,-0.0148173516,-0.01681753513,-0.008988519649,-0.01206379967,-0.01672443539,-0.007568169771,-4688063.47,-0.8289243405,-1919385.797,-21.49576517,-10.888263,0.003147945559,1.402135285e-05,0.0007791554882,0.0002766172507,0.4020212593,1.366069915,0
578.3567134,-1.266438974e-11,0.17267,-0.13,-0.01401913974,-0.0148173516,-0.01681753513,-0.008988519649,-0.01206379967,-0.01672443539,-0.007568169771,-4688063.47,-0.8289243405,-1919385.797,-21.49576517,-10.888263,0.003147945559,1.402135283e-05,0.0007791554882,0.0002766172507,0.4020212593,1.366069915,0
579.5591182,-1.290323771e-11,0.17267,-0.13,-0.01401913974,-0.0148173516,-0.01681753514,-0.008988519649,-0.01206379967,-0.01672443539,-0.007568169771,-4688063.47,-0.8289243405,-1919385.797,-21.49576517,-10.888263,0.003147945559,1.402135282e-05,0.0007791554881,0.0002766172507,0.4020212593,1.366069915,0
580.761523,-1.306932279e-11,0.17267,-0.13,-0.01401913974,-0.0148173516,-0.01681753514,-0.008988519649,-0.01206379967,-0.01672443539,-0.007568169771,-4688063.47,-0.8289243405,-1919385.797,-21.49576517,-10.888263,0.003147945559,1.402135281e-05,0.0007791554881,0.0002766172508,0.4020212593,1.366069915,0
581.9639279,-1.316068387e-11,0.17267,-0.13,-0.01401913974,-0.0148173516,-0.01681753514,-0.008988519649,-0.01206379967,-0.01672443539,-0.007568169771,-4688063.47,-0.8289243405,-1919385.797,-21.49576517,-10.888263,0.003147945559,1.40213528e-05,0.0007791554881,0.0002766172508,0.4020212593,1.366069915,0
583.1663327,-1.317535985e-11,0.17267,-0.13,-0.01401913974,-0.0148173516,-0.01681753514,-0.008988519649,-0.01206379967,-0.01672443539,-0.007568169771,-4688063.47,-0.8289243405,-1919385.797,-21.49576517,-10.888263,0.003147945559,1.40213528e-05,0.0007791554881,0.0002766172508,0.4020212593,1.366069915,0
584.3687375,-1.311138965e-11,0.17267,-0.13,-0.01401913974,-0.0148173516,-0.01681753514,-0.008988519649,-0.01206379967,-0.01672443539,-0.007568169771,-4688063.47,-0.8289243405,-1919385.797,-21.49576517,-10.888263,0.003147945559,1.402135281e-05,0.0007791554881,0.0002766172508,0.4020212593,1.366069915,0
585.5711423,-1.296681217e-11,0.17267,-0.13,-0.01401913974,-0.0148173516,-0.01681753514,-0.008988519649,-0.01206379967,-0.01672443539,-0.007568169771,-4688063.47,-0.8289243405,-1919385.797,-21.49576517,-10.888263,0.003147945559,1.402135281e-05,0.0007791554881,0.0002766172507,0.4020212593,1.366069915,0
586.7735471,-1.273966631e-11,0.17267,-0.13,-0.01401913974,-0.0148173516,-0.01681753513,-0.008988519649,-0.01206379967,-0.01672443539,-0.007568169771,-4688063.47,-0.8289243405,-1919385.797,-21.49576517,-10.888263,0.003147945559,1.402135283e-05,0.0007791554881,0.0002766172507,0.4020212593,1.366069915,0
587.9759519,-1.242799097e-11,0.17267,-0.13,-0.01401913974,-0.0148173516,-0.01681753513,-0.008988519649,-0.01206379967,-0.01672443539,-0.007568169771,-4688063.47,-0.8289243405,-1919385.797,-21.49576517,-10.888263,0.003147945559,1.402135284e-05,0.0007791554882,0.0002766172507,0.4020212593,1.366069915,0
589.1783567,-1.202982505e-11,0.17267,-0.13,-0.01401913974,-0.0148173516,-0.01681753513,-0.008988519649,-0.01206379967,-0.01672443538,-0.007568169771,-4688063.47,-0.8289243405,-1919385.797,-21.49576517,-10.888263,0.003147945559,1.402135286e-05,0.0007791554882,0.0002766172507,0.4020212593,1.366069915,0
590.3807615,-1.154320747e-11,0.17267,-0.13,-0.01401913974,-0.0148173516,-0.01681753513,-0.008988519649,-0.01206379967,-0.01672443538,-0.007568169771,-4688063.47,-0.8289243405,-1919385.797,-21.49576517,-10.888263,0.003147945559,1.402135289e-05,0.0007791554882,0.0002766172507,0.4020212593,1.366069915,0
591.5831663,-1.096617712e-11,0.17267,-0.13,-0.01401913974,-0.0148173516,-0.01681753513,-0.008988519649,-0.01206379967,-0.01672443538,-0.007568169771,-4688063.47,-0.8289243405,-1919385.797,-21.49576516,-10.888263,0.003147945559,1.402135292e-05,0.0007791554882,0.0002766172506,0.4020212593,1.366069915,0
592.7855711,-1.029677291e-11,0.17267,-0.13,-0.01401913974,-0.0148173516,-0.01681753513,-0.008988519649,-0.01206379967,-0.01672443538,-0.007568169771,-4688063.47,-0.8289243405,-1919385.797,-21.49576516,-10.888263,0.003147945559,1.402135296e-05,0.0007791554882,0.0002766172506,0.4020212593,1.366069915,0
593.987976,-9.533033743e-12,0.17267,-0.13,-0.01401913974,-0.0148173516,-0.01681753513,-0.008988519649,-0.01206379967,-0.01672443538,-0.007568169771,-4688063.47,-0.8289243405,-1919385.797,-21.49576516,-10.888263,0.003147945559,1.4021353e-05,0.0007791554882,0.0002766172505,0.4020212593,1.366069915,0
595.1903808,-8.672998519e-12,0.17267,-0.13,-0.01401913974,-0.0148173516,-0.01681753513,-0.008988519649,-0.01206379967,-0.01672443538,-0.00756816977,-4688063.469,-0.8289243405,-1919385.797,-21.49576516,-10.888263,0.003147945559,1.402135304e-05,0.0007791554882,0.0002766172505,0.4020212593,1.366069915,0
596.3927856,-7.714706144e-12,0.17267,-0.13,-0.01401913974,-0.0148173516,-0.01681753513,-0.008988519649,-0.01206379967,-0.01672443538,-0.00756816977,-4688063.469,-0.8289243405,-1919385.797,-21.49576516,-10.888263,0.003147945559,1.402135309e-05,0.0007791554882,0.0002766172504,0.4020212593,1.366069915,0
597.5951904,-6.656195521e-12,0.17267,-0.13,-0.01401913974,-0.0148173516,-0.01681753513,-0.008988519649,-0.01206379967,-0.01672443538,-0.00756816977,-4688063.469,-0.8289243405,-1919385.797,-21.49576516,-10.888263,0.003147945559,1.402135315e-05,0.0007791554882,0.0002766172504,0.4020212593,1.366069915,0
598.7975952,-5.495505553e-12,0.17267,-0.13,-0.01401913974,-0.0148173516,-0.01681753513,-0.008988519649,-0.01206379967,-0.01672443538,-0.00756816977,-4688063.469,-0.8289243405,-1919385.797,-21.49576516,-10.888263,0.003147945559,1.402135321e-05,0.0007791554883,0.0002766172503,0.4020212593,1.366069915,0
600,-4.230675145e-12,0.17267,-0.13,-0.01401913974,-0.0148173516,-0.01681753513,-0.008988519649,-0.01206379967,-0.01672443538,-0.00756816977,-4688063.469,-0.8289243405,-1919385.797,-21.49576516,-10.888263,0.003147945559,1.402135328e-05,0.0007791554883,0.0002766172502,0.4020212593,1.366069915,0
