"Time","Bioreactor 13 - Acid volume pumped","Bioreactor 13 - Air flow","Bioreactor 13 - Base volume pumped","Bioreactor 13 - Bioreactor pressure reading","Bioreactor 13 - CER","Bioreactor 13 - DO","Bioreactor 13 - Feed#1 flow rate","Bioreactor 13 - Feed#1 volume pumped","Bioreactor 13 - Feed#2 flow rate","Bioreactor 13 - Feed#2 volume pumped","Bioreactor 13 - Foam sensor","Bioreactor 13 - Off-gas CO2%","Bioreactor 13 - Optical density","Bioreactor 13 - OUR","Bioreactor 13 - pH","Bioreactor 13 - Reflectance","Bioreactor 13 - RQ","Bioreactor 13 - Sampling events","Bioreactor 13 - Stir speed","Bioreactor 13 - Temperature","Bioreactor 13 - Volume","Bioreactor 14 - Acid volume pumped","Bioreactor 14 - Air flow","Bioreactor 14 - Base volume pumped","Bioreactor 14 - Bioreactor pressure reading","Bioreactor 14 - CER","Bioreactor 14 - DO","Bioreactor 14 - Feed#1 flow rate","Bioreactor 14 - Feed#1 volume pumped","Bioreactor 14 - Feed#2 flow rate","Bioreactor 14 - Feed#2 volume pumped","Bioreactor 14 - Foam sensor","Bioreactor 14 - Off-gas CO2%","Bioreactor 14 - Optical density","Bioreactor 14 - OUR","Bioreactor 14 - pH","Bioreactor 14 - Reflectance","Bioreactor 14 - RQ","Bioreactor 14 - Sampling events","Bioreactor 14 - Stir speed","Bioreactor 14 - Temperature","Bioreactor 14 - Volume","Bioreactor 15 - Acid volume pumped","Bioreactor 15 - Air flow","Bioreactor 15 - Base volume pumped","Bioreactor 15 - Bioreactor pressure reading","Bioreactor 15 - CER","Bioreactor 15 - DO","Bioreactor 15 - Feed#1 flow rate","Bioreactor 15 - Feed#1 volume pumped","Bioreactor 15 - Feed#2 flow rate","Bioreactor 15 - Feed#2 volume pumped","Bioreactor 15 - Foam sensor","Bioreactor 15 - Off-gas CO2%","Bioreactor 15 - Optical density","Bioreactor 15 - OUR","Bioreactor 15 - pH","Bioreactor 15 - Reflectance","Bioreactor 15 - RQ","Bioreactor 15 - Sampling events","Bioreactor 15 - Stir speed","Bioreactor 15 - Temperature","Bioreactor 15 - Volume","Bioreactor 16 - Acid volume pumped","Bioreactor 16 - Air flow","Bioreactor 16 - Base volume pumped","Bioreactor 16 - Bioreactor pressure reading","Bioreactor 16 - CER","Bioreactor 16 - DO","Bioreactor 16 - Feed#1 flow rate","Bioreactor 16 - Feed#1 volume pumped","Bioreactor 16 - Feed#2 flow rate","Bioreactor 16 - Feed#2 volume pumped","Bioreactor 16 - Foam sensor","Bioreactor 16 - Off-gas CO2%","Bioreactor 16 - Optical density","Bioreactor 16 - OUR","Bioreactor 16 - pH","Bioreactor 16 - Reflectance","Bioreactor 16 - RQ","Bioreactor 16 - Sampling events","Bioreactor 16 - Stir speed","Bioreactor 16 - Temperature","Bioreactor 16 - Volume","Bioreactor 17 - Acid volume pumped","Bioreactor 17 - Air flow","Bioreactor 17 - Base volume pumped","Bioreactor 17 - Bioreactor pressure reading","Bioreactor 17 - CER","Bioreactor 17 - DO","Bioreactor 17 - Feed#1 flow rate","Bioreactor 17 - Feed#1 volume pumped","Bioreactor 17 - Feed#2 flow rate","Bioreactor 17 - Feed#2 volume pumped","Bioreactor 17 - Foam sensor","Bioreactor 17 - Off-gas CO2%","Bioreactor 17 - Optical density","Bioreactor 17 - OUR","Bioreactor 17 - pH","Bioreactor 17 - Reflectance","Bioreactor 17 - RQ","Bioreactor 17 - Sampling events","Bioreactor 17 - Stir speed","Bioreactor 17 - Temperature","Bioreactor 17 - Volume","Bioreactor 18 - Acid volume pumped","Bioreactor 18 - Air flow","Bioreactor 18 - Base volume pumped","Bioreactor 18 - Bioreactor pressure reading","Bioreactor 18 - CER","Bioreactor 18 - DO","Bioreactor 18 - Feed#1 flow rate","Bioreactor 18 - Feed#1 volume pumped","Bioreactor 18 - Feed#2 flow rate","Bioreactor 18 - Feed#2 volume pumped","Bioreactor 18 - Foam sensor","Bioreactor 18 - Off-gas CO2%","Bioreactor 18 - Optical density","Bioreactor 18 - OUR","Bioreactor 18 - pH","Bioreactor 18 - Reflectance","Bioreactor 18 - RQ","Bioreactor 18 - Sampling events","Bioreactor 18 - Stir speed","Bioreactor 18 - Temperature","Bioreactor 18 - Volume"
0,0,104.986314866519,0.59053429158076,3.16660928238727,0.366804815042497,99.8720195738069,NaN,NaN,NaN,NaN,11.3980105310504,0.0255392649727547,1.16085756031608,NaN,8.46414078778375,4.4954949776848,NaN,,1300.75995324261,29.9982780558045,200.140102995565,0,104.963529319921,0.40378807236393,3.17841073835032,0.500135293702235,99.9466321100108,NaN,NaN,NaN,NaN,21.6475639560988,0.0349196336983663,1.19374119041574,NaN,7.98085251592313,2.52737416166228,NaN,,1301.275992689,30.0075696016134,199.962685008162,0,104.958267602474,0.112679011757914,2.95140970938368,0.271329152734116,99.8696364985357,NaN,NaN,NaN,NaN,16.4526782350232,0.0189999993890524,1.00861710616557,0.147549943201825,7.47914260034155,1.37161617640956,4.68858096704977,,1299.21516347689,30.0026659096808,199.664210935025,0.301859619999999,104.888013618423,0,2.81522039945359,0.629940948126203,99.9006302362845,NaN,NaN,NaN,NaN,25.4337841436667,0.0441202809170043,0.996322436156895,0.15377687372678,7.00179818801586,1.4001365390511,4.16190034003321,,1301.00445717294,29.999490933575,199.853247560953,1.014033734,104.957581289238,0,3.06478648925362,0.312779710547475,99.9016850061955,NaN,NaN,NaN,NaN,21.241185221,0.0219999998807907,0.991647717688862,0.0871257026651736,6.50111967061284,2.45524420897498,3.92925219097815,,1301.59546426111,30.007399786757,200.564876430648,1.829149078,104.911969917231,0,2.91247731773529,0.155603014969118,99.9159280184346,NaN,NaN,NaN,NaN,23.5511708291331,0.0109999999403954,1.10049158156769,0.0665663747564355,6.03450735557395,2.18871098433638,9.63891254936457,,1298.91337723377,29.9977618407471,201.377665729503
0.0833333333333333,0,104.505194611236,0.669723582927264,3.32531585903108,0.355047247544899,99.416953697819,NaN,NaN,NaN,NaN,14.0686135869496,0.0316984606874817,1.4134988084314,NaN,8.48526998342224,4.97658155064563,NaN,,1299.6012466893,29.7564404700632,209.922825473143,0,104.450094693614,0.466456043864454,3.3458066795948,0.478253517017443,99.2948889996869,NaN,NaN,NaN,NaN,25.2242823022469,0.0467315838814679,1.55783889890404,NaN,7.981480519018,3.65635829377962,NaN,,1299.92343315389,29.749395511054,209.718201675493,0,104.332636732276,0.153998887971426,3.11887166635108,0.260785765133785,98.938356320968,NaN,NaN,NaN,NaN,16.7464702177182,0.0336389064199604,1.14518386252564,NaN,7.4745486119097,1.61465185348278,NaN,,1299.29921510769,29.7648125155289,209.402866079965,0.301859619999999,104.331618217967,0,2.90486724876582,0.612361162465966,98.9206186936366,NaN,NaN,NaN,NaN,25.8393968806667,0.0848135679094756,1.42462228236277,NaN,6.98877972106738,2.46981910132924,NaN,,1299.05640573765,29.7460959804957,209.549413351915,1.014033734,104.407294295194,0,3.24750285544173,0.312206293779694,98.9384311802493,NaN,NaN,NaN,NaN,21.6112065798333,0.0958273948857186,1.37485377019338,NaN,6.51091134915353,3.16721220744054,NaN,,1299.15422800597,29.7499056682736,210.259999123148,1.829149078,104.386247176735,0,3.1119469712723,0.151525419707491,99.1180524516008,NaN,NaN,NaN,NaN,24.3929915487002,0.124093771897463,1.57981121739496,NaN,6.07306136710685,3.07117046574509,NaN,,1299.96737889405,29.7580443797656,211.073830564082
0.166666666666667,0,104.640605699305,0.672642828,3.3106443328072,0.444148991981384,100.200861446374,NaN,NaN,NaN,NaN,18.7927293055,0.0326169492476599,1.2281551160702,NaN,8.51157559568479,4.65322409377379,NaN,,1300.05060736876,30.0300979266954,209.921492382399,0,104.678902487953,0.469721023999999,3.35043763416704,0.709952731925309,100.279096494328,NaN,NaN,NaN,NaN,38.0630367461168,0.0521468118699944,1.34288706516337,NaN,8.00233398615838,3.1899736811441,NaN,,1299.51543784842,30.0197752930774,209.71718206872,0,104.384227567101,0.156631651999999,3.1486500988881,0.550478795533985,100.259902861115,NaN,NaN,NaN,NaN,16.8959891056878,0.0405334141074856,1.08865548646521,0.175376694939334,7.48613200829992,1.41970448698142,3.47593987242441,,1300.35809829711,30.0383251808483,209.400734567393,0.301859619999999,104.440110819813,0,2.88597623763803,1.39154474237065,100.335602735589,NaN,NaN,NaN,NaN,26.7057281381354,0.103074726630261,1.31495997635296,0.0533206216826442,6.98579085133694,2.08807934642685,57.1178476610281,,1298.87625168012,30.0243422649952,209.543886616407,1.014033734,104.407759359055,0,3.25851420125069,1.38321133843161,100.289351071035,NaN,NaN,NaN,NaN,21.549618136,0.102186903799189,1.15337440829927,NaN,6.51460638991621,2.78093363928875,NaN,,1300.64105622391,30.0305971326911,210.254470262965,1.829149078,104.544118472418,0,3.04337024936914,1.21217030656822,100.32100925225,NaN,NaN,NaN,NaN,20.7288614456667,0.0909598650389052,1.41899245286612,NaN,6.07462154004576,2.8055355110917,NaN,,1299.9422116163,30.0259488107132,211.068298127029
0.25,0,104.73434273472,0.672642828,3.32962888698801,0.458891021359667,100.084997233556,NaN,NaN,NaN,NaN,22.2544020751667,0.0336882066854333,1.16440633072163,NaN,8.51549504056023,4.54205535665592,NaN,,1301.8859949657,30.1124652070954,209.915948139138,0,104.684448863438,0.469721023999999,3.38753906117203,0.746180112225193,100.04980715139,NaN,NaN,NaN,NaN,11.2077000428242,0.0546231762544334,1.42799723537917,NaN,8.0080867123266,3.4618634999307,NaN,,1300.84608885233,30.1174904203256,209.711622619138,0,104.510170751239,0.156631651999999,3.08889460546617,0.584399066386624,100.084112135196,NaN,NaN,NaN,NaN,15.4811814393452,0.0429618388280261,1.03572372621706,0.251804411217374,7.48615644663598,1.36270989424374,2.56256714147546,,1299.33539540374,30.1164539673588,209.395208234279,0.301859619999999,104.498160296456,0,3.01035097255267,1.34427075925481,100.060926165761,NaN,NaN,NaN,NaN,26.154489494698,0.0987805551347894,0.979048963374407,0.112653510080373,6.98388175845046,1.6453969676014,33.3452752386605,,1299.88237299646,30.1194134960635,209.53835233173,1.014033734,104.565290543674,0,3.27764901533075,1.00733175417592,100.146037783193,NaN,NaN,NaN,NaN,20.5288701780548,0.0743206473770566,1.07639160391679,NaN,6.51555877008722,2.64676805208697,NaN,,1298.81061309471,30.1168886470759,210.248943859926,1.829149078,104.590747944993,0,3.10029693009997,0.603314218942713,100.126726655168,NaN,NaN,NaN,NaN,18.735780274,0.0446880622319633,1.23109617376379,NaN,6.07245636525258,2.61025449527434,NaN,,1300.06777787432,30.108317314949,211.062773713493
0.333333333333333,0,104.763977294695,0.672642828,3.11075200351889,0.46175061504322,100.020933549829,NaN,NaN,NaN,NaN,20.980040746,0.0333537065775996,1.26913736072301,NaN,8.51658044960438,4.72469800861311,NaN,"Sample 1.50 mL to AMBR-96DWP-1/A1",1301.05978134485,30.0842859829489,209.056512646906,0,104.719614062561,0.469721023999999,3.18166414751006,0.754981444424458,100.0058357364,NaN,NaN,NaN,NaN,11.3011601172694,0.0544205061008564,1.42150023143653,NaN,8.00890978633252,3.26972915312704,NaN,"Sample 1.50 mL to AMBR-96DWP-1/A2",1300.31801499122,30.0958948118612,208.771282133649,0,104.534526727824,0.156631651999999,2.90642296494801,0.600972271153769,100.086223266237,NaN,NaN,NaN,NaN,16.1122111471642,0.0429196341151158,1.10103694186852,0.330117924351549,7.48538309394852,1.58342666156998,2.64027229114684,"Sample 1.50 mL to AMBR-96DWP-1/A3",1299.71391300988,30.0881413675187,208.377478642653,0.301859619999999,104.533547285794,0,2.75632807920295,1.30025486310057,100.052698987367,NaN,NaN,NaN,NaN,26.5084178996667,0.0916262756010231,1.11616721632021,0.0421174623792492,6.98160769847683,1.66730793796426,60.3210213204827,"Sample 1.50 mL to AMBR-96DWP-1/A4",1300.10149115562,30.0862532957461,208.442426869449,1.014033734,104.649529905278,0,2.97698100300479,0.849113603367985,100.097014869957,NaN,NaN,NaN,NaN,20.4418928402785,0.0581440368144156,1.03355908929464,NaN,6.51348938438984,2.55136185149704,NaN,"Sample 1.50 mL to AMBR-96DWP-1/A5",1299.65472904816,30.0785103495499,209.071662938481,1.829149078,104.654187040794,0,2.84234775223228,0.463701544979916,100.031199045939,NaN,NaN,NaN,NaN,18.2407526545,0.0307315313607923,1.15229972601505,NaN,6.07079956531739,2.46626788676484,NaN,"Sample 1.50 mL to AMBR-96DWP-1/A6",1299.15901250901,30.0685481530447,209.804386836204
0.416666666666667,0,104.785815702052,0.672642828,3.33117228819762,0.461294526941476,100.014230408054,NaN,NaN,NaN,NaN,20.1988850606384,0.0329999998211861,1.18181047265823,NaN,8.51464513729704,4.57246408104203,NaN,,1299.81669971307,30.046977071616,208.110858099814,0,104.723554686407,0.469721023999999,3.32733048294576,0.754595683740133,100.031527240759,NaN,NaN,NaN,NaN,11.2395844082282,0.0543322918162358,1.3926987901656,NaN,8.00716614590913,3.23701588040075,NaN,,1301.10015760079,30.050268768082,207.906514946913,0,104.559535188034,0.156631651999999,3.15291236450035,0.595533912299799,100.073533841938,NaN,NaN,NaN,NaN,15.691872714424,0.0429206893538895,1.03350876159102,0.286930121355412,7.48513523649236,1.40377443532499,3.69076432767755,,1299.2738124156,30.0502587416665,207.590167581311,0.301859619999999,104.549909468257,0,2.95699735847464,1.23066610229601,100.093222694595,NaN,NaN,NaN,NaN,27.5086651503333,0.0866648791415195,1.10664643755718,0.0613119283872421,6.98051062488162,1.65020195983197,37.4509591062263,,1299.41314072776,30.0441571528739,207.733301239688,1.014033734,104.743312388429,0,3.21040521385477,0.733028044420037,100.034072709136,NaN,NaN,NaN,NaN,18.6551252973333,0.0499966769850886,1.04549652540928,NaN,6.51190227461357,2.57264645937564,NaN,,1300.30695113663,30.0345828066651,208.443892673532,1.829149078,104.652418386601,0,3.0469754517994,0.386992412825244,100.069656310283,NaN,NaN,NaN,NaN,17.8766786216667,0.0259072456317381,1.01932922805747,NaN,6.07127200819694,2.15285700725374,NaN,,1299.72758692587,30.0257808010735,209.257720127574
0.5,0,104.76207227656,0.672642828,3.30422467668249,0.45234525796213,100.01567879694,NaN,NaN,NaN,NaN,20.9006949256132,0.0329197252178847,1.08531294425754,NaN,8.51243124525665,4.36066008450811,NaN,,1299.66664412663,30.0300006866455,208.105312263934,0,104.74461196458,0.469721023999999,3.37030465529049,0.756912470076977,100.01171396055,NaN,NaN,NaN,NaN,11.2418683279385,0.0549286949616352,1.30506460137932,NaN,8.00563145293,3.14282431162363,NaN,,1299.10786386109,30.0226319078714,207.900960199376,0,104.511528546341,0.156631651999999,3.17801422792106,0.574527850554346,99.9732868156963,NaN,NaN,NaN,NaN,15.4397121686588,0.0418781030589717,1.09963520164002,0.184109267194515,7.48413906994414,1.57204305963909,4.58518785354232,,1299.49803629916,30.0246504095942,207.584640880457,0.301859619999999,104.566826278296,0,2.96466982731828,1.13211534732331,99.9334851654079,NaN,NaN,NaN,NaN,26.911084469491,0.0825376677932563,1.27746839831448,0.143348990834446,6.97947657349683,1.80733341019746,12.5163283027589,,1300.04156062427,30.0209495048601,207.72777180988,1.014033734,104.680702912524,0,3.18035506311107,0.615057350062297,99.9560382596891,NaN,NaN,NaN,NaN,18.105704256,0.0449673374064696,1.12123973323464,NaN,6.5099851733528,2.58359389325866,NaN,,1299.01900245136,30.0039337244704,208.438359260173,1.829149078,104.717898333942,0,3.03797965627233,0.328737478852352,99.9721935385839,NaN,NaN,NaN,NaN,17.92281847112,0.0241429628297163,1.27476831304417,NaN,6.0712384245674,2.37408501589427,NaN,,1300.93207252334,30.0021944628511,209.252196473721
0.583333333333333,0,104.76741610917,0.672642828,3.37463638338225,0.452588200067184,99.9713121796861,NaN,NaN,NaN,NaN,21.0782503019265,0.0329347590360243,1.18098153302497,NaN,8.50951003597612,4.5113810380162,NaN,,1300.14362460119,30.0225353633434,208.099762269313,0,104.708167189178,0.469721023999999,3.32987686817791,0.762486484564324,99.9488463973597,NaN,NaN,NaN,NaN,10.7837104409485,0.0553357954975156,1.42720804365113,NaN,8.00383154522858,3.40022162428046,NaN,,1301.59859395526,30.008831281054,207.895399019862,0,104.462811618066,0.156631651999999,3.13835759007668,0.563295191283973,99.9622451786278,NaN,NaN,NaN,NaN,15.5150012709538,0.0410767436579985,1.06003873825575,0.207776773164934,7.48538537404878,1.47457520092233,3.36347219202148,,1300.21110569544,30.0110642855572,207.579116828481,0.301859619999999,104.53249430137,0,2.91736654127556,1.09103410533881,99.9107862926156,NaN,NaN,NaN,NaN,26.6398206241756,0.0795182776239066,1.14115347020265,0.12208828746841,6.9787288137634,1.80741259192825,12.2738267167253,,1299.21034720487,29.9911695835441,207.722242227461,1.014033734,104.633045702117,0,3.1482027055293,0.570689556956011,99.98333924205,NaN,NaN,NaN,NaN,17.945024215257,0.041751562416323,1.11651458883845,NaN,6.50855074330889,2.70894341337993,NaN,,1300.26152604131,29.9901726772756,208.432829430631,1.829149078,104.65381792643,0,3.06089290646576,0.321291674150959,99.997885589147,NaN,NaN,NaN,NaN,18.3119032195467,0.0235979242225442,1.06985353289806,NaN,6.07146453201821,2.19974118386877,NaN,,1300.28877552221,29.9899997711182,209.246666927815
0.666666666666667,0,104.786103700078,0.672642828,3.36770952377151,0.449202015460006,100.017837955004,NaN,NaN,NaN,NaN,20.6466058224251,0.0326874685956857,1.16639053803501,NaN,8.50687133510829,4.54553722651991,NaN,,1301.44122418326,30.0121847186513,208.094212035038,0,104.700297431554,0.469721023999999,3.30076032390651,0.760147985194662,99.9558106842258,NaN,NaN,NaN,NaN,10.6143962633544,0.0551691688366101,1.32193818884724,NaN,8.00011283515553,3.24349319003309,NaN,,1300.36928763946,30.0011910872812,207.88983958839,0,104.57284924238,0.156631651999999,3.09834417269111,0.563177456450725,99.9476124451705,NaN,NaN,NaN,NaN,15.6625402941697,0.0410399734155974,1.01666052433157,0.187546546788921,7.48405141335626,1.40742637963449,4.38023620694409,,1301.09400056321,29.9959639265221,207.573598063566,0.301859619999999,104.451900600462,0,2.89541956059357,1.05152347649787,99.9553220224171,NaN,NaN,NaN,NaN,29.3026488066688,0.0766732580771812,1.00319697619347,0.211190574376088,6.97695561129404,1.66326674992449,5.65659337197567,,1300.85553715993,29.9944126623539,207.71672086227,1.014033734,104.591767944991,0,3.22792054376757,0.551879255997601,99.9650099432659,NaN,NaN,NaN,NaN,17.9117300395098,0.0403799628394473,1.09162329910166,NaN,6.5087916006548,2.5675202822308,NaN,,1300.66178896748,29.9899997711182,208.427307138467,1.829149078,104.674141406983,0,3.10524284774867,0.312068545084161,99.979865330787,NaN,NaN,NaN,NaN,18.347615759,0.0229193736853211,1.05101474102636,NaN,6.07113791200683,2.23223810813561,NaN,,1299.94352150372,29.9904010308288,209.241146428945
0.75,0,104.765941346705,0.672642828,3.2825629181173,0.44740465271062,99.9641466916318,NaN,NaN,NaN,NaN,20.3036353287302,0.0325503951243423,1.14511330684489,NaN,8.50402503610255,4.50845509936207,NaN,,1300.23260466472,30.0100002288818,208.088667969202,0,104.671541968006,0.469721023999999,3.39555058085323,0.759749705890579,99.9786274984336,NaN,NaN,NaN,NaN,9.930306898815,0.0551298172742713,1.38815514892712,NaN,7.99647180732607,3.30393039754772,NaN,,1301.11501670565,30,207.884292984827,0,104.524970472419,0.156631651999999,3.11210651173477,0.559909190439704,99.9240801507987,NaN,NaN,NaN,NaN,15.4117117078701,0.040799057719099,1.04377954508385,0.223863579523779,7.48197373010224,1.44850992096158,8.3788107417324,,1300.15832584513,30.0048213543328,207.568078042899,0.301859619999999,104.436388200994,0,2.89731030028158,1.03654488615713,100.010396269269,NaN,NaN,NaN,NaN,28.8056721438312,0.0755892336488046,1.06453672224108,0.124865229033675,6.97451433485916,1.6111764441353,24.440408930188,,1299.95229260583,29.9971400917717,207.711201721824,1.014033734,104.559643743644,0,3.2264879927149,0.545508475360058,99.9761393713935,NaN,NaN,NaN,NaN,18.2737949374031,0.0399196957485111,1.11680221726194,NaN,6.50769314208397,2.71719334224366,NaN,,1300.51690367277,29.9899997711182,208.421790052098,1.829149078,104.644352729117,0,3.02945160075303,0.308724248302501,100.013707043946,NaN,NaN,NaN,NaN,18.3097469390609,0.0226755386112477,1.01130671801719,NaN,6.07126572244381,2.12169142732313,NaN,,1299.93609715279,29.9904017040092,209.235625766016
0.833333333333333,0,104.714756492363,0.672642828,3.37964779284396,0.449920056192704,99.9817142664596,NaN,NaN,NaN,NaN,20.8538526896667,0.0327330268247025,1.11654660270253,NaN,8.50075058871341,4.40647127904415,NaN,,1301.12501704005,30.0083939724067,208.083129832216,0,104.669439696183,0.469721023999999,3.29825648286804,0.76916337484464,99.9387658040214,NaN,NaN,NaN,NaN,8.77287819052196,0.0558318810940884,1.33423385318801,NaN,7.99276806850795,2.97704377618801,NaN,,1299.45542636771,30,207.878742558157,0,104.446333403077,0.156631651999999,3.14672584982937,0.560967875923133,99.9745553893888,NaN,NaN,NaN,NaN,15.3068069262047,0.0408794003057509,1.04476086787357,0.25212724150184,7.48006979301241,1.50496152477007,2.78631451091976,,1300.91017094187,30,207.562555727827,0.301859619999999,104.451664856656,0,2.9555756603196,1.02570180992621,99.9177228574953,NaN,NaN,NaN,NaN,28.8044998017843,0.0747823963611661,1.2098225924244,0.143749710556407,6.97224239818256,2.04162023724929,27.8077100948654,,1300.46509297211,30.0002730964489,207.705678521587,1.014033734,104.555191625168,0,3.21376371530306,0.545018787870925,99.9059059479949,NaN,NaN,NaN,NaN,18.1761081139968,0.03986802768197,1.10395822459644,NaN,6.50828618713504,2.69482059823992,NaN,,1300.91573473028,29.9957239835953,208.416266296543,1.829149078,104.669337896354,0,3.0068607292859,0.30833882629595,99.9154835809164,NaN,NaN,NaN,NaN,18.9725394106058,0.0226422277851658,1.14697298846452,NaN,6.07085038857592,2.24563260741163,NaN,,1300.40081562861,29.9979581779475,209.230101516304
0.916666666666667,0,104.698647699738,0.672642828,3.33261168600306,0.456338155473841,99.9376748082217,NaN,NaN,NaN,NaN,20.2710091586667,0.0332093442744261,1.10123049759091,NaN,8.49712861589611,4.43194258970835,NaN,,1298.5623143308,30.0035144955286,208.077585595982,0,104.630816790959,0.469721023999999,3.28823480257159,0.777092801508371,99.986832424955,NaN,NaN,NaN,NaN,8.65467565819344,0.0564013527966153,1.34424943729837,NaN,7.98950736922433,3.06794326222583,NaN,,1300.03851869507,30,207.873188834282,0,104.44667159285,0.156631651999999,3.16303907870344,0.561442542552131,99.8842398464401,NaN,NaN,NaN,NaN,15.6474826154762,0.0409196413393015,1.06456160511758,0.264910285565758,7.47869640055191,1.54199862303558,2.30020211114789,,1300.50335693641,30,207.557033503441,0.301859619999999,104.427405098475,0,2.87033423924583,1.00590321968517,99.9717318396317,NaN,NaN,NaN,NaN,31.6661558377157,0.0732928882955058,1.01213803998635,0.141736326231837,6.97078441173633,1.61187494943736,10.0715576045938,,1300.41521159866,30.0100002288818,207.700152115367,1.014033734,104.524887252012,0,3.19832695047691,0.546288716390017,99.962559965864,NaN,NaN,NaN,NaN,17.8500557123333,0.0399714701075383,1.08145604003667,NaN,6.50707475380498,2.61897557441921,NaN,,1299.2695248143,30.006494361114,208.410742551125,1.829149078,104.612117751053,0,3.06265019138902,0.310988293006328,99.9990645316319,NaN,NaN,NaN,NaN,18.8729048045,0.0228393045693635,1.27541545675811,NaN,6.06965587698408,2.52731352894478,NaN,,1299.1576703993,30,209.224577042439
1,0,104.68659702086,0.672642828,3.36054626572498,0.46065610705049,99.9943990410494,NaN,NaN,NaN,NaN,19.8760746856667,0.0335199463922958,1.14864285227422,NaN,8.49333777096797,4.51467402962647,NaN,,1297.56736455462,30,208.072040627727,0,104.620389011186,0.469721023999999,3.30020007536848,0.782478429865081,99.9645585952397,NaN,NaN,NaN,NaN,7,0.0567851485679447,1.45808262113768,NaN,7.9868313337701,3.33437124770744,NaN,,1300.6359696207,30,207.867635168928,0,104.302590445092,0.156631651999999,3.27468056272837,0.563438868195092,99.9625288705185,NaN,NaN,NaN,NaN,15.3973150781667,0.0410801840264455,1.06417437216076,0.26233405133137,7.47489744640067,1.48076824096916,2.35914212620276,,1303.47969459967,30,207.551511569748,0.301859619999999,104.298755736709,0.00204030895039865,3.10351067817807,0.998730877633053,99.9064800144087,NaN,NaN,NaN,NaN,32.401526431,0.0728390138373715,1.2119114697162,0.13670424803291,6.97202192354169,1.86162956765993,22.6523047075949,,1301.29456211644,30.0100002288818,207.696571098445,1.014033734,104.500167945831,0,3.22036541870217,0.549561323603494,99.9495571598479,NaN,NaN,NaN,NaN,17.7965384453333,0.0402034579439173,1.13451214092909,NaN,6.50632765626043,2.74806546393544,NaN,,1299.85502933687,30.009132153994,208.405218754664,1.829149078,104.608677708847,0,3.08517649340892,0.312046339955058,99.9706989423716,NaN,NaN,NaN,NaN,18.9597704336667,0.0229198687382356,1.15030464847543,NaN,6.06907065256311,2.26888098024881,NaN,,1302.17787886633,30,209.219053727821
1.08333333333333,0,104.68661061244,0.672642828,3.32142764077894,0.466754788972618,99.9922243281905,NaN,NaN,NaN,NaN,20.1230681735,0.0339562874314189,1.21435756420053,NaN,8.4890339054729,4.62914972177323,NaN,,1298.74809863902,30,208.066495356296,0,104.620495025884,0.469721023999999,3.33965420179674,0.793267452176233,99.9298217115632,NaN,NaN,NaN,NaN,6.879648344,0.0575589336199276,1.49038014664226,NaN,7.98431963784446,3.57089028951546,NaN,,1300.26212626582,30,207.862080257972,0,104.349776350193,0.158761983911749,3.1366910241032,0.562780640344785,99.921942001465,NaN,NaN,NaN,NaN,15.762569185,0.0410404269934821,1.1414343297662,0.233190830461231,7.47706511936671,1.3975767810931,2.61383247179915,,1298.97637010774,30,207.54802610977,0.301859619999999,104.330139110745,0.00483959799999939,2.92513254792285,0.997924143586191,99.9070355055407,NaN,NaN,NaN,NaN,33.1161568433333,0.0727587265010681,1.15628471402694,0.202176721494712,6.9765587113572,1.77938555420557,6.50785016744862,,1300.12798611524,30.0006004115787,207.693943609947,1.014033734,104.476318704286,0,3.20721178828,0.560542732732891,99.9617476163065,NaN,NaN,NaN,NaN,17.4015237035,0.040999846752861,1.0649660578504,NaN,6.50655488234861,2.48690617672882,NaN,,1299.52122968351,30.0000377448285,208.399694388616,1.829149078,104.581295868927,0,3.03613188702404,0.31676476789377,99.9582686038002,NaN,NaN,NaN,NaN,19,0.023263304025529,1.43573217764932,NaN,6.06814504115858,2.32730655426034,NaN,,1299.55512669384,30,209.213529432997
1.16666666666667,0,104.67756080492,0.672642828,3.35560048807771,0.468951399506725,99.986788098296,NaN,NaN,NaN,NaN,19.9599726635,0.0341129042886737,1.18860399243189,NaN,8.48509683211529,4.58431485021362,NaN,,1299.63625047994,29.9995990465564,208.060949242612,0,104.59255727747,0.469721023999999,3.27154333580152,0.813420015172991,99.98598915872,NaN,NaN,NaN,NaN,6.959923323,0.0589997668684465,1.39754112928412,NaN,7.98144934208096,3.29360104531495,NaN,,1300.86314741874,30,207.856523510088,0,104.332711288045,0.165682612889091,3.20255755054011,0.556113878429188,99.9664448747104,NaN,NaN,NaN,NaN,15.6754186378333,0.0405255766082081,1.16475383238409,0.256451479936261,7.48011959870124,1.49674196039101,2.2218103958517,,1298.77615685825,30,207.549423165385,0.301859619999999,104.306579008208,0.00483959799999939,2.97437598199453,0.998154080610077,99.9513287793351,NaN,NaN,NaN,NaN,34.0928571185,0.0727587306949367,1.11967889677993,0.155185729931214,6.97629175910903,1.72493112247664,10.6013815577534,,1300.64231650176,29.9991938501408,207.688419756652,1.014033734,104.496546076294,0,3.2685777995796,0.566099267678929,99.937383441382,NaN,NaN,NaN,NaN,17.4370895816667,0.0413966497621873,1.15825844705212,NaN,6.50445344192788,2.74554181677901,NaN,,1298.69614189581,30,208.394169476396,1.829149078,104.588882929954,0,3.01558283004556,0.326296391557372,99.9758916020364,NaN,NaN,NaN,NaN,18.9194097175,0.0239591288479346,1.19409707355894,NaN,6.0677022987302,2.5456727666143,NaN,,1299.73654301624,30,209.208005260456
1.25,0,104.661194927476,0.672642828,3.41047861060331,0.475057500399812,99.9282643899936,NaN,NaN,NaN,NaN,19.0447137008333,0.0345616667355696,1.17154510161835,NaN,8.4807835774236,4.55452835194294,NaN,,1300.73098542702,30,208.055404311467,0,104.616316152218,0.469721023999999,3.35094555806609,0.822215004634028,99.9811203259378,NaN,NaN,NaN,NaN,6.84048206158878,0.059653192002974,1.52545651332837,NaN,7.97885415344515,3.63212023358435,NaN,,1301.8582679583,30,207.850968406863,0,104.360798409023,0.166506998,3.10582927966255,0.551135080978291,99.9520281775537,NaN,NaN,NaN,NaN,14.738373862,0.0401607060142782,1.02803940186268,0.268412301975625,7.48153756315111,1.309138956641,2.23662185900263,,1301.02886307424,30,207.544825362035,0.301859619999999,104.305882200016,0.00483959799999939,2.96619447583614,1.00063791171032,99.9183059231787,NaN,NaN,NaN,NaN,31.0473831003333,0.0729285167225872,1.30422419467006,0.246050463756856,6.97435010463705,1.94206692244189,4.29573525279962,,1299.55766579556,29.9914868245117,207.682894484524,1.014033734,104.456473721921,0,3.22260659832653,0.574381756024246,99.9485423066543,NaN,NaN,NaN,NaN,18.0567822023333,0.0419999994337559,1.09254575162612,NaN,6.50459049628608,2.67491486997269,NaN,,1300.70333405719,30.000488837525,208.388643459317,1.829149078,104.603414706766,0,3.08597517559983,0.332409493347503,99.9549620005239,NaN,NaN,NaN,NaN,18.6252379191861,0.0244015850222569,1.09675148579926,NaN,6.06660045374362,2.32602666992151,NaN,,1298.47911503153,30,209.20247978366
1.33333333333333,0,104.650482634681,0.672642828,3.3567938485874,0.479953019900315,99.995167703418,NaN,NaN,NaN,NaN,19.5099146428333,0.0349067317514852,1.21817840995298,NaN,8.47649608764204,4.63580887900881,NaN,,1299.96446993844,30,208.049858002699,0,104.532623948165,0.469721023999999,3.33998001219453,0.838987254230596,99.9464605155998,NaN,NaN,NaN,NaN,6.79864031591121,0.0608568518537435,1.42481567140464,NaN,7.97568248384832,3.30790693861687,NaN,,1299.02959973053,30,207.845411393149,0,104.262138288111,0.166507932726525,3.12296670077954,0.5565963854815,99.913906437656,NaN,NaN,NaN,NaN,15.1330996643333,0.0405629566635135,1.06847323772563,0.343168455222394,7.47840196371174,1.38234960859541,1.66256954866658,,1300.9590014453,30,207.539302635543,0.301859619999999,104.221318838778,0.00483959799999939,2.92820451099202,1.0102634181225,99.967533753636,NaN,NaN,NaN,NaN,27.9635499493333,0.0736339750522365,1.18281236327127,0.222980776676483,6.9723848254803,1.80392165265805,5.72173633495233,,1299.44369734495,29.9940594179857,207.677368704988,1.014033734,104.373037047377,0,3.24268305905513,0.58269749100244,99.9214145831142,NaN,NaN,NaN,NaN,16,0.0426292757541849,1.13953158102865,NaN,6.50362552955896,2.75682576290343,NaN,,1300.49603928974,29.9946838159367,208.383118590044,1.829149078,104.54731252055,0,3.03981521322852,0.337972193912292,99.9568109158827,NaN,NaN,NaN,NaN,18.1708080659455,0.0248125482308032,1.14470646290024,NaN,6.06508378475496,2.36453312190318,NaN,,1300.06497098643,30.0041068803935,209.196953466647
1.41666666666667,0,104.626325423843,0.672642828,3.39105343523541,0.488881495970179,99.9626690796941,NaN,NaN,NaN,NaN,19.156006007017,0.0355587360899986,1.11181493789339,NaN,8.47254184194999,4.45039956842448,NaN,,1299.87426078065,30,208.044311280249,0,104.509523575655,0.469721023999999,3.36137600747933,0.849747696670854,99.9486581213452,NaN,NaN,NaN,NaN,6.95960802083333,0.0616785473361156,1.56248273645963,NaN,7.97266734732701,3.69672005322859,NaN,,1301.78589009647,30,207.839858591581,0,104.275505012685,0.17146656372675,3.13507092339545,0.562796058769592,99.9557981681309,NaN,NaN,NaN,NaN,14.614135312,0.0410031645445337,1.0780880685555,0.330881970493687,7.47804782757831,1.56490217993482,1.7267103591081,,1299.2357874561,30.0020087457303,207.538639123224,0.301859619999999,104.259186067122,0.00566586904543077,2.89487084594472,1.024306701965,99.9609055728357,NaN,NaN,NaN,NaN,29.1607773751667,0.0746459139079378,1.15782623496356,0.255252284873448,6.97131770526455,1.81924710121734,4.22618003094902,,1299.55586503679,29.9963871920413,207.67256701884,1.014033734,104.407269128363,0,3.30070331006304,0.595651656601082,99.9324449068793,NaN,NaN,NaN,NaN,16,0.0435442546469384,1.10786807961272,NaN,6.50149189478263,2.52546973562758,NaN,,1301.57306706412,30,208.377593816862,1.829149078,104.569610258296,0,3.09189544511915,0.342869796174424,99.9739768616854,NaN,NaN,NaN,NaN,18.4760429233684,0.0251684024727308,1.2291747832874,NaN,6.06501889658957,2.56027992370888,NaN,,1300.16972621706,30.0100002288818,209.191428388793
1.5,0,104.666974060632,0.67830980287572,3.30139631272713,0.49284810430636,99.9936844576396,NaN,NaN,NaN,NaN,20.0001555308163,0.0358391764684732,1.19494587302493,NaN,8.47089910994255,4.55034515191652,NaN,,1297.43895407141,30,208.044237304312,0,104.521112497809,0.473792847202574,3.33901255139899,0.857516005455186,99.9779297894688,NaN,NaN,NaN,NaN,6.95974361033333,0.0622009431528478,1.48591376375404,NaN,7.97186125953274,3.06566152905441,NaN,,1300.38262558568,30,207.838268151125,0,104.19809253093,0.171551800000001,3.19256265287945,0.570019570327928,99.9203552243716,NaN,NaN,NaN,NaN,14.7437680773333,0.0415431051185423,1.08114303746372,0.37446073415487,7.47736408904745,1.52464106536632,1.55596503343602,,1300.48770338223,30.0000000253041,207.533301194725,0.301859619999999,104.14701773768,0.0122305756808007,2.93499786926165,1.0370156272038,99.8979098248635,NaN,NaN,NaN,NaN,29.5571829556667,0.075597716669202,1.12777067988805,0.292652114017797,6.97055430726898,1.78624316056181,3.76252313203765,,1300.18795424747,29.9920677896953,207.673502499833,1.014033734,104.33010669729,0,3.17376336549408,0.605859435426536,99.9794415789183,NaN,NaN,NaN,NaN,16,0.0442984093569912,1.13604297497351,NaN,6.50175577550307,2.70658568026618,NaN,,1301.255749636,30.0078118229443,208.372066441476,1.829149078,104.480212595203,0,3.07785403064737,0.353083268477898,99.9514301186364,NaN,NaN,NaN,NaN,18.4379668068333,0.0259217693668101,1.15568295516735,NaN,6.06414135328201,2.36750012214598,NaN,,1299.22096667037,30.0116053142768,209.185902473172
1.58333333333333,0,104.609809362891,0.682284437999999,3.38347634163726,0.495108353917483,99.9964817439011,NaN,NaN,NaN,NaN,19.8800181618436,0.0359999984502792,1.2164434358261,NaN,8.47506492363187,4.63279202258874,NaN,,1300.47591587829,30.0085805310582,208.042857464027,0,104.487257455983,0.479133670858306,3.44384564016629,0.867421909168229,99.8899552904474,NaN,NaN,NaN,NaN,7,0.0629170469188347,1.58567517384202,NaN,7.97361706572134,3.64759833370509,NaN,,1299.97601529565,29.9988906386659,207.838078247067,0,104.150632845145,0.180685200591155,3.20668910366289,0.574158897764778,99.9257587262394,NaN,NaN,NaN,NaN,14.8541436235,0.041854026851558,1.08803232308102,0.38302262175604,7.48146403337168,1.58290656126024,1.5487780968194,,1300.66970714011,30.0013125321758,207.536713662613,0.301859619999999,104.149789350475,0.0203440859999989,2.97241609768754,1.04919797555987,99.9293672389247,NaN,NaN,NaN,NaN,29.3678932672419,0.0764713681755868,1.23355605567084,0.316969139273407,6.9715371913866,1.9434444286861,3.80411859464867,,1299.90736741482,29.9938687986312,207.676299042514,1.014033734,104.273347910235,0,3.26878802303561,0.614703067888039,99.9035043306928,NaN,NaN,NaN,NaN,16,0.0449597846624705,1.15838741051439,NaN,6.49960507507345,2.78967544638091,NaN,,1299.95040675104,30.0100002288818,208.366541618241,1.829149078,104.461143689822,0,3.07354265267048,0.358347850535618,99.9396052254012,NaN,NaN,NaN,NaN,17.1209954731667,0.0263119126462782,1.22279146043204,NaN,6.06352607026385,2.41839391609556,NaN,,1300.19363769132,30.0100002288818,209.180378032247
1.66666666666667,0,104.607574486008,0.682284437999999,3.36685061675949,0.495772997960662,99.9560325766192,NaN,NaN,NaN,NaN,19.6779244409898,0.036050829088317,1.20864665407339,NaN,8.47614782397088,4.61923067512519,NaN,,1298.62698129133,30.0079023127938,208.037309561512,0,104.420291615772,0.479306724837876,3.32500378114411,0.869826913629112,99.9623879921753,NaN,NaN,NaN,NaN,6.99999833716667,0.0631213446909481,1.52312027263716,NaN,7.9723084708879,3.47180333687503,NaN,,1300.03738142549,29.9991036091788,207.832682162521,0,104.150264470694,0.181544013999999,3.16722978506347,0.581954372492434,99.9179184994927,NaN,NaN,NaN,NaN,14.5917259091667,0.0424080113322806,1.08640243716984,0.428098589211962,7.48341569457101,1.57961005628108,1.39887379541655,,1300.08407924008,30.0047810397551,207.532251239149,0.301859619999999,104.12638434422,0.0252284092703784,2.94439786454716,1.05709985929695,99.9207231497176,NaN,NaN,NaN,NaN,23.9130064325914,0.0770404227598539,1.10289065776869,0.297892828247107,6.97119219840686,1.64243832807736,3.81698808303013,,1300.3596364616,30.0032205600377,207.675555090644,1.014033734,104.308237416845,0,3.17863493946377,0.62214923695787,99.9681512033609,NaN,NaN,NaN,NaN,16,0.0454911943752332,1.11467095557185,NaN,6.49857887619932,2.67787279171045,NaN,,1299.45760275773,30.0071020845967,208.361016888884,1.829149078,104.442614151548,0,3.03336712710431,0.368254828087284,99.9732063140736,NaN,NaN,NaN,NaN,16.9707228649224,0.0270403640394707,1.2846159670966,NaN,6.06242155293487,2.51803200277423,NaN,,1298.37513541538,30.0004432143041,209.174854422181
1.75,0,104.618848808538,0.682284437999999,3.37701541522582,0.495578430914437,99.9293860713639,NaN,NaN,NaN,NaN,19.437809325,0.0360295724770191,1.21549482197334,NaN,8.47392967173735,4.55815373937263,NaN,,1300.05152803187,30.0004007158248,208.031761978937,0,104.404568659829,0.484114781308788,3.34913239879873,0.88473616670837,99.9377390396878,NaN,NaN,NaN,NaN,7.0805784,0.0641722067069728,1.44016221071581,NaN,7.97232474905999,3.24963334203016,NaN,,1299.72080886089,29.9995975844963,207.832031590004,0,104.103494234195,0.181544013999999,3.16838089260472,0.595645061754826,99.9909813116575,NaN,NaN,NaN,NaN,14.845822739,0.0434033428799768,1.02677176766995,0.394030274911807,7.47971500767793,1.33831996140426,1.54148712939173,,1300.14404349605,30.0027505266598,207.526728768241,0.301859619999999,104.065934365992,0.0279382969250942,2.96751240412686,1.06918475243111,99.961635262128,NaN,NaN,NaN,NaN,18.6973779133333,0.077927025983603,1.10176303289551,0.254017545552534,6.9705980490006,1.72875046774283,5.43526262690992,,1299.64476612663,30.006239153758,207.672734777077,1.014033734,104.300330132646,0,3.23250265712151,0.639276587503389,99.911993812914,NaN,NaN,NaN,NaN,16,0.0467279177088676,1.11920815162462,NaN,6.49758961898008,2.72142850717347,NaN,,1298.9558172783,30,208.355490311394,1.829149078,104.43591215316,0,3.04430245815472,0.373873904329795,99.9313395023266,NaN,NaN,NaN,NaN,16.9892535255776,0.0274427466156088,1.19329506514261,NaN,6.06131949553403,2.33191136282028,NaN,,1297.85163172429,29.9967842329053,209.169329282216
1.83333333333333,0,104.578454973742,0.682310872312636,3.32422794184827,0.503024966137845,99.9793398941484,NaN,NaN,NaN,NaN,19.6782761425,0.0365631016054381,1.12258118827214,NaN,8.47080394009124,4.469186777674,NaN,,1298.17378879638,30,208.026212723748,0,104.35329294449,0.486633923937145,3.35726701700453,0.892881685673772,99.9493800364435,NaN,NaN,NaN,NaN,7,0.0647786660691502,1.48487392666393,NaN,7.97258584144421,3.56142321923199,NaN,,1301.35249100767,29.9997910253004,207.828895041293,0,104.091988931378,0.181544013999999,3.2044581933291,0.605827193253365,99.9079094178705,NaN,NaN,NaN,NaN,14.5985692956667,0.0441588831275671,1.13467621131737,0.464403728505673,7.47635044781339,1.61499130179996,1.31982262105113,,1298.94446022724,30,207.521207342519,0.301859619999999,104.052018741343,0.0346334017528494,3.01246072294972,1.08473715300274,99.9333260320687,NaN,NaN,NaN,NaN,17.2417630645,0.0790583263914732,1.29376965316153,0.282730189607578,6.97505968709616,1.83133112161135,4.10211002885909,,1299.27546234398,30.0100002288818,207.673907340417,1.014033734,104.174854584359,0,3.34361477979466,0.649426651169319,99.9349063017272,NaN,NaN,NaN,NaN,16,0.0474828708064082,1.12480233301848,NaN,6.49598375519334,2.73114374760946,NaN,,1299.34836415149,30.0000548660721,208.34996328508,1.829149078,104.434130660764,0,3.08582802296262,0.383448746605631,100.002826793412,NaN,NaN,NaN,NaN,16.9197218358333,0.028147648358823,1.29456082135156,NaN,6.0612017869341,2.62759552457558,NaN,,1299.19288338387,30.0002246311766,209.163804588227
1.91666666666667,0,104.543407915012,0.687457442642697,3.37176364162515,0.507251952333369,99.9825345457456,NaN,NaN,NaN,NaN,20.597706117,0.0368800231563634,1.22361836923402,NaN,8.47150759647552,4.64532057903157,NaN,,1298.85790394766,30.0024115064971,208.025758587494,0,104.393006331625,0.493207445894671,3.28282005615481,0.906800817928087,99.9500394319215,NaN,NaN,NaN,NaN,7.03985834666667,0.0657588901746974,1.46521052997205,NaN,7.97551879291055,3.52693507184557,NaN,,1299.01673673496,30.0095984216687,207.829914313919,0,104.024796912324,0.185628183992435,3.18466876964535,0.617016918363046,99.9436609035192,NaN,NaN,NaN,NaN,14.9085676043432,0.0449600856392408,1.04336725395623,0.429039925684742,7.47440516126752,1.50507520854568,1.50362773467898,,1301.67701812288,30,207.519644474046,0.301859619999999,103.934020385376,0.0359849199999998,3.04800888577379,1.09924709647094,99.8869225381165,NaN,NaN,NaN,NaN,16.696893626,0.0801337063726458,1.10542402139805,0.290784259100042,6.97900386706305,1.79272652221454,4.13466158344089,,1301.07915159195,30.00879426001,207.66983812995,1.014033734,104.184034574169,0,3.23577363899757,0.66695715961147,99.9409521762041,NaN,NaN,NaN,NaN,16,0.0487590025737221,1.17076249259252,NaN,6.49547044125248,2.80929576329965,NaN,,1299.33346809954,30.0055342102771,208.344438171963,1.829149078,104.33099189269,0,3.11166348263754,0.390352969832653,99.915993234374,NaN,NaN,NaN,NaN,17.0401752756667,0.0286616578482873,1.24479249628931,NaN,6.06041938658776,2.44845494564309,NaN,,1299.71819184005,30.0082090716104,209.158278780845
2,0,104.567952605855,0.688692682742271,3.37075655902651,0.515541521862272,100.020254346573,NaN,NaN,NaN,NaN,22.4616333788637,0.0374726140850221,1.14491100456032,NaN,8.47074726580146,4.4443661124934,NaN,,1301.09258070036,30.0004026177083,208.021420019927,0,104.301785740505,0.494107479999999,3.44881492996809,0.916468759107554,99.9190165807625,NaN,NaN,NaN,NaN,7,0.066480871192768,1.48913614427596,NaN,7.97617787981203,3.42089941240171,NaN,,1298.99577509705,30.0100002288818,207.825356538768,0,104.044226971466,0.192382845502342,3.17171894710352,0.624866128872492,99.9343016836726,NaN,NaN,NaN,NaN,14.6896618413605,0.045522252899973,1.06352435836476,0.4605795136527,7.48119534425237,1.46505178254237,1.37501375686701,,1298.81302738576,30.000293551842,207.520908481659,0.301859619999999,103.869179879595,0.0359849199999998,2.9836466668838,1.1141369920674,99.9031523412711,NaN,NaN,NaN,NaN,16.1464466781667,0.0812504119703915,1.20996356011906,0.356343621447708,6.97876337285474,1.82200901855049,3.21076813492163,,1300.1359469242,29.9916385340189,207.664316124789,1.014033734,104.166106047231,0,3.26726996978799,0.681694428708619,99.925797640575,NaN,NaN,NaN,NaN,16,0.0498351905035613,1.18896885826941,NaN,6.49404670190742,2.71369861095324,NaN,,1299.25449109029,30.0100002288818,208.338912052612,1.829149078,104.438364644636,0,3.02517989905502,0.397351202010308,99.9801983726609,NaN,NaN,NaN,NaN,15.7656226046667,0.0291600469412659,1.31731933091489,NaN,6.05974432825312,2.57043374391251,NaN,,1299.52327288318,30.0069702125109,209.152754765434
2.08333333333333,0,104.500124663767,0.692666212,3.34358809179148,0.512890118121964,99.9115852143952,NaN,NaN,NaN,NaN,23.6390426344697,0.0372780970372553,1.19057410481368,NaN,8.47485290476289,4.58770164797129,NaN,,1300.83489809135,30,208.019947830803,0,104.260636943403,0.494748331557615,3.40203316999396,0.926578224513483,99.9509260049614,NaN,NaN,NaN,NaN,7,0.0672206035322745,1.48453064662492,NaN,7.97351490569943,3.45772882569134,NaN,,1301.32331480925,30.0051143819179,207.820340846186,0,103.958677661956,0.192432215999999,3.13187292984818,0.628041111357385,99.8836354882976,NaN,NaN,NaN,NaN,14.8557842762963,0.0457727384777976,1.08006839491688,0.52210605913071,7.47990918683832,1.56907907246534,1.21987557841404,,1298.2600437684,30.0073392034655,207.51552904552,0.301859619999999,103.893209853186,0.0359849199999998,2.99485599997193,1.1243741172531,99.9672507608709,NaN,NaN,NaN,NaN,15.8385906463333,0.0819646047493946,1.2248898099145,0.350628603686661,6.97851525340127,1.9128681136544,3.32834645439883,,1299.07773293856,29.9703865289725,207.658793794517,1.014033734,104.12852932448,0,3.25034463246798,0.692217049875905,99.9251587270792,NaN,NaN,NaN,NaN,16,0.0505901017491327,1.15090444576962,NaN,6.49283143264484,2.77663968717214,NaN,,1300.04936455131,30.0045004290793,208.333385097112,1.829149078,104.385089844555,0,3.09096643050101,0.405833161380512,99.9800531882456,NaN,NaN,NaN,NaN,14.9886347798857,0.0297736801540208,1.18946734773912,NaN,6.05948175039024,2.45430060886786,NaN,,1299.41926257445,30.0030685281281,209.147226679504
2.16666666666667,0,104.49355131821,0.692666212,3.3512030436959,0.515050004557819,99.9893150105218,NaN,NaN,NaN,NaN,23.5740700623333,0.037438248187419,1.18412154514985,NaN,8.47674685241161,4.57643710143085,NaN,,1301.18364696465,30.0058601032757,208.014398424728,0,104.246961746032,0.499152282,3.37456094807776,0.933007566495186,99.9160777332097,NaN,NaN,NaN,NaN,7,0.0676847679693527,1.45489872711392,NaN,7.97728973891046,3.50899972064065,NaN,,1301.1530174392,29.9967860667639,207.819292221442,0,103.926229697889,0.195090028345705,3.18328154866486,0.64748152743278,99.9400719964568,NaN,NaN,NaN,NaN,15.0253337055,0.0471818985515314,1.14532866521444,0.531904275535867,7.4753986768367,1.63130828346109,1.22818543618498,,1298.84041960349,30,207.512459638225,0.301859619999999,103.889876171858,0.0359849199999998,3.06267200487008,1.15115604045319,99.931903121845,NaN,NaN,NaN,NaN,15.7590748988333,0.0838905613206663,1.35584456721901,0.388353117004966,6.9762430497147,2.10518478238869,3.07327955775538,,1300.05257227111,29.9908279040433,207.653269115366,1.014033734,104.088799837894,0,3.25797021683454,0.704169998878436,99.9267881935072,NaN,NaN,NaN,NaN,16,0.0514654281553761,1.20250437475132,NaN,6.49216413505116,2.86663318600542,NaN,,1299.66855976101,30,208.327858095758,1.829149078,104.326551391745,0,3.1001991685411,0.409900339216548,99.9322684682889,NaN,NaN,NaN,NaN,14.8906983034476,0.0300778538059558,1.29386708950146,NaN,6.05831862335693,2.46689164797792,NaN,,1299.41634410603,30.0004009953545,209.141699569906
2.25,0,104.506121850218,0.692666212,3.35704040037782,0.520088742407828,99.9456180421638,NaN,NaN,NaN,NaN,26.5321762527245,0.0377992085787229,1.14799310146018,NaN,8.47541472841873,4.51350347813694,NaN,,1299.44986889336,30.0100002288818,208.008849397942,0,104.268302099658,0.499152282,3.30483648114737,0.949518760680516,99.9948455792518,NaN,NaN,NaN,NaN,7,0.0688345140163715,1.53909260894736,NaN,7.97444284225859,3.65589604052972,NaN,,1299.95391804137,30,207.813735475459,0,103.850401382008,0.202658166,3.22158437437135,0.657006895298717,99.9460203980899,NaN,NaN,NaN,NaN,14.6787910226667,0.047879593878631,1.14113733892552,0.552560672048619,7.48172591519464,1.63688424415563,1.20064033066192,,1299.62895113116,30,207.514710775409,0.301859619999999,103.838838693541,0.0359849199999998,2.95118979359052,1.17952413637605,99.8789722067502,NaN,NaN,NaN,NaN,15.1639564446667,0.0859513760075011,1.28648513774785,0.437891382350631,6.97252225728347,2.06120410090897,2.74834533121219,,1298.38634039983,30.0052535466531,207.647744141107,1.014033734,103.997820850761,0,3.25919098849809,0.718834422052844,99.914117216784,NaN,NaN,NaN,NaN,16,0.0525413966190292,1.15043133303056,NaN,6.4907129040351,2.77583495510318,NaN,,1300.2689586281,30.0066193579316,208.322330542013,1.829149078,104.267630656345,0,3.03595215240262,0.420506959093676,99.9614838825525,NaN,NaN,NaN,NaN,14.8395094525,0.0308818763095925,1.49497632058877,NaN,6.05836113075577,2.79092762863324,NaN,,1300.62256739489,30,209.136175786022
2.33333333333333,0,104.465867250877,0.692666212,3.34858652040037,0.524803100957553,99.9952345814453,NaN,NaN,NaN,NaN,26.7037867686089,0.038135900902473,1.20097833334526,NaN,8.47217043773283,4.60582189633677,NaN,,1301.56305755921,30.0091944693015,208.0032983394,0,104.202567804636,0.501349428541957,3.43735792599946,0.975833118509004,99.9214157930281,NaN,NaN,NaN,NaN,7.121173994,0.0707581005161721,1.54366159721503,NaN,7.97409845923546,3.66393405870312,NaN,,1301.20451566516,30.0040204980781,207.810272315401,0,103.871511275923,0.202658166,3.17835980275805,0.672724574800701,99.9158920585473,NaN,NaN,NaN,NaN,14.8938104274516,0.0490281946165316,1.13761671868268,0.510638015620618,7.47887628035451,1.55811891778065,1.34184869685516,,1300.19583667055,30,207.509190150557,0.301859619999999,103.748295394259,0.0393074019667395,2.93902330820616,1.21476067646902,99.9246782095785,NaN,NaN,NaN,NaN,15.1571623595,0.0885513230948797,1.29324571577344,0.47669680181872,6.97172228219058,2.13017624247576,2.61869725010931,,1299.69721876437,30.0026839875609,207.645436013185,1.014033734,103.945949401262,0,3.22271309301173,0.733703020988901,99.9782561329804,NaN,NaN,NaN,NaN,16.1606986075,0.0536576914189996,1.20932782543886,NaN,6.48986809873708,2.85911967488261,NaN,,1300.19274253866,30.0100002288818,208.316805287623,1.829149078,104.236152964636,0,3.07983277264875,0.42509513592577,99.9297081926256,NaN,NaN,NaN,NaN,14.319474828,0.0312041386089208,1.29769549659665,NaN,6.05771698356136,2.57367622946509,NaN,,1299.77213585775,30,209.130652164997
2.41666666666667,0,104.440437520158,0.697993195557447,3.34062089687991,0.528658121891881,99.9387197911259,NaN,NaN,NaN,NaN,26.3595158058616,0.038425578757163,1.19283439370673,NaN,8.47115824134194,4.59165022971183,NaN,,1301.58111610153,30.0074783842844,208.00286772106,0,104.169629254432,0.504197084,3.3937190934005,0.982669755108381,99.9352792611266,NaN,NaN,NaN,NaN,7.16321238014879,0.0712714337113466,1.50414732960835,NaN,7.9754684190801,3.59500206131051,NaN,,1300.56597189083,30.0004012287698,207.80766555002,0,103.838528457874,0.202658166,3.16718728706316,0.689760751140017,99.9165946615373,NaN,NaN,NaN,NaN,23.5215305681905,0.050249119223059,1.07254556715754,0.565021765909989,7.47762126808495,1.55119472816254,1.23145573096009,,1298.82905415362,30,207.50366792988,0.301859619999999,103.71038094199,0.0428427754218391,2.92468226780568,1.23228205277828,99.9146031893955,NaN,NaN,NaN,NaN,15.0006010438333,0.0897919241152062,1.18490445185263,0.408053578762237,6.97074267383442,1.78666869217278,3.1215470388496,,1299.27842602684,30.0115083042291,207.643442589455,1.014033734,103.951771521421,0,3.21804899997425,0.752004316241404,99.8726921446627,NaN,NaN,NaN,NaN,16,0.054974758331824,1.21712719857438,NaN,6.49005853413938,2.83954606044217,NaN,,1300.57769439297,30.0003758077601,208.311281441342,1.829149078,104.227584869963,0,3.08477923604234,0.433667685028637,99.9683932352112,NaN,NaN,NaN,NaN,14.2340720458333,0.0318392057538905,1.27038873975997,NaN,6.05687946558879,2.60846973672781,NaN,,1299.84279817163,30,209.125128595298
2.5,0,104.409536668162,0.70300903,3.4072496628508,0.532719815303415,100.006255843574,NaN,NaN,NaN,NaN,28.3137190293051,0.0387308811640131,1.16819251443705,NaN,8.47316031625439,4.54865550774068,NaN,,1301.57620079172,30,208.002543207734,0,104.123222542947,0.505729129212612,3.38815282515034,1.00274784556165,99.9199462384626,NaN,NaN,NaN,NaN,9.09746320536117,0.072723070058491,1.64699776040751,NaN,7.97358474676416,3.8443765186447,NaN,,1300.11263310818,29.9973225555112,207.803542178713,0,103.78463562884,0.206704077917606,3.22904060450494,0.70523921249494,99.9255522360793,NaN,NaN,NaN,NaN,21.7200291104558,0.0513696428485266,1.1473838280692,0.601359308867749,7.47613812222618,1.64866725920991,1.21281318725488,,1300.07141351444,30.0003987031537,207.502077847607,0.301859619999999,103.637873252847,0.0515008737789192,3.04219185296604,1.24388115052484,99.947974398928,NaN,NaN,NaN,NaN,14.9594536145,0.0907077562527246,1.36045238281269,0.436454505359349,6.97209989298433,2.20115037500201,2.88250179077391,,1299.52523572765,30.0200004577637,207.646589482601,1.014033734,103.91924822535,0,3.2867178225095,0.760341273774282,99.9531921636201,NaN,NaN,NaN,NaN,16,0.0555773049095027,1.18182520168874,NaN,6.48770009277439,2.83055549323205,NaN,,1301.20894548883,30.0087858826428,208.305755276232,1.829149078,104.244008809912,0,3.12260828085742,0.443632375770486,99.9345764041211,NaN,NaN,NaN,NaN,14.9185915999887,0.0325522867267321,1.39272409696059,NaN,6.05679777562839,2.66363886340111,NaN,,1300.77134209294,30.0063236621705,209.119604031814
2.58333333333333,0,104.399354290157,0.70300903,3.33440810372849,0.533119931169902,99.9597415931766,NaN,NaN,NaN,NaN,29.8760766681776,0.0387555080443516,1.23726501302845,NaN,8.47234980904869,4.66912425072413,NaN,,1296.53367213113,30.0012764386514,207.996995268284,0,104.112473091443,0.509183451999999,3.43392150062622,1.00853808054617,99.9791341189542,NaN,NaN,NaN,NaN,8.30910487882338,0.0731297384394547,1.43197890254588,NaN,7.97487300471097,3.46897469662287,NaN,,1300.49568268424,29.9966549939457,207.801539679329,0,103.750769496965,0.213092079062831,3.1435080457256,0.71481002752622,99.9130253061823,NaN,NaN,NaN,NaN,24.7717458759022,0.052082648066159,1.21846725285858,0.567986494222004,7.48020758823184,1.81044449093107,1.29109894523268,,1298.04875947621,30.0012077490259,207.502953760112,0.301859619999999,103.656772703929,0.0515673199999994,2.95462772648381,1.25728630731505,99.9801011192509,NaN,NaN,NaN,NaN,14.7987601999016,0.0916634035168493,1.30852158236859,0.419923639502854,6.97127987694584,2.18780549158221,3.07494418966788,,1301.47372031702,30.0099392498612,207.641231972221,1.014033734,103.943557778722,0,3.21254020479595,0.774762306968273,99.9591489626386,NaN,NaN,NaN,NaN,16.0802431728333,0.0566060711104387,1.15678838859874,NaN,6.48669573841082,2.78690722545097,NaN,,1301.16633589301,30.0100002288818,208.300228608558,1.829149078,104.172577954347,0,3.13657117601809,0.453241283910206,99.9680735420298,NaN,NaN,NaN,NaN,14.880837991678,0.0332671155745106,1.48115103937575,NaN,6.05641228994061,2.8997921992432,NaN,,1300.11315465306,30.0100002288818,209.114078737727
2.66666666666667,0,104.431935521836,0.704463242344782,3.35557098384418,0.537829290186443,99.9594565099388,NaN,NaN,NaN,NaN,33.7732453317075,0.0390839291978151,1.26798254921804,NaN,8.47104048313505,4.72267225902862,NaN,,1299.92297800396,30.007603783131,207.992797185876,0,104.074129334446,0.511902279285302,3.31349714016012,1.03352047718449,99.933468359781,NaN,NaN,NaN,NaN,11.8176254696667,0.074963994067973,1.53921192308484,NaN,7.97506791602152,3.65616783182388,NaN,,1302.09147209442,30,207.798601112941,0,103.65641276316,0.213273675999999,3.23684053200038,0.734915010479398,99.9269544763125,NaN,NaN,NaN,NaN,27.3485541241948,0.0535515810446046,1.11043189688624,0.541508606126628,7.47597371088843,1.57154353315059,1.37621492055878,,1300.07272187989,30.0019430161027,207.497714715559,0.301859619999999,103.63716613856,0.0548337614567357,3.01188572694707,1.2818830542983,99.8799443624598,NaN,NaN,NaN,NaN,14.9830938957651,0.0934228914853336,1.13090124863366,0.457548226193521,6.97083934080646,1.85300605789439,2.86080394790247,,1298.92974699701,30,207.638867051034,1.014033734,103.828463160463,0,3.18163342878118,0.793723634725939,99.9214876594773,NaN,NaN,NaN,NaN,16.0400512176667,0.0580010190806994,1.16831431112307,NaN,6.48467850445303,2.80699162024345,NaN,,1301.01276909276,30.0011685195097,208.294700415731,1.829149078,104.221119594515,0,3.0697361904989,0.461309743374951,99.9655328030012,NaN,NaN,NaN,NaN,14.9598360356667,0.0338391171577025,1.16716581498668,NaN,6.05557725525301,2.45196693798707,NaN,,1298.62596476544,30.0045608337285,209.108552756739
2.75,0,104.420033885648,0.70879117968905,3.45585234782869,0.541200857059417,99.9803737830125,NaN,NaN,NaN,NaN,46.2047062637383,0.0393134502043762,1.09033864385355,NaN,8.47139888768321,4.38408017875271,NaN,,1299.02836674725,30.0083919517672,207.991572051003,0,104.052764023398,0.514208775999999,3.35337614282819,1.05086183545504,99.9404208713437,NaN,NaN,NaN,NaN,14.4718996976526,0.0761987095638752,1.60325430531687,NaN,7.97520813485435,3.7681084457144,NaN,,1300.46632715161,30,207.795452094712,0,103.633011272389,0.216082969816863,3.21674747405042,0.753056934644147,99.9578050837685,NaN,NaN,NaN,NaN,27.1316454486677,0.0548792245614927,1.07851515905555,0.56118105806504,7.47481297801579,1.50197641593335,1.35973753758079,,1300.10381936915,30.0008696308055,207.494799300297,0.301859619999999,103.598809348243,0.0608602951417201,3.02079061936344,1.28903304839885,99.9514301932147,NaN,NaN,NaN,NaN,14.9755229593934,0.0939365889149055,1.12074156586507,0.532946199821853,6.97181458461599,1.78052171546442,2.44714531408355,,1300.98413932712,30.0049457845913,207.639371549704,1.014033734,103.795428778089,0,3.26630935798086,0.804470983932731,99.9021153735046,NaN,NaN,NaN,NaN,16.8332263648333,0.0587967559209451,1.15577355370961,NaN,6.48401671944307,2.78515499029615,NaN,,1300.11444585228,30.0087804263117,208.289173978694,1.829149078,104.146896298177,0,3.12552181422291,0.46636187895746,99.9235871017863,NaN,NaN,NaN,NaN,15,0.0342193351362895,1.12273733124001,NaN,6.0550404412505,2.31567974779967,NaN,,1300.04067491092,30,209.103025205341
2.83333333333333,0,104.362758551472,0.714399023417352,3.3539043674377,0.54426278036583,99.9589598146018,NaN,NaN,NaN,NaN,43.6662188222345,0.0395593702623083,1.17733590772217,NaN,8.47141800467173,4.5646565366458,NaN,,1301.32682309318,30.0016059993409,207.99163202787,0,103.977063566746,0.516470871986472,3.3888109453514,1.06952036699632,99.959296183405,NaN,NaN,NaN,NaN,14.3651711796807,0.0775870108740582,1.47619860568894,NaN,7.97508793820208,3.54616026600958,NaN,,1299.92952456499,30.0007994095349,207.792058277019,0,103.676366981105,0.223441192,3.20064137237973,0.757634982246903,99.9293168922996,NaN,NaN,NaN,NaN,26.1464772900548,0.0551906828458525,1.11840697430665,0.610202263686064,7.48100982233532,1.56725426108014,1.24894929225418,,1300.5799952131,30.0064225278933,207.496839135263,0.301859619999999,103.575718274441,0.0620270060000002,2.96643282329238,1.29915443831554,99.9134969581596,NaN,NaN,NaN,NaN,15.0012913129399,0.0946585340718261,1.25302947906468,0.50807723611937,6.97215170118238,2.16123062239536,2.6226906182492,,1298.75343470296,30.0112872482331,207.635116844922,1.014033734,103.76426621034,0,3.29814632463394,0.823590801267141,99.9596961395421,NaN,NaN,NaN,NaN,18,0.0601847392374831,1.14382648572277,NaN,6.48064034523011,2.76429921117242,NaN,,1299.13107801572,30.0017357535873,208.283647834046,1.829149078,104.120492908742,0,3.10079604301289,0.476382510383894,99.9564941832525,NaN,NaN,NaN,NaN,14.9600285216667,0.0349596759770437,1.27265924290076,NaN,6.05473049039218,2.49534582931453,NaN,,1299.10575443811,30,209.09750003568
2.91666666666667,0,104.243006533409,0.718571952,3.61515956039375,0.546266038903716,99.9888362203488,NaN,NaN,NaN,NaN,63.0285993720295,0.0397605502054766,1.19615062200537,NaN,8.47220162897778,4.59742491589937,NaN,,1300.55044166642,30,207.990362887706,0,104.014215704744,0.519214621999999,3.37534294387003,1.07219072791487,99.9721834595521,NaN,NaN,NaN,NaN,13.5705926281679,0.0777595704940788,1.52154434493984,NaN,7.97531406977859,3.62536322549374,NaN,,1301.4577433106,30.0061168802727,207.789347468079,0,103.618007135641,0.223441192,3.16928417061647,0.778414349773772,99.9873647153063,NaN,NaN,NaN,NaN,27.2711923410827,0.0567065981263398,1.11152366957596,0.629288759394487,7.47829301779033,1.52568879181133,1.24380413622068,,1301.02989550197,30,207.491315646935,0.301859619999999,103.474187411868,0.063307411923115,3.0393651654845,1.32583997813852,99.8871629968261,NaN,NaN,NaN,NaN,14.95985728,0.0966491781317659,1.26873662874912,0.567786539915674,6.97083658620355,2.09031563970931,2.36451642752852,,1300.76103912982,30.0159341917197,207.630768413771,1.014033734,103.729256856595,0,3.23435380465121,0.836064100204104,99.9062100275443,NaN,NaN,NaN,NaN,17.9329627220887,0.0611212590957228,1.21085135472959,NaN,6.48005665504491,2.88113611705878,NaN,,1300.81020254766,29.9946937015279,208.278123123021,1.829149078,104.053061937066,0,3.06415348767432,0.486351681573293,99.8987089654744,NaN,NaN,NaN,NaN,15,0.0356925855713256,1.31934783921728,NaN,6.05392428731393,2.52749506017038,NaN,,1302.16150182762,30.0012082748363,209.091974886026
3,0,104.384341216379,0.722646851359424,3.31717830510356,0.551599187336721,99.9611122828139,NaN,NaN,NaN,NaN,65.6883460455269,0.0400805704622125,1.19309788390188,NaN,8.47288314526059,4.59214690600136,NaN,,1300.70259134096,30.0004003618584,207.988788432159,0,104.004475276943,0.52201897413631,3.42150378537545,1.07974250270897,99.9453326531758,NaN,NaN,NaN,NaN,13.3600733668923,0.0782840548599746,1.44795056247273,NaN,7.97716871419561,3.49679729150886,NaN,,1300.05690044955,30.0091772259369,207.786497170197,0,103.58888377608,0.227601399766572,3.13233951454444,0.790473757766901,99.8609808765772,NaN,NaN,NaN,NaN,27.2465880369479,0.0575829714816548,1.16024651251524,0.648680075453854,7.4773147223119,1.7087954406326,1.23970556271178,,1299.94046977859,29.9995993497695,207.489748854472,0.301859619999999,103.468328710874,0.069544929812045,3.02026882032206,1.33936079990316,99.9393554299208,NaN,NaN,NaN,NaN,14.798633145,0.0975979959058694,1.20782166054256,0.537524961037798,6.97131967085516,2.03407355900109,2.54819441141774,,1299.50781511675,30.0095956832627,207.631482245119,1.014033734,103.701608715275,0,3.24979257857994,0.856986556117113,99.9372737443361,NaN,NaN,NaN,NaN,18.027138056078,0.0626354138224789,1.25815534358852,NaN,6.47836339195738,2.96369519414099,NaN,,1299.84132753167,30,208.272597417019,1.829149078,104.096466869656,0,3.03306765772684,0.494695563952673,99.9428888065928,NaN,NaN,NaN,NaN,14.9197973283333,0.0362864963275493,1.19419548159181,NaN,6.05290663859732,2.34973149962224,NaN,,1301.06536258201,30,209.086449539492
3.08333333333333,0,104.347533079493,0.723753099999999,3.31311277180615,0.552800371464464,99.9669520640172,NaN,NaN,NaN,NaN,71.7896081315382,0.040160701033897,1.21740896750899,NaN,8.47129469701063,4.63448273551868,NaN,,1300.95186133214,30,207.984448029857,0,103.92363070146,0.524181511999999,3.40262487326013,1.09530362191496,99.9239678914352,NaN,NaN,NaN,NaN,14.2051947987731,0.0794343057903249,1.41387587081389,NaN,7.9784761465339,3.43733160941119,NaN,,1300.58119293402,30.004392777427,207.78320172044,0,103.483052263716,0.233665992190097,3.22468044919968,0.806637355760766,99.9063744789808,NaN,NaN,NaN,NaN,28.2678911075674,0.0587798897158798,1.10336077013979,0.596310577407091,7.48270545303563,1.6096234557425,1.36932069144752,,1299.86493239951,29.9991934545339,207.490493257324,0.301859619999999,103.379356310304,0.072447736,2.96595267729174,1.33953495183119,99.9806072346575,NaN,NaN,NaN,NaN,15.0433989683333,0.0976430037570267,1.39083731645042,0.474642252034067,6.9724438181256,2.24392349050061,2.88886094174286,,1299.24520026351,30.0087942863823,207.628964828038,1.014033734,103.625676856796,0,3.2300078105642,0.868104867915454,99.92824658128,NaN,NaN,NaN,NaN,18,0.0634376634854607,1.16949808574095,NaN,6.47913374950996,2.80905098761946,NaN,,1298.2047744836,30.0008008599415,208.267071261244,1.829149078,104.046161792513,0,3.11157995630562,0.508260252323228,99.9877766449135,NaN,NaN,NaN,NaN,14.9192697766667,0.0372820751913175,1.50863488980599,NaN,6.05228963901067,3.01968053983905,NaN,,1299.09178720446,30,209.080921874101
3.16666666666667,0,104.326539172982,0.727392498893018,3.38339606674913,0.557711161983018,99.9943131226056,NaN,NaN,NaN,NaN,75.0408303960023,0.0405225704846537,1.17855387929902,NaN,8.47319264778113,4.56674125747545,NaN,,1300.28277484269,30.0008021564228,207.982430391212,0,103.941682327797,0.524181511999999,3.39652941305938,1.1148631744676,99.9399636084928,NaN,NaN,NaN,NaN,13.4153257968333,0.0808430686597095,1.48144793572193,NaN,7.97404598947021,3.37962203362966,NaN,,1301.26358834476,29.9995986732279,207.777646453362,0,103.527226517896,0.233667141999999,3.12684916438398,0.825792333576813,99.9126532786641,NaN,NaN,NaN,NaN,28.727864993318,0.0601353722622866,1.06333284796565,0.618119633317837,7.48116155166726,1.46698698739258,1.36850155705739,,1297.91381917419,30,207.484973278455,0.301859619999999,103.41106436309,0.0759440704345845,2.958643281193,1.35790638975888,99.8808543328822,NaN,NaN,NaN,NaN,15.872513055,0.0989501991338091,1.13196414509137,0.501925212990354,6.9721676963647,1.85047263141801,2.75098531507484,,1301.36840694454,30.0060586565901,207.62683370831,1.014033734,103.635362708901,0,3.26219509589918,0.884917597857127,99.9427728174212,NaN,NaN,NaN,NaN,17.9841607896667,0.0646579188152561,1.22071455906906,NaN,6.47848542915453,2.89836309499274,NaN,,1301.01062404519,30,208.261544163755,1.829149078,104.036740216233,0,3.08019593745985,0.517552208207102,99.9493422621277,NaN,NaN,NaN,NaN,14.9597098201667,0.0379598399044908,1.36340382616277,NaN,6.05136458306031,2.72166746927903,NaN,,1300.41559311905,30,209.075394556102
3.25,0,104.292846884674,0.728973204,3.35056269181636,0.556651022397918,99.9656058149478,NaN,NaN,NaN,NaN,90.0531259780451,0.0404534266688257,1.17108147624059,NaN,8.4735881567704,4.55373667562505,NaN,,1300.28861057995,30.0032126319613,207.978566693892,0,103.858653077281,0.527749891356455,3.41012292198436,1.12726110634736,99.9767196426595,NaN,NaN,NaN,NaN,13.5007985990978,0.0817531426667129,1.55289947199155,NaN,7.97787644469857,3.67999611284296,NaN,,1301.58868259297,30,207.775558785018,0,103.404538407486,0.233667141999999,3.17940362620038,0.841228282729134,99.9134003196265,NaN,NaN,NaN,NaN,36.9059102340571,0.0612719213424352,1.11413840804659,0.600399652800611,7.47603133035215,1.5616224337272,1.4275624538447,,1300.74633653796,30,207.479448376398,0.301859619999999,103.32166320001,0.0783956233009996,3.06769868964012,1.38835754889963,99.8995566195421,NaN,NaN,NaN,NaN,16.040447378,0.101178333684191,1.14187536398252,0.598019769259332,6.9715827538995,1.97660916033975,2.43394796319014,,1298.30069370591,30,207.623760742556,1.014033734,103.618515844185,0,3.26274214207583,0.889376108613112,99.9752904224575,NaN,NaN,NaN,NaN,16.476628734,0.0649713673395224,1.21189582527444,NaN,6.47764739962174,2.88294735324826,NaN,,1298.25514829144,30.0005156306293,208.256016240613,1.829149078,103.963247436967,0,3.12054653814661,0.524976178031753,99.9609116738132,NaN,NaN,NaN,NaN,14.919617432,0.0385148658531773,1.47875291628727,NaN,6.05015692214803,3.04239449861922,NaN,,1299.06337231503,30.0055522967241,209.06986826633
3.33333333333333,0,104.342899524612,0.728973204,3.36472069417917,0.557753024649059,99.9453030049441,NaN,NaN,NaN,NaN,98.162727076107,0.0405199097845117,1.17495015121594,NaN,8.47275805587268,4.56044753170039,NaN,,1298.98354970141,30,207.973016665324,0,103.802933658529,0.529187357999999,3.43873424283977,1.1414064512623,99.9305352175631,NaN,NaN,NaN,NaN,15.1036163065206,0.0828149448905234,1.57649412331841,NaN,7.97747563926448,3.72123423657471,NaN,,1302.34990175144,30.0046780228673,207.771541900492,0,103.390195151465,0.238548168797276,3.11923115212935,0.870225900752018,99.9183381949811,NaN,NaN,NaN,NaN,35.5139174251889,0.0634001724747756,1.09886354727115,0.61765663584299,7.4772618218132,1.39456192042445,1.42788969407861,,1298.71388133029,30.0003658752965,207.478706003893,0.301859619999999,103.280698316776,0.0828100320000003,3.01203032447366,1.39817806236581,99.8610471877949,NaN,NaN,NaN,NaN,15.7991915573333,0.101902372974352,1.22265522910312,0.555260004415329,6.97082600831691,2.11751795384043,2.54323977809388,,1300.05626186613,30,207.622755140442,1.014033734,103.584692857606,0,3.28530276832147,0.899676778718191,99.9197243486695,NaN,NaN,NaN,NaN,16.35136732,0.0657233149907888,1.22857189543097,NaN,6.47595800159681,2.91204175397807,NaN,,1300.14697427692,30.0095857747365,208.250488875842,1.829149078,103.936919936866,0,3.14799384754768,0.534604336100182,99.9276018733558,NaN,NaN,NaN,NaN,15.1209661455,0.0392288701758268,1.52030064102888,NaN,6.04972095524055,3.11499921536071,NaN,,1300.63271513359,30.0100002288818,209.064342813681
3.41666666666667,0,104.287286484755,0.728973204,3.40324100770561,0.563828751406765,100.00688516248,NaN,NaN,NaN,NaN,98.4490322766493,0.0409574950499558,1.24904346812935,NaN,8.47251369121133,4.68963458613555,NaN,,1299.18895554307,30,207.967465145025,0,103.829627629031,0.52918742449843,3.37904171794691,1.17088398599614,99.9625594016812,NaN,NaN,NaN,NaN,14.8814229725483,0.08490493302942,1.65526549875186,NaN,7.97302064051487,3.85882949970662,NaN,,1300.53443407524,30.0071886575982,207.765988129034,0,103.319399601499,0.241507980617858,3.170989214118,0.874171636816426,99.9358994483161,NaN,NaN,NaN,NaN,32.4971633435003,0.0636822244505511,1.09325789647945,0.753582824418102,7.47557636485816,1.54126183133808,1.17493452587464,,1299.94753145262,30.0060643166172,207.476144549736,0.301859619999999,103.2494805712,0.0866368937260112,2.99598565732741,1.40878307056881,99.9255688951263,NaN,NaN,NaN,NaN,16.0399523068333,0.102638788274886,1.25828682794106,0.596202321986998,6.97222249802195,2.07742260518711,2.39662123081509,,1299.28851596468,29.9987933449225,207.620952907922,1.014033734,103.480096841322,0,3.24405085512179,0.909419327479851,99.9176266447635,NaN,NaN,NaN,NaN,16.8036601521667,0.0664781212169779,1.19779519880693,NaN,6.47500794453072,2.85837326049154,NaN,,1298.79950586737,30.0067742426015,208.244962991704,1.829149078,103.943568320083,0,3.09630042040001,0.537648748081716,100.002594030945,NaN,NaN,NaN,NaN,14.919733551,0.0394384669705389,1.34309257869908,NaN,6.04921232284075,2.80572520600993,NaN,,1298.8316015177,30.0085501547797,209.058817930639
3.5,0,104.275337310178,0.730413749345723,3.39827354473943,0.566058617562301,99.9726662048712,NaN,NaN,NaN,NaN,101.196284695026,0.0411200138262852,1.20981751095539,NaN,8.47111685453672,4.62124911701471,NaN,,1301.31104554002,30,207.963250507489,0,103.840889918931,0.534132234085094,3.43057647301266,1.18170782106507,99.9590591316471,NaN,NaN,NaN,NaN,13.6379935811957,0.0857002119901789,1.54973500746479,NaN,7.97875237686006,3.6745333138215,NaN,,1301.69539757809,30.0058144238302,207.765275145569,0,103.318185451364,0.244076743720018,3.15430807749051,0.885172985679206,99.928289674502,NaN,NaN,NaN,NaN,32.7959112268936,0.0644740417730535,1.11594870481486,0.678101965821948,7.47643294241259,1.57725696445777,1.31090196100599,,1300.2476439637,30.0079780716177,207.473188526399,0.301859619999999,103.1753802576,0.087971702,3.06116966422381,1.4161172768809,99.8775929698395,NaN,NaN,NaN,NaN,16.3860459360625,0.103191476598066,1.25867530673721,0.611687101943164,6.9733826535152,2.18018656565691,2.34537346982159,,1299.59404738737,30.0004014368163,207.616865583101,1.014033734,103.47958776108,0,3.28726461208115,0.917939027281033,99.9631408430319,NaN,NaN,NaN,NaN,16.2390749648333,0.0670800341706203,1.1970132623729,NaN,6.47248695565619,2.85707984029197,NaN,,1299.57502750292,30,208.239438415452,1.829149078,103.904503809831,0,3.10897412517902,0.547917777946418,99.9568701844291,NaN,NaN,NaN,NaN,14.9598578588333,0.0402006723015778,1.24833021294861,NaN,6.04805604620987,2.64041170750283,NaN,,1299.3951014674,30.0006079328192,209.053292398239
3.58333333333333,0,104.287410702722,0.736638027512761,3.411786368441,0.569010963111838,99.9579872257751,NaN,NaN,NaN,NaN,101.063315368941,0.0413240042584864,1.16099314368361,NaN,8.47235267743422,4.53612407136784,NaN,,1300.96392415053,30.0004017951345,207.963921560917,0,103.768615760121,0.534232159999999,3.40584145977917,1.20622826995801,99.9258909588093,NaN,NaN,NaN,NaN,17.8330735999732,0.0874859151706435,1.41411558107211,NaN,7.9755135738896,3.14632412792858,NaN,,1300.12252220853,30,207.759921489282,0,103.221770689994,0.248743113999999,3.17524075549257,0.882964864246321,99.9038091253358,NaN,NaN,NaN,NaN,34.0565192575269,0.0643291817289863,1.13066790133604,0.699769263337353,7.48027183259518,1.52878389359297,1.27906967578617,,1301.74997169652,30.0063820752074,207.472434214903,0.301859619999999,103.086383617848,0.087971702,3.09216173448137,1.44008128588778,99.7931212333686,NaN,NaN,NaN,NaN,16.7526969115605,0.104931122852444,1.25627028317703,0.667387508389841,6.97180070871506,2.17611370943414,2.24683913862418,,1299.43937628345,29.9943738776312,207.611340811823,1.014033734,103.506724959307,0,3.28351826092113,0.924362495076358,99.9019645647322,NaN,NaN,NaN,NaN,16.0025472464438,0.0675161761931732,1.18295960745143,NaN,6.47321176842057,2.83256365469185,NaN,,1299.59366531576,30.003151975403,208.233912107891,1.829149078,103.907351758237,0,3.09502953953405,0.551226474271865,99.9798346610219,NaN,NaN,NaN,NaN,14.9195413958333,0.0404419060716728,1.63916325634046,NaN,6.04728434707319,3.32267449453707,NaN,,1299.23780301637,30.0022028428162,209.047766295408
3.66666666666667,0,104.235166287,0.740361565517779,3.37668569219173,0.575415573094464,99.9809330070685,NaN,NaN,NaN,NaN,101.590622647777,0.0417904934382575,1.23223705664277,NaN,8.4720598513581,4.66033569552573,NaN,,1300.28477672815,30.0003991325135,207.962094116001,0,103.720160438416,0.536900485904181,3.40464057305798,1.22794413783978,99.8921222011187,NaN,NaN,NaN,NaN,19.6468035391906,0.0890495319567635,1.50758599600611,NaN,7.97617526104525,3.25957752843969,NaN,,1300.55460118694,30.001189415793,207.756934049578,0,103.226310835359,0.249299843800526,3.20507479362196,0.897467263979667,99.8830123331814,NaN,NaN,NaN,NaN,35.0758175219923,0.0653801910970097,1.13001395656158,0.712123020333056,7.4778316239381,1.58445288121237,1.27717574782561,,1299.8455341139,30.0020941894411,207.467365591097,0.301859619999999,103.038491500513,0.0942984203539187,3.05547765913817,1.47403742533669,99.8887664376618,NaN,NaN,NaN,NaN,17.5704650169535,0.107371821527252,1.21267687567266,0.648691057013083,6.97214939929431,2.10014032257268,2.30591118118339,,1300.83067585875,30.0039968541529,207.611933029726,1.014033734,103.340065528835,0,3.31692048128573,0.937568374077075,99.9492842776849,NaN,NaN,NaN,NaN,16.3498059563895,0.0685125757104374,1.25904285932657,NaN,6.47285865769373,2.96515597944904,NaN,,1299.79511839429,30.0076877802519,208.228384598775,1.829149078,103.859953084514,0,3.15776540638445,0.556930326369836,100.011302551455,NaN,NaN,NaN,NaN,15.2142983858571,0.0408562501648359,1.44334719953729,NaN,6.04660153315198,2.98084579750689,NaN,,1300.79591908912,30,209.042240478397
3.75,0,104.180883208406,0.744555603999999,3.45596571313734,0.577110770027688,99.9394486324773,NaN,NaN,NaN,NaN,99.0231006869021,0.0419197825583674,1.19689752315742,NaN,8.47287202271947,4.59872046162875,NaN,,1299.10464994175,30.0026740445859,207.960840488841,0,103.680068962925,0.539257483999999,3.35846574087859,1.25100953363237,99.9799904784572,NaN,NaN,NaN,NaN,22.7401347425699,0.0907349984675709,1.4405262162257,NaN,7.97680221480645,3.39076246014164,NaN,,1299.79458927601,30.0089056995872,207.753838005663,0,103.155562373109,0.253924261999999,3.15550562068441,0.915415420568593,99.8823091960821,NaN,NaN,NaN,NaN,38.5954193018287,0.0666669002638821,1.12997275068559,0.764278590365594,7.47887757555926,1.64801579731689,1.21350764013339,,1299.5968405896,29.9989523932944,207.466570173696,0.301859619999999,102.934758810126,0.0983534759999989,2.99666591245694,1.48135450286045,99.9102539528206,NaN,NaN,NaN,NaN,17.1116387322569,0.107934786611124,1.40384139461796,0.592290949891006,6.9737220120642,2.35531302110769,2.59123322405849,,1299.0387597472,30.0020222047076,207.610670756158,1.014033734,103.299945717136,0,3.2580729019438,0.944523411482526,99.9288843336953,NaN,NaN,NaN,NaN,16.3305996347373,0.0690665159565984,1.2206187223806,NaN,6.47307499453678,2.89819336184695,NaN,,1300.90536243824,30.0000058898038,208.222861950574,1.829149078,103.884764675202,0,3.08938004817076,0.562140908583144,99.9921645474221,NaN,NaN,NaN,NaN,15.7776935281429,0.0412500232914335,1.31893013453631,NaN,6.04599407989254,2.66243776862173,NaN,,1300.28997769573,30,209.036716807768
3.83333333333333,0,104.233885123938,0.747380148340512,3.45111757815732,0.582949671545652,100.009542964017,NaN,NaN,NaN,NaN,101.517729420063,0.042320618145007,1.2601198391229,NaN,8.47355800090616,4.70896776832074,NaN,,1300.07145123709,30.0091981220651,207.958008337807,0,103.634700300845,0.540467471971655,3.3928318172392,1.27036388357392,100.013350368772,NaN,NaN,NaN,NaN,19.6616555868993,0.0921565749434591,1.51768796400646,NaN,7.97381293585465,3.61858467026979,NaN,,1298.7887961114,30.0100002288818,207.749394271327,0,103.068313138704,0.253924261999999,3.24073071482137,0.931768009346174,99.8809930208157,NaN,NaN,NaN,NaN,41.7697852218679,0.0678827776789253,1.16673042662143,0.725747925876195,7.47585881789299,1.67011134829779,1.29221994224568,,1301.48546269228,29.9909984178766,207.461047345477,0.301859619999999,102.901256807082,0.0983534759999989,3.05260971078371,1.50905020811788,99.9121831318077,NaN,NaN,NaN,NaN,17.4016669736667,0.109960539577496,1.27824689984426,0.568354153455441,6.9722812373467,2.21441412969322,2.75345034744991,,1301.51499517505,30.0024105715573,207.605146888598,1.014033734,103.315552168614,0.00359258019270169,3.25623394659548,0.960524149091353,99.9120954552883,NaN,NaN,NaN,NaN,18.4371273613136,0.0702007451559141,1.21783679829678,NaN,6.47181187587163,2.89335775174935,NaN,,1300.00119154538,30.0044157792195,208.220730365482,1.829149078,103.881190079016,0,3.04923931710974,0.568844407604572,99.9346689310025,NaN,NaN,NaN,NaN,16.7855753335,0.0417184888936344,1.65789857191664,NaN,6.04516804165481,3.18736408171932,NaN,,1300.34231307773,30,209.031191103946
3.91666666666667,0,104.169353383624,0.749736752,3.34397689921489,0.579139494409121,99.9708236183952,NaN,NaN,NaN,NaN,113.462790342497,0.0420402355990389,1.23918966167247,NaN,8.47357803208798,4.67246973446722,NaN,,1300.46982121692,30.0074041539387,207.954913058685,0,103.673395474141,0.544243852,3.43735290134455,1.27245520382381,99.9931991127168,NaN,NaN,NaN,NaN,23.3354556261394,0.0923237399394048,1.57634969550311,NaN,7.97779811094837,3.72094320771573,NaN,,1299.59443560418,30.0084185545026,207.747718182177,0,102.994492597165,0.259581037632507,3.23648912381895,0.962346427070692,99.8365120920657,NaN,NaN,NaN,NaN,45.9766042439078,0.070099922077094,1.11376160727474,0.803375381678881,7.47581691798083,1.60006923906258,1.2058694506233,,1299.97663852665,29.9995998808089,207.460976969989,0.301859619999999,102.834932284269,0.100193266276859,3.01716277920595,1.53565098035174,99.9120543445324,NaN,NaN,NaN,NaN,16.4745313715971,0.111879692259724,1.37379417615554,0.598376652954889,6.97096243374928,2.32047363364509,2.59566062886736,,1299.02049663431,30,207.601356367151,1.014033734,103.322587555558,0.0100976164383136,3.31294302889184,0.972511863876025,99.9479204643444,NaN,NaN,NaN,NaN,20.6424351557411,0.0710407448974138,1.28382047206521,NaN,6.47484378092586,3.00836921279349,NaN,,1299.37634442156,30.0003984528413,208.221909105771,1.829149078,103.901718491018,0,3.0429887700825,0.571659278304953,99.9801618158563,NaN,NaN,NaN,NaN,16.5225586911667,0.0419199026363433,1.41069663873268,NaN,6.04447404413531,2.92402274320733,NaN,,1300.48392809789,30.0008550549992,209.025664541367
4,0,104.150215960099,0.75148815454948,3.35620849898866,0.582027826887967,99.9884645904459,NaN,NaN,NaN,NaN,120.314754305728,0.0422558126966752,1.21367909729891,NaN,8.47198935288301,4.62800574762262,NaN,,1303.50792700362,30.0016061028566,207.951003744885,0,103.704934222047,0.544411182362017,3.44337515532464,1.29195746686582,99.9395503856545,NaN,NaN,NaN,NaN,23.1238890718879,0.0936362632023267,1.50806988813593,NaN,7.97382386823506,3.60173000680055,NaN,,1300.11557513783,30,207.74222959196,0,102.912800148729,0.264111256000001,3.28692308203943,0.971638648467222,99.9815516088205,NaN,NaN,NaN,NaN,51.3593680892366,0.0707987003443133,1.12907701652046,0.76483371731522,7.47868851384721,1.54369368374031,1.29830992570079,,1300.52216495546,30,207.460189843438,0.301859619999999,102.82404490747,0.10577112295598,3.0967511478222,1.54545130909554,99.8998903538059,NaN,NaN,NaN,NaN,16.9224392465695,0.112592565649498,1.34516670818136,0.571273003574078,6.97082376793894,2.33116856153693,2.76324244853283,,1300.53355692571,30.0004027470796,207.601408107486,1.014033734,103.323139549664,0.0100986579999996,3.3124032853962,0.984732162704214,99.9230341419572,NaN,NaN,NaN,NaN,22.9413544197278,0.0719193658319541,1.25041521485839,NaN,6.47569251342332,2.95014016938765,NaN,,1300.33446835771,30,208.2163831332,1.829149078,103.838929693733,0,3.05970514292972,0.574238425072712,99.9615589406828,NaN,NaN,NaN,NaN,16.1600673925,0.0421240122817942,1.46729706943174,NaN,6.04375586141836,2.91004628388179,NaN,,1300.35934986575,30.0023574266703,209.020138368179
4.08333333333333,0,104.156155318223,0.755013230945896,3.38825113746217,0.589963109210934,99.9325417940322,NaN,NaN,NaN,NaN,129.611080203325,0.042839012343894,1.146578438549,NaN,8.4717381928478,4.51097896669414,NaN,,1298.11428447783,30,207.949025206539,0,103.647338531632,0.549288132968828,3.44296964446257,1.29662131891539,99.9572983891724,NaN,NaN,NaN,NaN,18.4106020721226,0.0940293883246971,1.52352593650125,NaN,7.98083712837935,3.62870635695134,NaN,,1300.25387621313,30,207.741649619476,0,102.867075858708,0.264111256000001,3.22282961957142,1.00349413613835,99.8494112343872,NaN,NaN,NaN,NaN,49.091639197445,0.0731183198640871,1.07576716381509,0.786199448434448,7.47653124424096,1.49235136971273,1.30377560878713,,1299.41695054968,30,207.454669780849,0.301859619999999,102.768784951759,0.111168977129016,3.10234341341683,1.56263784203113,99.9008723456671,NaN,NaN,NaN,NaN,17.3226872795367,0.113844620120756,1.29865010103987,0.560279597206675,6.97173588301337,2.05710461372232,2.8330855573098,,1299.36547585007,30.0022762350194,207.601281766842,1.014033734,103.305202057446,0.0100986579999996,3.32440870864924,0.994043877602339,99.9184111942724,NaN,NaN,NaN,NaN,21.1558298507898,0.0725717654418338,1.27659999717217,NaN,6.47556736234302,2.99580868711841,NaN,,1299.25109949632,30,208.210854153584,1.829149078,103.83080237337,0,3.1294919594604,0.582381453688562,100.012520592343,NaN,NaN,NaN,NaN,17.1557813596667,0.0427109388814563,1.27953792434259,NaN,6.04328414826169,2.69485306924884,NaN,,1299.03312801832,30.001208395899,209.014612660185
4.16666666666667,0,104.130186472707,0.760071466989381,3.46800940208023,0.58662552338442,99.9779222084253,NaN,NaN,NaN,NaN,139.100634696316,0.0425929389617636,1.20839296677749,NaN,8.49364305286003,4.61876080289474,NaN,,1301.56046663854,30,207.948541379556,0,103.610135029617,0.549288653999999,3.34303300466818,1.30450723697375,99.8842779011306,NaN,NaN,NaN,NaN,26.5901463938147,0.0945985516159199,1.61669000646418,NaN,7.97656284690507,3.71310129694892,NaN,,1299.88816929057,30.0004030847173,207.736097009369,0,102.831288835368,0.269591755928637,3.27284821483936,1.01219140051094,99.9155641818167,NaN,NaN,NaN,NaN,50.7331723430082,0.0737263152422021,1.13991347297228,0.819000118913784,7.47533061461622,1.64187734171836,1.24669864384122,,1299.88480379665,29.9943722617659,207.454419093881,0.301859619999999,102.704463368973,0.113935876,3.032845382514,1.56687586079589,99.8839223851811,NaN,NaN,NaN,NaN,17.0397296082966,0.114146133876883,1.34994608696044,0.538786359785385,6.97492906417376,2.27069279260141,3.02883270666343,,1299.55301778998,30.0069688698261,207.598627696791,1.014033734,103.176747049375,0.0100986579999996,3.33154668019428,1.00973352578689,99.9368239544778,NaN,NaN,NaN,NaN,24.1811388655237,0.073772263629319,1.20759744548459,NaN,6.47443541612849,2.87549545725934,NaN,,1300.5654130687,30.0004767655091,208.205325898646,1.829149078,103.859571938506,0,3.12420840667487,0.586957646062315,99.9968223380712,NaN,NaN,NaN,NaN,21.0480190551748,0.0430401884911732,1.51758624550383,NaN,6.04296068269154,3.11033058384657,NaN,,1299.91590708104,30,209.009086183488
4.25,0,104.175783098943,0.760079569999999,3.40289194294303,0.576925457086596,100.040008214223,NaN,NaN,NaN,NaN,142.56647677585,0.0418788466727291,1.16498818901878,NaN,8.5050239042192,4.54308056479408,NaN,,1300.75553012776,30.0020112643215,207.943040434025,0,103.534846954121,0.550394495787327,3.40224278277873,1.3335382651632,99.9197566669351,NaN,NaN,NaN,NaN,30.5585413935934,0.0967275092255696,1.49255099251569,NaN,7.97402035274068,3.54002646375793,NaN,,1301.46836904689,30.0066269257331,207.731547554116,0,102.777167530292,0.274531986,3.29890231380613,1.026007310211,99.9050405309305,NaN,NaN,NaN,NaN,59.7706443306774,0.0747514681999445,1.11162778212844,0.756777142775616,7.48452731098113,1.6240487752106,1.37330773172808,,1301.95196744154,30.0068073297772,207.454046520096,0.301859619999999,102.601250067627,0.113935876,3.00366429048428,1.58825501219682,99.818055800282,NaN,NaN,NaN,NaN,17.0402098043333,0.115722132935457,1.42163145998876,0.649877813829279,6.97480015393051,2.28482664502304,2.50655413910546,,1301.00238959417,30,207.59310173049,1.014033734,103.091428357614,0.0125918494248672,3.30343478214395,1.02087288323204,99.923167439666,NaN,NaN,NaN,NaN,25.4869916143333,0.0745635337108365,1.21037141611338,NaN,6.47264015226426,2.88034410119693,NaN,,1302.16573350318,30.0007298524459,208.202188314493,1.829149078,103.86248258811,0,3.11707944560942,0.585102148651863,100.012416266017,NaN,NaN,NaN,NaN,31.2839017163252,0.042897107243721,1.39373953483826,NaN,6.0420544214891,2.89413682860411,NaN,,1298.88375485684,30.0004000098553,209.003558805925
4.33333333333333,0,104.123287585163,0.760079569999999,3.19352559843556,0.576088159040711,99.893695685177,NaN,NaN,NaN,NaN,135.954201380311,0.0416435683449046,1.21933994453389,NaN,8.50783648436234,4.63783391857973,NaN,"Sample 1.50 mL to AMBR-96DWP-1/B1",1300.02911260191,30.0028605941906,207.601927040524,0,103.521475713302,0.554998191773298,3.23297506586414,1.35896494924831,99.8854471787497,NaN,NaN,NaN,NaN,26.1841887971085,0.098104392706887,1.68760788248873,NaN,7.97923556219428,3.91547334772934,NaN,"Sample 1.50 mL to AMBR-96DWP-1/B2",1298.34351548882,30.0022143648433,207.378144896097,0,102.710864330098,0.274531986,3.04233631825156,1.04827875102714,99.846205566498,NaN,NaN,NaN,NaN,64.4938168537875,0.0757900788538198,1.1130318678016,0.772609208791921,7.48657843281352,1.55681700305094,1.36076664551149,"Sample 1.50 mL to AMBR-96DWP-1/B3",1299.80439812237,30.0080632325018,207.084692194964,0.301859619999999,102.546639042551,0.114272236384613,2.89410413866074,1.62727837617636,99.8280343345852,NaN,NaN,NaN,NaN,17.1478357966667,0.118327027552241,1.27834745998794,0.773414105162184,6.97314659989795,2.11955216661804,2.19452905497846,"Sample 1.50 mL to AMBR-96DWP-1/B4",1299.26347391823,29.999466624854,207.403269079814,1.014033734,103.132895989583,0.0173819344255365,3.03637720950228,1.04057412520794,99.8333496972941,NaN,NaN,NaN,NaN,26.3995836765,0.0759536159666233,1.22720709241758,NaN,6.47335797664646,2.90964354552111,NaN,"Sample 1.50 mL to AMBR-96DWP-1/B5",1299.5994731945,29.9999697644589,207.995386667621,1.829149078,103.844285119231,0,2.90474654278134,0.585166719848607,99.9209703071768,NaN,NaN,NaN,NaN,30.7816352065,0.0427840422762811,1.60093051047448,NaN,6.04109787614298,3.25583313922772,NaN,"Sample 1.50 mL to AMBR-96DWP-1/B6",1301.37749827697,29.9990106562129,208.773831625338
4.41666666666667,0,104.09841335454,0.760079569999999,3.41294729760749,0.585143829558958,100.009841462702,NaN,NaN,NaN,NaN,146.729850134731,0.0419171280683892,1.12900874771877,NaN,8.50582459683035,4.4803569524363,NaN,,1301.73458707843,30.0022873707676,206.137936452171,0,103.484536979664,0.559378258,3.37628841767914,1.36314564309307,99.9894444029509,NaN,NaN,NaN,NaN,24.9902486123539,0.0969119835117224,1.58338497973701,NaN,7.98484078544439,3.73327122430714,NaN,,1299.9960412036,30.0005144184872,205.935524270908,0,102.597099390867,0.274531986,3.24852483295147,1.06962026389723,99.876166149782,NaN,NaN,NaN,NaN,64.4192302886993,0.0771830696230158,1.15487732058088,0.749708514275715,7.47978033991702,1.69939075399113,1.36545625570532,,1300.562643312,30.0055100690892,205.649007041589,0.301859619999999,102.445395049742,0.120285667755705,3.13834882057723,1.66215934340284,99.9311213050547,NaN,NaN,NaN,NaN,16.9326546433333,0.117093224177147,1.21308849570367,0.828660976251864,6.97351367611409,2.02762412986249,2.59575032791419,,1300.72138880866,30.0038392932591,205.794404577456,1.014033734,103.00140470919,0.0228306029724772,3.35444653063801,1.05047805185709,99.9209147959297,NaN,NaN,NaN,NaN,26.1602054588333,0.0748697121429812,1.27309093116675,NaN,6.47319307603282,2.98966643677571,NaN,,1298.45836424805,29.9992298765727,206.407375597888,1.829149078,103.805366392902,0,3.15835029111189,0.590997547681613,99.9992134763592,NaN,NaN,NaN,NaN,31.0801119256667,0.0417105821074938,1.41102721853579,NaN,6.04082554581615,2.92416929055595,NaN,,1299.4208503958,29.9969707500709,207.198506453795
4.5,0,104.0790662862,0.760079569999999,3.4535942496058,0.593791372956595,99.9958080458046,NaN,NaN,NaN,NaN,148.923726848035,0.042749070238066,1.19081493881228,NaN,8.50037888488737,4.55019510043901,NaN,,1299.84073012559,30.0100002288818,206.132384482983,0,103.453748579748,0.559378258,3.48876030191422,1.37442026023944,99.9238606798451,NaN,NaN,NaN,NaN,29.8490817880925,0.0987858627662241,1.53456019232712,NaN,7.97997474701631,3.64804778843567,NaN,,1300.01056579466,30.009532897104,205.929968790739,0,102.638406820644,0.276646802508703,3.19379622644834,1.09693688237691,99.933147825475,NaN,NaN,NaN,NaN,60.7845393554406,0.0791841343955277,1.21029933186306,0.836734299198543,7.47665748367101,1.79606673970553,1.32510752052064,,1300.40921158061,30.0100002288818,205.645392986572,0.301859619999999,102.418793648626,0.120285704,2.99522080377768,1.68037064568442,99.8476107045368,NaN,NaN,NaN,NaN,17.160847142,0.121326431611715,1.27735701870086,0.59035929602871,6.97134833058994,2.12565695779273,2.93233028794122,,1300.4999695463,30.0100002288818,205.788879767694,1.014033734,102.984454082842,0.0263348444613098,3.25230557665701,1.06916269723231,99.9460887811887,NaN,NaN,NaN,NaN,26.1607682196667,0.0774416809371919,1.30787483903982,NaN,6.47276828540033,3.05033478495474,NaN,,1299.52534240747,30.0030692333432,206.405353659691,1.829149078,103.800050481646,0,3.14256021527586,0.585919358421294,100.005736916579,NaN,NaN,NaN,NaN,32.585220839,0.0425997070189767,1.59234259440456,NaN,6.03950050891261,3.2405416735529,NaN,,1299.07373017427,30.0036151476623,207.192980486591
4.58333333333333,0,104.069501624867,0.760079569999999,3.5060644358844,0.602585970711983,99.9376731631037,NaN,NaN,NaN,NaN,171.723395164553,0.0433840954211732,1.22072041888651,NaN,8.49454350448435,4.58613026378226,NaN,,1300.95656522563,30.0100002288818,206.126833171197,0,103.4161202062,0.559378258,3.41144281798352,1.39483094261138,99.9609039443685,NaN,NaN,NaN,NaN,35.1338546875678,0.100236577850608,1.49504341284478,NaN,7.97593040849467,3.57901750317581,NaN,,1298.64024989794,30.0012061851001,205.924412716264,0,102.537454473696,0.284894281999999,3.20220228694433,1.09660446838662,99.8405301363395,NaN,NaN,NaN,NaN,64.663802836419,0.0791762187701855,1.09946624352382,0.816257239877031,7.48172789957542,1.40371251079124,1.35760224523781,,1300.19965058931,30.0100002288818,205.64832381372,0.301859619999999,102.359836938381,0.128174654149463,3.0777733578883,1.69075565879951,99.8731896692975,NaN,NaN,NaN,NaN,16.8847001225803,0.122080550359977,1.27836589407529,0.56024205569352,6.9715211560166,2.03956225784687,3.07548591493048,,1299.58204932614,30.0063909970549,205.791035100207,1.014033734,102.943406422642,0.030998551999999,3.38970038032635,1.07644636957084,99.9004133776978,NaN,NaN,NaN,NaN,26.5224047113333,0.077946396135691,1.28294342577536,NaN,6.47267296369949,3.00684942817771,NaN,,1300.25183111657,30.0088006291935,206.404596039632,1.829149078,103.821472138649,0,3.14060682315321,0.585938493296495,99.9710188918988,NaN,NaN,NaN,NaN,33.6381596695,0.0425885540333015,1.61243657040322,NaN,6.03820077058271,2.96117316086154,NaN,,1299.28276040026,30.0016603397246,207.187454248795
4.66666666666667,0,104.057649467903,0.760079569999999,3.38802286937988,0.614405354173018,99.9852754996367,NaN,NaN,NaN,NaN,169.26201480464,0.0442194924282284,1.20805611218038,NaN,8.48741419977531,4.6181783004567,NaN,,1299.77340969697,30.0082056561332,206.121279900818,0,103.437569503663,0.561768574024452,3.50058642632116,1.43173045705347,99.9551975386619,NaN,NaN,NaN,NaN,33.2733970305664,0.102882852475471,1.52526993117685,NaN,7.97692288740587,3.63179009142297,NaN,,1299.65454410777,30,205.92114709963,0,102.427910521396,0.286018407413264,3.28272380696218,1.11737641467001,99.8812183203075,NaN,NaN,NaN,NaN,59.3604156903916,0.0807103692382287,1.0804054559154,0.747075911726614,7.47756040311672,1.52800791028756,1.51512696057712,,1301.06405218494,30.009841313905,205.643821034566,0.301859619999999,102.277401667574,0.130628521999999,3.06341939951021,1.70260495513359,99.8364115804496,NaN,NaN,NaN,NaN,16.9991789524197,0.122919703535307,1.36026245344511,0.633065352071149,6.97393309475417,2.16091486009679,2.74345067817875,,1300.38794503159,30.0075902203957,205.788169542392,1.014033734,102.938925200543,0.0326353098366647,3.31164339830807,1.08127688228188,99.8740989746496,NaN,NaN,NaN,NaN,25.8184162421667,0.0782996394100659,1.21096185850935,NaN,6.47174093896927,2.88131717954635,NaN,,1299.00086201331,30.0100002288818,206.400509342757,1.829149078,103.790719934953,0,3.12846497954178,0.578979939721728,100.004352250666,NaN,NaN,NaN,NaN,30.9396712623847,0.0420882624077134,1.57270371759536,NaN,6.03735112733318,2.92740386741215,NaN,,1300.68804401433,30.0067810848331,207.181927421007
4.75,0,104.083259414221,0.760079569999999,3.47454095686597,0.622711622746571,100.038926876796,NaN,NaN,NaN,NaN,175.218363188506,0.0448138715543826,1.15998836816068,NaN,8.48040230020716,4.53435406329897,NaN,,1303.3443591457,30.0017509920728,206.115726188958,0,103.375534911137,0.564364625999999,3.44237933296364,1.41905368342143,99.9016790517881,NaN,NaN,NaN,NaN,39.1408424194241,0.101964753147758,1.54235366981574,NaN,7.97853968258396,3.66170762088659,NaN,,1300.78112088987,30,205.91828583682,0,102.358140539523,0.290094908,3.32100764552169,1.13402161097183,99.8626251602583,NaN,NaN,NaN,NaN,63.4732222862214,0.0819157734904198,1.10407408737588,0.797169594280206,7.47760248554441,1.61085988101601,1.44343205443045,,1299.71142248867,30.0028129725353,205.642481931819,0.301859619999999,102.135776688399,0.130628521999999,3.07771673530805,1.71348761616479,99.7556723163164,NaN,NaN,NaN,NaN,16.5225131576667,0.123716157262219,1.28864121334503,0.710925047917907,6.97245109285459,2.23267639526509,2.47319477132344,,1299.89381590518,30.0095990232691,205.782642635547,1.014033734,102.851596125445,0.0413787685697185,3.35550710616678,1.09119191083803,99.8794872562832,NaN,NaN,NaN,NaN,25.9278434568333,0.0790002061487066,1.20570616824173,NaN,6.47295072113963,2.87216329777487,NaN,,1298.67820480204,30.006246555694,206.403909651355,1.829149078,103.804773207109,0,3.09188124359808,0.581171444329015,99.8994352857297,NaN,NaN,NaN,NaN,24.9575703167715,0.0422356095624556,1.41286770868434,NaN,6.03676173508105,2.79847356244648,NaN,,1300.84523797974,30,207.176400314593
4.83333333333333,0,104.077330268615,0.760079569999999,3.40597152737131,0.633876149523171,99.921537791296,NaN,NaN,NaN,NaN,182.930393467756,0.0456092417144261,1.19658485725862,NaN,8.47359461864996,4.59816482927402,NaN,,1299.1311240686,30.0100002288818,206.110172269279,0,103.302924996909,0.564364625999999,3.51642487893875,1.42697768235235,99.9806974347175,NaN,NaN,NaN,NaN,39.7337585167124,0.102576285078123,1.53719914226415,NaN,7.97483577634937,3.53778200399485,NaN,,1301.72573701835,30,205.912730183992,0,102.374490754936,0.290140728327653,3.30398761576379,1.16180672476743,99.8408185629827,NaN,NaN,NaN,NaN,64.5669527073891,0.0838419969012148,1.1314528528344,0.668568520224827,7.47494071520915,1.65858543857119,1.76783663759108,,1298.12363832866,30.0004029244453,205.636959140922,0.301859619999999,102.048672401665,0.135279958245358,3.12381296953636,1.7517654943192,99.8709783351204,NaN,NaN,NaN,NaN,15.8523291265,0.126505010183234,1.24330838322122,0.692121552699352,6.97150015849956,1.99539754467285,2.56504681716637,,1300.40100226514,30.0097279553151,205.781560668154,1.014033734,102.821510921867,0.0437019434706407,3.34391198898354,1.10538615197842,99.9029928225789,NaN,NaN,NaN,NaN,25.8658906484495,0.0799838295311745,1.34219150596605,NaN,6.47182241438686,3.11020461471369,NaN,,1300.70364603839,30.0005005190707,206.400611706212,1.829149078,103.685199489052,0,3.17476176363321,0.588209516782529,99.9397729581858,NaN,NaN,NaN,NaN,14.0490245192514,0.0427574418446787,1.64296077561067,NaN,6.03616785336918,3.05544502643972,NaN,,1300.22739793112,30,207.170873236756
4.91666666666667,0,103.993362940545,0.766033605568074,2.92099339207766,0.647478515450992,99.8798240150648,NaN,NaN,NaN,NaN,184.68464215194,0.0465890720728574,1.24087431018238,NaN,8.47095922276943,4.54190255596237,NaN,,1300.42036265615,30.0095366981227,206.12192340315,0,103.281951419414,0.566901836438106,3.46519415953169,1.46039913644531,99.9794808665044,NaN,NaN,NaN,NaN,38.7815582600347,0.104973211448953,1.62464039250908,NaN,7.9762018628642,3.80527491161671,NaN,,1300.74858247254,30.0054672582882,205.909611995134,0,102.290730467282,0.295146358848871,3.27596047981303,1.17474500988595,99.7947151617774,NaN,NaN,NaN,NaN,61.2463803373761,0.0847696848163218,1.11292832840201,0.791612743309964,7.47637843260414,1.56760531025273,1.50597121656981,,1301.13638840774,30.001203969386,205.636428589266,0.301859619999999,101.912764024844,0.140990818,3.10782684712151,1.7795739410833,99.6673194696034,NaN,NaN,NaN,NaN,15.7290427689275,0.128501942996478,1.29688970856941,0.721344114457988,6.97293555408126,2.24692121008715,2.52554042042331,,1299.96547717292,30.0032125385791,205.781953185254,1.014033734,102.650714459819,0.0465225179999989,3.39255980665325,1.12617013263436,99.8589289284307,NaN,NaN,NaN,NaN,26.8928897780819,0.0815687086762702,1.25616571285775,NaN,6.47422779203207,2.96016167086138,NaN,,1297.64907053842,30.0075281210977,206.398007054902,1.829149078,103.712467230111,0,3.06441591610965,0.601784606041642,99.9383850905645,NaN,NaN,NaN,NaN,16.2817493395924,0.043749732110479,1.59071418114964,NaN,6.03536822995047,3.23799953815815,NaN,,1299.69129581483,30.0075165586864,207.165347776211
5,0,103.74941059669,0.776267455718478,3.37221500523305,0.650536417855698,99.2703231868807,NaN,NaN,NaN,NaN,86.848240957513,0.0439906671674001,2.40418459816843,NaN,8.47866447499793,6.70991480441966,NaN,,1300.7045597652,29.9431478667619,206.315185147807,0,103.340926299565,0.569370472,3.37941825157336,1.46262545995559,99.9654097207894,NaN,NaN,NaN,NaN,41.2631199032998,0.105116791937602,1.59770569582589,NaN,7.9789034125116,3.75831089853046,NaN,,1299.8356803624,30.0067926743129,205.906626688432,0,102.156621076895,0.299812046282836,3.25050743383544,1.18604052818427,99.8171733146236,NaN,NaN,NaN,NaN,63.0848304685029,0.0856001899744567,1.12910334639327,0.792242406230099,7.47555867850808,1.59973750834578,1.51815957130448,,1300.5337850032,30.0008041249929,205.635523836985,0.301859619999999,101.838311699828,0.142324204424515,3.10731585462779,1.82138932642196,99.9934842415391,NaN,NaN,NaN,NaN,17.5211525738969,0.131481892276439,1.46850245778614,0.517830852753009,6.97161934129732,2.54624111725837,3.78389554947752,,1300.27330876479,30.0094321654685,205.777657739672,1.014033734,102.614040560426,0.0505875132878226,3.3051823044819,1.15250182611525,99.845790613808,NaN,NaN,NaN,NaN,30.2405332881048,0.0834473968338572,1.28986500921224,NaN,6.47377088649665,3.01891031292465,NaN,,1299.86730591187,30.0028108645374,206.396438976282,1.829149078,103.675504837968,0,3.1425950178714,0.607953771257949,99.9761315086396,NaN,NaN,NaN,NaN,16.801841866,0.0441842558701089,1.40725083715638,NaN,6.03449565004034,2.82640643115754,NaN,,1299.54057856923,30.0045410237467,207.159820686501
5.08333333333333,0,103.545003728412,0.776285265999999,3.28491315673763,0.600263823211031,99.7778276874649,NaN,NaN,NaN,NaN,41.5219757852039,0.0432390064743075,1.9090523820898,NaN,8.48463935553973,5.84238212877999,NaN,,1300.07066412842,29.8919862388044,206.309720098364,0,103.204234124652,0.569370472,3.48188364827385,1.47241787570656,99.9086676531294,NaN,NaN,NaN,NaN,43.2844602332083,0.105873083367139,1.50879694792537,NaN,7.97504666394205,3.35112128805032,NaN,,1301.20614820761,30.0100002288818,205.901071626947,0,102.045628431998,0.305111274250037,3.25081306049323,1.20249817386985,99.9051980651372,NaN,NaN,NaN,NaN,50.7940542859753,0.0867914738028484,1.09536535718344,0.725795458734836,7.47840087567063,1.59572641713025,1.68065919338107,,1299.76222363008,30.0079819100405,205.635297870516,0.301859619999999,101.770933990941,0.148567295847141,3.15823661156085,1.85872713103021,99.7665272801135,NaN,NaN,NaN,NaN,16.46416253862,0.134211968347974,1.4075882575692,0.569187273601087,6.9715511248715,2.44014313097643,3.37921101348006,,1300.59279425387,30.008792060028,205.778368556483,1.014033734,102.591620794294,0.0518400120000005,3.33541611042952,1.16031082165299,99.9092601204651,NaN,NaN,NaN,NaN,30.5744524229228,0.0840018082877725,1.26258219713698,NaN,6.47473624182646,2.97136410070726,NaN,,1299.65372732503,30,206.392270338875,1.829149078,103.667408246641,0,3.04996503641988,0.620360288854278,99.937762255861,NaN,NaN,NaN,NaN,18.9157226644126,0.0450801923507501,1.62900218569455,NaN,6.0341821076692,3.30462962637606,NaN,,1299.14866436069,30,207.154293657943
5.16666666666667,0,103.348845949255,0.776285265999999,3.38578208322927,0.597928873979111,99.6503991598057,NaN,NaN,NaN,NaN,29.5773245078445,0.043080149973496,1.73229152142442,NaN,8.48350367323379,5.53324567771341,NaN,,1298.89300253214,29.9015372040465,206.30416661461,0,103.139310656247,0.572254650812819,3.47013816846929,1.49735593522179,99.8840251033275,NaN,NaN,NaN,NaN,61.1750549747632,0.107692550874133,1.61271190903622,NaN,7.97688992603324,3.78450451002508,NaN,,1300.07956659964,30.0100002288818,205.89830305719,0,101.935245681538,0.305952510967281,3.32441360569663,1.24063722575713,99.7381718679489,NaN,NaN,NaN,NaN,42.8002098306848,0.0895825560875821,1.15392412018419,0.802972276091135,7.47536518001098,1.69774289528459,1.56212554559155,,1297.95381788868,30.0027569101172,205.630604012935,0.301859619999999,101.693979450409,0.151469981999999,3.13330312162654,1.87553171740831,99.9017276980618,NaN,NaN,NaN,NaN,16.3115287792223,0.135414904707981,1.286569008759,0.587409921835916,6.97384341116121,2.15639189375128,3.25677231826947,,1301.89324878723,30.008294252716,205.775851862869,1.014033734,102.50619278045,0.0518400120000005,3.42062085668401,1.18085290252292,99.9407930089106,NaN,NaN,NaN,NaN,35.5624625963246,0.0854709686841093,1.27881105751359,NaN,6.47343809367583,2.99968274630408,NaN,,1300.87146930424,30,206.386741397455,1.829149078,103.639970529721,0,3.17990593281058,0.62203585537223,99.9426117153097,NaN,NaN,NaN,NaN,19.9532530762541,0.0452010353031917,1.42499944197499,NaN,6.03324189485285,2.82451153465719,NaN,,1299.58904884921,30.0048161598011,207.148764982786
5.25,0,103.117244692528,0.776285265999999,3.38949637699401,0.597771155036385,99.4815718257862,NaN,NaN,NaN,NaN,25.2870000107849,0.0430802585583116,1.86142438073273,NaN,8.47699464310488,5.75906099115344,NaN,,1299.48987229802,29.9250190117594,206.298615147403,0,103.256255812072,0.574395796,3.46963772591229,1.48117981410294,99.9682987251239,NaN,NaN,NaN,NaN,61.8929438206579,0.106411918668578,1.54421353825898,NaN,7.97638949530347,3.66499310336539,NaN,,1299.71734903805,30.0091192508833,205.894991848007,0,101.884029156468,0.311014279999999,3.25512333996546,1.26781283317438,99.8756986551186,NaN,NaN,NaN,NaN,47.9548058283432,0.0915074691857226,1.1880275767334,0.793676412559407,7.4810484663453,1.75723938865523,1.61068132685943,,1300.63036457813,30.0025322685997,205.630257066351,0.301859619999999,101.655209233999,0.151469981999999,3.12342168734639,1.8853441122922,99.831789905249,NaN,NaN,NaN,NaN,20.6196694932806,0.136080282955086,1.19698447785878,0.545639042508599,6.97210228828248,2.07275245127086,3.62152013882524,,1299.722056989,30.0096988132614,205.77032553939,1.014033734,102.421037398358,0.0548611730979018,3.44277864643088,1.19782998611055,99.7894708844678,NaN,NaN,NaN,NaN,33.6295983475618,0.0867632045508178,1.27681654558817,NaN,6.47310008920351,2.99618334930548,NaN,,1300.63213115393,30,206.3841262177,1.829149078,103.593372772606,0,3.15956301621272,0.63203453059492,99.9535306425818,NaN,NaN,NaN,NaN,15.9804439983109,0.0459346989081698,1.50812318988949,NaN,6.0324152575737,3.01243482823529,NaN,,1300.88231795724,30.0017270930618,207.143238053833
5.33333333333333,0,102.93896021471,0.779769947457436,3.40971759468711,0.600530013477241,99.7260492128064,NaN,NaN,NaN,NaN,14.1314485513333,0.0432651195869483,2.16037169290498,NaN,8.4709421925098,6.2823125495816,NaN,,1299.02918681579,29.9413351154581,206.296343770976,0,103.190614628563,0.57459593423399,3.3988794390753,1.48091374809542,99.9900047650422,NaN,NaN,NaN,NaN,73.5093108103477,0.106402703723472,1.49686511857197,NaN,7.97317425694539,3.58239737879312,NaN,,1301.25441578183,30.0072659924865,205.88954336747,0,101.74388961362,0.311014279999999,3.33554068774664,1.28621165594908,99.6975978067949,NaN,NaN,NaN,NaN,57.380830530123,0.0928456617841499,1.129950831391,0.773443168054024,7.47821506938692,1.65601182581992,1.6817398202839,,1300.2426369065,30.0006112323997,205.624732904133,0.301859619999999,101.492288696759,0.154495843416175,3.14390687119101,1.90366628854009,99.735691174942,NaN,NaN,NaN,NaN,19.386171188886,0.137413680985573,1.42886157994278,0.506096337357468,6.97052938210962,2.47713870750578,3.98018555626225,,1300.34835390067,30.0099421918594,205.767686831148,1.014033734,102.360783529582,0.0573328079999991,3.39542125748317,1.22207456243281,99.9028623691656,NaN,NaN,NaN,NaN,40.5388640237946,0.0884661679667078,1.30061751077772,NaN,6.47348692492854,3.03767657811384,NaN,,1300.39156421777,30.0080278102444,206.381180755104,1.829149078,103.572968920744,0,3.09351232609592,0.629581888763507,99.9523113739419,NaN,NaN,NaN,NaN,17.0461218765668,0.0457500020612986,1.31111804897174,NaN,6.03156347506291,2.69538560393789,NaN,,1298.38991426997,30.0059035509903,207.137711038953
5.41666666666667,0,102.863014288087,0.788713628951727,3.39495741908575,0.608195654647005,99.7490030175136,NaN,NaN,NaN,NaN,10,0.043798910984678,2.66244667566778,NaN,8.47168218003784,7.16293474762925,NaN,,1298.42411732108,29.9632545810013,206.299835555336,0,103.180133619554,0.578973126,3.48483373851098,1.50593985805387,99.9893751978271,NaN,NaN,NaN,NaN,82.0578415867993,0.108237801360675,1.54395553497824,NaN,7.97948193407717,3.66442702502786,NaN,,1299.99676405095,30.0039823185576,205.888456192356,0,101.584515732439,0.31230873446249,3.28828231758052,1.34535262961355,99.7694425960791,NaN,NaN,NaN,NaN,56.2008043733839,0.0971396607628097,1.14461131220332,0.790450023050814,7.47672159156598,1.6815118310975,1.72372933462478,,1299.33843685221,30.0100002288818,205.620403648355,0.301859619999999,101.427478610853,0.161925238218489,3.13367702162759,1.92486872313831,99.8145858779936,NaN,NaN,NaN,NaN,19.163357876,0.138919705498273,1.46311751108307,0.500161311920904,6.9712348605019,2.4198235995138,4.0387024422038,,1301.11687760592,30.0000424445472,205.769650759182,1.014033734,102.330250039186,0.0573328079999991,3.29948709374837,1.24491893727408,99.8406089755542,NaN,NaN,NaN,NaN,39.9117846880254,0.0901007092271678,1.30415409450651,NaN,6.4719795681812,3.04386629020249,NaN,,1300.80112974104,30.0004007357669,206.375652814367,1.829149078,103.535321077666,0,3.12873263402193,0.6326219326835,99.9132173503121,NaN,NaN,NaN,NaN,15.4768497616222,0.0459694191958114,1.33719657927858,NaN,6.03168011897536,2.79533796408606,NaN,,1298.18520903582,30,207.132183673021
5.5,0,102.649182712632,0.792004515403938,3.37002598561141,0.605745096816863,99.7050618368014,NaN,NaN,NaN,NaN,10,0.0436220383598044,3.2793857304471,NaN,8.4721957132629,8.24838570723158,NaN,,1299.9726549697,29.9791725445299,206.297570184501,0,103.078882979141,0.578973126,3.53502996496199,1.52126490970136,99.910802745773,NaN,NaN,NaN,NaN,79.5103529574222,0.10935706847875,1.62229599198452,NaN,7.9751640249089,3.6779744483255,NaN,,1300.19917110952,30,205.882901634586,0,101.462680784459,0.319290528464457,3.2971577605909,1.36455302183611,99.7826389905063,NaN,NaN,NaN,NaN,62.8972155163925,0.0985179936937979,1.13818585252291,0.859569550841879,7.47780683563448,1.63942332788602,1.64327746407015,,1299.13443694449,30.0100002288818,205.621863456904,0.301859619999999,101.244013718263,0.167496420016135,3.08239401965763,1.96549858254723,99.7333092156293,NaN,NaN,NaN,NaN,19.790001179202,0.141894075185984,1.43783508359385,0.572694436179112,6.97137416564387,2.49277570328761,3.5468743482235,,1298.72674313406,30.0007984433528,205.769560239502,1.014033734,102.223475302708,0.062516101564237,3.34044799455697,1.25650401996165,99.8005496072926,NaN,NaN,NaN,NaN,43.0576377302346,0.0909193565849749,1.29695412057649,NaN,6.47339743550013,3.03130506484865,NaN,,1299.3377384501,30.000399750266,206.375096644974,1.829149078,103.528731464914,0,3.14490150892155,0.63484163204282,99.9422130600753,NaN,NaN,NaN,NaN,19.1990124504737,0.0461205918840535,1.59669874057033,NaN,6.03028051929368,3.08035170230713,NaN,,1300.77189190858,30.0048122757334,207.126656398182
5.58333333333333,0,102.474698716915,0.798396531904878,3.37714960493554,0.598393936953282,99.7316897875968,NaN,NaN,NaN,NaN,10,0.0431205823528061,4.00950888625703,NaN,8.47199660135663,9.53817954337448,NaN,,1300.54369636444,29.9899997711182,206.298409244058,0,103.052891246245,0.581546920069887,3.47460781854073,1.54839949215731,99.865582627279,NaN,NaN,NaN,NaN,89.1864957119756,0.11132474964573,1.60414865319187,NaN,7.98470325151764,3.76956088084038,NaN,,1301.43005155625,30,205.879813151492,0,101.32458170306,0.321006494,3.42064011462855,1.39769647535655,99.7539915206134,NaN,NaN,NaN,NaN,81.4042978620476,0.100918452024787,1.20851373195329,0.940219356872604,7.47915670370943,1.79290420918458,1.50596813486602,,1299.25174238227,30.0100002288818,205.618156537078,0.301859619999999,101.137304174416,0.172291964,3.13095985092416,2.00111724650941,99.680995481833,NaN,NaN,NaN,NaN,19.2680179854715,0.144448886161631,1.39082415731709,0.635513630875935,6.97460318031996,2.41082740709371,3.2627272662294,,1301.99737534586,30,205.769036596278,1.014033734,102.129693317024,0.0677145819999999,3.35969912095738,1.2671203455888,99.861293289247,NaN,NaN,NaN,NaN,44.842928866586,0.0917496050957239,1.3334464404008,NaN,6.47635167803494,3.09497429403254,NaN,,1299.45712575984,30.0008048267439,206.374975322198,1.829149078,103.411529402885,0,3.13574848113756,0.645002144607257,99.9151272432406,NaN,NaN,NaN,NaN,27.1675612169142,0.046879718838945,1.57726546030814,NaN,6.0287230368746,3.0795082760624,NaN,,1299.54226926036,30.0068255391823,207.121128552574
5.66666666666667,0,102.339936368283,0.804588727198282,3.49723074307387,0.596453758448853,99.7254946683998,NaN,NaN,NaN,NaN,10,0.0429592158453426,4.87489367574157,NaN,8.47185728484323,11.0748885607407,NaN,,1300.15109073884,29.9921025231303,206.299049146203,0,103.026211129062,0.584407487999999,3.46229934580124,1.51430427420998,99.9781678202921,NaN,NaN,NaN,NaN,93.9371411553607,0.108830947176028,1.61888878620672,NaN,8.02149077929924,3.67822095059465,NaN,,1300.45471265092,30.0026969620371,205.877229641018,0,101.342916873138,0.321006494,3.25549640909154,1.44340308519158,99.8980433556845,NaN,NaN,NaN,NaN,93.7643319096893,0.104147493183572,1.09688138177424,0.833559357506369,7.4752508415542,1.59838575256614,1.82948355843768,,1300.06489576762,30.0095997976369,205.6126339666,0.301859619999999,100.964975275232,0.172291964,3.17592060698418,2.01301264686753,99.9093237035286,NaN,NaN,NaN,NaN,18.1225094568265,0.145337851545412,1.39180261944163,0.366326857056699,6.97502675706742,2.34982716970667,5.93674659095037,,1299.57358305154,30.0056213922638,205.763509284572,1.014033734,102.11580366121,0.0677145819999999,3.35692744913825,1.28555448850186,99.866037293705,NaN,NaN,NaN,NaN,47.4683337183651,0.0929817304333648,1.34246197069701,NaN,6.47391362199173,3.11071874116362,NaN,,1300.84912371621,30.0045137891817,206.369445815367,1.829149078,103.414097076074,0,3.17150643278213,0.647915191764833,99.9075627548416,NaN,NaN,NaN,NaN,23.7379835691665,0.0470804785021052,1.53802369321999,NaN,6.02841153725721,3.14606863197915,NaN,,1301.51798227393,29.9976650713623,207.115602733975
5.75,0,102.166851331146,0.811185228627159,3.43674299974256,0.59617236192059,99.6678582357398,NaN,NaN,NaN,NaN,10,0.0429597949534998,5.90140397019758,NaN,8.47136738384068,12.9100264249291,NaN,,1301.56609097999,30,206.299990592577,0,102.982811807458,0.584407487999999,3.47686588832781,1.4810659449455,99.953001746645,NaN,NaN,NaN,NaN,101.788018644792,0.106478471492286,1.53160114436143,NaN,8.03219271619258,3.57599418846854,NaN,,1300.098441673,30.0100002288818,205.871676113657,0,101.237615170804,0.327584784110804,3.32519819763662,1.45445060000105,99.9473568758897,NaN,NaN,NaN,NaN,89.9360797277307,0.10496937781317,1.14616377106528,0.703297553136769,7.47566814592905,1.66706461033824,2.13469016775117,,1299.46485658161,30.0011357040769,205.61347536829,0.301859619999999,100.898875251018,0.172291964,3.02760187086186,2.06058363073451,99.7087872266379,NaN,NaN,NaN,NaN,19.1332137001645,0.148724041468255,1.28555339559854,0.490651723089997,6.97360061436217,2.22717930122679,4.70213052900703,,1299.26869702432,30.0004006877491,205.757982752997,1.014033734,101.955949335623,0.0720618854007856,3.395337851283,1.3017056601296,99.8293049079873,NaN,NaN,NaN,NaN,44.31274429883,0.0941940217637514,1.31233006341244,NaN,6.47348100738955,3.05811729717777,NaN,,1300.68076394889,30.0055283148602,206.368152719034,1.829149078,103.348477954215,0,3.16382111864528,0.659750595843103,99.9388778822491,NaN,NaN,NaN,NaN,21.0395577744588,0.0479391712348762,1.61801877758099,NaN,6.02711898267443,3.28567967651289,NaN,,1297.93292657607,29.9995242617065,207.110075799863
5.83333333333333,0,102.090835052017,0.820920897632609,3.38397442060814,0.597554508652156,99.800976292645,NaN,NaN,NaN,NaN,10,0.0430419941393127,6.8301397268583,NaN,8.47143361608837,14.5830403877982,NaN,,1299.97223105069,30,206.304167610593,0,102.989359604646,0.584407487999999,3.53591142814543,1.49765450009489,99.8884267565149,NaN,NaN,NaN,NaN,103.292083091371,0.107604571017121,1.59560480771046,NaN,8.03229542159758,3.6394037687955,NaN,,1299.95812468303,30.0100002288818,205.866121959089,0,101.103805318236,0.331544091999999,3.30590372552942,1.47373076671807,99.725019188323,NaN,NaN,NaN,NaN,103.378487251024,0.106392377926194,1.09283816154887,0.78131299682493,7.4759134932319,1.55483440823599,1.94763829265063,,1299.81454978196,30,205.612122103602,0.301859619999999,100.72530335964,0.173008481541901,3.24453483817332,2.08010391132728,99.6976985823936,NaN,NaN,NaN,NaN,18.879055011788,0.150137608397864,1.28972819927035,0.339988753502315,6.97135621424996,2.17447208547777,7.48485795247955,,1299.05790817901,30,205.753067926687,1.014033734,101.875292982088,0.0753906237918898,3.37409816784167,1.32711780742885,99.7789736114674,NaN,NaN,NaN,NaN,58.8906345027638,0.0960473139959327,1.29463779260075,NaN,6.47439020756519,3.02724669114053,NaN,,1299.84701280754,30,206.365956318874,1.829149078,103.302409848058,0,3.1021765883484,0.661217093166611,99.8847911413297,NaN,NaN,NaN,NaN,21.6805982458201,0.0480532279636331,1.43230041201162,NaN,6.02605199116292,2.96128084795087,NaN,,1300.49585880864,30.0014471130092,207.10454958952
5.91666666666667,0,101.958788326386,0.831507997960832,3.50304996889181,0.60277113366164,99.7764035360458,NaN,NaN,NaN,NaN,10,0.0433962313898392,7.67119464212899,NaN,8.48554593430141,16.1097430864172,NaN,,1299.78200578837,30,206.309307961,0,102.858058975464,0.584407487999999,3.56624496506984,1.53270868792916,99.7662257706193,NaN,NaN,NaN,NaN,112.42723138248,0.110157465488944,1.53133742928058,NaN,8.02860693443153,3.64241804751113,NaN,,1299.74137287299,30.0100002288818,205.860566232712,0,101.003044235653,0.336279560853135,3.39396813410516,1.50543468954134,99.7054285026278,NaN,NaN,NaN,NaN,121.105647073303,0.108653132528975,1.13422911074404,0.82565040381056,7.47819731288206,1.62433007610992,1.8537904127692,,1299.12482077843,30.0019558571667,205.611231451933,0.301859619999999,100.611698715901,0.179601587519711,3.22486136109049,2.0886564284706,99.7156534482891,NaN,NaN,NaN,NaN,21.3424072397141,0.150737270361508,1.27773700507505,0.292961482314938,6.97098485280416,2.14110372165018,7.95460783834421,,1299.61864962796,30.0025640139959,205.754132682359,1.014033734,101.794789014029,0.0782911359999999,3.35962013804754,1.35361361218907,99.784133344548,NaN,NaN,NaN,NaN,53.4686988959461,0.097915092874197,1.40272186121555,NaN,6.47634158083169,3.21580477442989,NaN,,1301.02650165289,30,206.363430768466,1.829149078,103.254591639188,0,3.15332433170486,0.662674794441155,99.9751509906349,NaN,NaN,NaN,NaN,20.1406011815,0.0481605704782134,1.49117113956003,NaN,6.02501562057226,3.06420171339645,NaN,,1300.366969774,30.006176960613,207.099023608605
6,0,101.811733873141,0.833161026,3.49588080688648,0.581552617078792,99.7452460199093,NaN,NaN,NaN,NaN,10,0.0418915869284688,8.30773135591363,NaN,8.5068968555738,17.2730089992405,NaN,,1297.24915818549,30,206.305508881104,0,102.732305687825,0.584407487999999,3.53113320196684,1.56003552438597,99.938569874428,NaN,NaN,NaN,NaN,138.244002707589,0.112164363948412,1.70939729086862,NaN,8.02233308642507,3.95349835911215,NaN,,1300.44527355676,30.0100002288818,205.85501279001,0,100.834736843942,0.337867415981446,3.37282381020938,1.5399654199364,99.8074372787774,NaN,NaN,NaN,NaN,121.006552643819,0.11114698960334,1.22686176622738,0.875895100302476,7.47598226637422,1.82496956880128,1.8311163334494,,1299.83141690463,30.0091991376734,205.60729818989,0.301859619999999,100.51163439889,0.182615304,3.16127589346556,2.12005614336455,99.8467245952006,NaN,NaN,NaN,NaN,33.0852933843419,0.152948975579746,1.27422381586174,0.327037162201505,6.97138751441729,2.20760405796759,14.6131323311481,,1299.79029306449,30.0094897597834,205.75172103406,1.014033734,101.625673455467,0.0782911359999999,3.42234448784942,1.38446022883523,99.7919077813293,NaN,NaN,NaN,NaN,54.610674064392,0.100197244468121,1.34850954925183,NaN,6.47484796670521,3.12123950518227,NaN,,1298.93982755691,30,206.357900618954,1.829149078,103.15994844317,0,3.158227536255,0.676347504359601,99.8389563800581,NaN,NaN,NaN,NaN,21.1625755613306,0.0491722359207734,1.44263895734173,NaN,6.02482357911277,2.9794190050464,NaN,,1298.81323567675,30,207.093498765098
6.08333333333333,0,101.701703210733,0.833161026,3.46644015035881,0.58147621266857,99.7083968592717,NaN,NaN,NaN,NaN,10,0.0418729454102537,8.67846622108751,NaN,8.50462862574241,17.9540648123401,NaN,,1300.15788267109,30,206.299955447018,0,102.815617886931,0.584407487999999,3.34634537257971,1.62389205892659,100.041053622434,NaN,NaN,NaN,NaN,146.681265439374,0.116725587565222,1.62846882626491,NaN,8.01691553870815,3.81201628831451,NaN,,1300.94773375621,30.0100002288818,205.849461354257,0,100.755233833228,0.341711608,3.39126356176213,1.55971259961986,99.7909464966929,NaN,NaN,NaN,NaN,122.839525918126,0.112607761749667,1.10644470995174,0.810110294019953,7.4752003382963,1.61501681436908,1.96543682139286,,1300.99220179488,30.0021014930032,205.605720195513,0.301859619999999,100.334183306598,0.185998147009755,3.17135295928951,2.15143201986112,99.6807494817532,NaN,NaN,NaN,NaN,34.8540525580394,0.15523241801492,1.31667661658104,0.357410187402236,6.97131908408115,2.28142039712915,8.76976180129053,,1299.62954447764,29.9906684827783,205.749467960087,1.014033734,101.529917008337,0.0782911359999999,3.37436621365739,1.42367983014005,99.7784136537142,NaN,NaN,NaN,NaN,58.1768925511039,0.103001860555188,1.34674888552092,NaN,6.47451663741953,3.11817523852544,NaN,,1302.03736175053,30.0047031363804,206.352371118644,1.829149078,103.126963191581,0,3.14319284841944,0.6883625467588,99.9073416455216,NaN,NaN,NaN,NaN,17.0882876293361,0.0500243420363726,1.58760265933716,NaN,6.02358668465831,3.23263761340652,NaN,,1298.4823601845,30,207.087974181022
6.16666666666667,0,101.48662811859,0.833161026,3.50980421715982,0.585149342760746,99.6934027292211,NaN,NaN,NaN,NaN,10,0.0421449670446462,8.82835194580416,NaN,8.49565446001887,18.2300868195695,NaN,,1300.00264198287,30,206.294400950264,0,102.816542796833,0.584407487999999,3.46085351987184,1.61720509365622,99.9270110476725,NaN,NaN,NaN,NaN,159.205448723325,0.116232546383013,1.61970366309678,NaN,8.01269173081633,3.65367969380791,NaN,,1300.89858081767,30.0091976266188,205.84390769736,0,100.643570218989,0.349733712116512,3.38929756224418,1.56857208715447,99.6773114758688,NaN,NaN,NaN,NaN,123.666394614107,0.113219248855428,1.11974583357691,0.846241382342317,7.4764791024172,1.60988664787693,1.95511933919872,,1300.56238108074,30.0008035404012,205.608015239294,0.301859619999999,100.183681811477,0.192243620872785,3.19020438774961,2.21138040768544,99.6283973389044,NaN,NaN,NaN,NaN,33.6426970170464,0.159544064114146,1.46869704448544,0.148187176896747,6.97244298988073,2.54665810034657,64.2606416727,,1299.50635075955,29.9980716506564,205.750183460331,1.014033734,101.406911189558,0.0803533635365379,3.3911605717812,1.4586301708193,99.9143163880518,NaN,NaN,NaN,NaN,69.2947016244066,0.10553739008863,1.29358847595811,NaN,6.47252401324263,3.02546723948551,NaN,,1299.46877932874,30.0043774660033,206.348795134411,1.829149078,103.11768750382,0,3.12577356139227,0.688319282137203,99.9067181629332,NaN,NaN,NaN,NaN,17.3574031560315,0.050006338941009,1.23712686060795,NaN,6.02284283010042,2.62094245750078,NaN,,1300.14468715189,30,207.08244769184
6.25,0,101.41757489051,0.833161026,3.41759573020833,0.600376536067647,99.8627591987691,NaN,NaN,NaN,NaN,10,0.0432210065992179,8.79197495705076,NaN,8.48351120299998,18.163043150634,NaN,,1302.9056750605,30,206.288846059559,0,102.737763947839,0.584407487999999,3.50896421206941,1.60522189237525,99.9564623115751,NaN,NaN,NaN,NaN,164.226918097721,0.115430638532073,1.49280201703138,NaN,8.00811555095188,3.38470094745036,NaN,,1300.56455367895,30.0047871375047,205.838355936775,0,100.517581264876,0.35191808,3.39701135319899,1.59812861102081,99.8892383908886,NaN,NaN,NaN,NaN,128.593103723073,0.115322106673874,1.11570036889493,0.714433676027396,7.47533994330753,1.63113051559746,2.36597831045502,,1300.1308314707,30.0029849403583,205.604879142974,0.301859619999999,100.035504785068,0.193055512,3.12423218183927,2.25328902895769,99.6779200120246,NaN,NaN,NaN,NaN,33.0203084357077,0.162475561456326,1.46941419818521,0.269710543103173,6.97128116453611,2.45193323352024,13.3195514227702,,1299.29388098323,30.0023850534983,205.745570153682,1.014033734,101.32820775564,0.0836475860000006,3.37157671095202,1.43700644151686,99.7749259730766,NaN,NaN,NaN,NaN,99.1025621835325,0.104020756372522,1.3361583176243,NaN,6.4771659800784,3.09968481930789,NaN,,1302.09435371798,30.0053768282563,206.34666843695,1.829149078,103.109205699179,0,3.12129697506907,0.701582365618296,99.9509795126299,NaN,NaN,NaN,NaN,22.2429508760319,0.0509598535815222,1.4653112781614,NaN,6.02291414642989,2.87870533399743,NaN,,1299.86963594764,30,207.07692009844
6.33333333333333,0,101.367122312347,0.837254246348649,3.25006447368543,0.615301388038667,99.8243621905797,NaN,NaN,NaN,NaN,10,0.0442816981101249,8.67604803636099,NaN,8.47178377263368,17.9495672043916,NaN,"Sample 1.50 mL to AMBR-96DWP-1/C1",1302.84904977315,30,205.980126611923,0,102.661458624212,0.584407487999999,3.2770513856377,1.65567779873491,99.8108139380675,NaN,NaN,NaN,NaN,171.179816807836,0.118416078173651,1.60040913777943,NaN,8.00229590379915,3.76307226434594,NaN,"Sample 1.50 mL to AMBR-96DWP-1/C2",1300.32832853069,30.0080305847996,205.50695781892,0,100.421994103111,0.356037104051461,3.2003169660433,1.67006664678678,99.6779986000329,NaN,NaN,NaN,NaN,137.914897538987,0.118629073985545,1.21874646501053,0.927336452261533,7.47856117435144,1.81078324190779,1.98498559689155,"Sample 1.50 mL to AMBR-96DWP-1/C3",1300.19460351835,30.0082524814883,205.26910824756,0.301859619999999,99.7932475822373,0.198974101565416,3.0873534440012,2.30488836342346,99.7851343193493,NaN,NaN,NaN,NaN,47.0355476176157,0.164548583194427,1.41996240565918,0.228945019338448,6.97245673868098,2.34779134062217,13.9083752065401,"Sample 1.50 mL to AMBR-96DWP-1/C4",1299.41687644616,30.0080533105697,205.400607033972,1.014033734,101.176876305525,0.0836475860000006,3.25271680502643,1.48372301297935,99.6723233270681,NaN,NaN,NaN,NaN,124.681253618865,0.106144834429836,1.40104558051662,NaN,6.47646377208922,3.21289983238795,NaN,"Sample 1.50 mL to AMBR-96DWP-1/C5",1301.0068056472,29.9991971512529,205.977913540374,1.829149078,103.023613844282,0,2.94503907370303,0.70203523008412,99.8364155790485,NaN,NaN,NaN,NaN,20.7623857552699,0.0505613981038775,1.33583269637501,NaN,6.02220016590759,2.79303957257714,NaN,"Sample 1.50 mL to AMBR-96DWP-1/C6",1300.41219735715,29.9979990272208,206.696915620641
6.41666666666667,0,101.226133894303,0.8502267888601,3.5174659272548,0.618817927881522,99.8263615824251,NaN,NaN,NaN,NaN,10,0.0444144049443624,8.35059143961826,NaN,8.47112481537138,17.3516455187143,NaN,,1299.35236652425,30.0009398431685,204.500590689584,0,102.599617567131,0.584407487999999,3.49250717345552,1.70330929865745,99.7691313378295,NaN,NaN,NaN,NaN,183.466376577929,0.120905938743119,1.76100913329408,NaN,7.99508026963349,4.04363593773284,NaN,,1300.3111446391,30.0075550775763,204.033256380824,0,100.255503859414,0.356962882,3.3741731520114,1.70074819663276,99.8533433710365,NaN,NaN,NaN,NaN,158.650825495122,0.117211607864829,1.18270124859394,0.926448376692069,7.47966523259185,1.66934752350487,3.02960832918055,,1299.84439927151,30.0065236774817,203.804880283413,0.301859619999999,99.7787531116643,0.204099538,3.19773094892509,2.34296759173451,99.7767153805148,NaN,NaN,NaN,NaN,53.4743851625525,0.162644347768019,1.32336653905054,0.242456491964587,6.97608695149491,2.29315353429172,20.7398820045058,,1298.97039688302,30.0039121130574,203.951563638734,1.014033734,101.033638808991,0.0836475860000006,3.43916127409855,1.51823255872639,99.8685451115424,NaN,NaN,NaN,NaN,124.227105438618,0.105684683039767,1.40966292367944,NaN,6.47516070425801,3.22794158575308,NaN,,1300.61494477289,30.0045392149838,204.541618513692,1.829149078,102.978592878803,0,3.13109853641129,0.7100631498187,99.9858873316507,NaN,NaN,NaN,NaN,18.3902521374807,0.0506682722155923,1.43829787091608,NaN,6.02101362482326,2.80412172600469,NaN,,1299.07280164032,29.9947660940215,205.271867494617
6.5,0,101.144682210941,0.860794649577807,3.56611399536223,0.632119793662263,99.8927921508279,NaN,NaN,NaN,NaN,10,0.0450804165985358,8.06020371011862,NaN,8.47282769802318,16.819633361001,NaN,,1299.19390939934,30.0091882029738,204.505597553692,0,102.568636702233,0.584407487999999,3.56320095679465,1.79776032060475,100.051738753261,NaN,NaN,NaN,NaN,206.955993679774,0.128050580982709,1.66324646447541,NaN,7.98980032102123,3.87278899757881,NaN,,1300.3270595221,30.0100002288818,204.027704074192,0,100.207633057012,0.361664698848161,3.37070247345062,1.72128868373823,99.9170583800169,NaN,NaN,NaN,NaN,174.035117113971,0.123109548135213,1.22846305564355,0.798044529383139,7.47997019185198,1.75480778545659,2.30344527800032,,1298.6182175998,30.0100002288818,203.80395433799,0.301859619999999,99.6433382252486,0.204099538,3.17995854514528,2.34873251701798,99.8307062065397,NaN,NaN,NaN,NaN,44.7101854041571,0.167863709719987,1.35932658327948,0.13055117149355,6.97450660807572,2.35587976184068,48.2624455239886,,1300.48411532093,30.0067883649881,203.94603116862,1.014033734,101.018224134238,0.0860702444477546,3.43904624125505,1.53936976113854,99.7675034561478,NaN,NaN,NaN,NaN,117.792819927781,0.110368461978241,1.36188583768354,NaN,6.47292031618935,3.14456111689878,NaN,,1299.00100011764,30.0100002288818,204.538402604359,1.829149078,102.921144050872,0,3.10759156301875,0.728567478986142,99.8878037260577,NaN,NaN,NaN,NaN,20.5040505295193,0.052472253362652,1.60939425565524,NaN,6.01871884179059,3.27058097922565,NaN,,1298.42591513451,30,205.266340754942
6.58333333333333,0,101.068328275296,0.868446340017037,3.52995097888645,0.634050354833105,99.7221683288045,NaN,NaN,NaN,NaN,10,0.0452411506688246,7.69056777634665,NaN,8.47283006220594,16.1447524807651,NaN,,1299.83884974905,30.0035265148353,204.50769165311,0,102.596479919129,0.584407487999999,3.53954635174749,1.79376340188654,100.038170990301,NaN,NaN,NaN,NaN,207.254175875944,0.127800409260506,1.53363333841371,NaN,7.98651808901539,3.6465012948863,NaN,,1299.27329720506,30.009765190419,204.022149904869,0,100.192654100118,0.362027162,3.4110428826265,1.70758342562782,99.8434539141596,NaN,NaN,NaN,NaN,172.457083678245,0.122090222751195,1.14923677896418,0.594451366459599,7.47732347007779,1.63068909009116,2.96906000893066,,1299.02190150864,30.0100002288818,203.798893920732,0.301859619999999,99.4368564709462,0.204203330240521,3.17564019139854,2.37890994045819,99.5918256984818,NaN,NaN,NaN,NaN,57.5983031198097,0.170088800455655,1.49206407785231,NaN,6.97092729171957,2.58754383399622,NaN,,1298.81987270478,30.0100002288818,203.940504713238,1.014033734,100.931069492915,0.0890429920000005,3.42827735377768,1.55833233697732,99.8161121490382,NaN,NaN,NaN,NaN,106.867744798101,0.111726931693168,1.41895757983033,NaN,6.47543002584699,3.24415221716703,NaN,,1301.22658675058,30.0100002288818,204.53595361724,1.829149078,102.898406117674,0,3.13487537479652,0.727191617443043,99.8658245163079,NaN,NaN,NaN,NaN,18.6285533233333,0.0523575577395602,1.37534037596337,NaN,6.01774370543446,2.86198536739875,NaN,,1299.96052931605,30.0030822069395,205.260813931118
6.66666666666667,0,100.91059607251,0.875256758166089,3.53820828256876,0.637137848311828,99.7483081918374,NaN,NaN,NaN,NaN,10,0.0454417840265016,7.25119885103972,NaN,8.47406352969326,15.3456537514915,NaN,,1299.36284006829,30,204.509045794284,0,102.61257091067,0.584407487999999,3.45762512859984,1.693638058951,100.032727007554,NaN,NaN,NaN,NaN,217.723413276734,0.120636621436934,1.50166040259468,NaN,7.98364249088665,3.590578955884,NaN,,1301.09401492688,30.0020084797994,204.016596659333,0,100.077833070749,0.366227018860005,3.38794327489086,1.70566907702082,99.7140487064574,NaN,NaN,NaN,NaN,178.847819772918,0.12195205077675,1.19007886005329,0.534340874294131,7.47463577934991,1.76055207635166,3.57933724299362,,1299.72742765909,30.0051805143948,203.797363779772,0.301859619999999,99.3724115106437,0.213048375723685,3.20741274847976,2.39752068632078,99.7643197301474,NaN,NaN,NaN,NaN,72.4483503418351,0.171296124197463,1.47254268326459,NaN,6.97078149203978,2.55335045668426,NaN,,1299.43024722678,30.0095999244398,203.943715719643,1.014033734,100.856153403141,0.0890429920000005,3.42198031458294,1.58397927923947,99.7487797950879,NaN,NaN,NaN,NaN,109.504733964627,0.113526688872512,1.39768019728282,NaN,6.47375175758029,3.20703332751787,NaN,,1301.88573568717,30.0023687316747,204.530421549351,1.829149078,102.845592876907,0,3.14307369860077,0.738218045538434,99.9427359358109,NaN,NaN,NaN,NaN,18.3750582179904,0.0531415470665354,1.82085202486188,NaN,6.01701779037456,3.64003424696564,NaN,,1299.24634495566,30.0043736968153,205.255285931943
6.75,0,100.798096615836,0.881273841136336,3.48282841435212,0.640068031568271,99.6584328706219,NaN,NaN,NaN,NaN,10,0.0456419903827374,6.79795005321959,NaN,8.47399449149439,14.5244992202664,NaN,,1299.19044707309,30,204.509505546253,0,102.586914189159,0.584407487999999,3.54871721152506,1.61969228149949,100.06515299378,NaN,NaN,NaN,NaN,221.314392876565,0.115413055174168,1.50218226419572,NaN,7.98210992754477,3.59149201846718,NaN,,1299.29289659817,29.9995991216965,204.011042386899,0,99.8616846904358,0.374237223628776,3.44871493637283,1.77152410760019,99.615230326584,NaN,NaN,NaN,NaN,235.233013660817,0.126686911448764,1.20244297454342,0.74796388442897,7.47868185291939,1.6493531037129,2.56478626665321,,1298.24534994217,30.0091934740571,203.799952075625,0.301859619999999,99.1889533706713,0.21950535928572,3.19396245670959,2.43642338137615,99.6932200822307,NaN,NaN,NaN,NaN,69.327980922193,0.174008403933113,1.42113258100736,NaN,6.97374373544952,2.4635828169646,NaN,,1299.02328804839,30.0066586759032,203.944822088418,1.014033734,100.676338599905,0.0920385798806209,3.29147989420776,1.61226983348294,99.8134345369498,NaN,NaN,NaN,NaN,119.015089080607,0.115553390024314,1.3852341497157,NaN,6.47338411466643,3.18530257266614,NaN,,1301.0627589348,30.0020379036498,204.527774350335,1.829149078,102.795367891692,0,3.16326464933605,0.749588764271493,99.9448361571436,NaN,NaN,NaN,NaN,16.8393160191762,0.0539597175072274,1.61892391233612,NaN,6.01563851714371,3.28737604989086,NaN,,1299.78228315645,30.0100002288818,205.249756556058
6.83333333333333,0,100.673555716971,0.888080525854989,3.47444484405997,0.641986738619913,100.282769416816,NaN,NaN,NaN,NaN,10,0.0457945041778235,6.31715563194012,NaN,8.47407068502126,13.6568785323847,NaN,,1298.78258561481,30,204.510750052204,0,102.587517358881,0.584407487999999,3.50810704298554,1.61433258231782,99.8151313708441,NaN,NaN,NaN,NaN,226.960205041187,0.115010842893988,1.54684180476905,NaN,7.97986891361615,3.66949803270707,NaN,,1299.98013424559,29.9943759730575,204.005491000058,0,99.7523105332048,0.377025221999999,3.4829792196707,1.74970512564863,99.8389565958845,NaN,NaN,NaN,NaN,257.600951923753,0.125100999886579,1.19910471012451,0.518050072875184,7.48224190818019,1.7231161709808,3.58998988881349,,1301.64742833587,30.0091971895588,203.797311601451,0.301859619999999,98.9827023539932,0.219506635999999,3.28696296050136,2.45417066945156,99.5945154794839,NaN,NaN,NaN,NaN,65.6827475171377,0.175359492038827,1.53625824094045,NaN,6.97447033853912,2.51973506732383,NaN,,1299.91365580534,30,203.939300747446,1.014033734,100.51432018251,0.0959276982284288,3.44369605084623,1.62721018524331,99.7231927129558,NaN,NaN,NaN,NaN,119.227648081518,0.116640219663582,1.38508035016295,NaN,6.47379400694746,3.18505125535595,NaN,,1300.27695921673,30.0019806176364,204.526141093577,1.829149078,102.732111376079,0,3.15279858564397,0.750030662456693,99.8864890912701,NaN,NaN,NaN,NaN,15.7859215209608,0.0540001338563388,1.46550279640275,NaN,6.01510300514869,3.0194187553218,NaN,,1299.85122233112,30.0067852992779,205.244227520071
6.91666666666667,0,101.201941798981,0.894414819495106,3.4937669199215,0.64359252896038,101.009389478703,NaN,NaN,NaN,NaN,10,0.0458924462111422,5.92519164389724,NaN,8.48017791943785,12.9521643479711,NaN,,1300.61033386875,30,204.511527040108,0,102.519655768268,0.584407487999999,3.50779041052425,1.62845511037694,99.8940907371636,NaN,NaN,NaN,NaN,217.25078038812,0.115977116998192,1.54750970968746,NaN,7.97753491930613,3.67060778960918,NaN,,1299.29716021693,29.9979969404997,203.999937336052,0,99.6018089057152,0.377025221999999,2.68871931611916,1.76081491012357,99.5944772787974,NaN,NaN,NaN,NaN,269.918663809578,0.125218837447703,1.4014335222399,0.402227936733977,7.48346291199323,2.13272158164079,43.4954367410099,,1298.4238588704,30.001076498096,203.800368313752,0.301859619999999,98.7479154977296,0.219506635999999,3.12391868527732,2.52541832736584,99.4872041745267,NaN,NaN,NaN,NaN,61.991978968132,0.180394641090482,1.6059125997583,NaN,6.97210732936714,2.78619190276362,NaN,,1300.38295025119,30.002855818418,203.933765941445,1.014033734,100.549353489383,0.0992494640000006,3.23778725769756,1.66835852860145,99.7803866588146,NaN,NaN,NaN,NaN,146.556276946123,0.119517025089678,1.36715604801,NaN,6.47349962212605,3.15376202511656,NaN,,1301.35937822716,30.0068360759279,204.524027003822,1.829149078,102.68764638716,0,3.26556931997166,0.76405810477026,99.9456491904138,NaN,NaN,NaN,NaN,16.0525319618053,0.0550125537844475,1.49633209082703,NaN,6.01390811046192,3.07313071800206,NaN,,1299.95598881908,30.000265629833,205.238699940396
7,0,101.442236504652,0.895602821091333,3.48347754643204,0.647726565006515,100.013074603573,NaN,NaN,NaN,NaN,10,0.0461707683774539,5.54916501605605,NaN,8.47531741874678,12.2781949852981,NaN,,1300.11184391486,30,204.507150891431,0,102.518917507529,0.584407487999999,2.79380631052868,1.59646893354736,99.6103326957315,NaN,NaN,NaN,NaN,190.691525254896,0.112987735586143,1.63295655992177,NaN,7.97549313018693,3.82130543014918,NaN,,1299.05151121023,29.9957599394961,204.026835246876,0,97.7356069133308,0.379243357150871,3.40015896680865,1.73818396508701,93.3724195898913,NaN,NaN,NaN,NaN,52.9670412182631,0.0983782019231075,2.79023415742117,0.0971954216749971,7.47681946469043,4.56684958704872,57.9449472726328,,1300.62980888143,29.910049078584,203.988179253508,0.301859619999999,98.5210704617995,0.223710429567259,3.30033141401178,2.61508648292619,99.7012824399821,NaN,NaN,NaN,NaN,70.7288245914223,0.186760900902074,1.56271084019786,NaN,6.97074616067375,2.71069002365522,NaN,,1299.61015358854,30.0100002288818,203.932221594492,1.014033734,100.345880371934,0.102169629767122,3.41203182957755,1.71443579747924,99.7751333458233,NaN,NaN,NaN,NaN,138.89869642567,0.122813398587991,1.41236630969508,NaN,6.4725945512873,3.23267042928618,NaN,,1298.78288624819,30.0022323260899,204.521293808717,1.829149078,102.698100587522,0,3.18462792874617,0.770287918493457,99.9066883551163,NaN,NaN,NaN,NaN,31.9916712536116,0.055448784833174,1.66041538742579,NaN,6.01342856291331,3.35978587701342,NaN,,1300.25910368655,30.0004012142645,205.233172926981
7.08333333333333,0,101.378831184006,0.90797577595438,3.52738194468889,0.6517262413578,99.8558956796455,NaN,NaN,NaN,NaN,10,0.0464594663738912,5.2863513753582,NaN,8.49493599902388,11.8082770200807,NaN,,1298.59238229353,30,204.513854261192,0,100.83142176013,0.596833331478287,3.52747021733307,1.56553505304429,95.2292218173466,NaN,NaN,NaN,NaN,31.3501999516151,0.096932808365968,4.37846875160878,NaN,7.97270196579806,8.65243446380023,NaN,,1300.24261161899,29.8759812971024,204.200969048396,0,94.5554165922928,0.3947725221178,3.51134917053256,1.26699607630346,96.0126825641291,NaN,NaN,NaN,NaN,37.0349381799308,0.0909383083631166,2.34264611341326,3.86178272099527,7.4763652575483,3.77953830160723,0.330696727106994,,1299.74927860841,29.863735386673,203.998309617741,0.301859619999999,98.4007533597369,0.232836024049402,3.26893207505951,2.63185630407175,99.7997276630034,NaN,NaN,NaN,NaN,90.6912092495561,0.187935178758529,1.48862170585845,NaN,6.97116668270654,2.58140927801534,NaN,,1299.78390681489,30.0100002288818,203.935919273943,1.014033734,100.209978692435,0.105034429999999,3.39623517482818,1.71804525548118,99.7689647528963,NaN,NaN,NaN,NaN,138.724833534143,0.12313920836574,1.37544292682589,NaN,6.47436125605253,3.16828610381352,NaN,,1299.70184701774,30.0078062674355,204.51874081899,1.829149078,102.611644677912,0,3.22924269891804,0.789412951646662,99.8486140788725,NaN,NaN,NaN,NaN,30.482334295789,0.0568090111227853,1.71449184773981,NaN,6.01228433703734,3.45397432723593,NaN,,1302.5396162124,30,205.22764297034
7.16666666666667,0,101.332659621748,0.910878246,3.50484684074696,0.616056945131429,100.150068744749,NaN,NaN,NaN,NaN,10,0.0439200830943333,4.97454227902159,NaN,8.53240884532676,11.2519346571158,NaN,,1300.49636389206,30,204.511403682542,0,99.1281327617659,0.604419471692789,3.59084307120608,1.28459266438085,98.4191009862205,NaN,NaN,NaN,NaN,18.6610937855,0.0917754110831105,3.9554866375036,NaN,7.9728689838219,7.90237593494768,NaN,,1299.55161183471,29.8518618210187,204.203111511101,0,93.3434635092322,0.411554373464849,3.46417890103162,1.31133594051586,98.3563464214862,NaN,NaN,NaN,NaN,30.2805549054026,0.0940927017038926,2.04228604914077,3.09372540262974,7.47683825165087,3.24941855685374,0.428244800253513,,1300.32932088366,29.8977287900474,204.009483065319,0.301859619999999,98.1690907470203,0.237776309066089,3.29953927001576,2.6925075598465,99.5037091901972,NaN,NaN,NaN,NaN,102.016100025035,0.192218869426072,1.50110559302583,NaN,6.97134943747031,2.60350539032217,NaN,,1300.59999574149,30.00355674016,203.935318178219,1.014033734,100.095452231604,0.105110731021687,3.36968569266899,1.73311419585914,99.7162624432593,NaN,NaN,NaN,NaN,131.436712117706,0.12417508848486,1.35772814112036,NaN,6.47286290858606,3.13731649007901,NaN,,1301.54855353172,30,204.513206524344,1.829149078,102.53362230691,0,3.131719538729,0.793446126869495,99.8962602845446,NaN,NaN,NaN,NaN,29.927167282,0.0571157167946867,1.41606514500983,NaN,6.01172035257666,2.81249458783475,NaN,,1300.52625889614,30.0004011420062,205.222114194438
7.25,0,101.375626787771,0.910878246,3.46188265223325,0.607072136733638,99.8826372171026,NaN,NaN,NaN,NaN,10,0.0432778787142323,4.81834900337508,NaN,8.53446470792074,10.9737287927189,NaN,,1298.11312182014,30,204.5058411821,0,98.8975980142569,0.616796632003459,3.46785259901316,1.27789471702962,99.6765930142609,NaN,NaN,NaN,NaN,14.3133865802584,0.0911427137664051,3.82468399198992,NaN,7.97250282780503,7.67093587467486,NaN,,1300.00072984632,29.8967857192121,204.209839798915,0,92.6137628830333,0.424832635246288,3.47710138542067,1.4215637886237,98.571894293818,NaN,NaN,NaN,NaN,23.7019771096667,0.101957702584476,2.12886029314969,2.63853348943107,7.47607002862287,3.40099556293374,0.544879094282345,,1300.58005187786,29.9375671358406,204.017329050646,0.301859619999999,97.982069024224,0.24030914,3.30847859531017,2.72388595384626,99.6921454749778,NaN,NaN,NaN,NaN,96.6993063184576,0.194401679641401,1.54076776981054,NaN,6.97113204336811,2.67237950487542,NaN,,1300.17007237787,30.0013061410183,203.932415988972,1.014033734,99.8670700032884,0.11025086898581,3.39966239153656,1.77861342367636,99.4024227315848,NaN,NaN,NaN,NaN,134.938331508038,0.127378713150861,1.3929641282833,NaN,6.47381457565549,3.19877547732375,NaN,,1301.70853417554,30.0061242717269,204.512857581436,1.829149078,102.466684332538,0,3.19392144702964,0.800844898056723,99.8053673520518,NaN,NaN,NaN,NaN,23.6408978564599,0.057637420410772,1.52139518501308,NaN,6.0104909682414,2.97469210125925,NaN,,1300.39742201625,30,205.216586172681
7.33333333333333,0,101.356548884285,0.910878246,3.40555874994243,0.620006508812801,100.044493794117,NaN,NaN,NaN,NaN,10,0.0441657102183557,4.58875963796373,NaN,8.52265256965928,10.5653657719759,NaN,,1300.65406131608,30,204.50027623995,0,98.6979875367174,0.627570839897946,3.61868547815503,1.30301278276411,99.6485386110543,NaN,NaN,NaN,NaN,7.80602774992284,0.0929342348349231,3.9412116376657,NaN,7.9730708849111,7.87709312705882,NaN,,1299.30399397462,29.9390968110821,204.21516130928,0,91.7876514475775,0.432334327107285,3.43997295076145,1.53823678932846,98.4326286888727,NaN,NaN,NaN,NaN,20.4676047039512,0.110292177662919,2.19159744516759,2.37528447095786,7.47455653102087,3.5108789374284,0.66814642786403,,1300.34801516198,29.9684972252702,204.019197738243,0.301859619999999,97.8265889793126,0.242500428576244,3.25323782085517,2.7544257712852,99.6961812771058,NaN,NaN,NaN,NaN,82.7422410865901,0.196572741021248,1.31296391459631,NaN,6.97063938965154,2.27509998599686,NaN,,1300.37511443075,30.0054554172934,203.92896357223,1.014033734,99.5982090206622,0.110254534,3.50176716471037,1.89548171213785,99.5403213135507,NaN,NaN,NaN,NaN,141.015367983208,0.135807173384998,1.48448979057219,NaN,6.47220111338663,3.35853374223169,NaN,,1299.94644678584,30.0099117102464,204.507354903268,1.829149078,102.392331551967,0,3.15207705553855,0.808099712585078,99.8724632353942,NaN,NaN,NaN,NaN,22.5213214153735,0.058158576982744,1.54379880284716,NaN,6.00908952172352,3.12575997502785,NaN,,1300.47813391125,30,205.211057037688
7.41666666666667,0,101.386892773602,0.910878246,3.47314078168243,0.631931337788457,100.008746896587,NaN,NaN,NaN,NaN,10,0.0450425552573169,4.43621674187827,NaN,8.50828491402785,10.294367954574,NaN,,1298.17857159685,30,204.494711108592,0,98.3171695756357,0.640056267147608,3.59796476418804,1.32067583523577,99.2050333279771,NaN,NaN,NaN,NaN,5.56169845339929,0.0942224025561941,4.17854199256541,NaN,7.97370990910304,8.29740482914915,NaN,,1301.06600800275,29.9696734943023,204.222098395992,0,90.9486331222633,0.449423563094413,3.43830362768794,1.67106849141891,98.2152997669663,NaN,NaN,NaN,NaN,18.0810451732155,0.119487456861684,2.3639396967503,0.946044512168447,7.47287549021794,3.81294603711729,2.42425756649954,,1300.53213228501,29.9876249871883,204.030871238299,0.301859619999999,97.7192078894332,0.247942088685025,3.3092677389311,2.7882511078129,99.7628677380646,NaN,NaN,NaN,NaN,88.7017788996072,0.198911019850303,1.49696445945329,NaN,6.97126091282987,2.59608833147274,NaN,,1300.62437073134,30.0094034672683,203.92885918611,1.014033734,99.3498033878637,0.115068700264623,3.53563746130777,1.98171809817229,99.8403574997882,NaN,NaN,NaN,NaN,157.376587321078,0.141977047601529,1.43858494320009,NaN,6.4722937248833,3.278446731839,NaN,,1299.44797659303,30.0096862600018,204.506529026901,1.829149078,102.314395321216,0,3.19106412847602,0.816347839119391,99.9382047742356,NaN,NaN,NaN,NaN,20.3218430381667,0.0587476715239366,1.68223364141806,NaN,6.00836136964473,3.39782597070199,NaN,,1299.89392285748,30,205.20552811845
7.5,0,101.321565866632,0.910878246,3.45829034255718,0.650296160631228,99.9289981129936,NaN,NaN,NaN,NaN,10,0.0463603221493152,4.26447297134281,NaN,8.49207024053482,9.9896510435253,NaN,,1300.50723123723,30,204.489148923689,0,97.8418419947752,0.650032153727334,3.65645596300081,1.35089797344998,98.9680441703133,NaN,NaN,NaN,NaN,5.94140085641947,0.0964003886429199,4.39918535151123,NaN,7.97292407505368,8.68876165000947,NaN,,1300.53326614493,29.9871864208923,204.226524960485,0,90.0577373981618,0.46865954897005,3.49499124475378,1.78878015386598,98.4374519112196,NaN,NaN,NaN,NaN,15.3676518253333,0.127664539747886,2.37072201830582,NaN,7.47380912686518,3.82484095025507,NaN,,1300.63794023863,29.9991939240208,204.044305812099,0.301859619999999,97.4304231812923,0.25082726,3.26117979133382,2.80625279168823,99.38413477042,NaN,NaN,NaN,NaN,105.465908563053,0.200170489323528,1.51185966551818,NaN,6.97284426726107,2.62200468080589,NaN,,1300.31732045152,29.9977479414773,203.926307264043,1.014033734,99.3735454264321,0.118980271517026,3.4957256587977,2.00701761505946,99.9213757232622,NaN,NaN,NaN,NaN,158.085813028735,0.143755482631122,1.42990755843478,NaN,6.47252257517193,3.26326608667709,NaN,,1300.83410880997,30.0100002288818,204.504800325159,1.829149078,102.241816978997,0,3.1472671304955,0.821774987465146,99.8360853329356,NaN,NaN,NaN,NaN,21.9122984935,0.0591411219930251,1.61098457057027,NaN,6.00735724766078,3.27326798739986,NaN,,1299.1888752429,30,205.19999872432
7.58333333333333,0,101.330292836386,0.912272693505861,3.53379830774011,0.668072981303118,100.011532771854,NaN,NaN,NaN,NaN,10,0.0476370500548607,4.08488518149339,NaN,8.47559942775985,9.67134242338674,NaN,,1299.38487795617,30,204.4847738743,0,97.3399612395861,0.661318991564702,3.62619239484623,1.37105361950142,98.9397893140657,NaN,NaN,NaN,NaN,6,0.0977900480265574,4.60834379147871,NaN,7.97539104536897,9.06030775980093,NaN,,1301.62594747723,29.9995977002072,204.232253160495,0,89.271451368992,0.490119772331418,3.48904953168315,1.93053081810373,98.9008949887211,NaN,NaN,NaN,NaN,14.6418594888333,0.137934285805194,2.35264454536049,NaN,7.47316565255924,3.79315004840424,NaN,,1301.14901989227,30,204.060407510068,0.301859619999999,97.30066550634,0.254236321265212,3.30324827560747,2.90078379208336,99.8359227967219,NaN,NaN,NaN,NaN,116.780003739062,0.206795339684049,1.51708680007107,NaN,6.97113410035385,2.63127465698417,NaN,,1300.54415092257,30.0100002288818,203.924065922901,1.014033734,99.2414072273599,0.125856412,3.62245012886329,1.97240440878663,99.746427834109,NaN,NaN,NaN,NaN,146.697365736199,0.141260160397644,1.38920876621299,NaN,6.47594338430859,3.19226102346721,NaN,,1300.20872663156,30.0012328545572,204.506348644905,1.829149078,102.173911028347,0,3.14580601876971,0.837294336711992,99.8501864056757,NaN,NaN,NaN,NaN,20.3275036401667,0.0602811250089465,1.46584606882126,NaN,6.00669816808413,3.02006831267457,NaN,,1300.42937929472,30.0003995510865,205.194470864871
7.66666666666667,0,101.386295329286,0.925193403432651,3.36596976299056,0.684017140308211,99.9269580799504,NaN,NaN,NaN,NaN,10,0.0487527151430694,3.97161850918659,NaN,8.47038722399223,9.47077363625704,NaN,,1300.06762076715,30,204.492229669709,0,96.7327496059816,0.66855949686689,3.62359955414616,1.39822973723508,98.9239741946525,NaN,NaN,NaN,NaN,6,0.0997105057360329,4.72371122588453,NaN,7.97530125871926,9.26542580322016,NaN,,1300.62501539652,30,204.234049143735,0,88.8794239090041,0.512462570238509,3.48819834739163,2.10479744115224,99.0745462467733,NaN,NaN,NaN,NaN,13.2245055675,0.150404955927567,2.46711791007801,NaN,7.47371204344951,3.99389701973754,NaN,,1299.26039207389,30.0054771103966,204.076907292602,0.301859619999999,97.1833230130038,0.261980392518228,3.23429567341283,2.99411106712911,99.5587155170942,NaN,NaN,NaN,NaN,121.475092432278,0.213285373976755,1.65884928609701,NaN,6.97046262917863,2.87865766288129,NaN,,1300.06381043098,30.0168932791443,203.926115465001,1.014033734,98.9488006497275,0.125856412,3.4697044802756,1.96161979409095,99.4539970252795,NaN,NaN,NaN,NaN,143.732265592269,0.140539414543697,1.38977676268796,NaN,6.47402012647422,3.19325770519223,NaN,,1299.83430158244,29.999599989568,204.500813357087,1.829149078,102.037468216161,0,3.19176257718198,0.847593941007443,99.8109242551871,NaN,NaN,NaN,NaN,22.4002844167657,0.0609865581730223,1.48584494143551,NaN,6.00630513302312,2.88745839569349,NaN,,1299.17337085014,30.0045336409894,205.188942166453
7.75,0,101.25825421658,0.931636644104433,3.51627329189261,0.687557523262021,99.9885862754718,NaN,NaN,NaN,NaN,10,0.0490244377006923,3.80641664279361,NaN,8.47163482389426,9.17853415373086,NaN,,1299.70044692443,30,204.493121970264,0,96.2525711461511,0.677394019548751,3.62360525679035,1.43347157055472,99.6468067484779,NaN,NaN,NaN,NaN,6,0.102247126016146,4.6632935708729,NaN,7.97296163126513,9.1579947134265,NaN,,1300.47269679974,30.000403301734,204.237126793601,0,88.1876317100624,0.533124956617019,3.49844927106113,2.25348583374375,98.5399799292042,NaN,NaN,NaN,NaN,11.7772101594228,0.161108892390062,2.47835750121148,NaN,7.4750760377315,4.01361010056851,NaN,,1301.00773524001,30.0100002288818,204.092339364073,0.301859619999999,96.8518067476518,0.271608408063876,3.22858867009091,3.14978689174437,99.6172054822226,NaN,NaN,NaN,NaN,186.274602791816,0.224500613646891,1.61542348795753,NaN,6.97200492617156,2.80275721011619,NaN,,1300.00293636204,30.0200004577637,203.930352626704,1.014033734,98.6891269164504,0.125856412,3.52513808252009,2.01402838171521,99.4678917583174,NaN,NaN,NaN,NaN,150.794598236393,0.144333233957988,1.40773776711537,NaN,6.47221936543282,3.22458091125741,NaN,,1300.09541844158,30,204.49527970365,1.829149078,102.004866837489,0,3.24493192109367,0.860986722701506,99.8354589536853,NaN,NaN,NaN,NaN,23.1315285475676,0.0619605364576337,1.57650002262744,NaN,6.00519254229093,3.21317821800284,NaN,,1300.88857986434,30.0026990934659,205.183414001577
7.83333333333333,0,101.298029474361,0.93667064718736,3.46832537588783,0.691445288906935,99.9992812829877,NaN,NaN,NaN,NaN,10,0.0492961623896917,3.70207113050601,NaN,8.47116682437122,8.99409059569598,NaN,,1301.57282990121,30,204.492484925365,0,96.573470563986,0.694348557825261,3.64406792595374,1.48112762621869,100.586522171615,NaN,NaN,NaN,NaN,6,0.105521831674468,4.36263472970135,NaN,7.97353272779586,8.62389039019064,NaN,,1302.02823692109,30,204.248497477647,0,87.2822298239599,0.552678348786965,3.46082009970581,2.43962794893014,98.1854019313788,NaN,NaN,NaN,NaN,11.7404574105772,0.174617388301134,2.52179433555713,0.167296347666048,7.47277194074585,4.08983502412366,30.0760142041848,,1301.05983783845,30.0100002288818,204.106229217366,0.301859619999999,96.7858100597407,0.279108560533033,3.27663422584811,3.21974511150542,100.045638016266,NaN,NaN,NaN,NaN,211.120694259858,0.229576773507264,1.4386098523619,NaN,6.97386581761374,2.49425878059421,NaN,,1300.10693791247,30.0167881321344,203.932218394193,1.014033734,97.7113960051308,0.125856412,2.8935415617692,2.05024837394548,96.1781542484649,NaN,NaN,NaN,NaN,55.3557105537261,0.126067305988165,2.59597959879794,NaN,6.47329274499761,5.30548253299653,NaN,,1300.12498014873,29.9393559378885,204.649601741656,1.829149078,101.910163425914,0,3.21013426447752,0.874465824210676,99.7855089742243,NaN,NaN,NaN,NaN,21.7895268233236,0.0629279681616339,1.52873024564167,NaN,6.00508453661747,3.12982744705582,NaN,,1300.68000251447,30.000803561855,205.17788529084
7.91666666666667,0,101.192047874712,0.943646076573319,3.51985845999969,0.68974271980786,99.8902283170492,NaN,NaN,NaN,NaN,10,0.0492009253970222,3.58579336104061,NaN,8.47126044975355,8.78872259143562,NaN,,1301.26722710024,30,204.494004636317,0,96.5549239539535,0.709632448972467,3.62345142041533,1.50837754608037,99.6705267026665,NaN,NaN,NaN,NaN,6,0.107476790134596,4.14191229653795,NaN,7.9753478936728,8.23250752082735,NaN,,1299.07316173554,30,204.25827183017,0,86.4736823850003,0.57455252428847,3.46753535629035,2.63522930301042,98.3810927811629,NaN,NaN,NaN,NaN,11.7186478148333,0.188676388698406,2.65548218788861,0.739614913154043,7.47367944822184,4.32451984151176,5.79017961619448,,1301.7689010675,30.0100002288818,204.122593384573,0.301859619999999,96.7528577345522,0.282147884,3.34810604786153,3.22140452061047,99.5943769505215,NaN,NaN,NaN,NaN,208.02448058728,0.229575875946068,1.50344697306819,NaN,6.9774390177914,2.60737542875702,NaN,,1299.69413953509,30.0104118293828,203.929891077922,1.014033734,95.5432379216331,0.125856412,3.49284149865776,1.99681763318769,97.1074866927015,NaN,NaN,NaN,NaN,31.6443972373333,0.139524012956669,2.9413658401593,1.30294598498629,6.47431562621719,5.91115695217632,1.53999026753077,,1301.8469366516,29.8612165179203,204.684243915507,1.829149078,101.824021759378,0,3.19790492855758,0.890413717134582,99.894879317972,NaN,NaN,NaN,NaN,24.471921613343,0.0640401656884499,1.68187759659697,NaN,6.00415580524353,3.26640002481569,NaN,,1297.71442129358,30,205.172354679807
8,0,101.21980357126,0.953055917806374,3.54939677196399,0.697048550922936,100.034151689574,NaN,NaN,NaN,NaN,10,0.04972191060685,3.43862115765041,NaN,8.47141242774135,8.52896004639023,NaN,,1300.20592268449,30,204.497750211145,0,96.4722792336223,0.722109949340204,3.64108454135027,1.54437856269555,99.9476640077895,NaN,NaN,NaN,NaN,6,0.110066755955619,4.00934536650924,NaN,7.97517971489022,7.99767654189915,NaN,,1301.3398307265,30,204.265164903894,0,85.3635916247421,0.596147404773978,3.47373860658889,2.83593951970422,97.7830476622331,NaN,NaN,NaN,NaN,11.7986490721667,0.203202979712327,2.6628633817152,2.04363806009895,7.47275763328793,4.33749422726087,1.42320567654617,,1300.62855570491,30.0100002288818,204.138607756747,0.301859619999999,96.4685990267061,0.282147884,3.36943508124754,3.17138006122773,99.4887705759717,NaN,NaN,NaN,NaN,248.456104806396,0.226012553637463,1.57384299814148,NaN,6.97643488893011,2.73014954513047,NaN,,1300.45997998626,30.0000957838602,203.924342225643,1.014033734,94.6848182246835,0.125856412,3.54913240522174,2.30649718081059,98.7603904476014,NaN,NaN,NaN,NaN,29.853863805,0.165531958461459,3.10514928152519,0.241584576111519,6.48097672633101,6.19936630203956,25.54507573853,,1300.54564866896,29.8773022652733,204.678715212095,1.829149078,101.732962899408,0,3.17215819019298,0.903561100177421,99.7299017011481,NaN,NaN,NaN,NaN,46.0358653883333,0.064997043499575,1.79810054673134,NaN,6.00263958336784,3.60004144369653,NaN,,1300.09699271936,30.0012026110416,205.166823735577
8.08333333333333,0,101.192991826707,0.961284966445648,3.47678337018409,0.700628612595595,99.9433519974529,NaN,NaN,NaN,NaN,10,0.0499719902099819,3.30247480589882,NaN,8.47120119374893,8.28888569290438,NaN,,1299.87819979829,30,204.500423380291,0,96.3141334742771,0.735501252393176,3.55883811713367,1.59213648231427,99.5633238531013,NaN,NaN,NaN,NaN,6,0.113474150387979,3.92933650472329,NaN,7.97671508304736,7.85606436411308,NaN,,1300.51034779919,30.0003995459563,204.273103489989,0,84.1706249617518,0.621069550218866,3.51963903676899,3.06269740982473,97.6880455745651,NaN,NaN,NaN,NaN,11.5915514156642,0.219673645583328,2.84475265792681,3.08883240503328,7.47442692110968,4.65709763832533,1.02421920377137,,1301.11228464465,30.0100002288818,204.158014992576,0.301859619999999,96.2825577815789,0.282147884,3.22387178346595,3.17005205670883,99.8470993870945,NaN,NaN,NaN,NaN,274.552482459012,0.225979933168218,1.58497553949583,NaN,6.97421674900469,2.74961658191007,NaN,,1301.51867518163,30,203.918794134766,1.014033734,93.9120788382896,0.125856412,3.49742142049084,2.64118757055981,98.5150991764031,NaN,NaN,NaN,NaN,28.3021184134732,0.189622882933866,3.28934622807297,0.425529474814697,6.47955418476089,6.5238472416463,8.28917481504887,,1300.34762564985,29.9223451797062,204.673185307073,1.829149078,101.580013196785,0,3.20967107582675,0.92169881961711,99.7814740407824,NaN,NaN,NaN,NaN,51.866213691,0.0663034218494402,1.56249018795267,NaN,6.0014834422907,3.18884072194383,NaN,,1299.4941840403,30,205.161293913349
8.16666666666667,0,101.18044814752,0.971976845449932,3.48219612356989,0.700899581961054,100.00732783007,NaN,NaN,NaN,NaN,10.1607566083333,0.0500000007450581,3.28370474358056,NaN,8.4719192517503,8.25578825513951,NaN,,1299.79388164212,30,204.50555646312,0,96.0250445236505,0.748843080223422,3.68096393125718,1.64638274915504,99.4614717416977,NaN,NaN,NaN,NaN,6,0.117456445840585,3.9132207823312,NaN,7.97576416687796,7.82755238667094,NaN,,1300.15789199389,30.0044193932112,204.280785939578,0,82.9396663582794,0.643415081098673,3.51209389778199,3.27873212222031,97.6209430844259,NaN,NaN,NaN,NaN,11.6909064892806,0.235337084976018,2.89939229623049,4.25097978038557,7.47235067861215,4.75316856916527,0.772305244357052,,1297.50459347021,30.0100002288818,204.174870734657,0.301859619999999,96.1764696161935,0.28308059407527,3.36886145024638,3.12433200537597,99.6056547240719,NaN,NaN,NaN,NaN,300.614842178178,0.222707962464755,1.54487522528439,NaN,6.97135503327469,2.67968669398785,NaN,,1301.21904096098,30.0044313024605,203.91407384921,1.014033734,93.158594371349,0.125856412,3.50235659519223,2.94262414808034,98.4377984904689,NaN,NaN,NaN,NaN,26.7607223961934,0.211194145538879,3.37829814382909,0.866389628837485,6.47655049974057,6.6806627183866,3.51750701594882,,1300.48389838729,29.9585144806244,204.667657407617,1.829149078,101.480665503406,0,3.22318817484124,0.946214403921799,99.8657642591267,NaN,NaN,NaN,NaN,55.2613576601667,0.0680678133893391,1.5808299977547,NaN,6.00119683234796,3.05916591729853,NaN,,1299.06228659059,30,205.155763602719
8.25,0,101.266101827246,0.982303156979952,3.38433360359851,0.703989773618375,99.9968111425336,NaN,NaN,NaN,NaN,10.2416761068333,0.0501948316323768,3.16785253104597,NaN,8.47231320109938,8.05167615022767,NaN,,1300.15223468241,30,204.510317763391,0,95.675551549971,0.761287456979756,3.60461525548513,1.69925924220222,99.1678383046767,NaN,NaN,NaN,NaN,6,0.12119481877489,3.81073160011695,NaN,7.97709010711561,7.64627397721694,NaN,,1298.62496358345,30.0036221974519,204.287781473835,0,81.8198871732317,0.670440570222743,3.49965520701249,3.55291240359409,97.8978504520559,NaN,NaN,NaN,NaN,11.8335916740551,0.255042575588178,2.81939133419038,5.07230018324618,7.47369916261424,4.6125184870182,0.70173094430515,,1298.78586326627,30.0100002288818,204.196291891347,0.301859619999999,95.8585904422865,0.289728041931833,3.27516238861609,3.12690337380341,99.4587560118281,NaN,NaN,NaN,NaN,282.121805739403,0.222892875740189,1.47782461407879,NaN,6.97075988040323,2.56253284621116,NaN,,1300.13454134049,30.0036105283717,203.915176139209,1.014033734,92.4436120491516,0.127304182823685,3.56912166574109,3.25104304988066,98.7145637364253,NaN,NaN,NaN,NaN,25.9966463241441,0.233197881948521,3.33832257897243,0.936110318336986,6.4727554512473,6.61018013877624,3.66158573896368,,1300.87525134697,29.9795682241311,204.663469049371,1.829149078,101.389623349432,0,3.25960265464855,0.95728312411213,99.7617966335532,NaN,NaN,NaN,NaN,53.1724832766758,0.0688619769589809,1.73281426657611,NaN,6.00019514554677,3.48612909367458,NaN,,1299.58889981293,30.002417229218,205.150233599778
8.33333333333333,0,101.257577756135,0.988790246,3.22142769856244,0.702042832104236,99.9430566954077,NaN,NaN,NaN,NaN,10.0400983375,0.0498529848748362,3.10111751071828,NaN,8.48008065613672,7.93416718370942,NaN,"Sample 1.50 mL to AMBR-96DWP-1/D1",1300.80884348753,29.9988653623591,204.177933507452,0,95.2651681062741,0.773756981363866,3.42829359386947,1.76883924935361,99.2776510105369,NaN,NaN,NaN,NaN,6,0.125146787276774,3.80579356247922,NaN,7.97352315184828,7.63756434139042,NaN,"Sample 1.50 mL to AMBR-96DWP-1/D2",1300.18799257717,30.006026727541,203.941756485564,0,80.6954812522092,0.696650187624218,3.30835845790768,3.82715851042915,97.5482231325786,NaN,NaN,NaN,NaN,11.677575508396,0.273599353622767,2.94033838893124,6.35261142625635,7.47235923652553,4.82516845811741,0.599752723835759,"Sample 1.50 mL to AMBR-96DWP-1/D3",1301.08053651196,30.0099891012744,203.849702805992,0.301859619999999,95.7123535147876,0.293493218210666,3.15706241402401,3.13746852450536,99.7430662324349,NaN,NaN,NaN,NaN,260.284452175363,0.221103256800141,1.61362238367918,NaN,6.97154503040314,2.79972070479438,NaN,"Sample 1.50 mL to AMBR-96DWP-1/D4",1298.73436756396,29.9982979999317,203.529018896464,1.014033734,91.7902807942076,0.131076515999999,3.35746845693737,3.53030625914389,98.8115629464045,NaN,NaN,NaN,NaN,25.0069824375226,0.251231213380727,3.28625990516519,1.03945957823416,6.47129287336338,6.51840651770756,3.53853420939878,"Sample 1.50 mL to AMBR-96DWP-1/D5",1301.43383584047,29.9936182129942,204.255889410293,1.829149078,101.310421137616,0,2.99890345415064,0.973608931563378,99.7573970105293,NaN,NaN,NaN,NaN,58.01455415528,0.0695194268276111,1.60666684105459,NaN,5.99974467440016,3.26579789643831,NaN,"Sample 1.50 mL to AMBR-96DWP-1/D6",1298.93012193955,29.9990560142794,204.917418116303
8.41666666666667,0,101.173907844125,0.988790246,3.47946497334469,0.707572695804411,100.041674279366,NaN,NaN,NaN,NaN,10,0.0495103270550315,3.03837143855846,NaN,8.47987788285352,7.82370436309243,NaN,,1300.1408554716,29.9987216077656,202.71189699935,0,94.8982783764993,0.790368609377237,3.62887607076602,1.81841717681932,99.3349134801113,NaN,NaN,NaN,NaN,6,0.128194183769025,3.75761778334757,NaN,7.97487528730158,7.55237203860498,NaN,,1298.69380899432,30.0057030610914,202.511674341144,0,79.3159950811613,0.726008093073635,3.59870558027783,3.96403882467205,97.9640947956947,NaN,NaN,NaN,NaN,11.8004959749373,0.286537512737052,2.96762365854824,7.43723707205817,7.47325460152488,4.87316979866369,0.463383385385031,,1301.25324311828,30.0104129410055,202.446774707766,0.301859619999999,95.5451695307612,0.30294587038587,3.34458571577581,3.16309522253991,99.6384831213297,NaN,NaN,NaN,NaN,232.447083601898,0.22022077057321,1.61370567232306,NaN,6.97321007393234,2.7998802110171,NaN,,1300.04323868239,30.0037569621364,202.123313939615,1.014033734,91.2145810915741,0.144738358840266,3.54525839277665,3.66792746297918,99.0400132031894,NaN,NaN,NaN,NaN,24.3298243978333,0.26492335916793,3.24599677747971,1.40405245769641,6.47139207496779,6.44745847625111,1.97581959571971,,1299.84955412792,30.0018030753348,202.875552157904,1.829149078,101.10072209448,0,3.26249203141515,0.995632290613491,99.8460184708607,NaN,NaN,NaN,NaN,56.4243724555625,0.06826105131788,1.34803231819246,NaN,5.99858826917334,2.81448903137516,NaN,,1299.46494178011,29.9953223405143,203.345176804454
8.5,0,101.217755780146,0.992382276010131,3.47700142637115,0.717991085823317,100.042599961813,NaN,NaN,NaN,NaN,10,0.0507474550444436,2.99000379903759,NaN,8.47171312587081,7.73859959916344,NaN,,1298.06434273376,30.0020107419452,202.709719972715,0,94.5490202010895,0.808621448138494,3.74057261986564,1.91454745293587,99.3765272584296,NaN,NaN,NaN,NaN,6,0.135430964092567,3.74266247309022,NaN,7.97458474974876,7.52595035507105,NaN,,1301.82055048848,30.0100002288818,202.524278653152,0,78.2813614363258,0.756005379217324,3.52556356826051,4.42286154398589,97.605951488397,NaN,NaN,NaN,NaN,12.181415062,0.315743859853334,3.03966876345935,9.55045763258105,7.47289851512557,4.99994054500243,0.463800431281432,,1299.42991416668,30.0194450531501,202.471396564008,0.301859619999999,95.3754330475339,0.303554206,3.43165112571858,3.23215390739164,99.8443482841612,NaN,NaN,NaN,NaN,226.415887349977,0.228425898405544,1.67136530189874,NaN,6.97358998592008,2.72344906245924,NaN,,1300.16412711302,30.0100002288818,202.118485653428,1.014033734,90.7109572370922,0.155321651885411,3.61652715653101,4.07973503995623,99.0436691782714,NaN,NaN,NaN,NaN,23.4942242066667,0.290279103394281,3.26827565458917,2.09626684588037,6.47156182305337,6.48673041672751,1.98807826390095,,1301.49486295303,30.0100002288818,202.880927909238,1.829149078,101.075686124032,0,3.20333852069058,0.992617775508597,99.7697916615195,NaN,NaN,NaN,NaN,56.8728577899816,0.07075893007225,1.52223879516864,NaN,5.9980406877831,2.97318830974214,NaN,,1299.62752790717,30,203.339648646529
8.58333333333333,0,101.272051765571,1.00562810170227,3.43663387737673,0.722823596867416,99.9390647655158,NaN,NaN,NaN,NaN,10.0802491606916,0.051080487087994,2.89739351909307,NaN,8.47284297336151,7.57569534407534,NaN,,1300.9151044593,30.0036020344997,202.717406524655,0,94.4913282855979,0.825938027922188,3.68834967022677,1.97440133572032,100.408957459132,NaN,NaN,NaN,NaN,6,0.139648714453933,3.8268486256266,NaN,7.97515873383515,7.67477086062522,NaN,,1299.89074268892,30.0100002288818,202.536139985548,0,76.8052759676389,0.785672504642692,3.55576736118506,4.74172377338942,97.0780106829326,NaN,NaN,NaN,NaN,12.6210846776667,0.338772539486042,3.26536243608542,11.3088669631363,7.47194487108591,5.39742751730663,0.419645888325507,,1300.39845215576,30.0200004577637,202.49536392143,0.301859619999999,95.278040175704,0.303554206,3.40864151268425,3.33968573551131,99.533473980164,NaN,NaN,NaN,NaN,234.902034380605,0.235932456440485,1.60019752583693,NaN,6.97167244069667,2.77632215151722,NaN,,1301.20905613453,30.0048434459492,202.112939404279,1.014033734,90.1957192296538,0.160071074122952,3.55035068504887,4.34391696697231,99.0190071164158,NaN,NaN,NaN,NaN,22.9596045309803,0.309058103749527,3.17269816531253,2.03995899593879,6.47295043753712,6.31831478756751,2.15237368331254,,1298.13955887386,30.0100002288818,202.880150637732,1.829149078,100.982128510903,0,3.23726415669034,0.995685331337185,99.7689179704475,NaN,NaN,NaN,NaN,56.8254363701667,0.0709602175441928,1.58633908340851,NaN,5.99670967691459,3.230201788775,NaN,,1298.32757189539,30,203.33411686253
8.66666666666667,0,101.216277405074,1.01173205371874,3.54742497691658,0.72741996655873,100.051759485777,NaN,NaN,NaN,NaN,10.4183165563084,0.0514016751145669,2.83550472300104,NaN,8.47235929262812,7.46687880702064,NaN,,1301.11353721834,30,202.71804931207,0,94.9481221475545,0.841554121482775,3.67963835547843,2.02583853327452,101.015041364703,NaN,NaN,NaN,NaN,6,0.143186237982519,3.86099366166378,NaN,7.97584411841526,7.73515716206023,NaN,,1301.39071970814,30.0060286443615,202.546201456036,0,75.2501389595246,0.817850394260585,3.54316590815308,5.11249226078103,96.8278324046104,NaN,NaN,NaN,NaN,12.6560186719815,0.365649495348694,3.35146145919283,12.9580345221243,7.4729983511257,5.54918894646685,0.394741829643424,,1299.58196186158,30.0200004577637,202.522238634437,0.301859619999999,94.9637178145688,0.310914727723995,2.67772483103049,3.43486948338093,98.9692009100161,NaN,NaN,NaN,NaN,212.26555228812,0.238448289160809,1.84540249010833,NaN,6.97091182603468,3.20578719158063,NaN,,1300.56647798542,30.0022894258376,202.147394428653,1.014033734,89.664561008186,0.162436096,3.57093356976833,4.59307781018088,99.0366842353883,NaN,NaN,NaN,NaN,21.7866938887883,0.326519340916519,3.13845791200916,1.93410976820551,6.47674605823087,6.25801892753984,2.40936241983911,,1298.88709166168,30.0100002288818,202.877086332844,1.829149078,100.872895820104,0,3.28580091357265,1.00076623214651,99.7898429245585,NaN,NaN,NaN,NaN,58.5861917662759,0.0713206630306341,1.78380432881739,NaN,5.99547514804377,3.57501943571025,NaN,,1299.40440217748,30.0084220293738,203.328584720239
8.75,0,101.200721784922,1.01969274761638,3.51146990950739,0.732270784398714,99.9733285506639,NaN,NaN,NaN,NaN,10.6786909051667,0.0517625200881214,2.80278136440472,NaN,8.4723326252098,7.40936287091413,NaN,,1299.5176167552,30,202.720344475447,0,95.3726402229942,0.855843226455587,3.69332335044413,2.07663242017521,100.475069839478,NaN,NaN,NaN,NaN,6.71413138866667,0.14681501935535,3.93660689926958,NaN,7.97551909695754,7.86893428476578,NaN,,1301.17245139236,30,202.554922286801,0,73.5843913216119,0.850569088929544,3.55751750166169,5.47938064300285,97.1852260034599,NaN,NaN,NaN,NaN,12.9592060286852,0.392314227153805,3.48579324476567,14.6533237898892,7.47260864170435,5.78613933407607,0.374183944106862,,1301.85603663783,30.0200004577637,202.549221124447,0.301859619999999,90.9408912550486,0.321704620214261,3.25492910948056,3.37503121059886,87.85074409601,NaN,NaN,NaN,NaN,60.3254694706308,0.189336193207453,3.00640954409471,6.13604174787314,6.97085407736702,5.24116050499643,0.428814822265416,,1300.78167458432,29.8644350121487,202.319935340762,1.014033734,89.4911709169458,0.162436096,3.57741620109027,4.92264648292887,99.9033932661464,NaN,NaN,NaN,NaN,19.2646205597314,0.350035283235194,3.10417607863365,1.84529679234905,6.47290125719495,6.19765083510958,2.72644421114252,,1301.17654477115,30.0100002288818,202.871553643932,1.829149078,100.764675693685,0,3.31623080730115,1.01457545400599,99.8859536220307,NaN,NaN,NaN,NaN,55.2497347002009,0.0722767133873505,1.89840180186157,NaN,5.99432424560019,3.77542040393383,NaN,,1300.91671587833,30.0100002288818,203.323051388394
8.83333333333333,0,101.170932475217,1.03002866339409,3.58315595994691,0.732030313573333,100.04315932607,NaN,NaN,NaN,NaN,11,0.0517722468087651,2.78868575753397,NaN,8.47355697495679,7.38458976191662,NaN,,1299.97389052269,30,202.725121792176,0,95.4540691708515,0.870000150155542,3.71241305076713,2.13029938565287,99.9301168320421,NaN,NaN,NaN,NaN,7,0.150608254892399,3.90456268607578,NaN,7.97508552639163,7.81222375897138,NaN,,1301.37847728433,30,202.563534526455,0,72.1765601857161,0.885217626431933,3.53631924154948,5.9058450451059,97.0844841336724,NaN,NaN,NaN,NaN,13,0.423453282881563,3.61715515607225,16.4796958705949,7.47329225937816,6.01802362603914,0.35877279589506,,1299.05488842919,30.0200004577637,202.578503267164,0.301859619999999,86.7627311199942,0.326997754449595,3.24174368122717,2.98639931824542,96.445801052034,NaN,NaN,NaN,NaN,34.7411291058269,0.212362125441033,3.12970778881154,4.17693328461176,6.97059704164343,5.45821675898082,0.788282854547611,,1299.80239168713,29.8508197080339,202.319616966045,1.014033734,89.2470320364259,0.17923848372868,3.59319966546313,5.21552525707767,99.1650937538831,NaN,NaN,NaN,NaN,18.0276694618333,0.370849514280868,3.16067236138887,2.17551924027888,6.47146047009924,6.29713098438942,2.41931496816384,,1299.10386376343,30.0100002288818,202.882300825089,1.829149078,100.605542564715,0,3.26705289345908,1.03289290144915,99.7447483131008,NaN,NaN,NaN,NaN,58.3270287668298,0.0736020945274622,1.44732715489902,NaN,5.99304804331056,2.9877962417984,NaN,,1298.74146596595,30.0099839683823,203.317517256891
8.91666666666667,0,101.286765334404,1.03847032528589,3.44438828171437,0.734057110133065,100.084525353544,NaN,NaN,NaN,NaN,11,0.0518797512636909,2.65820752136645,NaN,8.47487934557563,7.1553594835861,NaN,,1299.8584760365,30,202.728109787916,0,95.3407724723963,0.884211066891848,3.64811045445033,2.17391566374733,99.8281341329373,NaN,NaN,NaN,NaN,7,0.153758571458102,3.98249740287331,NaN,7.97565477648074,7.95015207889769,NaN,,1301.19591115711,30,202.572292041132,0,70.4947557781313,0.920132784807745,3.61117588805842,6.33025038615162,96.5871931715304,NaN,NaN,NaN,NaN,12.919830482,0.454314519689364,3.67978662568935,18.6308368356217,7.47232105200489,6.12867435763466,0.340168376535728,,1301.03603616502,30.0200004577637,202.607878380117,0.301859619999999,85.9838393001714,0.341080693920597,3.30031364391631,3.5154458153572,98.8750764428907,NaN,NaN,NaN,NaN,30.5690596446731,0.24962449514028,3.37097062452028,1.75857831017273,6.97069785450286,5.88333644125851,2.07033210082941,,1299.4461675809,29.8998378346029,202.32817720826,1.014033734,88.5694641750487,0.188517137999999,3.63233169310813,5.48032998389001,98.6053719148687,NaN,NaN,NaN,NaN,18,0.389565748858376,3.31460304227883,2.84210139417372,6.4729859236736,6.5683976704039,1.93435703744779,,1300.13993212986,30.0100002288818,202.88656832673,1.829149078,100.510057116246,0,3.32991570865348,1.0435586181968,99.8312409312046,NaN,NaN,NaN,NaN,64.2880408238602,0.074379441929504,1.78942814908527,NaN,5.99235613314598,3.58522479900392,NaN,,1299.43861528639,30.0005035757663,203.311985646184
9,0,101.286396987761,1.04528233876698,3.49510997292514,0.738719489363003,100.049032446346,NaN,NaN,NaN,NaN,11,0.0522016727037969,2.58249349197193,NaN,8.474798847481,7.02241725187122,NaN,,1300.350118682,30,202.729253222706,0,95.1868280440025,0.898863713986159,3.67101902274402,2.23380619019544,99.6113627582476,NaN,NaN,NaN,NaN,7,0.158091842455131,4.01030435862331,NaN,7.97644694814268,7.99938595615001,NaN,,1300.22375227554,30,202.581290543437,0,69.2708524697834,0.958577570495695,3.60100873239417,6.80508613677923,99.1555493693617,NaN,NaN,NaN,NaN,12.9598127318333,0.488912247112451,3.80266831090656,20.3384249182348,7.47280665023061,6.34586409606338,0.334595082718867,,1298.4405125477,30.0200004577637,202.640859991721,0.301859619999999,85.3814753633654,0.354936489102976,3.30997358713065,4.05055779363271,98.5850605166281,NaN,NaN,NaN,NaN,28.6606646558333,0.28741783006229,3.44073778808158,2.12101071629538,6.97045861449039,6.00643137980832,1.9433713451046,,1299.97097079835,29.9458026460602,202.336396131541,1.014033734,87.7499404153564,0.194869405874359,3.51469194216462,5.82508902413085,98.3428644034719,NaN,NaN,NaN,NaN,17.919344821,0.414427307069133,3.48024777634538,3.38231335500698,6.47103695465247,6.86050239187532,1.73447887361505,,1298.81660156397,30.0100002288818,202.887070977445,1.829149078,100.402575688458,0,3.15205571012513,1.06183414782595,99.7585420851651,NaN,NaN,NaN,NaN,61.979596808008,0.0756816070786564,1.31689508358536,NaN,5.99130693355496,2.7600177804957,NaN,,1302.20610503878,30,203.306455261643
9.08333333333333,0,101.314575602886,1.05109999119522,3.5056951569588,0.743142720429399,100.115307108521,NaN,NaN,NaN,NaN,11,0.0525185238185507,2.49196978027421,NaN,8.47544079303233,6.86354658712403,NaN,,1301.79670980998,30,202.729715307078,0,94.8965882350527,0.913734105928215,3.62986091383488,2.28424682328485,99.417351452906,NaN,NaN,NaN,NaN,7,0.161674105418393,4.03553005869267,NaN,7.9768203078857,8.04405266570448,NaN,,1299.48282917889,30,202.590617412069,0,72.0293628462234,0.991773223175584,3.58888739144429,7.11390057871139,108.931386685221,NaN,NaN,NaN,NaN,13,0.50932949767337,3.92551147170893,15.7654875117011,7.47203807604833,6.56315029574176,0.464503143928031,,1298.64295444749,30.0108907888813,202.668643985975,0.301859619999999,84.504946084535,0.369406936703293,3.33685940649593,4.51458930894536,98.3766730811899,NaN,NaN,NaN,NaN,27.2232205218333,0.320307451597254,3.50748261619261,2.28231634418488,6.97022353726921,6.1241590516728,1.99983535887815,,1300.84171720499,29.9703159213959,202.345342968912,1.014033734,86.840795206222,0.209839087801059,3.61943379924156,6.15294717292628,98.3427378885722,NaN,NaN,NaN,NaN,18,0.43804892991201,3.49669178095693,4.53776853735322,6.47048478746724,6.88952931803044,1.3669325296424,,1299.46651167011,30.0100002288818,202.896625172337,1.829149078,100.334828548014,0,3.31971101874301,1.07059138493196,99.9555761622798,NaN,NaN,NaN,NaN,71.1979333792013,0.0762632595880929,1.4993346530732,NaN,5.99009638158064,3.078240413288,NaN,,1300.80176058219,30,203.300921677625
9.16666666666667,0,101.378566448015,1.05459812911257,3.49577721143917,0.750823271528746,99.9950268853458,NaN,NaN,NaN,NaN,11,0.0530802860422322,2.52949735883784,NaN,8.47407848228538,6.92940735108075,NaN,,1299.99873124262,30,202.727549998183,0,94.5960334540717,0.928899358346519,3.53100924898063,2.33795601712609,99.3864095262107,NaN,NaN,NaN,NaN,7,0.165591523681387,3.96044916841329,NaN,7.97728363312716,7.91113219072485,NaN,,1298.96500179869,30,202.60023114367,0,73.7547796945739,1.02432942033397,3.61769945255771,7.43200405774348,97.3249974135254,NaN,NaN,NaN,NaN,12.9198145025,0.531850308534948,4.07626264889969,15.3357126575413,7.47223590117747,6.83000361948939,0.491040128229241,,1299.76611917482,30,202.6957423758,0.301859619999999,83.6518186713366,0.386031838908971,3.32028228582571,4.97388032690561,98.5581883474548,NaN,NaN,NaN,NaN,26.2553942888713,0.353010712925787,3.61695534552587,3.01611392815235,6.97021504481514,6.31742467201422,1.69775833654104,,1299.02251037576,29.9853279459344,202.356374835914,1.014033734,85.966593903798,0.219627774322644,3.56941443608062,6.51333340073778,98.1224053856482,NaN,NaN,NaN,NaN,17.9193766236667,0.463481486590405,3.56841333736063,4.96365557040452,6.47600740646799,7.01611816441926,1.31726405418355,,1297.78990876615,30.0100002288818,202.900987084919,1.829149078,100.215707532029,0,3.28031038934539,1.09630687047078,99.6603362013885,NaN,NaN,NaN,NaN,68.6715803516784,0.078136033337377,1.45896914606099,NaN,5.98886025192642,3.00815347515328,NaN,,1298.80265054565,30,203.295389174496
9.25,0,101.30983185564,1.06030024601785,3.50457301576447,0.755675453632894,100.167161307563,NaN,NaN,NaN,NaN,11,0.0534434052874293,2.48225222918038,NaN,8.47306805296646,6.84649572993677,NaN,,1297.99193064301,30,202.727588733807,0,94.3301416396657,0.9441105220242,3.63583928230992,2.4043388293831,99.4927829220401,NaN,NaN,NaN,NaN,7,0.170250251776216,4.05696031954607,NaN,7.97671027284337,8.08201973559267,NaN,,1299.59771690691,30,202.609890460639,0,70.0620703282156,1.05916383498221,3.52149782466008,7.83959135538521,92.1826712967424,NaN,NaN,NaN,NaN,13,0.564270949570603,4.29605818628387,22.734225776836,7.47272332264302,7.21961277098224,0.346753177998741,,1298.22125557562,30.0082971523324,202.724896280413,0.301859619999999,83.0807962425586,0.404992637968352,3.29013326029276,5.40792988778244,99.05672173584,NaN,NaN,NaN,NaN,24.834233206462,0.383745718092851,3.70798163817767,3.51949287181301,6.97063709661311,6.47824208076574,1.53860679566812,,1299.86472231045,29.9988977153846,202.369823475009,1.014033734,85.2217738437206,0.219857240000001,3.55281547178397,6.90953662269068,98.9369393793847,NaN,NaN,NaN,NaN,17.919751033,0.491799704057216,3.72161942086658,5.07269482019584,6.47589848412534,7.28674060303614,1.36523147076926,,1300.88261293615,30.0100002288818,202.895793723677,1.829149078,100.118021229164,0,3.26950808356375,1.12224753046221,99.8303628643647,NaN,NaN,NaN,NaN,65.0320208561123,0.0799463353043847,1.56320270904715,NaN,5.98798381938026,3.18990074416054,NaN,,1298.23737904422,30,203.289857150349
9.33333333333333,0,101.479440675748,1.06819592584497,3.5254545166964,0.756275933437242,100.082362451275,NaN,NaN,NaN,NaN,11,0.053465405666029,2.4147091125163,NaN,8.47493791121472,6.72801067685489,NaN,,1299.91900258762,30,202.730027655863,0,93.869930985614,0.959662188561824,3.72326100695189,2.46880129180264,99.0019351314164,NaN,NaN,NaN,NaN,7,0.17494420695854,4.12323814352137,NaN,7.97490293327799,8.19939870482365,NaN,,1301.57532912357,30,202.619855955296,0,66.8438875919115,1.09935338853262,3.64559200174595,8.36335219843876,94.9548434801524,NaN,NaN,NaN,NaN,12.9196059773333,0.603701933071739,4.4663512713109,26.9486654057454,7.47225856779884,7.52182197987281,0.310413715706408,,1299.52343237815,30.015037405451,202.759727609429,0.301859619999999,82.5797537932162,0.422534476777122,3.2704152134709,5.88498217581643,98.7296761622322,NaN,NaN,NaN,NaN,23.9943681726871,0.417474541294124,3.57833046630296,3.54156550344314,6.97043284143022,6.24921934641355,1.66559007446764,,1300.92259199478,30.0084545929425,202.381780012288,1.014033734,84.4300705793044,0.224126465602739,3.59599085788837,7.31678860818019,98.0382876881652,NaN,NaN,NaN,NaN,18,0.520750248889311,3.7311834797021,6.05293026929346,6.47124900710339,7.30363583788546,1.21195896407637,,1299.54199623075,30.0100002288818,202.894116772861,1.829149078,100.015809344014,0,3.3128638512151,1.15032178249207,99.8697995622264,NaN,NaN,NaN,NaN,66.2770481985,0.08193083193664,1.67470518113795,NaN,5.98746562583448,3.38467613040306,NaN,,1299.2438101093,30,203.284322969532
9.41666666666667,0,101.541945696111,1.07483224832997,3.47753186395551,0.764590845545181,100.185164219128,NaN,NaN,NaN,NaN,11,0.0540405933427318,2.30603341987601,NaN,8.47531487648107,6.53746718705719,NaN,,1298.94975082322,30,202.731102789548,0,93.4720091878324,0.97725829920413,3.6307822077468,2.54081686118056,99.2231073953858,NaN,NaN,NaN,NaN,7,0.18009290962333,4.1582957138801,NaN,7.97625113197576,8.26150655439639,NaN,,1299.63328438126,30.005613507255,202.631883297815,0,64.6715918414832,1.14232171137263,3.61429164750655,8.93024148550622,96.1520253095436,NaN,NaN,NaN,NaN,12.9196400225899,0.645503225880845,4.66265916182662,29.2826846560682,7.47186466615036,7.87069426813454,0.305073884780688,,1300.42283482152,30.0200004577637,202.797052993977,0.301859619999999,81.6866372126021,0.441905487737812,3.33677602025525,6.30957256455349,98.2750988723756,NaN,NaN,NaN,NaN,23.0446367319796,0.447879107969166,3.56792098283401,4.14201036478105,6.9706461014988,6.23083909391485,1.52956123371993,,1299.72233325462,30.0100002288818,202.395715619164,1.014033734,83.3955598193741,0.244528815813678,3.66738124890599,7.70874234566141,98.3666766151137,NaN,NaN,NaN,NaN,17.919775734,0.549014434394209,3.73311246464886,7.22139759512703,6.47107843319565,7.30705807982567,1.06806870357685,,1299.05161192643,30.0100002288818,202.909300496296,1.829149078,99.9788396322706,0,3.28048780901815,1.15774743620734,99.8179222434203,NaN,NaN,NaN,NaN,69.9193020888289,0.082444334806216,1.58531727674006,NaN,5.9861612339982,3.22834277791886,NaN,,1299.67338867321,30,203.27878886738
9.5,0,101.677567035807,1.0802312246408,3.47038581328395,0.767839785764056,100.235185278637,NaN,NaN,NaN,NaN,11,0.0542409312846991,2.25356143876783,NaN,8.47535244444725,6.44549946247182,NaN,,1299.30117190555,30,202.730936494466,0,93.0122675057163,0.99500012856351,3.55876801284223,2.59797069840623,99.1957651327798,NaN,NaN,NaN,NaN,7,0.184230130299477,4.19380400625442,NaN,7.97616857239845,8.32446113467589,NaN,,1299.82098848944,30.0020218826878,202.644048688055,0,62.762277033349,1.18679946440566,3.67340723826108,9.41406288275875,96.8815076025222,NaN,NaN,NaN,NaN,12.9998355385768,0.681686859896097,4.81828066646147,32.1020812215929,7.47252347936203,8.14754126578579,0.293330836663357,,1300.98780532637,30.0200004577637,202.836166152016,0.301859619999999,80.8297502806224,0.460972436213754,3.33155378872626,6.72859461543906,98.4255005277696,NaN,NaN,NaN,NaN,22.6064613723333,0.477732316206641,3.64440158714642,5.02900756658679,6.97170337725393,6.36591826534264,1.34061343451836,,1299.37328276588,30.0100002288818,202.409257867842,1.014033734,82.7948642315748,0.255245733484022,3.65797355036848,8.03552798355912,98.9974441168377,NaN,NaN,NaN,NaN,18,0.572599035088599,3.87568150718195,7.69782323436629,6.47392873798076,7.55914763933541,1.04430305075819,,1300.02555508694,30.0100002288818,202.914395484591,1.829149078,99.8396014182122,0,3.25757094797809,1.17558379188014,99.7697769558508,NaN,NaN,NaN,NaN,70.1610785029996,0.0837520490010328,1.60776685480342,NaN,5.98468064144639,3.26788931459415,NaN,,1300.83631506761,30,203.273254642956
9.58333333333333,0,101.737912444409,1.085831662189,3.53841243761311,0.774360424257925,100.10998027346,NaN,NaN,NaN,NaN,11,0.0547225206286849,2.20596311497693,NaN,8.47532038346122,6.36213262059803,NaN,,1301.12780509628,30,202.730974032217,0,92.6148343918504,1.01337719235334,3.73649337153509,2.66624154614324,99.0656804748848,NaN,NaN,NaN,NaN,7,0.189073793174735,4.16654831493044,NaN,7.97575066967618,8.27614416638106,NaN,,1300.89061872238,30.0010868707906,202.65698013758,0,61.6602352245282,1.23160943800006,3.5653113984239,10.0192778405711,98.9144092891339,NaN,NaN,NaN,NaN,12.919370021,0.726383461806452,4.94965443151681,34.2742995653671,7.47143567688451,8.38151817764582,0.292334300083229,,1299.653171483,30.0200004577637,202.875433132946,0.301859619999999,79.9497582758972,0.471673285099021,3.19170940091677,7.19454274109865,98.1369582644058,NaN,NaN,NaN,NaN,21.9723368618333,0.510961426812453,3.65164010503326,5.94302838676299,6.97087011943411,6.37868277220511,1.22572047336209,,1300.5476655247,30.0100002288818,202.414434211443,1.014033734,82.3265593420053,0.256514836,3.57544561042557,8.40512868407973,99.3229239852243,NaN,NaN,NaN,NaN,17.9196049691667,0.598454719403607,3.90643815729608,7.78294834671682,6.47371514216517,7.61356206941074,1.08100816415215,,1299.81924570312,30.0100002288818,202.910349561642,1.829149078,99.8098752528357,0,3.24576281934473,1.17937373188931,100.040336537862,NaN,NaN,NaN,NaN,66.8231605253412,0.0840003434903719,1.64119814798094,NaN,5.9835652705329,3.23827135488934,NaN,,1298.61827626935,30,203.267721351956
9.66666666666667,0,101.785593285564,1.09142394769277,3.52776717844141,0.775693071169377,100.182486654625,NaN,NaN,NaN,NaN,11,0.0548112889266026,2.09625400071657,NaN,8.47561089114782,6.16996065453861,NaN,,1300.44922136653,30,202.731002851074,0,92.0429330198121,1.0326290522132,3.59189387349611,2.73479827507817,99.0512616735278,NaN,NaN,NaN,NaN,7,0.194005265519095,4.33550286456574,NaN,7.97589420287577,8.57574180382539,NaN,,1301.05891861596,30.0043896713757,202.670585698817,0,63.717740499199,1.27203940272057,3.67271241182757,10.4188466651891,108.741809822185,NaN,NaN,NaN,NaN,13,0.75353799898533,5.11716798740061,30.5533716413703,7.47314786239163,8.68018211810671,0.344806309971563,,1298.6401202829,30.0110935926447,202.910773801519,0.301859619999999,78.8707176796568,0.494452537299845,3.38033256203669,7.64477583554253,97.954358227012,NaN,NaN,NaN,NaN,20.9597453729568,0.543036642909325,3.82332330423842,6.77735095932174,6.96987998494956,6.68217784195001,1.13100374659626,,1299.16894664878,30.0100002288818,202.43148141167,1.014033734,81.8009185273757,0.270000207211818,3.60673643717954,8.84401349836856,98.3889536561586,NaN,NaN,NaN,NaN,17.9198064596667,0.62997996058601,4.04456073159785,8.31452773417588,6.47087798581213,7.85802106957274,1.06801381836754,,1298.75100470185,30.0100002288818,202.917891315397,1.829149078,99.7292141280238,0,3.31708135397972,1.20069415813184,99.8353122911997,NaN,NaN,NaN,NaN,66.3418836180688,0.0855114006821645,1.73345910551851,NaN,5.9823286995193,3.48725041547037,NaN,,1300.99027783332,30,203.262186914836
9.75,0,101.873823991186,1.0967861355757,3.44135572522353,0.779771190400077,100.141000947263,NaN,NaN,NaN,NaN,11,0.0550831253416999,2.1692434516453,NaN,8.47610036328117,6.29777590089918,NaN,,1302.35566659712,30,202.730803095952,0,91.6207381829491,1.05289312271684,3.55837573387339,2.80193806525058,99.0593421563285,NaN,NaN,NaN,NaN,7,0.198854928327177,4.38860885050611,NaN,7.97602368046953,8.6699732330023,NaN,,1299.94188002471,30.0079946983689,202.685308418026,0,68.3430069991835,1.30282760480061,3.6196949725173,10.4814852896483,105.570806670601,NaN,NaN,NaN,NaN,12.8796491165,0.754378341515099,5.29008280304522,23.2149829831425,7.47320540178406,8.98884708205772,0.451884118954317,,1300.40480974938,29.9927760146532,202.936190793821,0.301859619999999,77.9393851366743,0.520562610916786,3.39734028266674,8.16030420194725,98.2695287470118,NaN,NaN,NaN,NaN,20.0165068287099,0.579519468060971,3.97211845936561,6.85554880447322,6.97090369857314,6.94535938742033,1.19167003809266,,1301.28127374398,30.0100002288818,202.452159593241,1.014033734,80.7618048479712,0.285345170956352,3.58416836830819,9.3228234224605,97.7961210819214,NaN,NaN,NaN,NaN,18,0.664381127319167,4.21369868384633,9.50184058601157,6.47116579756625,8.15774630024945,0.982190432343976,,1300.06585603053,30.0100002288818,202.927714718004,1.829149078,99.6656553909649,0,3.29758552439587,1.22393831273997,99.8525793484013,NaN,NaN,NaN,NaN,63.5740048366702,0.0871597688644199,1.53952415574511,NaN,5.98209595050845,3.14848971056807,NaN,,1298.98840094569,30,203.256652598763
9.83333333333333,0,101.975768880948,1.10195722917824,3.52802945299615,0.785056095757558,100.127633199614,NaN,NaN,NaN,NaN,11,0.0554391572989533,2.07877251821114,NaN,8.4844278498916,6.13934670716558,NaN,,1299.15756554984,30,202.73040724911,0,91.0737715374159,1.07370178504635,3.71992760190726,2.86615867277453,99.0972982305386,NaN,NaN,NaN,NaN,7,0.203495340454731,4.42696366854787,0.0218551861130509,7.97538727963077,8.73810606992046,133.343187023387,,1300.71017231558,30.0087950295109,202.700577406754,0,68.6213990923905,1.33000869700052,3.61643206799978,10.6742537267124,97.8514722334831,NaN,NaN,NaN,NaN,12.8868962871523,0.769207746288664,5.36721458126763,25.6973133820245,7.47253230229754,9.12669632079936,0.416503888428559,,1301.21323730131,29.9899997711182,202.957847236683,0.301859619999999,77.0386088600786,0.536442665928886,3.38401830309555,8.70342289305915,98.0084402156759,NaN,NaN,NaN,NaN,19.1809916043333,0.618084890449552,4.01263881880787,7.74639599321098,6.96998005882059,7.01708071871555,1.12639507721714,,1298.9252052609,30.0100002288818,202.462516793323,1.014033734,79.4426931886992,0.298973052747067,3.65661526732479,9.85094769945263,97.4293946875963,NaN,NaN,NaN,NaN,17.9198764655,0.702665074843359,4.2769449366733,10.9692755817427,6.47255888006637,8.26984674235652,0.898404959420888,,1299.69435267795,30.0100002288818,202.936134451557,1.829149078,99.5755810244529,0,3.29720878346374,1.25225567879499,99.8216718308256,NaN,NaN,NaN,NaN,66.8658521977579,0.0892029429556485,1.4595454359876,NaN,5.98073757160796,3.00895972141807,NaN,,1300.19295792847,30,203.251119590414
9.91666666666667,0,102.062572121795,1.10298976,3.44845183822263,0.775217695766795,100.241443544315,NaN,NaN,NaN,NaN,11,0.0547593416041245,1.99344061040001,NaN,8.4903994649522,5.98999465336964,NaN,,1301.91927652546,30,202.725977338703,0,90.5276056235074,1.09538271298024,3.67543971651196,2.94732005949108,98.8739171087945,NaN,NaN,NaN,NaN,7,0.209423957605151,4.49307707381097,0.331125343041585,7.9748037210473,8.85548269419153,47.7541828578448,,1298.40456867785,30.0100002288818,202.716730799097,0,66.9237225909645,1.36017018237868,3.56844242787996,10.8555447585815,96.9463262927167,NaN,NaN,NaN,NaN,12.9928391023477,0.784371404599226,5.61713993476671,29.2840874096351,7.47303611629801,9.57379638107444,0.370960094786286,,1300.86762277922,29.993138250209,202.982521402765,0.301859619999999,75.8059839391466,0.560470466268656,3.44670429570171,9.27744165550875,97.8131534479271,NaN,NaN,NaN,NaN,18.8269266253333,0.659625692228345,4.09537108593682,9.35637221938819,6.96998707921302,7.16362376080395,0.993167259193011,,1300.66285287102,30.012811374674,202.481014444005,1.014033734,78.1772643495554,0.310974094208187,3.57188094546385,10.5293811328927,97.5659751616517,NaN,NaN,NaN,NaN,18,0.751149454658096,4.43376669085869,12.0593777534674,6.47107803024202,8.54812406588379,0.8738008666332,,1300.32883834825,30.0131620269946,202.942416137485,1.829149078,99.53242901491,0,3.25939457160145,1.26756409656729,99.8781348158289,NaN,NaN,NaN,NaN,66.3618873304413,0.0902396520010607,1.89054213784949,NaN,5.97973582605058,3.7617019111322,NaN,,1299.19703274464,30.0037896772268,203.245584399269
10,0,102.178637977412,1.10298976,3.44275786781097,0.781116044642114,100.118567004727,NaN,NaN,NaN,NaN,11,0.0552027729042549,1.97592193889766,NaN,8.48624751516511,5.95932712263588,NaN,,1298.64290925574,30,202.720414797596,0,89.9779307222555,1.11865134794261,3.66198126978949,3.01889168930227,98.9474758022127,NaN,NaN,NaN,NaN,7,0.214621702532748,4.52399223181012,0.773056773884508,7.9759891385556,8.91036944266545,4.46304895062735,,1299.57845321662,30.0100002288818,202.734361342466,0,65.873110851241,1.39106144800067,3.54249398044871,11.1178399208331,98.3860303999466,NaN,NaN,NaN,NaN,12.8792402358333,0.804130161090002,5.75958963191712,30.6035326240203,7.47253577843643,9.82906989768299,0.363295949579284,,1298.45936267528,30,203.007975423607,0.301859619999999,74.4202217952582,0.585209083734974,3.42510139767742,9.91980819450919,97.1226196318001,NaN,NaN,NaN,NaN,18,0.705725347875363,4.22009580998189,10.8538668956241,6.9699799078749,7.38464873077677,0.914272847475994,,1299.40425734746,30.0193168863617,202.5000276958,1.014033734,76.733536247049,0.325585905287366,3.67405503673019,11.1817169689949,97.222829876642,NaN,NaN,NaN,NaN,17.8792171583333,0.798234019566485,4.52429517328398,13.2524314192699,6.47223877936802,8.70891412923907,0.844163548750935,,1297.58721340855,30.0183903335017,202.951615766194,1.829149078,99.4705034759884,0,3.23906670895111,1.29082863237789,99.8619645966997,NaN,NaN,NaN,NaN,69.0005459394836,0.0919075391037534,1.75716937563164,NaN,5.97844333438077,3.52843985154501,NaN,,1300.0213143578,30.0054589230036,203.240048659852
10.0833333333333,0,102.269200367608,1.10298976,3.46530843499625,0.794607433985228,100.133829534525,NaN,NaN,NaN,NaN,11.3078301135,0.056135960084316,1.97319918569644,NaN,8.47740587787608,5.954557439779,NaN,,1301.24227403387,30,202.714852061815,0,89.3929692811021,1.14233117390145,3.7113524684176,3.08119979044498,98.945867779579,NaN,NaN,NaN,NaN,7,0.219179151532828,4.51898979084322,2.06197736468583,7.97545162585313,8.9014885682861,1.59284150633631,,1300.82227824649,30.0100002288818,202.752574257375,0,64.8137598685381,1.42366423181853,3.62610071845612,11.4089934450734,97.799591862114,NaN,NaN,NaN,NaN,12.9600010895,0.825739950488562,5.8397330302706,31.819430140782,7.47288942196505,9.97272235623459,0.358673826027108,,1301.06996403955,30.0062563245376,203.035139411647,0.301859619999999,72.8935136456354,0.612067187874779,3.41555990040225,10.5448224327523,96.7306130782919,NaN,NaN,NaN,NaN,16.7896751513333,0.75055006612396,4.38255414175746,11.8733676177464,6.97002900785423,7.6727994435271,0.891179985715801,,1299.98279950608,30.0200004577637,202.521467751984,1.014033734,75.4327124911716,0.336908009756087,3.65689374314354,11.9481030490423,97.4733171826407,NaN,NaN,NaN,NaN,17.8798175006667,0.852451831010005,4.69107275731692,14.2491149643939,6.47111786385416,9.00535368441957,0.841166766328635,,1299.91033760521,30.0155809545999,202.957313901958,1.829149078,99.3984312261117,0,3.2535576646925,1.31755087894749,99.8481872150552,NaN,NaN,NaN,NaN,68.8299604716795,0.0937812992636195,1.81850006635652,NaN,5.97738766207035,3.63598407682367,NaN,,1300.5905465814,30.000402998872,203.234512960111
10.1666666666667,0,102.27520477895,1.10690364499744,3.44499225100351,0.808817552433089,100.119153426757,NaN,NaN,NaN,NaN,12,0.0571613065176186,1.92313077915707,NaN,8.47149404355941,5.86695105261284,NaN,,1299.72322215928,30,202.713095640932,0,88.8110572966743,1.16717653022504,3.58852464185965,3.14103730457837,98.6741201247091,NaN,NaN,NaN,NaN,7,0.223585872940432,4.52625760583053,2.24525530094687,7.9755787931573,8.91442434094402,1.42757400563347,,1302.1640901878,30.0100002288818,202.771853440175,0,63.4031587011787,1.4577960990375,3.58203415773933,11.6679038824233,96.6865631666103,NaN,NaN,NaN,NaN,12.7588700446667,0.84582073553533,5.98572293796084,34.3615304494098,7.47265909849793,10.2347737653304,0.339752309665982,,1299.85506714303,30.0100002288818,203.063736633361,0.301859619999999,71.078880404024,0.639835763758238,3.41552000383151,11.2301167084951,96.640721345711,NaN,NaN,NaN,NaN,16,0.800435429626158,4.4668304070368,13.6950904807335,6.9699345903593,7.8224196134917,0.821614751704218,,1298.68686765136,30.0200004577637,202.54370460113,1.014033734,74.1520160776143,0.348176862078386,3.68960419987426,12.6396835721642,97.6276481557658,NaN,NaN,NaN,NaN,17.9195713735,0.902540221747348,4.83107658046753,15.6095735987969,6.47121415968166,9.2544885604599,0.810086345855078,,1300.04006349819,30.0179895391618,202.963176149443,1.829149078,99.3699226889709,0,3.26582750338021,1.34268488832684,99.9722692357064,NaN,NaN,NaN,NaN,91.5984606014597,0.0955684154555549,1.9632201884916,NaN,5.97641710375664,3.88892470428645,NaN,,1300.46302471142,30,203.228976725976
10.25,0,102.357599238182,1.11473524778125,3.38876124015577,0.812441553763854,100.161389633739,NaN,NaN,NaN,NaN,12,0.0574189614767644,1.91750681220474,NaN,8.47278037990545,5.85712051973168,NaN,,1301.03153513186,30,202.715268457224,0,88.1412494098176,1.19297770811521,3.54817314397833,3.22010038400438,98.8209787211839,NaN,NaN,NaN,NaN,7,0.229152786818369,4.7040019911055,2.88958423553366,7.97561735252063,9.23039401134475,1.14206000575496,,1300.91715663033,30.0100002288818,202.79203631512,0,61.9070130909815,1.49348363829138,3.67662932736552,12.0685374583004,97.2941965691196,NaN,NaN,NaN,NaN,12.8396123634127,0.876694574181057,6.136344851505,37.0575255399353,7.4719000925124,10.5054044441865,0.325722956125244,,1302.01892530089,30.0113512529753,203.093890251326,0.301859619999999,69.2753353240393,0.668334228429219,3.47620693975369,11.9526736903218,96.3436108463013,NaN,NaN,NaN,NaN,16,0.852679882785473,4.54271145502037,15.3360327865429,6.97033828822088,7.95721216729865,0.780048720323082,,1300.6689373892,30.0200004577637,202.566639726234,1.014033734,72.9121933812301,0.362943329266976,3.70916356643998,13.3062598131938,97.6710494566027,NaN,NaN,NaN,NaN,17.879821045,0.950178841170876,4.99727785873915,16.2133897820711,6.47182561979246,9.55054991019727,0.821026622491164,,1300.48481531441,30.0200004577637,202.972428166768,1.829149078,99.2646430335809,0,3.3325259667243,1.38098614979725,99.7676523916031,NaN,NaN,NaN,NaN,98.8886166721054,0.0982851903157018,1.79865527264363,NaN,5.97516030242875,3.6013568275393,NaN,,1299.87241472547,30,203.223439764647
10.3333333333333,0,102.430495627695,1.12081285125771,3.29953539995208,0.822966059121461,100.094306083188,NaN,NaN,NaN,NaN,11.7855137566667,0.0578920598666755,1.88322184040976,NaN,8.47338472275633,5.797139716163,NaN,"Sample 1.50 mL to AMBR-96DWP-1/E1",1299.55010720992,29.9982566516688,202.347502902119,0,87.5964840276963,1.2195056013239,3.51237399379204,3.30559968549231,98.8501739890536,NaN,NaN,NaN,NaN,7,0.233490691530625,4.82487448394177,3.93861359566145,7.97541216895873,9.44545775273926,0.840435542769511,"Sample 1.50 mL to AMBR-96DWP-1/E2",1302.35737577906,30.0080682171876,202.434355762829,0,60.1701355880603,1.53215783538046,3.38216189914924,12.3694286569067,96.4622290363225,NaN,NaN,NaN,NaN,13.0395993040873,0.892612302949485,6.43366977723556,40.2572445926222,7.4725378933934,11.0407141186106,0.305929356052575,"Sample 1.50 mL to AMBR-96DWP-1/E3",1300.0308588937,30.0142735753621,202.738037135264,0.301859619999999,67.5754613517099,0.696375442987801,3.10452251167607,12.7505369401719,97.3004981157023,NaN,NaN,NaN,NaN,16.0405081133333,0.903922423774035,4.70436286670095,17.139218500745,6.97052601703788,8.24470709681531,0.739557888135475,"Sample 1.50 mL to AMBR-96DWP-1/E4",1299.58429301895,30.0180898818834,202.194868446784,1.014033734,71.6405868768135,0.375008355340958,3.46961190237447,13.9441810444946,98.2687791935072,NaN,NaN,NaN,NaN,17.5322439677339,0.98805771692724,5.07556750674363,18.3621162872305,6.47121845602919,9.69013054290678,0.770844260707987,"Sample 1.50 mL to AMBR-96DWP-1/E5",1300.12518046337,30.0174607002429,202.571101730656,1.829149078,99.2110151183134,0,3.12723436507201,1.39916546400305,99.9084481665396,NaN,NaN,NaN,NaN,101.308614026726,0.0980050722575727,1.91448791826181,NaN,5.97333196516499,3.80376077132039,NaN,"Sample 1.50 mL to AMBR-96DWP-1/E6",1300.23126554636,29.9984446447149,202.800876267809
10.4166666666667,0,102.488215516806,1.12701240029695,3.48342849567261,0.829008520341822,100.13212792667,NaN,NaN,NaN,NaN,11.2006335775,0.0576744150909456,1.9577678711811,NaN,8.47420482579055,5.92755683354276,NaN,,1301.0304517229,29.9973224012494,200.92252510628,0,87.0646324259776,1.24682261124108,3.76983140261802,3.36990046036171,99.2379586873679,NaN,NaN,NaN,NaN,8.26139541446606,0.235965686679873,4.821650737931,4.45988433525943,7.97544803361669,9.43971669228314,0.624120308851904,,1299.37063428096,30.0067111602961,201.040916236032,0,58.5237104080899,1.57117124198284,3.68330385218982,12.5895433267542,97.0431951739305,NaN,NaN,NaN,NaN,12.8793673643333,0.904162631204442,6.66196768904333,42.8629115620709,7.47185953136202,11.452572455715,0.276798430948163,,1298.92733906191,30.0156863644608,201.366995039276,0.301859619999999,66.5496768380034,0.722672616949378,3.24150983968235,13.2053858856773,98.3647954784769,NaN,NaN,NaN,NaN,15.9998222001667,0.944857850266762,4.98508137747069,18.1763563008086,6.97033089415434,8.74440321514475,0.677516954483122,,1299.07216915705,30.0158793589864,200.816133791917,1.014033734,73.3331343564885,0.384752050777844,3.72264725960925,14.119450464491,106.901079445781,NaN,NaN,NaN,NaN,17.7448323449327,0.981816323860725,5.30065565605593,17.8375840127176,6.47100612843115,10.0919065180251,0.909190406783086,,1300.73405914733,30.0079052417691,201.189408264385,1.829149078,99.1152342413374,0,3.34069016031613,1.41405295484817,99.9312244813032,NaN,NaN,NaN,NaN,102.639274007179,0.0969042725540775,1.75916774969238,NaN,5.97156693708118,3.53244355864717,NaN,,1299.99082132424,29.9991471426868,201.418378465444
10.5,0,102.582229552406,1.13194843011184,3.42292696036136,0.834919876392892,100.09532824087,NaN,NaN,NaN,NaN,11.2411119863333,0.0584700868092628,1.94111175640598,NaN,8.47403690882881,5.8984156545425,NaN,,1299.54757309303,30,200.921899795767,0,86.5708462580354,1.27524271534035,3.86093641778108,3.48716684242281,98.9580026704176,NaN,NaN,NaN,NaN,8.47855622766281,0.24655725824411,4.93817671016852,5.54321630414418,7.97508191013397,9.64723475174919,0.633839324347166,,1299.37573130991,30.0100002288818,201.063852891554,0,56.7076022053188,1.61375123746319,3.66016849775627,13.0660718542915,96.4862581308954,NaN,NaN,NaN,NaN,13.0801629851667,0.947364276079886,6.78795214291661,47.3839022788003,7.47151870813598,11.6802342840885,0.275776053386495,,1299.85248808341,30.0200004577637,201.404046353291,0.301859619999999,65.4044209243709,0.750261256011174,3.5480388566318,14.4261752187556,97.0244758164163,NaN,NaN,NaN,NaN,16.000518252,1.02147145014474,5.15489957170601,20.2186623343211,6.97042139506461,9.04723775272636,0.714016985573526,,1300.07840956975,30.0200004577637,200.838241344842,1.014033734,75.763525478137,0.393935273426874,3.75470680366146,13.7696861957641,100.986059802316,NaN,NaN,NaN,NaN,17.7187427676667,0.971093085080079,5.55019690756824,11.6970717239138,6.47136074888666,10.5381274424788,1.18392631739767,,1299.69860505812,30,201.192932532955,1.829149078,99.0834791467532,0,3.28078399580185,1.42353215693153,100.000841279453,NaN,NaN,NaN,NaN,100.457977577092,0.100434020377534,1.92645465487389,NaN,5.97047748952124,3.82444066255693,NaN,,1301.70300432662,30.0004008306307,201.41284538028
10.5833333333333,0,102.614500223027,1.13749275105241,3.49135294171238,0.84044234416046,100.094665714224,NaN,NaN,NaN,NaN,11.160759157,0.0588464364887225,1.90930588818372,NaN,8.47831820232941,5.84276385284976,NaN,,1299.82448630666,30.0015608795694,200.92188126677,0,85.841723535448,1.30480675111273,3.74383536607035,3.56003820871611,98.627655093775,NaN,NaN,NaN,NaN,8.21726479587113,0.252113504163843,4.96963217063472,6.89701655044532,7.9749213639593,9.70327982878899,0.51746695267175,,1299.95950365173,30.0100002288818,201.087804388938,0,54.7856000099504,1.65880625892129,3.6418688030426,13.439347652262,95.936289766616,NaN,NaN,NaN,NaN,13.0734758669241,0.976768789167881,6.94485341349061,50.3579661236386,7.47172135337817,11.9640419873287,0.267078588382223,,1300.06202597841,30.028813504782,201.443607890192,0.301859619999999,63.3999094557614,0.77867401222701,3.42756061105365,15.2632473306573,96.1368931054613,NaN,NaN,NaN,NaN,16,1.08224465554883,5.28246891437661,22.9663835812525,6.97032050883814,9.27499524108261,0.665036440358252,,1298.27711464991,30.0200004577637,200.861045308439,1.014033734,74.5440186892291,0.406426890408006,3.75108964947636,13.3509482725889,96.7342181448029,NaN,NaN,NaN,NaN,18,0.944998620251135,5.6454649986852,15.4801126173491,6.47168323228611,10.7086577306606,0.866576296283758,,1301.99966481714,30.005617570353,201.199879325092,1.829149078,99.0753892295516,0,3.34511450315928,1.44138786046846,99.9291232342493,NaN,NaN,NaN,NaN,104.565033679215,0.101712603671899,2.04334262264585,NaN,5.97039727270198,4.02908470765203,NaN,,1298.41979080495,30.000403114403,201.407310443114
10.6666666666667,0,102.648897556217,1.13912145,3.47034890102769,0.832659173767347,100.075745535318,NaN,NaN,NaN,NaN,11,0.0583147199066773,1.93456768035136,NaN,8.48048525347979,5.88697113691894,NaN,,1301.39328830952,30.0004503707051,200.91804891321,0,85.3454312198374,1.33545072568249,3.85124080580902,3.63612087324055,99.0002938602578,NaN,NaN,NaN,NaN,8.56239904166667,0.257585552229216,5.11686713837497,7.29945496970248,7.97558551367262,9.96583428837809,0.49977071786171,,1300.4499555411,30.0100002288818,201.112949256734,0,52.7328769831147,1.70711174392153,3.67084137902682,13.7841894678879,96.381370214026,NaN,NaN,NaN,NaN,13.0468626737426,1.00540593594297,7.19648359370503,55.3094035649946,7.47136084318358,12.4201737579295,0.249275461963103,,1298.85004724056,30.0300006866455,201.486479384597,0.301859619999999,61.1772389260261,0.808386211730565,3.39536506553,16.1102247082937,95.2240518703784,NaN,NaN,NaN,NaN,16,1.1451508261374,5.45444888659959,26.2681573146435,6.97031665061057,9.58241351676041,0.614748448652826,,1300.92374990489,30.0200004577637,200.885265977374,1.014033734,73.0439559833788,0.420030339217031,3.65360407116851,13.4648516620695,97.1932554433576,NaN,NaN,NaN,NaN,17.517554927,0.954329359626624,5.86279091335848,17.436070107981,6.47091034257066,11.0982462001087,0.773288154537692,,1301.06653766154,30.0100002288818,201.207833367538,1.829149078,99.0418412600775,0,3.0940301186233,1.47993422345805,99.8456086541612,NaN,NaN,NaN,NaN,106.67053729122,0.104396144132376,1.96051426123821,NaN,5.97170135557943,3.88408652970094,NaN,,1300.97976258,30.0013804282381,201.401775143437
10.75,0,102.73368781934,1.13912145,3.38793627712906,0.845165977545583,100.085167729438,NaN,NaN,NaN,NaN,11.202475681302,0.0591538814431259,1.99903728127661,NaN,8.47698449801178,5.99977371180071,NaN,,1299.95200056239,30,200.912484417668,0,84.6795594924391,1.36691459070701,3.82591384501898,3.70757596333812,98.6449700232643,NaN,NaN,NaN,NaN,8,0.262956148460695,5.18336548841278,8.90686757728518,7.97501014208976,10.0844825434103,0.417036562498967,,1300.08060344657,30.0100002288818,201.138914095223,0,50.386043178292,1.75674012434116,3.71287172670208,14.1059690049717,94.6096241569074,NaN,NaN,NaN,NaN,13.0403686628333,1.03235285998538,7.49088597709971,60.0715949721332,7.47198050233663,12.9549884061765,0.23507370188743,,1299.66066758511,30.0291902260578,201.530856379579,0.301859619999999,59.0064605191152,0.839978265477558,3.43065015476399,16.930437502156,96.8077165021696,NaN,NaN,NaN,NaN,16.4024037396667,1.20541238291133,5.62415999267767,29.6783760275187,6.97026798336815,9.88610986096631,0.570551872937981,,1300.44263271365,30.0200004577637,200.911391029574,1.014033734,71.3917984556074,0.438199714355335,3.70645622523806,13.7637698841368,96.6773573196452,NaN,NaN,NaN,NaN,17.558007239,0.976577925019212,5.9928957847369,20.00840627554,6.47103714266027,11.3318501383195,0.688426693177015,,1299.04562731039,30.0100002288818,201.220699412978,1.829149078,98.9493286179814,0,3.43656656976046,1.529494997231,99.8466640839505,NaN,NaN,NaN,NaN,109.92380034543,0.107895148973774,1.84153804307317,NaN,5.97104921093055,3.67626163580137,NaN,,1299.2856273272,30.0026393464035,201.396237950339
10.8333333333333,0,102.763045512715,1.14152124230255,3.44289658428706,0.853551500677259,100.151730044803,NaN,NaN,NaN,NaN,11.561458804198,0.059720235377902,1.8923285073344,NaN,8.47326073389016,5.8130697909952,NaN,,1300.61998650729,30,200.909215224186,0,83.9893049553236,1.39939133055017,3.72109903492603,3.79411520968686,98.7046058927945,NaN,NaN,NaN,NaN,8,0.269319328453576,5.31484617865129,10.239348020181,7.97445239657769,10.3192537560288,0.371718662183593,,1300.81099107571,30.0100002288818,201.165832883865,0,50.5532919452807,1.80007618067467,3.71681281857618,14.1532660592651,106.753749239531,NaN,NaN,NaN,NaN,13.2012431701781,1.03570187453606,7.37580467150967,59.9196887990031,7.47140298630756,12.7457728152812,0.237430901879189,,1301.84709911222,30.0158810157725,201.569015028917,0.301859619999999,57.2210001722486,0.871878365649979,3.50602941942706,17.9204911646304,96.0453423664503,NaN,NaN,NaN,NaN,15.9999024445,1.27730089856852,5.79004631791083,32.3970757919188,6.97028011381632,10.183405124618,0.554592204155274,,1300.29186902987,30.021641849173,200.937820397965,1.014033734,69.5034254773493,0.458424384533502,3.77226838767387,14.2514671131217,96.4068338624936,NaN,NaN,NaN,NaN,17.7193743406667,1.01259087863739,6.12203993823162,21.8955681492358,6.47126228292033,11.5638400619593,0.651286614933722,,1300.42070746218,30.0186922018141,201.23522591852,1.829149078,98.8591598801759,0.00550556052767609,3.35264274628172,1.54575128448728,99.8680681537703,NaN,NaN,NaN,NaN,114.086465603801,0.109053819383626,1.83047493349533,NaN,5.97171224980492,3.65715702094647,NaN,,1299.05794974482,30.0007845172624,201.396007487789
10.9166666666667,0,102.800489796843,1.14765940481397,3.47966552853642,0.858352433675495,100.056906538057,NaN,NaN,NaN,NaN,11.7051053965,0.060080183352275,1.93087124333665,NaN,8.47586445354978,5.88049294032444,NaN,,1299.23360161312,30,200.909785797806,0,83.3031499953746,1.43330275193459,3.68708819296393,3.88651983483066,98.9028456415849,NaN,NaN,NaN,NaN,8.08032820283333,0.276276683313068,5.44471247976476,11.7077829853698,7.97474448128435,10.551391509796,0.332843102926819,,1301.08545720118,30.0100002288818,201.194225345985,0,54.5041721014096,1.83596467704937,3.69549652519684,14.3419070483295,105.292248779381,NaN,NaN,NaN,NaN,13.5218322115653,1.04110424510766,7.38487094612355,49.4361350927502,7.47194163038708,12.7622153889312,0.290244761652202,,1299.73915811718,30.0003766048546,201.599574389373,0.301859619999999,55.2018414374213,0.903638879125802,3.48225765949013,18.8365105888005,96.3115712496329,NaN,NaN,NaN,NaN,15.2782033505,1.34740043402054,6.02649683974932,37.3988013915793,6.97024021120787,10.6077276472217,0.50402551414061,,1302.51831449992,30.0259361513894,200.964127306414,1.014033734,67.7513016976141,0.474008768585442,3.69124672066233,14.8529723007969,96.6663400871883,NaN,NaN,NaN,NaN,17.5978241025,1.05686324852348,6.35294918556545,23.8922551024212,6.47126521039081,11.9793983284896,0.622341041127743,,1298.55867740383,30.0200004577637,201.245419879308,1.829149078,98.7665540564378,0.0100791799999991,3.40139861604141,1.57228309345107,99.8442913598939,NaN,NaN,NaN,NaN,109.881847804068,0.110906076046877,1.82043168923825,NaN,5.97862395520715,3.63924551416823,NaN,,1299.54813625305,30.0069224858815,201.395245839918
11,0,102.846797182751,1.149386356,3.43074141688837,0.856631735401581,100.054768494643,NaN,NaN,NaN,NaN,11.8794748333333,0.0599998019987244,1.87501645629292,NaN,8.47866046011875,5.78278807037859,NaN,,1299.89558254592,30,200.906051216659,0,82.7079573473579,1.46793606586362,3.73980896964792,3.96148928925628,98.6594607946572,NaN,NaN,NaN,NaN,7.99345916782998,0.281830072899977,5.53788221952782,13.398657856654,7.97349625152995,10.7180835213725,0.295863187446768,,1300.87018048488,30.0100002288818,201.223411732419,0,56.2183094710124,1.86510257410602,3.72095601021596,14.5271133046752,102.389565371661,NaN,NaN,NaN,NaN,13.0398684522566,1.05371058175998,7.42638144192562,47.6978620315014,7.47396800575898,12.8376574490097,0.304614077454125,,1300.66456117184,29.9899997711182,201.623563943666,0.301859619999999,53.1162796953257,0.936645414204056,3.67843478788524,19.7647792992006,95.5543415652328,NaN,NaN,NaN,NaN,14.9274173483249,1.41798721801765,6.17513280080415,41.8273741467973,6.97019143744511,10.8748981447834,0.472652622222145,,1301.79251011428,30.0272845191072,200.991585578597,1.014033734,66.1913476834388,0.49049185609206,3.7367147708376,15.5489146864746,97.0416919665561,NaN,NaN,NaN,NaN,17.821276371,1.10726415769197,6.59150106207728,26.134104758008,6.47098721649819,12.4095099294981,0.595432495266645,,1299.97387531065,30.0200004577637,201.256223343141,1.829149078,98.7302574630641,0.0100791799999991,3.32142446114012,1.58011259314229,99.7756061869559,NaN,NaN,NaN,NaN,99.0685796823464,0.111435112595838,1.91960377381044,NaN,5.98031253441072,3.8128525542821,NaN,,1299.06765535688,30.0007279114549,201.389709469151
11.0833333333333,0,102.884740847987,1.149386356,3.42377408559987,0.857403183641765,100.125638701495,NaN,NaN,NaN,NaN,11.3430885938333,0.0600396133244743,1.91015321959546,NaN,8.47774546312931,5.84425147569805,NaN,,1299.7005684627,30,200.900488105706,0,81.9558805286669,1.50428684217778,3.53578751673941,4.04646277187516,98.6095330124325,NaN,NaN,NaN,NaN,8.60208856483669,0.28817654470095,5.64834295857264,14.7750893539528,7.97398984758115,10.9158699753555,0.274343385689313,,1299.81174629108,30.0100002288818,201.254198561174,0,57.2046854661676,1.890230409045,3.70729671185947,14.6982001480834,101.78342672725,NaN,NaN,NaN,NaN,12.9206137033798,1.0657923976926,7.44740201746241,47.6248476471045,7.47332571685464,12.875899824937,0.308648533386066,,1299.90796912003,29.9802514186845,201.643368420842,0.301859619999999,50.8727753232594,0.971299105784545,3.44833400648664,20.6859223937581,95.9994866084554,NaN,NaN,NaN,NaN,14.9922580778418,1.48799238368215,6.29746672814433,46.9056823253354,6.97039955988758,11.0950400327843,0.441201735174868,,1300.7112941134,30.0283455983177,201.020823946019,1.014033734,64.3401042699489,0.513508929357504,3.65572478682062,16.2150909600005,96.4463008257685,NaN,NaN,NaN,NaN,16.8795146156667,1.15658051411279,6.76106729542467,28.6260046125749,6.47082038895705,12.715751890258,0.566897648969607,,1299.20573131003,30.0200004577637,201.273889238561,1.829149078,98.5661658455487,0.0100791799999991,3.31780933052438,1.62026543102027,99.721762402376,NaN,NaN,NaN,NaN,94.7623457389732,0.114273327237739,1.9787567057913,NaN,5.97896545102349,3.91599949445526,NaN,,1298.84254029739,30,201.384172661385
11.1666666666667,0,102.922897097173,1.149386356,3.44526066514693,0.864986715318843,100.04868590914,NaN,NaN,NaN,NaN,11,0.0606012352375028,1.96517340357298,NaN,8.47475070276275,5.94052175725409,NaN,,1301.16104562304,30,200.894926899841,0,81.2079584710422,1.54141752473433,3.62667602571702,4.11572464894715,98.5650072383955,NaN,NaN,NaN,NaN,8.44888158283333,0.293576751468131,5.7803188921188,16.7179363480227,7.97390050487117,11.1523456112257,0.246254137817566,,1300.62383509155,30.0100002288818,201.285855471557,0,58.2641352007949,1.91074339543666,3.65821080991736,14.9539850934713,102.164893380667,NaN,NaN,NaN,NaN,13.0794271399536,1.08350320659488,7.37875850607996,46.4469245115525,7.47268517648788,12.7510903775803,0.32198997330789,,1299.39257287464,29.9799995422363,201.658460890982,0.301859619999999,48.3125028588059,1.00642384222125,3.48151496104738,21.5811841309772,95.141894469584,NaN,NaN,NaN,NaN,14.8127211589438,1.55901230837613,6.59530937313607,53.5380764914384,6.97029935365838,11.6320587603502,0.403642633690685,,1299.42837139814,30.0300006866455,201.050632029467,1.014033734,62.8514643853377,0.539767322400969,3.75671024667655,17.0118122553611,97.1826145511937,NaN,NaN,NaN,NaN,16.5069038281746,1.21383613588291,6.99324880954179,30.1266167606138,6.47043595179927,13.1358621466095,0.564757727286148,,1301.96461251799,30.0200004577637,201.294509694534,1.829149078,98.446857111824,0.0100791799999991,3.35758577498983,1.64787227424407,99.8907176259307,NaN,NaN,NaN,NaN,95.4874511996366,0.11623262886359,1.89646936465431,NaN,5.97771997952794,3.77234086503809,NaN,,1298.08328530279,30,201.37863598189
11.25,0,102.948083275567,1.15126699558573,3.42385818351182,0.871266631815884,100.037261775867,NaN,NaN,NaN,NaN,11.2382119859424,0.0610197847500406,1.92789305923483,NaN,8.47244502109682,5.87528556195677,NaN,,1301.12668361545,30,200.891143882214,0,80.4641825460648,1.57985725364559,3.83013344733568,4.20797151819322,98.3868956894592,NaN,NaN,NaN,NaN,8.12076550866667,0.300599407045117,5.87858222630083,18.1688937875588,7.97378033818925,11.3285775498652,0.232038981295397,,1300.45319390656,30.0100002288818,201.318713477377,0,59.424736036634,1.93002840602817,3.67031716105614,15.0636167347864,101.992462809097,NaN,NaN,NaN,NaN,12.8796795,1.09023019421339,7.41040921407975,45.1212595967607,7.47458829660558,12.8086403276297,0.333863333258981,,1300.90596947692,29.9844384175368,201.672515544734,0.301859619999999,46.3440225254553,1.04153269448518,3.68644749995344,22.6864864484584,96.4838017409448,NaN,NaN,NaN,NaN,14.5216255615562,1.64588478424035,6.7981548375376,59.6981388701894,6.97026425081881,11.9984349013686,0.380283326444681,,1300.08682011428,30.0300006866455,201.080253692286,1.014033734,61.1220462431018,0.566187657146128,3.65813718214682,17.7100624252324,96.8598338260214,NaN,NaN,NaN,NaN,16.0820741456587,1.2660627915822,7.27110986840118,33.1851028620318,6.47019770585374,13.6397636395431,0.533763827996612,,1299.98687829641,30.0200004577637,201.315485996924,1.829149078,98.4495207061417,0.0100791799999991,3.35327653477874,1.67850526353952,99.8483240922558,NaN,NaN,NaN,NaN,96.6773025222343,0.118340441014417,1.91254010073769,NaN,5.97654065825415,3.80023937081267,NaN,,1300.33305338259,30,201.373099393743
11.3333333333333,0,103.0227811069,1.15471893760115,3.41391503489239,0.880351574435878,100.055358978953,NaN,NaN,NaN,NaN,11.4449228000576,0.0616355552087569,1.93498010357587,NaN,8.47163007142447,5.88768029457059,NaN,,1300.19320054957,30,200.889034420638,0,79.6536736563516,1.61955297264067,3.57684848169197,4.29976967012824,98.5766352524795,NaN,NaN,NaN,NaN,7.95980202766667,0.307417036368438,5.87994760499487,19.8498028744337,7.97407472905051,11.33105825283,0.216872121063907,,1298.18289458447,30.0100002288818,201.353064198984,0,60.1297921654489,1.94620689452931,3.71364838838026,15.1315426082071,100.945054907589,NaN,NaN,NaN,NaN,12.9959377724822,1.09516097472104,7.45744704631212,44.7205940529174,7.47395340235281,12.8941697650351,0.338383666510208,,1301.45227333908,29.9899997711182,201.683281078482,0.301859619999999,44.1827528264814,1.07754767676017,3.56647267871184,23.5669363300638,95.44153979446,NaN,NaN,NaN,NaN,14.420145463,1.71853877361326,7.03154273199239,67.4367954876073,6.97025937651408,12.4208427164035,0.349806678240249,,1299.53214459639,30.0300006866455,201.110914985333,1.014033734,59.3420470220812,0.593868403049416,3.79066132463966,18.4169216547414,96.4611767704421,NaN,NaN,NaN,NaN,16.3276330429764,1.31804078673737,7.46503177245023,34.8652865059082,6.47076372132074,13.9921478930826,0.528330254309574,,1300.08532727681,30.0200004577637,201.337609305864,1.829149078,98.3359708078208,0.0100791799999991,3.21218054364803,1.70109172687147,99.7697841954086,NaN,NaN,NaN,NaN,90.0391615343901,0.119866440202106,2.04946158861436,NaN,5.97480431285281,4.03976040359439,NaN,,1299.83148301049,30.0046563716468,201.367558898142
11.4166666666667,0,103.035469919687,1.15965091619163,3.37360188226204,0.880123261291666,100.072384503823,NaN,NaN,NaN,NaN,11.3210797336667,0.0616389499847143,1.9954670372234,NaN,8.47324413146581,5.99352704303775,NaN,,1299.26141219944,30,200.888502904156,0,78.9586972232198,1.66031737706409,3.6952913848879,4.38522251570773,98.6335926201376,NaN,NaN,NaN,NaN,8.2980259897569,0.314027869032224,6.08250982733704,21.8753353063397,7.97398900489184,11.6947915629642,0.200541304731248,,1298.96062246806,30.0100002288818,201.388259259856,0,60.5194415489588,1.96102884778957,3.66038298854798,15.2435458287475,100.919414006749,NaN,NaN,NaN,NaN,12.9236259608512,1.10298997997533,7.58276534269013,44.7171990671504,7.47370371079931,13.1222090964461,0.340921530034677,,1297.16124183334,29.9899997711182,201.692713647235,0.301859619999999,42.0467515411793,1.1127721096892,3.44396908408634,24.5080914226866,99.7671259767241,NaN,NaN,NaN,NaN,14.6796589846679,1.79692289832108,7.25286618318901,76.1858023617768,6.97037711489987,12.8222078623589,0.322047120643791,,1300.23642356881,30.0278418944158,201.140907438457,1.014033734,57.6072046024456,0.621267707024523,3.89216915988066,19.1623163353005,96.9166101588008,NaN,NaN,NaN,NaN,16.6344413260236,1.37297936745676,7.73882747481553,36.95811637123,6.4709529622881,14.4907948313642,0.518645852777164,,1299.89555069775,30.0200004577637,201.359767961789,1.829149078,98.1961881873611,0.0100791799999991,3.36258809828796,1.73406872729078,99.856979384092,NaN,NaN,NaN,NaN,87.1737060038727,0.122248530140484,1.9696024074214,NaN,5.97301971734523,3.89994814793623,NaN,,1301.09863592649,30.0100002288818,201.362019699833
11.5,0,103.04090648108,1.16316445741918,3.38832210247018,0.884245809333535,100.052991551838,NaN,NaN,NaN,NaN,11.4439349318336,0.0619597958718488,2.05676226155696,NaN,8.47358708460056,6.100812340714,NaN,,1301.23922023281,30,200.886351938852,0,78.1544081948934,1.70232081682554,3.63066888467057,4.48390156517627,98.5494606976577,NaN,NaN,NaN,NaN,8.30427853657643,0.321611858074883,6.13520230372431,23.3294713730829,7.97360332049857,11.7895056027328,0.192317976479297,,1299.24018418304,30.0100002288818,201.424807984852,0,60.7717594691953,1.9738951810956,3.6338596972551,15.3355770583496,99.7749835241643,NaN,NaN,NaN,NaN,12.8392601968333,1.10934916181981,7.61748933203158,44.6573459014679,7.47344181360554,13.1854565832562,0.343477109046232,,1299.81837124996,29.9899997711182,201.70025270355,0.301859619999999,50.0870231553775,1.1314626903254,3.64498164567731,24.7996474404598,119.895346151621,NaN,NaN,NaN,NaN,14.760394594785,1.78712925034279,7.33143100929439,51.7926411786198,6.97096064598948,12.9648767667744,0.494805440808207,,1297.67413709676,29.9970669881636,201.154660808748,1.014033734,55.9624646318962,0.645710081347556,3.71536492190915,19.9301051997604,96.6933404591359,NaN,NaN,NaN,NaN,16.519050926,1.42907563304747,7.91323301105216,39.0025008639393,6.46999746976075,14.8091983388137,0.511363684068875,,1299.63098283382,30.0200004577637,201.378654088209,1.829149078,98.1141804454209,0.0100791799999991,3.33159548473792,1.77247705630486,99.8264541959962,NaN,NaN,NaN,NaN,89.6085466612064,0.12498156493987,2.03767950944642,NaN,5.97195879951365,4.01909580159108,NaN,,1300.82941592532,30.0100002288818,201.356480475992
11.5833333333333,0,103.031664453906,1.16542094843344,3.45564736563838,0.88906477699323,99.9858089675777,NaN,NaN,NaN,NaN,11.308158534028,0.0623209628071715,2.01481590367166,NaN,8.47188573048443,6.02738456199016,NaN,,1299.38371035299,30,200.883052285425,0,77.5861620781474,1.7454158835562,3.81486899055721,4.58451597257821,98.8988159394884,NaN,NaN,NaN,NaN,8.25074808266666,0.329184748483926,6.31141321918417,25.2155705237722,7.97383691022006,12.1065997996261,0.181899089399266,,1299.98342764985,30.0100002288818,201.462477105419,0,60.8161619486124,1.98625340643497,3.68056018844301,15.3549966798286,100.459206340144,NaN,NaN,NaN,NaN,13.0804895125,1.11141752115501,7.66633512435795,45.1831625513036,7.47433271665766,13.2744367287084,0.339855714593818,,1300.7717863439,29.9899997711182,201.707104534712,0.301859619999999,54.5222802409822,1.14094838816384,3.45234034669563,24.0700150161288,102.077841640481,NaN,NaN,NaN,NaN,14.8384197567137,1.72730105181598,7.43080672709564,45.576247090055,6.97077607005067,13.1454536626664,0.529310349092472,,1299.85535438894,29.97390274854,201.158707357089,1.014033734,54.2188288027574,0.675145849177242,3.86029210720813,20.6711912644158,96.4986555131788,NaN,NaN,NaN,NaN,16.5282933128333,1.48528647588824,8.25302756049827,42.8921119752963,6.47095467675829,15.4308333012722,0.482407126591982,,1299.82435080705,30.0200004577637,201.402655336797,1.829149078,97.9999387821873,0.012446458734688,3.43109620272995,1.8008296545984,99.7413319612744,NaN,NaN,NaN,NaN,86.6707319981058,0.126977294812534,1.99481484266857,NaN,5.9706488975507,3.94423074887843,NaN,,1300.58129693698,30.0054644510085,201.353205206478
11.6666666666667,0,103.039251191881,1.170013558,3.37927123821378,0.889724477101163,100.041981579462,NaN,NaN,NaN,NaN,11.2517702171384,0.0623476205890282,2.07594912699903,NaN,8.47399165502748,6.13440228764908,NaN,,1298.04652189828,30,200.882190440568,0,76.7883123129703,1.78986159674594,3.77359219300208,4.67470080297897,98.410974118695,NaN,NaN,NaN,NaN,8.64137685393885,0.336245725820998,6.36572268682315,27.9874288840513,7.97340583442397,12.2043882432856,0.167159544302208,,1299.61107608867,30.0100002288818,201.501414530535,0,61.0285315630775,1.99835866353599,3.67819112924411,15.3636969589634,100.665079831959,NaN,NaN,NaN,NaN,13.0228357614336,1.11258878541964,7.67327768990051,45.5567974117889,7.47431214687769,13.2870843478261,0.337252316873415,,1301.3399555903,29.9899997711182,201.713904356574,0.301859619999999,54.4608063134445,1.15001539221402,3.43868026173401,23.1177951147286,100.017257715279,NaN,NaN,NaN,NaN,14.5987511931667,1.66660929461909,7.29821613270698,50.9114394352831,6.97089323683622,12.9045121553285,0.454299933319279,,1299.99083121273,29.9712685436713,201.162460522063,1.014033734,52.1438004839324,0.703141594810793,3.81196308107867,21.3098973007968,96.1365460920428,NaN,NaN,NaN,NaN,16.5480558258333,1.53651180564213,8.46861035140889,47.3602345439815,6.47059987547027,15.8263410732618,0.450581618214587,,1299.64648312348,30.0210582864352,201.425017008789,1.829149078,97.9460905335981,0.0190700572085773,3.35164996923764,1.85247406488086,99.8609869961019,NaN,NaN,NaN,NaN,90.8185434005177,0.130601211884416,1.97735122203542,NaN,5.97088289725469,3.91373892728197,NaN,,1300.88806400401,30,201.354293251607
11.75,0,103.026080509833,1.17347829074915,3.56072563308184,0.897923409697494,100.044958215687,NaN,NaN,NaN,NaN,11.2007868348333,0.0629200050349961,2.0506363957875,NaN,8.47391537690647,6.09008751847951,NaN,,1299.00496171647,30,200.8799915563,0,76.0601083914206,1.83525802898462,3.87369767561477,4.78573992671389,98.7403255901756,NaN,NaN,NaN,NaN,8.23415085606115,0.344989533427657,6.3965920699116,29.8036974118948,7.97319801461587,12.2600303519667,0.160696205148461,,1301.11179086201,30.0100002288818,201.54134671552,0,61.4172905139382,2.00859686044953,3.63945567465087,15.5131295745776,100.412605157733,NaN,NaN,NaN,NaN,13.0574933837331,1.12309828176773,7.63392379495939,45.2890000836115,7.47447776800275,13.215375965283,0.342552506610833,,1300.75917833296,29.9905933172827,201.718747196559,0.301859619999999,54.9129710056805,1.1597670624356,3.50006941574901,22.6724002017689,101.047152310715,NaN,NaN,NaN,NaN,15.0800389496667,1.63570750409753,7.25361974139591,51.5604985537495,6.97148700766486,12.8235454907828,0.439788092544192,,1299.23257240541,29.9799636552512,201.166696279396,1.014033734,50.0725291265686,0.73371436205929,3.87771591959867,22.0791085606796,95.2633307050207,NaN,NaN,NaN,NaN,16.8552364956667,1.59576415251279,8.82194523684369,51.1494405280546,6.47090302858644,16.4764283825529,0.43203200795261,,1300.68988983329,30.0267956317574,201.450386133783,1.829149078,97.8493642920607,0.0232060820096397,3.41450047108697,1.89812268532496,99.8384962698389,NaN,NaN,NaN,NaN,94.2452961082345,0.133787877656253,1.99446260359206,NaN,5.97087747877677,3.94351029574717,NaN,,1300.77659418236,30.0004039600924,201.352880306162
11.8333333333333,0,103.140662449476,1.175233662,3.37676336559647,0.89947815790691,100.041265779761,NaN,NaN,NaN,NaN,11.200752580296,0.0630402288023028,2.1468471556939,NaN,8.47204033015297,6.25855964084799,NaN,,1299.45046716097,30,200.876294472101,0,75.2514467740578,1.88182182709714,3.81214935030556,4.88350278619589,98.409841153804,NaN,NaN,NaN,NaN,8.3203977295,0.352570284474883,6.58918213831172,32.6691920929095,7.97254853613309,12.6073198604623,0.149568251098691,,1298.92744368088,30.0100002288818,201.58250263551,0,61.7039703372729,2.01852701046495,3.63660618895731,15.5602454517325,100.96459410042,NaN,NaN,NaN,NaN,13.3209644106667,1.12710359868931,7.71601560423582,45.6038085661947,7.47475236769733,13.3649936338263,0.3412141494651,,1299.60435038245,29.9991962201938,201.723278883966,0.301859619999999,55.4511506396639,1.16783626128409,3.51561659679953,22.2219953061012,100.992892509018,NaN,NaN,NaN,NaN,14.6893052591667,1.60454974732453,7.34832568956058,52.1983909698608,6.97097889519225,12.9955587845512,0.425742123158998,,1299.69368459457,29.9827607489322,201.169395668968,1.014033734,47.0117892598932,0.763018102186157,3.9468400288727,23.087032900324,96.1562974196854,NaN,NaN,NaN,NaN,16.6609226930192,1.67901586847091,9.00485962536508,60.4949939879445,6.47113557885993,16.8140051962473,0.382415389651318,,1299.55986365199,30.0298251330977,201.474309399627,1.829149078,97.7164684050969,0.0256810579999991,3.33436529692772,1.9276577968302,99.8029460335527,NaN,NaN,NaN,NaN,102.156736851816,0.135888385295509,2.13338667678912,NaN,5.97120114587413,4.18697839391027,NaN,,1300.77727944804,30.0008054177741,201.349930456488
11.9166666666667,0,103.133386971692,1.17967874122984,3.21527437624268,0.905286808400932,99.9866575811549,NaN,NaN,NaN,NaN,11.6002150933706,0.0620120962663577,2.06892151781622,NaN,8.47551241781308,6.12210326312662,NaN,"Sample 7.00 mL to CDW Samples 1/A1",1299.99746989561,29.999193992499,198.034333456807,0,74.5120089897008,1.92930015311587,3.52640619684067,5.02781336409923,99.0248651021877,NaN,NaN,NaN,NaN,8.23407717566667,0.354083683522039,6.66564042767143,35.4738866707788,7.972845868369,12.7453616565203,0.141498955595756,"Sample 7.00 mL to CDW Samples 1/A2",1301.02719937916,30.0083951486469,199.029582818061,0,62.2703833736117,2.02772817371072,3.46755191295524,15.8380125577302,101.380987763575,NaN,NaN,NaN,NaN,13.0403329111667,1.10759652201251,7.84318904042354,45.176829268823,7.47462200617396,13.5969862379758,0.350615974494059,"Sample 7.00 mL to CDW Samples 1/A3",1298.67632109833,29.994790048758,198.894856021915,0.301859619999999,56.2706936324637,1.18043178693058,3.3129172361087,22.2330292367856,102.720013933435,NaN,NaN,NaN,NaN,14.7090489656667,1.53923746369688,7.47854200725056,52.60079953639,6.97405771798106,13.2323655682848,0.420767449097367,"Sample 7.00 mL to CDW Samples 1/A4",1300.10999400214,29.9875876690191,198.107256009345,1.014033734,52.8536664717083,0.781189147431642,3.55094219343621,23.8051402341722,119.972826445334,NaN,NaN,NaN,NaN,16.6599110189818,1.61689576342614,9.10961840537705,47.7616365341109,6.47115723556098,17.0075345136666,0.529134735448234,"Sample 7.00 mL to CDW Samples 1/A5",1301.68136974943,30.0031259528089,198.17828034278,1.829149078,97.6496673712173,0.0265062944684058,3.17135445341517,1.97990958112461,100.035223014466,NaN,NaN,NaN,NaN,102.724441867629,0.134039558986446,1.95050715641785,NaN,5.9707458931611,3.86683655893467,NaN,"Sample 7.00 mL to CDW Samples 1/A6",1298.98297197891,30.0028120195622,197.807524409636
12,0,103.165681472493,1.18201685168842,3.49041279180513,0.926374018678951,100.271365671005,NaN,NaN,NaN,NaN,11.2266610403333,0.0628653080445948,2.15958567082462,NaN,8.47347319777141,6.28087969037607,NaN,,1300.01242069304,30.0085325330263,193.577857702312,0,75.0227818853639,1.97604346404774,3.91264696833189,5.22484053223026,101.30458448056,NaN,NaN,NaN,NaN,8.2771177925,0.36699944577163,6.72070706078514,37.3323087865534,7.97226664923822,12.8448314733461,0.138475177116428,,1299.81321188348,30.0175186377073,194.371922787092,0,64.4013926332457,2.0346801164697,3.69056502855267,16.2307152200866,104.710663815668,NaN,NaN,NaN,NaN,13.2411188316667,1.12674380934562,7.89476945302696,45.5620743688445,7.47571440883836,13.6911590018219,0.356557593587335,,1300.29137428722,29.9999888416347,194.434836029948,0.301859619999999,58.8100929807254,1.18810862,3.63993309354785,22.5238046894766,105.308958436293,NaN,NaN,NaN,NaN,14.8524893039426,1.53396329144635,7.44085549266825,52.6774229139581,6.97759310821755,13.1637571452244,0.421024194859518,,1298.77910496526,29.9983038496741,193.885197357954,1.014033734,60.8909891235086,0.79691161984174,3.84715789195152,23.0439424028474,109.169475947825,NaN,NaN,NaN,NaN,16.8365626601657,1.48451174985698,8.89331041363092,37.4759252969645,6.47174978636126,16.6080718270406,0.714467768720237,,1300.06933713682,29.9854851636177,194.203735920514,1.829149078,97.7119724647372,0.0309595959999998,3.41320893893479,2.02310700927953,99.8885595039241,NaN,NaN,NaN,NaN,95.2972434998798,0.137266767508041,2.14452218492439,NaN,5.97676083859902,4.20621726736453,NaN,,1297.75648955372,30.0095584223149,194.050145598486
12.0833333333333,0,103.212590800702,1.18606343,3.54451566775325,0.934496374286757,100.039672928314,NaN,NaN,NaN,NaN,11.2496267128643,0.0631219209952557,2.20229061446877,NaN,8.47863264089271,6.35568686643191,NaN,,1300.60896206298,30.0100002288818,193.576448895364,0,74.7421822718703,2.02345826947436,3.68237624544815,5.48736301204933,98.627999881807,NaN,NaN,NaN,NaN,8.678470842,0.383097712056163,6.96866403739047,38.4608072036212,7.9718668883885,13.2933942149923,0.142726373328762,,1300.8662442354,30.0200004577637,194.414025174722,0,65.4625400997715,2.035031538,3.68774627268099,16.555376707221,100.714308657662,NaN,NaN,NaN,NaN,12.8830248113846,1.15038584049915,7.86692357195392,42.2665065235288,7.47491273802108,13.6403192047832,0.391714841492963,,1298.79912120211,30,194.429876507721,0.301859619999999,60.1838853487398,1.18810862,3.65005650801432,22.1883318081759,100.716531639411,NaN,NaN,NaN,NaN,14.8259420418907,1.53836765453739,7.66795932780606,48.3916233188382,6.97409824832127,13.5771603127899,0.458559126603761,,1298.57136484565,29.9993638805474,193.879789550845,1.014033734,62.0188397015895,0.809769701987918,3.85529210930754,20.582246794272,99.0352281674752,NaN,NaN,NaN,NaN,16.7503399035902,1.41110751098776,8.99675288082543,28.6913885997712,6.47116809883221,16.7990236882987,0.720829032421185,,1300.8587423701,29.9808056781352,194.211122476586,1.829149078,97.6038451134139,0.0309595959999998,3.50402696544499,2.02194762309439,99.8349947216015,NaN,NaN,NaN,NaN,97.987927856142,0.137320536687323,2.09101168822137,NaN,5.97898134622269,4.11259137441818,NaN,,1298.80394941779,30.0100002288818,194.044605263842
12.1666666666667,0,103.300668373988,1.18606343,3.47403787389667,0.936131115861008,100.033711468779,NaN,NaN,NaN,NaN,11.3144147378024,0.0631967875108171,2.21812954582483,NaN,8.47670751628356,6.38342875089645,NaN,,1299.70731147992,30.0100002288818,193.570890315721,0,74.0335289913503,2.07170452458841,3.84543798027702,5.6171953795961,98.7792598061845,NaN,NaN,NaN,NaN,8.3974982065,0.393291293180296,7.1421033154951,41.2883312313993,7.97131798058789,13.6076296233173,0.136150030111982,,1301.01258119225,30.0197807674453,194.456859273414,0,65.5587271127196,2.03701904852803,3.67954014564443,16.6634483617686,99.9353819437145,NaN,NaN,NaN,NaN,12.9564650826154,1.15827047906352,7.95901310512006,42.8116608667688,7.47535009676904,13.8085511314643,0.389248189452243,,1298.45391652325,30,194.42634004151,0.301859619999999,60.782247807395,1.19004535039785,3.54722949722619,22.0240781968317,101.454094650718,NaN,NaN,NaN,NaN,15.0001254535,1.52786091784686,7.74718266977767,48.8291097824576,6.9710179237683,13.7215836487491,0.451084907185742,,1300.05648886324,29.9956274832019,193.876204826796,1.014033734,61.2294933802222,0.823510823903768,3.82719311998762,20.0138090584882,98.6316406072692,NaN,NaN,NaN,NaN,16.490719393264,1.37520768111908,9.23035184823492,31.3369237966484,6.47162140885577,17.2308679109384,0.638757146705711,,1298.89322025332,29.988055906481,194.219425136633,1.829149078,97.4891054874985,0.0309595959999998,3.42917457631968,2.03345170734629,99.7251479365178,NaN,NaN,NaN,NaN,91.3848353617893,0.138158505819322,2.16581200876685,NaN,5.97690604782462,4.2435243588192,NaN,,1301.35855770803,30.0100002288818,194.039066767498
12.25,0,103.308632329093,1.18606343,3.45330324310831,0.94415792504872,100.044743714645,NaN,NaN,NaN,NaN,11.2390813166667,0.0637252913488693,2.2660175300596,NaN,8.47307447268075,6.46733985952294,NaN,,1299.85260099885,30.0064008935198,193.565330187372,0,73.2455563753667,2.12170889033363,3.72829853878061,5.70255187174027,98.2719836931225,NaN,NaN,NaN,NaN,8.29910995083333,0.400434240376955,7.32861339657953,44.9458153325909,7.97287844052282,13.9461626532259,0.126949484888412,,1299.59062164742,30.0104034104916,194.501413813036,0,65.5711243614303,2.039998428,3.74364280355228,16.5208408405646,100.556872973436,NaN,NaN,NaN,NaN,12.9973420395355,1.14944600313845,7.99110939882584,43.7148453184332,7.47742288173603,13.8671879879007,0.377939628696569,,1300.39289335493,30,194.423997580077,0.301859619999999,61.0504727726107,1.19431468676404,3.39449268332911,21.9075250755124,100.161760153427,NaN,NaN,NaN,NaN,14.8798590491641,1.51985029893755,7.83804514327681,49.297801478057,6.97059873726516,13.8873715011115,0.444443900339182,,1300.06393625199,29.9904003050853,193.875049910345,1.014033734,61.0449012189583,0.835060218785008,3.79760472372349,19.8532133050364,100.599993516793,NaN,NaN,NaN,NaN,16.5566445771458,1.36601569606457,9.11949358378143,32.0115383355856,6.47092766398178,17.0257974154598,0.620381509602021,,1300.0006768251,29.9899997711182,194.225398223618,1.829149078,97.3628915167444,0.0309595959999998,3.43451364541474,2.05512605613992,99.8696313842231,NaN,NaN,NaN,NaN,86.5508479032138,0.139557357627344,2.15127812455605,NaN,5.97497578189294,4.21834927075143,NaN,,1297.98829266057,30.0065870435703,194.03352761414
12.3333333333333,0,103.374536564245,1.18938539275268,3.30579984316748,0.953928441720621,100.037925415502,NaN,NaN,NaN,NaN,11.3214509123333,0.0640900030386985,2.27944676626877,NaN,8.47244215249083,6.49086695525513,NaN,"Sample 1.50 mL to AMBR-96DWP-1/F1",1301.26981503221,29.9996624729198,193.246732422839,0,72.4972195119102,2.17125534789756,3.66576996333359,5.84878997786295,98.5690408738644,NaN,NaN,NaN,NaN,8.24058652086788,0.409554106257632,7.30033023113002,47.8679037292221,7.97178400010568,13.8947924813444,0.121837290524244,"Sample 1.50 mL to AMBR-96DWP-1/F2",1299.01322583134,30.0100002288818,194.247868103763,0,66.1785895749458,2.039998428,3.42321836916011,16.6777788979973,100.773666071727,NaN,NaN,NaN,NaN,12.8428115307978,1.15270226648125,7.9793654327424,42.8981221122688,7.4771156366881,13.8458005420905,0.388207830514889,"Sample 1.50 mL to AMBR-96DWP-1/F3",1296.60009835997,29.9984893328727,194.14261915137,0.301859619999999,61.3352438885139,1.19891478712849,3.14794585865553,21.7595999724275,100.595155415874,NaN,NaN,NaN,NaN,15.1200804575026,1.50533143334282,7.93748678942368,50.0799245465935,6.9710337960325,14.0689674383186,0.433062414956019,"Sample 1.50 mL to AMBR-96DWP-1/F4",1299.56059701054,29.9916112796435,193.618641151851,1.014033734,61.7615910457924,0.846616761516119,3.65767278573305,19.6823682740954,101.282028252679,NaN,NaN,NaN,NaN,16.3948530513333,1.34948710400002,9.07461849861466,30.9865459730626,6.471202507132,16.9428090369163,0.632930719064136,"Sample 1.50 mL to AMBR-96DWP-1/F5",1299.46866122046,29.9888652527501,193.993390890922,1.829149078,97.3286361360427,0.0309595959999998,3.26887296790871,2.08188562825652,99.8302198910476,NaN,NaN,NaN,NaN,84.7997062717009,0.140989101673972,2.23148424509387,NaN,5.97284867258839,4.35855117833469,NaN,"Sample 1.50 mL to AMBR-96DWP-1/F6",1299.6873045311,29.9990411972536,193.811653678269
12.4166666666667,0,103.335055645692,1.19373248297277,3.50134121165138,0.956562677709546,100.079132989004,NaN,NaN,NaN,NaN,11.3223904844918,0.0629851840155467,2.29780554248831,NaN,8.47281303754348,6.5230466403515,NaN,,1301.76254997211,29.9991314350123,191.767773412693,0,71.9225110895084,2.22163458045566,3.96849671586137,5.95531526939439,99.5857624687853,NaN,NaN,NaN,NaN,8.24194946996545,0.411071071307138,7.42927417214356,49.706804947,7.97212461150622,14.1291272764167,0.114067381585771,,1299.71107891086,30.0095984744249,192.796702485283,0,66.6415623625631,2.039998428,3.72387351510927,16.7662221564435,101.833962070291,NaN,NaN,NaN,NaN,12.9994544348333,1.12715729740879,8.20662750920058,43.6836945614236,7.47722532218901,14.2616126979118,0.373256433493029,,1298.44261996733,29.9942741348084,192.619241711945,0.301859619999999,61.6407941483957,1.20417797,3.6030357845005,21.8347144976468,100.686126592552,NaN,NaN,NaN,NaN,14.9995082505,1.45135025962015,8.11498363919786,51.4007477146163,6.9741698977115,14.3935480622767,0.400676208686748,,1298.3264276195,29.9944814150675,192.08029395378,1.014033734,62.1519965271265,0.858660414577893,3.82649245243673,19.7522183028448,101.027025809129,NaN,NaN,NaN,NaN,16.799421115,1.2920791319269,9.42789882857009,31.0043650245098,6.47118727084082,17.5970505322899,0.590940405083652,,1300.12294687344,29.9887335989321,192.444235595886,1.829149078,97.2332820753246,0.0318575655781922,3.52246903005882,2.11274515575722,99.8340534856067,NaN,NaN,NaN,NaN,79.9339867818446,0.138529998786686,2.08144762138936,NaN,5.9707305290323,4.09576891351308,NaN,,1299.62774810029,29.9989545332117,192.229251955312
12.5,0,103.3930866786,1.19744387244588,3.51885091633901,0.957201819432396,100.038022812916,NaN,NaN,NaN,NaN,11.3207860235065,0.0640258454749595,2.22019576728775,NaN,8.47249918012603,6.38703855986735,NaN,,1299.34902280906,30,191.765928052505,0,71.588886431676,2.27298904045803,3.88965007785161,6.20576757015544,98.958313041131,NaN,NaN,NaN,NaN,8.56179782183333,0.434595865445595,7.58693858534118,53.9110102806957,7.97235889460614,14.4159742505517,0.115113044848444,,1301.56027444522,30.0100002288818,192.842681503613,0,67.5056980657299,2.039998428,3.76282546259512,16.896743215931,100.837279598043,NaN,NaN,NaN,NaN,12.777052296271,1.16341224016868,8.17082386706637,42.4723597673664,7.47967984258734,14.1960015773011,0.398004436761957,,1298.36815623181,30,192.61384214486,0.301859619999999,61.938918448793,1.20417797,3.48989091656388,21.6167320170233,100.742111695854,NaN,NaN,NaN,NaN,15.0002876501667,1.48930736852857,8.17538673348451,52.5424502201634,6.97621080474923,14.5041081323331,0.411501044461962,,1298.80784672612,30,192.07491672173,1.014033734,62.771782981964,0.870532515357917,3.81511404278434,19.4383077206591,100.868223594112,NaN,NaN,NaN,NaN,16.55873536,1.32221304227485,9.31840399096925,29.0855491038441,6.47179280989793,17.3939788629379,0.669822825097126,,1299.83043546139,29.9994801859773,192.450686431172,1.829149078,97.1545912662755,0.0376717703067028,3.46674946743749,2.12906565257194,99.8663338398069,NaN,NaN,NaN,NaN,80.2876259672221,0.143209474189798,2.38838041932644,NaN,5.97103693018213,4.63356519782826,NaN,,1300.68996704484,30.0039999502484,192.229529691776
12.5833333333333,0,103.363453009971,1.20164583,3.5664559051013,0.958553599788483,100.006873512244,NaN,NaN,NaN,NaN,11.2808643606685,0.0641172858665674,2.19841936579691,NaN,8.47297863194061,6.34892231164648,NaN,,1301.82830253404,30,191.764673620526,0,70.779035028936,2.32491996552433,3.93220846281598,6.36001711021266,98.4756452094564,NaN,NaN,NaN,NaN,8.36149375683333,0.446321126787826,7.66537497172954,56.5882617493721,7.97234094318395,14.5588505769857,0.112405881625107,,1299.35130605361,30.0100002288818,192.889252027459,0,67.5562209687027,2.039998428,3.70856203340954,16.7187562382044,99.9994338517383,NaN,NaN,NaN,NaN,12.942158293229,1.15129361077521,8.21746334938359,42.3578344208242,7.47921875713837,14.2814145484303,0.394802113087335,,1300.17477786438,30,192.608415817871,0.301859619999999,62.2807914258273,1.20417797,3.58081282642269,21.4661850207755,100.423285406845,NaN,NaN,NaN,NaN,15.0809750821667,1.47739888617216,8.31941142547673,51.0036258739248,6.97972788490351,14.7680769883357,0.420911301545093,,1300.34036363187,30,192.069507978026,1.014033734,63.1839387823052,0.880967378332495,3.81174922524596,19.4239480677477,101.1252667542,NaN,NaN,NaN,NaN,16.6174468245,1.32005616778383,9.45776521014109,27.4127968985744,6.47154718174707,17.6524376630436,0.70879737390438,,1301.11350620496,30,192.455613427836,1.829149078,97.0701659552202,0.0413413700000005,3.55417472467063,2.15621246072816,99.8576934804818,NaN,NaN,NaN,NaN,79.0399999122072,0.145014331839038,2.11622285554935,NaN,5.97147255812892,4.15668946233182,NaN,,1302.17526831208,30.0092945484049,192.227760572658
12.6666666666667,0,103.423813152208,1.20610587085715,3.48133604952104,0.938992120770013,100.154367376386,NaN,NaN,NaN,NaN,11.3619949743552,0.062823854452702,2.06684616336412,NaN,8.50678363450888,6.11846766479107,NaN,,1301.40956030733,30,191.763471572648,0,70.2531428673764,2.37772442334381,3.82667305412419,6.51667007227617,98.9318660003021,NaN,NaN,NaN,NaN,8.31448528580172,0.458187706448941,7.82043313159748,59.945041698878,7.97276656263668,14.8416342269066,0.108727944897766,,1300.47270346923,30.0100002288818,192.936706847956,0,67.7179705230267,2.039998428,3.72188002011094,16.6551214912132,100.606528837921,NaN,NaN,NaN,NaN,12.8392944881667,1.14717994634281,8.28617413465415,42.5395212895694,7.48186311773385,14.4073480035028,0.391560578900158,,1300.06980677773,30,192.602994222214,0.301859619999999,63.4115632057719,1.20417797,3.60709305291019,21.1619255470426,105.147445414962,NaN,NaN,NaN,NaN,14.8792281411667,1.45512436792837,8.60816714944329,49.2486111869718,6.98448533151813,15.2985353414159,0.430143690496552,,1300.24153738527,29.9960492586268,192.064095139243,1.014033734,63.8267426208543,0.890052616600018,3.88637975519794,19.3646170043068,100.8615787494,NaN,NaN,NaN,NaN,16.5383783385,1.31526926153011,9.46295832863589,26.5507786208814,6.47137877230112,17.6620596811946,0.729684495677127,,1299.77656914659,29.9991978927733,192.459209470323,1.829149078,96.9012982806811,0.0465460182590711,3.5061137268694,2.20055179386641,99.6161642001536,NaN,NaN,NaN,NaN,78.8541379267779,0.148075961772245,2.14115265417251,NaN,5.97079951807662,4.20042852792081,NaN,,1301.0683738752,30.0056005537002,192.227214520152
12.75,0,103.470877081827,1.206826978,3.59116175172141,0.872067281215953,100.081342321739,NaN,NaN,NaN,NaN,11.3752691782851,0.0583293894601329,1.95098948812024,NaN,8.54075763237903,5.91569282021493,NaN,,1299.79064222599,30,191.758737366708,0,69.4199880059488,2.43089074473754,3.88480545254018,6.65366125285276,98.3890398333258,NaN,NaN,NaN,NaN,8.61163283597249,0.469338565177837,8.04508442120417,63.9300411290146,7.97195332480945,15.2520649929735,0.104099007642501,,1298.86916878203,30.0100002288818,192.984631032127,0,67.9374664915552,2.039998428,3.68190489823186,16.6363693711051,99.9938436934699,NaN,NaN,NaN,NaN,12.841321393362,1.14555861037872,8.26004613108479,42.4830918423443,7.48250436962539,14.3594361818553,0.391620226000536,,1300.13756418841,30,192.597570952344,0.301859619999999,66.9976983880018,1.20417797,3.53844002095908,20.5747066200834,105.16747241038,NaN,NaN,NaN,NaN,15.2005227251708,1.40790209880191,8.73704957482934,41.5640223383685,6.9916561508941,15.5355897921614,0.495267084179714,,1298.06938671763,29.9836848456943,192.058665874004,1.014033734,64.2623260255002,0.89797481515372,3.80919318373698,19.4574058952994,100.462198319252,NaN,NaN,NaN,NaN,16.3975633786667,1.3198975525889,9.45291306828309,25.9037886790453,6.4712877361346,17.6436311388198,0.751348355053944,,1299.73130918179,29.9975917098382,192.46162861085,1.829149078,96.7382795247851,0.0517621000000004,3.54104560774891,2.2546491783729,99.6744451049428,NaN,NaN,NaN,NaN,78.4139742414884,0.151644067278281,2.23150821578484,NaN,5.97630622518717,4.35860164873765,NaN,,1300.16672001878,30.0064497535451,192.227100540281
12.8333333333333,0,103.560119104858,1.206826978,3.52052960200552,0.846073111497153,100.067502266882,NaN,NaN,NaN,NaN,11.2680048245263,0.056577891862712,1.90606851704258,NaN,8.54850375794162,5.83710040214634,NaN,,1300.31729729813,30,191.75317798896,0,68.7178475257882,2.48511084079546,3.77472561415629,6.80844215268396,98.9060922262136,NaN,NaN,NaN,NaN,8.23989555650751,0.481643503914037,8.10769041667549,67.4468208839249,7.9728351224514,15.3666091869988,0.100964203488191,,1300.4578952194,30.0100002288818,193.033489626994,0,68.2070131475383,2.039998428,3.70831899531839,16.5444586345832,101.082993322156,NaN,NaN,NaN,NaN,12.9578938184713,1.13907986770293,8.31370323522689,42.0931092933132,7.48439305550607,14.4578122929674,0.393071235029613,,1298.86187569617,29.9971491200967,192.592147668908,0.301859619999999,68.3506713466644,1.20417797,3.49647763217217,19.9381815093018,101.574929289557,NaN,NaN,NaN,NaN,14.8804069686625,1.3646784375484,8.86482149886721,40.9594760931083,6.99858249555274,15.7710208789538,0.486803391218801,,1300.02783945759,29.9799995422363,192.053223022769,1.014033734,64.1553619710612,0.905190669999999,3.79552016540747,19.3551447168171,100.114041300858,NaN,NaN,NaN,NaN,16.4315721866667,1.31489962367356,9.5613866969536,26.8337832861595,6.47186333653798,17.8448662712927,0.72138495688235,,1301.29780959723,29.9967219998526,192.463559214044,1.829149078,96.5857823585943,0.0517621000000004,3.58254395831208,2.2821367174295,99.8206999484251,NaN,NaN,NaN,NaN,77.5952405002045,0.153513486202454,2.24493612076827,NaN,5.97585634494354,4.38210391215062,NaN,,1299.52959824447,30.0060019757008,192.221559249362
12.9166666666667,0,103.599276662697,1.206826978,3.47958186404071,0.84650486550777,100.045270751502,NaN,NaN,NaN,NaN,11.2842451743333,0.0566054306434046,1.90426935483432,NaN,8.5471818936247,5.83395620024241,NaN,,1298.75272804226,30,191.747618164491,0,68.0690072200024,2.53937840553859,3.85821707525702,6.95218433910474,98.6365326541805,NaN,NaN,NaN,NaN,8.38223511738496,0.493565503880915,8.24090239823306,71.7018932225756,7.97251048213632,15.6105345590042,0.09699439347768,,1298.72994506492,30.0100002288818,193.082456795232,0,68.7693622962995,2.039998428,3.74287486442867,16.5422900271445,100.950158332668,NaN,NaN,NaN,NaN,12.9201962078333,1.13910024354997,8.44110910422706,42.1189545084927,7.48659626572112,14.6916001846715,0.392760335873917,,1298.69568366227,29.9947679570595,192.586723620713,0.301859619999999,68.6314824922668,1.20417797,3.39427444300228,19.3716739302722,100.182785553608,NaN,NaN,NaN,NaN,15.0002404265,1.32795230375884,8.91436688305659,42.424534109418,7.00458981175325,15.8624475214577,0.456660471591163,,1300.71973758633,29.9842139467625,192.047786473264,1.014033734,64.2203331818199,0.910407243546349,3.77514611934174,19.3519897114757,99.6266927765763,NaN,NaN,NaN,NaN,16.477957144854,1.31364742145359,9.62040816569033,26.4700888459621,6.47165718338851,17.9546043142215,0.731238227159002,,1302.05207891102,29.9972541175515,192.46307351127,1.829149078,96.5216764992057,0.0517621000000004,3.55535558108118,2.32497572256741,99.7595425717178,NaN,NaN,NaN,NaN,76.879444281,0.156357132502371,2.46124967812656,NaN,5.97326493738112,4.76144500257342,NaN,,1299.47586688637,30,192.216017375582
13,0,103.597965915967,1.206826978,3.50419640743241,0.850598519721711,100.056574443558,NaN,NaN,NaN,NaN,11.3985340623333,0.0568742879423833,1.75202444564943,NaN,8.54335192864897,5.56779765714766,NaN,,1299.01727157554,30,191.742057348914,0,67.3684156409754,2.59478727843975,3.83378911025585,7.12304431879438,98.4212961610688,NaN,NaN,NaN,NaN,8.29924711433333,0.507034130799045,8.38385522234517,75.4716786055654,7.97318470268699,15.8727591231697,0.0944279359037007,,1302.08691317477,30.009419970451,193.132509255914,0,69.0679332811594,2.039998428,3.71830113694615,16.5032456035318,99.9235006294837,NaN,NaN,NaN,NaN,13.0806811811667,1.13560142308108,8.45856884725829,41.5677521802337,7.48979505962781,14.7236951313546,0.397045627310596,,1300.56929662176,29.9996460455584,192.581298547931,0.301859619999999,68.4954487330671,1.20417797,3.54217874430697,18.9356184644894,99.5599032912256,NaN,NaN,NaN,NaN,14.9765362407272,1.29969344381809,8.89376913976614,43.8138100922207,7.00911113188376,15.8244227722248,0.432242966883102,,1300.453873032,29.9899997711182,192.042356491228,1.014033734,64.1774048233472,0.916330575734811,3.8738180035627,19.3189530922912,100.641815298848,NaN,NaN,NaN,NaN,16.2455650238126,1.31246998201941,9.80033295015826,26.5574719117322,6.47234817348802,18.2894723770922,0.728197180010841,,1300.10185025256,29.9939817590182,192.463606691516,1.829149078,96.2654516439185,0.0517621000000004,3.48264815525139,2.36920408066621,99.4704708673073,NaN,NaN,NaN,NaN,70.6785883960675,0.159270631274541,2.39933864439506,NaN,5.97239823850576,4.65277894163795,NaN,,1298.76223305303,29.9844902588367,192.210473524045
13.0833333333333,0,103.601296657875,1.206826978,3.52960259511071,0.861844221818812,100.072094264218,NaN,NaN,NaN,NaN,11.280865477,0.0576507158578407,1.71001110998607,NaN,8.5386929579261,5.49431112319921,NaN,,1302.03428992199,30,191.736498204845,0,66.5318252011925,2.65012304631981,4.0201080721812,7.26684268058103,98.4276925890459,NaN,NaN,NaN,NaN,8.20105517433333,0.518863936665857,8.5527008336694,79.9595054984918,7.97289473705428,16.1830014175071,0.0909073217757771,,1299.15677660284,30.0093747136219,193.182688377257,0,69.1834908930417,2.039998428,3.74534417763362,16.4244583532659,100.699608448668,NaN,NaN,NaN,NaN,12.7595577171667,1.13031162848607,8.50353749600333,41.7518317535234,7.49206719114916,14.8062577022926,0.393389803089025,,1300.30860058196,30,192.575872406322,0.301859619999999,68.2998056511294,1.20417797,3.46180346564216,18.7188720990629,99.2731247735543,NaN,NaN,NaN,NaN,15.0639985642728,1.2857362815225,8.84302727428322,44.5659181494564,7.01252485364607,15.7308373419201,0.420109332765766,,1299.26310894123,29.9909371942653,192.036933456207,1.014033734,64.4461306123915,0.920636724,3.81167624601279,19.3671746579626,100.487709618259,NaN,NaN,NaN,NaN,16.3241722785675,1.31440967971015,9.87315610646699,25.9172009034929,6.47316116127373,18.4252045668265,0.747673307865149,,1299.31978171536,29.9995983215099,192.462517595606,1.829149078,96.1200482582117,0.0533234117485687,3.45372403863366,2.44467945966055,99.9348799130064,NaN,NaN,NaN,NaN,74.5965571076807,0.164484288530251,2.35300175597656,NaN,5.97107588454749,4.57151733152288,NaN,,1300.40789562924,29.9880115060814,192.206388152196
13.1666666666667,0,103.653160842547,1.206826978,3.44506809848723,0.87129378834308,100.0598454578,NaN,NaN,NaN,NaN,11.2829646354821,0.0582733929747791,1.67393747087275,NaN,8.53439411376343,5.43127717547951,NaN,,1300.98944510554,30,191.730939230354,0,65.7147298592437,2.70610833003191,3.76207024225766,7.44093596022912,98.3515534161202,NaN,NaN,NaN,NaN,8.17261194047177,0.53338251874996,8.96150474138602,85.2613117795737,7.97196471519635,16.9361249807693,0.0872970002011223,,1301.31105045271,30.0071890107013,193.2334104813,0,69.5138855948931,2.039998428,3.70254287692527,16.2968978366481,100.551584457744,NaN,NaN,NaN,NaN,12.7572013672049,1.12126951238608,8.49376442769272,41.6113932238021,7.49394598522876,14.788298594177,0.39165551780532,,1298.04268690223,30,192.570445421424,0.301859619999999,67.5469901856975,1.20417797,3.37731695700716,18.661226644937,98.1603745033846,NaN,NaN,NaN,NaN,15.0000510751667,1.28331037390912,8.96500913747257,46.9668238955578,7.01404065719662,15.9558999559934,0.397428998871734,,1300.66245338273,30,192.031515307401,1.014033734,64.9866762322885,0.923581513070723,3.79304023144497,19.4705503053848,100.92843976242,NaN,NaN,NaN,NaN,16.2691525745992,1.32072504896435,9.95007988047538,24.9052535983816,6.47258906663948,18.568759045714,0.782141406426978,,1299.43202258384,30,192.459857260704,1.829149078,95.9759444908244,0.0570550558565011,3.443407375684,2.42787333850391,99.5668983622771,NaN,NaN,NaN,NaN,75.6041690309832,0.163302243793174,2.29045856710646,NaN,5.97049060843499,4.46207388984149,NaN,,1299.67240939362,30.0169752732743,192.204611593626
13.25,0,103.708997694527,1.206826978,3.40244225875988,0.878023806517438,100.032370169702,NaN,NaN,NaN,NaN,11.2389811806845,0.0587109263513039,1.71134204747344,NaN,8.53012001270174,5.49663888030224,NaN,,1300.97670217712,30,191.725381088759,0,64.8991416600457,2.76306817536078,3.78395262003273,7.6125997654326,98.3632298946464,NaN,NaN,NaN,NaN,8.22653924547421,0.547468011702042,9.06008650735678,89.5923860423621,7.97255246915258,17.117993115343,0.0849815438014441,,1299.84970780772,30.0100002288818,193.285126078909,0,69.6105455849465,2.039998428,3.59716393592602,16.1494514080105,100.149196634267,NaN,NaN,NaN,NaN,13.0023835346604,1.11217475037075,8.50614168122085,42.2106074927491,7.49512803785717,14.8110892599842,0.382602226214214,,1301.71392929659,30,192.565021950272,0.301859619999999,66.6437898918873,1.20417797,3.47866016732066,18.7802834526028,98.5166587000868,NaN,NaN,NaN,NaN,15.0810094178333,1.29319898418601,8.9380492079762,49.5587091462926,7.01408035193154,15.9061207567577,0.379000887695331,,1298.92370772138,30.0064700037166,192.026104630582,1.014033734,65.1965729454338,0.928174000020544,3.78417816830453,19.4800881291165,100.301985074341,NaN,NaN,NaN,NaN,16.517274536152,1.32152381975438,10.1471060968959,24.7769573631262,6.47291630559777,18.9368909271396,0.786305376427754,,1301.56819747949,30,192.458949742551,1.829149078,95.799588618485,0.0672383650039921,3.44865860526037,2.51377171573734,99.670026618374,NaN,NaN,NaN,NaN,81.0565379894809,0.169029124617179,2.38936287821226,NaN,5.97505174099893,4.6353343492564,NaN,,1299.24740659548,30.0200004577637,192.209189352459
13.3333333333333,0,103.760503228671,1.206826978,3.37065491919256,0.885645419084614,100.059104499452,NaN,NaN,NaN,NaN,11.1611076651667,0.0592009022750926,1.58304705174916,NaN,8.52601905270886,5.27250199703638,NaN,,1301.1575704945,30.0018385674848,191.719820472345,0,63.907959484447,2.82042766835188,3.8300606307433,7.74652083952831,98.2924187082078,NaN,NaN,NaN,NaN,8.0781741639996,0.559977373961917,9.01735138962308,96.0320074209164,7.97302370794478,17.0390466634608,0.0806898920322968,,1300.76418455019,30.0100002288818,193.337271465161,0,69.8212682593567,2.039998428,3.59969961550936,16.0733884562747,100.320797288661,NaN,NaN,NaN,NaN,12.7187584018224,1.10664542774368,8.59162680874013,42.1705202219201,7.49713213659865,14.9681797915556,0.381166536007082,,1300.19310848704,30,192.559598691451,0.301859619999999,65.7289386090064,1.20417797,3.47601721297235,18.9813248664749,97.5821088823736,NaN,NaN,NaN,NaN,15.3220375705,1.30892915961419,9.06450712378112,51.3287743208555,7.01344384399793,16.1397220662987,0.369879295608893,,1300.19065784339,30.0100002288818,192.020701212685,1.014033734,65.4907088241323,0.931135366,3.79038822656442,19.5020020991618,100.376985637168,NaN,NaN,NaN,NaN,16.1353069094162,1.32224614528777,10.2178348681833,24.2505340947619,6.47333717082144,19.0692623128752,0.80444388448606,,1300.50610726526,30,192.456513370244,1.829149078,95.665180944854,0.0673834559999991,3.47495317871501,2.61718434933091,99.7079664017698,NaN,NaN,NaN,NaN,83.9483122866124,0.175962647622076,2.43981681094399,NaN,5.97506261989692,4.72380246208572,NaN,,1300.94937996658,30.0200004577637,192.203928292919
13.4166666666667,0,103.761104571314,1.206826978,3.39025100716861,0.894309063623796,100.060595091143,NaN,NaN,NaN,NaN,11.1611211481667,0.0597818270486091,1.57730587935856,NaN,8.52215812812128,5.26247378350554,NaN,,1301.51606284302,30.0017775170739,191.714258344993,0,62.8246346336711,2.87961909096086,3.7965576171548,7.6410079784371,98.0449260857876,NaN,NaN,NaN,NaN,8.24532935955441,0.555219021312098,9.2548096596557,102.798316807703,7.97261084827332,17.4781716172869,0.0744234479958232,,1300.93490067316,30.0108046091855,193.391255867673,0,69.8177316723824,2.039998428,3.59524147511834,15.9652434858759,100.168378469175,NaN,NaN,NaN,NaN,12.8799825603122,1.09949218576206,8.58229306092734,42.2778401822712,7.50030584665833,14.9510199675248,0.377642328466121,,1300.50883336066,30,192.554174986315,0.301859619999999,64.5105507220973,1.20417797,3.56410519501827,19.3030140232279,98.0542358474295,NaN,NaN,NaN,NaN,15.0726256440843,1.33329260801776,9.00263061736712,54.4212863439394,7.01104650283935,16.0254340905578,0.354764087454187,,1299.43224283916,30.0100002288818,192.015306035161,1.014033734,65.725602866642,0.931135366,3.71870921027735,19.4641464875701,100.993531925977,NaN,NaN,NaN,NaN,16.4009972389318,1.31975629513318,10.394415794271,24.0432691102327,6.47206371401119,19.4003361869158,0.809905597694931,,1300.09636333319,30,192.451008802913,1.829149078,95.4761320639561,0.0673834559999991,3.45839805142762,2.7017989812118,99.6597737908457,NaN,NaN,NaN,NaN,81.2845800828565,0.181656686479505,2.52201294125024,NaN,5.97255695488047,4.86800205766122,NaN,,1297.90596256689,30.0143756404814,192.198384611877
13.5,0,103.782079420144,1.206826978,3.45745832368919,0.903503511478575,100.052352490073,NaN,NaN,NaN,NaN,11.4013997612107,0.060401216140195,1.49947112866248,NaN,8.51781521082904,5.12656090105663,NaN,,1299.73797472771,30,191.7086970326,0,64.1231882685119,2.93593444480136,3.7800932953024,6.85166793098907,106.00057925469,NaN,NaN,NaN,NaN,8.28362030547985,0.497655921250308,9.26806517533717,100.553937978243,7.97273721289167,17.5027076180826,0.0682558681566072,,1301.01387904083,30.0052506668588,193.442510414514,0,70.252295693815,2.039998428,3.69477537312202,15.9573693054447,100.908792105657,NaN,NaN,NaN,NaN,12.9995829866667,1.09865685119696,8.61654485651572,41.9469030842949,7.50171544083337,15.0139995287789,0.380532337024445,,1300.28768896529,30,192.54875418957,0.301859619999999,63.457844293063,1.20417797,3.59656808477305,19.5546931865885,98.0450727759729,NaN,NaN,NaN,NaN,15.208586995249,1.35273532571586,8.96361468326667,56.6802845784764,7.00698824990013,15.9533391537226,0.345093475510026,,1298.97833759638,30.0108025198027,192.009919236924,1.014033734,66.1417239578048,0.932042416561073,3.81507494426423,19.3743596506143,100.109690218701,NaN,NaN,NaN,NaN,16.4409004186249,1.31184317697189,10.4262264626285,23.0400863179483,6.47155358892493,19.4599307877809,0.841202745076991,,1301.03368883131,29.9995975518172,192.446302410845,1.829149078,95.3542901199552,0.0681986134053865,3.41468323953723,2.75208715797053,99.7148526531662,NaN,NaN,NaN,NaN,83.845007135997,0.184996729137013,2.46958736031979,NaN,5.97040442411415,4.77606914518255,NaN,,1301.40140388659,30.0100002288818,192.193552426093
13.5833333333333,0,103.800088460722,1.206826978,3.43559898235289,0.911974636411064,100.09079908902,NaN,NaN,NaN,NaN,11.201061514956,0.0609739285779305,1.51273651470882,NaN,8.51399180181373,5.14971989781166,NaN,,1299.6766917303,30,191.703137142808,0,67.2003529517617,2.98458850436605,3.91055433209659,7.03625815177814,104.436575056407,NaN,NaN,NaN,NaN,8.26711592756443,0.50672734841192,9.16889449824637,88.9731705166638,7.97356767844606,17.3191666284775,0.0791285279882762,,1300.49370825866,29.9928798954992,193.486200301633,0,70.62089848471,2.039998428,3.65839659313495,15.942767423822,100.601745138544,NaN,NaN,NaN,NaN,12.848956578534,1.09698819552653,8.68756935794869,40.9804975228404,7.50400071078572,15.1447213186361,0.389040693956644,,1300.61866050464,30,192.543328830197,0.301859619999999,62.6331683723012,1.20417797,3.61729140744732,19.95825511436,98.5926898831429,NaN,NaN,NaN,NaN,15.2015370303416,1.3822370715553,9.11838053263632,59.034332234555,7.00301698926377,16.2393566396777,0.33810744957833,,1299.31654827295,30.0100002288818,192.004540871935,1.014033734,66.179215657722,0.936335991999999,3.74634711145365,19.2977655154667,99.8652581720573,NaN,NaN,NaN,NaN,16.3215978572084,1.3067656065895,10.5148474162572,22.8343352179344,6.47331489832444,19.6263675695099,0.84534701153865,,1299.83064774761,30,192.445190329758,1.829149078,95.2449965951973,0.0725840819999997,3.54351491290202,2.81865220979425,100.056040928298,NaN,NaN,NaN,NaN,85.9122185436197,0.189456091017333,2.47785033233974,NaN,5.97216016990676,4.79062865637054,NaN,,1299.88767748931,30.0084669761992,192.192497780403
13.6666666666667,0,103.832477887131,1.206826978,3.46046465504924,0.923986803822117,99.9627097657514,NaN,NaN,NaN,NaN,11.1206576183333,0.0617691136181192,1.5485241206057,NaN,8.5103664298014,5.21220547373044,NaN,,1300.55744289249,30,191.697576811273,0,69.0500312843128,3.02709865480521,3.89447166731225,7.41125026107793,103.303574869015,NaN,NaN,NaN,NaN,8.10745641789117,0.532237757176801,9.216041147416,84.9052185389251,7.97371098184765,17.4064025177645,0.0873204621761878,,1300.35602094013,29.981312536881,193.523501389047,0,70.719904305479,2.039998428,3.6917034248194,15.8178639158265,99.9837104347042,NaN,NaN,NaN,NaN,12.8238224074373,1.08851004936434,8.64214380325741,41.3302905658774,7.50384425894168,15.061096376568,0.382742182340282,,1300.18694352685,29.9995984960055,192.537902999754,0.301859619999999,62.3115069440368,1.20417797,3.42808709884805,20.3960891371266,99.8924319539655,NaN,NaN,NaN,NaN,15.1201578983312,1.41257452070077,9.06641054137816,59.7626570136107,6.99884586911592,16.1432977304734,0.341338149338865,,1300.24752257272,30.0100002288818,191.999166511156,1.014033734,66.2312713027159,0.938019941094156,3.79724881295146,19.3061802686931,100.568063167261,NaN,NaN,NaN,NaN,16.4091564736486,1.30771972360905,10.5103779820184,22.7731057406247,6.47242710959732,19.6179697362416,0.8480020422051,,1298.6846471099,29.9935967450776,192.441261792016,1.829149078,95.3205282649482,0.074166987571987,3.48139085610967,2.85086649533845,99.9126145575555,NaN,NaN,NaN,NaN,88.623827861801,0.191590652325528,2.6680002789724,NaN,5.97044664516757,5.12441863391962,NaN,,1299.31222861963,30.0004009542619,192.188433691865
13.75,0,103.852943207473,1.206826978,3.50329075095985,0.931220040574492,100.162068347426,NaN,NaN,NaN,NaN,11.2004457921667,0.0622408753880367,1.53225200779599,NaN,8.50662489977934,5.18379227874572,NaN,,1299.54391388316,30,191.692015813435,0,70.4878282953265,3.06503101067973,3.78985331084345,7.81335436958445,102.26399178228,NaN,NaN,NaN,NaN,8.10511763423122,0.559980554693388,9.08907306473411,82.613414779296,7.97380321272402,17.1716099234813,0.0945843574174198,,1300.46952406519,29.9799995422363,193.556414578432,0,71.1087246071653,2.039998428,3.70302337596493,15.8310507613763,100.882383419215,NaN,NaN,NaN,NaN,12.8059395436954,1.08886077169357,8.58504943311045,40.9934322309055,7.50630332776828,14.9561105563127,0.386197724470226,,1299.89849717806,29.9995956523288,192.532476756522,0.301859619999999,62.0330601164018,1.20417797,3.38947865270996,20.6893515247627,99.4724892199503,NaN,NaN,NaN,NaN,15.2196273689939,1.43399183594505,9.03338325488762,60.7663283183049,6.9955370560546,16.0822123917518,0.340481686610527,,1299.36859117969,30.0081986878921,191.993792035091,1.014033734,66.4310049101887,0.941497661999999,3.84773458096031,19.3065644000705,100.153875229813,NaN,NaN,NaN,NaN,16.3894134883511,1.30772320724239,10.6426047492602,22.436951122191,6.47359967894892,19.8666590906686,0.860782316676371,,1303.61520518504,29.9947292791807,192.439333562055,1.829149078,95.1834339116605,0.082637646639381,3.44752302362892,2.90942524466494,99.9644091080965,NaN,NaN,NaN,NaN,87.375984261414,0.195554026945301,2.70828701965231,NaN,5.9745674547739,5.19513938722219,NaN,,1299.4060072557,30.0066698641159,192.191356828485
13.8333333333333,0,103.866359391187,1.206826978,3.48126685118249,0.938166765393095,99.9783891912075,NaN,NaN,NaN,NaN,11.2804218485,0.0627210852635412,1.48940472773929,NaN,8.50296467275613,5.10899209357567,NaN,,1301.5858465053,30,191.686455660086,0,71.4871937013917,3.09875629611372,3.74288432965524,8.14860955667728,101.8739787435,NaN,NaN,NaN,NaN,8.25912631233333,0.583632861926097,9.11946731513045,81.7565419778458,7.97409123247291,17.2279314509617,0.0996716822478212,,1298.84259786125,29.9795998551551,193.584832314659,0,71.2998811022339,2.039998428,3.68156226343543,15.735271495195,100.413682314816,NaN,NaN,NaN,NaN,12.7989807393333,1.0828044133292,8.61574657882887,41.087223665493,7.50995982654489,15.0125380602327,0.382980358778744,,1299.08152716614,29.9984677262534,192.527050102216,0.301859619999999,61.9722369718094,1.20417797,3.41090734792451,20.9784366137271,100.101933193185,NaN,NaN,NaN,NaN,15.3413768198333,1.45430517180088,9.02984536445473,61.3778802818148,6.99198538428874,16.0756512336234,0.341797612908055,,1300.46840199417,30,191.988420595422,1.014033734,66.3488038961775,0.94152042453106,3.76743286819444,19.2662199602443,99.6515471224926,NaN,NaN,NaN,NaN,16.3655322395003,1.30483934770253,10.7030185559156,22.7102888777694,6.47253479554147,19.9803459431643,0.848815073011738,,1299.80534526498,29.999220513061,192.433824469522,1.829149078,95.1579966053332,0.0829074219999991,3.43087475089658,2.96178480053692,99.9128675213127,NaN,NaN,NaN,NaN,106.161970134328,0.199095107498002,2.70216354161594,NaN,5.97505685192682,5.18433306378886,NaN,,1299.74440091709,30.0100002288818,192.186187008588
13.9166666666667,0,103.946491701132,1.206826978,3.464794274276,0.944934478299492,100.068148829757,NaN,NaN,NaN,NaN,11.2732591507627,0.0631527594404482,1.53782204013257,NaN,8.49956691374967,5.1935216186589,NaN,,1300.12823884261,30,191.680895821462,0,72.2785787962028,3.13028923254645,3.91318919149768,8.41928024491425,101.270725578382,NaN,NaN,NaN,NaN,8.38316163667919,0.60299567098177,9.00989245186638,81.7345468498673,7.97427958083848,17.0251900970203,0.103009883535011,,1300.44927554511,29.9799995422363,193.611300975242,0,71.4384507910824,2.039998428,3.66844964481825,15.6284005946423,100.304577550153,NaN,NaN,NaN,NaN,12.8309508505898,1.07509249397756,8.66576500400985,40.7774025939625,7.51056964182913,15.1045853958658,0.383270909999007,,1301.31311862284,29.999120423215,192.521624458033,0.301859619999999,62.189930246305,1.20417797,3.41948949382136,21.2413091105519,100.252184253408,NaN,NaN,NaN,NaN,15.0398736555,1.47163291639498,9.11614904134709,61.121974376896,6.98915671768871,16.2351549840912,0.347533261662878,,1301.31165745107,30,191.983049276767,1.014033734,66.3691995017514,0.946743017644611,3.85320357723957,19.309600161298,100.41709673338,NaN,NaN,NaN,NaN,16.2826435056437,1.30597234985356,10.789637708104,21.7050739731435,6.47265936318387,20.1435706114758,0.889838627627119,,1299.70685118402,30,192.433471309993,1.829149078,95.1219637931402,0.0829074219999991,3.51453286429836,2.99814649811491,99.9286782161263,NaN,NaN,NaN,NaN,107.347052525326,0.201618987433501,2.66967913905823,NaN,5.97288231493677,5.1273124123387,NaN,,1299.64268940145,30.0039789623308,192.180644296112
14,0,103.915148781863,1.206826978,3.46534671890904,0.948167269971129,100.008282724306,NaN,NaN,NaN,NaN,11.3183028736138,0.0633606456100487,1.52304182741946,NaN,8.49618274425568,5.16770654822092,NaN,,1300.06101239807,30,191.675333787234,0,72.8565917067147,3.15997911615868,3.77700367228838,8.63119476314369,100.962548751525,NaN,NaN,NaN,NaN,8.36198119198748,0.617986056308749,8.98273279986149,81.9366450235917,7.97507861432401,16.9750378763087,0.105342174435467,,1300.60213410609,29.9799995422363,193.635658589885,0,71.6061483332114,2.039998428,3.63624446617064,15.5373211246117,100.147915123481,NaN,NaN,NaN,NaN,12.8891122094102,1.06879931079202,8.64947880047347,40.7539903687233,7.51143400476123,15.0746396324982,0.381260390705068,,1300.36022415495,29.9995971111688,192.516197625764,0.301859619999999,62.3356753319678,1.20417797,3.38328336089512,21.4554873820208,100.536131337564,NaN,NaN,NaN,NaN,14.959712857,1.48647540063889,9.10972020220737,61.0610781955332,6.98751029285265,16.2232660339314,0.351392548589186,,1298.91708888803,30,191.977676189014,1.014033734,66.3651426009598,0.951756504647791,3.74971578214194,19.1743740836283,99.7072485497406,NaN,NaN,NaN,NaN,16.3490364695229,1.29861745620088,10.8464104898221,22.3303449262531,6.47295193912784,20.2507456605335,0.859086291754135,,1300.80106226156,30,192.432950261598,1.829149078,95.1411886426207,0.0880013422489538,3.59743499628276,3.03807243141056,100.031481013311,NaN,NaN,NaN,NaN,114.571477238443,0.204229421116952,2.78890258147515,NaN,5.97114463953428,5.336900730076,NaN,,1300.44844270777,30.0091966102622,192.179989605851
14.0833333333333,0,103.949219010169,1.206826978,3.51006588029147,0.960699021363396,100.060386068256,NaN,NaN,NaN,NaN,11.3179499289641,0.0641865148630276,1.49686867123861,NaN,8.49402252304124,5.1220131323005,NaN,,1300.61735764389,30,191.669771302647,0,73.4662456023775,3.18703982527073,3.88214082435162,8.85471364342677,100.987812001332,NaN,NaN,NaN,NaN,8.20052350283333,0.634275330025713,8.96816876429324,82.3340659426905,7.97474560457048,16.9481713240713,0.107549775080281,,1300.42545926421,29.9799995422363,193.657577820287,0,71.9584076924564,2.039998428,3.71233689438323,15.5115916568734,101.020890942124,NaN,NaN,NaN,NaN,13.0806752076667,1.06617643654897,8.71327814952848,40.2884694533943,7.51430078863371,15.192037081188,0.385040185061059,,1299.87365809367,29.9995963731019,192.510769389177,0.301859619999999,62.3902661754114,1.20417797,3.55341766937859,21.4925669416361,100.083323358939,NaN,NaN,NaN,NaN,15.0805918336667,1.48952053525269,9.1635797822375,61.3870092459954,6.98607150673652,16.322969796689,0.350141563635211,,1298.20336965769,30,191.972303640769,1.014033734,66.5096900505866,0.95429620047049,3.85860957345646,19.2505279064419,100.512336205845,NaN,NaN,NaN,NaN,16.4371833841667,1.30255030016864,10.9115316980546,21.9231281061554,6.4716112687209,20.3736495767562,0.878524738554393,,1299.65791254302,30,192.429975817968,1.829149078,95.1465304472676,0.0932307620000002,3.5915620638808,3.05964285704979,99.8682408450976,NaN,NaN,NaN,NaN,140.013484275878,0.205665213734783,2.73144091334556,NaN,5.97391776022254,5.23574199502711,NaN,,1298.30027799955,30.0100002288818,192.179881585293
14.1666666666667,0,103.999848539279,1.206826978,3.47757114719898,0.970163587579674,100.06567627202,NaN,NaN,NaN,NaN,11.3974756700259,0.0648397708807516,1.46222738939332,NaN,8.491791957495,5.06153931993743,NaN,,1300.2772821946,30,191.66421008504,0,73.8069560400816,3.21282126839761,3.8721725577187,9.03814795065688,100.543988342359,NaN,NaN,NaN,NaN,8.24628553547367,0.647942233528426,8.93820190723196,83.753935042547,7.97499948783437,16.8928790407678,0.107914024914261,,1298.85412431655,29.9820058586695,193.678119536815,0,72.2068673819498,2.039998428,3.67957420502788,15.468022674831,100.118356635966,NaN,NaN,NaN,NaN,12.8219823062604,1.06366093917603,8.67803020069992,40.035188403551,7.51596994208771,15.1271891972571,0.386397094930919,,1300.77427984331,30,192.505338563058,0.301859619999999,62.9796522333725,1.20417797,3.63261632165534,21.5874980875239,101.570747922412,NaN,NaN,NaN,NaN,15.1646501012806,1.4947200139889,9.36648557332638,60.4332899852113,6.98520194625282,16.6986848378138,0.357314204796826,,1299.73950137598,30,191.966932104262,1.014033734,66.7899057693631,0.960616158240547,3.78825508154417,19.18606269302,100.613708810605,NaN,NaN,NaN,NaN,16.7188201682787,1.29835766470753,10.8982047175872,21.6743344907211,6.47278255977986,20.3484156331254,0.885427519776794,,1299.3727570614,30,192.430785833107,1.829149078,94.9563948467641,0.0932307620000002,3.47577334845576,3.10190870388919,99.7850691618843,NaN,NaN,NaN,NaN,160.303991984759,0.208575802516361,2.86384034128616,NaN,5.97175569530615,5.46844280485931,NaN,,1298.57763127286,30.0100002288818,192.174338518802
14.25,0,103.994722805647,1.206826978,3.50018901604362,0.970610454268841,99.9701705912253,NaN,NaN,NaN,NaN,11.2194751956832,0.0648389437723994,1.42607534284707,NaN,8.48946361031826,4.99844163537316,NaN,,1297.67739460675,30,191.658647151801,0,74.1757610493017,3.23680681612007,3.87804274408354,9.19264097247557,100.960309014743,NaN,NaN,NaN,NaN,8.4293649384501,0.659612342135051,9.10434522599068,83.4946660997384,7.97541595478599,17.1997925893355,0.110116632756048,,1299.86074003454,29.9859831089178,193.696982780122,0,72.360079844276,2.039998428,3.69565907554065,15.3840778103599,100.093199731776,NaN,NaN,NaN,NaN,12.897044778073,1.05755154286003,8.648706556203,40.1116349996517,7.51726485314807,15.0731702172074,0.383561616965965,,1300.1913294853,30,192.499908971985,0.301859619999999,63.2933711757579,1.20417797,3.56041388882866,21.5982842836349,100.07043150766,NaN,NaN,NaN,NaN,15.0784860464201,1.49504257852068,9.29201121362045,60.6737411788324,6.9850001335144,16.5606643505349,0.356025728161029,,1299.75840463709,30,191.961553269084,1.014033734,66.8658340204487,0.963283131200077,3.7196866672096,19.1331726210124,99.8158865634918,NaN,NaN,NaN,NaN,16.7993045392179,1.29523880777942,11.0144376869961,21.9173236946095,6.47128012317147,20.568075999554,0.873499331291848,,1300.15444867279,30,192.427938846784,1.829149078,94.9148919312173,0.0995341015812183,3.54109038408681,3.17420411817492,99.8679416178488,NaN,NaN,NaN,NaN,195.834189440626,0.213403828608307,2.71016789465243,NaN,5.97060330594244,5.19838454926796,NaN,,1298.03551823388,30.0100002288818,192.174887414282
14.3333333333333,0,103.987001320622,1.206826978,3.30860892755673,0.97385383324047,100.061735664806,NaN,NaN,NaN,NaN,11.3206797421958,0.0648005179264587,1.44082334763282,NaN,8.48737180760351,5.02417855497619,NaN,"Sample 1.50 mL to AMBR-96DWP-1/G1",1300.73454701858,29.9982655396139,191.307127877664,0,74.562078788137,3.25871815409198,3.75523726988549,9.41542034767872,100.324529773957,NaN,NaN,NaN,NaN,8.3593183118358,0.671429034662889,9.13333919182348,85.4619853409394,7.97562868544892,17.2533501622559,0.11007006406687,"Sample 1.50 mL to AMBR-96DWP-1/G2",1300.31047781261,29.9899997711182,193.386537833353,0,72.4024464716779,2.039998428,3.37375766197648,15.3366270361153,100.450037617948,NaN,NaN,NaN,NaN,12.8275901987642,1.04884147116272,8.60162043879374,40.4756844914153,7.51924079780267,14.9865970233841,0.378345867046787,"Sample 1.50 mL to AMBR-96DWP-1/G3",1300.13632771936,29.9983000310684,192.197268762346,0.301859619999999,63.6200927263821,1.20417797,3.23011899615057,21.5970037788246,100.593159420551,NaN,NaN,NaN,NaN,15.1980108507993,1.48906599734425,9.30240846110764,60.7243968769181,6.98584399537152,16.579936030916,0.354802465854979,"Sample 1.50 mL to AMBR-96DWP-1/G4",1299.95614012211,29.9980936112289,191.680791192777,1.014033734,66.7179130411478,0.970489796176641,3.47336970669572,19.0466910230688,99.9830878167736,NaN,NaN,NaN,NaN,16.5851160606788,1.28603020765364,11.0153312266447,22.5045491906625,6.47212450681014,20.5697356422606,0.842653873946754,"Sample 1.50 mL to AMBR-96DWP-1/G5",1301.34260138798,29.9990711540076,192.173313612796,1.829149078,94.7466169983549,0.10413969762916,3.35206386768507,3.249968235591,99.7085636688685,NaN,NaN,NaN,NaN,209.010434561971,0.217714735834797,2.76629678452416,NaN,5.97082940909196,5.29703806550419,NaN,"Sample 1.50 mL to AMBR-96DWP-1/G6",1299.23647742444,30.0088449938012,191.940934432076
14.4166666666667,0,104.043089640378,1.206826978,3.52847282083568,0.984722704071781,100.083724845314,NaN,NaN,NaN,NaN,11.2019788557546,0.0644446141293057,1.39469708834046,NaN,8.48526809097324,4.9436832842435,NaN,,1301.56605326937,29.997314839678,189.85352401359,0,74.8436599780499,3.2791337710161,3.95064092667148,9.54800390150642,101.159229241618,NaN,NaN,NaN,NaN,8.2908936479071,0.665326589977355,9.32132288831712,87.369335127294,7.97571312673667,17.6014197435436,0.107776233868928,,1300.10589871675,29.9938930964623,191.934905611859,0,72.7742995366735,2.039998428,3.72598800962004,15.4643318488108,101.313533342309,NaN,NaN,NaN,NaN,12.6091691072358,1.02121496423624,8.74226372719265,40.7070930512631,7.52167255404872,15.2454174109151,0.370374343820655,,1301.01240003218,29.9952784350411,190.695120644588,0.301859619999999,64.097160595497,1.20417797,3.45072890539926,21.6972820188102,101.907934482729,NaN,NaN,NaN,NaN,14.999545769,1.44347676241702,9.31842427340355,61.4109026677268,6.98665767369088,16.6095935329997,0.337653476979288,,1300.02445966214,29.994272414814,190.156902179973,1.014033734,67.0924758379952,0.976228353912966,3.9077886548647,19.1454311670709,101.241816848865,NaN,NaN,NaN,NaN,16.6517801848246,1.24237920264969,10.9782595155306,22.9327346747588,6.47229345402135,20.4996158368543,0.772279094981326,,1299.77885323217,29.996909861174,190.63595323362,1.829149078,94.6250575926779,0.108968986,3.53825464869482,3.2998212928707,99.7942754016849,NaN,NaN,NaN,NaN,213.145857568043,0.216297099032054,2.89797209794571,NaN,5.97177938204177,5.52846472937344,NaN,,1300.78851820708,30.0031194532353,190.379467434079
14.5,0,104.117534447779,1.206826978,3.47800622140501,0.996329781162079,100.106682958248,NaN,NaN,NaN,NaN,11.240768698,0.06592011423348,1.42306078892014,NaN,8.48406720683266,4.99319802147101,NaN,,1300.08472708394,30,189.847960984586,0,75.5393806688931,3.2978103140244,3.82882268750018,9.8028965170041,100.960043634036,NaN,NaN,NaN,NaN,8.42476687836501,0.697895500529774,9.31966461445654,87.5764657303165,7.97543865099384,17.5983009365708,0.111943960542872,,1299.88557619264,30,191.948362257319,0,73.4372417902931,2.039998428,3.67755499314033,15.4005395299922,100.646473427144,NaN,NaN,NaN,NaN,12.9193487831667,1.04870601126256,8.68614693432981,39.64910072939,7.52547432927182,15.1421455311826,0.388532010505378,,1300.98024150529,30,190.689709539418,0.301859619999999,64.7434729818438,1.20417797,3.51051347998817,21.5060555774347,100.249038239049,NaN,NaN,NaN,NaN,14.9810672525,1.47543973891734,9.24653833801426,61.0056393470355,6.98774434033675,16.4765218060452,0.352564089181431,,1299.77062199683,30,190.151555966992,1.014033734,67.5820681246877,0.982814406804959,3.82440149325892,19.0846663931137,100.518428748677,NaN,NaN,NaN,NaN,16.4781503018333,1.27952442570694,11.059458022782,21.6846048669776,6.47191485256601,20.6532199022831,0.881129503873007,,1301.46264327793,30,190.637064868558,1.829149078,94.5611275437085,0.113329299403273,3.66948273414399,3.46890237033609,99.7634690062222,NaN,NaN,NaN,NaN,217.16226307613,0.230945015604645,2.81153039240715,NaN,5.9722340860507,5.37655340131363,NaN,,1300.13722217655,30.0100002288818,190.378179014637
14.5833333333333,0,104.096881211521,1.206826978,3.50454372440789,1.00125900939131,100.000935903215,NaN,NaN,NaN,NaN,11.4415810141667,0.0662465875070347,1.41567522484883,NaN,8.48178955708173,4.98029290634333,NaN,,1300.07853720859,30,189.842397330173,0,75.8371211974699,3.31578824248468,3.75827377889223,9.91457498152085,100.679086339812,NaN,NaN,NaN,NaN,8.27757150291041,0.706481523502015,9.27466583240926,88.2067298775255,7.97623447604633,17.5149411666632,0.112402978699572,,1300.33393647205,30,191.961224709281,0,73.4793543279985,2.039998428,3.68998527795775,15.2558958863915,99.8031912363402,NaN,NaN,NaN,NaN,12.8330335898859,1.03847813883947,8.71897299558258,39.4951295397653,7.52728287322262,15.2025394866988,0.386291049865525,,1298.09474128091,30,190.68427794349,0.301859619999999,64.9763314976262,1.20417797,3.56206596751455,21.3971670312817,100.5406860372,NaN,NaN,NaN,NaN,15.3403551588333,1.46730487564263,9.37585770396708,59.6790835240326,6.98931999278328,16.7160946861171,0.358574118209737,,1299.8992077656,30,190.146180174478,1.014033734,67.5495930867829,0.98773215339719,3.82303436885305,18.9754611475578,99.5618842761243,NaN,NaN,NaN,NaN,16.4830650510315,1.27301659168182,11.00950003122,21.3024037585404,6.47095926668294,20.5587633941288,0.890970206335658,,1300.85643562702,30,190.636368016252,1.829149078,94.378947464958,0.116649141693912,3.60107066806469,3.55383499708246,99.6540114814787,NaN,NaN,NaN,NaN,217.358153067221,0.236712145650536,2.91855023474747,NaN,5.97160510688371,5.56462123569552,NaN,,1300.14383339172,30.0053182694744,190.375947734511
14.6666666666667,0,104.136461962814,1.206826978,3.49298399737807,1.00791231231212,100.033180458102,NaN,NaN,NaN,NaN,11.3139175453244,0.0666739043914707,1.38047401446935,NaN,8.47957082318777,4.91888106569022,NaN,,1300.93409908516,30,189.836833442406,0,76.2347689487129,3.33305580157452,3.76338179012647,10.0208992197756,100.551944308113,NaN,NaN,NaN,NaN,8.49831479989125,0.714105922208731,9.29578205456273,88.8009660662014,7.97619622708776,17.5540496655412,0.112849678007737,,1300.27427168071,29.9938235613241,191.973263697677,0,73.6186016932415,2.039998428,3.72255245704322,15.1194555357364,100.356229742108,NaN,NaN,NaN,NaN,12.962341362086,1.02939071352746,8.64601348917056,39.4989881083134,7.53006714044379,15.0682996561277,0.382803626019368,,1298.79967010061,30,190.678839130473,0.301859619999999,65.4626508651528,1.20417797,3.57208397982639,21.3215640650399,100.958114420517,NaN,NaN,NaN,NaN,15.344762358,1.46062921594267,9.39240896454415,59.4837011577017,6.99024941906278,16.7467537424119,0.358484359329685,,1300.49498124903,30,190.140793487847,1.014033734,67.6359421887996,0.996418497688762,3.79115763368917,18.9691761927305,100.347499626953,NaN,NaN,NaN,NaN,16.7584090882793,1.2714641217261,11.0480108604377,21.0486938028662,6.47192632022252,20.63153242327,0.901458010215631,,1298.70502249152,30,190.639623348384,1.829149078,94.2176442736548,0.119448149999999,3.63162416073947,3.63699533053178,99.63108418438,NaN,NaN,NaN,NaN,214.397275694624,0.242189912064462,2.9222443560219,NaN,5.97194473144123,5.57110481991575,NaN,,1297.83873950604,30,190.373309290087
14.75,0,104.137903180475,1.206826978,3.50374543164317,1.01357287499689,100.068707026245,NaN,NaN,NaN,NaN,11.3961234768753,0.067026308361742,1.43068627748772,NaN,8.47782711446602,5.00649124614591,NaN,,1297.3025411949,30,189.83126040332,0,76.4654332047346,3.34815640312707,3.93297115466737,10.0703792449017,100.578237512926,NaN,NaN,NaN,NaN,8.436566,0.718096095536487,9.16287062064015,90.0788896726184,7.97521666876016,17.307994275257,0.111797658022845,,1301.4226691701,29.9899997711182,191.98321764499,0,73.8501250239344,2.039998428,3.72078651433883,15.0913140498041,100.878602129813,NaN,NaN,NaN,NaN,12.9946622560025,1.0267010825315,8.750706671053,38.9924496338309,7.53172988038991,15.2609798253721,0.387049594873587,,1302.2759360244,29.9999917453284,190.673405939501,0.301859619999999,65.5057645164342,1.20417797,3.58910657817251,21.2172501067618,99.8827689335151,NaN,NaN,NaN,NaN,15.059473028944,1.45409302675289,9.40556278169307,59.6509258291588,6.99117444538493,16.771144751913,0.355708422769501,,1299.64269009316,30,190.135404789589,1.014033734,67.5569953701017,1.00388679467614,3.78120553735684,18.856313987649,99.626575633097,NaN,NaN,NaN,NaN,16.6746315175225,1.2636107250517,11.1843964315268,20.9198124473845,6.47227189323293,20.8897920821832,0.901620357448721,,1299.94910283866,30,190.641591597131,1.829149078,94.0532762339622,0.12286550931378,3.63669818272847,3.74617309945786,99.8831990316893,NaN,NaN,NaN,NaN,207.788008776137,0.249487237682042,2.90968709698741,NaN,5.97028433158826,5.54904395900917,NaN,,1300.04278160214,30.0037514572537,190.371071761825
14.8333333333333,0,104.191910359869,1.206826978,3.41780442508351,1.01248730537791,100.060874900735,NaN,NaN,NaN,NaN,11.3101920877352,0.0669829287669976,1.41131104137194,NaN,8.47633132743982,4.97267292641206,NaN,,1300.91108686775,30,189.825689413451,0,76.8730555547255,3.36214401307612,3.82795142824695,10.2229388539099,100.679855060292,NaN,NaN,NaN,NaN,8.49128006653601,0.729270614133158,9.0097638443927,90.9111915014575,7.97510788769691,17.0249779325343,0.112453779706651,,1300.45716558285,29.9899997711182,191.991922171507,0,74.2000134671037,2.039998428,3.69512644385401,15.0259556063848,100.696608907083,NaN,NaN,NaN,NaN,12.6403438203664,1.02228818268558,8.75257443307016,38.4507340996341,7.53469193819786,15.2643954141156,0.39080022496924,,1299.87667488302,29.9996023843846,190.667974175944,0.301859619999999,65.8320513442362,1.20417797,3.23995970358063,21.1319853041065,100.752093849012,NaN,NaN,NaN,NaN,15.3266395671377,1.4479152484017,9.36442554187186,59.7001387589055,6.99225811861707,16.6949406044224,0.35395608847729,"Sample 7.00 mL to CDW Samples 2/A4",1298.63288484096,29.9983228594467,190.128696813921,1.014033734,67.6808946331842,1.0108908713435,3.52181468040281,18.9298180603086,100.668770105655,NaN,NaN,NaN,NaN,16.6961931413524,1.26794082451071,11.2810283877616,20.9089425620324,6.47204419468107,21.0729644478262,0.904705386686661,"Sample 7.00 mL to CDW Samples 2/A5",1299.68126142847,29.9999939100425,190.39371650178,1.829149078,93.8763168314527,0.131993564553361,3.39219491974995,3.85842971342034,99.4350971330769,NaN,NaN,NaN,NaN,212.507574034611,0.256341457142693,3.00606854495348,NaN,5.97221377626056,5.71866733086164,NaN,"Sample 7.00 mL to CDW Samples 2/A6",1299.98857832763,30.006693112793,189.900709913042
14.9166666666667,0,104.218447412195,1.206826978,3.41444735026534,1.05256512919325,100.106327027001,NaN,NaN,NaN,NaN,11.0716951936548,0.065996499596286,1.44027843047192,NaN,8.4759180650012,5.02322953920604,NaN,"Sample 7.00 mL to CDW Samples 2/A1",1298.39101102168,30.0042455971884,182.751118625416,0,77.6768927031678,3.37460847488464,3.78137078230001,10.6380045687847,102.446652240054,NaN,NaN,NaN,NaN,8.55319271996399,0.714806504375121,8.96932589391912,94.5842386663462,7.97603290809307,16.9502967021207,0.113038435234674,"Sample 7.00 mL to CDW Samples 2/A2",1301.45613842691,29.9968101927057,185.152463256054,0,75.4110665885505,2.039998428,3.5960584618506,15.6470789485969,102.984555638045,NaN,NaN,NaN,NaN,12.9855718706592,0.989241571943265,8.73128879560903,39.5013868291322,7.53534170682554,15.2251929413299,0.395676701022126,"Sample 7.00 mL to CDW Samples 2/A3",1299.41552094175,29.9975911148605,183.599771264282,0.301859619999999,66.7641376689381,1.20417797,3.49393982135528,21.9046159395331,103.211838831831,NaN,NaN,NaN,NaN,14.9128612737516,1.39483049873379,9.44293485414629,61.7801762886194,6.99572885180657,16.8405546372484,0.35198964063041,,1300.63696391645,29.9972638966862,182.830731511095,1.014033734,68.755108279599,1.01556418798736,3.86014767172015,19.654758900618,103.364391533203,NaN,NaN,NaN,NaN,17.0540429381476,1.22170576109602,11.322193829579,21.7920929230163,6.47126430565399,21.1510763249732,0.867846567167933,,1300.40339848764,29.998401273307,183.348322641702,1.829149078,93.8092043340823,0.136432966,3.68332855404047,4.04992644364718,100.114435015318,NaN,NaN,NaN,NaN,210.879668367478,0.255326360151411,3.13166195903197,NaN,5.97839586687204,5.93968909218092,NaN,,1302.02116557137,30.0105563206811,183.07969062224
15,0,104.268469788807,1.206826978,3.5843149739975,1.06119853156359,100.071015464577,NaN,NaN,NaN,NaN,11.1030803048505,0.0675221524396267,1.48752448114238,NaN,8.47525869889583,5.10570748017885,NaN,,1303.53542435281,30.0100002288818,182.520578214771,0,78.8155658219725,3.38520862588301,3.96812191994657,10.8947532356947,101.482825673182,NaN,NaN,NaN,NaN,8.38911098373919,0.746593920430275,8.91955241331621,92.0549141320014,7.97614408186864,16.8584202884865,0.118492706337273,,1300.13425909429,30.0089204653052,184.710694602474,0,76.440728734792,2.039998428,3.73678915480186,15.3726147613279,101.043040406146,NaN,NaN,NaN,NaN,12.7494416790041,1.00335228222501,8.81914921797742,36.8649833578725,7.54021601033719,15.3870694885174,0.417283046454446,,1299.65923905451,30.0024168527894,183.363170992526,0.301859619999999,68.0503481347194,1.20417797,3.62167740377663,21.7557595772528,101.232417701874,NaN,NaN,NaN,NaN,15.0871741755462,1.43068454634582,9.56128733278429,59.2059549284844,6.99831774900049,17.0602714763628,0.367445757267294,,1299.49628941334,30.0008018837282,182.825385209958,1.014033734,69.7281137543776,1.02319313388957,3.86092025256556,19.3575290231138,100.363852122758,NaN,NaN,NaN,NaN,17.1367982491327,1.24753463050495,11.4439321269593,20.3797803253844,6.47302265386734,21.382398032392,0.951678302723056,,1300.10758719143,30.0094253336538,183.350467575293,1.829149078,93.7673314429269,0.136432966,3.69203529554829,4.1695850095675,99.8478573482225,NaN,NaN,NaN,NaN,208.829178522149,0.266966258025309,3.0669123338029,NaN,5.97755755195833,5.82571799389378,NaN,,1300.03122448325,30.01960030002,183.074150280749
15.0833333333333,0,104.335582396127,1.206826978,3.54013933188474,1.06789091745084,100.044336371961,NaN,NaN,NaN,NaN,11.2961644799577,0.0679389611721555,1.46684575869303,NaN,8.47500038146973,5.06965740142703,NaN,,1301.41422929152,30.0100002288818,182.515015377916,0,79.1550947760038,3.39478323304853,3.88585073339955,10.9659161920233,100.3912229935,NaN,NaN,NaN,NaN,8.16396101427762,0.751300075199016,8.83803023610898,92.3791420642735,7.97632439532048,16.708053076153,0.118709802553976,,1299.37063901808,30.0031783233631,184.715041761621,0,76.8164628874401,2.039998428,3.77957121468435,15.1325931815239,100.715931349711,NaN,NaN,NaN,NaN,13.1626978338524,0.987901671215287,8.75297127574991,35.9080555677217,7.54722029351285,15.2652031165871,0.421434296346982,,1300.62901443926,30,183.357726596685,0.301859619999999,68.3081324587776,1.20417797,3.61605658583468,21.5326824544257,100.250995283058,NaN,NaN,NaN,NaN,15.0828116083832,1.41577315838082,9.55467135968773,57.9164106040835,7.00049671698301,17.0479900985509,0.371813327573137,,1300.29951883831,30,182.819993501899,1.014033734,69.6934635586534,1.02877039793691,3.88072090758132,19.122104928,100.472230123221,NaN,NaN,NaN,NaN,17.3434467948504,1.23169354875247,11.4838740496332,19.5777944247268,6.47146052979006,21.4583518751673,0.977504748005962,,1299.16124695637,30.0010368150903,183.350526824716,1.829149078,92.2563702809319,0.136432966,2.87941642782914,4.18243396414289,93.8895870838948,NaN,NaN,NaN,NaN,105.878261562797,0.234283434011976,3.5314836495075,NaN,5.9764233883749,6.64556415374335,NaN,,1299.69043372856,29.9638835903507,183.206688074147
15.1666666666667,0,104.345773292317,1.206826978,3.57680523222771,1.06792239115137,100.024308536672,NaN,NaN,NaN,NaN,11.3455026809088,0.06791927155438,1.37820253648068,NaN,8.47475014633541,4.91490393856034,NaN,,1298.51066996906,30.0066961816182,182.509451642537,0,79.3756412705443,3.40336792018031,3.89783564851798,11.0201771162137,100.28215885946,NaN,NaN,NaN,NaN,8.4108772816718,0.755852865360561,8.80281471659551,93.5091279801951,7.97627640957831,16.6431700322143,0.117852228031494,,1300.48321529767,30,184.718395280439,0,77.101594820684,2.039998428,3.77840396429354,14.9723591204514,100.408749593843,NaN,NaN,NaN,NaN,12.853132926558,0.977187622536699,8.81328968125415,35.5115378148945,7.55477120119356,15.3763239981281,0.421644583276066,,1302.07154279161,30,183.352279193428,0.301859619999999,68.3254491810802,1.20417797,3.6362249965622,21.3602407018424,99.8207743807569,NaN,NaN,NaN,NaN,15.1762671380732,1.40451784349216,9.52627848565876,57.7656067688279,7.00206885245724,16.9952266504596,0.36979224673082,,1299.85455556835,30,182.814601696932,1.014033734,70.2397904631603,1.03541955473231,3.91492829143074,18.872246590621,100.626316994878,NaN,NaN,NaN,NaN,17.171356279881,1.21515592767615,11.3885601414807,18.4622593684465,6.47122609347409,21.2772432604167,1.02246591560072,,1300.98910229536,30,183.351552767655,1.829149078,90.2994091125469,0.136432966,3.57237023455639,4.14276595564232,100.056427295473,NaN,NaN,NaN,NaN,56.0823701011505,0.255946070571115,4.22153069642213,2.03433398774735,5.97992852481506,7.86523443502829,9.38540774354287,,1301.45753865114,29.8578188991394,183.263127446904
15.25,0,104.300713451379,1.206826978,3.54223525546187,1.06813639332039,100.083292018254,NaN,NaN,NaN,NaN,11.2493745221965,0.067950925009691,1.41268785306682,NaN,8.47416042378381,4.97508357995072,NaN,,1301.33189600781,30,182.503887497331,0,79.5095769501411,3.41141652396969,3.83008089572574,11.0455431067128,100.343280694016,NaN,NaN,NaN,NaN,8.33588949324074,0.758023256287265,8.72642525593189,94.7876555581636,7.97518488984587,16.5024017042475,0.116533438808254,,1301.09965710165,30,184.721326426015,0,77.3434276205225,2.039998428,3.7190133601723,14.7480072802061,100.632109806262,NaN,NaN,NaN,NaN,12.6213674931547,0.962832152200295,8.90712305045543,35.2303504398225,7.56059591014539,15.5493125236031,0.418651978851414,,1301.5032908547,30,183.346833019712,0.301859619999999,68.2833073614597,1.20417797,3.82135806293384,21.1790148686895,100.115100158632,NaN,NaN,NaN,NaN,15.0939905438538,1.39359905437239,9.47637748138625,58.5812661352711,7.00326433111378,16.9025634984862,0.361549903337517,,1301.75546084596,30,182.809213437053,1.014033734,70.614001640137,1.04452806855156,3.85788008338844,18.6252535537423,100.495455430786,NaN,NaN,NaN,NaN,17.0698106828025,1.19841698662442,11.4110943040958,17.8354110276718,6.47177288412835,21.31994316266,1.04482489017732,,1299.65561003278,30,183.355237352872,1.829149078,90.6472477579685,0.136432966,3.60674282225421,4.54084603170194,99.9854480311355,NaN,NaN,NaN,NaN,51.3987083803894,0.291324567489082,4.56312674731747,NaN,5.97669045566356,8.4714647246557,NaN,,1301.65155058838,29.8647943920668,183.257592966383
15.3333333333333,0,104.389626578188,1.206826978,3.55233130570695,1.06837008855008,99.9871655989835,NaN,NaN,NaN,NaN,11.3893058324637,0.0679687172286339,1.42695351418852,NaN,8.47412036173962,4.99997578603262,NaN,,1299.32571717747,30,182.498325642768,0,79.7826637455113,3.41949872925858,3.91744553879595,11.113894451959,100.556653839945,NaN,NaN,NaN,NaN,8.42693007823732,0.763498272338009,8.89087678404591,95.5274200114452,7.97731757600601,16.8056760561262,0.116345391441152,,1298.89510328227,30,184.724090886474,0,77.7381335127492,2.039998428,3.69812894552138,14.5958753382327,100.580921929969,NaN,NaN,NaN,NaN,12.9640894503183,0.952155894763192,8.9216368615222,34.6625317432026,7.56300963565522,15.5761031587275,0.42109122891365,,1301.3916612801,30,183.341385180254,0.301859619999999,68.4609057642243,1.20417797,3.53489605362745,21.097367951874,100.423017767292,NaN,NaN,NaN,NaN,14.9999880240095,1.38774448886953,9.53011772337205,58.266508518947,7.00430016112504,17.0023514739588,0.362096571239358,,1301.7123745049,30,182.803825238275,1.014033734,70.6836150843554,1.05289982541779,3.82945416004485,18.434995411931,100.52287958039,NaN,NaN,NaN,NaN,17.2016199898333,1.18745309545771,11.4728594222233,18.3887518426435,6.47207945613647,21.4373523688341,1.00293539721905,,1299.70440999992,30,183.357983666285,1.829149078,90.1459764374193,0.13677124895639,3.65142341250992,4.89196130011218,98.5703621717743,NaN,NaN,NaN,NaN,47.7217340453343,0.313957674675992,4.84066212361077,0.727560994314723,5.97167881948701,8.96508946786095,15.280067501176,,1298.53473275818,29.9066288434044,183.252287222884
15.4166666666667,0,104.403659808514,1.206826978,3.60433797383728,1.07026204033719,100.101282920312,NaN,NaN,NaN,NaN,11.2047790720332,0.0680405598666471,1.43814528573396,NaN,8.4744459547737,5.01950769531101,NaN,,1300.47620769458,30,182.492761144005,0,80.1729657839431,3.42617015072773,3.98509686032028,11.1476808862005,100.766794163311,NaN,NaN,NaN,NaN,8.41858059616666,0.765709839492797,8.71570649314296,95.7404199286295,7.97735800967147,16.4827003449701,0.11643804829972,,1300.11017294399,29.9930045030878,184.725651570566,0,77.8719667995939,2.039998428,3.74679772144921,14.4251702897072,100.358960422097,NaN,NaN,NaN,NaN,12.8316938319572,0.941298677597299,8.87455188740928,34.7638542062411,7.56980695592388,15.4892205580454,0.414958475131036,,1298.95143362848,30,183.335936141451,0.301859619999999,68.4642834133497,1.20417797,3.51341398936496,20.9260786098812,99.7121490317459,NaN,NaN,NaN,NaN,14.9858781493008,1.37690455380584,9.57578296186826,58.4884224862995,7.00475923041801,17.0871890031631,0.357824586264853,,1300.97078875215,30,182.798436012339,1.014033734,70.9460033964244,1.06128769835275,3.86642656902309,18.2908241147994,100.378116530407,NaN,NaN,NaN,NaN,17.2004873483333,1.17757770797328,11.5115947816919,17.612432250505,6.47150879939843,21.511144374436,1.03882078276041,,1299.14712301483,30,183.360855222692,1.829149078,89.378154770652,0.146025319833471,3.62082825143582,5.2693348209746,98.5204180928131,NaN,NaN,NaN,NaN,45.0382340627572,0.338230799853413,4.95958468442997,1.19738612531537,5.97104301780522,9.17692083962698,4.73510999114677,,1300.39825604845,29.9458472907456,183.256005480719
15.5,0,104.482224088175,1.206826978,3.57912227094754,1.0698238913257,100.022023289257,NaN,NaN,NaN,NaN,11.3212735886667,0.0680000524449162,1.47096301583897,NaN,8.4748024216113,5.07680147682917,NaN,,1298.37141468576,30,182.487195013137,0,80.4099919205998,3.4312304144386,3.92884673896949,11.1968743468597,100.476967727986,NaN,NaN,NaN,NaN,8.1970829757886,0.769552228529256,8.64378498809871,96.940499973882,7.97585016287991,16.350291671819,0.115504340050288,,1301.28273301538,29.9905302232652,184.725492911748,0,78.0927406434169,2.039998428,3.72500810709706,14.352784288344,100.292966716418,NaN,NaN,NaN,NaN,12.7447493495537,0.936266221498347,8.90686216697707,34.3822806284948,7.57305054630401,15.5488259686289,0.417454676334998,,1300.72630628231,30,183.330488758375,0.301859619999999,68.4996494252211,1.20417797,3.48410522386193,20.853327111508,100.276930888639,NaN,NaN,NaN,NaN,14.8246633249805,1.3727215864576,9.63543971950032,58.7987291402869,7.00503997926162,17.1981319987831,0.354681089318742,,1301.10140853364,30,182.79305152597,1.014033734,71.1784382807863,1.06972468179216,3.90266317224095,18.189087506019,100.159765460593,NaN,NaN,NaN,NaN,16.9979327384716,1.17098165909666,11.6367676732992,17.3998927503957,6.47176759708931,21.7495402465772,1.04573685492504,,1299.15324169292,30,183.363861423974,1.829149078,88.6762939676575,0.153839603706758,3.589666602687,5.66196757943967,98.9039396155277,NaN,NaN,NaN,NaN,43.1266239991667,0.363517952255202,5.06244604384488,1.78555872876813,5.97090091185453,9.36028002676341,3.24710288645058,,1298.30092219747,29.9727440122976,183.258178369648
15.5833333333333,0,104.420115014338,1.206826978,3.56811858189722,1.06853531539835,100.004033298652,NaN,NaN,NaN,NaN,11.1593758477556,0.0679198223714963,1.45076397429481,NaN,8.47503139763107,5.04153527271874,NaN,,1300.88417180737,30,182.481627921493,0,80.8269856067188,3.43611113264964,3.85231139468689,11.318663023008,100.711261023985,NaN,NaN,NaN,NaN,8.35823432096658,0.777789929515063,8.55527737663393,97.1960030182541,7.97527947588164,16.1875567613168,0.116456128824063,,1298.53445540783,29.9987896783924,184.725166159816,0,78.2151759697882,2.039998428,3.7426350073509,14.2020659731291,100.313010322995,NaN,NaN,NaN,NaN,12.9027877270649,0.926369736471044,8.81731499256904,34.1433114653462,7.57731117278269,15.3836995781234,0.415959833332673,,1299.86817016216,30,183.32503790915,0.301859619999999,68.8211667143803,1.20417797,3.52895682103286,20.905828379529,100.738625530532,NaN,NaN,NaN,NaN,15.1900625010195,1.37515795591392,9.58968004207244,58.1807604302234,7.00536947441671,17.1132420478972,0.359332695520224,,1299.8568734275,30,182.787664760993,1.014033734,71.10199023613,1.08078495428293,3.90741417873745,18.078061456015,100.053307811096,NaN,NaN,NaN,NaN,17.1228175943618,1.16415366231145,11.6185788939405,18.1810689411789,6.47232240957377,21.7148019159674,0.994881882591597,,1300.65419541209,30,183.369208161511,1.829149078,88.1741757963224,0.162742279438916,3.59168026529084,6.01509904007773,99.3017214444701,NaN,NaN,NaN,NaN,41.9896602781667,0.386109328034789,5.15515427460685,1.86318875307977,5.97154698408391,9.52564765249413,3.39983815460018,,1301.07903984448,29.989454623881,183.261551602321
15.6666666666667,0,104.448498905442,1.206826978,3.59239261815295,1.07054214883252,100.067507377003,NaN,NaN,NaN,NaN,11.2818992667444,0.0680241958592829,1.41282026878004,NaN,8.475827583205,4.97530806692684,NaN,,1300.92132696104,30,182.476060291366,0,81.0172842593805,3.44130736462844,3.86762327020651,11.315874613229,100.374525974016,NaN,NaN,NaN,NaN,8.38808384144658,0.778173263026849,8.49109213458875,97.8357960056899,7.97689729243348,16.0695704875732,0.115665407980998,,1300.15912829848,30,184.725151059688,0,78.4045489868188,2.039998428,3.72179719662669,14.0749586255039,100.492001160359,NaN,NaN,NaN,NaN,13.0261486414045,0.918326095085937,8.90741744923655,34.075944848624,7.57980886281949,15.5498497531648,0.413092517322479,,1300.87517965372,30,183.319589305138,0.301859619999999,68.943292625258,1.20417797,3.486579583712,20.8962466404447,100.102454716835,NaN,NaN,NaN,NaN,15.1563173196081,1.37498600375234,9.70060318859795,58.207353361388,7.00571663882599,17.3193686354985,0.359024055048202,,1299.63928100857,30,182.782276525693,1.014033734,71.4464065657981,1.08983025829166,3.80007213573732,18.0546107005952,100.46319210655,NaN,NaN,NaN,NaN,17.2414242771667,1.16144838861515,11.6455974061078,16.8346411606835,6.47229692617089,21.7663748753232,1.07311372953552,,1300.14527684499,30,183.372928237847,1.829149078,87.9712571661028,0.169908324832515,3.66915991680484,6.29922809771971,99.4707794808916,NaN,NaN,NaN,NaN,40.7614092654177,0.404175036467289,5.20746035605251,2.14436018538219,5.97142930240362,9.61900830913843,2.96747321837398,,1300.57098918188,30,183.263279749738
15.75,0,104.479509828524,1.206826978,3.57573134402324,1.06739619383986,100.031410294774,NaN,NaN,NaN,NaN,11.4417978909556,0.0678549681839156,1.44880951836644,NaN,8.4766230323629,5.03811800379927,NaN,,1298.8249942626,30,182.470492699558,0,81.3744832812318,3.44469744690757,3.94086489689376,11.3747770675376,101.087208905255,NaN,NaN,NaN,NaN,8.35461817966295,0.782654449206626,8.43231620022728,98.4843501679737,7.97554468351467,15.9616169085105,0.115502475328803,,1301.29960762538,29.9951802307068,184.72333369134,0,78.6235481223986,2.039998428,3.74327854455786,13.9990134243296,100.293989724407,NaN,NaN,NaN,NaN,13.1386312901322,0.913299141436856,8.97758367018056,33.758215993477,7.58154629985244,15.6793599397805,0.414704043625983,,1300.83570670765,29.9995990934275,183.31413984157,0.301859619999999,69.1170018906053,1.20417797,3.57707922863654,20.8929061256585,100.248299884259,NaN,NaN,NaN,NaN,15.088468669188,1.37465552272128,9.56888705868994,58.4130881733045,7.00667637035677,17.0743832532114,0.357695739120061,,1300.67589084704,30,182.776891492112,1.014033734,71.5888954561422,1.09905900723083,3.97196249388238,18.0593918506468,100.465438926378,NaN,NaN,NaN,NaN,17.1208765136469,1.16187990660739,11.6994785696618,16.8191638009096,6.4716227383311,21.8691240434228,1.07397001452011,,1300.37854960812,30,183.376522218974,1.829149078,87.5396553659241,0.177798492304439,3.66249673367888,6.58139498897184,99.0756608046046,NaN,NaN,NaN,NaN,40.2320968425823,0.422401102427987,5.28673504186024,2.39319955560123,5.97119930149199,9.76056252742863,2.7591315652932,,1299.69819952542,30,183.265531236407
15.8333333333333,0,104.485024337546,1.206826978,3.5131491170785,1.07044453118892,100.047535854481,NaN,NaN,NaN,NaN,11.2006961859557,0.0680799868451109,1.42980241143207,NaN,8.47732108568006,5.00495769693261,NaN,,1298.50413152944,30,182.464927926172,0,81.711257093354,3.448939558,3.86350993832288,11.3519719035717,100.363817637501,NaN,NaN,NaN,NaN,8.52710628346863,0.781403228829575,8.42931926392553,98.5712595096417,7.97774761612195,15.9561186374936,0.115170656261322,,1298.69167465622,29.995571717042,184.722471943317,0,78.8476159401901,2.039998428,3.7536230128665,13.9065778559719,100.456216472761,NaN,NaN,NaN,NaN,12.8940329267552,0.907047640705212,9.02144338471882,33.4712324131992,7.58571003195984,15.7603528228663,0.415509321663025,,1299.81898693822,29.9991948063927,183.30869111437,0.301859619999999,69.1399474781749,1.20417797,3.62826685261099,20.7711314796346,99.893081768255,NaN,NaN,NaN,NaN,14.9590664419408,1.36686397663487,9.65385547791454,58.6331795996141,7.0068023916706,17.2323603955055,0.354275689573718,,1298.44178228352,30,182.771504401564,1.014033734,71.6455368466393,1.10737994994225,3.85192778565037,17.9914561327316,99.9351306175619,NaN,NaN,NaN,NaN,16.0054064894948,1.15720876781311,11.6657577130784,16.6237573498342,6.47145150664609,21.8048786993068,1.08293582277826,,1299.54911788376,30,183.379317342844,1.829149078,86.9109626667493,0.187918895945507,3.61429223253299,6.91781631652402,98.7524272001019,NaN,NaN,NaN,NaN,38.8369352243333,0.444119078742232,5.37096128354313,2.76229011461941,5.97135825983605,9.91108041931731,2.51998304976584,,1299.79656280056,30.0023907320266,183.270113080276
15.9166666666667,0,104.534322011528,1.206826978,3.55317225118529,1.06766912970951,100.078154729659,NaN,NaN,NaN,NaN,11.4537329532554,0.0678798451039529,1.54331032814256,NaN,8.47826866544055,5.20310816938493,NaN,,1301.51490370162,30,182.459363956027,0,82.0594380321355,3.45031135890969,3.93137676101977,11.4867130511459,100.539080251749,NaN,NaN,NaN,NaN,8.36794250887789,0.790718546001333,8.40507172840233,99.0940593533147,7.97517241240238,15.911738012365,0.11591948404689,,1299.63736191095,29.9987891092555,184.718538949038,0,79.1003186035276,2.039998428,3.7515970905881,13.7833768471673,100.264368892254,NaN,NaN,NaN,NaN,13.1856018656316,0.898359660738877,9.0157363768199,33.0476133363712,7.58683487909686,15.7498170487159,0.41708188925442,,1300.92144917683,30,183.303239942724,0.301859619999999,69.1087221542357,1.20417797,3.56365482496306,20.7209543097554,100.36372642559,NaN,NaN,NaN,NaN,15.0388918574436,1.36374869209528,9.60293592602308,59.110115579863,7.00683986098469,17.1376658542019,0.350557228666599,,1300.15739540589,30,182.766120383869,1.014033734,71.5931424501132,1.11704195286882,3.8334402338839,17.8859305137569,99.92770318701,NaN,NaN,NaN,NaN,16.1373898674031,1.15076714926206,11.7123213741003,16.9217034560456,6.47140141716931,21.8935939477145,1.05712388805356,,1298.93073564939,30,183.383557518678,1.829149078,86.3360415677736,0.196394843095496,3.62015303087789,7.28548186852604,98.7016504305643,NaN,NaN,NaN,NaN,38.0404194965877,0.467734620790232,5.39447219354621,3.58236244663659,5.97113092602956,9.95310442985084,2.07406478555923,,1300.08847460484,30.0091960821068,183.273159926241
16,0,104.553194909045,1.206826978,3.51336992127931,1.06637083476164,99.9953942675379,NaN,NaN,NaN,NaN,11.5595987634693,0.0677988800215667,1.44763666279931,NaN,8.47936846246,5.03607583103229,NaN,,1300.21488879712,30,182.45379944077,0,82.2475995412047,3.45398436,3.87248679251344,11.3600971340825,100.306629909003,NaN,NaN,NaN,NaN,8.50708730295545,0.782715704915425,8.43713269388371,100.774660557336,7.97846935637239,15.970493011334,0.112730327407309,,1301.29305966254,29.9961224635589,184.717112901276,0,79.2636718304057,2.039998428,3.74694522571673,13.706690182769,100.318144373385,NaN,NaN,NaN,NaN,13.1223543482798,0.893190168357908,9.04063018154517,32.6972355959001,7.58960432941531,15.7958117117118,0.419225720790219,,1300.88542478129,30,183.297785783128,0.301859619999999,69.417211232355,1.20417797,3.61208565998092,20.6956359936643,100.682548574309,NaN,NaN,NaN,NaN,15.0395874943195,1.36120930768485,9.58007515344767,57.9994211514436,7.00657472329695,17.0951670909345,0.356839490076094,,1298.77323832541,30,182.760732932888,1.014033734,71.8109780685225,1.12785012645683,3.8111511915642,17.8771398383328,100.589064700424,NaN,NaN,NaN,NaN,15.8785263532885,1.14993664940416,11.7153925744363,16.3255007552642,6.47169427552399,21.8994696185997,1.09593182234309,,1299.14883213237,30,183.388735064633,1.829149078,85.6460787670736,0.205951616959799,3.67961768317606,7.6908600919442,98.8945863882554,NaN,NaN,NaN,NaN,37.9496258089307,0.49382321534259,5.47006612037153,4.05522011258944,5.97202804218122,10.0882586502202,1.90023847998626,,1299.20131124803,30.0100002288818,183.277074298449
16.0833333333333,0,104.538494502916,1.206826978,3.60378269925093,1.06669776744955,100.059597711005,NaN,NaN,NaN,NaN,11.3118251518641,0.0678328024205224,1.44195545729666,NaN,8.48064544764572,5.026156969369,NaN,,1296.62896636537,30,182.448235177983,0,82.4833401620311,3.45398436,3.97896658961222,11.4591937863132,100.656512939155,NaN,NaN,NaN,NaN,8.49536672283333,0.789600157662831,8.38524743226996,100.781838552563,7.97416484052261,15.8752867474212,0.11371207863645,,1300.75367268837,29.9906270576159,184.711915036732,0,79.2472194420828,2.039998428,3.72412005652025,13.5962549648395,99.8420436639633,NaN,NaN,NaN,NaN,12.9643587536134,0.886375389671222,9.08853459647831,33.0178506352085,7.59165863583502,15.8843380175903,0.411896197285474,,1300.36094131502,30,183.292332451871,0.301859619999999,69.4996328773144,1.20417797,3.67607990765986,20.6338537786803,99.6425711595057,NaN,NaN,NaN,NaN,15.0796569448333,1.3574812464948,9.6143068630806,57.9123950210165,7.00662259620931,17.1588041194901,0.356342460494379,,1300.47163836877,30,182.755345773109,1.014033734,71.9729045958708,1.13761861185977,3.82922392794119,17.856918926658,99.8720145079398,NaN,NaN,NaN,NaN,15.9128906080161,1.14855385541916,11.5379859966735,16.6268109600027,6.47120564310002,21.5613919353662,1.07482200994083,,1300.52381471501,30,183.392865382512,1.829149078,85.0358676718343,0.214159577120047,3.64057261516521,8.07529767644269,98.7032773588922,NaN,NaN,NaN,NaN,36.9173867723541,0.518442837580183,5.55848912688937,4.35074695223769,5.97166621228242,10.2464850744646,1.86652349853809,,1300.04947392095,30.0100002288818,183.279750460877
16.1666666666667,0,104.614463424588,1.206826978,3.58931962897529,1.05783492390918,100.053056226736,NaN,NaN,NaN,NaN,11.1955725243741,0.0672391451987313,1.49260651343523,NaN,8.48200328523462,5.11458409841874,NaN,,1301.2222140777,30,182.442671161139,0,82.722098749101,3.45398436,3.88916078507439,11.5569491271755,100.420912724276,NaN,NaN,NaN,NaN,8.41988483030627,0.796771812784013,8.42310403798861,101.198809898375,7.97300013864127,15.9447164506394,0.114203647801435,,1300.92718734029,29.9991978290012,184.706717614506,0,79.3779981313062,2.039998428,3.77834807427239,13.5256270918013,100.674298953151,NaN,NaN,NaN,NaN,12.9151029590533,0.881643143066519,9.1157801288551,33.0667155305688,7.5925093398793,15.934713793486,0.409068398201578,,1299.95501624879,30,183.286881009453,0.301859619999999,69.5913333104302,1.20417797,3.59428264293529,20.5316926973931,100.516751396011,NaN,NaN,NaN,NaN,15.0967257144396,1.35023691728235,9.64414107390803,58.457048910521,7.00646231468128,17.2143285886018,0.351233202561413,,1300.00132872718,30,182.749957925512,1.014033734,71.6681353079505,1.14783001648966,3.8360903147772,17.6655087309527,99.5435101264108,NaN,NaN,NaN,NaN,15.9667135641506,1.13725963816806,11.6605117723842,17.1987980358079,6.47171022898791,21.7948116290213,1.02752018400641,,1300.33606253742,30,183.397760479238,1.829149078,84.2934226820662,0.223669262768382,3.64293901394866,8.45842199535611,98.6202997208511,NaN,NaN,NaN,NaN,36.7628363261736,0.543484561234487,5.62268575104149,4.94898805861699,5.97171664866625,10.3614077632182,1.71466292011934,,1300.72829411897,30.0100002288818,183.283726700417
16.25,0,104.638563473478,1.206826978,3.52876220577359,1.05522295340148,100.028175617455,NaN,NaN,NaN,NaN,11.2055980211259,0.0670775051006504,1.44502096757401,NaN,8.48331587705451,5.03151457615431,NaN,,1298.63754304017,30,182.437105723403,0,82.9663185187399,3.45398436,3.92612539428944,11.6078081419835,100.19563196325,NaN,NaN,NaN,NaN,8.50361948331678,0.800963444609126,8.41549361687183,102.343086666754,7.97222288485479,15.9307381577884,0.11342598074169,,1300.19969319077,30,184.70152452907,0,79.655487466702,2.039998428,3.73991680210566,13.5203102528987,100.414074657972,NaN,NaN,NaN,NaN,12.9197518543333,0.881203350406649,9.11283084022683,32.4891057255279,7.59573585303643,15.9292856999678,0.416171699473568,,1298.51438647539,30,183.281428235282,0.301859619999999,69.9049258437573,1.20417797,3.61160900121123,20.5142182341767,100.553795600113,NaN,NaN,NaN,NaN,15.1850886937271,1.34908977229451,9.61714767087383,57.6884417238053,7.00620054569577,17.1640914233482,0.355612364734646,,1299.23658800635,30,182.744569099472,1.014033734,71.6368381620162,1.15950288177524,3.84816631806533,17.6532658395294,100.120479044943,NaN,NaN,NaN,NaN,15.9574915402199,1.13702327389888,11.7237947884105,16.8293884815938,6.47150837288283,21.9154843586571,1.04916925780066,,1299.64788758082,30,183.403796575067,1.829149078,83.6807453649515,0.232960764007903,3.67000734190825,8.85791155210803,98.9241224330506,NaN,NaN,NaN,NaN,35.8952927385265,0.568937879613991,5.70277899817532,5.39930170106361,5.97149134750186,10.5048797514945,1.64359690883946,,1299.91229331805,30.0100002288818,183.287502413793
16.3333333333333,0,104.596872378051,1.206826978,3.36258591234605,1.05638130052076,100.01736130139,NaN,NaN,NaN,NaN,11.1219426777401,0.0668358068316446,1.4724446605294,NaN,8.48475308196759,5.07937558156923,NaN,"Sample 1.50 mL to AMBR-96DWP-1/H1",1301.47985232195,29.9988892367839,182.10682538908,0,83.0361924279882,3.45464360323242,3.70356964695923,11.6310673265066,100.23662922374,NaN,NaN,NaN,NaN,8.40107148383819,0.79702179372946,8.37878962362758,103.42116555596,7.97437805377371,15.8633762773629,0.112256885380584,"Sample 1.50 mL to AMBR-96DWP-1/H2",1300.71707155983,29.9987035426588,184.355664501779,0,79.7272175026172,2.039998428,3.52439394487118,13.4369730770002,99.7325120041184,NaN,NaN,NaN,NaN,12.8787629265,0.868520692802609,9.11366581891109,32.1887139423556,7.59732015271525,15.9308248672891,0.416586859337304,"Sample 1.50 mL to AMBR-96DWP-1/H3",1300.59552229587,29.9985282644621,182.923491847195,0.301859619999999,70.0334614537031,1.20417797,3.37111776396356,20.4960067056064,99.9147146709924,NaN,NaN,NaN,NaN,15.0399899578333,1.33677338529315,9.59051647496383,57.6295620679983,7.00547925651151,17.1145783363135,0.354693102837653,"Sample 1.50 mL to AMBR-96DWP-1/H4",1300.86918736923,29.998319953246,182.383250084268,1.014033734,71.766656425075,1.16915488939806,3.63338425150631,17.6667912667674,100.402057886329,NaN,NaN,NaN,NaN,15.9220695431134,1.12908006346204,11.7975243925796,16.9910691529806,6.47087458796196,22.0562753339987,1.02934401098445,"Sample 1.50 mL to AMBR-96DWP-1/H5",1298.19800793429,29.9984931379415,183.048370592401,1.829149078,83.0061495119487,0.243091392181416,3.43675220231987,9.27590056663484,98.2707290767214,NaN,NaN,NaN,NaN,35.3281898522606,0.591064099663104,5.59994755391955,5.71351578621687,5.97175425916888,10.3206964557056,1.60211675481585,"Sample 1.50 mL to AMBR-96DWP-1/H6",1300.02781575408,30.0100002288818,182.921032900761
16.4166666666667,0,104.664388832335,1.206826978,3.55118324781127,1.06258411434414,100.094880524338,NaN,NaN,NaN,NaN,11.0388518537303,0.0658049842952479,1.47634313266368,NaN,8.48637711667845,5.08621497145653,NaN,,1298.86727031559,29.999098014264,180.631978618477,0,83.3711605540548,3.459087596,3.95551464175067,11.6171607790466,100.745424507435,NaN,NaN,NaN,NaN,8.20278093953877,0.762809717070285,8.38750927100218,105.193277501182,7.98839069778125,15.8793835072983,0.10772267436241,,1299.63547983581,29.9980809524808,182.902281018052,7.64362730133061E-05,79.8509088844756,2.039998428,3.77186046290088,13.4735140968618,101.066036383253,NaN,NaN,NaN,NaN,12.902692493741,0.846383720025846,9.1824918244409,32.9257883462876,7.59779269396003,16.0581203730968,0.396981017494861,,1300.37237720309,29.9978603010306,181.476577874624,0.301859619999999,70.3823157481781,1.20417797,3.55050454979557,20.617831195019,101.302768955001,NaN,NaN,NaN,NaN,15.3208387118333,1.30325749529741,9.68839381184886,58.8235459352958,7.0066863673596,17.2966163031033,0.338184959093103,,1301.71480009275,29.9964615280527,180.939868777081,1.014033734,72.0061418262737,1.18000425191556,3.90834084125236,17.7716082706986,100.42473472304,NaN,NaN,NaN,NaN,15.8392155108333,1.09799556279006,11.8937938741847,17.7334656369029,6.47141740649715,22.2403316168072,0.891053315661609,,1300.33363748097,29.9990999193959,181.619341308216,1.829149078,82.3124764574411,0.253147770260011,3.68780217630443,9.48879276756955,99.2774270043346,NaN,NaN,NaN,NaN,34.999627312,0.600959544584081,5.75788374049645,6.37984351767114,5.97179690715408,10.6036581399037,1.23285229602607,,1300.17254565756,30.010403381239,181.502668765133
16.5,0,104.707543258802,1.206826978,3.57368773683104,1.0651176107694,100.033225628273,NaN,NaN,NaN,NaN,11.1420041792589,0.0670403286651549,1.48007440752214,NaN,8.48855306153516,5.09272522986744,NaN,,1300.23982596619,30.0008011569366,180.626414305122,0,83.6909609684186,3.459087596,3.97184222747935,11.2921641001728,100.596170545216,NaN,NaN,NaN,NaN,8.56210039683333,0.772366415762506,8.29770016211772,104.998480538748,7.99132786768463,15.7146417772732,0.107547599581183,,1300.23946711567,30,182.897102650721,0.00573969877370026,80.3696474691043,2.039998428,3.69789306130445,13.4958528220309,100.485298151895,NaN,NaN,NaN,NaN,12.7364286641571,0.870670452838005,9.32089051646581,31.8765568251369,7.59817698745569,16.3144114485899,0.423479247895177,,1301.69336417891,30,181.476728796665,0.301859619999999,70.8221887067337,1.20417797,3.53787762005974,20.4234676182576,100.672574775588,NaN,NaN,NaN,NaN,15.4409151881667,1.32939131071735,9.62496303266229,57.4461776294339,7.00644384057426,17.178674363252,0.355582480442547,,1299.53824209471,30,180.93449774538,1.014033734,72.3649674849603,1.19147400672726,3.87370184212339,17.6078642059641,100.772539900708,NaN,NaN,NaN,NaN,15.6565640545,1.12158215110623,11.7877960259074,16.4019150939267,6.4719639167998,22.0377842535211,1.07743522967782,,1298.55467482889,30,181.625302139873,1.829149078,81.8149846499011,0.263853711913043,3.72794157473613,10.0733371984183,98.7516342771303,NaN,NaN,NaN,NaN,34.6734140391667,0.641094232466798,5.94963925189345,7.60714069549917,5.97182491511835,10.9476978521641,1.3271240004439,,1298.87233961239,30.0128131035553,181.507783437869
16.5833333333333,0,104.701893198199,1.206826978,3.59162543330512,1.06115473582307,100.054661901424,NaN,NaN,NaN,NaN,11.0582204717916,0.0667994416173177,1.42560520998821,NaN,8.4904381812385,4.99763392675922,NaN,,1302.13483416671,30,180.620849515881,0,83.9445557195116,3.459087596,3.94008587049544,11.275343103725,100.280460803955,NaN,NaN,NaN,NaN,8.64000523916667,0.77128811436543,8.38011948522733,104.787166069287,7.99288109188396,15.8658664973513,0.107606940330569,,1299.58674980412,30,182.891918115257,0.0124862050144616,80.4152041544068,2.039998428,3.73163872134832,13.4881749115774,100.161420285735,NaN,NaN,NaN,NaN,12.9595303391019,0.870081437571937,9.28168642563365,31.6374637572056,7.59877367200674,16.2418230307303,0.426351089315898,,1300.35947730426,30,181.47802045442,0.301859619999999,70.9131734317677,1.20417797,3.73834022374727,20.3284777415923,99.9478080801217,NaN,NaN,NaN,NaN,15.3544733023776,1.32334714384804,9.80372736911185,56.8261508574509,7.00619632089416,17.5114693161044,0.357744755876684,,1299.15028300371,30,180.929108294025,1.014033734,72.5981645757992,1.20129823926785,3.96291856326359,17.6108450915849,99.9736195606754,NaN,NaN,NaN,NaN,15.6609948595,1.12170248086445,11.7844840329759,15.305361720947,6.47197392568125,22.0314052397704,1.15112690324143,,1301.07438104181,30,181.629598287322,1.829149078,80.9748319009139,0.275028914838401,3.71914395216283,10.4784026979857,98.3211703560493,NaN,NaN,NaN,NaN,34.6026949381667,0.666972263797791,6.02448082589516,8.14293868050457,5.97195207774457,11.0821113411157,1.28906560645593,,1298.20895097032,30.0100002288818,181.513476390689
16.6666666666667,0,104.74212956135,1.206826978,3.53910722772468,1.05472308180301,100.023683219397,NaN,NaN,NaN,NaN,11.1602531258125,0.0663831087902634,1.44075051691059,NaN,8.49243076598593,5.02405304023985,NaN,,1297.29288211883,30,180.615285320801,0,84.1760241917823,3.459087596,4.03260288045633,11.2590464322523,100.635402970997,NaN,NaN,NaN,NaN,8.7187825875,0.77038125189902,8.35537144744351,105.35882377071,7.99370765323732,15.8204759861276,0.106867824463116,,1300.39574959276,30,182.886734744852,0.0208381472463409,80.6601343433067,2.039998428,3.7536549889149,13.5246871337376,100.211323843409,NaN,NaN,NaN,NaN,12.8793748945,0.871906642901802,9.28906620878275,31.1650003796459,7.59634877888078,16.2554568294265,0.434033794206215,,1299.16747911664,30,181.480916038628,0.301859619999999,71.1235225870756,1.20417797,3.76585164952119,20.2470388889785,100.415910326461,NaN,NaN,NaN,NaN,15.2884767111224,1.3174099348262,9.78940467525062,56.9294873927471,7.00551881111075,17.4847039716002,0.35567366337572,,1301.12937290779,30,180.923717895935,1.014033734,72.4472626115147,1.21213184830175,3.87659997823891,17.5099296047165,99.7716677125431,NaN,NaN,NaN,NaN,16.0398752888333,1.11522700596883,11.8680405187131,16.3003698668312,6.47156415005461,22.1910423795507,1.07571211144742,,1298.72994276834,30,181.634897379054,1.829149078,80.3035042416682,0.286763004830309,3.70549711886419,10.9302713113457,98.6865708905499,NaN,NaN,NaN,NaN,34.5200086323333,0.695901531686362,6.23159182949588,8.87903406647097,5.97184034804249,11.4544564383649,1.23214139715669,,1300.25533949417,30.0100002288818,181.519688130607
16.75,0,104.707599460506,1.206826978,3.55151728721839,1.04393966713955,100.010078346309,NaN,NaN,NaN,NaN,11.0920752918678,0.0657191421045325,1.48482199793454,NaN,8.49445214556377,5.10098094831423,NaN,,1300.57915791243,30,180.609721129909,0,84.3532505898739,3.459087596,3.96221301996228,11.2190365525207,100.131929937375,NaN,NaN,NaN,NaN,8.6884570805,0.76805232867727,8.3560823058773,106.251528750968,7.99599676214008,15.8218047707951,0.105594356053272,,1300.61378300335,29.9999868260696,182.881552719436,0.0237735769518353,80.6102621489946,2.039998428,3.77976175762994,13.4713542928011,100.188082594966,NaN,NaN,NaN,NaN,12.9215928930193,0.868826324644981,9.37817846367477,31.5099313357239,7.59810031407654,16.4206141064845,0.427542068504677,,1300.00637748081,30,181.478427308092,0.301859619999999,71.2632224787168,1.20417797,3.5486274216181,20.220654395643,100.319257405036,NaN,NaN,NaN,NaN,15.2403572896667,1.31558126718413,9.81535945080459,56.2810599722908,7.00536988356589,17.5330675945354,0.359290767188494,,1299.69187446592,30,180.918325453851,1.014033734,72.4472744591362,1.22288446789682,3.81077336936606,17.4634669878504,100.83345775701,NaN,NaN,NaN,NaN,15.8276150960203,1.11377943196469,11.7448646121822,16.5333536573946,6.47077788927205,21.9557803578461,1.05789197272611,,1300.24291907331,30,181.640018218622,1.829149078,79.345361269836,0.299018473525297,3.69636356624975,11.3414468042898,98.2504949003859,NaN,NaN,NaN,NaN,34.2764717315,0.722260942395821,6.29397085473927,9.84055704064842,5.97170474142302,11.566700317986,1.15305104184206,,1298.94939313083,30.0100002288818,181.526311865348
16.8333333333333,0,104.79035748394,1.206826978,3.55849936012921,1.04258376636022,100.047771381565,NaN,NaN,NaN,NaN,11.2687863036322,0.0655989053298662,1.49430822509771,NaN,8.49637906267814,5.1175528310594,NaN,,1301.7019297902,30,180.60415726853,0,84.4348022387314,3.459087596,3.95515887440208,11.1383203430337,100.331205546551,NaN,NaN,NaN,NaN,8.6423654095,0.762679829285742,8.35862337740671,107.092181562444,7.99780519095256,15.826372694894,0.10400809604265,,1299.63538707078,29.9921259181554,182.876373872717,0.0336282478489037,80.8389626645599,2.039998428,3.72537027737523,13.526749641478,100.351333801891,NaN,NaN,NaN,NaN,12.998318347314,0.871949222920196,9.29858724595121,30.9642060152536,7.59164452168675,16.2730972715455,0.4368710823305,,1300.61732954353,30,181.482822671862,0.301859619999999,71.4810674396764,1.20417797,3.64986684898195,20.141354170707,100.29759630044,NaN,NaN,NaN,NaN,15.3458831188333,1.30981826567047,9.75956052541901,56.00309770824,7.00473520233494,17.4291273896723,0.359652647773981,,1299.54835641061,30,180.912932958771,1.014033734,72.6475732155955,1.23586777066381,3.8706297333057,17.4010160886154,99.4009917184859,NaN,NaN,NaN,NaN,15.6532110845988,1.1090510050814,11.8847012961009,15.9037894223418,6.47174846071682,22.222925763348,1.09533705880495,,1298.93205145593,30,181.647691304108,1.829149078,78.4968039218161,0.309993677889935,3.75812239531124,11.7734488753156,98.3230266038216,NaN,NaN,NaN,NaN,34.5401259956667,0.749873958942825,6.46298017467053,10.2298554273645,5.9715526595505,11.871219407574,1.15136661633242,,1300.49079640643,30.0100002288818,181.531963419396
16.9166666666667,0,104.815287950061,1.206826978,3.58100842547017,1.04352201522819,100.073003620027,NaN,NaN,NaN,NaN,11.32089371,0.0656317203837886,1.4850550948115,NaN,8.49881605632278,5.10138647301957,NaN,,1298.98923609451,30,180.598590040328,0,84.6852211825064,3.459087596,3.9677163480751,11.1307335151349,100.568084219787,NaN,NaN,NaN,NaN,8.64301713016667,0.762439987872902,8.39282939265283,107.197245114588,7.99930267401292,15.889141739402,0.103834613827058,,1300.97153069531,29.999859173691,182.871196246779,0.0337449500000001,80.9368342488352,2.039998428,3.77974523499928,13.5303419571342,100.190697162806,NaN,NaN,NaN,NaN,12.5131410401369,0.872315904549091,9.41770579334642,30.8122252560393,7.59437906666535,16.4939330460943,0.439149286522746,,1297.9783533501,30,181.477583786901,0.301859619999999,71.3926992092172,1.20417797,3.64090584936716,20.0456293729256,99.7702173156875,NaN,NaN,NaN,NaN,15.1769034891667,1.30400871221481,9.84937085469993,56.5006239332492,7.00381973175354,17.5964401634733,0.354801046666272,,1299.19347551258,30,180.907539424558,1.014033734,72.7131522530172,1.24596200553272,3.83816122475189,17.3915357739556,100.374921741733,NaN,NaN,NaN,NaN,15.5160407677143,1.1081767282712,11.8628819014893,16.2385889334908,6.47133390414396,22.1811882665129,1.07214512850635,,1301.6849876731,30,181.652123152097,1.829149078,77.8143728433424,0.319024093685516,3.73064994982664,12.2674907585538,98.7233195609558,NaN,NaN,NaN,NaN,33.6830314026667,0.781472199040042,6.63290116931303,11.076954566707,5.97100591591935,12.1777845742208,1.11053154412956,,1299.28127339244,30.0100002288818,181.535356619516
17,0,104.802583752197,1.206826978,3.62971328393876,1.03765076892593,100.041732494748,NaN,NaN,NaN,NaN,11.0757874032456,0.065284539643533,1.38875790941559,NaN,8.50084053782502,4.93332586369215,NaN,,1299.81264635024,30,180.593023363135,0,84.9304722524575,3.459087596,3.96518628760727,11.1096649345226,100.280422760503,NaN,NaN,NaN,NaN,8.700544775,0.761009464607668,8.30983938190828,107.405749315794,8.00101743597415,15.7369137285111,0.103437250308789,,1300.81971595513,30,182.86601927554,0.0351046381442923,81.0944185802075,2.039998428,3.76589189137348,13.401052056275,100.139648618576,NaN,NaN,NaN,NaN,12.9163669652376,0.86346847155452,9.51668607760974,30.5708418617625,7.59702088757983,16.6776516105486,0.438414984239038,,1299.8795610108,30,181.473414522438,0.301859619999999,71.5632740330193,1.20417797,3.67806348370928,20.0544006197761,100.679311213416,NaN,NaN,NaN,NaN,15.3618430380832,1.30475087709686,9.79280683880399,56.4738643011838,7.00280942039295,17.4910269534847,0.355120056414344,,1299.42865332134,30,180.902146591272,1.014033734,72.7308869374456,1.25770367275647,3.93045573819297,17.3777724388567,100.106898698251,NaN,NaN,NaN,NaN,15.7609456223333,1.10708679281111,11.9584659967826,16.108601121699,6.4713521545304,22.3640731338262,1.07978318465044,,1300.71572571288,30,181.658293536969,1.829149078,77.0434964183184,0.330535042505401,3.75698984709672,12.7139946932043,98.6743411938259,NaN,NaN,NaN,NaN,33.3609973021705,0.81058626360534,6.81178039844924,12.4436474825555,5.97046192611085,12.5009926905626,1.02195743580723,,1299.66190862507,30.0100002288818,181.541246882822
17.0833333333333,0,104.850117253786,1.206826978,3.57215590979341,1.03414170472222,99.9919188463654,NaN,NaN,NaN,NaN,11.1248270467544,0.0650405855670678,1.41450747455833,NaN,8.5030319296646,4.97826416411428,NaN,,1299.83019908947,30,180.587457067109,0,85.0747768387359,3.459087596,3.87232660399477,11.0684325754176,100.430711431443,NaN,NaN,NaN,NaN,8.58584106816666,0.758534067685466,8.23815531718287,108.047757839813,8.0038826612355,15.6054887606248,0.102441466662026,,1299.32694173032,30,182.860843399604,0.0385082380673154,81.0592161281927,2.039998428,3.75300526283445,13.311628348198,100.084347725537,NaN,NaN,NaN,NaN,12.8759287306325,0.85787451754699,9.39299603776871,30.6805488320772,7.59736270194745,16.448101120239,0.433955153517365,,1299.99251096413,30,181.471357883121,0.301859619999999,71.5467251159601,1.20417797,3.61735749704526,19.9212700206233,99.3753018226319,NaN,NaN,NaN,NaN,15.2414670812502,1.29606043556759,9.75981104348656,56.4549627212819,7.0015915584959,17.4295711889052,0.352901651573569,,1298.97583765145,30,180.896754341874,1.014033734,72.6685155106242,1.27074696091724,3.88553985874314,17.2723578263195,99.8805863569299,NaN,NaN,NaN,NaN,15.7566249201667,1.10160908755096,12.0904645579402,16.1286358464673,6.4713432329828,22.6170202028483,1.07182740905419,,1298.92044989588,30,181.665883625834,1.829149078,76.3528540860644,0.347538962883063,3.74443875175581,13.1863715410043,98.6751639962073,NaN,NaN,NaN,NaN,32.4049290243268,0.840420873945995,6.97548118216709,12.9268810368758,5.97066195865858,12.7972561759341,1.02050471712604,,1300.73803418675,30.0100002288818,181.552727775341
17.1666666666667,0,104.86702533079,1.206826978,3.56453033146901,1.02919827451611,100.060979119726,NaN,NaN,NaN,NaN,11.1916009566667,0.0646895591923402,1.45410076395034,NaN,8.50557606014666,5.04736179667987,NaN,,1300.68724571899,30,180.581887457812,0,85.3046640897801,3.459087596,3.87854053900115,11.0125378538603,100.382554901813,NaN,NaN,NaN,NaN,8.44138720866667,0.754749380361274,8.23211074551783,108.072870755024,8.00698191770551,15.5944082540526,0.101899904974228,,1300.99072849795,30,182.855670231847,0.0435484649083687,81.3802374980133,2.039998428,3.75291232138344,13.4128974693305,100.618858777786,NaN,NaN,NaN,NaN,12.9179100565911,0.863787207316106,9.5047722454979,30.1211968364482,7.59193147371132,16.6555648043335,0.445371787772117,,1300.39199982541,30,181.470936972493,0.301859619999999,71.7255114099393,1.20417797,3.567557455814,19.9426721301435,100.919399696894,NaN,NaN,NaN,NaN,15.2009867228333,1.29716416403245,9.82783344169972,56.1694579954438,7.00020396699402,17.5562978477796,0.355116477541501,,1299.97203649189,30,180.891363718029,1.014033734,72.7934356486494,1.28069232793787,3.8326143322381,17.2731301244124,100.158953807193,NaN,NaN,NaN,NaN,16.0792944412095,1.10056374589722,12.1047732459183,15.8784735478815,6.47081349336953,22.6445750942834,1.08826538133756,,1300.79789032886,30,181.670298633638,1.829149078,75.4084020218447,0.363655958607755,3.74071150888395,13.6494322658057,97.7641511289643,NaN,NaN,NaN,NaN,31.161158379336,0.870401174352477,7.22148112945583,13.8000664586367,5.97071082707165,13.2431626084308,0.990598106196886,,1299.95692288114,30.0100002288818,181.563324261798
17.25,0,104.850055993795,1.206826978,3.57552077503707,1.0241203341718,100.012364816093,NaN,NaN,NaN,NaN,11.2105380781667,0.0644005337246827,1.44759623672014,NaN,8.50797637089643,5.03600006070933,NaN,,1301.96119842349,30,180.576317221745,0,85.4957567280631,3.459087596,3.89277418404932,10.9586583956327,100.158837698565,NaN,NaN,NaN,NaN,8.20116444066667,0.750951257038665,8.24002861720015,108.437910828377,8.00938350621282,15.6089452193127,0.101062797649007,,1299.73439269903,30,182.850496115619,0.0439903779999993,81.4023790959035,2.039998428,3.81847648204856,13.435131340336,99.8553357030224,NaN,NaN,NaN,NaN,12.893735067402,0.865762557412778,9.47446723627723,30.1171246742003,7.59237119994317,16.5992857342633,0.446122346884124,,1299.75986983701,30,181.465984369961,0.301859619999999,71.7928963697449,1.20417797,3.69280753969197,19.898913839155,99.9069906626004,NaN,NaN,NaN,NaN,15.1206299296667,1.29454348023445,9.84792824894012,56.3322411158135,6.99898507834464,17.5937589929782,0.353259808612294,,1300.74007980773,30,180.885970302555,1.014033734,72.5998614841335,1.29353276993127,3.89468666713107,17.199285850845,99.7186921842435,NaN,NaN,NaN,NaN,15.7351510980171,1.09669888201972,12.0701931001579,16.0199820768832,6.47086511204957,22.5781812133747,1.07409729943613,,1298.99654873075,30,181.67752134531,1.829149078,74.4043932712937,0.380628811681025,3.74942746672558,14.1252251897248,98.3861844414107,NaN,NaN,NaN,NaN,30.5598703218634,0.901518463399221,7.39399259650076,15.3179872584627,5.97115867413392,13.5565201630655,0.922301140025905,,1300.54494892017,30.0100002288818,181.574672944272
17.3333333333333,0,104.83887401891,1.206826978,3.56549093747496,1.0156284588894,100.040584560371,NaN,NaN,NaN,NaN,11.1821382488334,0.0639198331638683,1.36933509673751,NaN,8.51059076586727,4.89944472005961,NaN,,1301.38247032966,30,180.570752292524,0,85.5278820405177,3.459087596,3.92725731057501,10.8735874168694,100.121150689049,NaN,NaN,NaN,NaN,8.59784025156317,0.74609466546404,8.20849531158239,109.454044869804,8.01252474757031,15.5511544012311,0.0993449367638737,,1300.15444986067,30,182.84532542791,0.0441874162674232,81.3873170977762,2.039998428,3.74927397073014,13.3088653247569,100.125138183318,NaN,NaN,NaN,NaN,12.6970480369164,0.857447381380329,9.65063471268203,30.2773717223066,7.59661545649011,16.9266305440934,0.439582083417216,,1301.1537623985,30,181.460652279495,0.301859619999999,72.0027884460263,1.20417797,3.51127551666166,19.9012635436998,100.312404939822,NaN,NaN,NaN,NaN,15.20048507,1.29382995915665,9.81671296608528,55.9323897166069,6.9977245496426,17.5355840107013,0.355821205952982,,1300.59020713816,30,180.880578333813,1.014033734,72.5680127598956,1.30490284842064,3.85003627778202,17.1423921892298,99.9332951597602,NaN,NaN,NaN,NaN,15.9042288453553,1.09319111472681,12.0621436671437,16.1005500309075,6.47071451518782,22.5627152243798,1.06569356739729,,1300.37412965265,30,181.683460139919,1.829149078,73.4864976355879,0.397100476584327,3.72593910023146,14.6682759035894,98.0085864787808,NaN,NaN,NaN,NaN,30.3050090679054,0.935932613654931,7.42529902933236,15.9290278216014,5.97134859717164,13.6133947371521,0.921581096857171,,1300.94301507225,30.0108042651176,181.585730325976
17.4166666666667,0,104.932539854853,1.206826978,3.52831032497642,1.01344818337744,100.025536103101,NaN,NaN,NaN,NaN,11.322624015217,0.0637590846100523,1.42631239951594,NaN,8.51307899438672,4.99885815306831,NaN,,1301.71910832655,30,180.565187569608,0,85.6394345891417,3.459087596,3.96503256811126,10.7962269015742,100.32655058378,NaN,NaN,NaN,NaN,8.3227229011035,0.740796968078791,8.19289248227446,109.934225311962,8.01495287408943,15.5226173643714,0.0982088430619943,,1299.42311773702,30,182.840158674097,0.0489238279629269,81.4287141092084,2.039998428,3.74400628392263,13.1838225033942,99.9821773007661,NaN,NaN,NaN,NaN,12.9818083452503,0.849405452389853,9.68456400926603,30.3366058085403,7.59469802691493,16.9898184029424,0.434632085622219,,1299.81419112501,30,181.459927031557,0.301859619999999,72.0132716067494,1.20417797,3.64621593269255,19.7779359227045,100.117335125486,NaN,NaN,NaN,NaN,14.9596740773333,1.28623972466734,9.88859778046295,56.0949509047654,6.99648399890859,17.6695943657556,0.352585216282995,,1299.81022818168,30,180.875184178756,1.014033734,72.6714367683623,1.31830083158079,3.89340909796825,17.1538290715949,100.449724440893,NaN,NaN,NaN,NaN,15.9594977345847,1.09343628848721,12.0115349556151,16.1833486971048,6.47103955101684,22.4657541338121,1.06033950436582,,1299.63578458675,30,181.691231739847,1.829149078,72.7118047948098,0.413632007391569,3.75066213821481,15.2152923349615,98.4345230203319,NaN,NaN,NaN,NaN,29.7211609991785,0.971329482983829,7.57706674508325,17.1164049174613,5.97156250133607,13.8895808927942,0.88900238936381,,1298.99457558573,30.0100002288818,181.596744880747
17.5,0,104.902113391124,1.206826978,3.5606270248243,1.01220518075946,100.019362331917,NaN,NaN,NaN,NaN,11.1778166154496,0.0636791819920151,1.50117305022595,NaN,8.51568630748729,5.12954888691246,NaN,,1299.29478475756,30,180.559621616041,0,85.8012021649363,3.459087596,3.9521334048288,10.7416113511471,100.30765168804,NaN,NaN,NaN,NaN,8.68855357368981,0.737547242554996,8.14449585006901,110.464194870801,8.01817987375405,15.4339554524366,0.0972426297998235,,1300.15417480133,30,182.834992887051,0.050768722,81.4396007988935,2.039998428,3.73979432068159,13.1817328513467,100.204178919532,NaN,NaN,NaN,NaN,12.7077140991706,0.849346410432793,9.68842761110058,30.0061173751596,7.59451852877751,16.9970031702773,0.43931910577096,,1299.33719270023,30,181.456378669798,0.301859619999999,71.9432950125462,1.20417797,3.54828632674519,19.7591108277594,99.6399862293541,NaN,NaN,NaN,NaN,15,1.28469409686149,9.94357764981416,56.5131314652937,6.99429258813057,17.7722051672859,0.349652614406855,,1300.36908926418,30,180.869790150248,1.014033734,72.8280593496464,1.33117109288581,3.82310021151826,17.1270184456098,99.9654334281032,NaN,NaN,NaN,NaN,15.91907354,1.09150674494879,11.9742875503478,15.6859784722012,6.47078367373553,22.3944050978513,1.0952179650818,,1300.55425016427,30,181.698676913589,1.829149078,71.52742967821,0.431218651440278,3.80667445562829,15.73862486595,98.0168085585891,NaN,NaN,NaN,NaN,29.2871525022193,1.00554819679115,7.99501102312447,18.8255199807134,5.9716451694675,14.6520502982676,0.83655553404904,,1298.2370732746,30.0100002288818,181.608803421352
17.5833333333333,0,104.929152291041,1.206826978,3.60177507765367,1.00196767892863,100.054316918663,NaN,NaN,NaN,NaN,11.120352713,0.0630261926840689,1.46988623490711,NaN,8.51843395939229,5.07491027936718,NaN,,1299.92172983052,30,180.554056497353,0,86.0312935331283,3.459087596,3.8513837043181,10.6956789461214,100.252427806835,NaN,NaN,NaN,NaN,8.11875863031019,0.734327729988134,8.10225999211975,110.797358488796,8.02130353207255,15.3566668944573,0.0965338485910162,,1301.03419673614,30,182.829829806108,0.0531003211084576,81.7414011567412,2.039998428,3.72082086291209,13.1899968776451,100.485693868318,NaN,NaN,NaN,NaN,13.1313464178294,0.849342941135026,9.78943552032835,29.3823958428939,7.59564209125743,17.1850493178758,0.448914197348006,,1302.49567340733,30,181.453180143434,0.301859619999999,71.9879010639864,1.20417797,3.58181430430526,19.7254496701639,100.21586804523,NaN,NaN,NaN,NaN,15.080587117,1.2826927010032,9.79715716543997,56.1961346069316,6.99274491202564,17.4991519773537,0.351014908347095,,1300.70241863361,30,180.864396959229,1.014033734,72.8634223415899,1.34480571651512,3.87802722276648,17.0971576804579,99.9140216753343,NaN,NaN,NaN,NaN,15.879263162,1.09010331924008,11.9478058407807,15.6998738083863,6.47140028610985,22.3436963937399,1.0894554595377,,1300.72179844912,30,181.706776784905,1.829149078,70.4245849768362,0.448962550601165,3.76029545784173,16.31836963424,97.5241473079609,NaN,NaN,NaN,NaN,28.8895243375,1.04308930696182,8.08062469605744,19.7259157268254,5.97151251611916,14.8085898631126,0.828794425987361,,1299.07270802943,30.0132242602857,181.620945770482
17.6666666666667,0,104.961412916715,1.206826978,3.5355692914224,0.996570806394154,100.017977943291,NaN,NaN,NaN,NaN,11.4018555828333,0.0626816233745912,1.45765351725627,NaN,8.52097823185312,5.05355623360314,NaN,,1298.0791992288,30,180.548490567118,0,86.0727190038169,3.459087596,3.92327506370767,10.5776544946375,100.297422621207,NaN,NaN,NaN,NaN,7.99997941233333,0.726885221544058,8.17672270868552,111.845167152561,8.02452566392481,15.4929487610744,0.0945753043791927,,1299.36998302734,30,182.824668888973,0.055391035086568,81.8270769471981,2.039998428,3.75016185129273,13.0798332066137,100.276760953847,NaN,NaN,NaN,NaN,12.9194631116667,0.842466638070303,9.82842907080642,29.3696627741274,7.59535450463293,17.2576701877349,0.44538748534519,,1299.88207824485,30,181.450006715035,0.301859619999999,72.1649397874321,1.20417797,3.57555468798427,19.7708950833144,100.457058808402,NaN,NaN,NaN,NaN,15.0804295533333,1.28569240914435,10.0068712511553,56.1458296226244,6.99137666215679,17.8903711336885,0.352146377416985,,1299.94458108583,30,180.859003714141,1.014033734,72.9023838552229,1.35695407783424,3.89847331336029,17.1161244504285,100.548615317388,NaN,NaN,NaN,NaN,15.8831665730497,1.09110411778332,12.0949218530935,15.7557343909571,6.47106670751945,22.6255802096919,1.08806831845707,,1300.47513088784,30,181.713284881209,1.829149078,69.2490344863675,0.467290177687782,3.78952586798908,16.873537085447,97.8022676144402,NaN,NaN,NaN,NaN,27.1404837167835,1.07891113708415,8.1566697622033,21.2840502742325,5.97152344037355,14.9478573596515,0.792838419095062,,1299.67894261199,30.0178803514494,181.633769533731
17.75,0,104.976409250887,1.206826978,3.55920980819975,0.992109261346179,100.045116838288,NaN,NaN,NaN,NaN,11.3567103762773,0.0623940967995265,1.4795459388644,NaN,8.52355349609035,5.09177474865343,NaN,,1299.69809302441,30,180.54292384819,0,86.2620284223692,3.459087596,3.92714698656752,10.540477601473,100.262307018808,NaN,NaN,NaN,NaN,8.62139970383333,0.724473026071554,8.2685790612028,111.683647914536,8.02714064799044,15.6613125302631,0.0943791168959955,,1299.99973025546,30,182.81950877828,0.0575665439999993,82.0421373134997,2.039998428,3.78767547808919,13.1066327440193,100.233426450368,NaN,NaN,NaN,NaN,12.7387161488667,0.843793634898291,9.69177685050231,28.9105973149241,7.59646325291644,17.0031681353519,0.453365016142014,,1300.68847304803,30,181.44678572052,0.301859619999999,72.1863450188179,1.20417797,3.63062914185315,19.6737868928615,99.8999802672173,NaN,NaN,NaN,NaN,14.7801949015,1.27941642760974,9.95135208081495,55.8408272156641,6.98930228740481,17.7866762154089,0.352336108885217,,1299.15388474649,30,180.853607687928,1.014033734,73.0023168003951,1.37070576667162,3.840560681487,17.0457034510128,99.9773142492144,NaN,NaN,NaN,NaN,15.8710208678788,1.08755130469094,12.1523503735987,16.2826580952022,6.47138942208159,22.7359661817506,1.04721636244783,,1299.4727770387,30,181.721630596969,1.829149078,68.0394327791708,0.486711927826288,3.82653851604481,17.4719085271249,98.0595915648546,NaN,NaN,NaN,NaN,28.1726429873831,1.11811452274626,8.34013033813762,22.6392436457664,5.97170222941866,15.2840604432216,0.772068217812188,,1299.44714998875,30.0187963971272,181.647787382073
17.8333333333333,0,104.966710971163,1.206826978,3.58573535378324,0.985651341915013,99.9971144409156,NaN,NaN,NaN,NaN,11.2330322233894,0.0619954840955184,1.50459084114279,NaN,8.52615828009758,5.13549252658948,NaN,,1300.10929670994,30,180.537356271963,0,86.365901947091,3.459087596,3.9065025592549,10.4645123312099,100.157784563976,NaN,NaN,NaN,NaN,6.58563716081154,0.719331577921072,8.42994983220487,111.739837896934,8.02997052899202,15.9573255541075,0.0936509205588044,,1299.9680535116,30,182.814352591932,0.0608442582796156,81.9951113101399,2.039998428,3.77279405917902,12.9935654110961,99.6811493308734,NaN,NaN,NaN,NaN,13.8067934909666,0.836569686316626,9.79302039126121,29.1985927584238,7.59499273013115,17.1916759636245,0.445086085664046,,1300.81988932567,30,181.444529744698,0.301859619999999,72.2135845262453,1.20417797,3.62384429236654,19.6342409395078,99.7712820015133,NaN,NaN,NaN,NaN,14.1198683646667,1.27694095786513,10.0588635307131,56.1397264752749,6.98713091775163,17.9875131562718,0.349745039974779,,1299.31300210525,30,180.848218359802,1.014033734,73.1618421179005,1.38312463995397,3.89668509341913,17.0809258281432,100.320527536093,NaN,NaN,NaN,NaN,16.0853504769049,1.08923708937582,12.0584895781717,15.9834642068106,6.47130984721823,22.5556957266095,1.06893385544103,,1299.110430696,30,181.728508077221,1.829149078,66.9435553195213,0.506405277650185,3.83244572495771,18.1441884525163,97.7887398456584,NaN,NaN,NaN,NaN,28.541123945154,1.16167055596697,8.58838890719422,24.2140964950638,5.97152746047921,15.7401393834607,0.749923202954343,,1298.35921604617,30.0200004577637,181.661873340208
17.9166666666667,0,104.965389938728,1.206826978,3.59864036035445,0.984583268790869,100.010771271035,NaN,NaN,NaN,NaN,10.8159696205,0.0619198430188848,1.52709203035575,NaN,8.52882693023371,5.17478061849895,NaN,,1300.0099507422,30,180.53179199201,0,86.52376122837,3.459087596,3.98780539524377,10.3774635060575,100.352733845044,NaN,NaN,NaN,NaN,5.71841854552179,0.713382826542378,8.29979749093865,112.219145557659,8.032343984288,15.7185810593495,0.0924773642865471,,1299.46415611212,30,182.809195628935,0.0631330092367235,82.0691537860408,2.039998428,3.73351340352307,12.9487755919502,100.392648237838,NaN,NaN,NaN,NaN,13.8313014001667,0.833542439744912,9.81956865202994,28.8788662300476,7.59532249357611,17.2411615676074,0.448395297647817,,1301.25709121431,30,181.441355844818,0.301859619999999,72.0536873615561,1.20417797,3.66669427933582,19.6054412436601,99.9679897786356,NaN,NaN,NaN,NaN,13.9211909364211,1.27516752943756,10.0244543919606,56.3906963415075,6.98493844690426,17.9232111643943,0.34767558691597,,1299.50504664542,30,180.842825749047,1.014033734,73.1699141030268,1.39563619996273,3.89510254126448,17.0598244908463,99.9948702610016,NaN,NaN,NaN,NaN,15.9494063453313,1.08768907543537,12.0470257584691,15.7600186505779,6.47169381962534,22.5337396681493,1.08278855103656,,1298.86198181494,30,181.735420019641,1.829149078,65.5283704469893,0.526189169407002,3.82403554967532,18.7554258457783,96.7555066985723,NaN,NaN,NaN,NaN,28.2891878975127,1.20295203468322,8.94138327397592,26.687955432341,5.97128733322688,16.3902625629319,0.703637615549458,,1299.48945213935,30.0200004577637,181.676156662568
18,0,104.981481047562,1.206826978,3.5974751154023,0.975597669785773,100.122029195119,NaN,NaN,NaN,NaN,9.080597162,0.0613295415263174,1.5175471641671,NaN,8.53138116251476,5.15812082870006,NaN,,1299.35936652719,30,180.52622481089,0,86.7466346727007,3.459087596,3.9215077948792,10.3569590572747,100.474154792776,NaN,NaN,NaN,NaN,5.76118879949084,0.712252144192416,8.20560275420265,112.207012614906,8.03586765622875,15.5458527066421,0.092304638521611,,1300.3822484601,29.9988164031951,182.804041227153,0.0643846566143131,82.1284271393898,2.039998428,3.77354083254892,12.9110215217498,100.050674898941,NaN,NaN,NaN,NaN,14.1608046718333,0.831012268615301,9.86914452128618,28.8294206277808,7.59631256171875,17.3335711109511,0.447865733675452,,1302.64915166302,30,181.437208848662,0.301859619999999,72.201814168809,1.20417797,3.75656484851181,19.64205349337,100.172479102252,NaN,NaN,NaN,NaN,14.6129894766472,1.27692131913669,10.067324227941,56.2546718557613,6.98331313734798,18.003315078961,0.349170940612436,,1300.58606562394,30,180.837433906971,1.014033734,73.3321575304634,1.4058332510906,3.8775288043775,17.0878424336085,100.661645621794,NaN,NaN,NaN,NaN,15.9710900531687,1.08966448667563,12.0890920349548,15.5414754606276,6.47104671743849,22.6144446701171,1.1005034923576,,1300.18626497166,30,181.740179113168,1.829149078,64.086554788458,0.546807010149614,3.86256319355985,19.5943321450811,96.8792618987322,NaN,NaN,NaN,NaN,27.361669031,1.25703102099928,9.09186090464465,28.0431928401884,5.97153457996343,16.6681922615298,0.698892890526486,,1300.21065437032,30.0200004577637,181.691276079856
18.0833333333333,0,104.985095690518,1.206826978,3.56766986259297,0.97160574306048,100.055912354359,NaN,NaN,NaN,NaN,9.5636335325,0.0610801028135477,1.53682947493561,NaN,8.53395824427304,5.19178589045712,NaN,,1297.93585914781,30,180.520657101543,0,86.8571875638845,3.459087596,3.96977072910503,10.2959214275428,100.174504019272,NaN,NaN,NaN,NaN,5.5948147633425,0.70794794193042,8.26451147266563,112.335623220369,8.03909670732831,15.6537990714403,0.0916562032207451,,1299.68105492244,29.9991725277129,182.798885559327,0.0710081855539336,82.2219572366875,2.039998428,3.76481204786824,13.0054041404142,100.244693614735,NaN,NaN,NaN,NaN,14.1403340071649,0.837193328129132,9.96982002983411,28.9120234862989,7.58876724462284,17.5214101750815,0.44985140748925,,1299.49038234897,30,181.438229245508,0.301859619999999,72.3376785559774,1.20417797,3.65729726596302,19.640993966398,100.689173610593,NaN,NaN,NaN,NaN,16.0364856795984,1.27736901493005,10.0973880704072,56.3022656942719,6.9814800392351,18.0594898571875,0.348887771188729,,1300.14132242547,30,180.832041306779,1.014033734,73.5516010974786,1.41727676169903,3.87605339739842,17.1074771303982,100.022081577088,NaN,NaN,NaN,NaN,16.0802316306667,1.09086214922111,12.2207773742465,15.185412608216,6.47132054673945,22.8672470782556,1.12709618841708,,1300.89053516043,30,181.746100254936,1.829149078,62.2342924193329,0.566627053672991,3.86375986681703,20.4639852900356,96.8967021635994,NaN,NaN,NaN,NaN,25.460820817166,1.31443442366269,9.31954507492934,30.7168481751586,5.97128877419572,17.0896542905074,0.666351328610098,,1298.46484718441,30.0200004577637,181.705617028659
18.1666666666667,0,105.00081350875,1.206826978,3.6032477854643,0.964194032664474,100.05673645477,NaN,NaN,NaN,NaN,9.04016795716667,0.0606198404955383,1.46058334991156,NaN,8.53650109551803,5.0586777226531,NaN,,1299.14769162747,30,180.515087661179,0,86.9964476572045,3.459087596,3.92814673181493,10.2261337407997,100.22412237816,NaN,NaN,NaN,NaN,5.63859235016667,0.703683351319794,8.35049272476457,113.416129262263,8.0424781153585,15.8114675069748,0.090165158859416,,1299.92626306225,30,182.793733001204,0.0712595780000003,82.2724780137808,2.039998428,3.7628188991738,13.037065701651,100.065458584598,NaN,NaN,NaN,NaN,14.3419578561684,0.839166989145938,10.0402906133493,28.9249906365061,7.59121837493485,17.6530407306707,0.45075602247058,,1299.80614675914,30,181.433152901973,0.301859619999999,72.632913221463,1.20417797,3.63579546552781,19.6030540112265,100.334822346278,NaN,NaN,NaN,NaN,17.1501597801529,1.27429858707584,10.0424140751272,55.7224779904252,6.9794826564106,17.9567445692724,0.35180823054325,,1299.92864872933,30,180.826648174025,1.014033734,73.5992684048116,1.42784703818827,3.86726752839081,17.1680483428262,100.206092726658,NaN,NaN,NaN,NaN,16.0209012065433,1.09371604109575,12.1757864447269,15.1204021741122,6.47201960302447,22.7808290201287,1.13589195279536,,1299.8307470241,30,181.751138305987,1.829149078,62.8779525148304,0.584800980840605,3.84888132658531,20.7736012869965,108.802637524582,NaN,NaN,NaN,NaN,26.3360534315226,1.33219541153964,9.3634176180216,27.7038037439879,5.97163171214749,17.1709505024083,0.780861205989483,,1299.61190620425,30.0127445317692,181.718408114203
18.25,0,104.98573300021,1.206826978,3.58157781174821,0.955133942605567,100.126648788639,NaN,NaN,NaN,NaN,8.38308352795162,0.0600803492719417,1.5235608642874,NaN,8.53924792150032,5.16861868117686,NaN,,1300.19596839017,30,180.509521804244,0,87.0427087719151,3.459087596,3.93373747299625,10.1379190832795,100.084101463988,NaN,NaN,NaN,NaN,6.07361252883333,0.697450409580682,8.24230857923687,113.242518842813,8.04519475116005,15.6131183379585,0.0895275956392309,,1300.20622998008,30,182.788581170824,0.0717141325698934,82.4436672966647,2.039998428,3.78092634961788,12.9055632226097,100.387308418434,NaN,NaN,NaN,NaN,14.4935506918333,0.830437228598374,10.0071751004226,28.4651720692991,7.59585533536283,17.5911617985289,0.453397241976197,,1299.05138541632,30,181.428071038541,0.301859619999999,72.5656098414598,1.20417797,3.71965354791203,19.4468836068179,99.8906604186837,NaN,NaN,NaN,NaN,14.9386424831804,1.26458820685341,10.1219161242614,56.1941472130373,6.97748612113562,18.1053793788046,0.346073867815893,,1300.29019687675,30,180.821255324084,1.014033734,74.1699343665115,1.43608673623453,3.93825059848609,17.2694995712054,101.326912398297,NaN,NaN,NaN,NaN,16.1548244280687,1.09992335509793,12.1968106854871,14.3431800220749,6.47269851702919,22.8212771885438,1.20484210240352,,1299.13241385301,30,181.753949218359,1.829149078,70.0949846479137,0.601105772008427,3.83200735418737,17.9531879374627,111.367216738247,NaN,NaN,NaN,NaN,27.1947202464781,1.14118131131554,9.22173625232841,11.1941143792492,5.97155927300751,16.9085120864811,1.64136279924857,,1300.37813959762,29.9868049496912,181.729193442046
18.3333333333333,0,105.002670068003,1.206826978,3.3863913882084,0.955342822911782,100.212257985473,NaN,NaN,NaN,NaN,9.67915329121504,0.0596981129177249,1.50196511266383,NaN,8.54211725241673,5.130909307849,NaN,"Sample 1.50 mL to AMBR-96DWP-2/A1",1300.2886033533,29.9995999369102,180.14715621826,0,87.1118078277056,3.459087596,3.66220993806929,10.1010393292658,100.28136777476,NaN,NaN,NaN,NaN,8.11672438520669,0.690047567929308,8.29105544615718,114.515011604136,8.04828895564164,15.7024521474075,0.088135176462769,"Sample 1.50 mL to AMBR-96DWP-2/A2",1298.84550397734,29.998096339868,182.417506287445,0.0765314969524601,82.5743157960346,2.039998428,3.55082644036526,12.8731890543051,100.178088180038,NaN,NaN,NaN,NaN,13.2079790536295,0.822918415932583,10.1136234230721,27.977434430096,7.5920815121747,17.7901285741487,0.45895545558437,"Sample 1.50 mL to AMBR-96DWP-2/A3",1301.51898824578,29.998720489765,181.059141650229,0.301859619999999,72.777269693903,1.20417797,3.36508595996001,19.5294813176245,100.233142835658,NaN,NaN,NaN,NaN,15.0004688313616,1.2592631030574,10.1889829604989,55.7263293524327,6.97608950069419,18.230832068847,0.349617901667193,"Sample 1.50 mL to AMBR-96DWP-2/A4",1299.47350978459,29.9981193136922,180.441446057212,1.014033734,75.1061817512047,1.43849831,3.58273820424081,17.4837521379869,104.118528183897,NaN,NaN,NaN,NaN,15.9333596232563,1.10206179504192,12.113578528524,13.3891893796131,6.47470774059425,22.6613766320937,1.35845862489347,"Sample 1.50 mL to AMBR-96DWP-2/A5",1299.2816399872,29.9929696860109,181.375204780636,1.829149078,73.184097056496,0.614691340085629,3.51514700140422,15.8706689704182,102.278664936941,NaN,NaN,NaN,NaN,27.1678031566593,0.99888014129277,9.36724608132512,10.8146152236529,5.97186287639697,17.1780685553463,1.45180057940784,"Sample 1.50 mL to AMBR-96DWP-2/A6",1298.39062758837,29.9732484033136,181.356489839843
18.4166666666667,0,105.013838169916,1.206826978,3.594810440803,0.961472332151769,100.192758833837,NaN,NaN,NaN,NaN,11.6008489451356,0.0587272981983711,1.49893871425909,NaN,8.54505692287489,5.12562747565676,NaN,,1297.78923503232,30,178.704391901286,0,87.3999233648592,3.459087596,4.0125457594837,10.1640029352889,100.734921818402,NaN,NaN,NaN,NaN,8.47964734183356,0.673586208199249,8.27069622506964,115.5876656465,8.05148068318767,15.6651285374248,0.087138605467362,,1300.07871379191,29.9970834289815,180.984312023856,0.0781547900000002,82.7912842759198,2.039998428,3.71516574215671,12.9965051561539,100.527166511131,NaN,NaN,NaN,NaN,12.7205632014575,0.817454804302285,10.1610984430456,28.3150228545021,7.58619887674589,17.8789807377706,0.444098563787693,,1298.9838167859,29.9988668446281,179.62969020541,0.301859619999999,73.2042634216697,1.20417797,3.44915922853492,19.5971027838873,101.470373068549,NaN,NaN,NaN,NaN,14.6126624801373,1.23173446436043,10.1929343773197,56.5654293428842,6.97529386428011,18.2382353238804,0.337064073469842,,1299.4721870734,29.9978608644019,179.016534676988,1.014033734,79.8212625288807,1.43849831,3.90559768474606,17.6059596596698,108.828685811807,NaN,NaN,NaN,NaN,15.8192073525943,1.06679863803033,12.2280268503258,11.7784612625004,6.4882129288422,22.8811434388899,2.2391630257126,,1300.01597860447,29.9799995422363,179.951441111092,1.829149078,73.4229890674973,0.625635327516237,3.77093849778177,15.5599126551985,100.146189251821,NaN,NaN,NaN,NaN,27.234368506302,0.934603415551084,9.40986762506871,13.1348920113687,5.97187507204609,17.2571128920489,0.942180542734651,,1299.66845900975,29.9759128671219,179.948824303216
18.5,0,105.046162398069,1.206826978,3.57881835068419,0.948578701495555,100.260358672846,NaN,NaN,NaN,NaN,11.2094614947012,0.0590425046399555,1.58781915591634,NaN,8.54757318221471,5.28084832638849,NaN,,1301.39610013238,30,178.698824969787,0,87.678956465791,3.459087596,3.95828841462547,10.0494605745503,100.143645744767,NaN,NaN,NaN,NaN,8.68191304250183,0.685121229134297,8.21134686571081,114.817804925069,8.05501409271798,15.5563919803701,0.0875261156455344,,1302.71655525477,30,180.979169929657,0.0781547900000002,82.9400195439713,2.039998428,3.6823605198694,13.0272114214649,100.166718270148,NaN,NaN,NaN,NaN,12.3244400555796,0.829756890503922,10.154404215408,28.4715039287321,7.59031714623282,17.866379626411,0.457593141638714,,1297.7681356062,30,179.624231558106,0.301859619999999,73.5665199679257,1.20417797,3.51817928776896,19.4367696022154,100.497672518078,NaN,NaN,NaN,NaN,15.103286412708,1.25062340897879,10.273375721321,55.5149059581587,6.97485979091553,18.3888563987161,0.350161204173851,,1300.60238740668,30,179.011156181274,1.014033734,81.0475676219592,1.43849831,3.83033015330507,17.168195514641,99.7479718234899,NaN,NaN,NaN,NaN,15.8654979273574,1.07836617441822,12.1835493830239,7.1603568391359,6.50536185163563,22.7957565711785,2.436573872472,,1299.80907487848,29.9799995422363,179.945894121255,1.829149078,73.0781856111619,0.634276702568966,3.75994873992945,15.3369501156102,99.0819353698293,NaN,NaN,NaN,NaN,27.0776440669389,0.970368011469069,9.64646044887234,17.1142807349462,5.97167765183612,17.6965905675038,0.896961208955015,,1299.57543143191,29.9874735499506,179.951967692622
18.5833333333333,0,104.977448309588,1.206826978,3.53955506169307,0.939387295802832,100.266691729035,NaN,NaN,NaN,NaN,11.3444019991168,0.0584792674713346,1.55532678916487,NaN,8.55060145931803,5.22408217293475,NaN,,1298.49243729573,30,178.693258335137,0,87.8182158368627,3.459087596,3.90579175254812,10.0028968727419,100.400944473485,NaN,NaN,NaN,NaN,8.5619623361246,0.681942345285918,8.23056604750555,114.991019434427,8.05886042672499,15.5915831655151,0.0869888142052481,,1301.4050621512,30,180.974022738025,0.0781547900000002,82.8769901937732,2.039998428,3.75243180993861,12.7956585391128,99.7416392581048,NaN,NaN,NaN,NaN,12.6672873241464,0.815164289710653,10.1870466310114,28.4632917176533,7.59281472456524,17.9274573337642,0.449600403058592,,1300.08823426761,30,179.618763996993,0.301859619999999,74.0207260792252,1.20417797,3.54131382582828,19.3045760929663,100.886531255841,NaN,NaN,NaN,NaN,14.758816651958,1.24122524892423,10.364012743266,53.6569510438406,6.97412045054941,18.558852859951,0.359807205054434,,1297.58196511487,30,179.005758841145,1.014033734,81.4744422053581,1.43849831,3.82698412709412,17.0366450482819,101.500969945502,NaN,NaN,NaN,NaN,15.80566320818,1.06988088363779,12.2785803974274,7.84263317023975,6.52360355308636,22.9783544611432,2.18593217904104,,1298.30109741844,29.9799995422363,179.940340031542,1.829149078,72.9425317587569,0.642458122064476,3.75647863592126,15.6733429614816,100.162836102557,NaN,NaN,NaN,NaN,27.0396637202665,0.990836640734461,9.70458184003151,16.5816386651071,5.9722307998531,17.8047128403624,0.946246334414098,,1299.30071218661,29.9899997711182,179.954731170679
18.6666666666667,0,105.031197894397,1.206826978,3.58671834122909,0.934253438315817,100.332512094035,NaN,NaN,NaN,NaN,11.0103601205465,0.0581608615594012,1.56704302653423,NaN,8.55322807651359,5.24454970274503,NaN,,1301.31563772805,30,178.687693142508,0,88.001607296083,3.459087596,3.90251899606044,9.93334207072521,100.268945370568,NaN,NaN,NaN,NaN,8.7365625225,0.676920236539906,8.19168323985418,115.285402564329,8.06202168907648,15.5204203659542,0.0861644319475115,,1302.8853480404,30,180.968873437778,0.0781547900000002,82.9645540938012,2.039998428,3.75407970637089,12.6334521618369,100.354621160991,NaN,NaN,NaN,NaN,12.8491289015203,0.804609274665186,10.2041544592033,27.9249123392949,7.59632274986177,17.959470063798,0.452446477046463,,1298.6234398252,30,179.613295596916,0.301859619999999,74.6190946571953,1.20417797,3.68069516226028,19.160543472234,101.231732494791,NaN,NaN,NaN,NaN,14.9998881365018,1.23049698394366,10.3867973544667,52.5404661437449,6.97432024765604,18.6015197844109,0.364686599637747,,1299.81359309324,30,179.00035667101,1.014033734,82.1313139953479,1.43849831,3.88588451233976,16.7916206532724,101.144252805127,NaN,NaN,NaN,NaN,16.1630416678672,1.054172105189,12.1797476257239,6.22038614692896,6.54101678638839,22.7883924595924,2.71557843925538,,1300.40116519537,29.9803982667405,179.934782589049,1.829149078,73.1409952897135,0.649406132347611,3.80117558319211,15.7548963432144,100.340528356388,NaN,NaN,NaN,NaN,27.0803040906667,0.995603244411122,9.82936398938257,15.591706419292,5.97196560459741,18.0371081359664,1.01073578182737,,1300.83334916681,29.992404829441,179.956153049973
18.75,0,104.956657963124,1.206826978,3.54371421503077,0.930219676851018,100.403343842135,NaN,NaN,NaN,NaN,11.1493388488809,0.0579184145460401,1.50684540327041,NaN,8.55605410166262,5.13943158141039,NaN,,1300.67206497622,30,178.682127035459,0,88.0740902862243,3.459087596,3.92340078939509,9.85918997159324,100.194607935526,NaN,NaN,NaN,NaN,8.75883340466667,0.672502410748011,8.16293970893446,115.306725392963,8.06462235843377,15.4677603931276,0.0855054215369181,,1300.16448517358,30,180.963726685917,0.082024515260405,83.1739383747654,2.039998428,3.72752410258276,12.601656982751,100.196163770947,NaN,NaN,NaN,NaN,12.8794764201667,0.802191267241885,10.2686405503928,27.4290477225319,7.59514472867829,18.0802745383748,0.459479424318423,,1298.3800538314,30,179.611560482068,0.301859619999999,75.4961999697078,1.20417797,3.55882548744189,18.9897061699068,102.182801360381,NaN,NaN,NaN,NaN,15.2701168218346,1.21842006648087,10.289403602392,50.7376058518619,6.9757122844633,18.418912756325,0.374370291434493,,1299.61846375655,29.9947012884832,178.994950151527,1.014033734,82.5754522873611,1.43849831,3.77078276309638,16.5286816704965,100.642910864893,NaN,NaN,NaN,NaN,16.0089502316455,1.03809202199124,12.1373145833665,6.4274636124613,6.55970367169086,22.7069201773924,2.5782430261839,,1300.64074945698,29.9895461055982,179.929226157991,1.829149078,73.3836760405115,0.655954556380115,3.74779319177662,15.742553573508,100.581192068751,NaN,NaN,NaN,NaN,26.9595709853333,0.994461799112533,9.64835429916002,15.6573980049235,5.9716610636844,17.7001431393356,1.00582514978423,,1300.79160339257,29.9921532372995,179.957084098361
18.8333333333333,0,104.996849264837,1.206826978,3.5653465439574,0.922748080771709,100.428737400561,NaN,NaN,NaN,NaN,11.4931117786191,0.0574390204900305,1.59232956895019,NaN,8.5590192373232,5.28871060864275,NaN,,1299.99322679221,30,178.676562578206,0,88.1916848663954,3.459087596,3.82308310061207,9.78718112469744,100.048221347142,NaN,NaN,NaN,NaN,8.55213823133333,0.667579877473703,8.0689461054918,115.708440943665,8.06737539150006,15.2956840630323,0.0845860747307711,,1300.011846598,30,180.958582737993,0.0849331339999991,83.0739035384291,2.039998428,3.74051254095918,12.9213172411097,100.029628434783,NaN,NaN,NaN,NaN,12.9191196226667,0.822839620095613,10.4355557860901,27.7895009198882,7.57942149186981,18.3932657846513,0.464980458651747,,1300.23948819075,30,179.609134610122,0.301859619999999,77.0591984606222,1.20417797,3.57215154370498,18.7451839922288,103.222347811145,NaN,NaN,NaN,NaN,14.8084146378321,1.20036714501233,10.4677576713531,47.4478710886047,6.97841790861958,18.7534861771417,0.395259839417817,,1299.61160260566,29.9899997711182,178.989536044581,1.014033734,83.0285608469271,1.43849831,3.79790122811646,16.2650263983325,100.752306901524,NaN,NaN,NaN,NaN,16.188253711654,1.02117958937119,12.032437860848,6.0283758400276,6.5790660398077,22.5057652294202,2.70367370665765,,1302.37278876488,29.9899997711182,179.923670405955,1.829149078,73.5951938528575,0.663312671491049,3.76005753793167,15.6353470050664,100.393576275409,NaN,NaN,NaN,NaN,26.7995569535,0.987903202115282,9.70996331207525,15.479184604747,5.97238384729695,17.814720687492,1.01050314137118,,1299.99713745426,29.9942753405624,179.95902220631
18.9166666666667,0,105.001366360599,1.206826978,3.53351815938949,0.91705537108316,100.449939711408,NaN,NaN,NaN,NaN,11.1196581963862,0.0570937126998873,1.59827102402635,NaN,8.56187682718486,5.29909265072722,NaN,,1299.59637951409,30,178.670997780597,0,88.2430015852512,3.459087596,3.91538595696258,9.70148730848336,100.152611332534,NaN,NaN,NaN,NaN,8.12046679816667,0.661767992975226,8.09539807613999,116.871608377196,8.06981542820974,15.3440829952246,0.0830106038199312,,1301.0946482508,29.9983932276264,180.953438290866,0.0849331339999991,83.1797978124086,2.039998428,3.71151843719585,12.9133365934255,100.037232323392,NaN,NaN,NaN,NaN,12.718215999,0.821884435619337,10.2958562851761,27.7318311891096,7.58240899883373,18.1312531491466,0.465672010354675,,1301.41941892316,30,179.603663882396,0.301859619999999,78.7326328437682,1.20417797,3.57007783021296,18.2117518527071,103.341393803969,NaN,NaN,NaN,NaN,14.5985961348333,1.16359750695847,10.5413660575489,44.2365295804018,6.98345293113853,18.8917780114081,0.411913164441995,,1299.40087986695,29.9839754896181,178.984109958811,1.01731187757365,83.3609631687012,1.43849831,3.7562089204359,16.0224223572327,100.598862030152,NaN,NaN,NaN,NaN,15.9195400595,1.00571834360939,12.0113442679517,5.30882622889089,6.5969774314608,22.4653440248102,3.0244820751368,,1301.79679253907,29.9899997711182,179.920919027374,1.829149078,74.018268528715,0.669746834079816,3.73225118974934,15.5557390964526,101.244533745588,NaN,NaN,NaN,NaN,27.1690034457509,0.982563909332898,9.77477206816815,14.5649568862582,5.97218614069569,17.9353947037548,1.06898414831747,,1298.25256298027,29.9931871317386,179.959929460507
19,0,104.978851185759,1.206826978,3.54273191781804,0.913360199781165,100.479077587226,NaN,NaN,NaN,NaN,11.1601711929846,0.0568608591924991,1.6073061444437,NaN,8.56478324032774,5.31487242512429,NaN,,1299.77812614621,30,178.665431664879,0,88.3860578153285,3.459087596,3.85518153283916,9.68360998902588,100.409305468757,NaN,NaN,NaN,NaN,8.20072328833333,0.660670389671821,8.08219706268038,117.046507896801,8.07239985489103,15.3199310598049,0.0827337235697918,,1300.08279122898,30,180.948295028508,0.0849331339999991,83.246017752692,2.039998428,3.73183438823641,12.777064624633,100.130930211161,NaN,NaN,NaN,NaN,12.6391200966911,0.813504168473295,10.2888768715124,27.4462741759463,7.58758770082526,18.1181519497777,0.465551420089722,,1299.3878559836,30,179.598192382172,0.301859619999999,80.9101668838425,1.20417797,3.66679828633268,17.4881048179067,104.981608733835,NaN,NaN,NaN,NaN,14.8395114156667,1.11502194737916,10.5729731839057,40.0447265947203,6.99098721632973,18.9512043959963,0.43717240874361,,1299.26347013853,29.9799995422363,178.978672383339,1.06907782843662,82.9794702293796,1.43849831,3.85222516262987,16.0329640152337,99.3818051124429,NaN,NaN,NaN,NaN,15.8389723071667,1.00717479443858,12.1494684303497,6.70295009909702,6.6009077372335,22.7303415693761,2.43065234549101,,1301.0478133717,29.9954074797846,179.966763427698,1.829149078,74.4318522942519,0.675568570943727,3.80113180095449,15.4669138049715,100.056370092756,NaN,NaN,NaN,NaN,27.1526236272491,0.976728077537224,9.84555431094955,14.2707566150064,5.97176220955124,18.0672865791648,1.08515033532889,,1299.65000164771,29.9984768492762,179.960226770591
19.0833333333333,0,105.006930269055,1.206826978,3.48250746469058,0.903906300286093,100.501564461873,NaN,NaN,NaN,NaN,11.2808400886292,0.0562559528954081,1.52767115542971,NaN,8.56793263693759,5.17579578773813,NaN,,1299.8913141794,30,178.659865729164,0,88.4806128704205,3.459087596,3.91711178538891,9.6385937418001,100.087412991246,NaN,NaN,NaN,NaN,8.4757590235,0.657900269467352,8.05945395103068,117.122904449586,8.07530948780476,15.2783293386519,0.082298279657949,,1302.26975823749,30,180.943153111003,0.0849331339999991,83.2740145612851,2.039998428,3.72996037317707,12.6152885404513,100.223585679085,NaN,NaN,NaN,NaN,12.9606521743331,0.803397112722794,10.3394528043404,27.6598064531479,7.59122927674389,18.2129582057011,0.456113110258031,,1299.73267583606,30,179.59272323038,0.301859619999999,84.8967982099186,1.20417797,3.54162698817663,16.6464129415878,113.705468992947,NaN,NaN,NaN,NaN,14.4360281306064,1.05738909517347,10.5218275539927,32.7185505290826,7.00364998771002,18.8550800281925,0.517870690968909,,1300.10760847642,29.972938228466,178.973220995409,1.09429989769345,83.7850284659125,1.43849831,3.8354172087217,16.282692008258,101.613310940228,NaN,NaN,NaN,NaN,15.9051213263382,1.02145621304522,12.0996097594475,5.357804025745,6.60016794890393,22.6345987068702,3.06362570986831,,1299.555507734,29.997593305563,179.986512394704,1.829149078,74.5114217492456,0.681773199269448,3.76649726729395,15.3485446773303,100.550369278781,NaN,NaN,NaN,NaN,27.3176118566116,0.969554975232045,9.86553033107864,14.8540860555795,5.9717483596171,18.1046065266021,1.03440650827342,,1299.32764790198,29.9971896345223,179.960804145002
19.1666666666667,0,104.988884426931,1.206826978,3.54489843047798,0.90076442998728,100.565309002184,NaN,NaN,NaN,NaN,11.0402143646667,0.056065373319819,1.66282113585068,NaN,8.57047783851914,5.41184945097528,NaN,,1299.57220865664,30,178.654299798438,0,88.5188340031731,3.459087596,3.85573846591782,9.56546056582229,100.054242616819,NaN,NaN,NaN,NaN,8.919567241,0.653405271118752,8.14441982418037,117.605685744454,8.0784919780572,15.4338188931519,0.0813354203566211,,1300.96978400117,30,180.938015406847,0.0849331339999991,83.3972161034441,2.039998428,3.72385183697167,12.5479786319816,100.173586689834,NaN,NaN,NaN,NaN,12.5993854964928,0.798954185221568,10.4385603568304,27.3462958099939,7.59301464904853,18.3989453967615,0.458874085723815,,1300.13059210116,30,179.587254816809,0.301859619999999,94.1528147681261,1.20417797,3.43778762649651,14.6655410832574,112.155463036096,NaN,NaN,NaN,NaN,14.8136641483223,0.921520018509115,10.7311203119359,14.1131130317153,7.03170123867921,19.2488578954482,1.06012167105868,,1298.38681560303,29.9481983398832,178.96772567018,1.12534579624815,84.1468104311474,1.43849831,3.8569560149564,16.2146121056378,100.945347760472,NaN,NaN,NaN,NaN,15.6143557839543,1.01847023276392,12.0623243012512,5.66520408260666,6.60015400293107,22.5631263444043,2.86822541374185,,1301.12743456127,29.9955883297518,180.012132524117,1.829149078,74.8910819073794,0.687953086504904,3.72105723043953,15.3187194181983,100.507232059102,NaN,NaN,NaN,NaN,27.0839448087217,0.967147922587009,9.79507987777404,13.9998608940649,5.97231934026753,17.9733247459218,1.09517067828479,,1299.98515908454,29.9995986418172,179.961560029325
19.25,0,104.996012531408,1.206826978,3.51289584202661,0.89825456439629,100.542544305158,NaN,NaN,NaN,NaN,10.99981235,0.0559136471451992,1.5622677052717,NaN,8.57302538270805,5.23620747881048,NaN,,1298.53193043641,30,178.648734876968,0,88.503472792992,3.459087596,3.88836404838064,9.52031474238254,100.184354735459,NaN,NaN,NaN,NaN,8.4779354455,0.650592446900846,8.05614144100875,118.205195751482,8.08148353285074,15.2723258656223,0.0805411166803242,,1299.56851043537,29.998389015321,180.932880117092,0.0849331339999991,83.4970288598496,2.039998428,3.74793262631316,12.4492223162104,100.212998225384,NaN,NaN,NaN,NaN,12.7226124533996,0.792463143559588,10.5112193099519,27.2544371491641,7.59529802175383,18.5354073242455,0.456797686851468,,1299.47260211405,30,179.581785217453,0.301859619999999,95.7798993974875,1.20417797,3.45024221864062,12.5954025767898,100.116545481095,NaN,NaN,NaN,NaN,14.5442195659046,0.793834874492052,10.6517839372902,17.1718874554895,7.05985288919308,19.099473401687,0.739739191461652,,1300.17922177879,29.9496995492041,178.96220880785,1.16128846272421,88.8374050611584,1.43849831,3.8844161096026,15.3327489444398,115.54744740716,NaN,NaN,NaN,NaN,15.6472001029497,0.959015491184836,12.2070299297183,3.40992529857491,6.59982825538643,22.8408976750891,35.7247796579923,,1300.23958327511,29.9817453361622,180.042511799733,1.829149078,74.9912882193555,0.693574387662483,3.75138389413824,15.2699076794098,100.118374107727,NaN,NaN,NaN,NaN,27.2790798774704,0.964301967903766,10.0532976881035,14.0540035106419,5.97206946874738,18.4550561927856,1.08703427584855,,1299.87418788904,30,179.961653838677
19.3333333333333,0,104.995506525785,1.206826978,3.56620911998329,0.890238153718312,100.617157834852,NaN,NaN,NaN,NaN,10.838792288,0.0554022244045393,1.62871042825141,NaN,8.575603375899,5.35225980615149,NaN,,1298.81963398344,30,178.643168861751,0,88.7824934691637,3.459087596,3.93408955507007,9.4727837848094,100.570550114064,NaN,NaN,NaN,NaN,8.29732955438332,0.647194965586489,7.98154663687029,118.281966256946,8.0842869372249,15.135871965595,0.0800877466770036,,1300.7282530101,29.9996000533652,180.927746688717,0.0854709700456198,83.4541481640846,2.039998428,3.71097885831505,12.3073784824663,100.017447790326,NaN,NaN,NaN,NaN,12.7859111749493,0.783511294828727,10.4973369005572,27.520782471273,7.59791683344609,18.5093192302448,0.447288771773025,,1300.84186058978,30,179.576784342061,0.301859619999999,95.5015470876817,1.20417797,3.43464021860845,11.140046283945,99.3906465561543,NaN,NaN,NaN,NaN,14.678676901809,0.70421084168739,10.6994619055989,19.6597393605456,7.08398267914052,19.1892603797804,0.567050804997806,,1299.68905166681,29.9637922189237,178.956711997509,1.19452425360808,94.1972446932267,1.43849831,3.70244318352782,12.8237158387081,103.439723666319,NaN,NaN,NaN,NaN,15.5474537590911,0.800852354021573,12.0550755042096,NaN,6.6000251535458,22.5491890724967,NaN,,1301.71621881285,29.9659333881228,180.070139364892,1.829149078,74.9227454360399,0.699008549571277,3.72234046005345,15.2278094193274,100.001494628516,NaN,NaN,NaN,NaN,27.3239893470961,0.962157913287157,10.1816696069982,14.4286614702848,5.9723104881348,18.6951067983727,1.05569571028158,,1300.16104437259,30,179.961565909857
19.4166666666667,0,105.040172504174,1.206826978,3.53499815522897,0.884255955810428,100.599811818276,NaN,NaN,NaN,NaN,11.1974233988333,0.0549999985881533,1.57155016659712,NaN,8.57819895395881,5.25241690717857,NaN,,1299.19795965552,30,178.63760152862,0,89.0300459565637,3.459087596,3.8871757407103,9.39457691536141,100.300600850657,NaN,NaN,NaN,NaN,8.40142446511668,0.64151994161837,8.10076578375294,117.090683254867,8.08685444414744,15.3539087401184,0.08023421808067,,1299.69199586002,30,180.922609270922,0.0889726788776741,83.6053866528557,2.039998428,3.74520213645331,12.3388564386567,100.364996802604,NaN,NaN,NaN,NaN,12.8409555845432,0.785446351175662,10.5645386856231,26.8676881572982,7.59742353256807,18.6356564185355,0.459335471406501,,1301.78220960525,30,179.574750654501,0.324343613086823,94.9176592572859,1.20417797,3.41589145835317,10.1684555885515,97.7477725748643,NaN,NaN,NaN,NaN,14.5977344423577,0.643388010441057,10.5767575260724,20.8143545490299,7.10009977683095,18.9583212002336,0.489774238491392,,1300.61953508608,29.9765533669081,178.972752942829,1.22003679592873,94.2966850347012,1.43849831,3.81982699630807,10.8477941614575,99.6619884547898,NaN,NaN,NaN,NaN,16.0188470799833,0.680345390839311,12.0960745741865,NaN,6.59964923942521,22.6277939714204,NaN,,1300.97700236137,29.9700821043304,180.090240385605,1.829149078,75.2533660522699,0.703584214830256,3.74065046669329,15.2378866608735,100.717550064395,NaN,NaN,NaN,NaN,27.3194705666002,0.962076892747841,10.2514888489808,13.6612180597103,5.97199267389075,18.8259646415558,1.11585000786408,,1299.76177564673,30,179.960614962048
19.5,0,105.026981082821,1.206826978,3.60119845005776,0.880907347516155,100.59630432298,NaN,NaN,NaN,NaN,11.5962563445495,0.0547984133493444,1.53970117232429,NaN,8.58102557680176,5.19679981697324,NaN,,1301.48850509146,30,178.632032736427,0,89.1592461528829,3.459087596,3.85933736076311,9.31658765463689,100.357234477422,NaN,NaN,NaN,NaN,8.68172089773634,0.636237194297009,8.09692521233509,117.238597222288,8.08941231389943,15.3468836238236,0.0794690643939598,,1298.70157225697,30,180.917471531173,0.0950808262315801,83.6865188158749,2.039998428,3.72705597727868,12.6129495825882,99.8142965449467,NaN,NaN,NaN,NaN,12.9352746161714,0.802832459650367,10.7007359521895,26.8733806633142,7.58037054390423,18.8918869726364,0.469359331340391,,1301.16393309138,30,179.575522674282,0.35320269141474,94.1903176848414,1.20417797,3.41140659639597,9.80539534798267,100.074032965834,NaN,NaN,NaN,NaN,14.7992605371667,0.621004303891316,10.594835728855,21.9155625647836,7.0980490319074,18.9923626109904,0.447718058144033,,1299.43718815784,29.9877242891811,178.996848097985,1.24117262257061,94.0914454471206,1.43849831,3.76523931900925,9.61219984111679,99.4714769186148,NaN,NaN,NaN,NaN,16.1727941672868,0.603993007444788,11.9867161121944,NaN,6.60012738482207,22.4182575962502,NaN,,1299.27140489449,29.9799262891209,180.10586661371,1.829149078,75.6149364419833,0.708307045999999,3.73935122720935,15.2081736971533,100.418819648072,NaN,NaN,NaN,NaN,27.125061596538,0.959770351129079,10.3027210619692,13.0325234538327,5.97209490431715,18.9218953119567,1.16794486438971,,1299.70424844783,30,179.95991426974
19.5833333333333,0,105.027378901233,1.206826978,3.53128429446109,0.873413021912566,100.661466727469,NaN,NaN,NaN,NaN,11.0781786556172,0.0543293298766006,1.63147420483961,NaN,8.58328966272625,5.3570833232372,NaN,,1300.55454121565,30,178.626464688621,0,89.395733779805,3.459087596,3.83885161785496,9.31851848716498,100.476913634037,NaN,NaN,NaN,NaN,8.25130868015802,0.636293261311697,8.10943550232494,117.003382753764,8.0926177661661,15.3697864339277,0.0796434522263017,,1300.81043088363,30,180.912334768692,0.0950811719999996,83.6827954095693,2.039998428,3.65853635360845,12.7988751899641,100.109163915832,NaN,NaN,NaN,NaN,12.849736140592,0.814469025148328,10.7541089310845,27.117326601022,7.57989698889435,18.9924390612039,0.47199314445498,,1299.13418774476,30,179.570046822348,0.370124573533691,94.1563779094299,1.20417797,3.41980311865392,9.52194607035971,99.4825599063233,NaN,NaN,NaN,NaN,14.3508043995,0.603116695940008,10.7455431269,21.4806597700762,7.09889797936834,19.2760792086756,0.443297945337465,,1300.82308763495,29.9934122321898,179.0082174579,1.26268562817656,93.8700837542556,1.43849831,3.78846862189077,8.89034011802887,99.3329960998457,NaN,NaN,NaN,NaN,16.2931533612299,0.558868045138562,12.0214439355069,NaN,6.59945699304538,22.4847593723244,NaN,,1298.48598517067,29.9875066448647,180.121980304752,1.829149078,75.7097423238041,0.712972664775608,3.78578494145601,15.1822661933271,100.549376060436,NaN,NaN,NaN,NaN,27.3174707224631,0.958712521568443,10.2966278805818,13.7380063754015,5.97218891850164,18.9105306141413,1.10528727393381,,1299.65813751887,30,179.958935460377
19.6666666666667,0,105.01459584656,1.206826978,3.5324717991977,0.868294900033207,100.702793130058,NaN,NaN,NaN,NaN,11.1598145081667,0.0540167359765154,1.69938737085032,NaN,8.58587472182025,5.47574592175671,NaN,,1299.71503128027,30,178.620881705096,0,89.5269508519729,3.459087596,3.85056534305363,9.23132383058148,99.9769983602988,NaN,NaN,NaN,NaN,10.6067440527438,0.630249363700646,8.16298752219573,116.97625072795,8.09585779240494,15.4678390023954,0.0789175009855434,,1299.26979280375,30,180.907181839563,0.0950811719999996,83.6384000485966,2.039998428,3.7494762207592,12.623090571222,99.6817227568699,NaN,NaN,NaN,NaN,13.1190736722926,0.803091965430719,10.7771225988026,26.8256449043633,7.58344851711161,19.0358127989138,0.470609174635121,,1300.12005781323,30,179.56457027758,0.392431474260045,93.901117741025,1.20417797,3.44588679626546,9.36309995509968,99.8240426335895,NaN,NaN,NaN,NaN,14.0395632731667,0.593426337719855,10.7299183127707,21.8576415625398,7.09874856394712,19.2465937595345,0.428416234833461,,1299.48396003749,30,179.02467422949,1.28375276430355,93.482595163396,1.43849831,3.75057535735433,8.45599492365336,99.6184881259415,NaN,NaN,NaN,NaN,16.615856777,0.531933529582008,12.0658451607776,0.120892702320263,6.59880566664346,22.5698038353909,89.3246935591825,,1299.66274947878,29.9942461395043,180.137340254281,1.829149078,76.0494989785573,0.718131790254508,3.78147713417704,15.1229785346737,100.6125136866,NaN,NaN,NaN,NaN,27.49051921188,0.954812498787237,10.4943127450024,13.4416016965808,5.97297814824016,19.2813955888753,1.12568255815904,,1299.8618906024,30,179.958582915634
19.75,0,104.976618921468,1.206826978,3.35249484254039,0.892792612976958,100.72741367277,NaN,NaN,NaN,NaN,10.982855256,0.0531736223306351,1.68713448815415,NaN,8.5889654894691,5.4543381555693,NaN,"Sample 6.00 mL to CDW Samples 3/A1",1299.53481762575,30.0030032781513,173.780356880461,0.00195308186300991,89.9590082463438,3.459087596,3.66799445781269,9.43621945732018,101.913715453151,NaN,NaN,NaN,NaN,11.0838741658618,0.611699064947285,8.10765568699092,120.174527845445,8.09899789905906,15.3665509805835,0.0794013754987703,"Sample 6.00 mL to CDW Samples 3/A2",1299.52205997182,30.0023889438023,176.247799289238,0.0950811719999996,84.0465295551999,2.039998428,3.41989565869283,12.9086786752632,102.106660046019,NaN,NaN,NaN,NaN,13.2967279227395,0.774947969820786,10.8650252090023,28.2772581368698,7.58587048035451,19.2015994421632,0.46135841848313,"Sample 6.00 mL to CDW Samples 3/A3",1298.89051423903,30.0009577164749,174.692706428094,0.411111722,94.0747732398442,1.20417797,3.28367690753215,9.49804711091783,100.985051326522,NaN,NaN,NaN,NaN,14.3241197926795,0.573838596100405,10.7730329768348,22.3811814633748,7.08181066139842,19.3278925521895,0.428651225919149,"Sample 6.00 mL to CDW Samples 3/A4",1301.05943268962,30.0031646665251,173.94458270463,1.30035873543748,93.6856579919158,1.43849831,3.50834709958566,8.62727219863506,100.922859226854,NaN,NaN,NaN,NaN,16.4019515715212,0.499410836849654,12.0443232396004,NaN,6.59997489025106,22.528543016992,NaN,"Sample 6.00 mL to CDW Samples 3/A5",1299.33444655977,29.9977627838252,174.819284158647,1.829149078,76.7880380443729,0.720603235196683,3.43334455074015,15.5853921743419,102.686314725987,NaN,NaN,NaN,NaN,27.485782124119,0.916849051996717,10.5485349783214,13.2240355079165,5.97188303480783,19.383269233116,1.1169123318254,"Sample 6.00 mL to CDW Samples 3/A6",1300.49342651126,30.0003569853418,174.404477570638
19.8333333333333,0,104.999860418984,1.206826978,3.6259488212073,0.898820594696875,100.803274136786,NaN,NaN,NaN,NaN,11.2008281545,0.0539384283015795,1.67685184969977,NaN,8.59211309687756,5.43636896348679,NaN,,1299.81525434544,30.0100002288818,172.315762999583,0.0109891400647801,90.8879917494721,3.459087596,3.95888508222551,9.57706072489126,100.899554482256,NaN,NaN,NaN,NaN,11.002203315238,0.628638489873239,8.14264214350443,117.925949715359,8.09948064167307,15.4305632796778,0.0819193615713445,,1301.89177270416,30.0100002288818,174.613790630289,0.0950811719999996,84.9497666329388,2.039998428,3.81045426991128,12.8547753608562,100.675503385172,NaN,NaN,NaN,NaN,12.9046544636286,0.785765739509703,10.9667480432442,26.9234853833583,7.59176088126645,19.3937128677833,0.481370390770746,,1299.59869005039,30.0100002288818,173.259679043589,0.411111722,94.5338746088398,1.20417797,3.57017843334866,9.5425459498041,100.289057378455,NaN,NaN,NaN,NaN,14.3011420901538,0.584594870337729,10.8285147219953,21.8220980546498,7.0883756753686,19.4324886274677,0.439519931132445,,1299.91211453994,30.0100002288818,172.739105106355,1.32223748630334,94.1154475776834,1.43849831,3.81825468390725,8.31454850299711,100.698204498296,NaN,NaN,NaN,NaN,16.2401638469788,0.500674252835495,12.1899656392814,0.320225877516963,6.59926202680941,22.8080846869926,28.602554481156,,1297.63377051747,30.0099995480898,173.870737829296,1.829149078,78.1762980223067,0.72394788,3.81049958613072,15.2830772590917,101.232766261745,NaN,NaN,NaN,NaN,27.2027158474428,0.926735527076953,10.5925284076758,12.3365769005357,5.97189074138796,19.4660067632323,1.22401246598568,,1297.30934276631,30.0084803540459,173.659520675947
19.9166666666667,0,105.010638321548,1.206826978,3.60254041250226,0.894299392858862,100.806177519925,NaN,NaN,NaN,NaN,10.9995321808333,0.0536787432401622,1.69061014236936,NaN,8.59447658514386,5.46040888743482,NaN,,1299.13864541889,30.0100002288818,172.310197314565,0.0202143091852522,91.0936876192976,3.459087596,3.95769342501567,9.6305624359602,100.336725612648,NaN,NaN,NaN,NaN,9.78824720731049,0.632351706550235,8.1956462136813,116.254492134073,8.09878714343863,15.5276100193103,0.082840600868534,,1300.03580658083,30.0072959151431,174.617793806216,0.0955072827840884,85.0622460678511,2.039998428,3.79283680932694,12.6375693790481,100.074575965928,NaN,NaN,NaN,NaN,12.959203843,0.775216636015843,11.0820203277918,26.0710699836721,7.5959469853462,19.6116919618436,0.484808706744903,,1301.87771020041,30.0100002288818,173.254563085721,0.430394677878229,94.8662538720187,1.20417797,3.51593669606208,9.12690637815181,100.935968813919,NaN,NaN,NaN,NaN,14.714175363,0.557854300406248,10.7952615590186,21.2809424411277,7.09838125557741,19.3698001132451,0.428901265687416,,1300.90867507804,30.0100002288818,172.75229406271,1.33697677592558,94.5044340260548,1.43849831,3.79106962946141,8.0440269572661,100.565534115938,NaN,NaN,NaN,NaN,16.4910325488333,0.488384815082486,12.1572866193821,0.164544962368247,6.59907612581222,22.7452677691628,90.9792541866185,,1301.13953709209,30.0094868308805,173.880002740029,1.829149078,78.328883804975,0.728655722368567,3.84255450489005,15.0729706312051,100.314757212445,NaN,NaN,NaN,NaN,27.5504390002432,0.917177257121498,10.5707737376008,11.5700052780607,5.97264309787086,19.4252596782175,1.30324116307882,,1300.32227146336,30.0004017104409,173.658592876661
20,0,104.990401942443,1.206826978,3.60417708094116,0.886984875026167,100.861827910781,NaN,NaN,NaN,NaN,11.240811835,0.053228236252975,1.7308526650918,NaN,8.59697596393277,5.53073440301391,NaN,,1301.09756271999,30.0100002288818,172.30462992359,0.024047627594638,91.1531600843251,3.459087596,3.93780550301135,9.63462391119759,99.9944904020299,NaN,NaN,NaN,NaN,8.70532320980547,0.632914572136516,8.22763882829956,116.467749622986,8.09878710630004,15.5862239677708,0.0827241949560573,,1300.26712266622,30,174.616605747,0.104148952113837,85.1391240636109,2.039998428,3.80055431691732,12.5844037576627,100.292357191623,NaN,NaN,NaN,NaN,13.0463308164911,0.771930382479781,11.1537514484709,25.6754914057782,7.59390620783349,19.7474870701064,0.490204582525271,,1300.81698102957,30.0100002288818,173.257522588268,0.444134221066277,94.831231977798,1.20417797,3.54666448377199,8.83071316822288,99.3789619713916,NaN,NaN,NaN,NaN,14.7102675825182,0.54009367893825,10.8245360637006,21.667592566401,7.09752379945614,19.4249947051808,0.407934386255811,,1300.14739790288,30.0077671737826,172.760900104559,1.35327422942514,94.7931329450414,1.43849831,3.77170901567643,7.81500911240572,100.82832040967,NaN,NaN,NaN,NaN,16.2714884756667,0.474643640769243,12.1911981634133,NaN,6.59970867173105,22.8104563608097,NaN,,1301.18240986206,30.0000128913242,173.890678444176,1.829149078,78.5198848775902,0.731946503570073,3.76773050645517,14.9824959593103,99.9537862585592,NaN,NaN,NaN,NaN,27.3174221590396,0.911501398386706,10.8924163770012,11.8244742885395,5.97217974748711,20.0311288913569,1.26784740951789,,1301.53814459094,30,173.656347048146
20.0833333333333,0,105.008075334494,1.206826978,3.53807177425319,0.88165967606724,100.85858623311,NaN,NaN,NaN,NaN,11.0806503726667,0.0529216972165426,1.80862541296108,NaN,8.5973868705823,5.66668861500514,NaN,,1299.08587872031,30.0011461333923,172.299063789811,0.0319835815362715,91.282752909544,3.459087596,3.92444772857756,9.62454268497034,100.375032490011,NaN,NaN,NaN,NaN,8.29686638497939,0.632209881200435,8.17326362724485,116.896928083131,8.09676067469115,15.4866288940699,0.0823337807074742,,1300.42401799146,30,174.619320160729,0.111968598,85.1735130939014,2.039998428,3.80092035990053,13.1159161318915,100.090295368021,NaN,NaN,NaN,NaN,13.0400776949342,0.804340498403963,11.2479499747212,25.6441626294491,7.57115504675118,19.9260691879967,0.511461179107845,,1300.21901775541,30.0019875710992,173.260136780676,0.464053559026443,94.7018505773745,1.20417797,3.49110310456255,8.56960484953,99.733088001253,NaN,NaN,NaN,NaN,14.6030549386009,0.524139219721331,10.8213609503411,21.880871569553,7.09889780964274,19.4189892453446,0.391691636553688,,1298.92036733286,30.00120254898,172.775213421086,1.37190677078111,95.2552417689735,1.43849831,3.81365691995957,7.6051196764221,100.924659001513,NaN,NaN,NaN,NaN,16.2410271588333,0.46212263267376,12.1826161106351,NaN,6.5987248099772,22.7940218474465,NaN,,1300.81924318861,30,173.903828461974,1.829149078,78.5804709564516,0.735838950482701,3.76240806203279,14.9092758862269,100.499635821028,NaN,NaN,NaN,NaN,26.8293282884996,0.907057464397785,10.782955229896,11.9300981479936,5.97210275863654,19.8245323280489,1.25048700970957,,1297.99224298038,30,173.654709265168
20.1666666666667,0,104.966869851444,1.206826978,3.61201271922218,0.892353151886443,100.908610474646,NaN,NaN,NaN,NaN,11.1600930863333,0.0535585431434036,1.7021199179246,NaN,8.59028430622627,5.48051882785172,NaN,,1300.37257979672,30,172.293497107496,0.0345703194375856,91.4064195953905,3.459087596,3.95242893289135,9.71974663420515,100.142346500963,NaN,NaN,NaN,NaN,8.50454001076701,0.638680395526593,8.23186443817574,116.559587633458,8.09791008137929,15.5939614473522,0.0833885193223445,,1300.5094371896,30,174.616695608653,0.111968598,85.1948663504422,2.039998428,3.75703093467604,13.0435716139238,99.7247036654246,NaN,NaN,NaN,NaN,12.592949684408,0.800158496190862,11.2420725526503,25.8199308163714,7.57873274421515,19.9148949463451,0.505191608674833,,1300.00707528588,30,173.254659452468,0.482007982077535,94.4252688242396,1.20417797,3.55518421719224,8.41551725705612,99.4413585568153,NaN,NaN,NaN,NaN,14.4157202780725,0.51489748623928,10.8412225630727,22.4620414934702,7.0990413014709,19.4564896436052,0.374690546365654,,1300.07196674507,30.0004032395225,172.787744123024,1.38785788262023,95.6416935852973,1.43849831,3.66282227059421,7.31679730926883,100.449078243764,NaN,NaN,NaN,NaN,15.8401933871667,0.444487344296579,12.0962785506376,NaN,6.59828072868187,22.6282232159821,NaN,,1301.34531828487,29.9988615856531,173.914434247035,1.829149078,78.7952704098079,0.739374455999999,3.79719643769731,14.8584162934711,100.400550160543,NaN,NaN,NaN,NaN,26.7430654754671,0.904052933867384,10.8331806609464,11.6342004877003,5.97207426793568,19.919378886201,1.27726305985022,,1298.47765969193,30,173.652809967029
20.25,0,105.01112790385,1.206826978,3.57831245827103,0.895940042930597,100.90219948092,NaN,NaN,NaN,NaN,11.2009326076667,0.0537685030473605,1.74158173653187,NaN,8.59082957473776,5.54948500555606,NaN,,1298.82593102785,30,172.287930977453,0.0437746387028047,91.5128909571788,3.459087596,3.89355349924942,9.71649219144347,100.370211607082,NaN,NaN,NaN,NaN,8.35081058035224,0.638401551619916,8.2891812301515,116.806677489554,8.09483322722283,15.699014170177,0.0831847764593998,,1299.35402026361,30,174.620926734765,0.111968598,85.139706882083,2.039998428,3.75665995668014,12.8467519221044,100.125271378305,NaN,NaN,NaN,NaN,12.6511997888279,0.787844214179827,11.3187588473591,25.7521312346953,7.58349554252088,20.0603860995564,0.498883555605023,,1300.17220871805,30,173.249182304056,0.499774075813301,94.120475793849,1.20417797,3.48282690408269,8.32791964303005,99.5775725004322,NaN,NaN,NaN,NaN,14.4676500259751,0.509938850568037,10.798978736178,22.4043443812908,7.09916083221984,19.376766013861,0.371750055129018,,1300.49861246871,30,172.800042026083,1.40425340468508,96.382600122087,1.43849831,3.68780144967198,7.07998710950231,103.553621331884,NaN,NaN,NaN,NaN,16.0393928916667,0.430025813866722,12.147671906278,NaN,6.59871552336974,22.7268314787376,NaN,,1300.95073329845,29.9967927487848,173.925076590955,1.829149078,78.8968160506975,0.74367727436895,3.80387305419175,14.8289278941248,100.228142701751,NaN,NaN,NaN,NaN,26.6378592531411,0.902518821961046,11.2124582208493,11.6142191893725,5.97256166999087,20.6365329140061,1.27736772520616,,1300.49098105933,30,173.651472218002
20.3333333333333,0,105.001212289461,1.206826978,3.340685227804,0.891241085140441,100.898348735478,NaN,NaN,NaN,NaN,11.2413557723333,0.0533299487326629,1.770762318307,NaN,8.59345281935274,5.60049417544395,NaN,"Sample 1.50 mL to AMBR-96DWP-2/B1",1299.90125669177,29.9993100320532,171.952358162329,0.051096946263557,91.652622186498,3.459087596,3.71456335155006,9.74155236979522,99.8834421726065,NaN,NaN,NaN,NaN,8.39850394768304,0.63623672967702,8.35741145282684,116.518328581131,8.08993929124703,15.8241674819598,0.0838047271339081,"Sample 1.50 mL to AMBR-96DWP-2/B2",1299.82743980551,29.9995190603791,174.271986571341,0.126580794212696,92.0992045224797,2.039998428,3.50931547837193,12.3746884151273,123.097061361132,NaN,NaN,NaN,NaN,12.7451913806921,0.752828202632651,11.3593380080307,13.3058955935097,7.59406259455399,20.1375050312234,1.57103256200302,"Sample 1.50 mL to AMBR-96DWP-2/B3",1302.61595935567,29.9782342243999,173.085540801531,0.515103267459025,93.9287832804045,1.20417797,3.25072372729434,8.26875321258418,99.556342372814,NaN,NaN,NaN,NaN,14.367554808,0.505534526111032,10.9002543030848,22.709091047813,7.09890703336347,19.5678509354889,0.363740516163379,"Sample 1.50 mL to AMBR-96DWP-2/B4",1300.64348865354,29.9999181503772,172.622484768162,1.41452325608881,99.5416327246837,1.43849831,3.45466501091861,6.3238555025578,105.25575488351,NaN,NaN,NaN,NaN,16.0799375288333,0.381536875663419,12.1661054809501,NaN,6.59832005367079,22.7622588565933,NaN,"Sample 1.50 mL to AMBR-96DWP-2/B5",1300.20038118715,29.9861023981531,173.730536952608,1.829149078,79.0841404662625,0.747578442013966,3.50712983753852,14.7942265541342,100.400438637632,NaN,NaN,NaN,NaN,26.5979991955,0.898661456212026,11.1011579216129,11.700988856413,5.97273452949609,20.4256253221528,1.25956799788395,"Sample 1.50 mL to AMBR-96DWP-2/B6",1298.87221073783,29.9990893670961,173.436373703707
20.4166666666667,0,105.046289837221,1.206826978,3.57682170625845,0.892650972233029,100.996310242195,NaN,NaN,NaN,NaN,11.0412828861667,0.0527477101508905,1.82122611769406,NaN,8.59672089622222,5.68873468184601,NaN,,1298.6287855317,29.9994870514065,170.48279416146,0.0539825919999997,91.9904498087812,3.459087596,3.90852841275328,9.90425143374964,101.221114080821,NaN,NaN,NaN,NaN,8.46754866509434,0.652697728526746,8.36378894819638,117.966895175873,8.0756303404497,15.8358588577381,0.086458170812227,,1299.83419727407,29.9992738386749,172.826852797093,0.156782526733762,99.0062889357267,2.039998428,3.71699256506647,12.2850513212399,103.891178967744,NaN,NaN,NaN,NaN,12.901835070248,0.694781509995324,11.3492470072753,3.74902571678769,7.59860851897972,20.1182759851489,2.33040539776488,,1301.03712208468,29.9534255888707,171.488218383951,0.533208221997863,93.9695527640373,1.20417797,3.52614686648319,8.31098401406322,100.428178436817,NaN,NaN,NaN,NaN,14.4417436399209,0.489604287805475,10.8167635805053,22.8822747665542,7.09900948298425,19.4103379639747,0.353537088083892,,1301.03072772827,29.9996810156137,171.02853390553,1.42069675728926,100.670592931247,1.43849831,3.60419572916173,5.93481438245532,100.768126379683,NaN,NaN,NaN,NaN,16.1375526996691,0.311084254599271,12.1661377612857,NaN,6.59862235620383,22.7623358105485,NaN,,1300.50443918852,29.9838528831769,172.136681244196,1.829149078,79.6194103776324,0.749775708,3.74818164779389,14.9128943006728,101.228010893427,NaN,NaN,NaN,NaN,26.391244641,0.866709162594173,11.1904824071556,11.7809987520059,5.97140604994827,20.5948115637893,1.14852695212911,,1298.46087896505,29.998501012555,171.852662598808
20.5,0.00320021242007306,104.960501624746,1.206826978,3.58654555693859,0.896104895767646,101.022669922201,NaN,NaN,NaN,NaN,11.1803274136704,0.0532006330869129,1.83347056895456,NaN,8.59902372110058,5.71015423509191,NaN,,1301.0197399854,30,170.480231889795,0.0539825919999997,92.2600121130574,3.459087596,3.91372871363642,10.2459061576238,100.092773545277,NaN,NaN,NaN,NaN,8.5654674594367,0.665212614186343,8.42740137045188,116.311016211897,8.08729321216146,15.9525978005639,0.088094364843786,,1300.20985363771,30,172.82169671009,0.189014846598822,99.2919371191875,2.039998428,3.61671958829544,11.3883541465681,99.7707374296616,NaN,NaN,NaN,NaN,12.9947295855148,0.684579203894609,11.3690587566527,8.16294436776002,7.59953219646653,20.1558883434585,1.39782636549594,,1299.92045385999,29.9633786889339,171.515066853323,0.552254361855231,93.9827190180306,1.20417797,3.52728956884789,8.28150642333843,99.6806815570058,NaN,NaN,NaN,NaN,14.3149772822458,0.501926459456192,10.8694385151793,22.736809362019,7.09900811863103,19.5097083436368,0.364270083238704,,1299.77630260266,30.0051855599736,171.042151101802,1.43372256108,100.820443188704,1.43849831,3.68520853008536,4.68514182954338,100.063603267624,NaN,NaN,NaN,NaN,15.6422334363309,0.282193326212811,12.0861722226778,NaN,6.5982960492249,22.6089432532783,NaN,,1298.21272009504,29.9899997711182,172.143959960466,1.829149078,80.0843328098194,0.754591694082548,3.76515871450729,14.7405152461037,100.440104176689,NaN,NaN,NaN,NaN,26.3950739089574,0.887548804057246,11.3286424734212,11.4173876198029,5.97241737692781,20.8568434584729,1.29358048377351,,1301.83878138781,30,171.85186077076
20.5833333333333,0.00965066399999964,104.997985317865,1.206826978,3.59566048751364,0.902721088519796,101.011752917115,NaN,NaN,NaN,NaN,11.1810593724962,0.053577649366479,1.77568931507785,NaN,8.58822426249904,5.60911315336335,NaN,,1300.95897649439,30,170.481305950276,0.0562691406827535,92.283051011422,3.459087596,3.90664057468858,9.92057245083662,100.243644424245,NaN,NaN,NaN,NaN,8.47421425682316,0.644929822082885,8.43743747156127,117.165656395107,8.09857554543769,15.971021027927,0.0846723823863137,,1300.50448339542,30,172.818678959093,0.214469001134473,99.1760911312389,2.039998428,3.58553893400089,11.1355068216644,99.9165724599508,NaN,NaN,NaN,NaN,12.902746027406,0.669932468184047,11.4193000371704,8.92736105002128,7.59189227672502,20.2513549661564,1.24781378827257,,1299.465518201,29.9749454772923,171.535379299567,0.567052238150934,95.8674089005934,1.20417797,3.48380539621115,8.16435666750472,110.282809017724,NaN,NaN,NaN,NaN,14.5526122468871,0.493632369925577,10.8686450259464,19.3391512590736,7.09892412657482,19.5081838758672,0.445440161794186,,1298.93515274357,30.0001035937727,171.051455727373,1.43586878,100.825241666445,1.43849831,3.64529552472951,4.28559726179966,99.9261442045918,NaN,NaN,NaN,NaN,15.4739654159539,0.258049090090021,12.1266562342513,NaN,6.59815486511106,22.686560427212,NaN,,1299.63374627201,29.9924082782333,172.140835849213,1.829149078,80.1757306802277,0.759013806151274,3.76132789851435,14.7203279093234,100.262284957494,NaN,NaN,NaN,NaN,25.3204185934152,0.886187130372216,11.3429319544946,10.8083689474052,5.97264580348984,20.8845624626552,1.36246877908116,,1299.88611066099,30,171.85073486705
20.6666666666667,0.00965066399999964,104.996546847496,1.206826978,3.59120527720814,0.916974013075688,101.033966136505,NaN,NaN,NaN,NaN,11.1599743651667,0.0544018611445559,1.86699793609787,NaN,8.58270719958977,5.76877813435021,NaN,,1300.17415406763,30,170.475735183482,0.0702397668080428,92.5311475254575,3.459087596,3.9229031063471,9.87338919261534,100.451079304996,NaN,NaN,NaN,NaN,8.53157900260003,0.641259574968008,8.41264794798413,116.803087494651,8.08885122593167,15.9255303927791,0.0845336709197667,,1298.70793040653,30,172.827378432145,0.240591915013891,99.0733395804898,2.039998428,3.6563077880758,10.7607862743374,99.8277516003805,NaN,NaN,NaN,NaN,12.7648185196986,0.647763582548449,11.5089659170275,8.92847261374627,7.60029259268607,20.4219500356387,1.20550251845333,,1300.11544170194,29.9809074910784,171.555363976607,0.581745102331457,101.827077160543,1.20417797,3.32615110369964,7.2968494812326,105.912418215269,NaN,NaN,NaN,NaN,14.7436703239462,0.438799259165183,10.8366162360875,8.99569609468393,7.09880390099603,19.4477505315069,0.821768296953662,,1299.2086310119,29.9816754341802,171.060709673919,1.44432658782284,100.827893332904,1.43849831,3.62046540402519,4.01943662351212,100.183572130775,NaN,NaN,NaN,NaN,16.2271446027127,0.24219848438426,12.1736444665065,NaN,6.59905947869165,22.7766952821772,NaN,,1299.79598326704,29.997345612459,172.14347895805,1.829149078,80.1200698054041,0.763117975013446,3.77557526412847,14.6517740774268,99.8112576078023,NaN,NaN,NaN,NaN,25.3971540573788,0.882379629054704,11.511967003608,10.996874869443,5.97266998852719,21.2053953424398,1.33266511840572,,1299.22174430613,30,171.849321399314
20.75,0.00965066399999964,105.026899132035,1.206826978,3.56206695715136,0.91854015713271,101.064686913955,NaN,NaN,NaN,NaN,11.2313512050227,0.0544820537818298,1.79934600955771,NaN,8.58289934409048,5.65046357625107,NaN,,1298.31321354435,30,170.470162785724,0.0742591900000003,92.6117849182296,3.459087596,3.91525278242778,10.3736420725557,99.9608317268692,NaN,NaN,NaN,NaN,8.5617751257769,0.673774090319613,8.60582099544846,116.826102473982,8.07531798900623,16.2804527136662,0.0887956837685336,,1300.65950029425,30,172.826498405426,0.272728519799436,98.9072341197025,2.039998428,3.6374028882146,10.3444714905398,99.5776256774156,NaN,NaN,NaN,NaN,12.8762381484619,0.623030069723006,11.5433288820363,9.25831267772193,7.59917366650048,20.4873500627201,1.11767222276199,,1300.16856845977,29.9891817306122,171.582259532015,0.593377707891868,102.40272100159,1.20417797,3.29222459204001,6.47534030601014,99.9042346597344,NaN,NaN,NaN,NaN,14.4291289495,0.390346403604459,10.7975807472281,12.9398198939359,7.09610088969312,19.3741505367059,0.504432422179545,,1299.73774780431,29.9799995422363,171.066962731171,1.449444946,100.977510780354,1.43849831,3.61153590540924,3.85294858347105,100.222183195188,NaN,NaN,NaN,NaN,15.6692268881364,0.232119003383334,12.2526918403896,NaN,6.59860245908482,22.9285445348884,NaN,,1300.33987560888,30,172.143330751028,1.829149078,80.0910895821619,0.766747107931424,3.77775952256895,14.6359326996922,100.151553287406,NaN,NaN,NaN,NaN,25.7714568159152,0.881374205895253,11.49849264745,10.8990210696575,5.97186481531784,21.1797316557391,1.34416903994099,,1298.87152313963,30,171.847407695186
20.8333333333333,0.00965066399999964,104.968985181839,1.206826978,3.60639909072829,0.91250796093329,101.033435683269,NaN,NaN,NaN,NaN,11.0094501756439,0.054160819562855,1.77783551627559,NaN,8.58557646222423,5.61285998904408,NaN,,1301.24661960772,30,170.464591602613,0.0742591900000003,92.5728833613703,3.459087596,3.92866435398061,10.1071738290928,100.030717847785,NaN,NaN,NaN,NaN,8.36118058696658,0.656843944389548,8.55442751572492,117.657805692989,8.0922993503397,16.1859524175368,0.085905470907132,,1299.52256511158,30,172.821340788438,0.29559031285455,98.7452505837339,2.039998428,3.66424754175149,10.0909451598129,99.7773904432331,NaN,NaN,NaN,NaN,12.9116952051006,0.608102616604074,11.4567030396526,9.55556397601454,7.59315494903483,20.3225016842105,1.05617912434332,,1299.93061303593,29.9903996762711,171.599868879061,0.595918986,102.385767242725,1.20417797,3.33069190640897,5.85924230011493,100.216670815453,NaN,NaN,NaN,NaN,14.5825928636881,0.353845134302983,10.8228962112532,14.1802911042587,7.08987551265834,19.4218674753995,0.413222546588728,,1300.31178724844,29.9810032624174,171.064146219015,1.45809535476907,100.973285750504,1.43849831,3.57871798626904,3.73491628227758,100.06858467464,NaN,NaN,NaN,NaN,15.4505057219526,0.225057125119516,12.2367885466931,NaN,6.59900131624301,22.898000431149,NaN,,1298.09614731625,30,172.146172159733,1.829149078,80.2424082389098,0.771110425487998,3.72475766934297,14.6707150332986,100.040418871994,NaN,NaN,NaN,NaN,25.4979525013787,0.883400517587844,11.6286368872715,10.4131708982078,5.97197586772889,21.4277489138763,1.41014015849429,,1300.7410651395,30,171.846236204192
20.9166666666667,0.00965066399999964,105.015153698906,1.206826978,3.60531238858912,0.905337548834366,101.028315882485,NaN,NaN,NaN,NaN,10.919739498,0.0537193648298463,1.7987268977157,NaN,8.58860383913297,5.64938302468079,NaN,,1301.39691586342,30,170.459021925964,0.083409720373514,92.8037180104586,3.459087596,3.85015416926947,9.96911301872554,100.516736175564,NaN,NaN,NaN,NaN,8.08054570233333,0.647822116017308,8.48302612297417,117.113077604019,8.0841248402661,16.0547417390178,0.0851317220412918,,1299.52785964479,30,172.825130813491,0.316176094967771,98.6198437093173,2.039998428,3.67826001704697,9.71158911471402,99.6177716578924,NaN,NaN,NaN,NaN,13.0935032601119,0.585167847308638,11.416024742331,9.49124054543665,7.59985335004227,20.2451621933054,1.02326950117321,,1299.9161968984,29.9983883399112,171.614515782433,0.595918986,102.478644185293,1.20417797,3.26394390810415,5.25191935369743,100.123488536046,NaN,NaN,NaN,NaN,14.6789862864786,0.317282352375981,10.8143303501495,14.1892998298211,7.09348757575538,19.4057885318057,0.370142978583391,,1299.98090044316,29.9895985343432,171.058654871796,1.462865288,101.272468978394,1.43849831,3.64232785102624,3.62416405663812,100.790109627767,NaN,NaN,NaN,NaN,15.7046012714871,0.218491240009826,12.2081241159396,NaN,6.59761862080571,22.8428849262772,NaN,,1299.75108585781,30,172.145673748508,1.829149078,80.2033857848424,0.775817793999999,3.76171517685445,14.6404368367827,100.229824519532,NaN,NaN,NaN,NaN,25.2454336272757,0.881462712088694,11.6169917074813,10.7828063319149,5.97240894256193,21.4053567417194,1.35861942699536,,1298.3013701564,29.9998013492216,171.845516565909
21,0.00965066399999964,104.999021417298,1.206826978,3.57018457538319,0.905293631970759,101.079492459862,NaN,NaN,NaN,NaN,11.0612117634132,0.0537273036780624,1.84000789135149,NaN,8.59194257860845,5.72156621466434,NaN,,1299.422147975,30,170.453452322532,0.0844072279999991,92.8779653887836,3.459087596,3.86463762211452,10.2973397291327,99.8856199623765,NaN,NaN,NaN,NaN,8.2408119015,0.668732015328448,8.50946889172858,116.698102247108,8.07943800611892,16.1033153177613,0.0882397908238843,,1300.84084086805,30,172.821172426626,0.344093700104896,98.411466533508,2.039998428,3.62224085395688,9.58020757036086,99.6921975102569,NaN,NaN,NaN,NaN,12.7625146823223,0.577488122721933,11.509777382604,9.69910295596932,7.58106273731831,20.423431114692,0.987804943693122,,1301.45505504984,30,171.637322438199,0.598026856991762,102.597279657964,1.20417797,3.30350863639503,4.73999780505227,100.153845884884,NaN,NaN,NaN,NaN,14.6376438685,0.286347385911943,10.7134229193116,14.1047290932617,7.09808092017058,19.2155319495161,0.336075965614692,,1300.86428219889,29.9899997711182,171.055070587625,1.462865288,101.571055167397,1.43849831,3.5934576786485,3.48568130111506,100.602387202984,NaN,NaN,NaN,NaN,15.6578807152354,0.210045712618963,12.2173546123274,NaN,6.59755853771173,22.8606228936736,NaN,,1300.34303376982,29.9999822603692,172.140134381947,1.829149078,80.1913955141081,0.780247269911774,3.77769553488414,14.5895069743981,99.7598470233863,NaN,NaN,NaN,NaN,25.2857665585487,0.878690561875845,11.7717036710529,10.574704491405,5.9727874580805,21.7007345191912,1.38222263408958,,1298.2411926968,29.999390743569,171.844307545656
21.0833333333333,0.00965066399999964,105.015202919621,1.206826978,3.60262339065149,0.89550982234231,101.083833691267,NaN,NaN,NaN,NaN,11.3288675382329,0.0531586695623426,1.86290469123466,NaN,8.59482366928827,5.76160514919212,NaN,,1300.43510112792,30,170.447884289851,0.0845640163548679,92.899787153282,3.459087596,4.04041322436246,10.0333623819902,100.212557077947,NaN,NaN,NaN,NaN,8.27023831845094,0.65201118398742,8.66634179360673,117.476324338473,8.09375075402397,16.391823748645,0.0854080792382622,,1299.36351359088,30,172.816105204188,0.351280211936688,98.2082738548208,2.039998428,3.62027542846262,9.44811547126665,99.5640830774819,NaN,NaN,NaN,NaN,12.9881101737826,0.569599786542305,11.554123460335,9.73512812192248,7.59306651319658,20.5078473324593,0.970954588015318,,1299.06200096981,30,171.638788805181,0.612455417907244,102.705477616821,1.20417797,3.25680112703296,4.28768494281329,100.17550883034,NaN,NaN,NaN,NaN,14.7589062973333,0.259065521809952,10.7309285805833,14.0240346900072,7.09765984039551,19.2485092231787,0.305714933419516,,1300.41525139823,29.9899997711182,171.064008066348,1.46938559183559,101.874032478672,1.43849831,3.54763530511532,3.32836827241957,100.26870238986,NaN,NaN,NaN,NaN,15.6289197845218,0.200642542694582,12.1607233488895,NaN,6.59907743763642,22.7518467577534,NaN,,1300.66279782966,29.9972064745625,172.14084250573,1.829149078,80.335772935267,0.782696292774627,3.79714976093806,14.6558417248252,100.382114403321,NaN,NaN,NaN,NaN,25.0264317356196,0.882613473065361,11.6449024356562,10.5463710699764,5.97134338371718,21.4585842808024,1.39075563622843,,1300.00340049382,30,171.841224128899
21.1666666666667,0.00965066399999964,105.011915966251,1.206826978,3.61258230443134,0.891849356373832,101.070198284445,NaN,NaN,NaN,NaN,11.2940824405206,0.0529198276223418,1.8573703116676,NaN,8.59787944944721,5.75192624104923,NaN,,1298.16481965117,30,170.442315480435,0.100915828561427,93.1055524908199,3.459087596,3.93321967658554,9.82564139644728,100.431498515238,NaN,NaN,NaN,NaN,8.41933712892151,0.638348974211582,8.66747721574586,117.722058174993,8.09215863705555,16.3939161139186,0.0834654791376285,,1300.24282714636,29.9948166675244,172.82695983524,0.380653303639342,98.0415930289924,2.039998428,3.62064608179155,8.86472731498743,99.6721893995455,NaN,NaN,NaN,NaN,12.9394823228333,0.534676044608236,11.4704829046826,9.73641908240134,7.59892792317102,20.3487247864341,0.910558500652002,,1299.77692590511,30,171.66264091121,0.616000804,102.766177936157,1.20417797,3.2701110878749,3.93832828421768,100.267340816944,NaN,NaN,NaN,NaN,14.6325477706658,0.238071545469858,10.7919691300348,13.9558884217841,7.09789074407026,19.3635708477909,0.282182095605674,,1300.30610831156,29.9948319377702,171.062267019218,1.47648041,101.885719457809,1.43849831,3.56834252445803,3.21661305520853,100.026406565292,NaN,NaN,NaN,NaN,15.759000174,0.193989216618404,12.0595373692881,NaN,6.59829023647871,22.5577210904171,NaN,,1300.34399529356,30,172.142676328006,1.829149078,80.3915039188164,0.786204764643501,3.74387582936013,14.6482462109405,99.624736357748,NaN,NaN,NaN,NaN,25.0598079187733,0.88143126175951,11.8544552296241,10.505035287588,5.97133082540727,21.8587247912388,1.39516239199103,,1299.70438823216,30,171.839256504236
21.25,0.0146764286906361,105.03709163677,1.206826978,3.58407895792662,0.88488657850544,101.086636762423,NaN,NaN,NaN,NaN,11.0001626283741,0.0524784050335352,1.82761373924536,NaN,8.59900013654126,5.69989495106723,NaN,,1299.83560995812,30,170.441568369649,0.107975607999999,93.1241650932008,3.459087596,3.87294408270614,10.1631207274855,99.9097939053761,NaN,NaN,NaN,NaN,8.3993085715642,0.660366475054124,8.69184228579669,117.410056546466,8.08218853458289,16.438744492821,0.0865647270117447,,1301.09899783007,29.9999641490607,172.829266916669,0.40786434903726,97.8235025320949,2.039998428,3.66796171498531,8.61348607665671,99.7083063220834,NaN,NaN,NaN,NaN,12.7795000051667,0.519883810682642,11.4792293890657,9.69245630358408,7.59911564835083,20.3653128472628,0.888914909120574,,1300.01046227503,30,171.684264425562,0.620432971761046,102.952906441196,1.20417797,3.22989203596831,3.63308369256747,100.247227665397,NaN,NaN,NaN,NaN,14.6535775033342,0.219529688179012,10.7674628497068,13.6930684875105,7.09846482938938,19.3173446265833,0.265314159736617,,1299.49809245547,30,171.061073806176,1.47964098612011,101.951547581991,1.43849831,3.61269664434607,3.16535763798975,100.017339803064,NaN,NaN,NaN,NaN,15.7403334105,0.190868119887467,12.059955109422,NaN,6.5989853548712,22.5585236214474,NaN,,1301.12241813158,30,172.140232879454,1.829149078,80.3076448148379,0.791365683984327,3.75761639305197,14.6485971269151,100.134580398476,NaN,NaN,NaN,NaN,25.0097008367374,0.881939505822312,11.8401079495733,10.899902159866,5.97163622906432,21.8313413568268,1.34469755896225,,1299.22958148946,30,171.838863671663
21.3333333333333,0.0212221227520364,105.015717321521,1.206826978,3.59307204343295,0.885183354364686,101.076856514952,NaN,NaN,NaN,NaN,11.1607033544593,0.0524948856075391,1.78115987640093,NaN,8.59855789323296,5.61867184155457,NaN,,1300.80827319639,30,170.442672292529,0.110103804017828,93.2054642029878,3.459087596,3.90262604506184,9.89119397645381,100.184063459325,NaN,NaN,NaN,NaN,8.55220466873003,0.643030493552937,8.71130424437989,117.660653730446,8.09742592669167,16.4745620794466,0.0840642431127874,,1300.03250282641,30,172.826100929083,0.429119018332046,97.7684869678016,2.039998428,3.68218226232119,8.42363797812188,99.9365040336588,NaN,NaN,NaN,NaN,12.8392097238333,0.508446329469177,11.5296811382383,9.56813852569296,7.59425147062137,20.4613060621682,0.880607045957778,,1299.56219397348,30,171.700349127373,0.626951204543335,103.040133797947,1.20417797,3.27473293777088,3.37266843447528,100.168317804543,NaN,NaN,NaN,NaN,14.7587355131667,0.203819911356235,10.7385579945881,13.6254496265317,7.09788566184238,19.2628967926018,0.24753934443485,,1300.36520939683,30,171.062102065472,1.48543788898018,101.876334050292,1.43849831,3.57684311128863,3.14593370539614,100.021577282313,NaN,NaN,NaN,NaN,15.0835643023674,0.189763346371274,12.141934647149,NaN,6.59947036042324,22.7157880425975,NaN,,1299.5270539463,30,172.14035465522,1.829149078,80.194342990699,0.796375644686343,3.73139446890438,14.6198957655775,99.8636247985358,NaN,NaN,NaN,NaN,25.0154036423161,0.880452186013197,11.7624284545528,11.0676164559022,5.97168496817184,21.6827791307477,1.321160859478,,1298.47979314439,30,171.838276541838
21.4166666666667,0.0254936705911831,105.00300980416,1.206826978,3.6169227255985,0.887924546204378,101.102924919131,NaN,NaN,NaN,NaN,11.0803502136667,0.0526426926946207,1.83475371815896,NaN,8.59851805717928,5.71238017998029,NaN,,1299.02833266653,30,170.441372454465,0.115232111661421,93.2397355048494,3.459087596,3.82252482238342,9.81255018309128,100.159071512272,NaN,NaN,NaN,NaN,8.32705824383334,0.63805192446138,8.88666872754814,117.839666437222,8.09586756890965,16.797746074901,0.0832716532836859,,1299.82577713984,30,172.826177869346,0.439377026855407,97.8292740831218,2.039998428,3.63181374655502,8.26545011387992,100.333053353455,NaN,NaN,NaN,NaN,12.8996503085,0.498917304172554,11.5080479154937,9.4548361210491,7.59747341804673,20.4201450434661,0.874390557520285,,1299.90040960725,30,171.704873561537,0.629615926,103.09385412685,1.20417797,3.22652301027613,3.14674141949706,100.114406768418,NaN,NaN,NaN,NaN,14.718935673,0.190199211119277,10.7316156055681,13.614484575403,7.09736954841362,19.2498105497211,0.231132992952788,,1301.54229289822,30,171.059413297293,1.49309654093165,101.907550445255,1.43849831,3.54728073428393,3.12363671396673,100.082422892113,NaN,NaN,NaN,NaN,15.226206764966,0.188468291338972,12.1013663608961,NaN,6.59879038362289,22.6380058777638,NaN,,1298.83188885847,30,172.142552036676,1.829149078,80.3134980860303,0.801667889707887,3.75281876389179,14.676623059001,99.8827504924023,NaN,NaN,NaN,NaN,24.9633395056839,0.883290045932244,11.8011408874972,10.5705667866572,5.97215194108048,21.7567923072498,1.39072426873616,,1299.52570915473,30,171.838075989306
21.5,0.0294790615027823,104.996787431422,1.206826978,3.6275025864054,0.906885559913291,101.118073086876,NaN,NaN,NaN,NaN,11.0199658896667,0.0538291648669657,1.91138013133033,NaN,8.56528955485894,5.84639439565436,NaN,,1298.85818986983,30,170.439784180172,0.118135666820924,93.3105307270312,3.459087596,3.88258225498132,9.80167819236956,99.9548647819425,NaN,NaN,NaN,NaN,8.64361839516667,0.637578858540177,8.87150648876055,118.568970651609,8.09518205864744,16.76978180965,0.0826668452587876,,1300.77774849355,30,172.823897169549,0.464049153414175,99.2386113206937,2.039998428,3.6081111536714,7.93908858620027,106.333445064472,NaN,NaN,NaN,NaN,12.8328089856483,0.478564098626981,11.5051489880546,7.47079224371984,7.59888007991556,20.4146423094013,1.17663142598989,,1300.37549364983,29.9975631719167,171.724038863437,0.629615926,103.192152185799,1.20417797,3.14329857153099,2.95514670864235,100.067323482928,NaN,NaN,NaN,NaN,14.6956066686667,0.17867061319549,10.7359335590534,13.6183967493459,7.09854509432265,19.2579240287372,0.216991301801623,,1298.59896405222,30,171.053930954562,1.49970803899658,102.06076212703,1.43849831,3.59284016697367,3.09763019445202,100.292445662135,NaN,NaN,NaN,NaN,15.8803468571111,0.186821378386888,12.1238644978123,NaN,6.59904957104685,22.6811332117906,NaN,,1300.63313785193,30,172.143631396717,1.829149078,80.2261998186172,0.806252588342901,3.74640596192094,14.6895508069222,100.413151791491,NaN,NaN,NaN,NaN,24.9597817236667,0.884561068761422,11.8659295812017,10.7618122201746,5.97192807184791,21.8805532723114,1.36686196732314,,1300.44523628567,30,171.83710480183
21.5833333333333,0.0297130040000005,104.999654045531,1.206826978,3.56448951510156,0.984577249308331,101.158767840205,NaN,NaN,NaN,NaN,11.281214574,0.0584149478642674,1.8930474751109,NaN,8.52850860506951,5.81433261717519,NaN,,1298.08924952806,30,170.434518816701,0.12161274689049,93.417943453572,3.459087596,3.9051970382312,9.78641042987087,100.292108477703,NaN,NaN,NaN,NaN,8.16048232333333,0.636341022955067,8.91536891438773,118.545160195157,8.09586329682492,16.85073873165,0.0825544088008312,,1298.22485129542,30,172.822221400991,0.485178627015225,102.717985826974,2.039998428,3.44704746745557,7.53740947504029,103.343151651629,NaN,NaN,NaN,NaN,12.9259038903517,0.453307043319064,11.4960692572771,3.05141468267981,7.59887151913403,20.3973678216389,2.5499920567686,,1300.08882899935,29.9899997711182,171.739570838235,0.633465611611736,103.155486501571,1.20417797,3.21093490462209,2.79037777892538,99.9983064220227,NaN,NaN,NaN,NaN,14.219431031929,0.168712026045997,10.7525718446169,13.5190479018001,7.09902221847105,19.2892986668815,0.206452909028116,,1300.51140112224,30,171.05215394878,1.5079445950781,102.198454503965,1.43849831,3.5689856825439,3.05910767824113,100.321932187977,NaN,NaN,NaN,NaN,15.4848736075556,0.18447295413515,12.0979980213223,NaN,6.59921205577591,22.6314778561215,NaN,,1300.25440958322,30,172.146264737431,1.829149078,80.3022415626449,0.811642641429183,3.76356643882551,14.6606562757593,99.850719149611,NaN,NaN,NaN,NaN,24.9365596796785,0.882698987433047,11.7443301629377,10.7607807497323,5.97443433129941,21.6482194627411,1.36495568762653,,1299.04720097382,30,171.836961099172
21.6666666666667,0.0297130040000005,105.002880781267,1.206826978,3.57652578306255,1.0025503177024,101.158210379649,NaN,NaN,NaN,NaN,11.4422758983333,0.0594759253823352,1.88183350840073,NaN,8.52623702174233,5.79473202994511,NaN,,1300.05263929134,30,170.42894855699,0.12555918621791,93.4567428179969,3.459087596,3.96629406375716,9.74679735938259,100.122537009072,NaN,NaN,NaN,NaN,8.05667912117872,0.633664774554542,8.81977871783417,118.109762316678,8.0979020396194,16.6744097002797,0.0825243626853422,,1301.60773113461,30,172.8209458838,0.50724038251252,102.997401786547,2.039998428,3.45724458161598,7.18339283861554,99.9243738652529,NaN,NaN,NaN,NaN,12.6785701665,0.432757004932182,11.4299292126275,5.24412633221498,7.59902283644845,20.2715919641325,1.38357259714985,,1300.41386741522,29.9899997711182,171.756228570926,0.636569572,103.208506542414,1.20417797,3.16117260436052,2.6481981395632,100.103123968823,NaN,NaN,NaN,NaN,14.222782004571,0.160125569154585,10.6791279064285,13.6006748767653,7.09849654229475,19.1509628534695,0.194708571787634,,1299.69763231852,30,171.049911956278,1.51632385850258,102.371603136834,1.43849831,3.53536774137475,2.99505590013457,100.225691656515,NaN,NaN,NaN,NaN,15.120496331,0.180683652125017,12.1336026592781,NaN,6.59899712158371,22.6997854566292,NaN,,1299.5706047717,30,172.149174645474,1.829149078,80.1760615300966,0.812124785999999,3.72317193631683,14.6981514468646,99.7620676025814,NaN,NaN,NaN,NaN,24.8222108709882,0.884963425851671,11.8138746360513,11.1800278707483,5.97237588285186,21.7810621042329,1.31503156769225,,1299.32816534426,30,171.832014404226
21.75,0.0297130040000005,104.998105277198,1.206826978,3.54771645830385,0.9957462928334,101.217095723674,NaN,NaN,NaN,NaN,11.2333306873333,0.0590803565771298,1.84251691498186,NaN,8.52993956142832,5.72595218550432,NaN,,1303.08052246982,30,170.423378366398,0.133465303916942,93.5456932792931,3.459087596,3.86734562178991,9.7667466503867,100.140461016148,NaN,NaN,NaN,NaN,8.15671039415461,0.635305599725921,8.96962230523982,118.810689666078,8.09420175490146,16.9508905964391,0.0822050593580246,,1300.5560680238,30,172.82376420035,0.526179051155789,103.03885726863,2.039998428,3.44377952375763,6.86290350914937,100.125880196427,NaN,NaN,NaN,NaN,12.9594698823333,0.413839108105356,11.4332245633933,5.95066239449952,7.5954901545819,20.2778286458995,1.15383335918682,,1298.85644078929,29.9899997711182,171.769657950131,0.638676245315324,103.237401713481,1.20417797,3.2742168348582,2.53660521722605,100.056866983211,NaN,NaN,NaN,NaN,14.1201770805,0.153354667920504,10.7036987407211,13.4674486755628,7.09904057577726,19.1972173554395,0.188346077831356,,1299.79747867982,30,171.046331804183,1.5244540427292,102.447042920357,1.43849831,3.56673747237695,2.94540945439872,100.244999190732,NaN,NaN,NaN,NaN,15.7941121157515,0.177697531001966,12.1478148030574,NaN,6.59887289452547,22.7270944788906,NaN,,1300.40904125644,30,172.151775234383,1.829149078,80.2671058979725,0.816248251810429,3.73789364575914,14.7582826199144,100.348372452081,NaN,NaN,NaN,NaN,24.9196179283333,0.888495215841509,11.75876736243,10.5386842532634,5.97099139758859,21.6758418270282,1.40176988152362,,1300.50298417377,30,171.830422563741
21.8333333333333,0.0297130040000005,104.989869010054,1.206826978,3.58446817267558,0.983218474831759,101.160182283078,NaN,NaN,NaN,NaN,11.248006757,0.0583286488644312,1.85599274028716,NaN,8.53408360190005,5.74951938100508,NaN,,1299.32435420378,30,170.417808563167,0.136987193917672,93.6456177028954,3.459087596,3.87948800952446,9.7901349252356,100.246718062144,NaN,NaN,NaN,NaN,8.43770147233333,0.636681314849203,9.01869795053004,118.547398486167,8.09682079998423,17.0414571907322,0.0825849430876617,,1302.17012241276,30,172.82206774621,0.535982152184917,103.100925128886,2.039998428,3.52033854695352,6.60253601228392,100.172982282167,NaN,NaN,NaN,NaN,12.9197064671667,0.398241645957937,11.4595685683276,6.13359803055116,7.59722117090941,20.327922114459,1.07663580714952,,1299.84623373061,29.9900035543292,171.773929226734,0.650237752909235,103.306607369358,1.20417797,3.2200001454665,2.42729745301775,100.22034523463,NaN,NaN,NaN,NaN,14.1260376753333,0.146759126579982,10.7144655016985,13.3860846978606,7.09564262228115,19.2174884581253,0.181330645073479,,1299.63626956481,30,171.05247447927,1.53280836650122,102.502320865256,1.43849831,3.54153111103147,2.89960939462375,99.9398488087112,NaN,NaN,NaN,NaN,15.6401371632485,0.17498015461101,12.1702716420581,NaN,6.5987293121616,22.7703131844894,NaN,,1300.10773455372,30,172.154527830845,1.829149078,80.4150271031232,0.82276371232106,3.7248205343833,14.7684036668149,99.9273744507192,NaN,NaN,NaN,NaN,24.9600627866667,0.888737578093938,11.7994542427137,10.2780037254565,5.97180412766918,21.7534730982475,1.43823146838317,,1299.70639278964,30,171.831451275905
21.9166666666667,0.0297130040000005,105.018722969284,1.206826978,3.59587676346589,0.975761636592877,101.163057015165,NaN,NaN,NaN,NaN,11.5867418333333,0.0578795035393498,1.8449056706559,NaN,8.53814605869971,5.73013269744851,NaN,,1301.87965511958,30,170.412238175149,0.142197176387363,93.6953731406813,3.459087596,3.95525014848123,9.75569203070954,100.050265650031,NaN,NaN,NaN,NaN,8.5182543995,0.634707100184198,9.06193773009156,118.871461825549,8.09574854027385,17.1213532321779,0.0820705297262544,,1300.96524593276,30,172.822193080056,0.55491727543628,103.262779110331,2.039998428,3.4198480590818,6.27621051554639,100.190614739015,NaN,NaN,NaN,NaN,12.8792850050013,0.378410179270203,11.3637468735728,6.12918586515024,7.59791860068555,20.1457957710989,1.02405907331521,,1299.19146656982,29.9954314346901,171.787338707071,0.653262217999999,103.509938125485,1.20417797,3.19913126698749,2.36298230094528,100.456444524476,NaN,NaN,NaN,NaN,14.3963831213333,0.142825333857458,10.7043410981523,12.9820921735163,7.08382019886254,19.1984366821357,0.182017060163598,,1299.75238738873,30,171.050146486588,1.5384999380475,102.477580726371,1.43849831,3.50201487858779,2.87726589748512,99.8946761479187,NaN,NaN,NaN,NaN,15.8795279385,0.173638090623171,12.1311680056443,NaN,6.59933434435235,22.695115571338,NaN,,1298.41314197247,30,172.154756550245,1.829149078,80.2785801773609,0.82770711758474,3.7732957175499,14.7612406236468,100.001834020737,NaN,NaN,NaN,NaN,24.8390606718333,0.888784476607418,11.7530284374262,11.1458556430367,5.97245488846043,21.6648052838762,1.32568391876868,,1300.6058007433,30,171.830990857881
22,0.0297130040000005,104.972635239445,1.206826978,3.54808776190565,0.968367144531369,101.219398224221,NaN,NaN,NaN,NaN,11.4177792718333,0.0574578876859724,1.87025762343434,NaN,8.54216889002975,5.77446543285584,NaN,,1301.55650662365,30,170.406668330895,0.146938535892644,93.7798202048289,3.459087596,3.89420760683612,9.74396479186629,100.170615102735,NaN,NaN,NaN,NaN,7.877397577,0.633677533743572,9.22108594863888,118.393849032414,8.09503624532104,17.4157277103016,0.0823019394762268,,1298.09495942985,30,172.821781501148,0.571479609327321,103.313506275451,2.039998428,3.50488151659256,5.98614758850693,100.043607998805,NaN,NaN,NaN,NaN,12.8793196916654,0.36104534959699,11.4313193535795,6.2307743842496,7.5927084082409,20.2742111144063,0.961112408709559,,1299.68188975232,30,171.798516650188,0.653262217999999,103.644143680556,1.20417797,3.19091764520362,2.27411687176801,100.112673529557,NaN,NaN,NaN,NaN,13.9599390271667,0.13748279306441,10.684221422479,12.8787328136678,7.08024094577124,19.1605456853394,0.176588963643199,,1298.62715724033,30,171.044659476418,1.54709048265791,102.418096480626,1.43849831,3.56560149977049,2.89526262324473,99.8249838611561,NaN,NaN,NaN,NaN,16,0.174702641573328,12.1389472551652,NaN,6.59811279025021,22.7100733430906,NaN,,1300.15276434709,30,172.157883764441,1.829149078,80.2549460366973,0.831082487797569,3.790532442747,14.7927707822353,99.8488367733185,NaN,NaN,NaN,NaN,24.8837468769542,0.89033576945909,11.7766847972066,10.8075140619456,5.97160280207201,21.7099936532511,1.37006807750176,,1300.36718538652,30,171.828725525981
22.0833333333333,0.0297130040000005,104.998672579703,1.206826978,3.5625520523085,0.95682282949342,101.162485101988,NaN,NaN,NaN,NaN,11,0.0567595562829192,1.87804386127735,NaN,8.54648887071536,5.78808264455061,NaN,,1298.91381468895,30,170.40109803014,0.151765367058684,93.7949419369742,3.459087596,3.88093732813633,9.72765863937763,100.092623244684,NaN,NaN,NaN,NaN,7,0.633063701362733,9.18828541914548,119.225128817974,8.09811681398855,17.3550146811804,0.0815909092263431,,1301.17839628752,30,172.821320721576,0.575467085999999,103.369283842261,2.039998428,3.42284579742158,5.91191352387114,100.170795275554,NaN,NaN,NaN,NaN,12.9197468156667,0.356568851328933,11.4131549089521,6.26262770517607,7.58247268653445,20.2396703040544,0.944004436559642,,1298.88405242027,30,171.797183373288,0.653262217999999,103.622489199108,1.20417797,3.19045778916095,2.17955231937567,100.024465838043,NaN,NaN,NaN,NaN,14,0.131794859812545,10.679967778459,12.9373425876196,7.07967884656122,19.1525183900859,0.168468657918772,,1299.06217353259,30,171.039174344914,1.55061728144678,102.37019583332,1.43849831,3.49734623695749,2.91720466541077,99.8735992485555,NaN,NaN,NaN,NaN,15.9198253961667,0.175873858311028,12.004235450965,NaN,6.59875375058035,22.4517496573496,NaN,,1300.67012457155,30,172.155873195419,1.829149078,80.3856905078084,0.836457725281608,3.76457909345287,14.8123342973399,100.115184113446,NaN,NaN,NaN,NaN,24.7548481183791,0.891409675439626,11.721656618615,10.6373674595542,5.97192410384934,21.6049907001845,1.39290057347478,,1299.53057737829,30,171.828567517863
22.1666666666667,0.0297130040000005,105.019387889072,1.206826978,3.61842119778179,0.949237516749547,101.183556185328,NaN,NaN,NaN,NaN,11,0.0563048368788671,1.87889492719104,NaN,8.55007770810942,5.78956983959843,NaN,,1298.50100003756,30,170.395528109899,0.157747114831122,93.9724682540033,3.459087596,3.8961121958366,9.74332063791764,100.207139381323,NaN,NaN,NaN,NaN,7,0.633778395067518,9.19144135730778,118.863172152239,8.09574374946467,17.3609018554036,0.0819717184376657,,1300.06303113122,30,172.822289203614,0.583849462203983,103.378045099759,2.039998428,3.460912379856,5.53979169652915,100.147890901234,NaN,NaN,NaN,NaN,12.9614665253491,0.334406618238858,11.3094086297026,6.12994634592141,7.59847424071849,20.042643786548,0.903683290249206,,1299.7544753376,30,171.799635350371,0.653262217999999,103.757349739512,1.20417797,3.20092583241717,2.09856112387929,100.073516409072,NaN,NaN,NaN,NaN,14.2298074315,0.126849120560371,10.7232406958956,12.8288459924605,7.07988009571645,19.2340255700772,0.163585579728337,,1299.01791482408,30,171.033689259088,1.55662094223026,102.290605129131,1.43849831,3.55558577426685,2.95527154223376,99.8600601956304,NaN,NaN,NaN,NaN,15.3858791025,0.178279776360417,12.1471323972912,NaN,6.59897342847517,22.7257910823868,NaN,,1299.8703066651,30,172.156209130213,1.829149078,80.4000253798235,0.841439835865565,3.71629296118801,14.8373399177049,100.294825546217,NaN,NaN,NaN,NaN,24.0420247418333,0.892882069971624,11.7857632735361,10.4923420790008,5.97179357158986,21.7273710609772,1.41965703682095,,1298.72878232371,30,171.828010934881
22.25,0.0297130040000005,104.974298324201,1.206826978,3.53291435421469,0.940644898176271,101.192400169083,NaN,NaN,NaN,NaN,11,0.0557993327398682,1.82357478148649,NaN,8.55366913037439,5.69283134274164,NaN,,1300.43096772457,30,170.389957559672,0.161052730866848,93.9933842068116,3.459087596,3.88597986583716,9.79823094264984,100.138156520742,NaN,NaN,NaN,NaN,6.2901071275,0.637567637434526,9.29785061033404,119.338459085908,8.0894095969198,17.5578872707485,0.0821042624555732,,1300.68422667712,30,172.820510793185,0.60655471847304,103.470447535532,2.039998428,3.35399369930106,5.21126211251408,100.090771397804,NaN,NaN,NaN,NaN,12.7532390096509,0.31462573836101,11.3484564796894,6.07092809902005,7.59863596170241,20.1167778414617,0.858428309701923,,1299.03193526863,30,171.816889172137,0.653262217999999,103.680575703563,1.20417797,3.32662169757382,2.02104458451841,100.042802737278,NaN,NaN,NaN,NaN,14.8792959763333,0.122229520342444,10.645848431263,12.8634184367469,7.0803862801174,19.0883051634466,0.157127273611964,,1299.07334330325,30,171.028202947649,1.56268249618421,102.263004507759,1.43849831,3.56153688087614,3.00471657844391,99.9113609034076,NaN,NaN,NaN,NaN,15,0.181188999013108,12.0496491750263,NaN,6.59824831743953,22.5387776562778,NaN,,1300.08310284699,30,172.156870386733,1.829149078,80.3460474795235,0.845763871270435,3.66585378792624,14.8234792405859,99.737655600975,NaN,NaN,NaN,NaN,24,0.892386938642477,11.7148413025908,10.8776611068139,5.97152133426251,21.5919398414531,1.36494503945178,,1300.87002499503,30,171.826802721755
22.3333333333333,0.0297130040000005,104.98603257817,1.206826978,3.32870469409762,0.933184397519254,101.176640055997,NaN,NaN,NaN,NaN,11,0.0552257483923853,1.87255078046516,NaN,8.55710287828482,5.7784752767006,NaN,"Sample 1.50 mL to AMBR-96DWP-2/C1",1300.66522089917,29.9987600510021,170.050942879714,0.161053158000001,94.0705496024326,3.459087596,3.67413919658614,9.90371748097849,100.122488435852,NaN,NaN,NaN,NaN,6.03993124766667,0.639853114468116,9.29938016432319,119.3281186243,8.09159748574882,17.5607110877263,0.0829393206605724,"Sample 1.50 mL to AMBR-96DWP-2/C2",1300.68873076225,29.9989680257905,172.498352863237,0.62340541127204,103.487423638966,2.039998428,3.20314522102151,4.98363142699349,100.054351776334,NaN,NaN,NaN,NaN,12.6472554132099,0.299337609309008,11.3595837394328,5.93894391422404,7.59777473345996,20.1378976455514,0.838997037015691,"Sample 1.50 mL to AMBR-96DWP-2/C3",1299.9818706023,29.9991964857428,171.533003593572,0.653262217999999,103.714431112062,1.20417797,2.97944237175207,1.96333923216391,100.059069844918,NaN,NaN,NaN,NaN,14.7986050179931,0.118136825842884,10.632186939763,12.9390472889392,7.08108008109483,19.0626030373469,0.151501593094588,"Sample 1.50 mL to AMBR-96DWP-2/C4",1301.01800543025,29.9995962956718,170.74578547811,1.56956214067388,102.148062168883,1.43849831,3.31617119701202,3.04508961990467,99.8250565575711,NaN,NaN,NaN,NaN,15.0403994725,0.183354471773965,12.101074211452,NaN,6.59863407200882,22.6373669649095,NaN,"Sample 1.50 mL to AMBR-96DWP-2/C5",1300.09825357706,29.9991725944626,171.899156036267,1.829149078,80.3149508180139,0.85130388017033,3.49319839990911,14.8735032376942,100.125756869993,NaN,NaN,NaN,NaN,24,0.892570268395263,11.7389461512261,11.0418387624232,5.97321495271019,21.6379728307114,1.33990011728059,"Sample 1.50 mL to AMBR-96DWP-2/C6",1298.80064976278,30,171.58737544794
22.4166666666667,0.0297130040000005,104.993788657666,1.206826978,3.5978115499173,0.937065683782305,101.212720144154,NaN,NaN,NaN,NaN,11,0.0547262789465238,1.87724210471402,NaN,8.56133095406127,5.78668070358642,NaN,,1301.71149762345,29.9996348642662,168.584818121666,0.171165177721558,94.4569638112361,3.459087596,3.87300020528963,9.94244401455151,101.102057861249,NaN,NaN,NaN,NaN,6,0.61713749715227,9.32493200417872,120.127156443446,8.0998036101128,17.6081092043459,0.081898338759109,,1298.89296440425,29.9904027368311,171.025932675208,0.637380242785326,103.566460461964,2.039998428,3.4476253723292,4.94249966824092,100.235321689894,NaN,NaN,NaN,NaN,12.7141275656234,0.283287764753706,11.3137594627267,5.9710737261221,7.59774779513071,20.0509065630113,0.824712351579653,,1298.86833745394,29.9987939040736,170.042752529444,0.653262217999999,103.796625053523,1.20417797,3.17472303609171,1.96068842165139,100.132218161528,NaN,NaN,NaN,NaN,14.7594993725069,0.112899788752759,10.707826108476,13.069968670978,7.08179578294248,19.2049828372281,0.146296342446068,,1299.3017972776,29.9996006387613,169.223237045444,1.574688486,102.215813849554,1.43849831,3.58150246512635,3.07460343366802,100.190478108432,NaN,NaN,NaN,NaN,15,0.181360207397996,12.1556157726705,NaN,6.59832231661987,22.7420891994925,NaN,,1299.88205554203,29.9992220634799,170.363880029097,1.829149078,80.9925882092909,0.853651882,3.72358766881295,14.9893465101186,101.58407770248,NaN,NaN,NaN,NaN,24,0.865891689415576,11.6500316910089,11.1776383679437,5.97468311252865,21.4683223026913,1.19225502327136,,1299.05019642319,29.9991983832612,170.029772528557
22.5,0.0297130040000005,104.963491698509,1.206826978,3.62408310427416,0.937172563113572,101.28886994248,NaN,NaN,NaN,NaN,11,0.0550002576737846,1.81461717533865,NaN,8.56479000378571,5.67716762250794,NaN,,1298.59897119299,30,168.579248237195,0.182619078620213,94.7702177264996,3.459087596,3.88450656818467,9.86012313086682,100.208834442209,NaN,NaN,NaN,NaN,6,0.634098872602215,9.42678815989614,117.939107198006,8.09545368865235,17.7969649512367,0.0836130263624097,,1301.31326663673,29.998577587466,171.032562623773,0.649157828456615,103.715923552961,2.039998428,3.39928304348048,4.66102387820375,100.084733943857,NaN,NaN,NaN,NaN,12.7991030666667,0.278442429022292,11.3059715920363,5.66854420894066,7.59806324227103,20.0361099517305,0.822260639422522,,1297.9442202095,30,170.049014373448,0.653262217999999,103.857120995122,1.20417797,3.17877919306378,1.88015437290433,100.070177178716,NaN,NaN,NaN,NaN,14.8668457868673,0.112492758488116,10.7033881297741,12.9938322719386,7.08263889339471,19.1966333505579,0.144697171293649,,1299.99638407831,30,169.217753638126,1.5766982523298,102.190190438177,1.43849831,3.55890760291343,3.17096487862004,99.9796496440867,NaN,NaN,NaN,NaN,15,0.189225866384595,12.1469134677662,NaN,6.59930728324263,22.7253626976421,NaN,,1299.9761157617,30.0028101463727,170.360209541255,1.829149078,81.3550459455617,0.853651882,3.72035170750959,14.9670811001451,100.526839018497,NaN,NaN,NaN,NaN,24,0.89095914341705,11.7150472677738,10.4027464524088,5.97216328602024,21.5923213832877,1.45252118916806,,1301.12440683608,30,170.024249972065
22.5833333333333,0.0297130040000005,104.984300783364,1.206826978,3.61442759941066,0.931876866302891,101.264799662261,NaN,NaN,NaN,NaN,11,0.0546784546786967,1.8476897175009,NaN,8.56789932752208,5.73499915063249,NaN,,1301.70015624952,30,168.573677985197,0.188816581221923,94.8631675833102,3.459087596,3.85462007793511,9.89087215705136,100.080329940422,NaN,NaN,NaN,NaN,6,0.63610647786726,9.47197271796063,118.674897833039,8.09570197776145,17.8808144172078,0.0833451435852031,,1301.28504755254,30,171.033540999444,0.657099383999999,103.710574727339,2.039998428,3.45923979400026,4.56987051385165,100.046996287452,NaN,NaN,NaN,NaN,12.4494681653333,0.273057001177635,11.2682273950654,5.60581218606073,7.58149163166781,19.964510374121,0.815240668980916,,1300.86948100997,30,170.051706819847,0.653262217999999,103.870146305011,1.20417797,3.2064755273955,1.84023033891288,100.039359666081,NaN,NaN,NaN,NaN,14.6934185331519,0.110101889903311,10.7188125111045,13.034447263207,7.08343998751378,19.2256761004149,0.141182711573505,,1299.79683508227,30,169.212269558455,1.58598140750467,102.063514711262,1.43849831,3.55809859132985,3.21175481876816,99.8690018668996,NaN,NaN,NaN,NaN,15,0.191865452990427,12.1460252848321,0.021817501570948,6.59858055919662,22.7236485124315,212.02470924223,,1300.03720534947,30.0016072457461,170.363980356986,1.829149078,81.5538398828013,0.85752400839542,3.74064339077467,15.016698872508,99.9861068483169,NaN,NaN,NaN,NaN,24,0.893822458835403,11.6700534792237,9.74212966252443,5.97064573580776,21.50647953212,1.54508577075151,,1300.85209708816,30,170.022407482976
22.6666666666667,0.0297130040000005,105.02169737125,1.206826978,3.60527992993558,0.923584283451031,101.273125068646,NaN,NaN,NaN,NaN,11,0.0541687844020482,1.86285208455896,NaN,8.57092782944879,5.76151235419987,NaN,,1297.88109598679,30,168.568106040129,0.195208116640309,94.9203738624332,3.459087596,3.92620018038194,9.8755623962323,100.138866513961,NaN,NaN,NaN,NaN,6,0.635058480998348,9.55685213782681,118.76515439276,8.09513407896952,18.0385216656562,0.0831522699588181,,1301.47862387105,30,171.034775757971,0.657099383999999,103.715101285858,2.039998428,3.42074022922159,4.37708477679743,99.996541914639,NaN,NaN,NaN,NaN,12.096970267,0.261553840669004,11.2688148776804,5.51140601608778,7.58836529771802,19.9656868144072,0.794189113674315,,1300.37251053293,30,170.046188780469,0.653262217999999,103.928463265383,1.20417797,3.19894861522219,1.7988822576586,100.043827784918,NaN,NaN,NaN,NaN,14.7972752546474,0.107580955491746,10.6963851726424,13.0142435250579,7.0839300389939,19.1834288727645,0.138225577241696,,1299.87374947429,30,169.206784603819,1.58973218434501,102.073885094534,1.43849831,3.56972724116782,3.24765921694722,99.9805248209914,NaN,NaN,NaN,NaN,15,0.193937441523304,12.1868782824533,NaN,6.5987657803546,22.8021412338576,NaN,,1299.61181757676,30,170.362189168355,1.829149078,81.385984072135,0.865400596707768,3.73682349447218,14.9648094943794,99.6929022778809,NaN,NaN,NaN,NaN,23.3888983345,0.890887431905124,11.7986314220177,10.6917601102829,5.97207564695533,21.751962491133,1.40028564701127,,1298.80978797305,30,170.024776525523
22.75,0.0297130040000005,104.982505730242,1.206826978,3.58075779945077,0.913704131733977,101.242893714882,NaN,NaN,NaN,NaN,11,0.0535985640673534,1.82016279588086,NaN,8.57363473600652,5.68687122386551,NaN,,1299.3835970137,30,168.562532967255,0.201555541259053,94.9052213190982,3.459087596,3.84329008571892,9.82332909325317,99.9845090967203,NaN,NaN,NaN,NaN,6,0.632113238815579,9.5802334082063,118.99505358047,8.09520704682653,18.0819808795265,0.082553241355247,,1301.27975297858,30,171.035970608766,0.665211411855412,103.763245846137,2.039998428,3.45812816880716,4.09735496870359,100.040560046302,NaN,NaN,NaN,NaN,11.8223305611667,0.244767050898509,11.2757071171337,5.43383382772033,7.59708793733749,19.9787089574317,0.754095168916712,,1298.6137193833,30,170.04851201029,0.653262217999999,103.907082961349,1.20417797,3.2184360567878,1.76535710439672,100.020664963508,NaN,NaN,NaN,NaN,14.8342054191795,0.10559857900097,10.6779299868182,12.9277719411527,7.08428626729585,19.1487159833849,0.1365565012065,,1299.6832828271,30,169.201298774994,1.59732275960632,102.03397040235,1.43849831,3.66279899472809,3.29274925050956,99.9508950314878,NaN,NaN,NaN,NaN,15,0.196633503654911,12.2328142715528,NaN,6.59902230149599,22.890353004452,NaN,,1300.98473874286,30,170.364247628576,1.829149078,81.2449709162575,0.869565407999999,3.73676664787652,14.9904643417261,99.8198408235375,NaN,NaN,NaN,NaN,23,0.892288461214744,11.7117870416461,10.7637796707844,5.97181300241142,21.5861049791965,1.39350397705855,,1299.74287014962,30,170.023546859762
22.8333333333333,0.0297130040000005,105.000109165746,1.206826978,3.54939356261169,0.911916837802638,101.248269556706,NaN,NaN,NaN,NaN,11,0.0534991987965204,1.88965754447314,NaN,8.57654242521476,5.80839786511682,NaN,,1300.15171147661,30,168.556961863299,0.20750335624083,94.9968510634729,3.459087596,3.83179713199157,9.8415491505042,100.359168894869,NaN,NaN,NaN,NaN,6.0404419105,0.633199369904731,9.65067843046128,119.022785586454,8.09574359033753,18.2128914778425,0.0826869478365615,,1301.39777259695,30,171.036762662795,0.678739144659815,103.768736028918,2.039998428,3.34778372201106,3.90687009229152,100.008885912446,NaN,NaN,NaN,NaN,12.4021925696667,0.233452258945188,11.1983106750208,5.35353254525633,7.59780806918016,19.8319222502023,0.729757252421888,,1299.26980070654,30,170.056516799605,0.653262217999999,103.901198832631,1.20417797,3.22275523299863,1.73742451173148,100.041927833994,NaN,NaN,NaN,NaN,13.9652033279871,0.103964846776514,10.7282895050268,12.8891776880386,7.08483475641044,19.2435402856405,0.134797466340673,,1300.97743284516,30,169.195815191174,1.601762906,101.972028321731,1.43849831,3.59482251289349,3.35105072973025,99.8952795175172,NaN,NaN,NaN,NaN,15,0.200143409439564,12.1671965791026,0.0586160183673864,6.59281098737796,22.7643131428187,76.726888158795,,1299.66582148164,30,170.363292777875,1.829149078,81.2787690422084,0.87459960652968,3.713769379481,15.0466775141154,100.270407450299,NaN,NaN,NaN,NaN,23,0.895535243636828,11.5951198930855,10.2891215487647,5.97253872661981,21.3636414215615,1.46339620978369,,1299.46231648647,30,170.022937159433
22.9166666666667,0.0297130040000005,104.99198689672,1.206826978,3.57742662716241,0.903491010428323,101.234237981339,NaN,NaN,NaN,NaN,11,0.0529999993741512,1.86297866917137,NaN,8.57908854648976,5.761738358645,NaN,,1299.78734529131,30,168.551389691638,0.213588202280723,95.0714696218034,3.459087596,3.90599961609499,9.8346157612473,100.045381806748,NaN,NaN,NaN,NaN,6,0.632840616468571,9.73114309502188,119.093842136208,8.09422016788264,18.3626070912844,0.0825795377327794,,1299.53207928439,30,171.037760939133,0.692941295110129,103.745418790014,2.039998428,3.40515375627728,3.73556855896322,100.073462430621,NaN,NaN,NaN,NaN,12.24016218,0.223293371455257,11.1642878882036,5.26658260759399,7.58930802973243,19.7674831147168,0.709313725432847,,1298.75278851913,30,170.06519641408,0.653262217999999,103.996330360243,1.20417797,3.17581190553343,1.7150613536136,100.046982070955,NaN,NaN,NaN,NaN,14.6026981748333,0.102577006460338,10.6857235923422,12.7577446864746,7.08543369599122,19.1633771763933,0.134433197510026,,1300.80060854797,30,169.190331804972,1.601762906,101.951466305259,1.43849831,3.60432219838424,3.39743237614564,100.008330951319,NaN,NaN,NaN,NaN,15,0.202916114600416,12.1486806010954,NaN,6.59229649371815,22.7287195962589,NaN,,1298.71270510106,30,170.357761742073,1.829149078,81.3592465269733,0.877932529541736,3.76455878053014,15.0566960575141,100.054358391057,NaN,NaN,NaN,NaN,23.1206284608333,0.896270408897461,11.4359201673544,10.0820814861183,5.97259484847944,21.06069947566,1.49415298746408,,1299.90846274467,30,170.020729490677
23,0.0297130040000005,104.994069646004,1.206826978,3.72319911408758,0.918698895424488,101.155088689967,NaN,NaN,NaN,NaN,10.8393758616667,0.053894550371763,1.74339750758136,NaN,8.58832681008173,5.55275142397064,NaN,,1297.3007006215,29.9147811213241,168.545818711378,0.217755494355508,95.126363066108,3.459087596,3.82595147023409,9.78509060096929,100.061572379446,NaN,NaN,NaN,NaN,6,0.629669808982696,9.74855800216032,119.268441979828,8.09601776755653,18.3950253393867,0.0820432146416723,,1301.53960896305,30,171.03670708902,0.698022662000001,103.784836229787,2.039998428,3.31517972390724,3.81714525016606,99.9810604590576,NaN,NaN,NaN,NaN,12.4116495211481,0.228127577456833,11.2271044520121,5.21645539614233,7.56424121194626,19.8865107813237,0.731830166271323,,1299.85529081596,30,170.065038373426,0.653262217999999,103.985641636952,1.20417797,3.16762167852641,1.69114909055609,99.966045222926,NaN,NaN,NaN,NaN,14.400725483,0.10111809760364,10.7613510178586,12.69484795915,7.08567919848726,19.3058278773768,0.133216427370356,,1298.72409579127,30,169.184845377091,1.601762906,101.949776788578,1.43849831,3.56882920020001,3.4167089486087,99.8734363772792,NaN,NaN,NaN,NaN,15,0.204024194969343,12.1875004247802,0.0502565357317682,6.59302367722696,22.8033070848046,113.837406421678,,1299.95701551676,30,170.352231167479,1.829149078,81.4569093686046,0.880044572,3.67798274594707,15.079836463771,99.8521799059825,NaN,NaN,NaN,NaN,23,0.897360349623613,11.4680301096218,10.0203214993826,5.97317042780767,21.1217455276547,1.50668470674112,,1299.7665896173,30,170.017409727815
23.0833333333333,0.035205111992552,105.011727142293,1.206826978,3.66580696908022,0.921943567402777,101.253425658678,NaN,NaN,NaN,NaN,11,0.0540806709055064,1.58308981721842,NaN,8.59783231734869,5.27257283652524,NaN,,1297.03051368826,29.8449469210195,168.545541930755,0.222311009604111,95.199629578897,3.459087596,3.89709592887898,9.87319294368916,100.066060441102,NaN,NaN,NaN,NaN,6.00032161487753,0.63520767255124,9.72627033317527,119.458405724124,8.08955258292262,18.3535399718391,0.0826507249433951,,1300.65360069564,30,171.036243547524,0.698022662000001,103.723377301477,2.039998428,3.57590552648234,3.66779041235941,100.053177966704,NaN,NaN,NaN,NaN,12.3961513607818,0.219367465434667,11.2363691515966,5.19914615224882,7.57246232998141,19.9040807560179,0.705442439024328,,1300.04222964358,30,170.05952239276,0.653262217999999,103.960553888691,1.20417797,3.22295701294934,1.67132660060871,100.070929777208,NaN,NaN,NaN,NaN,14.5846379418333,0.0999329203385331,10.7314377869423,12.6129253372353,7.08598283922911,19.249485811378,0.132512726593132,,1300.43426517349,30,169.179358686599,1.601762906,101.923693931488,1.43849831,3.57414878300745,3.44344726055821,99.9946278267465,NaN,NaN,NaN,NaN,15,0.205572824451724,12.2001108367134,NaN,6.59609076932339,22.8276173932295,NaN,,1299.41708574737,30,170.346697996442,1.829149078,81.2932260408443,0.881649979042096,3.72135483095677,15.1020875134503,99.9768168220645,NaN,NaN,NaN,NaN,23,0.898847817456313,11.4140743477514,10.3701882213437,5.97123988172885,21.0191765291581,1.4577640190791,,1301.15556507012,30,170.013370809563
23.1666666666667,0.040966125603678,104.981431030713,1.206826978,3.697645538451,0.928030426172165,101.2434710681,NaN,NaN,NaN,NaN,11,0.0544478215436528,1.42290210012617,NaN,8.597728841965,4.99290451744646,NaN,,1298.07922247497,29.8837729093308,168.545863288253,0.229898415830573,95.1911645368687,3.459087596,3.90575734973317,9.89750218017219,100.041713250559,NaN,NaN,NaN,NaN,6.0398457154558,0.637116091381021,9.8858751785446,120.201129047244,8.07462095874505,18.6510025007061,0.0823429722793301,,1299.70885507978,30,171.038472799574,0.698022662000001,103.774416646824,2.039998428,3.50751833319252,3.39163374986912,99.9979243096766,NaN,NaN,NaN,NaN,12.5283841406485,0.202758064676979,11.1450591523766,5.09555540636504,7.58645129759871,19.7310415971502,0.665702636814321,,1298.56984685707,30,170.054008097402,0.653262217999999,104.007041053086,1.20417797,3.18958575332864,1.65204430761756,100.033381449533,NaN,NaN,NaN,NaN,14.4989600598333,0.0987986917018311,10.6413346690689,12.5300640309088,7.08615681003806,19.0798040709193,0.131847253995805,,1299.19088522583,30,169.173872861005,1.60453430825506,101.934345527356,1.43849831,3.61570765305256,3.47836256803008,99.9890962718515,NaN,NaN,NaN,NaN,15,0.207603434271697,12.1258893263004,NaN,6.59896801108077,22.684976512837,NaN,,1300.56563085167,30,170.343728533959,1.829149078,81.2189900824679,0.886833719708266,3.73827960722286,15.1235255829012,100.018104579499,NaN,NaN,NaN,NaN,23,0.900324471293274,11.5385430746641,10.1510906247519,5.97146243234572,21.2558798339307,1.49167329030089,,1300.77388185922,30,170.013015435751
23.25,0.0438862854941448,105.033324277535,1.206826978,3.73743608321035,0.93283047389365,101.167349730543,NaN,NaN,NaN,NaN,11,0.0547142800011674,1.40337833228233,NaN,8.59716188470849,4.95883616556012,NaN,,1299.19592372871,29.9283587240488,168.543211610452,0.23251794,95.298066600412,3.459087596,3.8449728395309,10.4726288800812,100.168334585613,NaN,NaN,NaN,NaN,6,0.673601965519103,9.92674836562232,119.726331781579,8.06716739237842,18.7271948546632,0.087471346427874,,1298.60769145416,30,171.036142615444,0.700968446704863,103.800706328743,2.039998428,3.31414431439764,3.15737583634257,99.9695461352449,NaN,NaN,NaN,NaN,12.6263684354216,0.188771832896621,11.1680470914902,5.06884337677958,7.59812926216527,19.7746125546769,0.622931316107347,,1299.5567458513,30,170.051162734901,0.653262217999999,104.003294705301,1.20417797,3.16266093550912,1.63823750673482,99.9820366747302,NaN,NaN,NaN,NaN,14.4960013946667,0.0979592648986777,10.6808333259628,12.4741340904271,7.08667993510753,19.1541606275196,0.131332581071373,,1298.83420325473,30,169.168386873103,1.6177662761325,101.954517386478,1.43849831,3.54009321888656,3.50217436194466,99.9370454090479,NaN,NaN,NaN,NaN,15,0.209036090688512,12.2525060607764,NaN,6.59912899218514,22.9281942604518,NaN,,1299.58100719185,30,170.351433602622,1.829149078,81.3701594620611,0.890569315872612,3.75042292869473,15.1660441462335,100.027871467446,NaN,NaN,NaN,NaN,23,0.902378422901024,11.4817904341462,9.49201539558295,5.97105394498843,21.1479174511462,1.60072683069207,,1299.87044010506,30,170.011213926308
23.3333333333333,0.0461719139999995,105.027223072517,1.206826978,3.73574125146864,0.934764960812978,101.178707346401,NaN,NaN,NaN,NaN,11,0.0548061266829993,1.28991111584898,NaN,8.59642514321034,4.76089531234869,NaN,,1301.80479914597,29.9578988243402,168.539991247079,0.233239713513765,95.3480217925257,3.459087596,3.85622302762529,10.0092893896306,100.122630967885,NaN,NaN,NaN,NaN,6,0.644274679793681,10.0320583630799,120.132886972973,8.09197817051463,18.9238167404264,0.0833215074540995,,1299.06252793952,30,171.031641457453,0.721448980997749,103.80494672514,2.039998428,3.40632184809201,2.9883692876426,100.017428998036,NaN,NaN,NaN,NaN,12.7190690511667,0.178654724046124,11.1481574913467,5.03942499722876,7.59830274512631,19.7369034491225,0.593034107671458,,1299.3143104291,30,170.066060286344,0.653262217999999,103.992307859274,1.20417797,3.21709257279631,1.62536425162856,100.063523757586,NaN,NaN,NaN,NaN,14.8407483037834,0.0971857578323433,10.7147271900454,12.3071788176588,7.08725167467343,19.2179840527546,0.132068100271996,,1297.88453675622,30,169.162900490149,1.63083562366241,101.902957585258,1.43849831,3.57180314919886,3.55211828707281,100.052773307524,NaN,NaN,NaN,NaN,15,0.211982304642752,12.263154767832,NaN,6.59863438486499,22.9486761812422,NaN,,1301.32938916532,30,170.358963298364,1.829149078,81.2426598729029,0.895664362021726,3.7044528547013,15.1480133104715,99.8671122898111,NaN,NaN,NaN,NaN,23,0.901615021826229,11.4672392742509,9.90873508314172,5.97212914761081,21.1202157694805,1.5300209873254,,1299.67273620262,30,170.010870349316
23.4166666666667,0.0475983534468185,104.98160228361,1.206826978,3.59554747312228,0.924540907597063,101.207361579575,NaN,NaN,NaN,NaN,11,0.054230573841361,1.24711885501601,NaN,8.59662481396063,4.68624973819951,NaN,,1299.55364377667,29.9786307996123,168.535779431405,0.238065050326645,95.3989267220138,3.459087596,3.90926842693739,9.66684705565525,100.160841814868,NaN,NaN,NaN,NaN,6,0.622409743986024,9.99989979884724,119.976012160725,8.09633209055534,18.8637402610553,0.0805758397796311,,1301.81339680029,30,171.031113100642,0.731445482058954,103.810429841241,2.039998428,3.39932720832063,2.89659465397952,100.066800478206,NaN,NaN,NaN,NaN,12.6786254088333,0.173218092017339,11.0684744679854,5.04260703019019,7.59801793518938,19.5860823554255,0.574464812563423,,1299.11440094878,30,170.070750397266,0.653262217999999,104.022079918585,1.20417797,3.19451587304122,1.608734631843,100.061141564303,NaN,NaN,NaN,NaN,14.5195383948512,0.0961899475822356,10.7537873736682,12.2295768324783,7.08743171458084,19.2915828934544,0.131546684108368,,1300.34215054889,30,169.157415096771,1.63810912656629,101.935984619202,1.43849831,3.52421498582381,3.58291951635216,99.9479199840528,NaN,NaN,NaN,NaN,15,0.213881037960633,12.3478245595219,NaN,6.59796701066749,23.1115987597519,NaN,,1299.71406462066,30,170.360772743035,1.829149078,81.2960118648143,0.900143126260826,3.71368034136677,15.2009404475505,99.8784423303819,NaN,NaN,NaN,NaN,23,0.904704403802583,11.3994126432155,9.78472954625702,5.97307613838839,20.9912757064843,1.55493989825974,,1299.89656750594,30,170.009705487987
23.5,0.0494831739999997,105.009253726316,1.206826978,3.70732847695548,0.933633051474278,101.160236325585,NaN,NaN,NaN,NaN,11,0.0547581354465645,1.17388660574695,NaN,8.59542841551193,4.55856615241981,NaN,,1299.85162658989,29.9899997711182,168.532158580144,0.249424783900541,95.4896317629053,3.459087596,3.81904958008472,9.92769528400978,100.039346830428,NaN,NaN,NaN,NaN,6,0.639136398274833,10.0202927266664,120.456485744686,8.06699436753981,18.9018788475196,0.0824196775623825,,1299.72560453434,30,171.037592887297,0.74043392758365,103.83462832101,2.039998428,3.38113427104421,2.79035566728167,99.9920345989254,NaN,NaN,NaN,NaN,12.3137359289226,0.166874519809345,11.1517463880737,5.00626641551804,7.59773037229924,19.743689596217,0.557465937664241,,1297.93193751218,30,170.074153018547,0.653262217999999,104.014544936153,1.20417797,3.21009154189186,1.59224122099777,99.9768850369399,NaN,NaN,NaN,NaN,14.4737057146987,0.0952293604910209,10.7323967357343,12.1486094636057,7.08780559532162,19.2512815785211,0.13106646434257,,1299.81753368196,30,169.151930606117,1.63958924694783,101.884466818546,1.43849831,3.57133873101791,3.58837824121089,99.9480414493731,NaN,NaN,NaN,NaN,15,0.214161818661926,12.2311678586939,NaN,6.59907577558855,22.8872139187546,NaN,,1300.16531377216,30,170.356784965413,1.829149078,81.3089035533303,0.901559259734837,3.71353542566192,15.2256675781527,100.184443306074,NaN,NaN,NaN,NaN,23,0.906029941377587,11.3400349788749,9.65830335135747,5.97129226368184,20.8784923717346,1.57792721731424,,1298.54646719865,30,170.005586648313
23.5833333333333,0.0494831739999997,105.040523950352,1.206826978,3.64054947223512,0.924606268469063,101.18473988311,NaN,NaN,NaN,NaN,11,0.0542162210651848,1.12131952762381,NaN,8.59770875536308,4.46693927875547,NaN,,1301.0002783133,29.9954247070673,168.526586247788,0.249424843999999,95.4356302336844,3.459087596,3.87616023247852,10.286265433537,100.077191459456,NaN,NaN,NaN,NaN,6,0.66221886109902,10.1455832120263,120.370316994314,8.07011202427966,19.1360541442836,0.0854584952695154,,1301.23635256943,30,171.032441114487,0.747715754409739,103.800426036431,2.039998428,3.41601076682737,2.68267021852694,100.004293081251,NaN,NaN,NaN,NaN,11.9992385006513,0.160422328258,11.1622415379365,5.02789424003754,7.59617661172583,19.7635893219837,0.533581173993562,,1300.52986026194,30,170.07605756095,0.653262217999999,104.018977661158,1.20417797,3.17942701723533,1.58384717659677,100.051651737411,NaN,NaN,NaN,NaN,14.640252615,0.0947203922509586,10.7563626146686,12.0536587004154,7.08796023819107,19.2964272943563,0.131403778726704,,1299.74018936932,30,169.146446062132,1.65169318305053,101.904447032173,1.43849831,3.51658379908138,3.61036559800652,100.023890207663,NaN,NaN,NaN,NaN,15,0.215567271178772,12.1952469929959,NaN,6.59852912681506,22.8181598651839,NaN,,1300.39775574189,30,170.36321904585,1.829149078,81.2426732619711,0.906047702,3.68504905925825,15.2458592724675,99.8985713572476,NaN,NaN,NaN,NaN,23,0.90740033290588,11.3494744873509,9.8727598304271,5.97278457882568,20.8964228970677,1.54525776726876,,1299.31926374635,30,170.004638162873
23.6666666666667,0.0521971749546442,105.03032661778,1.206826978,3.62597215232048,0.923542483396622,101.160708495878,NaN,NaN,NaN,NaN,11,0.0541381400303618,1.03725664310091,NaN,8.59507725735412,4.32046161050361,NaN,,1299.09142259985,30,168.523659379856,0.250096993737697,95.5579744691029,3.459087596,3.91041171520136,9.85707501724616,100.144648491884,NaN,NaN,NaN,NaN,6.0399112615,0.634789949593338,10.2345137991398,120.691801667796,8.09389818540622,19.3024930984229,0.0816713621598073,,1300.1587029175,30,171.027894168009,0.754264479783361,103.866482459457,2.039998428,3.41042589640689,2.61430302798398,100.081540857869,NaN,NaN,NaN,NaN,12.677852809926,0.156378616541999,11.1396434486992,4.9293176675834,7.58670929166613,19.7207928748286,0.530401296193491,,1300.88876850104,30,170.077024611338,0.653262217999999,104.052649989267,1.20417797,3.21678218121611,1.57508065934158,100.047700007732,NaN,NaN,NaN,NaN,14.76482951,0.0941665533486968,10.7975184827444,11.9845809701274,7.0884759034575,19.3740550913547,0.131428879527063,,1300.13473606393,30,169.140961104599,1.65589406553626,101.903249758009,1.43849831,3.58870676640205,3.61255747904994,100.058303583451,NaN,NaN,NaN,NaN,15,0.2155575439443,12.1358216296041,NaN,6.59918201017937,22.7040708700806,NaN,,1301.14695259963,30,170.361953733261,1.829149078,81.2184303676024,0.908965612433667,3.68595690758613,15.2698012217777,100.159154306779,NaN,NaN,NaN,NaN,22.9606678681667,0.909037791062005,11.3176042458212,10.3082683141572,5.97228821297802,20.8358868529873,1.48200349634117,,1299.84203600525,30,170.001914048004
23.75,0.052794434,105.003850904924,1.206826978,3.6768997406323,0.924203713444318,101.120785146648,NaN,NaN,NaN,NaN,11,0.0541824954016737,1.03513570487187,NaN,8.59566829033129,4.31676558178804,NaN,,1298.08862327498,30,168.518748209613,0.262350197783013,95.6142445806597,3.459087596,3.92327517932882,9.47505510334535,99.9798177630743,NaN,NaN,NaN,NaN,6,0.610240131086486,10.2833454261577,120.546673689731,8.09983671193189,19.3939701463766,0.0786021787827998,,1298.60485062002,30,171.034724963116,0.755911278,103.849832511044,2.039998428,3.42083032993032,2.60008971524082,100.173120288167,NaN,NaN,NaN,NaN,12.5983872025,0.155515180276123,11.1225096223439,4.84850976919691,7.57529351766405,19.688332055649,0.536287272028028,,1299.5145078147,30,170.073292652195,0.653262217999999,104.043526037766,1.20417797,3.1391953183137,1.56482173652627,100.032982167908,NaN,NaN,NaN,NaN,14.6823267817215,0.0935684962131641,10.7752612636344,11.843592008278,7.08893104782759,19.3320495809098,0.132124807787531,,1301.14984551036,30,169.135475802801,1.66276585617968,102.325334260807,1.43849831,3.55853010872403,3.54415532669382,102.242315725417,NaN,NaN,NaN,NaN,15,0.21147855112956,12.1301651174155,NaN,6.59946871099147,22.6931937173735,NaN,,1300.40752784284,30,170.363288434037,1.829149078,81.264652238247,0.911248328,3.68772923318128,15.2774606780672,99.7940418318062,NaN,NaN,NaN,NaN,22,0.909313423927077,11.4154542056322,9.97050162692384,5.9719630397057,21.0217450621847,1.53288042570496,,1299.57029117624,30,169.998762853647
23.8333333333333,0.052794434,105.030546749521,1.206826978,3.66058198470369,0.919694356799205,101.114051390466,NaN,NaN,NaN,NaN,11,0.0539129250292056,0.97645909361767,NaN,8.59765894814316,4.17142292220364,NaN,,1299.42791232926,30,168.513174794605,0.278953807096239,95.5732634468457,3.459087596,3.81742505321549,9.40356518420995,100.088744185901,NaN,NaN,NaN,NaN,6,0.606171450414828,10.3590882430762,121.32444252312,8.09369946359746,19.5359627949392,0.0775078574007433,,1301.64780517141,30,171.046184333035,0.755911278,104.063765544438,2.039998428,3.35622884629251,2.50810228420717,100.282628875508,NaN,NaN,NaN,NaN,12.4774649841667,0.149999859054686,11.1518770222035,4.68490870571911,7.57795621345012,19.7439362529431,0.535414280375021,,1299.63509229932,30,170.067779407787,0.653262217999999,104.139546110203,1.20417797,3.19340967831293,1.55098289814336,99.9747818824522,NaN,NaN,NaN,NaN,14.0970928465103,0.0926777987769542,10.7953795326737,11.7059564710763,7.08890911912708,19.3699964970659,0.132496291256375,,1301.22274493061,30,169.129989273045,1.67318175801669,103.794592805817,1.43849831,3.50188369359696,2.92246324300139,101.544839913405,NaN,NaN,NaN,NaN,15,0.174252860662518,12.0797844189809,NaN,6.59862607775594,22.5965485677546,NaN,,1300.28145448902,29.9910647052405,170.368098907988,1.829149078,81.2726292761899,0.914151678507657,3.70887891946343,15.3013728905209,99.9630995746793,NaN,NaN,NaN,NaN,22,0.910707470510045,11.3781940348964,10.1148486188752,5.97225653136906,20.9509492872943,1.51310027015328,,1300.68851915835,30,169.996021535183
23.9166666666667,0.0553481022252959,105.002162374376,1.206826978,3.62387545742307,0.922629610308069,101.084605872066,NaN,NaN,NaN,NaN,11,0.0540959335943099,1.06013303048271,NaN,8.58000624675993,4.36031616485749,NaN,,1299.92048171419,30,168.510088475441,0.286705735999999,95.6841751872981,3.459087596,3.89272520962228,10.297860044843,100.160513637887,NaN,NaN,NaN,NaN,6,0.663237137720756,10.413766606025,121.095575501543,8.03713742210966,19.6385436056648,0.0850400224405779,,1299.55479039824,30,171.049128156262,0.755911278,104.119736857812,2.039998428,3.42166091216991,2.38622087043106,100.030766273402,NaN,NaN,NaN,NaN,12.6778632645,0.142693183877342,11.1509965856891,4.69085434403804,7.58422367976481,19.7422977966418,0.508892334378502,,1299.35581396474,30,170.062264503837,0.653262217999999,104.11335045835,1.20417797,3.1690134644939,1.5426269390359,100.065100511941,NaN,NaN,NaN,NaN,14.1258302717682,0.0921760477763664,10.8166112480842,11.6135492168847,7.08928101757656,19.4100202603725,0.132831836750108,,1299.60375024847,30,169.12450099658,1.676168866,103.866041611668,1.43849831,3.5179991004046,2.35183337177342,99.6502751810017,NaN,NaN,NaN,NaN,15,0.140368497692358,12.0899633729887,NaN,6.59808120861973,22.6160894506453,NaN,,1299.67692698529,29.9984935826349,170.365751522183,1.829149078,81.1454266702903,0.916507388,3.72206386809717,15.3214538684909,99.8372779835865,NaN,NaN,NaN,NaN,22,0.911664750703438,11.4441971989519,10.108114778973,5.97259634762537,21.0764026901196,1.51688721326876,,1301.15190245664,30,169.992945415066
24,0.0561251719999989,105.004484250343,1.206826978,3.5578171118042,0.995077667440438,101.097034365861,NaN,NaN,NaN,NaN,11,0.0583296930990944,0.957948448823708,NaN,8.53670646785643,4.1752096058301,NaN,,1298.2347167021,30,168.505358895428,0.286705735999999,95.7354380306071,3.459087596,3.85054708419781,10.7595462146946,100.273136984923,NaN,NaN,NaN,NaN,6,0.692948256401479,10.4635589950112,121.049054226466,8.0461652972221,19.7320552267489,0.0888845912102288,,1300.25361030317,30,171.043977532316,0.755911278,104.087298153113,2.039998428,3.39399156676666,2.24468495214579,100.020552322073,NaN,NaN,NaN,NaN,12.6055668235497,0.134284873318905,11.1942917381682,4.72404352813175,7.59198075965924,19.8243373594019,0.475174569004809,,1301.43683420733,30,170.056751498901,0.653262217999999,104.081156379696,1.20417797,3.16136471123369,1.53136361441361,100.04815618688,NaN,NaN,NaN,NaN,14.099825219,0.0915417659468443,10.8252948204512,11.5034261860428,7.08971654113422,19.4264258076981,0.133125197038559,,1300.1426656621,30,169.119013150786,1.67916027678203,103.668627925379,1.43849831,3.46206796925609,2.04430444843309,99.8576128540617,NaN,NaN,NaN,NaN,15,0.122107973143327,12.0225318734221,NaN,6.59737150410431,22.4867888923217,NaN,,1298.45320570646,30,170.363141962049,1.829149078,81.0872602090247,0.918913957612683,3.74910826769238,15.3319497317902,100.021606705718,NaN,NaN,NaN,NaN,22,0.9125183625536,11.4251436012476,9.80760534948401,5.97200729409378,21.0401803800183,1.566791945026,,1298.32603448314,30,169.989708430367
24.0833333333333,0.0561251719999989,105.009199791679,1.206826978,3.58991021126432,1.03474060059035,101.073657958478,NaN,NaN,NaN,NaN,11,0.0606430335733737,0.964346356255426,NaN,8.52460346046661,4.13401966114584,NaN,,1299.42875942638,30,168.499784084543,0.286705735999999,95.7981596092139,3.459087596,3.85728597347877,10.209163245409,99.9892385238568,NaN,NaN,NaN,NaN,6,0.657802099809881,10.4173302362319,120.510470719833,8.07074056667648,19.6452506538103,0.0847253085109896,,1300.70329826854,30,171.03882840713,0.756559337614471,104.179391950132,2.039998428,3.3839844342574,2.13696592301366,100.07062069167,NaN,NaN,NaN,NaN,12.7516055237837,0.127799193925943,11.2095411365273,4.68827592653284,7.59813446743253,19.8532232417769,0.455837066010925,,1299.70394663566,30,170.051814771725,0.653262217999999,104.121801431325,1.20417797,3.20265974030377,1.5207361698453,99.9725019679506,NaN,NaN,NaN,NaN,13.7988063578333,0.0909080814594111,10.7814666423447,11.4943011610819,7.0900640982579,19.3437497643145,0.132305262739711,,1300.98031006226,30,169.113527885203,1.679558038,103.827457402242,1.43849831,3.42041504867314,1.83765553390646,100.419462152617,NaN,NaN,NaN,NaN,15,0.109725705587765,12.1510011996386,NaN,6.59751494016585,22.7331961923277,NaN,,1300.17088534178,30,170.358077484028,1.829149078,81.1357205312242,0.921708013999999,3.71743445637873,15.3381787367282,100.145320721767,NaN,NaN,NaN,NaN,22,0.912919409834184,11.4394209522781,10.2038027676807,5.97174569479182,21.0673630628952,1.50412763966526,,1300.07799667123,30,169.987068048115
24.1666666666667,0.0561251719999989,104.987302709515,1.206826978,3.59194333432278,1.03447263146545,101.092580090576,NaN,NaN,NaN,NaN,11,0.0606332597542332,0.94439756838403,NaN,8.52423135737001,4.15215276388041,NaN,,1300.38596222386,30,168.494209929816,0.287174316747001,95.8502216628456,3.459087596,3.90685337089367,9.61359917319518,100.041432832374,NaN,NaN,NaN,NaN,6,0.619665546223688,10.5713594980253,121.882652975932,8.09289682882673,19.9345842915444,0.078875361612944,,1299.83341668575,30,171.034015817126,0.768960694401928,104.210378196205,2.039998428,3.39855495273819,2.0602594724177,100.058669679118,NaN,NaN,NaN,NaN,12.7588420156667,0.123190349598853,11.1317225081759,4.62874002549574,7.59706648047282,19.7058101178955,0.44513495284821,,1298.6457380955,30,170.058505229426,0.653262217999999,104.17897682198,1.20417797,3.21953650201694,1.5138941809184,100.070088149453,NaN,NaN,NaN,NaN,13.8794880605,0.0904407607187098,10.8307015878128,11.3924189916089,7.08995975153667,19.4365952084657,0.132887400674697,,1300.30046966021,30,169.108040299619,1.679558038,104.094422665166,1.43849831,3.46371036588607,1.61140267675387,100.538026259225,NaN,NaN,NaN,NaN,15,0.0962343232122637,12.1868429602828,NaN,6.59756256803795,22.8021156302336,NaN,,1298.74416730304,30,170.352545766968,1.829149078,81.2529973636804,0.924642737991047,3.75059740181918,15.3892998064132,100.218212916072,NaN,NaN,NaN,NaN,22,0.915752748449771,11.3733143262556,10.0929857729381,5.97186920084339,20.941693537736,1.52556869192578,,1300.09256240839,30,169.984362710467
24.25,0.0561251719999989,105.023829829941,1.206826978,3.60877464264259,1.03059036832376,101.120658624266,NaN,NaN,NaN,NaN,10.9197400511667,0.060371642124051,0.93198965058066,NaN,8.52649790255969,4.12872547298207,NaN,,1300.19856459304,30,168.48863454757,0.306907886835714,95.830584535914,3.459087596,3.84726787636395,9.23878957544227,99.9980486855402,NaN,NaN,NaN,NaN,6,0.595797013173789,10.6333748936975,121.445148570613,8.09995529432825,20.0512437092456,0.0760741603196491,,1301.36808165128,29.9975829844602,171.048265590597,0.776204267405715,104.15884827166,2.039998428,3.41659848376034,1.99798130752695,99.9665286719981,NaN,NaN,NaN,NaN,12.7590561783333,0.119501715350691,11.1012249608494,4.58561987324624,7.59580221569018,19.6481137147191,0.435733705588373,,1299.58821767389,30,170.06036725968,0.653262217999999,104.210770423344,1.20417797,3.19881417741284,1.50378488298355,100.059120540831,NaN,NaN,NaN,NaN,13.7165458833333,0.0898388830425768,10.8675742536876,11.3384466668021,7.09008055919266,19.5062168421391,0.132628483679191,,1300.53264797296,30,169.102551468747,1.679558038,104.24604518295,1.43849831,3.42585579259609,1.42321369429827,100.177260590377,NaN,NaN,NaN,NaN,15,0.085008504934063,12.1086864362511,NaN,6.59795132810912,22.6520738942415,NaN,,1300.03635053621,30,170.347014692075,1.829149078,81.1691141893696,0.926830728,3.69255980865732,15.3511945407382,99.8083990512626,NaN,NaN,NaN,NaN,21.4774820013333,0.913792581570018,11.3767764689811,10.3443981581051,5.97102178388716,20.9482541784455,1.48493221797027,,1299.55732592044,30,169.981113612678
24.3333333333333,0.0561251719999989,105.020421727876,1.206826978,3.47631820164013,1.02515805125397,101.044954628784,NaN,NaN,NaN,NaN,10.919744428302,0.0596947032225956,0.917387492861117,NaN,8.52897310390877,4.07438279329237,NaN,"Sample 1.50 mL to AMBR-96DWP-2/D1",1298.55376995945,29.9985778324949,168.168260293401,0.324660397676967,95.969313106559,3.459087596,3.64508627271093,9.26729877554986,100.199287267337,NaN,NaN,NaN,NaN,6.040098887,0.595040675230594,10.7374657042329,121.625041830267,8.08701228925649,20.2472465482177,0.0763854169480997,"Sample 1.50 mL to AMBR-96DWP-2/D2",1299.88877064181,29.9951743523539,170.732093429555,0.780808265996108,104.168258272703,2.039998428,3.14176083081606,1.94219764921176,100.007769697612,NaN,NaN,NaN,NaN,12.700485539,0.115092553617054,11.0868192172181,4.6019471951961,7.59730045932433,19.6207611909623,0.422700174361867,"Sample 1.50 mL to AMBR-96DWP-2/D3",1298.86299513721,29.9986154091016,169.721147119827,0.653262217999999,104.187121952149,1.20417797,3.00531179572597,1.50308981864721,99.9419209070109,NaN,NaN,NaN,NaN,13.801706245,0.0894043892260722,10.8915725096168,11.3606633178858,7.09055975129349,19.551482823808,0.132526537091819,"Sample 1.50 mL to AMBR-96DWP-2/D4",1299.70038942768,29.9988162359348,168.74460507256,1.679558038,104.268793494191,1.43849831,3.22817866638762,1.28703359757499,100.011444318866,NaN,NaN,NaN,NaN,15,0.0762973853600927,12.1486068973646,NaN,6.59782960834915,22.7286256257301,NaN,"Sample 1.50 mL to AMBR-96DWP-2/D5",1300.04633428067,29.9987945366981,169.976640262078,1.829149078,81.1572607606815,0.9312490100947,3.48203455217682,15.3883889379987,99.9101741703107,NaN,NaN,NaN,NaN,21.5580344025,0.908638294624416,11.3434734298573,10.1900007386814,5.97372300887401,20.8849937296777,1.50651871294781,"Sample 1.50 mL to AMBR-96DWP-2/D6",1301.5208656388,29.9965919640384,169.598605822906
24.4166666666667,0.0561251719999989,104.996246613801,1.206826978,3.66594654628765,1.03314676253126,101.068513864107,NaN,NaN,NaN,NaN,10.879504081198,0.0586409983381879,0.914740331317334,NaN,8.53223887378521,4.04884442205507,NaN,,1299.35969498942,29.9974020551158,166.683477390341,0.327161542,96.4062430637196,3.459087596,3.83906913496339,9.47734451417216,101.228501784557,NaN,NaN,NaN,NaN,6,0.611028224690554,10.7577625068374,122.506603495426,8.08076370936969,20.285499241093,0.079939536305183,,1300.07688615575,29.9955837682528,169.264713859083,0.787237454412224,104.240454383583,2.039998428,3.43925976342048,1.95072443568968,100.202987301215,NaN,NaN,NaN,NaN,12.5621752143333,0.112258084277846,11.0649410199027,4.63354388110969,7.59552828746809,19.5793688217183,0.430035036240158,,1300.47617674143,29.9812615638723,168.266444926759,0.653262217999999,104.260062014406,1.20417797,3.23544729371324,1.51343203084771,100.238267894525,NaN,NaN,NaN,NaN,13.9197002426667,0.0887291702552427,10.7901558965472,11.4446219062467,7.09197300556173,19.3602312269599,0.135194422975815,,1299.3059835062,29.982058606044,167.297575562557,1.679558038,104.333693841675,1.43849831,3.43388733602204,1.25355257148221,100.185389876496,NaN,NaN,NaN,NaN,15,0.070321642273348,12.0680789902028,NaN,6.59875962410402,22.5740767960253,NaN,,1299.3138165206,30,168.54195810553,1.829149078,81.7583264602306,0.932050831999999,3.89079434528091,15.586664425065,102.193048268908,NaN,NaN,NaN,NaN,21.0371569643333,0.930547423383736,11.102184210495,10.7244754750583,5.98713877360705,20.4283729603272,1.3896555775007,,1300.18084719233,29.8662278200755,168.181309606751
24.5,0.0561251719999989,104.986988817695,1.206826978,3.65454114207835,1.01569039918308,101.101333234495,NaN,NaN,NaN,NaN,10.9597328951667,0.0588798416132864,0.917293009085833,NaN,8.53496626112306,4.03979834674168,NaN,,1298.33491126374,30.0032086053847,166.677902029126,0.328920611237459,96.7009702081004,3.459087596,3.90614127107257,9.63744976577611,100.225111384887,NaN,NaN,NaN,NaN,6,0.61389500719586,10.8325605286155,120.012223950977,8.09356576264051,20.4265886416798,0.0803032793611201,,1301.31552490737,30.0003019185405,169.261254461478,0.797804654531872,104.263274998993,2.039998428,3.39740894050121,2.05740636191566,99.9890311564805,NaN,NaN,NaN,NaN,12.6022808478333,0.121785991620006,10.8403950442289,4.48702070491326,7.59796339713152,19.155251615283,0.458552873064752,,1299.61152193106,29.8600351857633,168.271294493443,0.665048088747592,104.314094206805,1.20417797,3.31839856593843,1.57013408237863,100.045848776472,NaN,NaN,NaN,NaN,13.8393676803333,0.0927611171611429,10.3996640749752,11.1519761082207,7.09874043790113,18.6257357558212,0.140795913776317,,1299.14517496297,29.8521182171446,167.303407006967,1.679558038,104.383314963618,1.43849831,3.44939581530555,1.15663169707243,100.067399758098,NaN,NaN,NaN,NaN,15,0.0683964143452703,12.0795845832549,NaN,6.59886528678746,22.5962603835653,NaN,,1299.90553375145,30.0003995235292,168.536431140469,1.829149078,82.5442133752124,0.932050831999999,3.83059719105416,15.6508970831367,100.74173582605,NaN,NaN,NaN,NaN,21,0.920978062474923,10.470805398408,8.76023614367783,5.99694973278365,19.2374125398246,1.78963174805634,,1299.9973659723,29.8510347298203,168.17577807533
24.5833333333333,0.0561251719999989,105.027919243124,1.206826978,3.57851738005269,1.0052970186303,101.093995256227,NaN,NaN,NaN,NaN,11,0.0582683363105379,0.920337677711634,NaN,8.53783144697917,4.01811497806264,NaN,,1300.20797538488,30.0000066374364,166.672326648108,0.330957302681004,96.6993220511565,3.459087596,3.86768820912929,9.56997383523236,99.9918100268718,NaN,NaN,NaN,NaN,6,0.609551352415321,10.8309841990694,120.571544829,8.09302906786028,20.4235544072225,0.0793728586029614,,1299.69816212267,30.0009047384304,169.258138465699,0.806794146943586,104.328689139526,2.039998428,3.50703948287326,2.0347334140431,100.116292978409,NaN,NaN,NaN,NaN,12.0781788994814,0.120416832050567,10.6122602382477,4.45137872695402,7.59644043495952,18.7254337632872,0.45715162134597,,1299.90127394938,29.8694979601507,168.274908685971,0.676382604,104.323781559038,1.20417797,3.17795782002527,1.56186035923479,100.024010930507,NaN,NaN,NaN,NaN,13.8792597747713,0.0923313291002698,10.1650472485296,11.1634550997633,7.09778381818784,18.1861184251314,0.139910006679471,,1299.96464035146,29.8669885484302,167.309716487582,1.68639150033026,104.438959863121,1.43849831,3.42597855866322,1.10621671379984,100.065816870671,NaN,NaN,NaN,NaN,15,0.0654074660103502,12.0455985698515,NaN,6.59905587190887,22.5309958667863,NaN,,1299.16597365907,30.0004008230872,168.537535793822,1.829149078,82.6866971554854,0.932050831999999,3.92740437827566,15.4839211342569,99.7454109130929,NaN,NaN,NaN,NaN,21,0.911122238677682,10.1617556879912,9.19205955894877,5.99740763843953,18.657866750117,1.68543321374436,,1298.91661655906,29.9009452012691,168.170237383001
24.6666666666667,0.0561251719999989,104.98688466925,1.206826978,3.63932114438058,0.994584777934493,101.111484832196,NaN,NaN,NaN,NaN,10.8319734272296,0.0576415878710181,0.940738113377653,NaN,8.54058257675099,4.14212514777175,NaN,,1300.05651626316,30,166.666749915911,0.338899302088803,96.7344531518932,3.459087596,3.87698085812007,9.44253111058773,100.120424057915,NaN,NaN,NaN,NaN,6,0.601438241255048,10.8410759843474,119.946274094368,8.09764392203794,20.4425859583215,0.078723540478646,,1299.60079314267,30,169.260792037766,0.8104302,104.38765720651,2.039998428,3.45723726977308,2.02722901256548,99.991790984146,NaN,NaN,NaN,NaN,11.9622104016853,0.119927829394848,10.4310115451958,4.42162757855429,7.57924331471414,18.3847789698036,0.458530055314562,,1300.38648257953,29.9166063676949,168.273166113996,0.676382604,104.330461131268,1.20417797,3.28914645573333,1.55187220061576,99.9925691428021,NaN,NaN,NaN,NaN,13.7373999334882,0.0916968209814049,9.96047620307838,11.0881278332509,7.09611201268348,17.8037179039536,0.139958893471931,,1299.5576629734,29.9145872061843,167.304227691921,1.6910506246532,104.470625497272,1.43849831,3.47443743061919,1.07385580562897,100.036759406237,NaN,NaN,NaN,NaN,15,0.0634731583407246,11.9895466637728,NaN,6.59872815346128,22.4235835858599,NaN,,1299.30470692753,30,168.536799654419,1.829149078,82.5882699787058,0.932050831999999,3.77604361692251,15.4486017121736,100.088323797706,NaN,NaN,NaN,NaN,21,0.908853532133702,10.1716195845608,9.32681028386578,5.99535343344252,18.6762821285313,1.6573347971121,,1298.9301543017,29.9392956323627,168.164694898821
24.75,0.0561251719999989,104.980044770642,1.206826978,3.61219772240387,0.987486342530988,101.082899701697,NaN,NaN,NaN,NaN,10.7667543022704,0.0572732089487556,0.914728496184683,NaN,8.54308645776254,4.02548004321592,NaN,,1299.13856035139,30,166.661176767734,0.348049624264752,96.8474930319273,3.459087596,3.84748341051341,9.41349705146707,100.094100531548,NaN,NaN,NaN,NaN,6,0.599813095068631,10.9255880554332,120.333523180873,8.0903482042879,20.6021252106287,0.078228430029685,,1300.30552636253,30.000804682139,169.26485814814,0.8104302,104.33715184791,2.039998428,3.36929547066664,1.99976696538202,100.071549683874,NaN,NaN,NaN,NaN,12.2399128841667,0.118320905035347,10.3359322310903,4.39445974564828,7.57928958785563,18.2063607980894,0.455086232575615,,1300.84454932768,29.9503966319038,168.267650368106,0.676382604,104.339144976206,1.20417797,3.38080125998241,1.53197985021568,100.037327898164,NaN,NaN,NaN,NaN,13.7807279294071,0.0905404327759625,9.83426386592535,11.0339625327122,7.09474148616858,17.568295367599,0.138844114882163,,1301.66441778653,29.9465988806706,167.298737325509,1.69307577,104.456112828967,1.43849831,3.42486882033118,1.04916195554625,100.030475856084,NaN,NaN,NaN,NaN,15,0.0620358865729424,12.0300790818843,NaN,6.59818523606956,22.5012417821152,NaN,,1297.98922899183,30,168.533366148971,1.829149078,82.6644992935276,0.932050831999999,3.85229996244749,15.4466972676546,100.207836421499,NaN,NaN,NaN,NaN,20.959997515,0.908792831200479,10.0766244843507,9.45106183635002,5.99308852694017,18.4986428761378,1.63511701035928,,1300.3571530825,29.9633084715921,168.159152496241
24.8333333333333,0.0561251719999989,105.009620776287,1.206826978,3.65353392278437,0.98331415020712,101.021893645466,NaN,NaN,NaN,NaN,10.8397444051667,0.0569999653483612,0.918826127193564,NaN,8.54511709582627,4.09100019016274,NaN,,1300.47583819385,30,166.65560306278,0.351041570000001,96.8831557403514,3.459087596,3.89188155514726,9.77658437942739,100.104365418739,NaN,NaN,NaN,NaN,6,0.622514217762568,10.9322275210595,120.087234319624,8.07785132493992,20.6146784284776,0.0814190975099728,,1299.26296998905,30,169.26283410624,0.8104302,104.386499737325,2.039998428,3.58907810996682,1.90035062522777,100.032544277963,NaN,NaN,NaN,NaN,12.4913871923537,0.112462658885045,10.2868666533005,4.38834986813098,7.58393179644842,18.1144830216571,0.433056677364362,,1299.76589592419,29.9695053188365,168.262137090293,0.676382604,104.358022444334,1.20417797,3.33690863917786,1.51430717769423,100.039342937417,NaN,NaN,NaN,NaN,13.9196988718333,0.0894648675639635,9.86224275680623,10.9625845146674,7.09342455738317,17.6204406340022,0.138134713218163,,1300.46136376108,29.9719173936249,167.293247579893,1.69307577,104.404330917052,1.43849831,3.47071254654474,1.02507472370501,99.9958528895953,NaN,NaN,NaN,NaN,15,0.0606427491873072,12.0426357630484,NaN,6.59852331342521,22.5253140024354,NaN,,1300.08750836485,30,168.527841099274,1.829149078,82.962226847828,0.932050831999999,3.82090008482681,15.2706091248125,100.894410383979,NaN,NaN,NaN,NaN,21,0.898407208780044,10.0696892512299,8.80466043220442,5.98978212258703,18.48566397879,1.73666432195569,,1299.59538386927,29.9758025270481,168.153609913128
24.9166666666667,0.0561251719999989,105.026501886373,1.206826978,3.6577240256692,0.980840888692884,100.980908770423,NaN,NaN,NaN,NaN,11,0.0568481377539428,0.943540424646512,NaN,8.54702896199215,4.10837677232882,NaN,,1301.45894588599,30,166.650028313408,0.352847686468722,96.9212799832833,3.459087596,3.80152105315491,9.51127334830017,100.086679501538,NaN,NaN,NaN,NaN,6,0.606034561762993,10.9987100504418,120.814587993416,8.09076852911688,20.7402886577009,0.0787277070774645,,1299.74677632595,30,169.259418935171,0.8104302,104.395523167887,2.039998428,3.36808044790583,1.80286391812683,99.9825098190589,NaN,NaN,NaN,NaN,11.9924885080188,0.106697428168763,10.2133134662844,4.49406944703273,7.58975928487969,17.9766217171994,0.401208987263156,,1299.03985003675,29.9834958013125,168.256624156744,0.676382604,104.40813371338,1.20417797,3.21301163523311,1.4937722408843,100.03625121509,NaN,NaN,NaN,NaN,13.7996245636667,0.0882595530738287,9.76057666557353,10.922224394047,7.09218896247185,17.4310148507721,0.136764747865989,,1298.9120072962,29.9853070692165,167.28775709876,1.69307577,104.464815563401,1.43849831,3.45816026027344,1.00656561181022,100.041425701335,NaN,NaN,NaN,NaN,15,0.0595263697414657,12.0388268414231,NaN,6.59791933539392,22.5180727266833,NaN,,1300.59985774696,30,168.522316147704,1.829149078,83.3447479122457,0.932050831999999,3.8358628549761,15.0539603049121,100.327195314335,NaN,NaN,NaN,NaN,21.0544919087402,0.885346031473991,9.95121235199025,8.66630188500101,5.98580049429418,18.2644180179135,1.73776342842541,,1300.60261296355,29.9879190058567,168.148066735418
25,0.0561251719999989,104.986545496887,1.206826978,3.68119765892759,0.967403798662406,101.022296618087,NaN,NaN,NaN,NaN,11,0.0560800893831536,0.94026673652651,NaN,8.54873831043885,4.1249579141025,NaN,,1299.88110270535,30,166.644453059285,0.354726009476068,96.8974391854627,3.459087596,3.83913807959883,9.47875388593766,100.028214968307,NaN,NaN,NaN,NaN,6,0.603940006507345,11.0676987529529,120.762399121016,8.0913359330138,20.870811367087,0.0784921787223519,,1299.47358898446,30,169.256146282039,0.8104302,104.427983128174,2.039998428,3.3515373320629,1.71972387613988,100.038856118785,NaN,NaN,NaN,NaN,12.5861763131275,0.101746885312774,10.1831920597146,4.42289564652975,7.59319509737881,17.920253920133,0.388870523753182,,1300.87207231693,29.9899997711182,168.251110769578,0.676382604,104.381220867372,1.20417797,3.22935877478048,1.47578730341603,100.033145953158,NaN,NaN,NaN,NaN,14.0799310013333,0.0872004810938957,9.75190962903911,10.8787276840472,7.09135299438464,17.4148652934518,0.135660511122293,,1299.19815620881,29.9899997711182,167.282266996606,1.69307577,104.521686645434,1.43849831,3.53061492924587,0.997111653536802,100.051342704326,NaN,NaN,NaN,NaN,15,0.0589591507886653,12.0353680170712,NaN,6.59817321790471,22.511393954637,NaN,,1301.00292670637,30,168.516790826742,1.829149078,83.5162249569604,0.932050831999999,3.74327392852089,14.9819224230413,100.330330124589,NaN,NaN,NaN,NaN,21.2379596194261,0.881135189301326,9.99751360991158,8.6856094665661,5.98167498076461,18.3508570470249,1.72557070329753,,1298.53333189858,29.9962622884385,168.142522796238
25.0833333333333,0.0561251719999989,105.010660449734,1.206826978,3.69552855002006,0.967075171743763,101.037413318575,NaN,NaN,NaN,NaN,10.919688255,0.0560400746196281,NaN,NaN,8.55054597006921,3.9565590331766,NaN,,1300.38507089251,30,166.638878109548,0.358634422071816,97.0033994422903,3.459087596,3.81149215386816,9.27470864737875,100.009200950953,NaN,NaN,NaN,NaN,6,0.590982873271473,11.0398833637047,121.062407218356,8.09616702111977,20.8181741727383,0.0766114081369946,,1300.36773051844,30,169.254905628464,0.812280556634332,104.412187811958,2.039998428,3.53867292042521,1.63382003763205,99.9896079272633,NaN,NaN,NaN,NaN,12.1363799213333,0.0966684675432221,10.1915210703787,4.41806476003021,7.59813876944064,17.9358255637624,0.369855840888585,,1300.41901626216,29.9934196339725,168.247242490675,0.676382604,104.406026235145,1.20417797,3.24675065769814,1.46539207035028,100.069241620925,NaN,NaN,NaN,NaN,13.8381015335,0.0865974270098349,9.63817340929804,10.8024358717444,7.09027634680876,17.2031974243851,0.1356590988389,,1299.37273629704,29.9924094861759,167.276777944679,1.69307577,104.563542018016,1.43849831,3.50442678046145,0.979639038063106,99.9984254292588,NaN,NaN,NaN,NaN,15,0.0579088487365555,11.9291459509794,NaN,6.59790747308166,22.3079381967126,NaN,,1299.16806154546,30,168.511263805548,1.829149078,83.4848963347848,0.932050831999999,3.74827577446837,14.8849779533649,100.037727172253,NaN,NaN,NaN,NaN,21.3508029490004,0.875630177171701,10.0708825386209,8.93579904724316,5.97761884883182,18.4878878611263,1.66642334543779,,1300.50004031194,29.9953236557986,168.136979953058
25.1666666666667,0.0561251719999989,105.025360951088,1.206826978,3.65739725737265,0.963546035541566,100.979793269908,NaN,NaN,NaN,NaN,10.9598433205,0.0558396321870884,0.916930700792499,NaN,8.5516420874601,3.97919631900707,NaN,,1298.98988122976,30,166.633302438832,0.363867842079806,96.998830015971,3.459087596,3.90117166924048,9.15341208748758,100.056302961246,NaN,NaN,NaN,NaN,6,0.583342484167209,11.1493147216517,121.656179497868,8.09925527724747,21.0252538741228,0.0752404849201779,,1300.25469109852,30,169.254852264195,0.820636672,104.416445496977,2.039998428,3.43455520506556,1.58456806518654,100.039654085562,NaN,NaN,NaN,NaN,12.0245119166667,0.0937854815275914,10.1286270183342,4.40203506024342,7.59598593454055,17.8181677075005,0.360028453967313,,1301.48954221269,30,168.250289422963,0.676382604,104.444548746496,1.20417797,3.19970210971349,1.4475475742004,100.033213647302,NaN,NaN,NaN,NaN,13.833707458291,0.0855212828754757,9.63675401942753,10.712917291221,7.0899603660158,17.2005429458401,0.135124415573824,,1301.04417410141,29.9959927223445,167.271288610678,1.69307577,104.550183213994,1.43849831,3.48083037983397,0.972555726698382,100.03553954838,NaN,NaN,NaN,NaN,15,0.0574819361387871,11.8958226488472,NaN,6.59785967909778,22.2441552155427,NaN,,1298.53106265482,30,168.505735483161,1.829149078,83.7109243539294,0.932050831999999,3.77112682118318,14.863989014441,100.47432115871,NaN,NaN,NaN,NaN,21,0.874279904219427,10.0365614819826,8.33858551778783,5.97374286621301,18.4237448800429,1.7852703838876,,1299.60688779894,29.991526269532,168.131437529198
25.25,0.0561251719999989,105.020053397818,1.206826978,3.58634979466339,0.953202207644267,101.037194698814,NaN,NaN,NaN,NaN,10.9193939628333,0.0552214013861592,0.914811789908615,NaN,8.55309494888614,4.03136991039508,NaN,,1300.42546855507,30,166.627725203124,0.382295953981206,97.0403808467024,3.459087596,3.82026690361473,9.11068007486706,100.106768890175,NaN,NaN,NaN,NaN,6,0.580706029696471,11.1490813931596,121.515675272871,8.09614075139309,21.0248699519524,0.0749756171770455,,1300.29626500289,30,169.267920800704,0.822476616137653,104.422475470988,2.039998428,3.42506128163933,1.52299006248156,100.059584374492,NaN,NaN,NaN,NaN,11.9626978308906,0.0901442786361949,10.0772152172801,4.40226356258543,7.59787694384969,17.7220383158681,0.34596437468133,,1301.56251772377,30,168.24648189322,0.676382604,104.510827153097,1.20417797,3.24388623203765,1.4331290838981,100.030883492684,NaN,NaN,NaN,NaN,14.0872967305423,0.0846362082121876,9.64247390875087,10.6457327093374,7.0893248670318,17.2111813703119,0.134622539184098,,1299.81141384573,30,167.265797816601,1.69307577,104.594397012231,1.43849831,3.43635157613558,0.96379869308372,100.009507652574,NaN,NaN,NaN,NaN,15,0.056959748666512,11.9889685926516,NaN,6.59823474760532,22.4224883962605,NaN,,1298.55091179565,30,168.500206585294,1.829149078,83.9075537072617,0.933722635003958,3.74542775871061,14.8228902305697,100.246138559317,NaN,NaN,NaN,NaN,21.2780523191667,0.871715761099733,10.1172639684244,8.12566109452913,5.97179253412042,18.5746141004506,1.82596133223228,,1300.14676124516,29.9947924050087,168.127459347662
25.3333333333333,0.0561251719999989,105.006932225386,1.206826978,3.64189580243989,0.951358307369585,100.960722008476,NaN,NaN,NaN,NaN,10.9597398126667,0.0551201579996507,0.947612139005882,NaN,8.55445324311965,3.96218860854959,NaN,,1299.22871914422,30,166.622148624765,0.391770068000001,97.1433574933907,3.459087596,3.87069179934967,9.6104206551518,100.22313104067,NaN,NaN,NaN,NaN,6,0.61237707032811,11.1851552769395,121.378009035845,8.06307866767079,21.0931582624191,0.0791800797260174,,1301.51415652681,30,169.272658726082,0.828217683357012,104.478561145548,2.039998428,3.3668752381657,1.46879434183268,100.047033317171,NaN,NaN,NaN,NaN,12.2947382219427,0.0869404180608774,10.1607039408239,4.39856427244993,7.59768472315948,17.8782170620323,0.333956552333481,,1300.13429297239,30,168.246778971952,0.676382604,104.488829589832,1.20417797,3.21669311400004,1.42607937630095,99.9674865446368,NaN,NaN,NaN,NaN,14.1610408028333,0.0842105454661657,9.61654728838075,10.6190723567433,7.08892010937762,17.1629780320064,0.134300768060529,,1299.40066690759,30,167.260305061174,1.69307577,104.590749646696,1.43849831,3.45445859535926,0.950695717943934,100.082576156027,NaN,NaN,NaN,NaN,15,0.0561982440966134,12.0590620046238,NaN,6.59775033978947,22.5568036489347,NaN,,1300.92117163568,30,168.494678750564,1.829149078,84.0126522687032,0.937309891999999,3.74288076467478,14.7603874563085,100.091613581304,NaN,NaN,NaN,NaN,21.0428313596667,0.868210659448961,10.1223455983584,8.20613806283188,5.972936389743,18.5841628123204,1.79985356781711,,1299.58211536276,30,168.125610830601
25.4166666666667,0.0561251719999989,105.030056767899,1.206826978,3.69413946626891,0.950341765276507,101.010911258413,NaN,NaN,NaN,NaN,11,0.0550403010283163,0.951715506784693,NaN,8.55524814490169,4.13298280749633,NaN,,1299.03088655355,30,166.616571368722,0.391770068000001,97.1079023822221,3.459087596,3.83120786273572,9.62936951682394,99.7181398231278,NaN,NaN,NaN,NaN,6,0.613637204599421,11.235596844043,121.817805915012,8.08192537903194,21.1888269958063,0.0790534624644809,,1301.31084837263,29.9959807361585,169.267506540929,0.830765232,104.441214569139,2.039998428,3.47436789991048,1.42354976507722,100.007727914655,NaN,NaN,NaN,NaN,12.2048785863333,0.0842618315697965,10.1046979399887,4.44829467695101,7.59759550068303,17.7733962402848,0.320038006027902,,1301.40086904133,30,168.243882676735,0.676382604,104.485925413874,1.20417797,3.38142118249982,1.41577376553784,100.09822362213,NaN,NaN,NaN,NaN,13.9998513762207,0.0836144476281714,9.58462621095603,10.6563287144895,7.08805233026716,17.1036829307883,0.132859285755314,,1301.14484264007,30,167.254813818324,1.69307577,104.560611948018,1.43849831,3.39238841460153,0.949042292351678,100.011049221107,NaN,NaN,NaN,NaN,15,0.0561088587371088,11.9482005477944,NaN,6.59791860747548,22.3444337448578,NaN,,1299.62769237823,30,168.489151631095,1.829149078,84.0542596884998,0.938919652962175,3.74159743166278,14.7458338953851,100.425158979414,NaN,NaN,NaN,NaN,21,0.867317742039782,10.1625013842707,8.50866064643927,5.97146340096259,18.6592861832597,1.73543902393019,,1299.73975572635,30,168.121574180774
25.5,0.0561251719999989,105.018568259713,1.206826978,3.56731121764849,0.948000346178393,100.937467060016,NaN,NaN,NaN,NaN,10.9600640623333,0.0548797235527941,0.922017968485602,NaN,8.55595951273074,4.01080703189234,NaN,,1299.16171399919,30,166.610991354744,0.394108304541941,97.034204233091,3.459087596,3.80949772697633,9.13421351447652,100.170070976164,NaN,NaN,NaN,NaN,6,0.582770579481539,11.4112300841362,121.824330177897,8.09703550750869,21.5221842206043,0.0749777614302944,,1300.61848441791,30.0000007968383,169.264563186487,0.831990648859272,104.49430609796,2.039998428,3.44373026948324,1.38362333988684,100.051229155146,NaN,NaN,NaN,NaN,12.518350534,0.0819097527332165,10.1016079427261,4.42932204956052,7.59830595463907,17.7676277214406,0.312436937502131,,1300.07662905327,30,168.239460570275,0.676382604,104.550577741103,1.20417797,3.28947798414212,1.40665207551212,99.9773651239361,NaN,NaN,NaN,NaN,14.3224420864459,0.0830803746388767,9.57625206758634,10.5668943889316,7.08717647628482,17.0880676822274,0.133122845415316,,1299.76296845339,29.9998017298116,167.249323097526,1.69307577,104.590980073448,1.43849831,3.4659035745159,0.94165921669851,100.031944780835,NaN,NaN,NaN,NaN,15,0.0556760535810364,12.0550637862049,NaN,6.59775511038708,22.5491636863082,NaN,,1300.81697030099,30,168.483626566184,1.829149078,84.2616667680386,0.942491039999999,3.81328627453688,14.7103707106844,100.091080592122,NaN,NaN,NaN,NaN,21,0.86504634830785,10.1509393735039,8.11962683736374,5.97258751726266,18.6376091172507,1.81229588897168,,1299.7852130327,30,168.119706202466
25.5833333333333,0.0561251719999989,104.972475269817,1.206826978,3.62074235935757,0.936533529088278,100.953250830319,NaN,NaN,NaN,NaN,10.9955196484223,0.0542824206403647,0.909778001850467,NaN,8.55628030199291,4.01266601084099,NaN,,1300.83850323402,30,166.605413953044,0.398528246586656,97.1144278456136,3.459087596,3.85187416298073,9.03870789017545,100.018657786381,NaN,NaN,NaN,NaN,6,0.576620006650233,11.4619667274809,122.560811001268,8.09304395009709,21.6186416853427,0.0737490866665259,,1300.31190597794,30.0086175611574,169.263972387099,0.842035478978564,104.481143829347,2.039998428,3.39078632389305,1.35227009976179,100.014908918229,NaN,NaN,NaN,NaN,12.6828921005,0.0800398131944759,10.0418771589802,4.45655685239222,7.58430326581003,17.6559853614117,0.303472481591355,,1300.67490066369,30,168.243994458042,0.676382604,104.540612014872,1.20417797,3.26330920504104,1.39511445964091,100.028976545804,NaN,NaN,NaN,NaN,14.3371674282985,0.0823413917608802,9.5747016207072,10.5010700003552,7.08712055638215,17.0851855093411,0.132857458008566,,1300.94018156253,29.9908042311176,167.243828750448,1.69307577,104.571722335745,1.43849831,3.4516008200684,0.930663539269562,100.020055068935,NaN,NaN,NaN,NaN,15,0.0550403434787356,12.0114070084745,NaN,6.59767278501854,22.4654563518319,NaN,,1300.61645503418,30,168.478101768101,1.829149078,84.2583601493645,0.944050577956741,3.79185417430372,14.6953366875672,99.9957428385001,NaN,NaN,NaN,NaN,21.1016958761667,0.864079933262864,10.1483515173833,7.98123278286722,5.97112348377345,18.6327659933798,1.84385003344317,,1299.46792252464,30,168.115618759523
25.6666666666667,0.0561251719999989,104.979557625448,1.206826978,3.61135763090692,0.938509324542645,100.944039412149,NaN,NaN,NaN,NaN,10.9238440915777,0.0543926549241171,NaN,NaN,8.55708041701951,3.96337603230852,NaN,,1301.77223602645,30,166.599840220864,0.40143332621647,97.1747360560696,3.459087596,3.89404609473455,9.02610374208132,100.173337301431,NaN,NaN,NaN,NaN,6,0.575931467199796,11.4668245639238,122.168967466588,8.09248234724777,21.627890829405,0.0738825814708458,,1299.16018453675,30.005842056996,169.261665798603,0.844360875999999,104.563552219601,2.039998428,3.39371071039584,1.43788183049162,100.018383784598,NaN,NaN,NaN,NaN,12.6041441124638,0.0850960928387793,10.0410805512955,4.37738273512522,7.54630696708949,17.6545122630773,0.328544796287378,,1299.54233833239,30,168.240944776109,0.676382604,104.524351000624,1.20417797,3.19387208014121,1.38427276866672,100.043348026821,NaN,NaN,NaN,NaN,14.1550414145348,0.0817582871589612,9.51764652474298,10.4148668170101,7.08682724024776,16.9791989480252,0.132918237634774,,1300.15660235736,29.9993562075884,167.238336580617,1.69307577,104.630315027698,1.43849831,3.43488331359328,0.929041085644308,100.052389942763,NaN,NaN,NaN,NaN,15,0.0549194581464622,11.9934412347477,NaN,6.59800661901751,22.4310517971674,NaN,,1300.36665871537,30,168.472576641387,1.829149078,84.3092243965682,0.947652709999999,3.78751567880065,14.6814897516178,100.135849903465,NaN,NaN,NaN,NaN,21.1402680871667,0.863270034863911,10.2987742982729,8.31204972271211,5.97164188229814,18.9144305998503,1.76749522674473,,1298.71825784517,30,168.113779744643
25.75,0.0561251719999989,105.016917163584,1.206826978,3.64588807972589,0.94030977967666,100.906413580968,NaN,NaN,NaN,NaN,11,0.0544874622224756,NaN,NaN,8.55731147367288,3.95793564822165,NaN,,1301.04005262419,30,166.594266451663,0.403843232022857,97.2057781908999,3.459087596,3.89913881914921,9.02201177223631,99.9658662437007,NaN,NaN,NaN,NaN,6,0.575189725791894,11.5685947708381,122.185848579782,8.09431399647684,21.8215863496078,0.0738412717356912,,1300.28065978773,29.9970970781889,169.258929474771,0.844360875999999,104.595368606621,2.039998428,3.42889759227842,1.43589839617503,100.054370581465,NaN,NaN,NaN,NaN,12.5877576172028,0.0849416460583104,10.1099099390926,4.38776570067051,7.53854086457164,17.7831473117896,0.327281374671341,,1298.82887032491,30,168.235430756443,0.676382604,104.498768238708,1.20417797,3.30395072539304,1.38023131300815,100.015336379734,NaN,NaN,NaN,NaN,14.1497554771667,0.0815112724810393,9.59896367824299,10.3622411148939,7.08607986686865,17.1302831847586,0.133203900109028,,1298.63653691857,30,167.232845192533,1.69307577,104.629097986024,1.43849831,3.45584840529751,0.919762499153871,99.9801327144848,NaN,NaN,NaN,NaN,15,0.0543677679671378,11.9515721563549,NaN,6.59856187962059,22.3508870701972,NaN,,1300.15462245819,30,168.467049958427,1.829149078,84.3976681387933,0.950195903591113,3.74711092669709,14.6913345359319,100.272638172799,NaN,NaN,NaN,NaN,21.0402341235,0.864100449222337,10.3019878731611,8.29100294324072,5.97141555228305,18.9204687197775,1.77425971878253,,1299.58255296113,30,168.110676176019
25.8333333333333,0.0561251719999989,104.998658480351,1.206826978,3.598877880369,0.932607207642149,100.886590926555,NaN,NaN,NaN,NaN,10.9597443958333,0.0540402312193694,NaN,NaN,8.55751818371175,3.95215240592635,NaN,,1300.75492428542,30,166.588691563842,0.407477043772402,97.1893854943693,3.459087596,3.84450858193139,8.94252942291358,100.064092990384,NaN,NaN,NaN,NaN,6,0.570702940968734,11.6864850320492,122.571298759713,8.09723783946708,22.0462826376912,0.0729584984260225,,1301.49924558033,29.9944731968128,169.257350953412,0.844360875999999,104.574520326252,2.039998428,3.48253849911519,1.39264012039282,100.024848619916,NaN,NaN,NaN,NaN,12.7591250905,0.0824030815857124,10.0672491728926,4.3113867781668,7.53580987025303,17.7033992065045,0.323062677715581,,1299.12101783881,30,168.229916979581,0.676382604,104.563761029853,1.20417797,3.29687112890286,1.37142643987554,100.069031036301,NaN,NaN,NaN,NaN,14.4791329744648,0.0809960475350749,9.52582374866386,10.2459099485613,7.0855537511285,16.9943916290677,0.133856073567614,,1299.89483266911,30,167.227355685381,1.69307577,104.652984458831,1.43849831,3.38291841275143,0.912766633222754,100.061154295446,NaN,NaN,NaN,NaN,15,0.0539600684542829,11.9878065518078,NaN,6.59822657036398,22.4202977515319,NaN,,1299.91984218721,30,168.461524562176,1.829149078,84.4694741394173,0.952794902,3.77407190852505,14.6604600481087,99.9288418886502,NaN,NaN,NaN,NaN,21,0.862211274946839,10.3327923453527,8.24991795485144,5.97105881322778,18.9781768248161,1.77800536753593,,1298.98458506989,30,168.107836149123
25.9166666666667,0.0561251719999989,104.996942786253,1.206826978,3.62619647398609,0.932742692541533,100.873166702277,NaN,NaN,NaN,NaN,11,0.0540400445100199,NaN,NaN,8.55783875280344,3.99011006190239,NaN,,1299.91633026357,30,166.583116729781,0.413138773127743,97.2258451247429,3.459087596,3.79134797464192,8.8543418482837,100.02936583742,NaN,NaN,NaN,NaN,6.88586123733334,0.565153269263648,11.6984252407006,122.447266664512,8.09679892469438,22.0690731641025,0.0723116222414779,,1299.7524587754,30,169.257937124877,0.844360875999999,104.574613075042,2.039998428,3.43676510077241,1.34193196466642,100.024129682824,NaN,NaN,NaN,NaN,12.7188802601667,0.0794156606975986,10.0129187528953,4.2673738273459,7.53667840789007,17.601886554154,0.314496300608524,,1301.53545380484,30,168.224404520647,0.676382604,104.578333617908,1.20417797,3.17990995247424,1.36494525949886,100.016174323642,NaN,NaN,NaN,NaN,14.7675694973685,0.0806015808593336,9.55152500743564,10.2186323392126,7.08524964519049,17.0421164673056,0.13357831431056,,1299.74510722465,30.0004003784187,167.221864483514,1.69451828184359,104.664848957497,1.43849831,3.44417680311842,0.900101661528517,100.004956303639,NaN,NaN,NaN,NaN,15,0.0532150064447079,11.8730105967601,NaN,6.59867553328855,22.2005248386905,NaN,,1300.12872723748,30,168.457378581283,1.829149078,84.4606719482256,0.957638634558708,3.75992088371487,14.6649370547323,100.199499243316,NaN,NaN,NaN,NaN,21,0.862408306391961,10.3465523800281,8.21973751238598,5.97229481562832,19.003988068092,1.78631581350314,,1299.38123653206,30,168.107032068804
26,0.0561251719999989,104.971182887172,1.206826978,3.60142776595563,0.932535668905862,100.835114780654,NaN,NaN,NaN,NaN,11,0.0540400385906966,NaN,NaN,8.55769987363878,3.94061878978878,NaN,,1300.48105370688,30,166.57754219308,0.418646087515884,97.3014375135247,3.459087596,3.8323961757158,8.84532825704514,100.171605900151,NaN,NaN,NaN,NaN,6.9194054845,0.564448502919928,11.7768924417778,122.604515271544,8.0978136378074,22.2188370804951,0.0721457158455273,,1298.17947078358,30,169.258235969407,0.844360875999999,104.611094804256,2.039998428,3.54216881661828,1.29695743728003,100.016027664806,NaN,NaN,NaN,NaN,12.6641640691667,0.0767252219727492,10.0246047297577,4.25786099424761,7.53890426715991,17.6237095785699,0.304651760464432,,1299.01393170291,30,168.218891162743,0.676382604,104.555735883351,1.20417797,3.1801236614762,1.3602044464684,99.9984979674169,NaN,NaN,NaN,NaN,14.7978473818333,0.0803143477428386,9.50383050169471,10.1927433758562,7.08535214747065,16.953531448619,0.133450605030629,,1299.81691532075,30,167.216372983218,1.69619225,104.655412605148,1.43849831,3.45822458671003,0.895074204335956,100.067666958186,NaN,NaN,NaN,NaN,15,0.052919743323485,11.938600349011,NaN,6.59782104403053,22.326027227726,NaN,,1301.23383046558,30,168.453590166649,1.829149078,84.657512460174,0.960091308937048,3.69373736896544,14.654999533057,100.284650433666,NaN,NaN,NaN,NaN,21.040193007,0.861871533446616,10.3678742009857,8.1545217238,5.97148097053913,19.0439669222725,1.7992066172029,,1299.50688784448,30,168.103944056177
26.0833333333333,0.0561251719999989,105.013555356127,1.206826978,3.63330775602307,0.932229120397396,100.828511194916,NaN,NaN,NaN,NaN,11,0.0539993698755815,NaN,NaN,8.55720132594761,3.91525564154505,NaN,,1303.70717032759,30,166.571966385197,0.42334775380127,97.3549094938265,3.459087596,3.84921411713133,8.82917285795171,100.018213224487,NaN,NaN,NaN,NaN,7,0.563374598772117,11.7026976075654,122.873632820417,8.09702155202075,22.0772431075475,0.0718558707817539,,1300.19873687511,30,169.257861842127,0.844360875999999,104.566627849033,2.039998428,3.44840680697988,1.254277933421,100.019998493206,NaN,NaN,NaN,NaN,12.5747343171627,0.0742306744767217,9.98460276774083,4.26344114012325,7.53858737825505,17.5490027710856,0.294251223328518,,1300.26558826171,30,168.213377874642,0.676382604,104.585424977095,1.20417797,3.25902972480979,1.35695335540273,100.006003096951,NaN,NaN,NaN,NaN,14.0861670626667,0.0801287540698597,9.51803985133285,10.1494345521923,7.0898761676455,16.9799185397725,0.133700987885456,,1299.46312995062,30,167.210882443656,1.69619225,104.678722700166,1.43849831,3.45823968429252,0.883427114815574,100.011677119235,NaN,NaN,NaN,NaN,15,0.0522243756895638,11.9662533533091,NaN,6.59829289447985,22.3790161715148,NaN,,1300.65717438141,30,168.448064830493,1.829149078,84.6657333291342,0.963196153999999,3.73064679143867,14.6334484646998,100.211322238596,NaN,NaN,NaN,NaN,21,0.860424089609067,10.4854039390807,8.18828106161006,5.9717246778704,19.2645972401303,1.79067720571408,,1298.77107214329,29.9996471048281,168.101608361499
26.1666666666667,0.0561251719999989,105.017196287305,1.206826978,3.6072583056705,0.931407658875996,100.828539749248,NaN,NaN,NaN,NaN,11,0.0539603876630462,NaN,NaN,8.55700016021729,3.95526708733674,NaN,,1301.39002812539,30,166.566391298773,0.428236393661879,97.2890357092512,3.459087596,3.79376791563848,8.7725239054103,99.9922765602984,NaN,NaN,NaN,NaN,7,0.560166833539499,11.7304986942313,123.370377600598,8.0977808468464,22.1303354142661,0.0711080638976722,,1299.04431481986,30,169.257540250584,0.844360875999999,104.611610229301,2.039998428,3.36819797167832,1.21178414901098,100.010707445291,NaN,NaN,NaN,NaN,12.6797286208708,0.0717054347351515,10.0477932004096,4.24664642557519,7.54089532594023,17.6670382785893,0.285394967018067,,1300.23986806444,29.9983883445697,168.20786690613,0.676382604,104.623954301994,1.20417797,3.21257367648387,1.35210185176288,100.061714356017,NaN,NaN,NaN,NaN,13.7986197396667,0.0798132038066739,9.50959044484103,10.0986640468928,7.09745874836771,16.9642240435881,0.133893926924951,,1299.79157113127,30,167.205390454279,1.69619225,104.679199939858,1.43849831,3.43304562839251,0.877325954944623,100.006503122871,NaN,NaN,NaN,NaN,15,0.051879656751166,11.9583870864329,NaN,6.59791728436229,22.3639076419795,NaN,,1299.38359837797,30,168.442541169467,1.829149078,85.0117286475513,0.964823028974918,3.72342920293629,14.6918525675038,100.538522752769,NaN,NaN,NaN,NaN,21.08025478,0.863479314752748,10.4074782075017,7.68506701759615,5.97156436167467,19.11827508176,1.91270160754132,,1300.00521319069,29.9987425458832,168.097585164053
26.25,0.0561251719999989,104.983905124715,1.206826978,3.63730386298291,0.930000187676847,100.760935733923,NaN,NaN,NaN,NaN,11,0.0538796305195995,NaN,NaN,8.55647351724178,3.89985502083928,NaN,,1299.14253604492,30,166.560815821119,0.433685954899522,97.3717186874976,3.459087596,3.83932384546994,8.76553853777229,100.062762625213,NaN,NaN,NaN,NaN,7,0.559621561517851,11.8382468971374,123.469141092402,8.09660279026616,22.3360981206004,0.0709943066387531,,1300.45657313156,29.9963854326944,169.257916971862,0.844360875999999,104.584458887743,2.039998428,3.42794857640615,1.17384473663873,100.045029124789,NaN,NaN,NaN,NaN,12.8363817277998,0.0694731022847354,10.0945312386596,4.14741672278754,7.54295809363088,17.7544097384536,0.283074632983481,,1299.42715893468,30,168.202355087625,0.678658502927509,104.63082607993,1.20417797,3.18883117574803,1.34452718966797,99.9953167361053,NaN,NaN,NaN,NaN,13.938552794,0.0793608317229358,9.51710518672334,10.0730844164439,7.09890606676589,16.9782096311172,0.133484865675832,,1299.20031389414,29.9995972871445,167.202112184469,1.69619225,104.659535119785,1.43849831,3.42317705773905,0.865913563321323,100.003487319311,NaN,NaN,NaN,NaN,15,0.0511926491390748,11.9303118208834,NaN,6.59787228698316,22.310147520383,NaN,,1300.47478899384,30,168.437016844813,1.829149078,85.1961888542132,0.968416258,3.79672242209096,14.6644619969187,100.517291418691,NaN,NaN,NaN,NaN,21,0.862011352441684,10.3916044333636,7.45615185339499,5.9740251913242,19.0885269919403,1.97029248608719,,1299.66522718636,30,168.095739205883
26.3333333333333,0.0561251719999989,105.030020779135,1.206826978,3.37857307793624,0.932668281072925,100.754796580637,NaN,NaN,NaN,NaN,11,0.0538744772914252,NaN,NaN,8.55595935678362,3.93663115963344,NaN,"Sample 1.50 mL to AMBR-96DWP-2/E1",1299.91009712477,29.9987960728783,166.227882359274,0.437864717247572,97.3125837285351,3.459087596,3.62095059562361,8.74127723872106,99.9371281774514,NaN,NaN,NaN,NaN,6.83964600966667,0.554789179183196,11.819749243769,124.250063075653,8.09708367355139,22.3007757122881,0.0704610126995473,"Sample 1.50 mL to AMBR-96DWP-2/E2",1300.75742298997,29.9994003576723,168.947357372396,0.844360875999999,104.601830339409,2.039998428,3.22204095779359,1.14064363509585,99.9699902021371,NaN,NaN,NaN,NaN,12.4440695827127,0.0673712593117548,10.0371080912416,4.14714239176278,7.54409711284315,17.64708973007,0.275095413664626,"Sample 1.50 mL to AMBR-96DWP-2/E3",1300.33692613718,29.9999611200647,168.127332349807,0.68563823136015,104.631465454578,1.20417797,2.94020400517326,1.33734749723114,100.020576567624,NaN,NaN,NaN,NaN,14.0618884725,0.0789018105033706,9.48988556455884,10.0434069179323,7.09886213745284,16.9276451335959,0.133164074008631,"Sample 1.50 mL to AMBR-96DWP-2/E4",1299.23127015103,29.9998200994346,167.152997415221,1.69621144220519,104.712851439955,1.43849831,3.26759051269264,0.862644089346596,100.006990154174,NaN,NaN,NaN,NaN,15,0.0509999990463257,11.9649112280638,NaN,6.59807656126168,22.3763890974734,NaN,"Sample 1.50 mL to AMBR-96DWP-2/E5",1298.7604880974,29.999943370698,168.399337298466,1.829149078,87.8829047783962,0.968416258,3.59320441318885,14.5907951840906,108.122377787509,NaN,NaN,NaN,NaN,21,0.854381534400913,10.5298228102219,3.82360921989841,5.98758613947972,19.3480755638339,24.9979345776643,"Sample 1.50 mL to AMBR-96DWP-2/E6",1299.4198599015,29.986677266868,168.073897020403
26.4166666666667,0.0561251719999989,105.012623604375,1.206826978,3.66264213492782,0.942556092945931,100.779129077185,NaN,NaN,NaN,NaN,11,0.0534431882191847,NaN,NaN,8.55555883754633,3.93551407266818,NaN,,1296.65927806639,29.9971916104059,164.755666893505,0.443340702578392,97.9063790297245,3.459087596,3.80507783001483,8.82531539141965,101.508595010146,NaN,NaN,NaN,NaN,6.91965221352979,0.5503962434937,11.8428812719619,125.462166478781,8.09771975435265,22.3449480833317,0.0720130061656094,,1299.13508918662,29.998824763788,167.463231830711,0.844360875999999,104.56989156465,2.039998428,3.41971479311605,1.14434072287388,100.056933355359,NaN,NaN,NaN,NaN,12.3977501697873,0.0645572635824377,10.1194818363857,4.15021019103838,7.54651820685227,17.8010625863087,0.275674041390645,,1299.86782900419,29.9900619564286,166.397335280032,0.689743417856323,104.649468079417,1.20417797,3.16752149711848,1.35346427994138,99.9932823785581,NaN,NaN,NaN,NaN,14.3210699283333,0.0776138993189027,9.50352513966878,10.1540051238229,7.09727818115025,16.9529659636292,0.133387177810871,,1300.25550472904,29.9957677411914,165.408263726253,1.72277084879994,104.677593179791,1.43849831,3.53541938863252,0.871556170603736,99.9977557781042,NaN,NaN,NaN,NaN,15,0.0516364815225648,11.5782323338131,NaN,6.60003484460809,21.6386987487738,NaN,,1300.15317783172,29.8756574261526,166.657807964334,1.829149078,89.673263614169,0.968416258,3.64029726949756,14.4650874509441,99.5908253051006,NaN,NaN,NaN,NaN,21,0.809513987378427,10.6086042869224,NaN,6.01078922402889,19.4961965880355,NaN,,1301.27877294249,29.973573234129,166.290644197879
26.5,0.0561251719999989,104.965037259492,1.206826978,3.59935803680747,0.942240843826275,100.71473326492,NaN,NaN,NaN,NaN,11,0.0540000014007092,NaN,NaN,8.55504984903196,3.9639863116698,NaN,,1298.83244721488,30,164.750092249285,0.457117969548703,97.7027365700616,3.459087596,3.95407346037045,9.46893096852116,98.836962504747,NaN,NaN,NaN,NaN,6.35782445447856,0.597693931615871,11.8210116069316,123.701222107093,8.09843982535763,22.3031951110814,0.0765387039108581,,1299.40905129328,29.887336941837,167.4716634799,0.844360875999999,104.665364538401,2.039998428,3.43677165244734,1.09321840672822,100.063476279017,NaN,NaN,NaN,NaN,12.6046882310542,0.0639777597527862,10.0094518612094,4.06513466442255,7.54710717569921,17.5954183797137,0.268991718368448,,1299.30041855896,29.9979290809849,166.391825539848,0.689744512,104.68188051099,1.20417797,3.18048467040754,1.34357410158868,100.075041383362,NaN,NaN,NaN,NaN,14.1613162795,0.0784271138519785,9.51259556297207,9.9863076204026,7.09694577423214,16.9698081835156,0.134549395186975,,1298.98915906803,30,165.402780003832,1.73931001457392,104.785010173817,1.43849831,3.55830197776967,0.904645794777155,100.143279607018,NaN,NaN,NaN,NaN,15,0.0529196676844084,11.0807614424997,NaN,6.59942861207162,20.6934971628743,NaN,,1302.23744103423,29.8437452082168,166.66923043338,1.829149078,89.3750558224188,0.968416258,3.68356628959418,14.5557625526801,100.11512190222,NaN,NaN,NaN,NaN,21,0.84503437511975,10.5858532131938,4.77150845400814,6.03416866232447,19.4533726359859,3.12322946375322,,1299.65419065975,29.9833562205562,166.28510231704
26.5833333333333,0.0561251719999989,105.023901969555,1.206826978,3.61237378446499,0.943784241532487,100.739428250263,NaN,NaN,NaN,NaN,11,0.054080386039657,NaN,NaN,8.55404005775091,4.01349546575702,NaN,,1299.18869993543,30,164.744518240415,0.474931533261047,97.5030967707732,3.459087596,4.01211463864629,9.84618038698443,100.071563100814,NaN,NaN,NaN,NaN,6.46918713649165,0.622122451351594,11.7817377404794,125.33201518041,8.09716242308733,22.2281119122195,0.0785607625981171,,1300.74012371421,29.8490626109197,167.484265404427,0.844360875999999,104.718943808783,2.039998428,3.40200193782673,1.07199468449842,100.045864675081,NaN,NaN,NaN,NaN,12.7070382534458,0.0627330969065475,10.0205783007222,4.00465388540539,7.54959837229364,17.6161863453933,0.267778689608298,,1298.89602270412,30,166.386312848759,0.689744512,104.701341166592,1.20417797,3.2100091743102,1.33746024633046,100.029739850669,NaN,NaN,NaN,NaN,14.1202897823333,0.0780798911738926,9.4075770205851,9.9680332200326,7.09566431580873,16.7748931749901,0.134188167126899,,1300.72215650603,30,165.397286236577,1.75043848,104.753265840899,1.43849831,3.50740152167689,0.890272167777105,99.9999318330334,NaN,NaN,NaN,NaN,15,0.052088761587736,10.9148608771264,0.0596788845302032,6.59548666564639,20.3798932745271,14.8856331635157,,1298.64583653102,29.8962846051741,166.675163697165,1.829149078,89.8266608673305,0.968416258,3.67067908011413,14.5778078629029,101.108404425991,NaN,NaN,NaN,NaN,21,0.845528440631371,10.6799283628948,3.48204347178137,6.05696669957648,19.6304227003318,4.22755954770006,,1299.29548129568,29.990391291876,166.279545375012
26.6666666666667,0.0561251719999989,105.014888282932,1.206826978,3.61842295147596,0.944030320377552,100.705768784109,NaN,NaN,NaN,NaN,11,0.0540804898638139,NaN,NaN,8.55301105751792,3.90062064516217,NaN,,1298.77668900151,30.0004014097073,164.738942177494,0.483024498,97.6308854527703,3.459087596,3.94614883565594,10.0451424719849,100.125906341045,NaN,NaN,NaN,NaN,6.48482549183333,0.634373413508422,11.7467779743114,125.176464978466,8.09360634263961,22.1613559792414,0.0802481522607992,,1300.9251959769,29.8974570703639,167.487625634927,0.844360875999999,104.59439256849,2.039998428,3.53706009134552,1.04160716899859,99.9985371829629,NaN,NaN,NaN,NaN,12.7995596313333,0.0609942515566059,9.99278611593331,3.96589871962655,7.55123953448733,17.5642802078286,0.262700241869526,,1299.52559670996,30,166.38080083113,0.689744512,104.692434576659,1.20417797,3.27695170937244,1.32939974703085,100.043655598251,NaN,NaN,NaN,NaN,14.5176232064318,0.0775972425181124,9.43945311214288,9.93343768144994,7.09423471015965,16.8340197412825,0.133835864720184,,1298.70928679998,30,165.391791691867,1.75043848,104.791075540039,1.43849831,3.55259394166975,0.875568053014129,99.9821015299989,NaN,NaN,NaN,NaN,15,0.0512129852847591,10.7727017376793,0.0436082832214171,6.59461045430257,20.1116284979384,19.9906672959813,,1299.19354822394,29.9395987784907,166.669639428947,1.829149078,90.2866109733363,0.968416258,3.76571747169462,14.3848776583636,100.703940723553,NaN,NaN,NaN,NaN,21,0.834064470854708,10.6429085049862,2.82293801921172,6.07926750868925,19.5607008600656,5.1278462834159,,1299.28063465821,29.994832545799,166.27398568905
26.75,0.0561251719999989,104.973665837496,1.206826978,3.67026460358452,0.944579329862182,100.662654346231,NaN,NaN,NaN,NaN,11,0.0541200565602627,NaN,NaN,8.55205623081058,4.01245919813181,NaN,,1299.72217885733,30,164.733366507426,0.485185452934454,97.6291744258456,3.459087596,3.8304239316416,9.99901726827559,99.9990288652659,NaN,NaN,NaN,NaN,6.63848040083333,0.631338014314073,11.7231521046941,125.156565051593,8.09556586324278,22.1162416849388,0.0798940042082614,,1301.52491712174,29.938098480774,167.484575983257,0.844360875999999,104.694583584754,2.039998428,3.47242351652902,1.02439532602755,100.025190575917,NaN,NaN,NaN,NaN,12.758717875,0.0599827011315858,10.0016400615269,3.87607452632037,7.55274740114107,17.5808523338141,0.264459030250805,,1301.49732529394,30,166.375291735171,0.689744512,104.731488308849,1.20417797,3.16876031903582,1.31978903506671,100.019852998135,NaN,NaN,NaN,NaN,14.7677135115682,0.0770401915912188,9.46501879536405,9.89565421504347,7.09308058172607,16.8814705963345,0.133388020440191,,1300.75449391832,30,165.386298270215,1.75043848,104.78711603472,1.43849831,3.60326970032256,0.86212960375296,99.9851155549114,NaN,NaN,NaN,NaN,15,0.0504178245966899,10.7261020682235,NaN,6.59321190345304,20.023817130194,NaN,,1301.75551543029,29.9592329225118,166.664113706836,1.83985245888236,90.6023601897694,0.968416258,3.76429614732649,14.1360572782465,100.076671664424,NaN,NaN,NaN,NaN,21,0.819712849232422,10.6436180175176,2.66814941777858,6.09952110619354,19.5620621346921,5.40964985376434,,1300.20113297199,29.9960483169936,166.278278621157
26.8333333333333,0.0561251719999989,105.049640300765,1.206826978,3.65188812275304,0.945883955668291,100.658914894105,NaN,NaN,NaN,NaN,11,0.0541611073290329,NaN,NaN,8.55110026267033,3.94972742234977,NaN,,1299.64826434582,30,164.727789725257,0.487459003994557,97.6231655045651,3.459087596,3.98810148857624,9.89980693955844,100.064095328439,NaN,NaN,NaN,NaN,7,0.62542063954094,11.731701935731,125.635073036507,8.097548223002,22.1325607438046,0.0787982276145721,,1298.96637903405,29.9647181764982,167.481707437565,0.844360875999999,104.691070393319,2.039998428,3.4603569619959,0.998720627346496,99.9925666970792,NaN,NaN,NaN,NaN,12.6655850526667,0.0584651832052261,10.0162450451331,3.81718925208548,7.55787160746687,17.6081039790469,0.261816500234668,,1299.9697813185,30,166.369780982009,0.689744512,104.746846995622,1.20417797,3.26211273815099,1.31735446976922,100.049351914003,NaN,NaN,NaN,NaN,14.6048853735614,0.0768795537658442,9.45111478876301,9.89497877321763,7.09164919734456,16.8556677318166,0.133148345501603,,1299.35008504838,30,165.380803817323,1.75043848,104.784079632023,1.43849831,3.52383019948506,0.856433261076468,99.9821537532361,NaN,NaN,NaN,NaN,15,0.0500806902561547,10.688453106155,NaN,6.59263205981889,19.9529026996138,NaN,,1299.63314540247,29.9799343829116,166.658586648281,1.897412731888,93.1785675345711,0.968416258,3.75219815217355,13.1813048240086,111.820046595729,NaN,NaN,NaN,NaN,20.9599385563333,0.763329062811419,10.6211888367585,3.03104107937799,6.10019428164851,19.5199032479968,9.53983937466126,,1298.75270769227,29.9860390238409,166.330391100837
26.9166666666667,0.0561251719999989,105.006591602797,1.206826978,3.6474642042623,0.941591676226326,100.55166081307,NaN,NaN,NaN,NaN,11,0.0539196440875274,NaN,NaN,8.5499044215556,3.98031861618133,NaN,,1300.34669044238,30,164.7222113203,0.496281870877905,97.7138151856478,3.459087596,3.89970196033297,9.80064926268315,100.013327958245,NaN,NaN,NaN,NaN,6.95954825683333,0.619065475362725,11.6867484902371,125.734504301705,8.09927618136653,22.0467939138192,0.0779476854629341,,1299.65008242555,29.9771307626617,167.485186164697,0.844360875999999,104.733997039524,2.039998428,3.45478483164913,0.975352310716537,100.019031688083,NaN,NaN,NaN,NaN,12.565597828279,0.05706844053754,9.99761347657952,3.80829760617591,7.55836866129241,17.573305543102,0.256202076403665,,1302.11658434789,30.0004003657318,166.364269231873,0.689744512,104.759832853483,1.20417797,3.25663063394707,1.30968026886308,99.9052269279322,NaN,NaN,NaN,NaN,14.7888358189386,0.0764373385161713,9.43165440755959,9.86522278979653,7.09109431407216,16.8195495786868,0.132769934263605,,1299.1413524298,30,165.375309582298,1.75043848,104.746287750814,1.43849831,3.57337976921745,0.85484952466692,100.050153184527,NaN,NaN,NaN,NaN,15,0.0500000007450581,10.6939836140898,NaN,6.59169001380251,19.9633102006915,NaN,,1300.32748539446,29.9899997711182,166.653060841992,1.91839478632231,98.5533979080144,0.968416258,3.64764500863442,9.22923245997872,104.253471948207,NaN,NaN,NaN,NaN,21,0.533654971628449,10.6399240877506,NaN,6.0989986787607,19.5550912573462,NaN,,1299.41182445827,29.9675684018292,166.346194038331
27,0.0561251719999989,104.991346240705,1.206826978,3.60728312478328,0.946488270134157,100.574085482713,NaN,NaN,NaN,NaN,10.9598345613333,0.0542009326880468,NaN,NaN,8.54854121449976,3.98705495257667,NaN,,1298.38507212073,30,164.716633759778,0.506037286556903,97.647502701234,3.459087596,3.94882943648121,9.68481122671838,100.118925182265,NaN,NaN,NaN,NaN,6.69391228266667,0.61216563097603,11.7589770959019,126.244243493987,8.09766728627423,22.1846760028802,0.0767155430813674,,1302.63218073116,29.9866727717276,167.489935138345,0.844360875999999,104.692137450153,2.039998428,3.44157986624134,0.9635445190684,100.017644263401,NaN,NaN,NaN,NaN,12.3253518933715,0.0563944741965254,10.0298330122132,3.69383947684282,7.55946810590378,17.6335147756547,0.2610190335108,,1299.36702757505,30,166.358756216078,0.689744512,104.729024937999,1.20417797,3.22673637069736,1.30542611313714,100.04811776768,NaN,NaN,NaN,NaN,14.7184364565,0.0761737313939625,9.4423732224559,9.83719398035847,7.09009779500933,16.8394332057837,0.132716027964447,,1299.644868638,30,165.369813836737,1.75043848,104.761027382082,1.43849831,3.4810480445727,0.851288644223905,100.004971326655,NaN,NaN,NaN,NaN,15,0.049799119456628,10.5879619443135,NaN,6.59053903860767,19.7638185508697,NaN,,1300.05307879537,29.9924571010274,166.64753649296,1.93429074694532,98.8190783129751,0.968416258,3.6265937792865,7.05401943222636,99.9266987984387,NaN,NaN,NaN,NaN,20.9992120402686,0.409775751057865,10.5323495097709,NaN,6.09907866214435,19.3527861777415,NaN,,1297.53794755314,29.9696143995805,166.356528898819
27.0833333333333,0.0561251719999989,105.012396616595,1.206826978,3.62318821219998,0.945568070310405,100.577282026861,NaN,NaN,NaN,NaN,10.9599387683333,0.0541202767581389,0.947416090928867,NaN,8.54707915998886,4.02422544910634,NaN,,1299.8749246081,30,164.711055398446,0.516259755566671,97.7264351924155,3.459087596,3.90683540551405,9.60299942675362,100.072298216628,NaN,NaN,NaN,NaN,6.20142689716667,0.606996982149787,11.8411852741856,126.021902442052,8.09565582191736,22.341696086901,0.0762016093654031,,1300.18877858727,29.9899997711182,167.494952688408,0.844360875999999,104.717983773088,2.039998428,3.41914364972823,0.943929396949189,100.025746484907,NaN,NaN,NaN,NaN,12.5545156785161,0.05523476528063,9.97895742612544,3.71728202230939,7.56076951091368,17.5384756356713,0.254113903987318,,1302.53947139857,30,166.353244783375,0.689744512,104.686141727625,1.20417797,3.25584093592131,1.30014925180538,100.04645094707,NaN,NaN,NaN,NaN,14.6020705532902,0.0759014039217995,9.45560335130076,9.67089801699997,7.08912076572248,16.863989662511,0.134453794714816,,1300.11819458848,30,165.364319510122,1.75043848,104.76916129541,1.43849831,3.52360040149608,0.846629796609138,100.030250203811,NaN,NaN,NaN,NaN,15,0.0495172636844321,10.5432492457447,NaN,6.58891774500716,19.6797277268058,NaN,,1301.30421723929,30,166.642012124336,1.94546604589948,99.9940193305599,0.968416258,3.66137372702827,5.79160962104037,104.385085858913,NaN,NaN,NaN,NaN,20.4141086991521,0.336696232567808,10.5935804386801,NaN,6.09904058015894,19.4679266065275,NaN,,1298.66810732684,29.9786712401062,166.362352015375
27.1666666666667,0.0561251719999989,105.000662694374,1.206826978,3.67658606884185,0.945635404279157,100.57218985135,NaN,NaN,NaN,NaN,10.9197209816667,0.0541242180201206,NaN,NaN,8.54571587193194,3.93424160286846,NaN,,1299.84987788526,30,164.705474504165,0.520227478,97.7373506154888,3.459087596,3.9314308077941,9.69570354440061,100.024669570642,NaN,NaN,NaN,NaN,6.04008755283333,0.613079128776133,11.8360490618506,126.223289448474,8.08746140198036,22.3319031032187,0.0768138844368988,,1300.32481264696,29.992571658546,167.493986557614,0.844360875999999,104.734011037287,2.039998428,3.43208247626556,0.927554004283641,100.062140865627,NaN,NaN,NaN,NaN,12.6785973285,0.0542870619874851,9.84404257254967,3.58243888268292,7.56141791093435,17.2867587508248,0.259136500079786,,1299.82043550975,30,166.347732782581,0.689744512,104.749794415398,1.20417797,3.17848270425545,1.29116591447144,100.017246287154,NaN,NaN,NaN,NaN,14.1387859137098,0.0753766460125311,9.47392821547344,9.68642875696052,7.08862417536058,16.8980174091993,0.133311976860956,,1299.13681652094,30,165.358827315512,1.75043848,104.816180398026,1.43849831,3.50550192681388,0.83861397341707,99.9913243561906,NaN,NaN,NaN,NaN,15,0.0490399040702038,10.5523324338031,0.0620446955205081,6.58848705861421,19.6967965912953,13.7834998329486,,1299.63185761164,30,166.636487188033,1.95291785979939,101.926575259784,0.968416258,3.50425700046124,4.28755892244208,102.019224995353,NaN,NaN,NaN,NaN,20.983475609746,0.249306510460971,10.6635187611151,NaN,6.09859918349436,19.5994962150673,NaN,,1301.6051777021,29.9799995215349,166.364257989872
27.25,0.0561251719999989,105.001990409801,1.206826978,3.58887982990882,0.950333491443083,100.538023603964,NaN,NaN,NaN,NaN,11,0.0544293798513675,NaN,NaN,8.54425029760146,4.00789320624312,NaN,,1299.41003314299,30,164.699896880758,0.523506639541502,97.8444375592122,3.459087596,3.95809755745063,9.58655780434371,100.097338879059,NaN,NaN,NaN,NaN,6.57509189966666,0.605845456806849,11.8465562820379,126.01579638796,8.09545326083357,22.3519471405171,0.0760784455165306,,1299.5820138936,30,167.491859260408,0.844360875999999,104.748375402697,2.039998428,3.41920516302106,0.916238132790351,99.9871110552495,NaN,NaN,NaN,NaN,12.6385971538333,0.0536074475946778,9.89180055021905,3.64927082899609,7.56192066284896,17.3758247873163,0.251282028658003,,1300.34220529249,30,166.34222064585,0.689744512,104.75871743102,1.20417797,3.23649274694939,1.29361579890024,100.02855395977,NaN,NaN,NaN,NaN,13.8797902445,0.0755070041081681,9.44979373016804,9.54806448580413,7.08738685522844,16.8532306178792,0.135510532872873,,1298.70832238495,30,165.353334091347,1.75043848,104.762995209284,1.43849831,3.56978747260961,0.838238131550436,100.046191832629,NaN,NaN,NaN,NaN,15,0.04904006010852,10.4918832886083,0.0115273258621244,6.58819137293067,19.5832007058851,72.6730989764951,,1298.14220380935,29.9908272476822,166.630962920594,1.95682314655413,102.244988720179,0.968416258,3.52541875463341,3.40157910099437,100.078251051726,NaN,NaN,NaN,NaN,20.9600687506667,0.198085557731404,10.6694806797394,NaN,6.09904053838264,19.6107251350265,NaN,,1299.19330054766,29.9795960767678,166.362684044954
27.3333333333333,0.0561251719999989,104.97097720208,1.206826978,3.63376165218532,0.954776127391651,100.477177563893,NaN,NaN,NaN,NaN,11,0.0546915358089833,0.905120578021585,NaN,8.54268917119806,4.00798853214518,NaN,,1299.3476634525,30,164.694321269215,0.533686775999999,97.7944742912148,3.459087596,3.90854999909431,9.43570047189199,99.9846303698793,NaN,NaN,NaN,NaN,6.34867172883333,0.596706462105445,11.8484674927045,126.711650811706,8.09347227826468,22.3556064497159,0.0744662255104824,,1301.15731176063,30,167.49717067171,0.844360875999999,104.748419049348,2.039998428,3.409496092034,0.903151621060889,100.035820569773,NaN,NaN,NaN,NaN,12.6526020553466,0.0528527274763272,10.0163289403376,3.63624709537884,7.56357364028924,17.6082924693077,0.248623167501169,,1300.66379349403,30,166.336708629125,0.689744512,104.773520450209,1.20417797,3.24519642479052,1.28598722987588,100.011456397091,NaN,NaN,NaN,NaN,14.4419658923333,0.0750401412280118,9.40766387184132,9.66394626712064,7.08671954035476,16.7750470171768,0.133090849791839,,1299.90512852894,30,165.347840268143,1.75043848,104.848654747077,1.43849831,3.49781804520158,0.831690204997204,100.023581000808,NaN,NaN,NaN,NaN,15,0.0486368707316548,10.4786428493421,NaN,6.58811614617124,19.5583521223977,NaN,,1299.01834458624,29.9935061172019,166.625439351304,1.96172183243372,102.229841176137,0.968416258,3.4392807337808,3.09317630573889,99.8138950155343,NaN,NaN,NaN,NaN,22.5423375763613,0.180204677808861,10.6803483895732,NaN,6.0989083860043,19.6311822701492,NaN,,1298.91966124635,29.986949023942,166.361910034768
27.4166666666667,0.0561251719999989,104.977280275523,1.206826978,3.63925636825721,0.95518645434635,100.426705274944,NaN,NaN,NaN,NaN,11,0.0547090092831258,NaN,NaN,8.54051674380715,3.97522231248178,NaN,,1300.00688374238,30,164.688746157266,0.536417891612191,97.7980097916511,3.459087596,3.91100538729483,9.30685530901293,100.026197569895,NaN,NaN,NaN,NaN,6.20818467906625,0.588766502329856,11.897835388646,126.645864847113,8.09883802911577,22.4500160156827,0.0734874834326444,,1299.95012897044,30,167.494607047782,0.844360875999999,104.769430201321,2.039998428,3.42987110728481,0.887097675308625,99.9865815136537,NaN,NaN,NaN,NaN,12.7453524339867,0.0519198512305657,9.97877126815382,3.58541747820689,7.5643392867821,17.5381948710913,0.247661249243032,,1299.45440538096,30,166.331197991061,0.689744512,104.7949125961,1.20417797,3.24689293517425,1.28266646197962,100.002133771915,NaN,NaN,NaN,NaN,14.6452436885,0.0748394195626346,9.38850834424879,9.56105973901138,7.08606782212533,16.7395160243586,0.134175438763128,,1299.50685523395,30,165.342345591045,1.75043848,104.864186874439,1.43849831,3.5114578309055,0.828711716108289,100.016181522445,NaN,NaN,NaN,NaN,15,0.0484388846590477,10.4817168414462,0.121452318266173,6.58707641263831,19.5641036456132,6.75948824613892,,1300.7811913612,30,166.619913001921,1.96884418429238,102.110403122752,0.968416258,3.5563128792661,3.04468614225476,99.9013683822293,NaN,NaN,NaN,NaN,19.0008247244721,0.177449879181586,10.6315023196569,NaN,6.09837069068034,19.5392907596192,NaN,,1300.61897372189,29.9899997711182,166.36363029716
27.5,0.0561251719999989,105.007285861888,1.206826978,3.70750628414653,0.960861499857704,100.476128241056,NaN,NaN,NaN,NaN,11,0.0550217941439221,NaN,NaN,8.53847451466632,3.96143604345958,NaN,,1299.42721531795,30,164.683170541741,0.550167785217489,97.8474302712695,3.459087596,3.88252030667185,9.18066336810512,100.103257330742,NaN,NaN,NaN,NaN,6.59608442093375,0.580806551266737,11.9345132977983,127.137123291478,8.09963251750336,22.5202279099683,0.0722114391930785,,1299.27497391824,30,167.503047033865,0.844360875999999,104.811734804504,2.039998428,3.39979061700503,0.879003497931162,100.039053950314,NaN,NaN,NaN,NaN,12.5989160648333,0.0514193667020301,10.0078866804571,3.66395546570668,7.56511905946678,17.5924820138715,0.240275769780076,,1301.00837872082,30,166.32568526099,0.689744512,104.806878361153,1.20417797,3.31499929118342,1.27511348904792,99.9988189642887,NaN,NaN,NaN,NaN,14.1980304821667,0.0743992350152436,9.4253323986357,9.51947235303559,7.08528069766535,16.8078424889622,0.133971811080463,,1300.60276648685,30,165.336850941981,1.75043848,104.838175315314,1.43849831,3.53507887120397,0.825301414548627,100.05835623895,NaN,NaN,NaN,NaN,15,0.0482557541646148,10.4464651031275,0.0355856443911934,6.58650027890328,19.4979048418719,34.2275991748414,,1300.7806464622,29.9975918499848,166.614386050793,1.97447711856458,102.100787722964,0.968416258,3.51363851555652,3.0592681074989,99.9271363992986,NaN,NaN,NaN,NaN,19,0.17825282490231,10.7434948217413,NaN,6.09896057793686,19.7501248047298,NaN,,1300.42757410254,29.993661633563,166.363661332739
27.5833333333333,0.0561251719999989,105.030333635276,1.206826978,3.64239929570821,0.963138810462161,100.395429551191,NaN,NaN,NaN,NaN,11,0.0551380589341171,NaN,NaN,8.53670061291221,3.97488338818994,NaN,,1299.24464021944,30,164.677592442907,0.563559690215939,97.9003558191641,3.459087596,3.95751816577027,9.4374282814473,100.073014528924,NaN,NaN,NaN,NaN,6.71538702616794,0.596915925430564,12.0300233300197,126.961683267958,8.06580340415932,22.7031318545623,0.0743284543405661,,1300.79205384807,30,167.511524575936,0.844360875999999,104.79626182782,2.039998428,3.40739797364013,0.867446572080009,100.028112863113,NaN,NaN,NaN,NaN,12.7589302066667,0.0507438374188098,9.97524631559321,3.56742644126173,7.56508542002264,17.5315349381356,0.243398683724061,,1300.60725892231,30,166.320171552199,0.689744512,104.768639936139,1.20417797,3.25811269724886,1.27172583810049,100.045939865581,NaN,NaN,NaN,NaN,14.4063643083333,0.0742001954500459,9.42899073972583,9.36813743476993,7.08409026893592,16.8146015144433,0.135773130690008,,1299.50953591683,30,165.331356290075,1.75043848,104.848324913876,1.43849831,3.54175229165366,0.820739502550479,99.9561134489215,NaN,NaN,NaN,NaN,15,0.0480000004172325,10.5031023668413,0.0486843484363837,6.58670410172179,19.6043036663075,40.3780074898241,,1299.7511524023,30.0013852866228,166.608861705327,1.98207870170786,102.114775318633,0.968416258,3.46087328151839,3.07490200067369,100.071055264928,NaN,NaN,NaN,NaN,19,0.179148696753925,10.7514459921074,NaN,6.09860397126029,19.7651095641337,NaN,,1300.9809113481,30,166.365725471482
27.6666666666667,0.0561251719999989,105.022023769258,1.206826978,3.63378486755215,0.967353083671292,100.414202928221,NaN,NaN,NaN,NaN,11,0.0554016385171192,NaN,NaN,8.53500784118165,3.98926703491661,NaN,,1301.18733288179,30,164.672015651254,0.564111412,97.8362588554537,3.459087596,3.82552793025955,10.2351961762321,99.8726964586916,NaN,NaN,NaN,NaN,6.16724987899872,0.647148235683576,12.0194636957753,127.176333591558,8.04289267577974,22.682931215119,0.0804807553146099,,1299.47103304195,30.0004014636769,167.507055102929,0.844360875999999,104.849249542854,2.039998428,3.41398244108984,0.854898915749453,99.978055254511,NaN,NaN,NaN,NaN,12.6794623996611,0.0500000007450581,9.98276192075746,3.49811028767049,7.56461389414987,17.5455644407864,0.244716977390336,,1299.55308681536,30,166.314658390855,0.689744512,104.795078110884,1.20417797,3.25666094550462,1.26658991158282,100.004776799655,NaN,NaN,NaN,NaN,13.7145087535,0.0738878432523807,9.38357619953638,9.31832382647487,7.08356175285351,16.7303698611382,0.135953555784112,,1298.11980812706,30,165.325861070993,1.75043848,104.891641160384,1.43849831,3.52247702636597,0.815460872004143,100.052756304639,NaN,NaN,NaN,NaN,15,0.0476792356683521,10.421895318326,0.0898761647157406,6.58652153605297,19.4517857113215,9.56755306049689,,1299.7310231916,30.0030270563921,166.603337230402,1.98979644651287,102.169751186491,0.968416258,3.46861087928377,3.06622699358657,100.146708035406,NaN,NaN,NaN,NaN,18.9599609758333,0.178641031746133,10.7029803595222,NaN,6.09875686180982,19.6738201575423,NaN,,1298.96792587697,30,166.3678402013
27.75,0.0561251719999989,104.985748647075,1.206826978,3.66858562717866,0.964760539455413,100.346859401062,NaN,NaN,NaN,NaN,11,0.0552514419437047,NaN,NaN,8.53269299158964,4.00219152856184,NaN,,1298.33899867896,30,164.66644034712,0.564111412,97.8796779104023,3.459087596,3.93531689776413,9.85858784815522,100.106322705952,NaN,NaN,NaN,NaN,6.7531146155,0.623803417468023,12.085761673843,127.512944265781,8.06709823728254,22.8100161667386,0.0773163075546012,,1300.72301522797,30,167.501920653943,0.844360875999999,104.815136267569,2.039998428,3.41800063927726,0.84596048926098,100.050099168986,NaN,NaN,NaN,NaN,12.6793893207668,0.049469266722497,9.95132018461615,3.48338997882186,7.56513683814874,17.4868701715941,0.243155078115349,,1300.97185988094,30,166.30914350718,0.689744512,104.808918638002,1.20417797,3.24187566343476,1.26750230740543,100.036125870938,NaN,NaN,NaN,NaN,13.9194794421667,0.0739517494115566,9.42445085957564,9.31583873620605,7.08291985521266,16.8061823928281,0.136097055699911,,1301.40037700796,30,165.3203667056,1.75043848,104.892369617052,1.43849831,3.53524901415434,0.810464286601586,100.009854358067,NaN,NaN,NaN,NaN,15,0.0473851426395235,10.4032154625457,0.0712303318005696,6.58604075473962,19.4167431709387,43.8242969702333,,1299.10911118415,30.0007999718511,166.597811209073,1.99926321442271,102.407364017525,0.968416258,3.50055193114278,3.00188604884523,100.566759494858,NaN,NaN,NaN,NaN,19,0.174894152845223,10.7910572652589,NaN,6.09277702091696,19.8398396917217,NaN,,1298.98413368373,30,166.371837342351
27.8333333333333,0.0561251719999989,104.98441317359,1.206826978,3.64908903504351,0.967890060299431,100.289338689178,NaN,NaN,NaN,NaN,11,0.0554283112305334,NaN,NaN,8.53064916030454,4.04419099829688,NaN,,1300.7732043294,30,164.660865109441,0.564114510993725,97.8649129443786,3.459087596,3.84323195808229,9.20072931294334,99.9251140529088,NaN,NaN,NaN,NaN,6.99907498688908,0.582316419735251,12.1341418150983,127.884492655427,8.09069763737515,22.9028353278809,0.0719466741020714,,1299.66364742276,30,167.496787865468,0.844360875999999,104.79169170204,2.039998428,3.46057435768668,0.834876735430795,99.9718962811792,NaN,NaN,NaN,NaN,12.7179220124054,0.0488415793619438,9.89751235826118,3.45943462511871,7.56543135835976,17.3864665860978,0.241787667307028,,1299.75379914101,30,166.303630323111,0.689744512,104.840420574504,1.20417797,3.18971952216437,1.25924446538257,100.013277273944,NaN,NaN,NaN,NaN,13.799278347,0.0734513238807507,9.42613346179973,9.27633389302674,7.08205052077444,16.8093011238607,0.135788678301105,,1299.93793251321,30,165.314871576129,1.75043848,104.885745372266,1.43849831,3.61251206929138,0.804657064964905,100.043938860833,NaN,NaN,NaN,NaN,15,0.0470402415982296,10.4204787468355,0.192395609645278,6.58574853652697,19.4491306033726,6.03141130890056,,1300.27259816097,30,166.592285358231,2.001548856,102.596170604346,0.968416258,3.49360240705313,2.88392912737533,100.416595885483,NaN,NaN,NaN,NaN,19,0.168051275657937,10.7465172035265,NaN,6.07555263277834,19.7558312943755,NaN,,1300.0540476482,30,166.36871882356
27.9166666666667,0.0561251719999989,104.992657065348,1.206826978,3.61991433069142,0.971421442605214,100.264155685468,NaN,NaN,NaN,NaN,11,0.0556067360295297,0.916191501674149,NaN,8.52818690472736,4.08915140501045,NaN,,1298.63321178992,30,164.655288517373,0.572761191620842,97.9077562572567,3.459087596,3.89138064260249,8.82086480976803,100.073122139062,NaN,NaN,NaN,NaN,6.96062778361092,0.558555171201839,12.2227412065296,127.839753949162,8.09837112693169,23.0730137010578,0.0690000346509028,,1301.16673630178,30,167.500037180612,0.844360875999999,104.81824701681,2.039998428,3.4114489266317,0.82725972165036,100.030171188076,NaN,NaN,NaN,NaN,12.7994681008333,0.0483923780970221,9.86748862515444,3.49983503024076,7.56665367435072,17.3304764991862,0.236799526940244,,1298.64979055814,30,166.298118273155,0.689744512,104.826259194049,1.20417797,3.22459476952753,1.25261885616403,99.9953140426392,NaN,NaN,NaN,NaN,13.9757562271667,0.0730640542176338,9.36716454559556,9.2580173735892,7.08185581275592,16.6999681976268,0.135333806951917,,1298.90491706291,30,165.309376022104,1.75043848,104.889788267398,1.43849831,3.5250193037866,0.802342050574793,99.9899437724441,NaN,NaN,NaN,NaN,15,0.0469198544064847,10.4233874510305,0.150521995505395,6.58537972282428,19.4545842061092,10.8116373123652,,1300.41589187459,30,166.586761119358,2.001548856,102.767965354668,0.968416258,3.4476799591627,2.7234127645577,100.195548395083,NaN,NaN,NaN,NaN,18.9598469336667,0.15875454914802,10.7275860942923,NaN,6.0741933080003,19.7201738754202,NaN,,1300.72700666449,30,166.363184080091
28,0.0561251719999989,105.039687135698,1.206826978,3.58987265583942,0.979669255644475,100.250459859545,NaN,NaN,NaN,NaN,11,0.0560426518670876,NaN,NaN,8.52566662491489,3.98828098318745,NaN,,1298.84484058696,30,164.649709126198,0.583372942280342,97.9052349730549,3.459087596,3.87722601129209,8.74466101418168,100.018116920881,NaN,NaN,NaN,NaN,7,0.553665819349831,12.1343525877611,128.009157779021,8.09758964900111,22.9032286509492,0.068313153531367,,1298.62708602251,29.9995967781162,167.505584696146,0.844360875999999,104.816392339104,2.039998428,3.4147460940739,0.820477665280376,100.052210423875,NaN,NaN,NaN,NaN,12.7193534765,0.0480005766289611,9.95661708591473,3.47506925882059,7.56628048945122,17.4967745814127,0.236600126111064,,1300.0161506976,30,166.292605812005,0.689744512,104.839998460409,1.20417797,3.27004509177529,1.25194687576977,100.032733343192,NaN,NaN,NaN,NaN,13.761856408,0.0730164317290457,9.30902108229507,9.16187342658361,7.08077822877538,16.5921507051083,0.136682512729745,,1300.58894345929,30,165.303880165055,1.75043848,104.842313364057,1.43849831,3.57856749335539,0.801605529510276,100.013566381024,NaN,NaN,NaN,NaN,15,0.0468799294499733,10.417245568534,0.157241177612347,6.58559015200029,19.4430602886954,8.06970284329545,,1300.08516554172,30,166.581237272865,2.001548856,102.861857253819,0.968416258,3.44576504918994,2.60753181971278,100.150846877717,NaN,NaN,NaN,NaN,19,0.151975934054084,10.7168341413662,NaN,6.07676697065585,19.6999094137489,NaN,,1299.02063447379,29.998393487554,166.357650193257
28.0833333333333,0.0561251719999989,104.999828230185,1.206826978,3.61979414543389,0.977876542141046,100.246996817097,NaN,NaN,NaN,NaN,11,0.0560000017285347,0.942734202421361,NaN,8.5231165373687,4.13446456145914,NaN,,1301.8057875827,30,164.64413109146,0.591926321843572,97.9194035596681,3.459087596,3.84009802243914,8.71490594567311,99.9568180363091,NaN,NaN,NaN,NaN,6.94005718060162,0.551883301390165,12.2360628942198,128.221339723635,8.09719862187568,23.0986221641541,0.0679679807810205,,1299.40294993574,30,167.509076439869,0.844360875999999,104.856167686055,2.039998428,3.3832852176055,0.814548573236931,99.9550544867612,NaN,NaN,NaN,NaN,12.6445603818169,0.0476411900417506,10.0084622136553,3.4252928666797,7.56771523576095,17.5935572212542,0.238244377844909,,1300.98863144339,30,166.287093838593,0.689744512,104.854567937969,1.20417797,3.27415164566209,1.24805405571112,99.990384776802,NaN,NaN,NaN,NaN,13.7403663801378,0.0727821083130493,9.40375626860999,9.14034180808142,7.08044170148623,16.7677966748512,0.136605881747557,,1300.13579071297,30,165.29838381428,1.75043848,104.90596239526,1.43849831,3.50681884195927,0.794070293681099,100.041161601998,NaN,NaN,NaN,NaN,15,0.046436879807764,10.3098499367591,0.157613907398037,6.58482761556802,19.2416207399115,11.7183147671893,,1301.3085863861,30,166.575714680727,2.001548856,102.851494285281,0.968416258,3.47568339524655,2.5549717921774,100.064299996866,NaN,NaN,NaN,NaN,18.959891925,0.149006073681687,10.7345841244293,NaN,6.07998105708048,19.7333404383966,NaN,,1300.02595567864,30,166.352117080828
28.1666666666667,0.0561251719999989,105.011729406683,1.206826978,3.66078413325005,0.983541178372571,100.145083894589,NaN,NaN,NaN,NaN,11,0.0563145242761994,0.925402052853205,NaN,8.52128375057552,4.10134166182629,NaN,,1303.94193412701,30,164.638555958694,0.598411416142369,97.8980695821392,3.459087596,3.72922359075986,8.71920856057234,100.084242304687,NaN,NaN,NaN,NaN,6.41766054123172,0.552412343546115,12.2642031114485,128.006900695636,8.0954001613002,23.1527064401014,0.0681158579600532,,1299.61086336891,30,167.5104349864,0.844360875999999,104.808997902149,2.039998428,3.46217453703371,0.802942243348642,100.002587903836,NaN,NaN,NaN,NaN,12.6377514956831,0.0469574348395049,9.91660736130867,3.50846242748766,7.56724909154439,17.4221045704754,0.229341575620067,,1300.20089783717,30,166.281580143026,0.689744512,104.890921435025,1.20417797,3.23174444337203,1.24817951328803,99.9899479760272,NaN,NaN,NaN,NaN,13.8795209915289,0.0727616781360711,9.37763611486151,9.14396730595534,7.07983974780838,16.7193504839517,0.136546338493508,,1301.10579663863,30,165.292886206117,1.75043848,104.887463388145,1.43849831,3.49444780805227,0.788609338651591,100.028411426676,NaN,NaN,NaN,NaN,15,0.0461201107330375,10.3373619545875,0.139102474850835,6.58381455989967,19.2931969556755,12.6078279993657,,1300.64674167461,30,166.57019128937,2.001548856,102.930256911454,0.968416258,3.47299642620948,2.52650342847002,100.015649878886,NaN,NaN,NaN,NaN,18.979272940396,0.147280944949162,10.7959746345325,NaN,6.08330587088459,19.8490500137804,NaN,,1299.95574547619,30,166.346585378292
28.25,0.0561251719999989,104.976115827809,1.206826978,3.55778820360373,0.98706908007064,100.151289008254,NaN,NaN,NaN,NaN,11,0.0565220115836562,0.919521814394342,NaN,8.5184945349641,4.07050359677505,NaN,,1300.45694532036,30,164.632980506136,0.603528622189009,97.9477163469059,3.459087596,3.90470279654771,8.62744894365403,99.9699105670037,NaN,NaN,NaN,NaN,6.6792774865,0.546446218656655,12.3270174424765,127.997330984117,8.09736480374927,23.2735355262976,0.0674039003792076,,1299.69443635231,30,167.510424256199,0.844360875999999,104.829311765074,2.039998428,3.41418433170035,0.796886402028251,100.068316810272,NaN,NaN,NaN,NaN,12.7136963278333,0.0466119945436807,9.89554538371644,3.3148437503395,7.56769511706063,17.3828092206358,0.241038695583524,,1301.35315645319,30,166.276067944386,0.689744512,104.846045528312,1.20417797,3.20919187938937,1.23673805814813,100.043586182749,NaN,NaN,NaN,NaN,13.7994988113333,0.072120653362484,9.36467821369904,9.09697592607208,7.07906531187965,16.6953144138265,0.136001629305646,,1300.13316019757,30,165.287389142111,1.75043848,104.991411655342,1.43849831,3.60545618263675,0.786983545300309,99.9797071574062,NaN,NaN,NaN,NaN,15,0.046000000089407,10.3650412160064,0.185772709398432,6.58427838179302,19.3451031489214,14.4440936098224,,1300.50132356126,30.0004293240258,166.564667554735,2.001548856,102.911518151,0.968416258,3.44667591376875,2.51991789761842,100.033859469079,NaN,NaN,NaN,NaN,18.980595909104,0.146959893968848,10.8196270493427,NaN,6.08663499600476,19.8937181753587,NaN,,1300.06314793547,30,166.341052586593
28.3333333333333,0.0561251719999989,104.979086064093,1.206826978,3.36968693194847,0.995507842489232,100.028507113205,NaN,NaN,NaN,NaN,11,0.0568488058481412,0.93308350097413,NaN,8.51561316415384,4.08620498648004,NaN,"Sample 1.50 mL to AMBR-96DWP-2/F1",1301.75154480595,29.9988870289217,164.323978616728,0.609691557426937,97.927065529899,3.459087596,3.56771119486546,8.57890280754012,99.9434598369492,NaN,NaN,NaN,NaN,6.87952840633333,0.541267932563572,12.3139924976542,128.896791301863,8.09534698994627,23.2484888251183,0.0665446054080672,"Sample 1.50 mL to AMBR-96DWP-2/F2",1298.8909180058,29.9990961857921,167.225812361544,0.844360875999999,104.849732197878,2.039998428,3.31569413065138,0.789698575438466,99.9722003818457,NaN,NaN,NaN,NaN,12.6789285938333,0.0460904476681728,9.94191029410609,3.34171521213463,7.56757497063141,17.4693020837845,0.236554376186404,"Sample 1.50 mL to AMBR-96DWP-2/F3",1298.7939686866,29.9993213136631,166.007432696195,0.689744512,104.861678070858,1.20417797,2.94846518622985,1.23698756744099,99.9836675607857,NaN,NaN,NaN,NaN,13.9125836758333,0.0719833376628453,9.3996381747119,9.09052710340411,7.07936706819181,16.760148844073,0.136252825238294,"Sample 1.50 mL to AMBR-96DWP-2/F4",1300.75689988879,29.9995247910853,165.045042278584,1.75043848,104.933283759595,1.43849831,3.39854541213584,0.786069330019257,99.9680075657427,NaN,NaN,NaN,NaN,15,0.0458084028317779,10.3220278231533,0.104999153398262,6.58351170156716,19.264447768853,7.68138446262254,"Sample 1.50 mL to AMBR-96DWP-2/F5",1300.13904885863,30.0008847277797,166.341751568302,2.001548856,102.999202068734,0.968416258,3.1044963012049,2.52160803669675,100.02192199086,NaN,NaN,NaN,NaN,18.9598020878333,0.146602330238306,10.7382413450053,NaN,6.09029507720257,19.740240311833,NaN,"Sample 1.50 mL to AMBR-96DWP-2/F6",1299.53645037578,29.9990799636559,166.14005617759
28.4166666666667,0.0561251719999989,104.990298178044,1.206826978,3.60914609622891,1.00679134413,100.030749941647,NaN,NaN,NaN,NaN,11,0.0567096179987362,0.908726142598887,NaN,8.51315420391792,4.0612326495197,NaN,,1303.00957977899,29.9958880447036,162.827832061076,0.61560674948558,97.9547151684214,3.459087596,3.78716772570508,8.62635688074768,100.255844982563,NaN,NaN,NaN,NaN,7,0.529030309188171,12.4259273611149,130.201064858522,8.09613371198458,23.4640247502417,0.0660427747528878,,1301.19770409764,29.998088925395,165.718254243509,0.844360875999999,104.859653548318,2.039998428,3.412888129488,0.794943032959579,100.07471410641,NaN,NaN,NaN,NaN,12.718491641,0.0453452094558239,9.88246501449169,3.43334989365883,7.56773543676021,17.3584262528259,0.225523475618971,,1300.43416052791,29.9899997711182,164.471043140427,0.689744512,104.858540966685,1.20417797,3.17123784482364,1.24755064131061,100.050314817865,NaN,NaN,NaN,NaN,13.844545991,0.0710914935453066,9.36327159590768,9.29743551831737,7.07810915419153,16.6927196020677,0.136244874255102,,1299.77940804967,29.9968567738923,163.482397679928,1.75043848,104.867372656034,1.43849831,3.52566650359718,0.794009726324304,100.061433440732,NaN,NaN,NaN,NaN,15,0.0447842824564097,10.3594078255522,0.125851956823096,6.58391864688683,19.3345409908685,5.62473955912982,,1300.10377392078,29.997882047595,164.759616013927,2.001548856,102.983026112858,0.968416258,3.39697342359449,2.54622589900335,100.097172343454,NaN,NaN,NaN,NaN,19,0.141255179245394,10.7792416612145,NaN,6.0945874359188,19.8174999873185,NaN,,1299.08195212056,29.9956946142465,164.535989202812
28.5,0.0561251719999989,104.994291541652,1.206826978,3.60181741158543,1.01389366340041,99.9734774161296,NaN,NaN,NaN,NaN,11,0.0574235173776918,0.933240303711142,NaN,8.51036886378936,4.0885205427816,NaN,,1298.55192780016,30,162.822257555046,0.621001564919603,98.1006185148999,3.459087596,3.86066231556594,8.62866563732053,100.16799356479,NaN,NaN,NaN,NaN,6.95984539833333,0.540635069116175,12.5310827104239,129.70335631168,8.09586406972675,23.6669007327772,0.0665274892233901,,1299.62780758684,30,165.71852546152,0.844360875999999,104.893935869695,2.039998428,3.44250877384859,0.790752347030145,100.063947137811,NaN,NaN,NaN,NaN,12.6785160218285,0.0457410161440188,9.85728225423355,3.35435829282766,7.56937241540727,17.3114649607221,0.237324501251987,,1300.74542222795,29.9994197221821,164.465529089065,0.689744512,104.920125956896,1.20417797,3.19569875152375,1.23896413229042,100.069351130442,NaN,NaN,NaN,NaN,13.7672543719743,0.0714407611768822,9.3609941138603,8.91934003075816,7.07792675892181,16.6885083933773,0.139001737704402,,1301.13498005029,30,163.476901545292,1.75043848,104.948838412669,1.43849831,3.56876872097543,0.779577017579023,100.031602720656,NaN,NaN,NaN,NaN,15,0.0450964145262624,10.3400744612997,0.0617187677737678,6.58237070007272,19.2983438427913,18.7904164516985,,1299.18235974902,30.0034121132869,164.754094287763,2.00277903628701,103.061591674791,0.968416258,3.42979574565386,2.50876761953052,100.099899623473,NaN,NaN,NaN,NaN,18.9598205125,0.144653863705161,10.8886246121395,NaN,6.0980165023734,20.0238639639698,NaN,,1301.55007006166,30,164.531536244869
28.5833333333333,0.0561251719999989,104.994695573054,1.206826978,3.63186631548418,1.02234321096734,100.069329886004,NaN,NaN,NaN,NaN,11,0.057879432521546,0.927324143194822,NaN,8.50766491662157,4.12438683657861,NaN,,1301.00991220984,30,162.816681272657,0.625213703179419,98.1126342632448,3.459087596,3.96116856066506,8.70794524885438,99.8845754988231,NaN,NaN,NaN,NaN,6.3538312047551,0.545624656731121,12.5026887521835,129.811992497226,8.08768452669832,23.612075305999,0.0670809753390345,,1302.70924521322,30,165.717744928446,0.844360875999999,104.846778399786,2.039998428,3.46132972594596,0.779958137014062,99.9158711409028,NaN,NaN,NaN,NaN,12.6264608143382,0.045120824809393,9.916855244177,3.29185702084413,7.56990042723916,17.4225584273475,0.237984317941329,,1298.85453432372,30,164.460015690708,0.689744512,104.95338940553,1.20417797,3.19075612899991,1.24285445375738,99.9830854642134,NaN,NaN,NaN,NaN,13.9129708176924,0.0716444506468932,9.38957824221778,8.99485198483223,7.07735212316406,16.7414963082134,0.138255800657676,,1300.92659664381,30,163.471403444539,1.75043848,104.979290713033,1.43849831,3.50032797656176,0.77837220519177,100.006984947623,NaN,NaN,NaN,NaN,15,0.0450000017881393,10.2993223300155,0.188000637680499,6.58250316674607,19.2219167390194,14.4984093177405,,1299.83030503358,30.0018211974979,164.748568967477,2.02560434785256,103.041314927363,0.968416258,3.42810161181286,2.52555895429656,100.053505969995,NaN,NaN,NaN,NaN,19,0.145682586391293,10.8343797392545,NaN,6.09760847314065,19.9214973680862,NaN,,1300.50361810998,30,164.548595249794
28.6666666666667,0.0561251719999989,104.984449929211,1.206826978,3.60829156562188,1.02737558040984,99.980103088328,NaN,NaN,NaN,NaN,10.9600561683333,0.0581607129222667,0.945886920736776,NaN,8.50456388019603,4.08366980860336,NaN,,1298.7472952239,30,162.811104800241,0.62721915084338,98.0124884383231,3.459087596,3.85994106074673,8.51328150010759,99.9759177838588,NaN,NaN,NaN,NaN,6.88174703207824,0.53363950621739,12.5197082932864,130.30745279778,8.09672261089155,23.644924900842,0.0653326861557375,,1299.57791069323,30,165.714555659757,0.844360875999999,104.925503576829,2.039998428,3.4420624267443,0.777948824658056,100.054136345339,NaN,NaN,NaN,NaN,12.6901305816667,0.0450000017881393,9.90452711461293,3.17557179843555,7.57061271680803,17.3995545735258,0.246058025607132,,1300.81078797148,30,164.454503930488,0.689744512,104.878345449348,1.20417797,3.17273837928546,1.23415178663186,100.013331123534,NaN,NaN,NaN,NaN,13.7993713101667,0.0711603493503505,9.34224690447573,8.99810003072374,7.07684957191463,16.6537328327792,0.137251099540637,,1298.64996381108,30,163.465904704148,1.75043848,105.030457526854,1.43849831,3.60923858357101,0.777128009611431,100.08017025987,NaN,NaN,NaN,NaN,15,0.0449199068441559,10.3265118892412,0.370074772811595,6.58158074048611,19.2728711561638,2.1029169571735,,1300.33953327538,30,164.743042991025,2.028311628,103.10504151262,0.968416258,3.49423125882466,2.53164331852143,100.045133083292,NaN,NaN,NaN,NaN,18.8875236601667,0.146046441721921,10.8810048641754,NaN,6.09432672572783,20.0094692913305,NaN,,1301.41918806888,30.0007041286871,164.546157864827
28.75,0.0561251719999989,104.959668086288,1.206826978,3.58322698254935,1.03302645808459,99.952438297702,NaN,NaN,NaN,NaN,10.9219628863535,0.0584879104568501,0.936953000381618,NaN,8.50120695110698,4.03567804671852,NaN,,1300.41042419557,30,162.805528260509,0.632578223658051,98.0233264062403,3.459087596,3.81494430441009,8.45395789500394,100.030090832426,NaN,NaN,NaN,NaN,7,0.530285865795171,12.5714394451757,130.399872971172,8.09488279458354,23.7447776043621,0.0648311076796289,,1299.68108081248,30,165.714723242708,0.844360875999999,104.903989776314,2.039998428,3.43706772010675,0.775935363380212,100.007182224529,NaN,NaN,NaN,NaN,12.718968111,0.0448727572651872,9.85866572522171,3.20484843611437,7.57099272290187,17.3140246924835,0.243426580706879,,1299.9454960011,30,164.448989926991,0.689744512,104.938668094891,1.20417797,3.23223843535849,1.22921087739801,99.9628272715412,NaN,NaN,NaN,NaN,13.9365744983333,0.0708793172585251,9.3372908848894,8.88978495413826,7.07601322910723,16.6445498874158,0.138361587459828,,1300.31231458138,30,163.460408603981,1.75043848,104.925076651223,1.43849831,3.50006870804594,0.769881905765919,99.9499526826611,NaN,NaN,NaN,NaN,14.959667056,0.0445210711563721,10.34571342876,NaN,6.58250904422049,19.308867735896,NaN,,1300.88462137746,30,164.737517251135,2.028311628,103.122013021369,0.968416258,3.45870468839286,2.5279653010038,100.119612848487,NaN,NaN,NaN,NaN,18.080379056,0.145801429736613,10.8367726718816,NaN,6.0955805685519,19.9260142645404,NaN,,1299.89977911793,30.0000991590133,164.540625987822
28.8333333333333,0.0561251719999989,104.927976323722,1.206826978,3.6351931430452,1.04205833084851,99.9828702499614,NaN,NaN,NaN,NaN,10.9173031763132,0.0590004681741997,0.924409190916541,NaN,8.49750894600963,4.10925877830306,NaN,,1300.37078442695,30,162.799953206931,0.636918646866109,98.0854919775036,3.459087596,3.86079853558561,8.45610205204851,100.070705001795,NaN,NaN,NaN,NaN,7,0.530369916786812,12.555843804929,130.555545513143,8.09555344872905,23.7146600317336,0.0647702865146106,,1301.55577620164,29.9995969268396,165.714008659082,0.844360875999999,104.926484565734,2.039998428,3.36510854796348,0.763142125745604,100.048521379921,NaN,NaN,NaN,NaN,12.719284603,0.0441245661144394,9.86923430105532,3.09834235026923,7.57189213262259,17.3337320459844,0.247886547838931,,1301.6448473795,30,164.443475291991,0.689744512,104.923168924296,1.20417797,3.24008652954229,1.22541843762854,100.054086636219,NaN,NaN,NaN,NaN,13.8030748503333,0.0706386444083508,9.34957059303965,8.82336945353568,7.07561958032204,16.6673276354022,0.138979077381014,,1299.27570874108,30,163.454910137788,1.75043848,105.033010332337,1.43849831,3.49897325778408,0.767100309618998,100.054965489856,NaN,NaN,NaN,NaN,15,0.0443532671043519,10.284525786085,NaN,6.58271620985103,19.1941776777987,NaN,,1300.45622251244,30,164.731993735447,2.02831210094522,103.150619314487,0.968416258,3.46017750436521,2.50974436951782,100.051448909435,NaN,NaN,NaN,NaN,18,0.144758955210979,10.8656854822921,NaN,6.09782271242274,19.9805615256854,NaN,,1299.53559324155,30.0008040452427,164.53509446242
28.9166666666667,0.0561251719999989,104.91113129372,1.206826978,3.66729909238559,1.04853700634513,100.013362572006,NaN,NaN,NaN,NaN,10.8818303905,0.0593590408578798,0.929714902418751,NaN,8.4945609970031,4.12431603373783,NaN,,1300.01820690854,30,162.794377120087,0.64092760623705,98.1243861169419,3.459087596,3.86396981016945,8.40890323391389,99.9790137682674,NaN,NaN,NaN,NaN,7,0.527202431903703,12.6284105093207,130.62689092924,8.09502953674678,23.8548934711752,0.064373552758282,,1301.58119421285,30,165.712893570404,0.844360875999999,104.936913816463,2.039998428,3.41046221875057,0.76013827658433,99.9826426977666,NaN,NaN,NaN,NaN,12.606566390439,0.0439596690355926,9.88044600138917,3.22489670129116,7.57254977449273,17.3546625008748,0.236879457822175,,1298.28950117358,30,164.43796177003,0.689744512,104.918202140751,1.20417797,3.23417762744335,1.22101284146445,100.012306821192,NaN,NaN,NaN,NaN,13.844302264,0.0703971695637019,9.34098563716371,8.71108928076402,7.07525563661263,16.6514015973422,0.140291342349459,,1299.43837278885,30,163.449411913593,1.75043848,105.050562503148,1.43849831,3.55678319948038,0.762908483393765,100.032684718098,NaN,NaN,NaN,NaN,15,0.0440803499710821,10.2780584380802,NaN,6.5823606391843,19.1820516146429,NaN,,1301.03429195006,30,164.726467326165,2.04292582391373,103.223550342183,0.968416258,3.38240639305504,2.49308312462955,100.105435619333,NaN,NaN,NaN,NaN,17.9599035171667,0.143797115837008,10.8585862442701,NaN,6.09877752635646,19.9671731388551,NaN,,1301.26705769894,30,164.543775073755
29,0.0561251719999989,104.96192536614,1.206826978,3.68786613792659,1.05461842474315,99.9324171099404,NaN,NaN,NaN,NaN,10.20343611151,0.0596784153668471,0.943496189634642,NaN,8.49061770259879,4.06742417659099,NaN,,1299.36628203961,30,162.788800416489,0.644458160490854,98.0854753877497,3.459087596,3.79985698935485,8.37643480305995,99.9011937572323,NaN,NaN,NaN,NaN,7,0.525224755047669,12.6889308518227,130.856247794945,8.09518915600295,23.9719223820295,0.0640132986603182,,1300.22619721795,30,165.711296083396,0.844360875999999,104.943062322332,2.039998428,3.47594010628396,0.760287606934766,100.022079420402,NaN,NaN,NaN,NaN,12.6398606383943,0.0439599551471066,9.88100428976923,3.27460721226982,7.57260674832554,17.3557027799775,0.233721906736244,,1299.14651123703,30,164.432447298852,0.689744512,104.960767092804,1.20417797,3.2152439665112,1.2184866772184,100.026928652035,NaN,NaN,NaN,NaN,13.9047678589378,0.0702262710666983,9.32182558617564,8.7543372974598,7.07530529063988,16.6158986366997,0.13931581698274,,1299.11480337485,30,163.443914114086,1.75043848,105.025438343598,1.43849831,3.43928472267265,0.761381962705687,100.077433708073,NaN,NaN,NaN,NaN,15,0.0439999997615814,10.2846153180682,NaN,6.58269570513151,19.194336794452,NaN,,1299.56948070607,30,164.720939604302,2.048335012,103.27644351068,0.968416258,3.42080726560208,2.47485474137528,100.103322674176,NaN,NaN,NaN,NaN,18,0.142743947267101,10.8243120609308,NaN,6.09610099380184,19.902501977339,NaN,,1300.12192652914,30,164.544053647413
29.0833333333333,0.0561251719999989,104.922080960059,1.206826978,3.63382321484319,1.06118772309435,99.9821939243353,NaN,NaN,NaN,NaN,10.2003361875612,0.0600527156633164,0.933234428443679,NaN,8.48718518579794,4.11999820539476,NaN,,1298.54592055698,30,162.783222136238,0.647840581759864,98.0281643220079,3.459087596,3.89923401311836,8.32582956121036,99.965507172727,NaN,NaN,NaN,NaN,7,0.522363566485026,12.6589846220091,131.224361034152,8.09460976740665,23.9140410467726,0.0634474432731096,,1300.60217540731,30,165.709553598235,0.844360875999999,104.960478327924,2.039998428,3.39182997609945,0.748777830010735,100.01011654886,NaN,NaN,NaN,NaN,12.628138035,0.043291516856773,9.79005136805161,3.00088734698222,7.57219102136974,17.1861533948077,0.251802878664492,,1299.15918235772,30,164.426932974952,0.689744512,104.95227232501,1.20417797,3.19786718849097,1.21565470075386,100.030818907322,NaN,NaN,NaN,NaN,13.9492180070622,0.0700805812454915,9.34456756734582,8.77869277044755,7.0745597113449,16.6580346681618,0.138597067540436,,1299.14776245091,30,163.43841611276,1.75043848,105.030948697789,1.43849831,3.51720807950532,0.760651080655919,100.079665587701,NaN,NaN,NaN,NaN,14.959930319,0.0439589292187185,10.3048660135902,NaN,6.58157129535001,19.2322948642031,NaN,,1300.58144031846,30,164.715413047892,2.048335012,103.276143883677,0.968416258,3.44576915386703,2.45779507291516,99.9044280169102,NaN,NaN,NaN,NaN,17.9598782541667,0.141758678467601,10.9444187247982,NaN,6.09658302355792,20.1292062484541,NaN,,1299.66797976471,30,164.538522234577
29.1666666666667,0.0561251719999989,104.909606981254,1.206826978,3.62209310559583,1.07335267209303,99.9957770903947,NaN,NaN,NaN,NaN,10.4417578016282,0.0607355060693966,0.952990871889599,NaN,8.48310657145239,4.07914832413287,NaN,,1297.18997677059,30,162.777644784438,0.65144599661594,98.0417442209771,3.459087596,3.82108806590546,8.29397096616343,100.013363244807,NaN,NaN,NaN,NaN,7,0.520462870280376,12.7806613424972,131.873349447774,8.0935838449273,24.1495430526165,0.062893658622496,,1300.70054937553,30,165.708039888191,0.844360875999999,104.970997371318,2.039998428,3.45889021906844,0.744606865859128,99.9991914225462,NaN,NaN,NaN,NaN,12.7594808145,0.0430398884581224,9.80349269106645,3.14878294205921,7.57245565943749,17.2111928602056,0.238484852078483,,1299.70984006525,30,164.421417951603,0.689744512,104.958252466863,1.20417797,3.24211183157791,1.21469302274354,99.9466201914121,NaN,NaN,NaN,NaN,14.0848872695187,0.0700000002980232,9.29344944521247,8.80785601214925,7.07443682599758,16.5633053200625,0.138052583985421,,1299.41515396346,30,163.432917585049,1.75043848,104.983359932899,1.43849831,3.49216929789553,0.758927633481105,100.099290570679,NaN,NaN,NaN,NaN,14.9599576401667,0.0438803011693819,10.3298083165989,NaN,6.58078388945617,19.2790499113317,NaN,,1300.77977820838,30,164.709887510802,2.05003143102596,103.216155790228,0.968416258,3.36432491083556,2.471111701506,100.002722622575,NaN,NaN,NaN,NaN,17.9595931535,0.142572170405235,10.9158452106487,NaN,6.09885658839533,20.075244276186,NaN,,1299.38535917528,30,164.534459572456
29.25,0.0561251719999989,104.85698159608,1.206826978,3.62865246731011,1.07529970079262,99.9295560519845,NaN,NaN,NaN,NaN,10.9028959086339,0.0608393623860507,0.947918900440848,NaN,8.47915234782684,4.1243970371792,NaN,,1298.9420138473,30,162.772065716083,0.653736111758084,97.9796736411706,3.459087596,3.9177883877923,8.21704185907465,99.9493356773573,NaN,NaN,NaN,NaN,7,0.515793650484012,12.7748955150049,132.00600109283,8.09516205203944,24.138333520801,0.0622478556152448,,1300.00172097749,30,165.705212242627,0.844360875999999,104.952973526064,2.039998428,3.44969898676387,0.741636332040472,99.9851100526298,NaN,NaN,NaN,NaN,12.6381845398333,0.042879040882014,9.89455212342234,3.18883694881819,7.57231796133265,17.3809628723495,0.234325999387172,,1299.68068925716,30,164.415902314557,0.689744512,104.956611730995,1.20417797,3.18120433363333,1.21190863899936,100.033570259972,NaN,NaN,NaN,NaN,14.4374040154813,0.0698464760165086,9.28710132808016,8.6613716801852,7.07368254762991,16.5515411768653,0.140066275888235,,1299.01597227049,30,163.427418823982,1.75043848,104.992007291265,1.43849831,3.57532305026323,0.757567456618675,100.26500100316,NaN,NaN,NaN,NaN,15,0.0437799903745835,10.3360590607347,NaN,6.58096030210271,19.290754741466,NaN,,1299.77314014353,30,164.704363162809,2.06800461375227,103.237128720499,0.968416258,3.4608102078567,2.51424099588008,99.9207326678933,NaN,NaN,NaN,NaN,18,0.145046383788065,10.8651872700149,NaN,6.09681770718678,19.9796107565471,NaN,,1299.42506497081,30,164.546957600756
29.3333333333333,0.0561251719999989,104.847619818848,1.206826978,3.61841678365121,1.08788979009889,99.9856900017727,NaN,NaN,NaN,NaN,10.7431133908565,0.0615380588777683,0.988842129511352,NaN,8.47520971344715,4.10240873862425,NaN,,1300.0645169592,30,162.766486437943,0.656006896387478,97.9886573202686,3.459087596,3.89681328912708,8.18699782167722,100.018691341172,NaN,NaN,NaN,NaN,7,0.514018894882872,12.7815365428557,132.520062715167,8.09632077134866,24.151210794875,0.0617794483953704,,1300.19754571844,30,165.702365865708,0.844360875999999,104.951754003193,2.039998428,3.45598710645307,0.742465459731824,100.062738919437,NaN,NaN,NaN,NaN,12.6797236919758,0.0429195796448347,9.83584969845662,3.08251255480287,7.57302639758728,17.2714920655631,0.242537173939087,,1300.8099091042,30,164.410387696668,0.689744512,104.982560710204,1.20417797,3.26913934797556,1.20748276326713,100.05990555573,NaN,NaN,NaN,NaN,14.209276508,0.069589318414257,9.2990872757388,8.80821299518534,7.07343426809833,16.5737438506885,0.137250086542154,,1298.30126027867,30,163.42192052002,1.75043848,105.037508280015,1.43849831,3.464765886018,0.749039565779558,100.221193332662,NaN,NaN,NaN,NaN,14.960010933,0.0432812136391777,10.3161530256684,NaN,6.58128150296157,19.2534453070557,NaN,,1300.01087199154,30,164.698835559934,2.068377874,103.199541903548,0.968416258,3.44801348521626,2.55120275957467,99.9151714003,NaN,NaN,NaN,NaN,17.9199696696667,0.147124249790709,11.0236972186721,NaN,6.09515792167029,20.2790940937787,NaN,,1299.58341528776,30,164.541972620049
29.4166666666667,0.0561251719999989,104.820133459178,1.20812945522922,3.65315837421186,1.09676261715667,100.003325600889,NaN,NaN,NaN,NaN,10.5735716284768,0.0620393375524386,0.947456045860957,NaN,8.47109591589447,4.09657996867807,NaN,,1298.87077103879,30,162.761914858716,0.659261121639264,98.0258741830489,3.459087596,3.94874359855253,8.16593583906091,99.9425159227829,NaN,NaN,NaN,NaN,7,0.51256129827865,12.8549078353918,132.215555187774,8.09300421946931,24.2934348339493,0.0617629886283277,,1299.02392440059,30,165.700568089875,0.844360875999999,104.951666913871,2.039998428,3.46902392996057,0.735234679126643,100.0264633361,NaN,NaN,NaN,NaN,12.6298977931908,0.0425106930463706,9.82868308135809,3.27735487799864,7.5734643684774,17.2581427638346,0.225963790912278,,1300.22183266871,30,164.404873336092,0.689744512,104.946995857275,1.20417797,3.1977353518466,1.20404738865637,99.9755105877208,NaN,NaN,NaN,NaN,14.1130637608333,0.0693978200640908,9.33247893993697,8.30191785172943,7.07345038572788,16.6356444768078,0.145124689831709,,1299.73611061375,30,163.4164223418,1.75043848,104.993934606488,1.43849831,3.39809395063618,0.745428003830711,100.197292850014,NaN,NaN,NaN,NaN,15,0.0430803433530009,10.3458632564038,NaN,6.58067909501491,19.3091430584458,NaN,,1300.54516106546,30,164.693308588933,2.068377874,103.138441048812,0.968416258,3.49428284930194,2.57672657110151,99.9979283764546,NaN,NaN,NaN,NaN,18,0.148623971011974,10.9120282541717,NaN,6.09746280118226,20.0681216064991,NaN,,1298.15895254264,30,164.536440564178
29.5,0.0561251719999989,104.821660231437,1.22155228666602,3.6248351242559,1.09260626284704,99.9415086663967,NaN,NaN,NaN,NaN,10.7183827286667,0.0618318289598364,0.952228498955133,NaN,8.4782005830728,4.17235313719898,NaN,,1299.33875550431,30,162.770053103893,0.661387361135719,97.9547117295092,3.459087596,3.84750924580686,8.11465922591073,99.9473875764952,NaN,NaN,NaN,NaN,7,0.509626580772094,12.9765790340705,132.958226206936,8.09380105577527,24.5296456916633,0.0610318723153159,,1300.01349711364,30,165.697509563382,0.844360875999999,104.992549335226,2.039998428,3.39284710842064,0.730030596615815,99.9703864973379,NaN,NaN,NaN,NaN,12.6850233995,0.0422008034746961,9.89311193092703,3.28279294908839,7.57321814122168,17.378262909563,0.223938985867204,,1297.88246216006,30,164.399359559907,0.689744512,105.005452262287,1.20417797,3.20047993730727,1.19846362628312,99.9929367095798,NaN,NaN,NaN,NaN,13.8388738523333,0.069053828708024,9.33011211990669,8.50725270727328,7.07253556522482,16.6312854152969,0.141040387942844,,1300.50329053936,30,163.410924102929,1.75043848,105.042143767082,1.43849831,3.45171927218269,0.746041213035078,100.234085558656,NaN,NaN,NaN,NaN,14.9598552381667,0.0431206434125417,10.3262221509725,NaN,6.58092787172436,19.2723101044998,NaN,,1301.24277025409,30,164.687784030196,2.07643482092975,103.124659635126,0.968416258,3.42963747858666,2.60087778452605,99.9202428685903,NaN,NaN,NaN,NaN,17.9597771838333,0.150057358438417,10.9100255647057,NaN,6.09916174901474,20.0642663636983,NaN,,1299.43841370751,30,164.538696087615
29.5833333333333,0.0561251719999989,104.801757834373,1.221552346,3.62567080145225,1.07764766312076,99.9195529263204,NaN,NaN,NaN,NaN,10.9598031056667,0.0609624177198789,0.972269853233553,NaN,8.48265501298019,4.20725793499783,NaN,,1301.23097065019,30,162.764475772426,0.662650624776121,97.926130909043,3.459087596,3.86072413347691,8.10872817360857,99.9359664435291,NaN,NaN,NaN,NaN,7,0.509318036477927,12.9915355042793,132.471804933977,8.09743688841891,24.5587683267839,0.0612115829770505,,1299.95697352824,30,165.69372540683,0.844360875999999,104.949182899032,2.039998428,3.44651654152589,0.726531555924494,100.042204810969,NaN,NaN,NaN,NaN,12.7990164798333,0.0419999994337559,9.81113943654011,3.3651370220065,7.57388444704524,17.2254316592337,0.217217399452063,,1300.16221662868,30,164.393844591122,0.689744512,104.978311442258,1.20417797,3.20319248662114,1.19753917396358,100.09460395844,NaN,NaN,NaN,NaN,13.860420585,0.0689999982714653,9.29104745359419,8.56259119325589,7.07256216667018,16.5588852095349,0.140114911632233,,1300.63871896864,30,163.405424322026,1.75043848,105.031700972599,1.43849831,3.4809504895402,0.742918527565413,100.228625843391,NaN,NaN,NaN,NaN,15,0.0429198946506397,10.2868217929074,NaN,6.58018783489867,19.1985008276236,NaN,,1300.81527744164,30,164.682257005024,2.08418485257029,103.114202196058,0.968416258,3.44871882434846,2.63493848322958,99.9821697230309,NaN,NaN,NaN,NaN,17.9596741741667,0.152000046080603,10.9014632374961,NaN,6.09901777925574,20.048085480338,NaN,,1298.84374524968,30,164.541119440579
29.6666666666667,0.0561251719999989,104.728743303953,1.221552346,3.62792056942547,1.07308735112646,99.9516294271236,NaN,NaN,NaN,NaN,10.959803226,0.0607189373126967,0.995179033359124,NaN,8.48419898611381,4.24716447119193,NaN,,1300.22816854143,30,162.758897259695,0.66595299112388,97.8708479489805,3.459087596,3.83599545782868,8.08555665973396,99.9420457618198,NaN,NaN,NaN,NaN,7,0.507960825908997,13.0725508643757,133.214098465781,8.0911661021261,24.7162509030609,0.0606961710049008,,1300.40345271421,30.002174401452,165.691845043422,0.844360875999999,105.016658957957,2.039998428,3.43330399634882,0.726731218917123,100.064624575459,NaN,NaN,NaN,NaN,12.7588478661667,0.0419999994337559,9.79276014404824,2.70533547796688,7.57298204652514,17.1911902251234,0.271927241959338,,1300.20523218559,30,164.388330877904,0.689744512,104.983341962105,1.20417797,3.18738064366794,1.19673555916828,99.9982994884402,NaN,NaN,NaN,NaN,14.2456872225473,0.0689596723255287,9.32136271360521,8.33626049563627,7.07228218461082,16.6150536712605,0.143560613119675,,1299.99666103809,30,163.399924975307,1.75043848,105.013777611169,1.43849831,3.53287762680182,0.743394873159612,100.298087913401,NaN,NaN,NaN,NaN,15,0.0429598315074072,10.3020920531053,NaN,6.58027060717875,19.2270980585168,NaN,,1300.50489016891,30,164.676731059746,2.08516791,103.058444093783,0.968416258,3.47151967401621,2.65492867611322,99.9563107194179,NaN,NaN,NaN,NaN,18,0.153202247549434,10.9050236016638,NaN,6.09825996764467,20.0548113321943,NaN,,1299.49998617322,30,164.536639670138
29.75,0.0561251719999989,104.72463424211,1.221552346,3.61029138908778,1.07435510973836,99.9545071322893,NaN,NaN,NaN,NaN,10.8388501645,0.0607987852866796,0.989064070390725,NaN,8.48278357240081,4.22127667545167,NaN,,1299.39414893019,30,162.753320508375,0.666020307999999,97.8056216180414,3.459087596,3.90740531956297,8.02825166028786,99.8925194778426,NaN,NaN,NaN,NaN,7,0.504437268317349,13.1290785886208,133.187197368612,8.09752483958756,24.8262936463732,0.060278241536197,,1301.85838912373,30.0010455296181,165.686865944426,0.844360875999999,104.992728192029,2.039998428,3.42508296209134,0.726032255640015,100.003964621931,NaN,NaN,NaN,NaN,12.719201851,0.0419598559334491,9.86948019042072,2.8368470098138,7.57404944504422,17.3342014069329,0.255984453897549,,1299.23594958662,30,164.382814532583,0.689744512,104.960598892802,1.20417797,3.19714827430247,1.19426765067561,100.046098064155,NaN,NaN,NaN,NaN,14.0839958935195,0.0688398675808558,9.27973092136814,8.08662241649941,7.07200127155664,16.5378837375561,0.147858448194474,,1300.08581052194,30,163.39442804291,1.75043848,105.023546270035,1.43849831,3.42926525099767,0.736605267946455,100.299096190825,NaN,NaN,NaN,NaN,14.9597523108333,0.0425660963286484,10.3424068150653,NaN,6.57959668840329,19.3026610681432,NaN,,1298.79790095948,30,164.671205931751,2.09240957456045,103.082293150755,0.968416258,3.4601454438878,2.68741049206606,99.90916688393,NaN,NaN,NaN,NaN,17.9199468351667,0.155006759879661,10.9496635384873,NaN,6.09920159952553,20.1391220450214,NaN,,1299.80924372847,30,164.53801260718
29.8333333333333,0.0561251719999989,104.72704478918,1.221552346,3.76410373472427,1.0850355877309,99.9762841093917,NaN,NaN,NaN,NaN,11,0.0614019243185317,0.925980340674004,NaN,8.47891882942552,4.11217608173931,NaN,,1300.02653478077,30,162.747743788083,0.668918726066652,97.8188295078337,3.459087596,3.86786057257222,8.02188732320367,99.8910891794342,NaN,NaN,NaN,NaN,7,0.504152592000323,13.1385160369094,134.037614727229,8.09085564424113,24.8446801285558,0.059847760949751,,1300.28850574262,30.0028830148955,165.684583225808,0.844360875999999,105.04423274536,2.039998428,3.49990689621642,0.716706302702328,100.056069297536,NaN,NaN,NaN,NaN,12.6544491692381,0.0414126557186641,9.80344132743515,2.81192251289211,7.57435850135701,17.2110918648483,0.254922496104486,,1299.58289262891,30,164.377299636396,0.689744512,104.992178677001,1.20417797,3.23039281842554,1.19285631723728,100.026722379692,NaN,NaN,NaN,NaN,14.3393756562129,0.0687181365881311,9.287849393704,8.09408696731837,7.07192004708032,16.5529352220682,0.147394117131511,,1301.02547999679,30,163.388929617143,1.75043848,105.012132060561,1.43849831,3.46700335464518,0.73702925943127,100.346220406334,NaN,NaN,NaN,NaN,15,0.0425889527714682,10.3210393525837,NaN,6.58033250973171,19.2626118252199,NaN,,1298.74755258527,30,164.665679995712,2.101957946,103.051606067005,0.968416258,3.42028891039305,2.73863087304297,99.9303942563216,NaN,NaN,NaN,NaN,18,0.157901303418773,10.9160067040965,NaN,6.09742498304521,20.0755810057275,NaN,,1298.78682067298,30.0004029992904,164.542366866855
29.9166666666667,0.0561251719999989,104.736112673437,1.221552346,3.61388333818333,1.09462844425863,99.9658546845582,NaN,NaN,NaN,NaN,11,0.0619471884404253,0.93533009612329,NaN,8.47489786136148,4.14292486632683,NaN,,1299.17466447221,30,162.742168259882,0.669428958,97.6952056377696,3.459087596,3.90795231276274,8.02347736105112,99.7433444320676,NaN,NaN,NaN,NaN,7,0.504379153301996,13.2420056022156,134.313247819613,8.09281458966499,25.0464337950797,0.0597382920821584,,1301.82705033938,30.0047518185363,165.680051106606,0.844360875999999,104.992390266577,2.039998428,3.40421938625841,0.709465709393121,100.024329767012,NaN,NaN,NaN,NaN,12.6626223980952,0.0410000011324883,9.85766494203029,2.78069006904278,7.57399373961808,17.3121742369948,0.255176370495585,,1299.2810158752,30,164.371783530883,0.689744512,105.001328069327,1.20417797,3.21355992507128,1.1879426194426,100.068480548445,NaN,NaN,NaN,NaN,14.233975384387,0.0684379019831382,9.31206656592996,8.16900096659188,7.07191528219086,16.5978213130407,0.14542367394976,,1299.11428752686,30,163.383430415123,1.75043848,104.96084777363,1.43849831,3.51969936123099,0.731081975233484,100.364062348731,NaN,NaN,NaN,NaN,14.9600393773333,0.0422544436099007,10.3209554270103,NaN,6.58030371891618,19.2624502716172,NaN,,1301.31312995638,30,164.660154874468,2.101957946,103.070628389802,0.968416258,3.51178353340419,2.77986340114376,99.9135344420507,NaN,NaN,NaN,NaN,17.959674869,0.160185653146894,10.9544031383295,NaN,6.09836491927971,20.1480712458682,NaN,,1301.11113311011,30,164.536831740849
30,0.0561251719999989,104.66072609442,1.22331529359527,3.71551173650597,1.10464604852725,99.940105493158,NaN,NaN,NaN,NaN,11,0.0625004458775227,1.05562543787992,NaN,8.47099378463505,4.35247899907341,NaN,,1301.33702500529,30,162.738248783637,0.669428958,97.6303057424582,3.459087596,3.91705904386051,7.94819776335488,99.9336717844739,NaN,NaN,NaN,NaN,6.87931130583333,0.499796703586548,13.2189328020179,134.823946476427,8.09447911698805,25.0014176972568,0.0589527016700466,,1300.72520057095,30.0003358247879,165.674940790116,0.844360875999999,104.994598766388,2.039998428,3.39817592429863,0.709360660192515,100.038972473429,NaN,NaN,NaN,NaN,12.7589093755,0.0410000011324883,9.81428562572468,2.7569327430457,7.57325764281967,17.2312988951508,0.25732849386786,,1300.54694774113,30.0020100554571,164.3662679738,0.689744512,104.982888399444,1.20417797,3.24628799750722,1.18012838930356,100.011100487694,NaN,NaN,NaN,NaN,13.9243820395,0.068000003695488,9.29332134188774,8.15158983146424,7.07116619176701,16.5630667948096,0.144774236800458,,1299.75029533005,30,163.37793178227,1.75043848,104.949772930243,1.43849831,3.56150906038317,0.727238334379197,100.337686021916,NaN,NaN,NaN,NaN,14.9597275236667,0.0420402462066515,10.2639375722477,NaN,6.58026040871685,19.1556222199337,NaN,,1299.14772644342,30,164.654630775926,2.11364769151442,102.956229253522,0.968416258,3.36089045939225,2.83448338135771,99.9660947576871,NaN,NaN,NaN,NaN,17.9599361841667,0.163445335119999,10.8999297391553,NaN,6.09875755387668,20.0452031162944,NaN,,1300.59333124968,30.0008015627842,164.54265037541
30.0833333333333,0.0561251719999989,104.678949210697,1.23058286382857,3.56725817747482,1.11383979537843,99.9530413497662,NaN,NaN,NaN,NaN,11,0.0629995391780573,1.01770675319402,NaN,8.4723678806462,4.28640351130526,NaN,,1301.6224215983,30,162.739937632652,0.669428958,97.511287520999,3.459087596,3.89218372530975,7.89855637543958,99.697914787722,NaN,NaN,NaN,NaN,7,0.496952388973999,13.2736054576743,135.508677678133,8.09404922233376,25.1081010927323,0.0582884454578139,,1300.64421254834,30.0004670521364,165.669834007963,0.844360875999999,104.982951665559,2.039998428,3.45975573952595,0.707368568883195,100.068989264452,NaN,NaN,NaN,NaN,12.6383535776667,0.0408795998366552,9.73715685804328,2.70422480798329,7.57327602959122,17.0876511091272,0.261630346140742,,1300.83460198135,30,164.360753398209,0.689744512,104.992258410538,1.20417797,3.19819097943028,1.17950249311318,100.104902120364,NaN,NaN,NaN,NaN,14.0359692673333,0.0679598090273647,9.34567804803511,8.12490661093966,7.07104029544264,16.6601119260078,0.145174888731562,,1299.53860047279,30,163.372433718046,1.75043848,105.042918149724,1.43849831,3.49608583680692,0.726907149592796,100.417659795986,NaN,NaN,NaN,NaN,15,0.0419999994337559,10.313113071927,NaN,6.58026907640949,19.2477677297292,NaN,,1299.29553076716,30,164.649106724114,2.11867007,102.887460429169,0.968416258,3.47771181653964,2.88288813987464,99.9123968307014,NaN,NaN,NaN,NaN,18,0.166314953600692,10.9373749484646,NaN,6.09719672963232,20.1159253321124,NaN,,1299.52091989611,30,164.542476988517
30.1666666666667,0.0561251719999989,104.593619051714,1.231953598,3.60236186397224,1.10768858713915,99.895733928421,NaN,NaN,NaN,NaN,11,0.0626688620845415,1.00641250781754,NaN,8.47268474343404,4.26672744051,NaN,,1300.28272232815,30,162.735834707113,0.672877278601011,98.60443172771,3.459087596,3.88551568411579,7.92037705648326,106.676264458674,NaN,NaN,NaN,NaN,7,0.497544798605083,13.4003486722632,133.445914068915,8.09581479006861,25.3557729854832,0.0594508637005854,,1300.71205975339,29.9946041973277,165.667969595581,0.844360875999999,104.997179871089,2.039998428,3.4050524628769,0.70115362951971,100.128612770499,NaN,NaN,NaN,NaN,12.6794603046667,0.0405174868371471,9.81363783254498,2.44863838262021,7.57262098568409,17.2300876349437,0.292142965138055,,1299.16710116086,30,164.355239124597,0.689744512,105.028508449627,1.20417797,3.22999434469198,1.17763996938234,100.108394066595,NaN,NaN,NaN,NaN,14.1602431081139,0.0678131689505768,9.30918800384197,8.07264980251971,7.07090593229818,16.5924634495737,0.145882273555753,,1301.56511931493,30,163.366934056666,1.75043848,105.010179900935,1.43849831,3.50444821465484,0.727099391383963,100.421829459532,NaN,NaN,NaN,NaN,14.959780214,0.0419999994337559,10.290766133023,NaN,6.58018698493257,19.2058562186121,NaN,,1299.91456916087,30,164.643580185459,2.12472193850761,102.945553367325,0.968416258,3.44411171580861,2.92031553838728,99.9988289798687,NaN,NaN,NaN,NaN,17.919715723,0.16838813870727,10.974998734584,NaN,6.09903650888021,20.1870118479764,NaN,,1299.33851861409,30,164.542659799021
30.25,0.0561251719999989,104.598204659878,1.2351129885298,3.57737334504321,1.11231187979844,100.059306214061,NaN,NaN,NaN,NaN,11,0.062929637063016,0.991644593121902,NaN,8.47059290633926,4.24100349407,NaN,,1299.65613471105,30,162.73331213982,0.689541956811111,102.864404958111,3.459087596,3.65909509430674,8.17361729901917,104.486921644825,NaN,NaN,NaN,NaN,7,0.505898619607282,13.4377425643849,110.157115725872,8.09605133617684,25.4289022753063,0.0743316305983025,,1300.79060256152,29.9787947287993,165.679348544355,0.844360875999999,105.006760963336,2.039998428,3.39305509795944,0.700592438749531,100.160308014046,NaN,NaN,NaN,NaN,12.6362099395,0.040475122762794,9.72573185000104,2.5037599915809,7.5731457148545,17.0663745373835,0.280659205131086,,1298.53058444572,30,164.349722970688,0.689744512,105.026572511156,1.20417797,3.18271837776534,1.17358473108854,100.034654899053,NaN,NaN,NaN,NaN,14.0010551488861,0.0675842650769771,9.31607866018498,8.02885672463406,7.07069335087092,16.6052361171248,0.146174682272675,,1299.03146568283,30,163.3614332959,1.75043848,104.990501488009,1.43849831,3.44830515447843,0.726700637908913,100.430680740255,NaN,NaN,NaN,NaN,15,0.0419999994337559,10.2636218701103,NaN,6.58067584384584,19.1550051897937,NaN,,1300.71850196151,30,164.638055257909,2.135440628,102.854275260668,0.968416258,3.4516891459024,2.9628795486807,99.9217875162223,NaN,NaN,NaN,NaN,18,0.170875203969419,10.9980794892387,NaN,6.09720352926123,20.2306414152037,NaN,,1299.09683837373,30,164.548182385789
30.3333333333333,0.0561251719999989,104.543734683186,1.24133788903532,3.40521252159022,1.12125531196101,99.8918230382125,NaN,NaN,NaN,NaN,11,0.062917587440428,1.0227700605306,NaN,8.47156989094359,4.29522662716706,NaN,"Sample 1.50 mL to AMBR-96DWP-2/G1",1299.9996616303,29.9995857100945,162.410295622514,0.706063850276257,103.119479697171,3.459087596,3.48852012043237,8.09909457501473,99.3795865338802,NaN,NaN,NaN,NaN,7,0.497924198740156,13.500468909052,107.991803000988,8.09622245054503,25.5517072598372,0.0749217749691316,"Sample 1.50 mL to AMBR-96DWP-2/G2",1299.4939558785,29.9789941313315,165.391886274351,0.844360875999999,105.020362483781,2.039998428,3.18107345788854,0.696291640516209,100.11942277321,NaN,NaN,NaN,NaN,12.6418281476667,0.0401226354949474,9.73065602050659,2.6348720971919,7.57490590996361,17.0755345505508,0.264215308890094,"Sample 1.50 mL to AMBR-96DWP-2/G3",1300.27219972128,29.9988212061218,164.067774539396,0.689744512,105.032097636113,1.20417797,2.97026016622678,1.18096278374609,100.184291032803,NaN,NaN,NaN,NaN,14.1785879403333,0.0677638847499886,9.25466148354676,7.62362195109705,7.07134366025763,16.4914717177494,0.154967305535486,"Sample 1.50 mL to AMBR-96DWP-2/G4",1299.16924869938,29.998618206809,163.10528799063,1.75043848,104.993158132569,1.43849831,3.25676789831494,0.726180415992594,100.49888987855,NaN,NaN,NaN,NaN,14.9597281955,0.0419598836877353,10.3491545577519,NaN,6.5809454746779,19.3153265893124,NaN,"Sample 1.50 mL to AMBR-96DWP-2/G5",1299.22757598581,30,164.608410174353,2.13922539316817,102.880990750493,0.968416258,3.2682077267925,2.99859877266781,99.9467595875551,NaN,NaN,NaN,NaN,17.9196127151667,0.172879744390489,11.0530891708142,NaN,6.0989295767491,20.3346586893957,NaN,"Sample 1.50 mL to AMBR-96DWP-2/G6",1299.11900786028,30,164.541661927437
30.4166666666667,0.0561251719999989,104.561705771475,1.2452469853313,3.70868854205841,1.14181721403287,99.9591105315191,NaN,NaN,NaN,NaN,11,0.0623623317054203,1.00947190280103,NaN,8.47084152489368,4.27205703251558,NaN,,1302.60209690952,29.9963929217858,160.938293174529,0.722519493253019,102.867589828255,3.459087596,3.72432816125959,8.08999458943915,99.8731447080296,NaN,NaN,NaN,NaN,7,0.481122360284095,13.5110322026576,110.185425722596,8.09585654186885,25.5724303763677,0.0720889387073739,,1301.22302596702,29.9791459139554,163.907935542912,0.844360875999999,104.994801063022,2.039998428,3.43950050320784,0.699965691522845,100.197221093714,NaN,NaN,NaN,NaN,12.7587603271667,0.0397161215673298,9.79899024871955,2.66195582033068,7.57144990660516,17.2028178262073,0.261800254311143,,1300.27811690661,29.9903320019055,162.544691446385,0.689744512,105.046689566479,1.20417797,3.18541933346366,1.193511355622,100.117204549728,NaN,NaN,NaN,NaN,14.3308441403333,0.0667361475768738,9.30590293113533,7.57242882197594,7.07057591336233,16.5863862249037,0.152611927925928,,1299.90917245222,29.9921414896721,161.556428593342,1.75043848,105.053857360628,1.43849831,3.48417267767806,0.734766365037214,100.434416940133,NaN,NaN,NaN,NaN,14.9599106146667,0.0411169154503929,10.3107251669583,NaN,6.58045725251142,19.2433233112405,NaN,,1301.2291843807,29.992773862854,162.833005593805,2.15209178393043,102.789204511226,0.968416258,3.35518506777235,3.03473732445046,99.9980355319924,NaN,NaN,NaN,NaN,17.9198477163333,0.168583677039255,11.0143061095322,NaN,6.09777589772361,20.2613013858844,NaN,,1301.03974200572,29.9967880910153,162.759703402961
30.5,0.0561251719999989,104.545134804069,1.25309778329265,3.63870385873064,1.13889916008249,99.9702738114459,NaN,NaN,NaN,NaN,11,0.0636714941842084,1.04913961609449,NaN,8.47052157164472,4.3411662960869,NaN,,1300.33133737765,30,160.940456377938,0.738688103133235,102.842346711401,3.459087596,3.66356839746952,7.97163731973532,99.8879305925594,NaN,NaN,NaN,NaN,7,0.488627664462505,13.5512355145472,112.124929981584,8.09563529867838,25.651197561082,0.0710968006889946,,1300.55796423669,29.9895973097051,163.918948198138,0.844360875999999,104.993714581711,2.039998428,3.4553263857363,0.701370424433053,100.251621163835,NaN,NaN,NaN,NaN,12.7589437893333,0.0400803860791722,9.71694979539059,2.74426462569266,7.57078072548878,17.0500274633368,0.255605286851584,,1301.65284113151,30,162.539176097944,0.689744512,105.036239027291,1.20417797,3.20036910359124,1.18457180810377,100.170091011141,NaN,NaN,NaN,NaN,13.8833941188333,0.0674415566747651,9.27895666617965,7.94366361962128,7.07087931319028,16.5364539663067,0.149124590689565,,1301.69546159024,30,161.550926382288,1.75043848,105.069360257716,1.43849831,3.51999650416423,0.731311263934767,100.543244323846,NaN,NaN,NaN,NaN,15,0.0417671942895635,10.3266794918509,NaN,6.58011465932419,19.2731852821421,NaN,,1299.75394937136,30,162.827478025751,2.1526481035968,102.823213961029,0.968416258,3.45140301019172,3.05372330824069,100.067169269882,NaN,NaN,NaN,NaN,18,0.174234252239324,10.9791391536378,NaN,6.09829008639089,20.1948130975132,NaN,,1299.8445935897,30.0008003739421,162.754663758536
30.5833333333333,0.0561251719999989,104.493715808714,1.26242404256398,3.61527855996064,1.10427437224314,99.9435821753806,NaN,NaN,NaN,NaN,10.9195357748333,0.0617400788512135,1.04832854139505,NaN,8.51110677986927,4.33975311970562,NaN,,1299.3069343829,30,160.944310698796,0.754383167476206,102.746085380067,3.459087596,3.68864428922285,7.85048377474587,99.7668754032054,NaN,NaN,NaN,NaN,7,0.481586909732037,13.5822199376642,112.664144600061,8.09538136189385,25.7119979590958,0.0696819121585168,,1299.00349343275,29.9904959276532,163.929471274286,0.844360875999999,104.959708555005,2.039998428,3.40670468682132,0.699692359150721,100.230737325061,NaN,NaN,NaN,NaN,12.5988750371667,0.0399999991059303,9.72523306269095,2.73357192397159,7.57117149572715,17.0654354941924,0.255999267573904,,1300.59117830385,30,162.533662050496,0.689744512,104.974601299966,1.20417797,3.19158403805217,1.17421876900443,100.186131060515,NaN,NaN,NaN,NaN,13.8093003588333,0.0668799683723428,9.20262429016711,7.94234146562064,7.07063880417225,16.3951182756924,0.147845766494374,,1298.09494087196,30,161.54542520793,1.75043848,104.987660245198,1.43849831,3.53878438622454,0.723328322888043,100.548334861026,NaN,NaN,NaN,NaN,15,0.0413210245246545,10.2765595535608,NaN,6.58083856754574,19.1792432800776,NaN,,1300.23043774889,30,162.821949728508,2.16753902388636,102.86801183651,0.968416258,3.47146901839467,3.08374617740218,99.9233537052921,NaN,NaN,NaN,NaN,17.9194833616667,0.175917415061798,11.075835827353,NaN,6.09843936754043,20.3776939752956,NaN,,1299.25230529681,30.0032203307574,162.763956006602
30.6666666666667,0.0561251719999989,104.486996221389,1.263079442,3.65942377117344,0.999562124914816,99.9669469176876,NaN,NaN,NaN,NaN,10.854810184377,0.0558935395605624,1.06522123294794,NaN,8.55412653277351,4.3691878289331,NaN,,1301.14400735463,30,160.93948587552,0.769453105931347,102.70225373678,3.459087596,3.68445080864378,7.74888208606961,99.860913029405,NaN,NaN,NaN,NaN,7,0.475437634928089,13.5845377280262,113.619357311165,8.09598966390353,25.7165135063946,0.0682009534338704,,1301.29905607609,29.9947171311351,163.939365967296,0.844360875999999,104.978520789951,2.039998428,3.40114511425833,0.695586424542467,100.255756388146,NaN,NaN,NaN,NaN,12.6971982708296,0.0397593367819186,9.66532019194709,2.76968232501012,7.57192155074299,16.9539376212233,0.251182435147842,,1298.73487574583,30,162.528148857283,0.689744512,105.00488146574,1.20417797,3.24048186664932,1.17658975400948,100.203713249112,NaN,NaN,NaN,NaN,14.1207354268333,0.0670000016689301,9.25646917967403,7.8942774070675,7.07071258718256,16.4948113346328,0.149044821844487,,1299.49338226669,30,161.539925491241,1.75043848,105.01587238186,1.43849831,3.51258101208025,0.721015570408964,100.56543369567,NaN,NaN,NaN,NaN,15,0.0412006799939214,10.3080589010015,NaN,6.57969053937429,19.2382639142191,NaN,,1299.68416641534,30,162.816425209757,2.16872853,102.794334537581,0.968416258,3.4473627150425,3.12921739935656,100.034193190108,NaN,NaN,NaN,NaN,18,0.178529213188414,11.0278640787636,NaN,6.09741734747435,20.2869359577656,NaN,,1300.45079813016,30,162.759812804747
30.75,0.0561251719999989,104.500979964128,1.263079442,3.60609120336631,0.97528390325987,99.9621404799585,NaN,NaN,NaN,NaN,10.9845994597897,0.0545421268616608,1.0862681326458,NaN,8.56242107936963,4.40586799808087,NaN,,1300.38671161144,30,160.933905862457,0.784357365052856,102.589189446251,3.459087596,3.67303576057155,7.62700823403094,99.8880708472044,NaN,NaN,NaN,NaN,7,0.468330027952042,13.5242277741048,114.138319527347,8.09528365878214,25.5982945605801,0.0668250569797129,,1299.52979625689,29.9899997711182,163.949067301553,0.844360875999999,104.979502572285,2.039998428,3.43359470106805,0.696772249907737,100.27387339499,NaN,NaN,NaN,NaN,12.7001166538371,0.0398220909921491,9.66130091471572,2.7172539108196,7.57162602558941,16.946453238646,0.256468034576943,,1300.63593033883,30,162.522634835935,0.689744512,104.972836854414,1.20417797,3.16599487064896,1.17194819295647,100.255275210922,NaN,NaN,NaN,NaN,13.919639808,0.0667589485975897,9.26378526754718,7.83875397561054,7.06992683535953,16.5083583737987,0.14950858091065,,1299.06752987178,30,161.534425913269,1.75043848,104.989328483267,1.43849831,3.50394152603488,0.719010449645542,100.555649675853,NaN,NaN,NaN,NaN,15,0.0410802567568219,10.3193457549199,NaN,6.58024317302515,19.2594760074115,NaN,,1299.32916784333,30,162.810899313397,2.17949662372181,102.82428692807,0.968416258,3.44230874699382,3.14996158293998,100.029079472959,NaN,NaN,NaN,NaN,17.9195880141667,0.179730680415104,11.0974581702955,NaN,6.09915338565769,20.4186302684944,NaN,,1301.46168106291,30,162.764714291745
30.8333333333333,0.0561251719999989,104.460187842341,1.263079442,3.62706661471335,0.977860703238251,99.9349834314227,NaN,NaN,NaN,NaN,10.9597294513333,0.0546778841548108,1.00522730505795,NaN,8.55881624189503,4.26467043025206,NaN,,1301.45779726425,30,160.928324302915,0.798835546838891,102.489527692948,3.459087596,3.73620859495155,7.48500160364075,99.766048000157,NaN,NaN,NaN,NaN,7,0.459916544603806,13.6216576892215,114.878063238108,8.09511833590619,25.7893434225841,0.065157076578402,,1301.24932103801,29.9983884511204,163.958417025903,0.844360875999999,105.041327535553,2.039998428,3.44963816993732,0.689723097351142,100.299293680548,NaN,NaN,NaN,NaN,12.7584010663333,0.0394023431161896,9.73984691270071,2.6750931715379,7.571804204394,17.0926512736601,0.257861077404761,,1297.2114861443,30,162.517119618332,0.689744512,104.999980171132,1.20417797,3.18247920362996,1.1710788706527,100.256215930222,NaN,NaN,NaN,NaN,13.8073331776667,0.0666889141576647,9.29671236091404,7.7770037015925,7.06991633832166,16.5693441783989,0.150585045851216,,1300.129216033,29.9979858949052,161.528926687082,1.75043848,105.010898084541,1.43849831,3.46862742106673,0.717453332963558,100.547567777303,NaN,NaN,NaN,NaN,15,0.0410000011324883,10.2686587521555,NaN,6.57904680189248,19.1644635409014,NaN,,1300.37051971438,30,162.805374419737,2.1917212067415,102.831017171023,0.968416258,3.39355927590313,3.16459001877048,99.9659598854469,NaN,NaN,NaN,NaN,17.8796825755,0.180552439483594,11.1222494082425,NaN,6.09912694230238,20.4655407573587,NaN,,1298.71665778561,30,162.771472410637
30.9166666666667,0.0561251719999989,104.406402873774,1.263079442,3.64895084444865,0.99084611891834,99.919371347211,NaN,NaN,NaN,NaN,11,0.0554114226116113,1.1205969879096,NaN,8.55113958310404,4.4656805462227,NaN,,1300.42056821881,30,160.922744135473,0.812863000197953,102.475970751667,3.459087596,3.71904641315536,7.36363394066078,100.071768992164,NaN,NaN,NaN,NaN,7,0.45258208184298,13.5580862564831,115.329922869934,8.09561410699127,25.6646597326977,0.0638488766561993,,1301.6482152664,30.0004014145874,163.967266787637,0.844360875999999,105.014915410803,2.039998428,3.48065628270763,0.687682495238056,100.314051396896,NaN,NaN,NaN,NaN,12.7992188153333,0.0392817130272749,9.72478540402892,2.67005480916817,7.57191834820577,17.0645942966312,0.257575215761904,,1298.57596181355,30,162.511602928205,0.689744512,105.005181334114,1.20417797,3.2163659177989,1.1632159097262,100.281621005374,NaN,NaN,NaN,NaN,13.8435490015,0.0662393609737805,9.24188435643582,7.74529513966219,7.06979893730992,16.4678067176373,0.150186082581209,,1299.99669441871,29.999599884514,161.523426505583,1.75043848,105.02529094692,1.43849831,3.46425103975156,0.717085935735706,100.591045970953,NaN,NaN,NaN,NaN,15,0.0409613459948787,10.2593258297424,NaN,6.57839007267129,19.1469481283734,NaN,,1301.49651888643,30,162.799848626371,2.20594527947638,102.8566128084,0.968416258,3.51548728629882,3.18560968090254,99.9612120997427,NaN,NaN,NaN,NaN,17.1647689123333,0.181745249529493,11.1387167329504,NaN,6.09927442752747,20.4967214576862,NaN,,1300.02976000636,30,162.780025363935
31,0.0561251719999989,104.44507822643,1.263079442,3.55611932478055,1.01188241281275,99.9423852005222,NaN,NaN,NaN,NaN,11,0.0565677369564362,1.12303540826095,NaN,8.54091485433574,4.46993332051082,NaN,,1299.21873655294,30,160.917163730088,0.827091230148762,102.635362465236,3.459087596,3.73018055865184,7.31693454174551,100.416539113191,NaN,NaN,NaN,NaN,7,0.449586116102076,13.6512240971632,114.760271637074,8.09571469948298,25.8473968761303,0.0637589412734114,,1300.41971808466,30,163.976324416936,0.844360875999999,105.001970713995,2.039998428,3.45200827299028,0.682620132632859,100.329464008157,NaN,NaN,NaN,NaN,12.6424576430929,0.0390000008046627,9.69834997503582,2.63998561439477,7.57171169746352,17.0153936858078,0.258588613146387,,1299.10488395425,30.0008030850757,162.506086855687,0.689744512,105.002468448777,1.20417797,3.17088509607909,1.1629101133976,100.286014342568,NaN,NaN,NaN,NaN,14.0842049268015,0.0662004414845783,9.30384864076887,7.71577539024904,7.06943806491007,16.5825744914047,0.150720978722408,,1298.9437146832,30,161.517925335784,1.75043848,105.072167722373,1.43849831,3.47730947417208,0.717266112198419,100.603603888679,NaN,NaN,NaN,NaN,15,0.0409584009014561,10.2405375685548,NaN,6.578620592532,19.1117657867492,NaN,,1299.13656533245,30,162.79432194098,2.2315047136024,102.79286423395,0.968416258,3.49105266896246,3.20390762960507,99.9425371496152,NaN,NaN,NaN,NaN,17.3494382163333,0.182749233564284,11.106780453146,NaN,6.09592537907125,20.4362596648399,NaN,,1300.45194605227,30,162.800130458937
31.0833333333333,0.0561251719999989,104.391971351762,1.263079442,3.79393019956453,1.041368207296,99.9965868367712,NaN,NaN,NaN,NaN,10.960067915,0.0582089393571616,1.11896269928036,NaN,8.530228240384,4.46283298548465,NaN,,1300.03956558727,30,160.911581566786,0.841503466789617,102.768219093801,3.459087596,3.65918791365235,7.27478248786976,100.019920355716,NaN,NaN,NaN,NaN,7,0.446536293670727,13.6318478112365,113.992208251688,8.09562253570695,25.8093424150318,0.0638210141892736,,1300.21891085451,30,163.985560262977,0.844360875999999,105.008074663227,2.039998428,3.4213053761986,0.682663416566343,100.350180563145,NaN,NaN,NaN,NaN,12.6763885797404,0.0390000008046627,9.63716974884965,2.61965825241877,7.57181756446922,16.9015671675528,0.260622216681717,,1300.20129907672,30,162.500571523102,0.689744512,104.977498323067,1.20417797,3.21440719161528,1.16334326921956,100.318404822554,NaN,NaN,NaN,NaN,14.1040377401984,0.0662408162127332,9.25491909795922,7.63315618121916,7.06955837532077,16.4919338516331,0.152413196321041,,1300.95151700006,30,161.512424353601,1.75043848,105.064176275827,1.43849831,3.49554063813407,0.716674898005364,100.657579112623,NaN,NaN,NaN,NaN,15,0.0409194081739957,10.2977347501519,NaN,6.57823111791654,19.2189243780657,NaN,,1300.61678974841,30,162.78879333571,2.235674416,102.816011031365,0.968416258,3.40910393971752,3.23054429571311,100.061817196475,NaN,NaN,NaN,NaN,18.2246271111667,0.18430480424583,11.0832747681906,NaN,6.08109297600122,20.3917563965838,NaN,,1299.04349234683,30,162.79909605635
31.1666666666667,0.0561251719999989,104.32292636823,1.263079442,3.63523830186324,1.06788455766653,99.9027214829148,NaN,NaN,NaN,NaN,10.8056957734746,0.059718209699881,1.08323232658989,NaN,8.51855881815585,4.40056839333584,NaN,,1299.30170625461,30,160.90600088753,0.855313141540992,102.681697142121,3.459087596,3.70911854665301,7.14506197926395,99.9176783721386,NaN,NaN,NaN,NaN,7,0.439054060668677,13.6388444592446,114.590791336124,8.09593930120926,25.8230796950118,0.0623532452118051,,1300.3449823312,30,163.994186563453,0.844360875999999,105.008924226264,2.039998428,3.40502402059335,0.682082427522212,100.339849064415,NaN,NaN,NaN,NaN,12.7174737261667,0.0389597302545523,9.63141856921741,2.58448389883441,7.57280971186401,16.8908802262432,0.263947033840483,,1300.0792818523,30,162.495055478408,0.689744512,105.007202710951,1.20417797,3.13160916277835,1.15928698775125,100.312366099073,NaN,NaN,NaN,NaN,13.8396735708333,0.0659999996423721,9.25342553877394,7.53056591977321,7.06926244238949,16.4891650096337,0.153948413217514,,1299.26474349959,30,161.506923370326,1.75043848,104.962616259925,1.43849831,3.49686416415526,0.716234254338362,100.667115895856,NaN,NaN,NaN,NaN,14.9600160576667,0.0409195128383744,10.3097748901333,NaN,6.57799773272678,19.2414796197221,NaN,,1299.91641359129,30,162.783265943915,2.235674416,102.855499156966,0.968416258,3.43009274379189,3.22758932513822,100.107323346782,NaN,NaN,NaN,NaN,21.3105968101667,0.184096339555313,11.0702836578324,NaN,6.07976799519216,20.3671774620598,NaN,,1298.90955699293,30,162.793562408233
31.25,0.0561251719999989,104.281371101345,1.263079442,3.65617094150357,1.09746616592063,99.8813998224919,NaN,NaN,NaN,NaN,10.9535412765254,0.0613551062784364,1.08857466905608,NaN,8.50637974470376,4.40987484808352,NaN,,1299.57968877646,30,160.900421230661,0.869129761646651,102.72567249792,3.459087596,3.75237329397941,7.03167314266874,99.9602064884025,NaN,NaN,NaN,NaN,7,0.432034513309374,13.6129768637298,114.778824260584,8.09536223959665,25.772310562704,0.061263040339335,,1300.9034341916,29.9947808822183,164.002794584885,0.844360875999999,105.006429721886,2.039998428,3.41176147304381,0.68199319924881,100.380487291697,NaN,NaN,NaN,NaN,12.7989608073333,0.0389598606899833,9.63105363455353,2.57400385672018,7.57273172584339,16.8902063054754,0.264969068283156,,1299.94043123814,30,162.489539905063,0.689744512,105.028791600709,1.20417797,3.20440459363156,1.15969121396385,100.356376012361,NaN,NaN,NaN,NaN,13.8676385902862,0.0659999996423721,9.24759147611248,7.47969964397472,7.06922936152679,16.4783588059305,0.155049551821466,,1300.86132552575,30,161.501421497818,1.75043848,105.018565338937,1.43849831,3.45797082251948,0.707201149769397,100.720019684701,NaN,NaN,NaN,NaN,15,0.0404042833709008,10.3297638616543,NaN,6.57812036275987,19.2789519180797,NaN,,1298.78983234831,30,162.777742180116,2.235674416,102.871810367012,0.968416258,3.48413082197676,3.19448996071713,100.019948073717,NaN,NaN,NaN,NaN,20.4977700906667,0.18224183330279,11.0736918736879,NaN,6.08366939623284,20.3736258936642,NaN,,1297.4414278727,30,162.788027700229
31.3333333333333,0.0561251719999989,104.209342545285,1.263079442,3.67021206806703,1.12692459704694,99.9860825056979,NaN,NaN,NaN,NaN,11,0.0630234963213935,1.1274486013574,NaN,8.4939002775697,4.47762122053926,NaN,,1300.54771316289,30,160.894841592386,0.882441115499956,102.61943082116,3.459087596,3.73543588640203,6.90748001303389,99.9794479364803,NaN,NaN,NaN,NaN,7,0.424769429574556,13.7172658492109,115.093457691071,8.09522065842723,25.9771801179764,0.0600168882660245,,1300.59120956501,30,164.011015299329,0.844360875999999,104.985902296618,2.039998428,3.42225802082268,0.677109929632048,100.38676920986,NaN,NaN,NaN,NaN,12.7586915378333,0.0386784344964246,9.66357364429159,2.5593182413505,7.57211477762643,16.950685258831,0.264596659394834,,1299.28910455104,30,162.484024268379,0.689744512,105.013515356124,1.20417797,3.19675358037457,1.1583134494317,100.371530925657,NaN,NaN,NaN,NaN,14.1321266440472,0.0659199535511544,9.23666191645311,7.45206409383229,7.06876448360233,16.458127464625,0.15543961880414,,1299.56094301065,30,161.495919010343,1.75043848,104.997917014434,1.43849831,3.48063182149828,0.704201084956718,100.676375768999,NaN,NaN,NaN,NaN,15,0.0402291529399161,10.3653184572898,NaN,6.57789766838865,19.3456303089712,NaN,,1299.6009192868,30,162.772217319589,2.235674416,103.039140282763,0.968416258,3.35834488325836,3.11899733640715,101.146676205958,NaN,NaN,NaN,NaN,21.0805399976667,0.177965373455236,11.1358289299554,NaN,6.08841610458615,20.4913153466772,NaN,,1300.0697743914,29.9996064424635,162.78249594722
31.4166666666667,0.0561251719999989,104.179705661658,1.263079442,3.70641728293545,1.16049099805192,99.9198284076024,NaN,NaN,NaN,NaN,10.9597819603333,0.0648940957833565,1.15000447228659,NaN,8.48183141056441,4.51693616736382,NaN,,1299.36472056732,30,160.889263066003,0.895525166454976,102.668444918816,3.459087596,3.67457886166097,6.82159242022183,100.017265821102,NaN,NaN,NaN,NaN,7,0.419339043844809,13.7192128992806,114.893392383231,8.09526832174204,25.9810328134627,0.0593736930414108,,1300.76608754256,30.0048215895266,164.018881560113,0.844360875999999,104.98821520639,2.039998428,3.42027929203416,0.675253760877408,100.459558446887,NaN,NaN,NaN,NaN,12.718864267,0.0385765191180749,9.59751662617878,2.52703673612857,7.57289351475342,16.8278479252138,0.26723815830578,,1301.41772427813,30,162.478509321521,0.689744512,105.021206744446,1.20417797,3.23172434573387,1.15567816967694,100.406334880572,NaN,NaN,NaN,NaN,14.7575897158598,0.0657630852575592,9.26942931331929,7.44976692344703,7.06908193574694,16.5188229399939,0.155131483884355,,1299.66062178366,30,161.490416440963,1.75043848,104.960509289408,1.43849831,3.46268906596419,0.701690074354968,100.715512568119,NaN,NaN,NaN,NaN,15,0.0400926421504165,10.274333458601,NaN,6.57729770594846,19.17506535303,NaN,,1300.82247313532,30,162.766692483058,2.235674416,104.360269797955,0.968416258,3.38576007671422,2.20861442712009,101.934292832719,NaN,NaN,NaN,NaN,21.0804098943333,0.125865015132704,11.1089003799518,NaN,6.09125958865823,20.4402632228232,NaN,,1299.20483981847,29.9914895907755,162.776959793956
31.5,0.0561251719999989,104.142580840877,1.26577708819291,3.60724005427809,1.19133905805392,99.8885287222615,NaN,NaN,NaN,NaN,11,0.0666035387202226,1.14374676592642,NaN,8.47153714012384,4.50602848217269,NaN,,1298.60777754466,30,160.886174357105,0.908503289612374,102.631190798157,3.459087596,3.68791733791926,6.73432516567417,99.9617697183861,NaN,NaN,NaN,NaN,7,0.41423181471677,13.7362376999326,115.204400695397,8.09522885757038,26.0144385293021,0.0584556419243427,,1299.21250515119,30,164.026689728643,0.844360875999999,105.017420791607,2.039998428,3.37145023990497,0.668779457939577,100.457596973808,NaN,NaN,NaN,NaN,12.6206936161667,0.0382008989216971,9.61438302553784,2.48889639933148,7.5735849938103,16.8591959302114,0.268745487483841,,1298.46614759338,29.9991956226947,162.472993766058,0.689744512,105.0264877383,1.20417797,3.20548253816431,1.15614005872211,100.396279579221,NaN,NaN,NaN,NaN,13.8855598666402,0.0657946461869054,9.26848182417036,7.42259891289669,7.06929223862443,16.5170507513228,0.155761578466397,,1300.68615674753,30,161.484914122408,1.75043848,105.016834514701,1.43849831,3.51195800154686,0.701733935434597,100.765792480797,NaN,NaN,NaN,NaN,15,0.040080591281088,10.2516070729201,NaN,6.57712254396314,19.1324953841796,NaN,,1300.54046346086,30,162.761168038945,2.235674416,104.11810751254,0.968416258,3.39131413630352,1.52614861000488,98.8275272240677,NaN,NaN,NaN,NaN,20.8389463066667,0.087135966796953,11.0638170038002,0.0712168737334981,6.09204658120921,20.354961105962,43.7567554170658,,1300.55305545459,29.9956445041496,162.771426520606
31.5833333333333,0.0561251719999989,104.146159515577,1.27342226,3.61827999888923,1.20685300308288,99.8975872412194,NaN,NaN,NaN,NaN,10.9196422913333,0.0674373482194904,1.20848464974309,NaN,8.47084223060871,4.6188825875315,NaN,,1302.50140155958,30,160.888444137154,0.921247461300131,102.702682295119,3.459087596,3.6643603970111,6.65161838869848,100.053209950539,NaN,NaN,NaN,NaN,6.9598341865,0.409077780515021,13.6431720212586,115.503225803825,8.09554434828939,25.8315925953892,0.0575883947685796,,1299.72317981309,30,164.034260324516,0.844360875999999,105.023389132544,2.039998428,3.44693078720683,0.672717257823453,100.438391400679,NaN,NaN,NaN,NaN,12.735976204,0.0384148332294445,9.57449047631896,2.47935641321844,7.57418167270823,16.7850417798565,0.271379729580097,,1300.88055773739,30,162.467477120043,0.689744512,105.036768919759,1.20417797,3.15326402525907,1.15240266178763,100.421397158024,NaN,NaN,NaN,NaN,13.8391026453333,0.0655556554811426,9.2036087903761,7.36833426512683,7.0688734771717,16.3969508233865,0.156401788441935,,1299.36156115255,30,161.479410648752,1.75043848,105.021623162818,1.43849831,3.49878965005275,0.700307258194734,100.775302981957,NaN,NaN,NaN,NaN,14.9598602765,0.0399999991059303,10.2650019821314,NaN,6.57722358698396,19.1575960796117,NaN,,1299.41056342189,30,162.755642436115,2.235674416,103.88475857703,0.968416258,3.36597422811385,1.47749151409455,100.100133761824,NaN,NaN,NaN,NaN,21.3546979339121,0.0843665460938394,11.0834773892457,0.0891301906274512,6.09295296677905,20.392160598004,22.3052008426547,,1299.1846388601,30,162.765900306123
31.6666666666667,0.0561251719999989,104.017647673441,1.27809496486561,3.70088670566915,1.20692267657925,99.8860746056895,NaN,NaN,NaN,NaN,10.9600165031667,0.0674387398712674,1.18062534900521,NaN,8.47383448302318,4.5703151073535,NaN,,1299.96723502983,30,160.887427945189,0.933925947743099,102.672092005159,3.459087596,3.7293157384319,6.58292420630312,100.018728989479,NaN,NaN,NaN,NaN,7,0.404928739808065,13.6330660113857,115.432487115177,8.09457524345041,25.8118375066137,0.0570285045788246,,1300.31915525386,30,164.041834504737,0.844360875999999,105.027331094252,2.039998428,3.47064606080477,0.666748159069905,100.440309756864,NaN,NaN,NaN,NaN,12.7986245736667,0.0380681455795413,9.62875157198608,2.4324079030396,7.5732137330597,16.8859173126215,0.274147491782374,,1299.56524418657,30,162.461959922975,0.689744512,104.998897946851,1.20417797,3.21180849650344,1.15023556574573,100.440388560549,NaN,NaN,NaN,NaN,13.812407219615,0.0654523930011416,9.20645054069308,7.28585314703056,7.06904124016805,16.4022324405576,0.157876540310618,,1299.33926651242,30,161.473907351498,1.75043848,104.990913777175,1.43849831,3.4308798962084,0.700364777670455,100.814862328821,NaN,NaN,NaN,NaN,15,0.0399999991059303,10.2684388844739,NaN,6.57682737676204,19.1640243056697,NaN,,1298.19911111832,30,162.750116336495,2.235674416,104.241192951421,0.968416258,3.36870069053959,1.33375685623847,100.913120841001,NaN,NaN,NaN,NaN,18.2175131445879,0.0761180693222824,11.1071243593804,NaN,6.09435498195481,20.4368962715524,NaN,,1299.80643219798,30,162.760370835795
31.75,0.0561251719999989,104.028799923951,1.27888428321069,3.66233952981446,1.21496859637999,99.9591672158234,NaN,NaN,NaN,NaN,10.9598342446667,0.0678804412904965,1.21930232126267,NaN,8.47237273116901,4.63774362397817,NaN,,1300.91040522428,30,160.882635150754,0.946200898458436,102.712438633212,3.459087596,3.70345650792887,6.48439101689149,100.100081535055,NaN,NaN,NaN,NaN,7,0.398994196865736,13.6689099292832,115.537629658345,8.09457526578123,25.8821275730563,0.0561237543108,,1300.72492716456,30.0024094768639,164.048874681093,0.844360875999999,104.990272244805,2.039998428,3.42760590322037,0.665426608424624,100.48860538842,NaN,NaN,NaN,NaN,12.7585372308333,0.0379999987781048,9.62104421601972,2.41260762571978,7.57509136568908,16.8715867096036,0.275849543252147,,1298.96841384503,30,162.456442909767,0.689744512,104.98479732563,1.20417797,3.15156501356429,1.14785722283921,100.496569154347,NaN,NaN,NaN,NaN,13.9234262510517,0.0653216174153124,9.19676598484125,7.19118957760818,7.06887824594444,16.384269451126,0.159622092601365,,1299.3455358874,30,161.468405322935,1.75043848,105.030684809437,1.43849831,3.52520231079971,0.699758621431926,100.808542056185,NaN,NaN,NaN,NaN,15,0.0399597814777494,10.2650990267777,NaN,6.57670259020298,19.1577809050621,NaN,,1301.41429036539,30,162.744590928334,2.235674416,104.54808376364,0.968416258,3.37501156221925,1.06033174132844,100.241327334809,NaN,NaN,NaN,NaN,19.0854116496667,0.0605225971679813,11.0925949841221,NaN,6.0951213275758,20.409460546199,NaN,,1298.86907871981,29.9951709001832,162.754841554488
31.8333333333333,0.0561251719999989,103.924384470566,1.28513394631312,3.75758151558291,1.22385188275278,99.9190791071901,NaN,NaN,NaN,NaN,11,0.0683657913875664,1.18802064950245,NaN,8.47179864012481,4.58320603204072,NaN,,1300.02404768293,30,160.883297900645,0.958754541871164,103.33913423344,3.459087596,3.68475225410926,6.43658597308716,102.687200517158,NaN,NaN,NaN,NaN,7,0.395615946733854,13.7337071386159,113.079871075869,8.09530250771622,26.0094629365507,0.0569437402608373,,1300.57045543512,29.9985824560841,164.056254021355,0.844360875999999,105.010437181876,2.039998428,3.42367861178166,0.664724397129475,100.430946259267,NaN,NaN,NaN,NaN,12.758953117,0.0379595732357771,9.67999096647466,2.39345964716584,7.57516007777112,16.9812444492127,0.277771446423929,,1299.07173151351,30,162.450927228193,0.689744512,104.995552138224,1.20417797,3.1690367539321,1.14434149187964,100.473119541627,NaN,NaN,NaN,NaN,13.8834896477606,0.0651212756544322,9.19603498620564,7.10838065813668,7.06896005582133,16.3829487680067,0.161008526506194,,1299.22478499248,30,161.462903761634,1.75043848,105.048624916595,1.43849831,3.62588126819911,0.700507195682326,100.851852510283,NaN,NaN,NaN,NaN,15,0.0399946459083975,10.2101987176642,NaN,6.57661274184853,19.0549537601478,NaN,,1299.22422129044,30,162.739064755983,2.235674416,104.533293581806,0.968416258,3.33444888470677,0.922466960300698,99.9769574952566,NaN,NaN,NaN,NaN,18,0.0526729953137277,11.1049438803833,NaN,6.0950406118976,20.4327753197843,NaN,,1299.79171584553,30,162.749313565465
31.9166666666667,0.0561251719999989,103.937191009093,1.28910205,3.69217212045444,1.22889635134831,99.9126775822761,NaN,NaN,NaN,NaN,11,0.0686747140914407,1.19572465622224,NaN,8.47200333479654,4.59663587093147,NaN,,1300.33652019776,30,160.881789593781,0.972129241083706,104.555363501853,3.459087596,3.6854441701764,6.40019075248594,100.808868980268,NaN,NaN,NaN,NaN,7,0.391752474180691,13.6772728736092,106.932431854546,8.09532488064919,25.8985699430988,0.0598544967181557,,1299.7849380808,29.994586353926,164.0644446635,0.844360875999999,105.006413451223,2.039998428,3.40127080974986,0.665486082912989,100.512347988058,NaN,NaN,NaN,NaN,12.6471271255405,0.0379999987781048,9.5993016548042,2.34959496113756,7.57484662073565,16.8311941923734,0.283268948200247,,1299.23901116301,30,162.445410872731,0.689744512,104.996297959127,1.20417797,3.06955427788045,1.14387503261125,100.574893341732,NaN,NaN,NaN,NaN,13.8982715789061,0.0650800429270303,9.25510559687216,7.09657616030389,7.06874501991625,16.4922930540018,0.161191914855661,,1298.88850958847,30,161.457400394304,1.75043848,105.008960017138,1.43849831,3.55823732161247,0.695660622413369,100.823419019311,NaN,NaN,NaN,NaN,15,0.0397209359641448,10.2538308444585,NaN,6.57657308697995,19.1366683691866,NaN,,1299.48853459171,30,162.733537388126,2.235674416,104.543876131091,0.968416258,3.28460973804759,0.872439176755518,100.082584918645,NaN,NaN,NaN,NaN,18.4418991833333,0.049820514466722,10.9772520505224,NaN,6.09509928369912,20.1912996516924,NaN,,1299.57157760169,30,162.74378716591
32,0.0561251719999989,103.840601909784,1.29386917435437,3.642685845187,1.23383202641938,99.8261867392701,NaN,NaN,NaN,NaN,11,0.068960119644915,1.3030493262393,NaN,8.47192720545032,4.7837934502147,NaN,,1299.313982533,30,160.880869959983,0.985205543733937,104.572020015688,3.459087596,3.66982633225702,6.27973930813104,99.9448494433021,NaN,NaN,NaN,NaN,7,0.384290530919594,13.6097825649071,106.917036476275,8.09528919273025,25.7661500226585,0.0587361173454787,,1299.97498813099,29.9967872114451,164.072374225565,0.844360875999999,104.966784803903,2.039998428,3.41115801897419,0.66242706460121,100.54299074361,NaN,NaN,NaN,NaN,12.7905042336262,0.0378383591170061,9.53736232518588,2.40493959810944,7.57416832668576,16.7160866765531,0.275517115226926,,1299.49723264003,30,162.439895577097,0.689744512,105.019927023557,1.20417797,3.13942832728657,1.14192267417929,100.522205254484,NaN,NaN,NaN,NaN,13.8387655135,0.0649598323578393,9.12281077856588,7.08313250285024,7.06865406375794,16.2474547701506,0.161224406381543,,1299.94256216063,30,161.451897697488,1.75043848,105.012533071979,1.43849831,3.55769643489464,0.694981379405679,100.8183653189,NaN,NaN,NaN,NaN,15,0.0396921729137132,10.2513418292291,NaN,6.57727047828641,19.1319928232719,NaN,,1298.29262849274,30,162.728012222828,2.235674416,104.618205091552,0.968416258,3.34287242039464,0.847883826382838,100.045755231921,NaN,NaN,NaN,NaN,17.8394918376199,0.0484235783778523,11.0453069678511,NaN,6.09514222667128,20.3199450835967,NaN,,1299.84780666064,30,162.738260919586
32.0833333333333,0.0561251719999989,103.779024262927,1.29937820368126,3.64336219856851,1.23605145458059,99.9644249306359,NaN,NaN,NaN,NaN,11,0.0691075314553149,1.30085870916854,NaN,8.47205631020304,4.77996863999366,NaN,,1298.83150176434,30,160.880695092749,0.997925680402413,104.542110166984,3.459087596,3.67758341896641,6.15668046698908,100.006671703589,NaN,NaN,NaN,NaN,7,0.37714081877992,13.6268763371137,107.573245065007,8.09458445625033,25.7996079471523,0.0572327225573635,,1298.75024928626,29.9959129445619,164.079843512668,0.844360875999999,104.99394580523,2.039998428,3.43226844540865,0.661977432922215,100.494893335923,NaN,NaN,NaN,NaN,12.7589027316667,0.0378003053861794,9.60853975777733,2.37466014436414,7.57401058171368,16.8483685854297,0.278856544840942,,1299.94552040035,30,162.434380309432,0.689744512,104.998596762982,1.20417797,3.14415626476877,1.14261449510567,100.506518280801,NaN,NaN,NaN,NaN,13.7622859651315,0.0649999976158142,9.18822102785922,7.03021531484938,7.06847149630006,16.368455785342,0.162535680538623,,1301.63399109586,30,161.44639445358,1.75043848,105.020713467229,1.43849831,3.49230731735724,0.695399424232498,100.802063810518,NaN,NaN,NaN,NaN,14.9599646628333,0.0397078734342937,10.2798890433906,NaN,6.57659558240307,19.1854893803132,NaN,,1299.61635962412,30,162.722486803017,2.235674416,104.587227055505,0.968416258,3.39371057972353,0.821061142106014,100.067704540525,NaN,NaN,NaN,NaN,17.7181360263801,0.0468955994476165,10.9678832619044,NaN,6.09508059201549,20.1735809384612,NaN,,1300.06289605372,30,162.73273545189
32.1666666666667,0.0561251719999989,103.784812698347,1.3048249712981,3.59671578789008,1.24675429156669,99.8610696649149,NaN,NaN,NaN,NaN,11,0.0696797047253325,1.24981812324421,NaN,8.47177761550877,4.69095333531803,NaN,,1301.21123827848,30,160.880664280359,1.01010432154789,104.536452105584,3.459087596,3.64833971138321,6.03217737739295,99.9904814587818,NaN,NaN,NaN,NaN,7,0.369559106517955,13.6702200973252,107.625050795056,8.0956891434675,25.8847077841259,0.0560480872550497,,1300.03232481706,29.9932405719509,164.086870813743,0.844360875999999,104.985564881264,2.039998428,3.38871438665456,0.662646048208601,100.581929703731,NaN,NaN,NaN,NaN,12.6781364791667,0.0378392020797558,9.6253922368367,2.37806502444225,7.57490048168471,16.8796738911962,0.278681713104316,,1300.00386813279,30,162.428864887561,0.689744512,105.025882290959,1.20417797,3.21396451755909,1.141376525816,100.56739640946,NaN,NaN,NaN,NaN,13.9170373030351,0.0649248624678673,9.16215177072558,7.01312178881276,7.06836225984093,16.3202323271665,0.162751294168558,,1300.45205827439,30,161.440891458674,1.75043848,104.976080278339,1.43849831,3.49885482781249,0.687470489180939,100.870196246776,NaN,NaN,NaN,NaN,15,0.0392545132776262,10.2662642081894,NaN,6.57544455745411,19.1599561530149,NaN,,1299.85889716338,30,162.716960979704,2.235674416,104.617204511628,0.968416258,3.31995969595876,0.796164837733935,100.046686098844,NaN,NaN,NaN,NaN,17.7617396882389,0.0454732788948335,11.0334466349892,NaN,6.09524138540113,20.2975182328139,NaN,,1299.87620808582,30,162.727211052829
32.25,0.0561251719999989,103.644960709773,1.31062285862881,3.66558288352064,1.25255263665802,99.8408078078562,NaN,NaN,NaN,NaN,11,0.0700193180595141,1.32747118333358,NaN,8.47301303783737,4.82639291213593,NaN,,1301.84259900948,30,160.88088143146,1.02236705570061,104.612607052786,3.459087596,3.63719180379968,5.93569067425156,100.096660066132,NaN,NaN,NaN,NaN,7,0.363563929418942,13.5856852905469,107.757515205137,8.09491194568089,25.7188199482131,0.0550840181498771,,1300.38296025703,30,164.093917205884,0.844360875999999,104.971400298207,2.039998428,3.38429602214877,0.658076179534842,100.576529679112,NaN,NaN,NaN,NaN,12.638555327,0.0375826029006499,9.59455241164049,2.35037109731163,7.5753464326319,16.8223414276372,0.280022280603112,,1302.45999386742,30,162.423348587088,0.689744512,105.005509245412,1.20417797,3.17630092972209,1.13783904621439,100.544624439823,NaN,NaN,NaN,NaN,13.8034302915,0.0647144728261661,9.14894671419401,6.95238664555262,7.06823684331885,16.2957971728293,0.1636648453389,,1300.11330782506,30,161.435387595369,1.75043848,104.985059551949,1.43849831,3.43405347272374,0.683464471186659,100.941170646191,NaN,NaN,NaN,NaN,15,0.0390399988503833,10.2423638712254,NaN,6.57556476964879,19.1151852081816,NaN,,1299.9103776149,29.9982104367696,162.711436200585,2.235674416,104.636911311538,0.968416258,3.35441482827612,0.774589342240416,100.064892824914,NaN,NaN,NaN,NaN,17.1178885829443,0.0442358777264916,10.9948248806349,NaN,6.09535801739544,20.2245066836228,NaN,,1298.19307649913,30,162.72168683191
32.3333333333333,0.0561251719999989,103.585307450639,1.315085702,3.44622922336435,1.25800094365561,99.8479222407265,NaN,NaN,NaN,NaN,11,0.0699911569093537,1.29831633486372,NaN,8.47191327837195,4.77553719168074,NaN,"Sample 1.50 mL to AMBR-96DWP-2/H1",1299.07085241958,29.9986454183351,160.529786265228,1.03459581512941,104.540766480117,3.459087596,3.42170913665905,5.85123963764888,99.9375768594595,NaN,NaN,NaN,NaN,7,0.356138524120403,13.6726700661522,107.745174593653,8.09410025519085,25.8895047906038,0.054251992412316,"Sample 1.50 mL to AMBR-96DWP-2/H2",1301.70119767234,29.9988585137357,163.812434780654,0.844360875999999,105.035874246642,2.039998428,3.21265716659889,0.652471115468657,100.59508186304,NaN,NaN,NaN,NaN,12.6268799888333,0.0372413430208601,9.5270402942108,2.46498010376162,7.5753977971246,16.6968816445722,0.265550177901568,"Sample 1.50 mL to AMBR-96DWP-2/H3",1300.57406587639,29.9990819127488,162.151805752457,0.689744512,104.999947279535,1.20417797,2.95378277614426,1.14135661884879,100.624480870199,NaN,NaN,NaN,NaN,13.9156216041667,0.0646854707450265,9.17363554325945,6.91687025672781,7.06839582094538,16.3414664989654,0.165058712117198,"Sample 1.50 mL to AMBR-96DWP-2/H4",1300.78006103976,29.9992813255446,161.183745627936,1.75043848,105.005065411025,1.43849831,3.27030812332527,0.684751408637835,100.891321537876,NaN,NaN,NaN,NaN,15,0.039065647577001,10.2837079114278,NaN,6.57603259379196,19.1926316474856,NaN,"Sample 1.50 mL to AMBR-96DWP-2/H5",1300.88775590333,29.9988365651731,162.485560273861,2.235674416,104.686416568199,0.968416258,3.18125636774213,0.764144693003829,99.9831409901541,NaN,NaN,NaN,NaN,17.1953901753168,0.0433606133021965,10.9938198300276,NaN,6.095165470105,20.2225613038365,NaN,"Sample 1.50 mL to AMBR-96DWP-2/H6",1300.66548051984,29.9992335533778,162.51709443547
32.4166666666667,0.0561251719999989,103.54889575666,1.31987665097437,3.66968867776903,1.26963071966337,100.0024664178,NaN,NaN,NaN,NaN,11,0.0698791536094707,1.38010359657117,NaN,8.47261977279496,4.91821811614312,NaN,,1297.10537711464,29.9957255760268,159.08491839442,1.04617341257962,104.585614729283,3.459087596,3.59038317561225,5.87018000607963,100.056346253781,NaN,NaN,NaN,NaN,7,0.343906981444373,13.6156013427342,108.839958274036,8.09494165119774,25.7774668523418,0.0531666529178686,,1298.43788166242,29.9971228775577,162.313383775327,0.844360875999999,105.00753301152,2.039998428,3.42244282702698,0.656051295817392,100.583786598511,NaN,NaN,NaN,NaN,12.6900356466667,0.0367996206571472,9.58419835636447,2.53070105463206,7.57531120804078,16.8030920185747,0.271121100308996,,1301.96439928281,29.9969007894247,160.618316606681,0.689744512,104.993060009998,1.20417797,3.21460707066671,1.15465304587591,100.617761984666,NaN,NaN,NaN,NaN,13.8389689176667,0.0638410218316004,9.17533866494826,6.96172615188511,7.06825116513163,16.3446232325463,0.166724531326475,,1300.85066795801,29.9979070653343,159.630380720421,1.75043848,104.986828909453,1.43849831,3.55162641391998,0.690990915292405,100.965106792973,NaN,NaN,NaN,NaN,15,0.0386528382134259,10.2170535889758,NaN,6.57618556992422,19.0677889212191,NaN,,1299.34590449201,29.9929083910597,160.906386239803,2.235674416,104.712969802342,0.968416258,3.32725538622169,0.776424875887876,100.106749902717,NaN,NaN,NaN,NaN,16.8795662011667,0.0414010200579304,11.0868317449911,NaN,6.09587605448629,20.3984917439575,NaN,,1299.34825837235,29.9939376293932,160.916638607393
32.5,0.0561251719999989,103.525827864586,1.32709338695844,3.61820949050799,1.29391010023666,99.8495584334401,NaN,NaN,NaN,NaN,11,0.071490585068166,1.40303286462629,NaN,8.47321530382155,4.95822921232886,NaN,,1302.54610388521,30,159.086562424356,1.05784517650004,104.617025249746,3.459087596,3.66434496929375,5.70414146803972,100.055061465773,NaN,NaN,NaN,NaN,7,0.345745289902321,13.5375915049523,109.004552250525,8.09479311819386,25.6244453255753,0.0523297461414069,,1299.83778592877,30,162.319868340316,0.844360875999999,105.010875350206,2.039998428,3.43561352311313,0.655297217734467,100.667830313664,NaN,NaN,NaN,NaN,12.7593155878333,0.0370000004768372,9.57575881383004,2.45040113605487,7.57694282533272,16.7873978058039,0.267450088643901,,1300.15472177514,30,160.612800494844,0.689744512,105.023004578061,1.20417797,3.23505923281295,1.14242253725391,100.661644627364,NaN,NaN,NaN,NaN,13.7592647911667,0.0642403980142554,9.17910603827808,6.90485757685134,7.0681203758726,16.3515971208802,0.16545468868533,,1300.77470716011,30,159.624877174739,1.75043848,104.988785293137,1.43849831,3.46307191738994,0.689707772997509,100.998681674391,NaN,NaN,NaN,NaN,15,0.0389597434537457,10.2640784301673,NaN,6.57586385554397,19.1558524015528,NaN,,1300.10131712636,30,160.900862187593,2.235674416,104.759256709566,0.968416258,3.30734746546943,0.736281755914455,100.032680474213,NaN,NaN,NaN,NaN,16.9194349568333,0.0415710725589725,11.0840772156686,NaN,6.09596009639572,20.393279641914,NaN,,1298.80656658501,30,160.911113024273
32.5833333333333,0.0561251719999989,103.464710196439,1.33450715261511,3.67509605277734,1.29479115051892,99.9535935928756,NaN,NaN,NaN,NaN,11,0.0715557336107345,1.38351491050637,NaN,8.4738928590278,4.924169406846,NaN,,1299.69467161675,30,159.088442961827,1.06892228157806,104.615606028334,3.459087596,3.6071014576453,5.61038628449243,99.9884170515772,NaN,NaN,NaN,NaN,7,0.340164484716736,13.5363227479787,109.108354392113,8.09515190290587,25.6219783117526,0.0514202083948478,,1300.94417981879,30,162.325681795086,0.844360875999999,104.991237618021,2.039998428,3.43807343447613,0.655348008366243,100.708824339451,NaN,NaN,NaN,NaN,12.6784393461667,0.0370000004768372,9.58156037506813,2.42169844858324,7.57643857063449,16.7981848521715,0.270704363921013,,1299.85027066441,30,160.607284329392,0.689744512,104.990667254317,1.20417797,3.21144699747191,1.14020025311484,100.662486324342,NaN,NaN,NaN,NaN,13.8617242295,0.0641207463353692,9.15047524070828,6.8791275570593,7.06838054846834,16.2986267113512,0.165752384124722,,1299.53671340844,30,159.619372811983,1.75043848,105.034244885323,1.43849831,3.54480564193863,0.689483582076812,101.062152089294,NaN,NaN,NaN,NaN,15,0.0389196439224818,10.2566015780469,NaN,6.57529754642125,19.1418520152437,NaN,,1300.6957324841,30,160.895336992381,2.235674416,104.789379037547,0.968416258,3.36670560416122,0.726187718259541,99.9996061182982,NaN,NaN,NaN,NaN,17,0.0409994938180757,11.0794947942154,NaN,6.09569609016458,20.3846307732346,NaN,,1299.50802056424,30,160.905587202666
32.6666666666667,0.0561251719999989,103.409452558909,1.33778174212477,3.70450412761228,1.30989981116677,99.8585099775401,NaN,NaN,NaN,NaN,11,0.0723613149101222,1.48161370776359,NaN,8.47327231117228,5.09538953726431,NaN,,1300.49028276574,30,159.086131681337,1.08002932952392,104.662562791505,3.459087596,3.64199087415919,5.49829256908991,100.038138089435,NaN,NaN,NaN,NaN,7,0.333317530065546,13.6076098603869,109.124548592979,8.09457222440896,25.761781654731,0.0503860077726005,,1300.44186466013,30,162.331669980232,0.844360875999999,105.01380207133,2.039998428,3.456610907274,0.656142558579509,100.746235018954,NaN,NaN,NaN,NaN,12.7184660748333,0.0370401008863839,9.52303060938679,2.38797843033581,7.57550653023142,16.6894310956756,0.27479647683402,,1299.93507768258,30,160.601768290086,0.689744512,105.003191706587,1.20417797,3.21417206303543,1.13730711879149,100.670738855519,NaN,NaN,NaN,NaN,13.817502874,0.0639597730869754,9.23097055676431,6.85431367752783,7.0680223887691,16.4476127716717,0.165928048635952,,1299.07472737726,30,159.613869005679,1.75043848,105.044095960774,1.43849831,3.46118360920809,0.684495171538208,101.087615248625,NaN,NaN,NaN,NaN,14.839653344,0.0386388952058628,10.2378080394659,NaN,6.57562067018526,19.1066430551716,NaN,,1300.22921728695,30,160.889810316905,2.235674416,104.75046254263,0.968416258,3.32774597562935,0.714309502539428,100.056137362624,NaN,NaN,NaN,NaN,17.7819442488333,0.0403389772832212,11.0874819510765,NaN,6.09483974443124,20.3997291998741,NaN,,1299.31140677063,30.0008022734822,160.900060820262
32.75,0.0561251719999989,103.297836930996,1.34298043983834,3.68205903193269,1.31218288442688,99.8253246091293,NaN,NaN,NaN,NaN,11,0.072514335669227,1.48025653825222,NaN,8.47387282346552,5.09301024679584,NaN,,1299.23991017973,30,159.085744708404,1.09068469230394,104.648787126316,3.459087596,3.58809531576755,5.40527320754747,100.003974752459,NaN,NaN,NaN,NaN,7.73427235033333,0.32769847026122,13.537205814873,109.062128661791,8.09489822457221,25.6237242023649,0.0495612972897065,,1300.80853190223,30,162.337130445522,0.844360875999999,105.024785910868,2.039998428,3.50175649547719,0.654729829006363,100.746835792349,NaN,NaN,NaN,NaN,12.8797545491667,0.0369597705689758,9.60809118381287,2.42880689696514,7.57602736986995,16.8475003667425,0.269610323850098,,1300.72889394195,30,160.596251815278,0.689744512,104.994272035695,1.20417797,3.14825777782751,1.13740134492253,100.690437518108,NaN,NaN,NaN,NaN,13.879674972,0.0639598777113541,9.19223858610997,6.80739973136671,7.06795011018419,16.3758975373207,0.167086580727402,,1299.81448471918,30,159.608365327515,1.75043848,104.96561730956,1.43849831,3.49066715413786,0.687967933238753,101.118493753959,NaN,NaN,NaN,NaN,15,0.0388476795423088,10.2809797812799,NaN,6.57505809848334,19.1875387367125,NaN,,1300.61642524298,30,160.884284269646,2.235674416,104.807428076796,0.968416258,3.32379701071711,0.697480020845217,100.020248035305,NaN,NaN,NaN,NaN,17.9196717195,0.0393828906064009,10.9511104962075,NaN,6.094102534263,20.1418691999182,NaN,,1299.78662226827,30,160.894535511978
32.8333333333333,0.0561251719999989,103.271268502796,1.34839589798938,3.69701154921289,1.32453032067007,99.819328751408,NaN,NaN,NaN,NaN,11,0.0731877555789474,1.48834471865105,NaN,8.47337780727948,5.10713050523527,NaN,,1300.81746912982,30,159.085582053575,1.10099048871047,104.670049826662,3.459087596,3.60468782468827,5.30666789718362,100.026769393748,NaN,NaN,NaN,NaN,8,0.321830553416775,13.5504596084372,109.238553103015,8.09542224651701,25.649742701502,0.0485791331592697,,1299.64134291552,30,162.342241162039,0.844360875999999,104.984287415819,2.039998428,3.41824106466358,0.654672444864538,100.717706416485,NaN,NaN,NaN,NaN,13,0.0369600052949515,9.56512853444577,2.41408069653822,7.57569417896928,16.7676724648635,0.27125292590917,,1299.55427652172,30,160.590735589555,0.689744512,105.013917388617,1.20417797,3.21758074706355,1.13464890224948,100.70315159431,NaN,NaN,NaN,NaN,13.6386401093333,0.0637991959203905,9.18167925850838,6.76332315268198,7.06772203579621,16.3563821714478,0.167767622658758,,1299.62526449904,30,159.60286175094,1.75043848,105.032167023989,1.43849831,3.48999184403657,0.681413550071426,101.112869298962,NaN,NaN,NaN,NaN,14.9193595495,0.0384689993865598,10.2577070741918,NaN,6.57565498234602,19.1439187913391,NaN,,1298.80852309691,30,160.878759923427,2.235674416,104.805631366211,0.968416258,3.33378014485825,0.682643392085718,100.040146734918,NaN,NaN,NaN,NaN,17.7588879906667,0.0385492979712892,10.9717551531109,NaN,6.09383990395132,20.1808855180337,NaN,,1298.18319537759,30,160.889010772931
32.9166666666667,0.0561251719999989,103.192703174501,1.35482803235335,3.68313279482991,1.33442366441552,99.9092124695243,NaN,NaN,NaN,NaN,11,0.0737198138985253,1.58662629594194,NaN,8.47315458151495,5.2787508603854,NaN,,1298.85793512533,30,159.086428678133,1.11149300900342,104.659609713373,3.459087596,3.58858054912417,5.21132080468572,100.023798827951,NaN,NaN,NaN,NaN,7.95979733483333,0.316069750892923,13.4744190429218,109.359134451601,8.09452194385875,25.500710451828,0.0476533441934245,,1299.345868897,30,162.347553811128,0.844360875999999,105.014035086553,2.039998428,3.40567212930235,0.653396218164654,100.762187588153,NaN,NaN,NaN,NaN,12.9192041118333,0.0368793134087584,9.56309542457575,2.39133040995971,7.57588694316512,16.7638680188956,0.273300902766504,,1297.72653878382,30,160.585219439587,0.689744512,105.019644224901,1.20417797,3.21384877740982,1.13691892788988,100.731930257378,NaN,NaN,NaN,NaN,13.9194906678333,0.0639151927598044,9.16092099490215,6.72396369284321,7.06764595274617,16.3179420602364,0.169089045525545,,1299.8010616651,30,159.597357538926,1.75043848,104.997404222898,1.43849831,3.53737450646221,0.677520865114624,101.110923667125,NaN,NaN,NaN,NaN,14.8793665208333,0.0382550385869567,10.2192805509886,NaN,6.57482846530239,19.071953949366,NaN,,1300.16176678048,30,160.873234520309,2.235674416,104.811846312046,0.968416258,3.33447216133041,0.67284345515422,100.057986406762,NaN,NaN,NaN,NaN,17.8424622524703,0.0379999992043275,11.0636534352931,NaN,6.09383938507609,20.3546320355451,NaN,,1301.40311508651,30,160.883486755125
33,0.0561251719999989,103.048215054546,1.36157985022484,3.69692141019827,1.34462850830892,99.8355962907154,NaN,NaN,NaN,NaN,11,0.0742990285946727,1.53660276833532,NaN,8.47414196879097,5.19138966389998,NaN,,1300.88517469888,30,159.087493282483,1.12166143844597,104.635187887004,3.459087596,3.648360471114,5.14546020529181,100.02810665816,NaN,NaN,NaN,NaN,8,0.312152552035244,13.4198211708608,108.900000729593,8.09420512174473,25.3938444539313,0.0472499826988101,,1301.24808810563,30,162.352533751075,0.844360875999999,104.991661639655,2.039998428,3.40195302371775,0.65021466743947,100.794643405984,NaN,NaN,NaN,NaN,13,0.0367042331352401,9.52195614942933,2.34486467449013,7.57715203603664,16.6874372797311,0.277322798974472,,1300.67228114017,30,160.579702159181,0.689744512,104.996270187385,1.20417797,3.12196858028262,1.13272038187724,100.756548709267,NaN,NaN,NaN,NaN,13.7255238028333,0.0636830766767214,9.15754226161746,6.68392127654713,7.0675671494986,16.3116935441722,0.169473930886275,,1299.4344365567,30,159.591852517387,1.75043848,105.016121607039,1.43849831,3.55617527836013,0.675393015653602,101.128175992132,NaN,NaN,NaN,NaN,15,0.0381207096748986,10.208338002236,NaN,6.57504765645241,19.0514670226659,NaN,,1300.30276803836,30,160.867707974185,2.235674416,104.848543825257,0.968416258,3.35063542061968,0.664388509176637,99.9891344288129,NaN,NaN,NaN,NaN,17.915700229863,0.0375163271524015,11.0399414040299,NaN,6.09367877323196,20.3098130452257,NaN,,1299.71151969421,30,160.877962745526
33.0833333333333,0.0561251719999989,103.015973597562,1.36889238359277,3.7090868396388,1.35507772282693,99.9028611854891,NaN,NaN,NaN,NaN,11,0.0749201322246676,1.60299334121843,NaN,8.47497347172318,5.30733569465489,NaN,,1302.54554205289,30,159.089329472298,1.13157912469293,104.700560881936,3.459087596,3.67344554799504,5.06138942567824,99.9989182906839,NaN,NaN,NaN,NaN,8,0.307037041275289,13.340085303216,108.903336654341,8.09437614841775,25.2379374125887,0.0464769016419826,,1300.2232527113,30,162.357261946932,0.844360875999999,105.022381512532,2.039998428,3.40766866722316,0.652981419247577,100.830224419571,NaN,NaN,NaN,NaN,12.8794980445,0.0368534898783009,9.43523127280056,2.30883513300334,7.57629409307473,16.5265127071271,0.282864192248089,,1297.93876552081,30,160.574186136478,0.689744512,104.985229293545,1.20417797,3.25383848403024,1.13570170151799,100.761988351678,NaN,NaN,NaN,NaN,13.7126650838333,0.0638519597128282,9.17709781603495,6.63588798512341,7.06787087852014,16.3478721146306,0.171148599253118,,1299.81100938837,30,159.586348443608,1.75043848,105.05277951804,1.43849831,3.4721406462275,0.676124390378848,101.154811611499,NaN,NaN,NaN,NaN,14.9996344371667,0.0381610917025683,10.1996765110339,NaN,6.57532625825741,19.0352934048928,NaN,,1299.52407556395,30,160.86218185162,2.235674416,104.831136780688,0.968416258,3.38093315631134,0.656734039705237,100.042763181224,NaN,NaN,NaN,NaN,17.799434436,0.0370823764964021,11.0220138346884,0.00117732842813966,6.09371944387647,20.2758866490905,556.511190190531,,1298.98866876737,30,160.872437985145
33.1666666666667,0.0561251719999989,102.973645316383,1.37532076048408,3.633620856328,1.35867860772839,99.7877017600186,NaN,NaN,NaN,NaN,11,0.0750799240131867,1.59032977300539,NaN,8.47365485062838,5.28521596581169,NaN,,1298.59086728529,30,159.090175797261,1.14143087559384,104.675662524451,3.459087596,3.56010356882933,4.9895783862865,99.9841892859085,NaN,NaN,NaN,NaN,8,0.302680369173622,13.3028195301019,109.272289794846,8.09377284592267,25.1651493577967,0.0456623097549658,,1302.25476099221,30.0004009839692,162.361923789401,0.844360875999999,105.005240601533,2.039998428,3.39333544824527,0.646222023097841,100.836237663768,NaN,NaN,NaN,NaN,12.9199614163333,0.036473088668022,9.47512095209282,2.28003246008769,7.57663783581052,16.6004767564059,0.283474792864768,,1300.33237452938,30,160.568669189408,0.689744512,104.986519301771,1.20417797,3.15940815828144,1.12864708148439,100.716983654475,NaN,NaN,NaN,NaN,14,0.0634657635764961,9.18868406228202,6.60710786327892,7.0676385742879,16.3693116659088,0.170828541811669,,1300.04784180827,30,159.580845612674,1.75043848,105.030560737936,1.43849831,3.57138606866487,0.674809820905185,101.139918098614,NaN,NaN,NaN,NaN,15.3686013778333,0.0380806871439575,10.2659098836082,NaN,6.57520020909607,19.1592928044237,NaN,,1298.96500534624,30,160.856654575586,2.235674416,104.871405774012,0.968416258,3.34838512049993,0.651669299548366,100.007553762537,NaN,NaN,NaN,NaN,17.9194932871667,0.0367993339368423,11.0871508755499,0.0465102870593973,6.09371848277197,20.399112461616,21.4322108996088,,1301.39390762413,30,160.866914335112
33.25,0.0561251719999989,102.896705386797,1.38299502435917,3.72038726086472,1.37465830750973,99.8451945227511,NaN,NaN,NaN,NaN,11,0.0759342568044578,1.60384821690655,NaN,8.47459620433619,5.30882556515602,NaN,,1300.03456337892,30,159.092163639931,1.15083762150371,104.671373141184,3.459087596,3.56220800838571,4.89468287440335,100.049189313094,NaN,NaN,NaN,NaN,8,0.297049311941693,13.3113500549812,109.206421977001,8.09506013893728,25.1817952837306,0.0448204450314615,,1299.67958295458,30,162.366211231798,0.844360875999999,105.012776195159,2.039998428,3.4337402104227,0.645203327395645,100.817478550616,NaN,NaN,NaN,NaN,13,0.0364070058858519,9.47928385466892,2.26451835037395,7.57639128958998,16.6081957402368,0.285010715836374,,1299.5834520541,30,160.563152309199,0.689744512,104.973706995755,1.20417797,3.16573580889047,1.12988065451696,100.825910232721,NaN,NaN,NaN,NaN,14,0.0635188655730527,9.22812383803585,6.56240853174964,7.06739823805592,16.442337284533,0.172177569850112,,1300.29464058892,30,159.575341330631,1.75043848,104.99885488049,1.43849831,3.48601839312631,0.673844653577465,101.213198817939,NaN,NaN,NaN,NaN,15.7990220315,0.0380402258252937,10.2055053101711,NaN,6.57453675557329,19.0461886682979,NaN,,1301.20553600792,30,160.851128563231,2.235674416,104.924800897687,0.968416258,3.31554656078482,0.649395073340068,100.046366527414,NaN,NaN,NaN,NaN,17.6792276358333,0.0366542363842943,11.0325288317968,NaN,6.09309141445886,20.2958028338945,NaN,,1300.67177351212,30,160.861389268688
33.3333333333333,0.0561251719999989,102.758079487148,1.39039455850377,3.80086844229879,1.38766906529168,99.8827489222555,NaN,NaN,NaN,NaN,11,0.0766753474773815,1.61405184155324,NaN,8.47462891349584,5.3266517888727,NaN,,1298.09782418123,30,159.094084772735,1.16014598934095,104.71030000573,3.459087596,3.67152704841177,4.81228307954058,100.012501842711,NaN,NaN,NaN,NaN,8,0.291976961405217,13.294064966684,109.248039824984,8.09430428650102,25.1480378322107,0.044049442791295,,1299.38534199365,30,162.370261498101,0.844360875999999,104.981813737662,2.039998428,3.40377976967461,0.641288599522737,100.907353018583,NaN,NaN,NaN,NaN,12.8794238091667,0.0361959038055417,9.49095901203414,2.2086325150351,7.57710909924736,16.6298749673937,0.290396491425952,,1298.41720846371,30,160.557635668619,0.689744512,104.978842001551,1.20417797,3.23964135049436,1.12579661244935,100.830558131613,NaN,NaN,NaN,NaN,13.9596168701667,0.0633009759779542,9.27434918646455,6.53334158450048,7.0671646781911,16.5279275243464,0.172322984964535,,1300.99073979975,30,159.569837519995,1.75043848,105.009464281709,1.43849831,3.47243323861945,0.673266430158068,101.214537073753,NaN,NaN,NaN,NaN,15.7583278491667,0.0379999987781048,10.2326784868782,NaN,6.57431829898309,19.0970448205173,NaN,,1299.1228267355,30,160.845603036379,2.235674416,104.929501448539,0.968416258,3.37747741255201,0.640744480620444,100.034897969909,NaN,NaN,NaN,NaN,17.818645912,0.036160357757756,10.9916921656741,0.0561313423231889,6.09304079165223,20.2185759529337,57.8722839734146,,1300.42481469969,30,160.85586233715
33.4166666666667,0.0561251719999989,102.675693703215,1.39864400976426,3.73507644731041,1.39606457794432,99.8145350449731,NaN,NaN,NaN,NaN,11,0.077152315737734,1.63303341593532,NaN,8.47535314349933,5.35981756988621,NaN,,1299.1133685221,30,159.096645682144,1.1691660905227,104.682706884855,3.459087596,3.68647197093474,4.73351304126317,100.000772508014,NaN,NaN,NaN,NaN,8,0.287305402262261,13.2386744432982,109.161607302114,8.09490597448984,25.0399367687499,0.0433622950913701,,1300.7328530715,30,162.374089670541,0.844360875999999,105.007054628006,2.039998428,3.41786509323313,0.639319718467411,100.818773690083,NaN,NaN,NaN,NaN,13,0.0360802694589527,9.55478362751244,2.23526891957162,7.5761924939417,16.7484228924576,0.286072122164485,,1300.18090295625,30,160.552119701413,0.689744512,104.976586902572,1.20417797,3.13953192525685,1.12946306401863,100.813879530409,NaN,NaN,NaN,NaN,14,0.0634941183152549,9.21293877389667,6.52715989681311,7.06726960563037,16.4142145595366,0.173048403611703,,1299.94139731879,30,159.564334230515,1.75043848,104.96276990989,1.43849831,3.47364012962256,0.672948768532808,101.19495541486,NaN,NaN,NaN,NaN,16,0.0379999987781048,10.2110483275382,NaN,6.57407648626239,19.0565345833622,NaN,,1299.70118752478,30,160.840078675123,2.235674416,104.915306106627,0.968416258,3.3820508803875,0.6384231723272,99.9901691475191,NaN,NaN,NaN,NaN,17.6187564845836,0.0360403296980046,11.1079021279274,NaN,6.0930004119873,20.4383837181264,NaN,,1298.18344670942,30,160.850335864975
33.5,0.0561251719999989,102.588162887456,1.40851469785346,3.64955606331749,1.40838903486645,99.8493172935491,NaN,NaN,NaN,NaN,11,0.0778419953446609,1.704319287247,NaN,8.47521999427121,5.48436077210347,NaN,,1300.67934016286,30,159.100937012545,1.17797090730965,104.729451377115,3.459087596,3.62805871788391,4.66631331692713,100.02248267351,NaN,NaN,NaN,NaN,8,0.283170122143105,13.279209821239,109.235772454008,8.09471649965615,25.1190300700492,0.0427179548029423,,1299.38754633983,30,162.377777741373,0.844360875999999,105.003142572258,2.039998428,3.38244011087374,0.640559848011942,100.882599564141,NaN,NaN,NaN,NaN,12.8787226881667,0.0361461475840266,9.50596824098204,2.20276932929306,7.5771485753525,16.6577474300356,0.290894903686841,,1299.90557449537,30,160.546603166369,0.689744512,105.017801820615,1.20417797,3.20712142317435,1.12788039146469,100.868170794326,NaN,NaN,NaN,NaN,13.9599306776667,0.0633900005123467,9.18028580949374,6.47158211474468,7.06723924403274,16.3538212908685,0.174289232192196,,1301.44674751672,30,159.5588300876,1.75043848,105.065051788017,1.43849831,3.49658267660836,0.672648779421742,101.259488856374,NaN,NaN,NaN,NaN,15.8795567413333,0.0379599291718391,10.221582761154,NaN,6.57398219083131,19.0762622163475,NaN,,1299.99591790098,30,160.83455455776,2.235674416,104.919892457657,0.968416258,3.33355729512768,0.63705865826624,99.9882256358752,NaN,NaN,NaN,NaN,17.1048185239164,0.0359597467274896,10.9529546737296,0.0265167972791315,6.09304055655861,20.1454009310574,55.2289779528355,,1300.11906188821,30,160.84481077973
33.5833333333333,0.0561251719999989,102.539033697245,1.41819302337163,3.74679628043987,1.41603994004452,99.8281028892294,NaN,NaN,NaN,NaN,11,0.078225819264457,1.72676007245408,NaN,8.47830175325531,5.52357956953027,NaN,,1299.95791095125,30.0004009658305,159.105028423004,1.18695720337002,104.718620828924,3.459087596,3.58812941507593,4.59540854502129,100.001316640632,NaN,NaN,NaN,NaN,8,0.278896492835787,13.2529136140152,109.258345731563,8.09346793791128,25.067719537067,0.0420611741017729,,1299.65157466776,30,162.381506121793,0.844360875999999,105.01941168022,2.039998428,3.43877898182127,0.640511959565325,100.869941901578,NaN,NaN,NaN,NaN,12.8392805185,0.0361355098654579,9.51313957813445,2.1436201064902,7.57714099400448,16.6710657020264,0.298909570464711,,1300.38630741965,30,160.541085832646,0.689744512,105.005518960981,1.20417797,3.16479566495736,1.12741342327997,100.868809107645,NaN,NaN,NaN,NaN,14,0.063362760054763,9.10151492273957,6.42677076755346,7.06775654488081,16.2080802092148,0.17542966567237,,1302.23727408745,30,159.55332517525,1.75043848,105.060830838957,1.43849831,3.53959743402442,0.67319362877639,101.243498321535,NaN,NaN,NaN,NaN,15.9601132086667,0.037976155644108,10.1523638750458,NaN,6.57358742418167,18.946811929287,NaN,,1299.31775027267,30,160.829027101682,2.235674416,104.943731896734,0.968416258,3.43695033319426,0.630195062471248,100.018949986103,NaN,NaN,NaN,NaN,17,0.0355597934110721,10.9276437420117,0.149371333767404,6.09300862230335,20.0975336917133,4.22018482779978,,1300.2406056618,30,160.839284479386
33.6666666666667,0.0561251719999989,102.444465665328,1.423948244,3.71468863761542,1.39653372832671,99.834789840223,NaN,NaN,NaN,NaN,11.4618147078333,0.0771309908685169,1.73847635175842,NaN,8.49950216691649,5.54406410243126,NaN,,1298.73013621406,30.0000000000293,159.105408260052,1.19532991503455,104.718142981116,3.459087596,3.56432815012631,4.52521662900926,100.02169363383,NaN,NaN,NaN,NaN,8,0.274707684686778,13.2184821292385,109.41832117661,8.09375896627895,25.0005464020673,0.0413570995257552,,1300.16625861452,30,162.384758985627,0.844360875999999,104.989780481023,2.039998428,3.39058892153718,0.638715888168561,100.860309676303,NaN,NaN,NaN,NaN,12.9197836131667,0.0360403792231539,9.49894042765977,2.18833773237716,7.5778351500874,16.644703633231,0.291919859394476,,1301.45531551392,30,160.535567797395,0.689744512,105.013070739319,1.20417797,3.20325939773149,1.12267676119385,100.840088473119,NaN,NaN,NaN,NaN,13.9196795651667,0.0630792046367894,9.14811150917066,6.37519195800112,7.06744447419793,16.2942438039842,0.176107212408685,,1300.24067304829,30,159.547819683713,1.75043848,104.975523478201,1.43849831,3.54358885474006,0.671712314728331,101.29260142444,NaN,NaN,NaN,NaN,15.1370056595,0.0379030360094855,10.1633587894972,NaN,6.57313753599551,18.9672951794561,NaN,,1301.68853642533,30,160.823499046142,2.235674416,104.891807580584,0.968416258,3.29337960567002,0.622554354932103,100.033364022199,NaN,NaN,NaN,NaN,17.080033599,0.0351523520455383,10.9260444638237,0.0491187552450962,6.09367636716553,20.0945119509066,20.3700149875245,,1299.22369496799,30,160.833759474767
33.75,0.0561251719999989,102.317358589565,1.423948244,3.76970539026576,1.37087328364104,99.7992154008834,NaN,NaN,NaN,NaN,12,0.0757335815751858,1.77861117162655,NaN,8.49914313601027,5.61421857247408,NaN,,1300.12308372231,30.0012073171967,159.09982204063,1.20344225456723,104.721984914212,3.459087596,3.5925013353301,4.44472533749773,100.001362042499,NaN,NaN,NaN,NaN,8,0.269904015496948,13.1317011672175,109.455923858654,8.09447319500343,24.831422691958,0.0406075525044979,,1301.07873758173,30,162.387620586835,0.844360875999999,105.027696831881,2.039998428,3.41401981077749,0.638135289889355,100.944544405119,NaN,NaN,NaN,NaN,12.7186574431667,0.0359999984502792,9.45608469275999,2.18958512643442,7.57761312164325,16.5651681046866,0.291477452620194,,1299.96362758067,30,160.530050590812,0.689744512,104.989370841078,1.20417797,3.14296492261512,1.12377170609711,100.923958355833,NaN,NaN,NaN,NaN,13.998337477025,0.0631517499183063,9.17589232243018,6.34968142592345,7.06732910429391,16.345649428664,0.176982563021358,,1299.97686553829,30,159.542314310754,1.75043848,105.019718530149,1.43849831,3.52080025948458,0.669028388585823,101.310609025666,NaN,NaN,NaN,NaN,14.8527497138966,0.0377586234981375,10.2701895184947,NaN,6.57296073033256,19.1672988759804,NaN,,1300.31894332256,30,160.817973073998,2.235674416,104.936486254189,0.968416258,3.33700283012032,0.624179558057774,100.042198573543,NaN,NaN,NaN,NaN,17.2003431085,0.0352336930551168,10.9996509169047,0.103839923739142,6.0940842214615,20.2336143922084,59.6244395837712,,1300.93964430909,30,160.828235534699
33.8333333333333,0.0561251719999989,102.243345899455,1.42482362900545,3.70630990308548,1.43081016391461,99.8526253406314,NaN,NaN,NaN,NaN,11.8289671333333,0.0789807698448692,1.87516630649094,NaN,8.47775364313621,5.78304910461454,NaN,,1298.49006136884,30,159.095006892926,1.21174508464387,104.721230886911,3.459087596,3.65056863720966,4.35186786864874,100.022111515616,NaN,NaN,NaN,NaN,8.5922325885,0.264284550470339,13.1173401122181,109.371563496428,8.09334028708128,24.8034628955754,0.0397898340184088,,1300.6395722745,30,162.390805345262,0.844360875999999,105.003058135501,2.039998428,3.38600936502225,0.638051515596744,100.904441496572,NaN,NaN,NaN,NaN,13.4796430282635,0.0359999984502792,9.52875179236243,2.15483754011582,7.57724564962188,16.7000710186136,0.296146953558496,,1299.0814117212,30,160.524533350421,0.689744512,105.011880525798,1.20417797,3.13384246209495,1.12190113600495,100.90985218552,NaN,NaN,NaN,NaN,14.001845339975,0.063049221193193,9.21881033879791,6.31648097490583,7.06727096983257,16.4251024517546,0.177621234012559,,1298.77332137351,30,159.536809421367,1.75043848,105.018712172648,1.43849831,3.55683648059737,0.666367914290136,101.321118926326,NaN,NaN,NaN,NaN,15.5988670235676,0.0375996540403155,10.299446855335,NaN,6.57299880906942,19.2221289792644,NaN,,1300.71695677042,30,160.812446835058,2.235674416,104.975824489826,0.968416258,3.34804315192233,0.621020085678309,100.004391862938,NaN,NaN,NaN,NaN,17.7544618493333,0.0350474112423852,11.0331448585375,0.137528201524665,6.094157892432,20.2969356266539,20.4485102481147,,1298.30276705469,30,160.82271068337
33.9166666666667,0.0561251719999989,102.17949377846,1.43979858631734,3.72900628870697,1.48815673972986,99.7479017998895,NaN,NaN,NaN,NaN,11.4793547286178,0.0821164669166986,1.90013500581749,NaN,8.47269083281916,5.82672624115635,NaN,,1302.25173435743,30,159.104177226057,1.21947312995635,104.727252780975,3.459087596,3.62408825910864,4.29507330822697,99.9933209034446,NaN,NaN,NaN,NaN,9.00026056366666,0.260800453486498,13.1147559609503,109.506151547752,8.0941860649316,24.7984254168742,0.0392222838990929,,1299.2915439662,30,162.393347908389,0.844360875999999,104.984481484873,2.039998428,3.3589947501906,0.638019067645033,100.96614963731,NaN,NaN,NaN,NaN,13.5662701144031,0.0359999984502792,9.55099904253581,2.10178988781718,7.5767731448026,16.7413918238474,0.303638085886333,,1299.53313535376,30,160.519016758182,0.689744512,104.996789618077,1.20417797,3.30398625354997,1.12266649072133,100.915612221541,NaN,NaN,NaN,NaN,14.1427192749579,0.0630805144791105,9.11126519878526,6.25245763339476,7.06726248082466,16.2261032863136,0.179563463503471,,1298.88835585079,30.0004019922257,159.531304293138,1.75043848,105.03355815622,1.43849831,3.47514160861941,0.669893041554417,101.286225041181,NaN,NaN,NaN,NaN,15.6763442480357,0.0377971466113993,10.2137439393915,NaN,6.57187509441233,19.0616020784725,NaN,,1300.35570871004,30,160.806921033169,2.235674416,104.982090265259,0.968416258,3.36629799940086,0.619475842468757,99.9736459457186,NaN,NaN,NaN,NaN,17.7986645156033,0.0349598018607978,11.0113276289998,0.0904223167148153,6.09400033950806,20.2556763479628,21.9736257811403,,1300.7248607693,30,160.817184965011
34,0.0561251719999989,102.057429356807,1.4503183543639,3.68216183667074,1.49889581725575,99.8065025308114,NaN,NaN,NaN,NaN,11.5253605847156,0.0827264816403172,1.92527933150257,NaN,8.4729136258018,5.87071434210755,NaN,,1298.20256639028,30,159.109218130042,1.22724668669351,104.739949358118,3.459087596,3.56920823177976,4.23309190933885,100.027935106687,NaN,NaN,NaN,NaN,9.04022438933333,0.257113168422198,13.1556089377293,109.609576108636,8.09470318316279,24.8779754180283,0.0386200062020587,,1300.56844219071,30,162.395870911384,0.844360875999999,104.999166862355,2.039998428,3.38247416083308,0.638050430302373,100.966334736023,NaN,NaN,NaN,NaN,13.5540105026748,0.0359999984502792,9.4571735852344,2.09609071215873,7.57815464713571,16.5671658574794,0.304452270303168,,1301.58680201805,30,160.513500621811,0.689744512,105.018220931099,1.20417797,3.16296598625661,1.12216354356367,100.886184848662,NaN,NaN,NaN,NaN,14.5979390422087,0.0630399911633212,9.1071163181196,6.21568681156769,7.06717939765765,16.2184408714184,0.180543029451091,,1299.75879328686,30,159.525797956167,1.75043848,105.058951006143,1.43849831,3.50206583750097,0.663634911532933,101.308642926239,NaN,NaN,NaN,NaN,16,0.037437934018404,10.1940266678655,NaN,6.57207619649015,19.0246765613099,NaN,,1298.91764204842,30,160.801394123106,2.235674416,104.98831461048,0.968416258,3.31635740542989,0.613873286585101,100.086076669144,NaN,NaN,NaN,NaN,17.6393958895633,0.0346382710971602,11.0203890688105,0.175876507075726,6.09400002762983,20.2728187633928,27.4272925487174,,1299.74093756756,30,160.811659224488
34.0833333333333,0.0561251719999989,101.910418812592,1.46167249093427,3.7646892788486,1.51688173746819,99.8104939770947,NaN,NaN,NaN,NaN,11.9197859413333,0.0837589802507412,1.9316045334403,NaN,8.47289104907122,5.88178301888993,NaN,,1299.38102640087,30,159.114981087484,1.23516347419519,104.787278721459,3.459087596,3.53044524042526,4.1660401394236,100.046814538244,NaN,NaN,NaN,NaN,8.87947086916152,0.252955606562615,13.109377156703,109.569237771454,8.09297502284564,24.7879597289837,0.0380219487171857,,1301.12148204476,30,162.398665370817,0.844360875999999,104.980941336718,2.039998428,3.44408383818951,0.635285045216596,101.040865351768,NaN,NaN,NaN,NaN,13.3209386213252,0.0358392850132888,9.47666689987617,2.05502147887,7.57773146923835,16.6033554195427,0.309292489746939,,1300.56617921475,30,160.507983878102,0.689744512,105.009286800289,1.20417797,3.16757487372293,1.11874627439436,100.946719805296,NaN,NaN,NaN,NaN,14.2765093120279,0.062839911830683,9.1307668937762,6.20571684918876,7.06655801041105,16.2621756808532,0.180279720356081,,1299.88691305256,30,159.520291082322,1.75043848,105.033233986644,1.43849831,3.50792681027885,0.658819915967409,101.370341052796,NaN,NaN,NaN,NaN,15.595289452564,0.0371618060584724,10.2616579419472,NaN,6.57136766220917,19.1513364518998,NaN,,1302.16369315768,30,160.795867016597,2.235674416,104.936002261228,0.968416258,3.37628013784154,0.606140154648602,100.021000751704,NaN,NaN,NaN,NaN,17.5184147290438,0.0342195653657637,10.988913761624,NaN,6.09392018432574,20.2132931136461,NaN,,1299.47318312543,30,160.806133514104
34.1666666666667,0.0561251719999989,101.835239039417,1.47340461303204,3.77788032246503,1.52720995309793,99.7547653537745,NaN,NaN,NaN,NaN,11.1641681885,0.0843511065003944,1.97095002211621,NaN,8.47412851097882,5.95062336880342,NaN,,1298.67696069369,30,159.121117027017,1.24232699887608,104.765080086779,3.459087596,3.58064914096013,4.09813426395045,99.9901297983883,NaN,NaN,NaN,NaN,8.91925346650515,0.248856221843219,13.1175166036544,109.465770383038,8.09455950680981,24.8037971878505,0.0374378158097291,,1299.65078087479,30.0041186765385,162.400644702084,0.844360875999999,104.98934735377,2.039998428,3.34269865543298,0.63375188725168,100.988074964525,NaN,NaN,NaN,NaN,13.5305918738333,0.0357590214149687,9.50758699181179,2.06751404235579,7.57724264811539,16.6607542135169,0.306688599339128,,1300.47965838248,30,160.502467821268,0.689744512,105.052947348128,1.20417797,3.07137296994558,1.11876522123143,101.000555544587,NaN,NaN,NaN,NaN,14.1482366204721,0.0628395487777806,9.10072725401538,6.15636864272935,7.06658933232518,16.2066280747078,0.181734285159006,,1300.32373394134,30,159.51478452796,1.75043848,105.031208059955,1.43849831,3.48389051910876,0.659369764383595,101.427330972496,NaN,NaN,NaN,NaN,15.0879724857694,0.0372006748489446,10.2046455166439,NaN,6.57188036573554,19.0445590998394,NaN,,1298.70172946963,30,160.790340023186,2.235674416,104.965212412529,0.968416258,3.3539037100306,0.602264226378227,100.089555505269,NaN,NaN,NaN,NaN,17.7602786275776,0.034000001847744,10.9882531012276,NaN,6.09400033950806,20.2120395940345,NaN,,1298.93791593128,30,160.800610213863
34.25,0.0561251719999989,101.727265078879,1.48594945251628,3.72653366603451,1.53905754493658,99.8372565527509,NaN,NaN,NaN,NaN,11.0802123835,0.0849876179691934,1.99857296449949,NaN,8.47543249940611,5.99895852470292,NaN,,1300.20400281476,30.0012017827927,159.127990365773,1.24991270684477,104.791936181856,3.459087596,3.57549171535901,4.04493272669236,100.053901002508,NaN,NaN,NaN,NaN,8.8325740295,0.245697886410142,13.0360236826288,109.473748360674,8.09397210908686,24.6452015591888,0.0369490522220173,,1300.92036656262,30.0003068061654,162.403046798297,0.844360875999999,105.004720241542,2.039998428,3.38046072843922,0.633871925933259,101.077245517848,NaN,NaN,NaN,NaN,13.2243720492021,0.0357589887710596,9.4120057801436,2.18251116799804,7.57739866462713,16.4833496114157,0.290552966304578,,1299.6681595835,30,160.496951226586,0.689744512,104.964477800833,1.20417797,3.11760138406695,1.12007159298373,100.96314021252,NaN,NaN,NaN,NaN,14.1207228333333,0.0629197883343903,9.1731054667127,6.09384832997709,7.06616301337424,16.3404853751884,0.183814509950578,,1299.505289397,30,159.509277343551,1.75043848,105.023667792889,1.43849831,3.47623861852938,0.65853193437385,101.431554414279,NaN,NaN,NaN,NaN,15.7900376793333,0.037148156719159,10.1894619482132,NaN,6.57127524576116,19.0161325929504,NaN,,1299.61426713538,30,160.784813245425,2.235674416,105.010915825859,0.968416258,3.34534683196325,0.601762749395068,100.047681406694,NaN,NaN,NaN,NaN,17.5983791463786,0.0339609097803739,10.9806957803248,NaN,6.09358812235508,20.1977613056919,NaN,,1299.57301970003,30,160.795086535456
34.3333333333333,0.0561251719999989,101.598423710016,1.49854705337626,3.50959391188209,1.55511301790548,99.6512372329878,NaN,NaN,NaN,NaN,11.5464166108333,0.0855274480178331,2.10431557523209,NaN,8.47589744786926,6.18408688601324,NaN,"Sample 1.50 mL to AMBR-96DWP-3/A1",1300.60479510928,29.9997607057148,158.842854425108,1.25707143637607,104.792574693711,3.459087596,3.44489627951142,4.00038112804804,99.9846594581542,NaN,NaN,NaN,NaN,8.7655041335,0.241828962537275,12.9680786271891,109.794392011699,8.09311693684082,24.5132497119996,0.0364190806599209,"Sample 1.50 mL to AMBR-96DWP-3/A2",1298.89871804396,29.9983635747327,162.129388033017,0.844360875999999,105.024075437925,2.039998428,3.09311144703678,0.634949050708824,100.998478382304,NaN,NaN,NaN,NaN,13.4576525041312,0.0355774592025308,9.49824929067197,2.16333617348747,7.57814372993859,16.6434156152543,0.293790606388009,"Sample 1.50 mL to AMBR-96DWP-3/A3",1299.42685627481,29.9989892806787,160.243001102992,0.689744512,105.008424265838,1.20417797,2.94005360404814,1.11943205180292,100.937401062173,NaN,NaN,NaN,NaN,14.2362492007901,0.0627180743039393,9.09680872984877,6.08302737500313,7.06700859412299,16.1993752267004,0.184111369889644,"Sample 1.50 mL to AMBR-96DWP-3/A4",1299.71804277254,29.9995876147815,159.274075188653,1.75043848,105.026917733726,1.43849831,3.28997761431834,0.659854061919162,101.348135457186,NaN,NaN,NaN,NaN,15.5585353031667,0.0371732661438586,10.1701561874799,NaN,6.57072071448203,18.9800001396121,NaN,"Sample 1.50 mL to AMBR-96DWP-3/A5",1301.07023777414,29.9993588739795,160.566095765598,2.235674416,104.985646384867,0.968416258,3.05518650030036,0.595275600032387,100.035089169104,NaN,NaN,NaN,NaN,17.7590001396667,0.0337092042839449,11.0181189005328,NaN,6.09312935872862,20.2684993860442,NaN,"Sample 1.50 mL to AMBR-96DWP-3/A6",1299.45048610488,29.9995351485156,160.595850187284
34.4166666666667,0.0561251719999989,101.445933454278,1.50935479276699,3.71781866236494,1.57511821769139,99.9116945346814,NaN,NaN,NaN,NaN,11.4978524385,0.085007369455673,2.11421087772878,NaN,8.47694969465414,6.20139626591124,NaN,,1302.20058475919,29.9978294891438,157.346323237061,1.26439131852782,104.809150233473,3.459087596,3.62938260588692,4.0175944022861,100.053911210254,NaN,NaN,NaN,NaN,9.00002645266667,0.233035524749012,12.7912868423642,110.882131993017,8.0938738345069,24.1700909073078,0.0359392932731183,,1301.60019521179,29.994003492084,160.613155023282,0.844360875999999,105.032476304228,2.039998428,3.38588016198687,0.643711684523246,101.115878944425,NaN,NaN,NaN,NaN,13.3378905973186,0.0350403304104964,9.5217819537522,2.18418523978926,7.57892629223983,16.6871105956943,0.300137380378336,,1301.11651567906,29.9945884164732,158.691915657523,0.689744512,104.969031228525,1.20417797,3.17076690895242,1.13337447464887,101.009745428461,NaN,NaN,NaN,NaN,14.1321665613605,0.0621141285511293,9.13804167082789,6.12152428674834,7.06699574196826,16.2756275709763,0.18663523825462,,1299.21357419124,29.9968008161582,157.704266452183,1.75043848,105.011771590733,1.43849831,3.51446436876923,0.663448193374723,101.397526550441,NaN,NaN,NaN,NaN,15.2972435963333,0.0365175838619036,10.2504580500204,NaN,6.57061845952814,19.1303448832247,NaN,,1299.54970757771,29.9974266023493,158.979761250853,2.235674416,104.998572766614,0.968416258,3.37067045515056,0.59128056037762,100.062665480708,NaN,NaN,NaN,NaN,18.0397031783333,0.0326006308510999,10.9628515795571,NaN,6.09347579447148,20.1640530150032,NaN,,1298.20155179294,29.9956390416746,158.990038067105
34.5,0.0561251719999989,101.408875827035,1.52040069612768,3.71965905193747,1.60042750181139,99.7899509367074,NaN,NaN,NaN,NaN,11.4173688297212,0.0873776124379418,2.20675141447052,NaN,8.477425541902,6.36348101062357,NaN,,1300.15858104938,30.0004022379296,157.351691038851,1.27138111440225,104.799239587399,3.459087596,3.62532718190223,3.91011033799604,100.011218925448,NaN,NaN,NaN,NaN,9.00798902544019,0.234973156071387,12.8480642806291,110.772654325225,8.09375150133746,24.2801556320956,0.0352985054189867,,1299.8270592617,30.0027584617397,160.6149541099,0.844360875999999,104.998593431414,2.039998428,3.42555123496392,0.629998304926089,101.083532798665,NaN,NaN,NaN,NaN,13.5575064416814,0.0351323336945453,9.50514419151939,2.05294510906024,7.57865400233944,16.6562106783227,0.306938652865486,,1300.20559173799,30,158.686397273289,0.689744512,105.018947691603,1.20417797,3.12726134396088,1.11865554475832,101.114095977486,NaN,NaN,NaN,NaN,14.1434105553342,0.0621295293113869,9.12578106186296,6.04719266316621,7.06628797183018,16.2529802029302,0.185000142350083,,1300.1699236174,30.003215807444,157.698761174368,1.75043848,105.003037079965,1.43849831,3.43308877485283,0.662496054957494,101.495089468199,NaN,NaN,NaN,NaN,15.4020696121667,0.0369599862685796,10.2222722669358,NaN,6.56967884872793,19.0775758362265,NaN,,1301.755557851,30,158.974235141705,2.235674416,105.021687103125,0.968416258,3.33423130534796,0.591448675139484,100.143539651367,NaN,NaN,NaN,NaN,17.678766456,0.0329999998211861,11.0630769314502,NaN,6.09303915895525,20.353548453509,NaN,,1300.08066745962,30,158.984513730707
34.5833333333333,0.0561251719999989,101.214860276729,1.53142080692916,3.77931315574163,1.61019551915778,99.7030336952218,NaN,NaN,NaN,NaN,11.3591217204046,0.0878793639249671,2.241256949685,NaN,8.47780433240772,6.42394222477975,NaN,,1299.18265293846,30.0064191452246,157.357183900824,1.27866735342665,104.868526777724,3.459087596,3.62950140236352,3.86665718149718,100.070326445799,NaN,NaN,NaN,NaN,8.99154211422648,0.232237234884489,12.8343153164062,110.541077197614,8.09328746537025,24.2535034050087,0.0349795316610347,,1300.27571752711,30.0000587628249,160.617002722301,0.844360875999999,104.998812479726,2.039998428,3.389283791494,0.631639634050357,101.130126970405,NaN,NaN,NaN,NaN,13.4279517705524,0.0352267351654012,9.4749959788664,2.01361516273692,7.57855866499211,16.6002478271211,0.313780650564142,,1300.77350463195,30,158.680880035007,0.689744512,105.013784162501,1.20417797,3.19876329908537,1.12095686032419,101.126374979377,NaN,NaN,NaN,NaN,13.9415257211818,0.0622383853908088,9.12488456243892,6.0367073298653,7.06599823101457,16.2512886665652,0.185697077966291,,1299.16782582861,30,157.693253990665,1.75043848,104.986199347161,1.43849831,3.48830423614447,0.66229695733,101.4788421723,NaN,NaN,NaN,NaN,15.4019124651667,0.0369596217056741,10.2352993708138,NaN,6.56922665667003,19.1019555519737,NaN,,1300.56033598843,30,158.968710671965,2.235674416,105.025410824885,0.968416258,3.33372955012367,0.590803187734077,100.126592546748,NaN,NaN,NaN,NaN,17.8050765256451,0.0329598811580038,10.9799470432584,NaN,6.0930004119873,20.1963450749993,NaN,,1300.72585968105,30,158.978988198379
34.6666666666667,0.0561251719999989,101.179878843659,1.54288054316375,3.73316921384102,1.63175548173997,99.8156406933898,NaN,NaN,NaN,NaN,11.3900977793742,0.0890179443012494,2.25002320166603,NaN,8.47834701189421,6.43930703746,NaN,,1298.55920065837,30.0077062701831,157.363081695435,1.28545441902956,104.873901225593,3.459087596,3.6156029694878,3.80961763188158,100.003347527963,NaN,NaN,NaN,NaN,8.7987579595,0.228811992842838,12.9249428802054,110.540110243381,8.09383933403478,24.429334223465,0.0344638646708322,,1301.16821511141,29.996386143219,160.61866498263,0.844360875999999,105.013747009597,2.039998428,3.37787153282098,0.629151641570086,101.170550250423,NaN,NaN,NaN,NaN,13.2855806851142,0.0350822866626762,9.47268409263731,1.99839052994758,7.57909250538134,16.5960005334347,0.314996470039135,,1302.18887662505,30,158.675362626342,0.689744512,105.005984564468,1.20417797,3.17868966751393,1.12168930200452,101.125798466909,NaN,NaN,NaN,NaN,13.7867132726667,0.0622813476653893,9.061031491041,5.99275997751712,7.06547915669936,16.1332502732167,0.187181283019515,,1300.79013379067,30,157.687747094038,1.75043848,105.036516739246,1.43849831,3.53202848548198,0.663366922595598,101.534807884261,NaN,NaN,NaN,NaN,15.6085848933333,0.0370000004768372,10.2118740878882,NaN,6.56943529768582,19.0580801126387,NaN,,1299.19223681405,30,158.963186108964,2.235674416,105.017188738825,0.968416258,3.30909226684355,0.591473499469117,100.201964880937,NaN,NaN,NaN,NaN,17.5535016206882,0.0329999998211861,10.9341015666732,NaN,6.09259866133466,20.1097364198016,NaN,,1299.14331454962,30,158.973462951352
34.75,0.0561251719999989,100.965265344303,1.55459368598316,3.84622190807753,1.63978430293456,99.759099183664,NaN,NaN,NaN,NaN,11.3612713365,0.0895574273658742,2.34579184228187,NaN,8.47857311300072,6.60717144827624,NaN,,1302.54947150938,30.0087304021831,157.369196433648,1.29212076747284,104.873818269775,3.459087596,3.58108997110565,3.75911343021398,100.060401853136,NaN,NaN,NaN,NaN,9.17981762300028,0.225786641345125,12.9105377397217,110.479008272954,8.09340422825542,24.4014334173823,0.0340261569832553,,1302.07000979043,30,160.62021404271,0.844360875999999,105.003715032516,2.039998428,3.4478486678364,0.629844160214609,101.138975969302,NaN,NaN,NaN,NaN,13.3976823576667,0.0351208226625995,9.44420369416974,1.95235768578184,7.57910455418328,16.5431095116079,0.322780516954767,,1298.90737437113,30,158.669844958255,0.689744512,105.035295112398,1.20417797,3.15337068156943,1.1175199857278,101.16066171768,NaN,NaN,NaN,NaN,14.2821283148333,0.0620404031401519,9.08949468645802,5.9559290246392,7.06614013318617,16.1858541611694,0.187637032651339,,1300.17442553713,30,157.682240113933,1.75043848,104.993333614182,1.43849831,3.60138993664656,0.663372886807023,101.52510700637,NaN,NaN,NaN,NaN,15.3171366986667,0.0370000004768372,10.1902737907948,NaN,6.56939983825213,19.0176812416092,NaN,,1299.21185119491,30,158.957659503095,2.235674416,105.032944833753,0.968416258,3.27919019394735,0.585806406368762,100.217490011782,NaN,NaN,NaN,NaN,17.8386947565,0.0326779390021155,10.9070646344044,NaN,6.0925985334846,20.0587173363209,NaN,,1300.00641692688,30,158.96793757757
34.8333333333333,0.0561251719999989,100.885703826906,1.56610053031708,3.78386113881409,1.66009628254922,99.7765941696533,NaN,NaN,NaN,NaN,11.200563584,0.090683046651522,2.3226396276192,NaN,8.48136573383078,6.56657607575797,NaN,,1299.81606336092,30.0004401451859,157.375123845296,1.29870778688733,104.908292063253,3.459087596,3.68532213756106,3.69649029544512,99.9728482623484,NaN,NaN,NaN,NaN,8.78076926966639,0.222045717113704,12.8023076255216,110.398302246665,8.09312572425963,24.1914766707687,0.0334833971859848,,1300.18064803138,30,160.62154665253,0.844360875999999,105.031488140111,2.039998428,3.40971556843682,0.628435216015218,101.237086511803,NaN,NaN,NaN,NaN,13.402547265,0.0350401960215628,9.41667017342639,1.96223994503731,7.57995349005145,16.4920250210078,0.320355944896477,,1300.96799972727,30,158.664327481814,0.689744512,105.040957143764,1.20417797,3.15328429135195,1.11782371146156,101.141442599579,NaN,NaN,NaN,NaN,13.8793861095,0.0620403256059451,9.08431746557867,5.94949710575085,7.06633026044974,16.1762819496485,0.187889159771951,,1299.55122798635,30,157.67673092625,1.75043848,104.878425556751,1.43849831,3.49239994702257,0.662557087851065,101.524974416874,NaN,NaN,NaN,NaN,15.6060708515052,0.0369968285642373,10.2388496107073,NaN,6.56889258462005,19.1086152192569,NaN,,1300.58544644427,30,158.952136432384,2.235674416,105.012375306966,0.968416258,3.3090959711378,0.578979140734651,100.260906745496,NaN,NaN,NaN,NaN,17.8388528976667,0.0322986396976112,10.9685241821553,NaN,6.09209811009871,20.1747628639401,NaN,,1299.17926956891,30,158.96241149218
34.9166666666667,0.0561251719999989,100.727778560021,1.57212019194036,3.76136632350619,1.66578952110373,99.7975441792924,NaN,NaN,NaN,NaN,11.5858470184636,0.0909818402854413,2.41432176964736,NaN,8.4771633022398,6.7273332974746,NaN,,1302.51592652096,30,157.375656773565,1.30496068109696,104.886137606043,3.459087596,3.5913765081571,3.63919820240951,99.9857636848415,NaN,NaN,NaN,NaN,8.86839562016667,0.21855859205923,12.8442036483542,110.22433096654,8.09324015889442,24.272668352853,0.0330164548449847,,1300.48207989348,30,160.622617245163,0.844360875999999,105.001341317583,2.039998428,3.40900644583353,0.627808297673878,101.215046995472,NaN,NaN,NaN,NaN,13.3087782301163,0.0350000001490116,9.43930373499547,1.9939918794831,7.57922118146662,16.534025678952,0.31497350643115,,1298.88859654889,30,158.658808879642,0.689744512,105.034198905689,1.20417797,3.21725676131343,1.11558262255135,101.104560828731,NaN,NaN,NaN,NaN,13.9896258053811,0.0619196598285293,9.13949983409652,5.91821368997764,7.06630406800944,16.2783247189054,0.188506155038337,,1301.40522413344,30,157.671222370132,1.75043848,105.005415412462,1.43849831,3.53164946070905,0.661680964790933,101.573296336459,NaN,NaN,NaN,NaN,15.5098825383281,0.0369229112337836,10.1790408850651,NaN,6.5690881570923,18.996652673232,NaN,,1299.26009108678,30,158.9466160301,2.235674416,105.024051110687,0.968416258,3.40882774866145,0.576557804194421,100.313919216362,NaN,NaN,NaN,NaN,17.6788512635,0.032161148094173,10.9456216892531,NaN,6.09200048446655,20.1314933309811,NaN,,1300.12076603367,30,158.956885471664
35,0.0561251719999989,100.643688418643,1.58461219152052,3.84196224153223,1.70937052510678,99.7082035904781,NaN,NaN,NaN,NaN,11.4065665331257,0.0933757197119311,2.38112579371681,NaN,8.47398150152909,6.66912734394724,NaN,,1303.14740345901,30,157.382352532238,1.31142640977369,104.910020742606,3.459087596,3.54131224477861,3.595637611659,100.064325693167,NaN,NaN,NaN,NaN,9.01130546233333,0.215948904264142,12.9852743126069,110.407237188138,8.09266904734742,24.5465633316842,0.0325671870971088,,1301.95784111783,30,160.623895440745,0.844360875999999,104.947574950068,2.039998428,3.38093908678709,0.627495716004063,101.219748000824,NaN,NaN,NaN,NaN,13.2937170496879,0.0350000001490116,9.3776239811209,2.01284767845825,7.57918450233124,16.4196475421955,0.311792179519792,,1298.97995896704,30,158.653292026306,0.689744512,104.945033307973,1.20417797,3.19258857496154,1.11656405861485,101.146864310678,NaN,NaN,NaN,NaN,13.8894217516189,0.061999998986721,9.07503115435832,5.87980179911821,7.06623706677966,16.1591373325189,0.189906991700664,,1299.10543073905,30,157.665714991862,1.75043848,105.037086825196,1.43849831,3.52151805666404,0.65990092323677,101.526628089022,NaN,NaN,NaN,NaN,15.531013779,0.0367995433040999,10.189462467578,NaN,6.5689869380308,19.0161534658502,NaN,,1300.44754073144,30,158.94109031978,2.235674416,105.02732643063,0.968416258,3.41264480431395,0.574413740014487,100.308831966413,NaN,NaN,NaN,NaN,17.7070271341796,0.0320389322047984,10.9357216722614,NaN,6.09200048446655,20.1127897302501,NaN,,1299.47709833426,30,158.951359800366
35.0833333333333,0.0561251719999989,100.454104599114,1.59934499116424,3.8880526154436,1.72427214373817,99.6264699900726,NaN,NaN,NaN,NaN,11.3347204282441,0.0941977133399201,2.49126797778932,NaN,8.47444696739795,6.86231677833509,NaN,,1298.10166609227,30,157.39150045814,1.31703564426535,104.942464481801,3.459087596,3.57020933326524,3.53220469772703,100.028895374119,NaN,NaN,NaN,NaN,8.8394790475,0.212174240217593,12.9672564793291,110.368752622756,8.09366975710972,24.5115431710088,0.0320040165645507,,1301.17145209861,30,160.624319763532,0.844360875999999,104.97873902528,2.039998428,3.45141699777957,0.62752841942494,101.211732103321,NaN,NaN,NaN,NaN,13.5217538908625,0.0350000001490116,9.46269744520142,1.98983185829311,7.57931797398355,16.5774402486953,0.315472137571251,,1299.5166200904,30,158.647776988667,0.689744512,104.966642079354,1.20417797,3.22398148759585,1.11909403629987,101.207021894829,NaN,NaN,NaN,NaN,14.0798955628333,0.0621558973840926,9.13802554943691,5.8385525037442,7.06659856440169,16.2756140393265,0.191680885399381,,1300.81194245718,30,157.660210734075,1.75043848,104.994409578281,1.43849831,3.49754147035111,0.663355238315781,101.575079035307,NaN,NaN,NaN,NaN,15.7236195158333,0.0370000004768372,10.1617158705644,NaN,6.56900344323701,18.9642596656147,NaN,,1300.88709822107,30,158.93556447756,2.235674416,105.019794075092,0.968416258,3.36789832168711,0.57443447333622,100.419492003179,NaN,NaN,NaN,NaN,17.7700955131537,0.0320413827522764,10.9760155531161,NaN,6.09200048446655,20.1889142937241,NaN,,1300.34661524401,30,158.945834125362
35.1666666666667,0.0561251719999989,100.353693432812,1.61267092355177,3.82555338418722,1.74886642756499,99.8517812025124,NaN,NaN,NaN,NaN,11.5818222121667,0.0955018585016425,2.46723450777717,NaN,8.4741706067753,6.82015160953283,NaN,,1302.06627442582,30.0008008026202,157.399344297482,1.32269108587534,104.942072039962,3.459087596,3.63158014817038,3.47905423190199,100.021020394237,NaN,NaN,NaN,NaN,8.8794921115,0.208948704216242,13.1164992779825,110.426407197249,8.09396344486246,24.8018142012327,0.0315062083662764,,1299.5854414457,30,160.624856039918,0.844360875999999,105.002819059887,2.039998428,3.44392512308632,0.627752616591307,101.222586183454,NaN,NaN,NaN,NaN,13.2969697885329,0.0350000001490116,9.4669073948884,1.90559044882543,7.58006228535152,16.5852615511105,0.329584260534858,,1299.71884620199,30,158.642259473056,0.689744512,105.037348578047,1.20417797,3.12191115521088,1.11657766806619,101.180895649555,NaN,NaN,NaN,NaN,14.2416392548333,0.0619643232517384,9.14136442910415,5.80421174906715,7.06647823206441,16.2817648464466,0.192381571656744,,1300.59198929597,30,157.65470416783,1.75043848,104.951066130196,1.43849831,3.49671151384659,0.660964071506781,101.594782200846,NaN,NaN,NaN,NaN,15.4203141359397,0.036879024881007,10.213494032619,NaN,6.5684186754697,19.0611213675979,NaN,,1300.77761114179,30,158.930039766954,2.235674416,105.006224510334,0.968416258,3.34863983517429,0.573665879663435,100.383847513525,NaN,NaN,NaN,NaN,17.9196881158333,0.0320000015199184,10.9316252004656,NaN,6.09171897465198,20.1050479419781,NaN,,1299.49141127762,30,158.94030931057
35.25,0.0561251719999989,100.137354914321,1.62857604086777,3.75664124385778,1.75920250694901,99.5932311045828,NaN,NaN,NaN,NaN,11.3824738828333,0.0960949020896108,2.50621316360559,NaN,8.47574442920633,6.8885375939251,NaN,,1301.31774870247,30.0077814175351,157.409450127028,1.32868014077142,104.948690723566,3.459087596,3.62532471682266,3.40874327164113,100.018994490702,NaN,NaN,NaN,NaN,9.00023427616667,0.204774859587107,13.1837831868363,110.298186737893,8.09267925500683,24.9328775980376,0.0309050230946375,,1300.08430849986,30,160.625589509879,0.844360875999999,105.015117417742,2.039998428,3.40029187428929,0.627868538290103,101.279484579873,NaN,NaN,NaN,NaN,13.5458050926384,0.0350000001490116,9.47940083344804,1.8815903691989,7.5799379485762,16.6084246651464,0.333792199998687,,1299.84432489212,29.9995967376653,158.636741695061,0.689744512,105.01738819021,1.20417797,3.1252255200694,1.11998122200515,101.165280189282,NaN,NaN,NaN,NaN,14.201052932,0.0621610912048497,9.18239348266295,5.74236802710739,7.06747367232925,16.3576733535664,0.195043328320777,,1299.70525717726,30,157.649196261817,1.75043848,104.921485563486,1.43849831,3.53495235485961,0.661462369933262,101.639189607535,NaN,NaN,NaN,NaN,15.7857207055603,0.0369198969491698,10.2409897889408,NaN,6.56815941350821,19.1126059169369,NaN,,1299.86819356401,30,158.924516910147,2.235674416,105.028993133919,0.968416258,3.35115244241617,0.570114357793454,100.373905991555,NaN,NaN,NaN,NaN,17.8063918462544,0.0317957942631603,10.9121328628566,NaN,6.09104077490845,20.0682263273285,NaN,,1300.86249876152,30,158.934783745543
35.3333333333333,0.0561251719999989,100.077362688124,1.64440589422822,3.79919553059326,1.78155827860929,99.8162279874314,NaN,NaN,NaN,NaN,11.4524524695962,0.0972922024494261,2.57346109187162,NaN,8.47663663443747,7.00656174980945,NaN,,1299.0585451765,30.0042786974677,157.41988182945,1.33438090833494,104.94823161014,3.459087596,3.60601836669694,3.36461850879844,99.9987782974919,NaN,NaN,NaN,NaN,8.91984444816667,0.202116437994876,13.2041933540596,110.439306716546,8.09384241389119,24.9726807757964,0.0304658068612995,,1301.59363580061,30,160.626108497995,0.844360875999999,105.025923492306,2.039998428,3.4448294978071,0.627937096007629,101.236998742519,NaN,NaN,NaN,NaN,13.5298292771621,0.0350000001490116,9.41345582485102,1.81441922793666,7.58027413032432,16.4860389050272,0.346164058654511,,1299.62589850447,30,158.631223680552,0.689744512,104.988732830765,1.20417797,3.22953766049684,1.11810872063977,101.222109983532,NaN,NaN,NaN,NaN,13.7994955102081,0.0620657774398164,9.09076033462447,5.72062958392317,7.06782535561729,16.1882183719337,0.195460301205068,,1300.08793225736,30,157.643688694818,1.75043848,105.051325761464,1.43849831,3.53768664513869,0.66248198424485,101.701436001372,NaN,NaN,NaN,NaN,15.3308077705,0.0369499865870262,10.1909988868671,NaN,6.56803072965626,19.0190199131507,NaN,,1301.00794850977,29.9995964798644,158.918995190104,2.235674416,105.006373024983,0.968416258,3.31611374528649,0.568040220481315,100.44915104745,NaN,NaN,NaN,NaN,17.7096784991677,0.0316817680627556,10.960569287343,NaN,6.09116158065941,20.159740902695,NaN,,1300.7673615404,30,158.929258034179
35.4166666666667,0.0561251719999989,99.8642862954731,1.6596936774638,3.88293439384207,1.79668638101602,99.628748523851,NaN,NaN,NaN,NaN,11.3909607679038,0.0981195528669134,2.61177625637532,NaN,8.47754238850703,7.07382510828493,NaN,,1298.91157320617,30.0032172264364,157.429487854939,1.33983535194052,104.899865079145,3.459087596,3.66470046788767,3.32122830150784,100.02550144921,NaN,NaN,NaN,NaN,8.96009664716667,0.199574182122104,13.1901572188408,110.515057136412,8.09419393712255,24.9453019017526,0.03005238052313,,1299.40674593132,30,160.626445622511,0.844360875999999,105.018197786712,2.039998428,3.41088371809498,0.62801178762697,101.282878876182,NaN,NaN,NaN,NaN,13.6827562042466,0.0350000001490116,9.43093962085756,1.82978712756277,7.58105362372002,16.5184876213206,0.343320463151199,,1299.67250963946,30,158.625704747418,0.689744512,105.024177033416,1.20417797,3.1815450977445,1.11753070979103,101.225386136139,NaN,NaN,NaN,NaN,14.1203755016252,0.0620147303837831,9.1497445606798,5.70546491537415,7.06765349746332,16.2972755167719,0.195875641175998,,1299.11817753299,30,157.638181461504,1.75043848,104.951712150363,1.43849831,3.49878745725511,0.662011951894619,101.65491890893,NaN,NaN,NaN,NaN,15.5940782913333,0.0369296379580322,10.1918459765128,NaN,6.56759532753028,19.0205895183519,NaN,,1299.52049463504,30,158.913469558921,2.235674416,104.993226811305,0.968416258,3.48045628479948,0.562870678270299,100.48532268308,NaN,NaN,NaN,NaN,17.8409653447446,0.0313980698309048,10.9221084683594,NaN,6.09096037221819,20.0871079986665,NaN,,1300.15465233514,30,158.923733148369
35.5,0.0561251719999989,99.7379653658527,1.67445513072081,3.88388742003907,1.81784674763286,99.6956754585141,NaN,NaN,NaN,NaN,11.5223880355,0.0992462011943326,2.67720894539559,NaN,8.47681898432601,7.18872837451118,NaN,,1298.61886363885,30,157.438661700004,1.3458724333066,104.93601707368,3.459087596,3.58558423728959,3.28401223583337,99.972331237449,NaN,NaN,NaN,NaN,9.08012937683333,0.197374574332839,13.2505990964492,110.380980804516,8.09183153626406,25.0631947744456,0.0297519058706831,,1300.05403603078,30,160.627232800923,0.844360875999999,104.980183386351,2.039998428,3.47394442364003,0.627813326285086,101.301606661129,NaN,NaN,NaN,NaN,13.6302549313087,0.0350000001490116,9.42889265931429,1.83867597396437,7.58067311126904,16.5146784680248,0.34152882349653,,1301.34151719324,30,158.620186549957,0.689744512,105.00672045621,1.20417797,3.2175183644516,1.11882274146076,101.162157139051,NaN,NaN,NaN,NaN,14.3391637995433,0.062080283726089,9.13521320993773,5.65184374324683,7.06767875879498,16.2703941480316,0.197962989308833,,1300.66867304778,30,157.632672171232,1.75043848,105.021794898574,1.43849831,3.58908081267314,0.661304758731441,101.655290735374,NaN,NaN,NaN,NaN,15.7988118028737,0.0368797290361006,10.1739206141419,NaN,6.56660388830224,18.9870734963684,NaN,,1301.28161285724,30,158.907945749701,2.235674416,104.992565330275,0.968416258,3.45684870816561,0.560565850531418,100.524677751424,NaN,NaN,NaN,NaN,17.9598051846667,0.0312767531923116,10.9053792096679,NaN,6.09096024236737,20.0554788593755,NaN,,1300.58294819179,30,158.918209812931
35.5833333333333,0.0561251719999989,99.489220539117,1.69007516079373,3.82530429554877,1.83337787969709,99.581969753009,NaN,NaN,NaN,NaN,11.5983133105,0.100154608017581,2.71378379409815,NaN,8.47659856685917,7.25297600759983,NaN,,1301.44902505647,30,157.448688290188,1.35060778624586,104.920259837793,3.459087596,3.65827688092626,3.22866757267607,100.07448912562,NaN,NaN,NaN,NaN,9.20084286633333,0.194050123235309,13.2193276355217,110.429343189634,8.0942146104987,25.0022132335463,0.0292374129613214,,1299.77490385232,29.9963829240519,160.626784790223,0.844360875999999,105.004671722733,2.039998428,3.49296463801208,0.626464904054924,101.305687177254,NaN,NaN,NaN,NaN,13.6833990727781,0.0349195853076151,9.44342875111125,1.81087578938108,7.58049014922965,16.541647593316,0.346070244914214,,1300.00209521152,30,158.614669576504,0.689744512,104.981163480843,1.20417797,3.30767283759492,1.11631830055813,101.27974168942,NaN,NaN,NaN,NaN,14.6779794812901,0.0619597269062993,9.14501482381762,5.59268113316151,7.06668871958796,16.2885289349768,0.19960979849607,,1300.28585108208,30,157.627164279073,1.75043848,104.97548612285,1.43849831,3.58081776661557,0.658252397837249,101.654623426396,NaN,NaN,NaN,NaN,15.6836233104596,0.0367157313462061,10.2084090707202,NaN,6.56608074440598,19.0515946480072,NaN,,1301.41705865587,30,158.902420755619,2.235674416,104.964214995494,0.968416258,3.43143380237743,0.555301997851863,100.616777947559,NaN,NaN,NaN,NaN,18.0220354988168,0.0309772920684973,10.9022106729171,NaN,6.09087984648747,20.0494969042713,NaN,,1299.06213378425,30,158.91268550673
35.6666666666667,0.0561251719999989,99.3388434364221,1.70630151661027,3.84950315597239,1.85619716682174,99.7598682066193,NaN,NaN,NaN,NaN,11.4777067681667,0.101357454728006,2.75650662219718,NaN,8.47718717528217,7.32803624945105,NaN,,1298.65411983062,30,157.45932713306,1.35625404696168,104.940204713387,3.459087596,3.6789241513207,3.18284176461668,99.9732070987859,NaN,NaN,NaN,NaN,9.32205026866667,0.191308079675883,13.2441715035372,110.04962894934,8.09257491426558,25.0506586228205,0.0289223484372041,,1301.5401605915,30,160.627316192067,0.844360875999999,105.019907823913,2.039998428,3.4178941374159,0.625854293865681,101.342934011829,NaN,NaN,NaN,NaN,13.6907019971999,0.0348795725232529,9.46201247612001,1.81542259758808,7.58054784763863,16.5761482521797,0.344889259544906,,1298.69070003469,30,158.609151240966,0.689744512,104.983246544027,1.20417797,3.22088616430073,1.11707017643632,101.306111960128,NaN,NaN,NaN,NaN,14.5174071716667,0.0620001033133209,9.14450249570627,5.55032881425225,7.06652046775404,16.2875800776873,0.201268580773439,,1300.18095667503,30,157.621657529329,1.75043848,105.061084404883,1.43849831,3.54738444800525,0.654366914012991,101.713216007078,NaN,NaN,NaN,NaN,15.8108482408705,0.0364807715233028,10.2292806662361,NaN,6.56578424227463,19.0906734628332,NaN,,1301.21665171319,30,158.896895890844,2.235674416,104.995655443141,0.968416258,3.40823121060602,0.554708820910074,100.578928546371,NaN,NaN,NaN,NaN,17.8976276753499,0.0309452083278096,10.8828087344811,NaN,6.0903840075181,20.0128770983177,NaN,,1300.9230909141,30,158.90716184986
35.75,0.0561251719999989,99.2078000509709,1.72277088208564,3.86799932630564,1.87492249942115,99.5973637232624,NaN,NaN,NaN,NaN,11.718925974,0.102348581139075,2.84760846941442,NaN,8.4764627311328,7.48816241533485,NaN,,1299.18053589732,30,157.470201721997,1.36115462567636,104.98113764279,3.459087596,3.61858899911667,3.13115459468214,100.061766398285,NaN,NaN,NaN,NaN,9.08012856816666,0.188159199112435,13.1571901263132,110.323486825096,8.09404879812814,24.8810833833993,0.0283814254000901,,1300.07355411603,30,160.626970186736,0.844360875999999,105.008030925444,2.039998428,3.44743836323228,0.625881768652755,101.401712432379,NaN,NaN,NaN,NaN,13.3847185719867,0.0348793603759666,9.46408595825042,1.78400141580799,7.58131173900926,16.5799936458262,0.350882788069731,,1300.90423526467,30,158.603632734929,0.689744512,105.028997318026,1.20417797,3.23527668850489,1.11467827524609,101.373007408757,NaN,NaN,NaN,NaN,14.4700172742328,0.0618391443659704,9.17390237634786,5.54191563573474,7.06676467922954,16.3419597925482,0.201148670632714,,1299.55923218046,30,157.616149934348,1.75043848,105.084061815686,1.43849831,3.53599270225346,0.654837754589904,101.699685630808,NaN,NaN,NaN,NaN,15.8270391124628,0.0364910130220632,10.1676297312878,NaN,6.56567038467482,18.9752884277568,NaN,,1298.98685198144,30,158.891367917363,2.235674416,104.978943831361,0.968416258,3.38163261640486,0.548560725717518,100.627096486345,NaN,NaN,NaN,NaN,17.9195590636667,0.0306020887793955,10.8384367302456,NaN,6.09004041467994,19.9291497537297,NaN,,1300.11316135864,30,158.901638420329
35.8333333333333,0.0561251719999989,99.0319099392817,1.74005115283349,3.95485517951895,1.90223874780671,99.8123868184245,NaN,NaN,NaN,NaN,11.333236555,0.103867292443251,2.85932534294924,NaN,8.47736366173247,7.50875868610083,NaN,,1300.95208829383,30.003451918723,157.481775972449,1.36649476793582,104.987340350217,3.459087596,3.6828718836609,3.0956314837757,100.008018060106,NaN,NaN,NaN,NaN,9.04022021466667,0.185949881475,13.164506467225,109.797179417274,8.09255371113695,24.895325155404,0.02819407008407,,1298.23437081417,30,160.627191604002,0.844360875999999,105.018984374352,2.039998428,3.47411773406443,0.618653126964384,101.327261858672,NaN,NaN,NaN,NaN,13.4177030129336,0.034477842750212,9.47094839810966,1.77555676544023,7.57998503656995,16.5927270545214,0.348511077102706,,1299.34239835966,30,158.598114515667,0.689744512,105.01903251412,1.20417797,3.23437098578726,1.11369967728434,101.299881250059,NaN,NaN,NaN,NaN,14.2846786714338,0.061793654304175,9.14325220194429,5.5329228784372,7.06615571087563,16.2852589324713,0.201291606278663,,1299.56445617491,30,157.610641317662,1.75043848,104.937542030755,1.43849831,3.59345447397225,0.65086272157926,101.660640920322,NaN,NaN,NaN,NaN,15.5755892069522,0.036303854113057,10.175310064443,NaN,6.56490315281869,18.9896489170016,NaN,,1301.3860087063,30,158.885840694338,2.235674416,105.0059647381,0.968416258,3.39902393322364,0.543803886506237,100.63693466942,NaN,NaN,NaN,NaN,17.8025523454553,0.0303280048265243,10.8557836405243,NaN,6.09000015258789,19.9618648892276,NaN,,1300.88302389611,30,158.896114755552
35.9166666666667,0.0561251719999989,98.8838181694562,1.75786640627649,3.83498919232,1.92002533461132,99.5237397952671,NaN,NaN,NaN,NaN,11.501954515,0.104843578055881,2.92388200157041,NaN,8.47781751696036,7.62228705510064,NaN,,1299.31304301568,30.0095990199741,157.494110543854,1.37120973052962,104.973011470917,3.459087596,3.67050110277711,3.06383819739379,100.05068390517,NaN,NaN,NaN,NaN,9.28113818083333,0.18412523927923,13.1814081527851,109.795582858554,8.09404533227991,24.9283053284949,0.0279051474216869,,1299.59367965493,30,160.626655614362,0.844360875999999,105.013908916262,2.039998428,3.47651989197196,0.621718709528077,101.422401309553,NaN,NaN,NaN,NaN,13.4987379190465,0.0346381038168979,9.43279983755214,1.73340147455833,7.5803763931949,16.5219454293863,0.358852937790825,,1297.87051954531,30,158.592594650636,0.689744512,105.000561479314,1.20417797,3.23344888776296,1.11166842761071,101.329363888746,NaN,NaN,NaN,NaN,14.4415045346667,0.0616838242677225,9.19098122408134,5.4890093346883,7.06588824491284,16.3735703074182,0.20253042208589,,1300.083983017,30,157.605133503941,1.75043848,105.061639228236,1.43849831,3.57250183204209,0.652181186553112,101.796583590914,NaN,NaN,NaN,NaN,15.8625391312145,0.0363570766577906,10.1911966554423,NaN,6.56535934724361,19.0193939627358,NaN,,1300.11676688011,30,158.880317069272,2.235674416,105.010561274529,0.968416258,3.41554933378335,0.540612791241048,100.721672908558,NaN,NaN,NaN,NaN,17.714761736878,0.030149991979135,10.8880463353045,NaN,6.08995980029131,20.0227566232922,NaN,,1299.70474170804,30,158.890590436902
36,0.0561251719999989,98.6482235873217,1.77588260653298,3.90601205428603,1.93383764938808,99.669797129617,NaN,NaN,NaN,NaN,11.5179072833062,0.105597142729645,2.96540661294909,NaN,8.47740439781969,7.69531731851942,NaN,,1301.8509941064,30.0042256259113,157.506537244057,1.37635265961456,104.999381493667,3.459087596,3.63398321326763,3.01936035912564,100.112393719219,NaN,NaN,NaN,NaN,8.9975014650758,0.181358387797708,13.1310209907661,109.431821871841,8.0924646249666,24.8301275546439,0.0275912477202017,,1299.79441401444,30,160.626682457677,0.844360875999999,104.998692655,2.039998428,3.46572842680883,0.628040657277426,101.406578893592,NaN,NaN,NaN,NaN,13.5980226291667,0.0350000001490116,9.55725098748781,1.71277179610025,7.58104195554565,16.7530358045139,0.366868956910809,,1299.82673843558,30,158.587075931395,0.689744512,105.045443397109,1.20417797,3.24376520525992,1.11133569694041,101.385553232249,NaN,NaN,NaN,NaN,14.0305241301459,0.0616370533954154,9.15935803008728,5.44454569606087,7.06610940926008,16.3150587772499,0.204135684341738,,1301.21145912753,30,157.599624643136,1.75043848,104.987823606666,1.43849831,3.55947988312689,0.652830990513658,101.771888066802,NaN,NaN,NaN,NaN,15.7992786735,0.0363976003697727,10.1427335493268,NaN,6.56543528346668,18.9287655516117,NaN,,1300.21445331405,30,158.874789625919,2.235674416,104.971123676693,0.968416258,3.3825384696921,0.538639734605881,100.754652524059,NaN,NaN,NaN,NaN,17.7191200168333,0.030044510383642,10.8303781381013,NaN,6.08987946956987,19.9139331217812,NaN,,1299.93763360237,30,158.8850660267
36.0833333333333,0.0561251719999989,98.4437093152894,1.7945693926971,3.89568921763589,1.95811543174229,99.5713589765904,NaN,NaN,NaN,NaN,11.3460481638605,0.106945710655338,3.05357280902937,NaN,8.47813736581004,7.85046644287723,NaN,,1300.29925359952,30,157.519522678505,1.38076732121762,105.023438705756,3.459087596,3.59688281340729,2.97104496504214,100.090903036804,NaN,NaN,NaN,NaN,8.96214651159086,0.17847120090757,13.0539699827533,109.801334964825,8.09410280759051,24.6800904321932,0.0270583937972023,,1300.64744576887,29.9985116919819,160.625909730267,0.844360875999999,104.977446519338,2.039998428,3.40593418469019,0.619965149595087,101.4399341244,NaN,NaN,NaN,NaN,13.6293624734109,0.03455073938602,9.4196310692781,1.68307615756201,7.58033706533997,16.4975240051656,0.368469226850868,,1297.78770769891,30,158.581557927002,0.689744512,105.041313690036,1.20417797,3.26503732377286,1.10972272138619,101.366539538458,NaN,NaN,NaN,NaN,14.0757723602108,0.0615330940645563,9.19096058350962,5.38859301062722,7.06613032100408,16.3735297259876,0.205946574983848,,1299.9123953836,30,157.594114254764,1.75043848,104.977633195585,1.43849831,3.48555265048966,0.648380510466286,101.764302107981,NaN,NaN,NaN,NaN,15.9611717523925,0.0361552685432897,10.208002179996,NaN,6.56488591747052,19.0508378481142,NaN,,1300.09636228615,29.9991958304644,158.869264962798,2.235674416,104.966732900162,0.968416258,3.4165680131271,0.537041072987945,100.787163130413,NaN,NaN,NaN,NaN,17.9199601876667,0.0299597172066783,10.8536280301992,NaN,6.08975843609509,19.9577968486377,NaN,,1300.30528493775,30,158.879543562365
36.1666666666667,0.0561251719999989,98.2916312577607,1.81334037292563,3.89264134902771,1.98431428938902,99.7710529991659,NaN,NaN,NaN,NaN,11.4825940245,0.108369900023277,3.09154142566154,NaN,8.47652528599114,7.91729642296316,NaN,,1299.73790791375,30,157.532754076018,1.38609560374646,105.004412048932,3.459087596,3.58974301909803,2.92697361668015,100.138672524845,NaN,NaN,NaN,NaN,9.09677696650435,0.175825863756765,12.9936651794511,109.680261671442,8.09114272916811,24.5628853891494,0.0266866816208762,,1300.05561964558,29.9998818194577,160.625991632824,0.844360875999999,105.004988062528,2.039998428,3.43126380209125,0.615923719814879,101.415517740875,NaN,NaN,NaN,NaN,13.41017576205,0.0343227566393024,9.53659314452627,1.62965508994073,7.58031371724706,16.714643759761,0.377996497250528,,1299.28992387726,30,158.576040595172,0.689744512,105.041021971678,1.20417797,3.25662693118213,1.10290099392165,101.374543807162,NaN,NaN,NaN,NaN,14.2558263921434,0.061160742636562,9.14487599768834,5.3799105266181,7.06586243892954,16.2882709907112,0.205009520837283,,1300.14381134941,30,157.588603709787,1.75043848,105.029794367849,1.43849831,3.56776497783438,0.646340041364639,101.772419858681,NaN,NaN,NaN,NaN,15.5161130426075,0.0360322750700228,10.1836662234144,NaN,6.56458302229453,19.005318547816,NaN,,1299.0254400905,30,158.863740197409,2.235674416,105.012783759609,0.968416258,3.36779467797591,0.536535793649096,100.788308082872,NaN,NaN,NaN,NaN,17.7589775966667,0.029919632932608,10.8003935175931,NaN,6.0893312853624,19.8573844621115,NaN,,1299.33802537018,30,158.874020341571
36.25,0.0561251719999989,98.0187633029544,1.83309595709733,3.86120097899673,1.99659407279165,99.4154532190469,NaN,NaN,NaN,NaN,11.3619244531667,0.109077835599722,3.10332663579457,NaN,8.47805464979898,7.93804884326738,NaN,,1300.47969689512,30.0044218623961,157.54690184146,1.39033295308668,105.000921863921,3.459087596,3.57256021481088,2.89252133173786,100.145279907785,NaN,NaN,NaN,NaN,9.26410689732899,0.173795278863239,13.0937572543312,110.101988776305,8.0928897864192,24.7575303847033,0.0262714250788115,,1299.57346090522,29.9995990172274,160.625106104993,0.844360875999999,105.01670612841,2.039998428,3.43580805560797,0.615367580330376,101.416530738201,NaN,NaN,NaN,NaN,13.3930692217058,0.0342810876012537,9.48227689097513,1.6189570601778,7.5806214725529,16.6137774077324,0.380252611143154,,1300.30796022365,30,158.570521770928,0.689744512,104.986163543625,1.20417797,3.24164518764112,1.10109492108404,101.407113536558,NaN,NaN,NaN,NaN,13.9600633713333,0.0610803733232549,9.14761181653152,5.36665704962613,7.06626045218808,16.2933193121655,0.205176544570212,,1299.88497893189,29.997994231766,157.583093138826,1.75043848,105.014323222668,1.43849831,3.52972783740104,0.646488873757631,101.799770126895,NaN,NaN,NaN,NaN,15.7586668768333,0.0360402573903661,10.1713589658832,NaN,6.56433896673602,18.9822574549391,NaN,,1299.02060810045,30,158.858214706518,2.235674416,104.981206382968,0.968416258,3.31707933932831,0.535435115735584,100.797568486213,NaN,NaN,NaN,NaN,17.8394890766667,0.0298558194201259,10.7768140412775,NaN,6.08918340655965,19.8129310110943,NaN,,1299.47729376386,30,158.868495515489
36.3333333333333,0.0561251719999989,97.8406741507009,1.85145593254783,3.6167233190528,2.03516227207518,99.5731055802281,NaN,NaN,NaN,NaN,11.3199694456667,0.110570399911117,3.21684383409214,NaN,8.47555740559445,8.13797380867654,NaN,"Sample 1.50 mL to AMBR-96DWP-3/B1",1300.27368694406,30.0076228485758,157.227149660208,1.39515941350331,105.039265623143,3.459087596,3.43228382733232,2.86253294615547,100.142308249462,NaN,NaN,NaN,NaN,9.16031916566667,0.170778880005855,13.0621376185886,110.367909400048,8.09165625632823,24.6960051641287,0.0259076491968644,"Sample 1.50 mL to AMBR-96DWP-3/B2",1301.54403709203,29.9986367068658,160.281478800124,0.844360875999999,105.003347251877,2.039998428,3.19738685478231,0.613770149317713,101.440319090515,NaN,NaN,NaN,NaN,13.6036362338333,0.0340858423313463,9.45230970924976,1.61532596218786,7.58182959526233,16.5581318972129,0.379910091571736,"Sample 1.50 mL to AMBR-96DWP-3/B3",1298.57445573464,29.9980581007578,158.220917364869,0.689744512,105.014169815593,1.20417797,2.98852385084422,1.10256446948649,101.352455786036,NaN,NaN,NaN,NaN,13.959417607,0.0609063934270866,9.13622009207824,5.33688188705976,7.06629435308171,16.2722502836057,0.206713576921022,"Sample 1.50 mL to AMBR-96DWP-3/B4",1299.53950751041,29.9982529696562,157.218280722479,1.75043848,105.004648736413,1.43849831,3.26141458332988,0.647324587928794,101.761249524502,NaN,NaN,NaN,NaN,15.6494763175278,0.0359227069035771,10.1879391464788,NaN,6.56392151322951,19.0132811228633,NaN,"Sample 1.50 mL to AMBR-96DWP-3/B5",1300.27467904387,29.9972278097794,158.478582434995,2.235674416,105.001296836116,0.968416258,3.27910915615059,0.532410741089898,100.740189956663,NaN,NaN,NaN,NaN,17.7791582991018,0.0292624632761944,10.8096021786064,NaN,6.08961908713234,19.8747588731099,NaN,"Sample 1.50 mL to AMBR-96DWP-3/B6",1300.07503234987,29.998198680332,158.469355175425
36.4166666666667,0.0561251719999989,97.5429511059967,1.87187922414036,3.89468031078766,2.05908990732803,99.6938803918432,NaN,NaN,NaN,NaN,11.321886931265,0.110250031699059,3.2424890268679,NaN,8.47542584837375,8.18315505965872,NaN,,1300.61499146008,30.0031420372772,155.780390767644,1.39981881732901,105.027249589094,3.459087596,3.63723961902431,2.88271245037532,100.245560177632,NaN,NaN,NaN,NaN,8.91874312733333,0.16709313026671,13.0394757385332,111.420873528679,8.09091216976738,24.6519247123083,0.0255279263877844,,1300.11435274293,29.9977516613608,158.830225948124,0.844360875999999,104.980647240237,2.039998428,3.48168221502218,0.617247977778975,101.504606071612,NaN,NaN,NaN,NaN,13.7636223556667,0.0338733174646779,9.44659083645551,1.58881600202804,7.58239511666305,16.5475249226148,0.385621341339408,,1300.87589583969,29.9951220097109,156.765484270305,0.689744512,105.005717354715,1.20417797,3.21996642969981,1.11238501539813,101.48146460463,NaN,NaN,NaN,NaN,14.0007866686667,0.0607733804571953,9.13588820918805,5.37622792727069,7.06659940305356,16.2716450904559,0.208310064350001,,1299.06977634885,29.9969258741088,155.778075481441,1.75043848,104.991638325114,1.43849831,3.62648291107249,0.652273117037175,101.836388277707,NaN,NaN,NaN,NaN,15.7889184853055,0.0356354387137364,10.2198519419642,NaN,6.56408140086326,19.0730258435517,NaN,,1300.18759091665,29.9947476517544,157.053162990135,2.235674416,104.968782495597,0.968416258,3.4300547647106,0.540832829234048,100.899663830901,NaN,NaN,NaN,NaN,17.7383102877315,0.0286578859485281,10.7898165755108,NaN,6.08912077068878,19.8374347596107,NaN,,1298.07093124889,29.9953741687406,157.063447630244
36.5,0.0561251719999989,97.4141657756616,1.89055090215526,3.91551939565132,2.10291992724876,99.6812000943164,NaN,NaN,NaN,NaN,11.4675978213748,0.113579316874874,3.27069637049319,NaN,8.47481418310864,8.23286482329735,NaN,,1298.76913598043,30.0100002288818,155.793659501408,1.403822142112,105.00288096488,3.459087596,3.58036491424161,2.80835466993778,100.269322945627,NaN,NaN,NaN,NaN,9.0404931265,0.166849629047896,13.0463110959266,111.097408804805,8.09280598771028,24.6651991841753,0.025278422827982,,1302.0965637309,30,158.82904326627,0.844360875999999,104.986613054057,2.039998428,3.43801206461075,0.61939854084459,101.515913012166,NaN,NaN,NaN,NaN,13.5070419270609,0.0341207205710082,9.41646609612385,1.57645990566936,7.58313367945473,16.4916145719484,0.393110375480332,,1299.91096061604,30,156.759966773022,0.689744512,104.961855286964,1.20417797,3.23588386385107,1.11231668448517,101.447943301452,NaN,NaN,NaN,NaN,13.9196654066667,0.061000184734885,9.11164174389983,5.29450374654618,7.06615700370616,16.2267998836789,0.210095292350363,,1299.31092709567,30,155.772566850139,1.75043848,104.984441443302,1.43849831,3.55085953462492,0.650127589421075,101.848398938169,NaN,NaN,NaN,NaN,15.2495950161014,0.0358397208420484,10.190921547043,NaN,6.56410682382281,19.0188715825333,NaN,,1300.88528141872,30.0004014731938,157.047638671836,2.235674416,105.005827499069,0.968416258,3.34137121062164,0.525267212372623,100.904830233758,NaN,NaN,NaN,NaN,17.7193627716667,0.0289596900453796,10.8282732782129,NaN,6.08891995523329,19.9099610867512,NaN,,1298.9316728585,30,157.057924481377
36.5833333333333,0.0561251719999989,97.322930487142,1.91071146213356,3.8752003313555,2.13611566415952,99.599675632238,NaN,NaN,NaN,NaN,11.2530865686936,0.115306919125808,3.38753508397578,NaN,8.47363149793981,8.43885903648404,NaN,,1299.82961884199,30.0083938907081,155.808123992847,1.40782942573748,104.993165845607,3.459087596,3.5726876100778,2.76453070295216,100.308519171965,NaN,NaN,NaN,NaN,9.12053137133333,0.164275780105718,12.96093672246,111.241561698434,8.09417955854669,24.4992485396824,0.0248516189017801,,1300.02999446747,30,158.827868427393,0.844360875999999,104.962342136413,2.039998428,3.46515070757843,0.617053529008875,101.484552498722,NaN,NaN,NaN,NaN,13.5369172220299,0.034000001847744,9.51268151845806,1.58097481938835,7.58304643771606,16.6702217076188,0.390461780460907,,1299.51124798923,30,156.754449189785,0.689744512,104.995093457508,1.20417797,3.21788484234812,1.11087906794549,101.512505152136,NaN,NaN,NaN,NaN,13.8798795765,0.0609195327958809,9.05666270292635,5.26014683838607,7.06627114762867,16.1251823181513,0.211215472851892,,1298.94196066798,30,155.767059395194,1.75043848,105.032792841637,1.43849831,3.51646090143461,0.652593081053306,101.894915502516,NaN,NaN,NaN,NaN,15.6265876130604,0.0359597771319379,10.1420488423379,NaN,6.56371775062436,18.9274160345051,NaN,,1300.10839015774,30,157.042113588256,2.235674416,105.010732781842,0.968416258,3.38160390757009,0.526081746407927,100.929377235297,NaN,NaN,NaN,NaN,17.678750351,0.028999999165535,10.7656957860365,NaN,6.08886979719178,19.7919875282716,NaN,,1300.57843242445,30,157.052400297831
36.6666666666667,0.0561251719999989,97.0391088300041,1.93412221315818,3.98743687496863,2.16002838186761,99.5936755579197,NaN,NaN,NaN,NaN,11.2809066213333,0.116564790049386,3.41286621534702,NaN,8.47328679500195,8.48352705284549,NaN,,1299.96463588607,30.0033657971302,155.825833758938,1.41191986545155,104.983750142359,3.459087596,3.60548082848289,2.72790121020279,100.265652624048,NaN,NaN,NaN,NaN,9.04038084133333,0.162104875758665,12.9170374910646,111.204380529225,8.09405262031705,24.4140400401402,0.0245307193745604,,1299.36388317909,30,158.826710727797,0.844360875999999,104.970746463415,2.039998428,3.41675604337845,0.617892663699433,101.500218116879,NaN,NaN,NaN,NaN,13.3209737582425,0.0340401351462348,9.38007935760296,1.57285694903732,7.58275758102826,16.4241401949699,0.393673874413316,,1300.45523939926,30,156.748932260539,0.689744512,104.980758229133,1.20417797,3.27494869960335,1.11100222651039,101.471834330322,NaN,NaN,NaN,NaN,14.4003116053333,0.060919765435519,9.13815238222166,5.23594975065631,7.06588301410281,16.275822674633,0.212205489009112,,1300.76552243677,30,155.761551162062,1.75043848,105.030146718087,1.43849831,3.58529801374132,0.653179482957557,101.833404184568,NaN,NaN,NaN,NaN,15.5373627251715,0.0359999984502792,10.2038772110157,NaN,6.56326225926907,19.0431212855272,NaN,,1300.57805396818,30,157.03658796078,2.235674416,105.022252691174,0.968416258,3.3844646295531,0.526207881024156,100.937961202229,NaN,NaN,NaN,NaN,17.4772132003333,0.028999999165535,10.816043048431,NaN,6.08848452098272,19.8869389378167,NaN,,1301.33070354556,30,157.046875357426
36.75,0.0561251719999989,96.8768374359773,1.95913897952543,3.86595752795782,2.19062323782757,99.6584808426878,NaN,NaN,NaN,NaN,11.4990666486667,0.118240861222372,3.47192053429616,NaN,8.47453643597831,8.58770299383579,NaN,,1298.47980950161,30.0004012732075,155.845342449786,1.41644882644823,105.004229752162,3.459087596,3.60962243702249,2.68670100402241,100.314877609688,NaN,NaN,NaN,NaN,8.91991260366667,0.159653284277946,13.0032347740331,111.243460473052,8.09222022474782,24.5814472059494,0.0241514516994506,,1299.52423618771,30,158.826121121695,0.844360875999999,104.994038839031,2.039998428,3.49561807493882,0.620884000699669,101.516357838802,NaN,NaN,NaN,NaN,13.7378252488333,0.034200751794223,9.42016125649618,1.56597173466507,7.58320973356089,16.4984775192803,0.396716532254922,,1299.66467350007,30,156.743414371514,0.689744512,105.021645292539,1.20417797,3.17458599583852,1.11269988874873,101.504483302439,NaN,NaN,NaN,NaN,14.2824724898333,0.0610000006854534,9.10816912900977,5.21158690812409,7.06647660472987,16.2203758823101,0.213518050728732,,1299.780517297,30,155.756043125086,1.75043848,104.987224466141,1.43849831,3.54067168670316,0.653317532235109,101.902860854686,NaN,NaN,NaN,NaN,15.6023082866667,0.0359999984502792,10.228210514528,NaN,6.56310073880825,19.0886741492311,NaN,,1300.6276230964,30,157.031061682963,2.235674416,104.993157807217,0.968416258,3.40710385992067,0.525403656495032,101.002157385342,NaN,NaN,NaN,NaN,17.478322586,0.0289599865053392,10.8803669603018,NaN,6.08800029754639,20.0082687586194,NaN,,1299.55162122859,30,157.041350256606
36.8333333333333,0.0561251719999989,96.5440202605216,1.98341415652386,3.98263146143209,2.20838548963041,99.3857391743993,NaN,NaN,NaN,NaN,11.2226143653587,0.119231581843987,3.55840723195919,NaN,8.47562368933103,8.74035868533028,NaN,,1296.78239993208,30,155.863932674818,1.42047952311228,104.998420265046,3.459087596,3.62742162454687,2.66701379337897,100.381588773987,NaN,NaN,NaN,NaN,9.040142418,0.158468780771431,13.0187706404142,111.20660736546,8.09267089060431,24.611641163558,0.0239825519206459,,1299.86509264336,30,158.824969113038,0.844360875999999,104.976880409395,2.039998428,3.53757794415178,0.620868669116223,101.569978001862,NaN,NaN,NaN,NaN,13.5470398862697,0.0342004563998915,9.45440102775023,1.55998665197576,7.58348128116223,16.5620158787017,0.398240227155356,,1300.19801069575,29.9987962797613,156.737896715993,0.689744512,104.936612719966,1.20417797,3.21809611273967,1.1108128540315,101.526137716249,NaN,NaN,NaN,NaN,13.9602462156667,0.060919930089186,9.10939015612275,5.21653419710626,7.06669001398867,16.2226419549491,0.212951597320101,,1300.54982170813,30,155.750534611737,1.75043848,104.959247598284,1.43849831,3.53073087224965,0.653078232837764,101.898492322423,NaN,NaN,NaN,NaN,15.4809488855641,0.0359999984502792,10.1750457832584,NaN,6.56353254453995,18.9891533086968,NaN,,1300.23254625551,30,157.025536881067,2.235674416,105.001819420966,0.968416258,3.44061571913735,0.522434540267392,100.996076343624,NaN,NaN,NaN,NaN,17.5981920635,0.0287984635028907,10.8202230230427,NaN,6.08800029754639,19.8947787534539,NaN,,1300.82599887379,30,157.035826237815
36.9166666666667,0.0561251719999989,96.3773295845152,2.00757868205571,3.99679686546493,2.24294151006867,99.7217209199895,NaN,NaN,NaN,NaN,11.4424773884746,0.121091751963895,3.61241649409504,NaN,8.4754093906882,8.83571108152083,NaN,,1298.47864586656,30,155.882580008605,1.42438958310355,104.98111972161,3.459087596,3.60726793070323,2.62787278075264,100.383230033322,NaN,NaN,NaN,NaN,9.04026061961048,0.156184951818032,13.0242956920185,111.193681455914,8.09277228425055,24.6224078322924,0.0236332558360525,,1298.97435149588,29.9977220495092,158.823696024779,0.844360875999999,104.967043507125,2.039998428,3.50636083391582,0.617228132023668,101.596464015574,NaN,NaN,NaN,NaN,13.363072920897,0.034000001847744,9.42532625759449,1.52314782222312,7.58394994726131,16.5080745452256,0.405460510266078,,1299.84767578678,30,156.732379735324,0.689744512,104.992415698751,1.20417797,3.23471017494312,1.11096271112613,101.543449470216,NaN,NaN,NaN,NaN,14.1606315671667,0.060920512177199,9.17981176234618,5.19455725016047,7.0669106337135,16.3528966386293,0.213874741140242,,1299.60909822743,30,155.745028445397,1.75043848,104.982156838873,1.43849831,3.43465799991097,0.652996497652136,101.944393914906,NaN,NaN,NaN,NaN,15.7311451112692,0.0359999984502792,10.1445900113094,NaN,6.5633410092137,18.9321644434535,NaN,,1299.86085529588,30,157.020014398338,2.235674416,104.985096547838,0.968416258,3.36628351988858,0.521942276948025,101.049078419172,NaN,NaN,NaN,NaN,17.8110374286882,0.0287708468941589,10.7421597461289,NaN,6.08800029754639,19.7476366372954,NaN,,1298.38299046525,30,157.030302045213
37,0.0561251719999989,96.2235363686747,2.03262430815659,3.8782042215218,2.26457066013454,99.4879063203846,NaN,NaN,NaN,NaN,11.5263775135,0.122256209263355,3.70992140138946,NaN,8.47559680700551,9.0079635521312,NaN,,1297.7710090474,30.0020533133239,155.90192538753,1.42815860431686,104.964015485406,3.459087596,3.58581930265911,2.6018182882546,100.444842223807,NaN,NaN,NaN,NaN,9.20078639355618,0.154627178997715,12.8978029439016,110.95454413938,8.09299041187213,24.3766664370478,0.0234501343870343,,1298.8368977815,29.9990634261479,158.822284037678,0.844360875999999,104.991029378532,2.039998428,3.49242976838336,0.617353976202613,101.615512284231,NaN,NaN,NaN,NaN,13.4423086871667,0.034000001847744,9.43403072755582,1.47564691759378,7.58419047392378,16.5242043671562,0.418462272388016,,1299.12849019821,30,156.726862198387,0.689744512,104.99587731329,1.20417797,3.23913711903656,1.11147392300879,101.546123590207,NaN,NaN,NaN,NaN,13.9195074303333,0.060919405051622,9.17008568202135,5.14804428145892,7.06730144525138,16.3349050819486,0.215910527261304,,1300.00935249958,30,155.739519534323,1.75043848,105.047920493933,1.43849831,3.52481292715454,0.652673132328496,101.926490268129,NaN,NaN,NaN,NaN,15.6023131266104,0.0359597659591236,10.1586931336189,NaN,6.56357988417158,18.9585490619097,NaN,,1301.60931344971,30,157.014490171443,2.235674416,104.992053356146,0.968416258,3.38087816710966,0.516416710362423,101.015213636735,NaN,NaN,NaN,NaN,17.4657682866451,0.0284658979674766,10.7809753890684,NaN,6.08800029754639,19.8207769897483,NaN,,1299.23258445222,30,157.024778686469
37.0833333333333,0.0561251719999989,95.8619410233394,2.05838079998933,3.92957753124424,2.28279990519122,99.4414932509664,NaN,NaN,NaN,NaN,11.3921614834625,0.123245257725788,3.72685125141532,NaN,8.47652910074336,9.03788443595689,NaN,,1298.50159200678,30.0088087101174,155.922082484386,1.43179630707689,105.009726328542,3.459087596,3.60380626714794,2.56613412725855,100.522128042376,NaN,NaN,NaN,NaN,9.120618198,0.152499821495177,12.9475287220494,111.202435966852,8.09371380216464,24.4732466431295,0.0230763555674011,,1300.31337897097,29.9996013086932,158.820739154697,0.844360875999999,105.017914365548,2.039998428,3.44582183675101,0.617544378582628,101.554123504009,NaN,NaN,NaN,NaN,13.2334016930808,0.034000001847744,9.45151248726704,1.44762538588125,7.58378385884587,16.5566504401177,0.426822466335275,,1300.94974030565,30,156.721343630776,0.689744512,105.013441019386,1.20417797,3.23077372819695,1.11141482497023,101.62035893328,NaN,NaN,NaN,NaN,13.8793288578333,0.0609196394004303,9.14852888709888,5.14399753171624,7.06747855690475,16.2950289934128,0.216071671517616,,1299.97331361431,30,155.734009389063,1.75043848,104.982507306277,1.43849831,3.60488317845105,0.653486696676668,101.916036966899,NaN,NaN,NaN,NaN,15.4752747610563,0.0359999984502792,10.2083190887603,NaN,6.56291112795616,19.0514434135418,NaN,,1300.60133366851,30,157.008963096023,2.235674416,104.999275968501,0.968416258,3.37750709133902,0.518857190099639,101.092639009973,NaN,NaN,NaN,NaN,17.7183763301667,0.0285983045679078,10.7624875164429,NaN,6.08791999602551,19.7859289623459,NaN,,1301.74528460302,30,157.019254812988
37.1666666666667,0.0561251719999989,95.5873584396603,2.08463669495368,3.90102928708588,2.31517360665779,99.592114873937,NaN,NaN,NaN,NaN,11.4077647942042,0.125029369189995,3.7828914139264,NaN,8.47653133460742,9.13692848978643,NaN,,1302.08253098724,30.0051395907402,155.94274336647,1.43556070914704,105.023665607416,3.459087596,3.63744635008771,2.53875082231053,100.584809450748,NaN,NaN,NaN,NaN,9.00033875583333,0.150813456406826,12.9577417524486,111.135580180601,8.0934341019307,24.4930439961276,0.0228439904526999,,1299.34832008202,30,158.819319896313,0.844360875999999,104.977631074185,2.039998428,3.40553226068198,0.618123951686838,101.618614322311,NaN,NaN,NaN,NaN,13.6813227677525,0.0340401553877004,9.45466571734292,1.44801835057658,7.58520146859356,16.5625042738677,0.427050005286536,,1300.19319559127,30,156.71582442121,0.689744512,105.004958408837,1.20417797,3.20676412522047,1.11226087828767,101.561793657841,NaN,NaN,NaN,NaN,13.9313977373706,0.060959794119306,9.16071662444669,5.08939125832208,7.06698470465045,16.3175662294528,0.218549990981423,,1299.55383408054,30,155.728499775264,1.75043848,104.91919023904,1.43849831,3.5482940532739,0.652977469257795,101.966336421009,NaN,NaN,NaN,NaN,15.3214357486667,0.0359999984502792,10.1221131713423,NaN,6.56292197582716,18.8901215267991,NaN,,1300.54363537707,30,157.003439154406,2.235674416,104.975171965546,0.968416258,3.40945219396625,0.521402305131483,101.150835128515,NaN,NaN,NaN,NaN,17.5977461024032,0.0287430529728519,10.7705013385791,NaN,6.087558236868,19.80106081479,NaN,,1300.02924883867,30,157.013730449981
37.25,0.0561251719999989,95.3090963779718,2.11147781176461,3.96990489606097,2.34223876112647,99.3661311455681,NaN,NaN,NaN,NaN,11.3502091086896,0.126549838513529,3.85150340748659,NaN,8.47627386474435,9.25826782620682,NaN,,1298.43035571755,30.0004860293588,155.963984261394,1.4393863326138,104.947084903427,3.459087596,3.6608534323241,2.50190212679756,100.611957368906,NaN,NaN,NaN,NaN,8.99976542083333,0.148701041777544,12.9809988229363,111.207993672524,8.09287142283508,24.5382377779782,0.0224975108184744,,1298.56668089316,30,158.817894113679,0.844360875999999,105.013135110155,2.039998428,3.5087280974283,0.618330337742942,101.611358154209,NaN,NaN,NaN,NaN,13.2903317965863,0.0340401032299557,9.50923993737878,1.45552291521493,7.58552893901381,16.6638583759971,0.424997704556781,,1298.51942451062,30,156.710305547059,0.689744512,105.021544984822,1.20417797,3.25168705449574,1.11306591902827,101.590185789391,NaN,NaN,NaN,NaN,13.9879050652961,0.0610000006854534,9.09733356389615,5.03968345083751,7.06720342268171,16.200354707481,0.220867655121539,,1300.72739635999,30,155.722990218452,1.75043848,105.070191300945,1.43849831,3.59233569573974,0.653344219456876,102.015424586262,NaN,NaN,NaN,NaN,15.3912731835,0.0359999984502792,10.1611523295815,NaN,6.56231833305892,18.9631520884447,NaN,,1299.62445620504,30,156.997916759318,2.235674416,105.032989217194,0.968416258,3.34636732881744,0.512516653052026,101.118300838534,NaN,NaN,NaN,NaN,17.5985943982635,0.0282405266341777,10.730115954809,NaN,6.08722544265295,19.7250110809006,NaN,,1299.84186248497,30,157.008206571504
37.3333333333333,0.0561251719999989,95.0002162728615,2.13880087873045,3.98942598483679,2.36668217872492,99.4532885234579,NaN,NaN,NaN,NaN,11.4391585208104,0.127854232275957,3.95208759393817,NaN,8.47561195481429,9.43620464640664,NaN,,1301.82456304958,30.0066813796228,155.985691541294,1.44285760915092,104.99628585859,3.459087596,3.60142114556827,2.47478908714226,100.677965167827,NaN,NaN,NaN,NaN,8.95969073016667,0.147070169839994,12.9504316096476,110.943082801851,8.09298059813866,24.4788864744493,0.0223070368434373,,1299.39294304815,30.0008004727576,158.816251807581,0.844360875999999,105.019833006002,2.039998428,3.42474365762761,0.617560045480875,101.649956171459,NaN,NaN,NaN,NaN,13.5843941540804,0.034000001847744,9.45379960582454,1.4178670760374,7.58544341568526,16.5608953147873,0.435764828947177,,1301.7008812173,30,156.704786274556,0.689744512,105.002595040726,1.20417797,3.19093889529717,1.1111271024541,101.551024609356,NaN,NaN,NaN,NaN,13.9999990688333,0.0608794393939628,9.12730740640265,5.06257597399118,7.06751986984027,16.2557723372122,0.219482753681678,,1299.935398177,30,155.717479693271,1.75043848,105.054843326525,1.43849831,3.53659012632238,0.652969789037407,102.007490345939,NaN,NaN,NaN,NaN,15.7589549403333,0.0359597156395424,10.1456015352219,NaN,6.5616899019542,18.9340663539901,NaN,,1300.70923336984,30,156.99238936814,2.235674416,105.013995461508,0.968416258,3.42314889645568,0.508224396069879,101.1273968798,NaN,NaN,NaN,NaN,17.7190645913333,0.0280000008642673,10.7716703890161,NaN,6.08704059803972,19.8032629477124,NaN,,1298.6625304702,30,157.002680739214
37.4166666666667,0.0561251719999989,94.7959844216551,2.16686888191684,3.95392908650355,2.40317674264705,99.4292641299723,NaN,NaN,NaN,NaN,11.5986051573333,0.129784778802116,4.05422029345635,NaN,8.47475082247094,9.61702059199541,NaN,,1299.46698879236,30.0100002288818,156.008143810317,1.44651843130857,105.023962079398,3.459087596,3.6291514176404,2.43807489872954,100.714451753548,NaN,NaN,NaN,NaN,8.99402375993848,0.144839155958391,12.8966260287357,110.903349112826,8.09254651940014,24.3743752352053,0.021984002160358,,1301.03812029692,29.9995441678831,158.814731332295,0.844360875999999,104.986990403139,2.039998428,3.52396154070112,0.617628538589874,101.631810926338,NaN,NaN,NaN,NaN,13.5397467498333,0.034000001847744,9.51173256088524,1.39842454465329,7.5853397681289,16.6684825110071,0.441781954679072,,1299.77879690437,30,156.699266391514,0.689744512,105.021203813661,1.20417797,3.22243511052122,1.11239383827574,101.605615039179,NaN,NaN,NaN,NaN,13.7551804195332,0.0609554470526962,9.13707651957763,5.02350669161511,7.06752201616891,16.2738463270908,0.221451914830496,,1299.02676039204,30,155.711969278761,1.75043848,104.990140449096,1.43849831,3.60837711528262,0.652789219654412,102.094504100398,NaN,NaN,NaN,NaN,15.51835904,0.0359598466304865,10.1722151252404,NaN,6.56156065884848,18.9839070121492,NaN,,1302.39606456998,30,156.986862483927,2.235674416,104.947281722881,0.968416258,3.51050621076884,0.506463331827865,101.195996069246,NaN,NaN,NaN,NaN,17.5619318464586,0.0279196708784335,10.7660283252785,NaN,6.0870807462001,19.7926057839542,NaN,,1297.72894356992,30,156.997156547152
37.5,0.0561251719999989,94.3785850424148,2.19514450459079,3.99173082613564,2.42863254816127,99.3944366647349,NaN,NaN,NaN,NaN,11.3802073761667,0.131199808350481,4.11204796445014,NaN,8.47400620348222,9.71944646924611,NaN,,1299.14125401559,30.0100002288818,156.030847616512,1.44999326096048,104.976901845873,3.459087596,3.5923365402263,2.4096449664925,100.817490347662,NaN,NaN,NaN,NaN,9.24574176772819,0.14321665118446,12.9106524296451,111.216076777861,8.09281715689494,24.4015990762921,0.0216663968974537,,1301.15055306372,29.9988497150883,158.81302328941,0.844360875999999,105.007835494647,2.039998428,3.50898791188059,0.617551099344394,101.661786076281,NaN,NaN,NaN,NaN,13.6974154745,0.034000001847744,9.48448564090399,1.42912463086505,7.58507731265763,16.6178702237336,0.432391911716299,,1300.65777890146,30,156.69374694915,0.689744512,105.01543549284,1.20417797,3.24941773407087,1.10676921070747,101.635068780401,NaN,NaN,NaN,NaN,13.6805556894052,0.0606426988721622,9.10437786140008,4.99280005477521,7.06720303883438,16.2133672911557,0.221682260972703,,1300.67822721068,30,155.706459216631,1.75043848,105.068646864914,1.43849831,3.59904873243949,0.65066242940737,102.064296381869,NaN,NaN,NaN,NaN,15.5419944608333,0.0358392891982817,10.1703645976562,NaN,6.56190187551022,18.9803985636437,NaN,,1300.13540826109,30,156.981336530602,2.235674416,105.006828385596,0.968416258,3.41241440330295,0.508067666204807,101.23942612955,NaN,NaN,NaN,NaN,17.7110102639453,0.0280000008642673,10.7367898073932,NaN,6.08700037002563,19.7375261112491,NaN,,1299.87179242314,30,156.991634153475
37.5833333333333,0.0561251719999989,94.1686432395385,2.22517941260875,3.87675340844874,2.46532040858319,99.6554384860845,NaN,NaN,NaN,NaN,11.2816340916667,0.133083455307726,4.16766421924361,NaN,8.47367794332776,9.81799535431241,NaN,,1300.37030553676,30.0100002288818,156.055252545583,1.45321373829683,105.014921901847,3.459087596,3.56405543783998,2.38264388472793,100.864430834573,NaN,NaN,NaN,NaN,9.160423494,0.141569689445297,12.9048337722009,111.026372644496,8.09327262367892,24.3903735058479,0.0214604926227061,,1299.52018671479,30,158.811061018767,0.844360875999999,104.978195273324,2.039998428,3.45563552617483,0.617615609753794,101.675176741002,NaN,NaN,NaN,NaN,13.5992557610435,0.034000001847744,9.50529894412105,1.42307476407866,7.58555119483764,16.6565058506209,0.434206833366211,,1298.54321048929,30,156.688227954897,0.689744512,104.99315452934,1.20417797,3.2550138914651,1.11180591383744,101.65666768964,NaN,NaN,NaN,NaN,14.002269122895,0.0609196465362781,9.12774188799079,4.97634045050771,7.06718621276524,16.2565732046251,0.223429651993282,,1302.27766156807,30,155.70094930265,1.75043848,105.03606406361,1.43849831,3.56893822973243,0.653740070029121,102.083589396162,NaN,NaN,NaN,NaN,15.4815103461367,0.0359999984502792,10.1596474524354,NaN,6.5625614415885,18.960360208523,NaN,,1300.62943855472,29.9995984786784,156.975808821773,2.235674416,105.023269402557,0.968416258,3.39273949466381,0.509675740959458,101.217728846236,NaN,NaN,NaN,NaN,17.6511267524704,0.0280805887908698,10.7391314373308,NaN,6.08700037002563,19.7419113368767,NaN,,1302.22677618648,30,156.98610961935
37.6666666666667,0.0561251719999989,93.9461284332396,2.25614118308701,4.04200728439602,2.50747766113627,99.4258671852769,NaN,NaN,NaN,NaN,11.2911910374418,0.135289319911763,4.29691575061122,NaN,8.47480506715203,10.0471692170165,NaN,,1300.14199192846,30.0030913264466,156.080511190739,1.45674223008649,104.998804251468,3.459087596,3.67498259534258,2.35307657222263,100.914530230173,NaN,NaN,NaN,NaN,9.2408798935,0.139817197059978,12.93848738001,111.0088161422,8.09271832067374,24.4556484791432,0.0211971729901715,,1299.54111880401,30,158.809407203228,0.844360875999999,104.990878499908,2.039998428,3.45387238037238,0.617519959520908,101.740818550236,NaN,NaN,NaN,NaN,13.4766961872898,0.034000001847744,9.47900266972156,1.41022552080294,7.58617793111865,16.6076883921681,0.438152154852341,,1298.84461512314,30,156.68270964924,0.689744512,104.978878026997,1.20417797,3.29282030179074,1.11085247994216,101.593105441472,NaN,NaN,NaN,NaN,14.1210831691644,0.0608795581247034,9.12003811209926,4.91552587224549,7.06713311753501,16.2423263498856,0.226005629942481,,1300.44692112921,30,155.69543999966,1.75043848,104.932803392417,1.43849831,3.60009175654927,0.652585718830761,102.089240999207,NaN,NaN,NaN,NaN,15.3200850355563,0.0359598218700286,10.141404679232,NaN,6.56231601863391,18.9262320454017,NaN,,1300.13190947256,30,156.970282971003,2.235674416,104.994564595001,0.968416258,3.43793310739217,0.508892591354657,101.325590295443,NaN,NaN,NaN,NaN,17.6309566916257,0.0280401263828826,10.7567553657472,NaN,6.08700037002563,19.7751394429257,NaN,,1299.82098498588,30,156.980584905705
37.75,0.0561251719999989,93.6545307221757,2.28685100090434,3.94931463972559,2.53398427255532,99.3107221102914,NaN,NaN,NaN,NaN,11.3520414918915,0.136803553622619,4.34033622293581,NaN,8.47377345399245,10.1241896089428,NaN,,1301.76991170957,30.0080720332399,156.105691051883,1.45984519165254,105.000701400036,3.459087596,3.6152646150985,2.32755437843877,100.910625683322,NaN,NaN,NaN,NaN,9.16057998266666,0.138297926696417,12.9429718679547,110.935969039768,8.09312658809331,24.4643565347716,0.0209816353151909,,1300.75655516594,30,158.807326629138,0.844360875999999,105.037608126118,2.039998428,3.49688689816325,0.617740636864507,101.705438054952,NaN,NaN,NaN,NaN,13.55741368,0.034000001847744,9.45417448916847,1.40333344161079,7.58680205047267,16.5615940435369,0.440381839944621,,1298.8645198971,30,156.677190943793,0.689744512,105.006062677461,1.20417797,3.27973062856163,1.11122381136047,101.651454302093,NaN,NaN,NaN,NaN,14.2612900534253,0.0608792871014875,9.13325452958972,4.87029361022596,7.06694003481504,16.2667680801361,0.228170824240986,,1300.2871726969,30,155.68993027331,1.75043848,105.042175276278,1.43849831,3.51626051706793,0.647624111938013,102.034852983532,NaN,NaN,NaN,NaN,15.6101098242528,0.0356818893739416,10.1372211427968,NaN,6.56161966844002,18.9183880943125,NaN,,1302.018480036,30,156.964760572093,2.235674416,105.008511775782,0.968416258,3.38146925659188,0.501672619160625,101.27522961917,NaN,NaN,NaN,NaN,17.6382398706667,0.0276379723150929,10.7606586245924,NaN,6.08700037002563,19.7824786601527,NaN,,1301.56454998797,30,156.975060459534
37.8333333333333,0.0561251719999989,93.2731997629873,2.31937527289067,3.97420676087152,2.56389405077018,99.3866168971675,NaN,NaN,NaN,NaN,11.361671193,0.13840752441245,4.4126095335638,NaN,8.47433488286232,10.2524613165901,NaN,,1300.03293552387,30.0100002288818,156.132562805691,1.4631007959071,104.955558896132,3.459087596,3.66338700437956,2.28502301520851,100.925596685178,NaN,NaN,NaN,NaN,9.160677016,0.135839170396923,12.8656086889636,111.17469559281,8.09303324273773,24.3141761160773,0.0205535039297754,,1300.17863306274,29.9913811744769,158.805409291743,0.844360875999999,105.007609243054,2.039998428,3.4837822681608,0.617100991997863,101.745361416956,NaN,NaN,NaN,NaN,13.7258872020987,0.0339597848734088,9.49229700400083,1.34272840741149,7.58683068290451,16.6323602415304,0.459922545762777,,1299.86494402886,30,156.671670547272,0.689744512,104.99781014763,1.20417797,3.2743763847668,1.1108072494565,101.65071984501,NaN,NaN,NaN,NaN,13.8997897732436,0.0608637574213491,9.12818492015616,4.83526776687727,7.06641796148987,16.257410644239,0.229747541370009,,1298.84539514018,30,155.684419197247,1.75043848,105.015489342878,1.43849831,3.58673091519455,0.649264111037202,102.074317149703,NaN,NaN,NaN,NaN,15.5542831055541,0.0357570626396836,10.1248520974304,NaN,6.56172324450089,18.8952452539506,NaN,,1299.92801516665,30,156.959234212194,2.235674416,104.982009645767,0.968416258,3.4273305346758,0.499011435051947,101.350918445861,NaN,NaN,NaN,NaN,17.6796694791667,0.0274970782901652,10.7299853949507,NaN,6.08700037002563,19.7246775884394,NaN,,1301.37639128338,30,156.969535801973
37.9166666666667,0.0561251719999989,92.8451210280615,2.35232044575597,4.03195977178802,2.58580761280441,99.1041193852106,NaN,NaN,NaN,NaN,11.3136159489216,0.139680570809616,4.50533297332645,NaN,8.47451937972826,10.4171085246039,NaN,,1299.7914279788,30.0095970984718,156.159792203618,1.4664286805724,104.993637954759,3.459087596,3.60749211932126,2.263845724629,101.028657305324,NaN,NaN,NaN,NaN,9.201097516,0.134529992215662,12.8833482405151,111.005359523786,8.09256187387914,24.3486192130106,0.0203941316338206,,1299.78535197382,29.9965648218402,158.803608028921,0.844360875999999,105.048875071795,2.039998428,3.42300791362481,0.617837485644813,101.713506257895,NaN,NaN,NaN,NaN,13.5187889199013,0.033998232968162,9.44539186475719,1.31093492501275,7.58798429951413,16.545287417453,0.471534674122072,,1300.67604395734,30,156.666150253564,0.689744512,105.038279822115,1.20417797,3.25350449861563,1.10671468812522,101.668738201528,NaN,NaN,NaN,NaN,13.8798205175,0.0606153038085049,9.10132673088489,4.80249852818654,7.06663891162703,16.2077398207544,0.230464421323933,,1300.14724883517,30,155.67890917083,1.75043848,104.966388823346,1.43849831,3.54474151936609,0.646296724755766,102.063092515598,NaN,NaN,NaN,NaN,15.4431094691667,0.035605368520996,10.1527738565251,NaN,6.56139363557345,18.9474722569164,NaN,,1299.19750421593,30,156.95370866283,2.235674416,105.005806689569,0.968416258,3.41397120809205,0.49588053345278,101.389920682741,NaN,NaN,NaN,NaN,17.7597582971667,0.0273218893906162,10.7937330727238,NaN,6.08663902326517,19.8448177461922,NaN,,1300.04750552882,30,156.964011659553
38,0.0561251719999989,92.5553288725413,2.38649274541333,4.00103209054062,2.60894401044153,99.7455414012359,NaN,NaN,NaN,NaN,11.2892481009117,0.141102917796089,4.52952595393694,NaN,8.47545177022666,10.4600856169788,NaN,,1297.54019550499,30.0100002288818,156.188442384225,1.46959377102749,105.005858001396,3.459087596,3.69694287110419,2.24166557863349,101.045842488446,NaN,NaN,NaN,NaN,9.16080481033333,0.133202677854411,12.8288823594654,111.008930455073,8.09243469146413,24.2429921484746,0.0201936008421891,,1300.98263838829,30,158.801531575445,0.844360875999999,105.032043254995,2.039998428,3.39644745211754,0.617314282988844,101.7127773305,NaN,NaN,NaN,NaN,13.4025424311264,0.0339606840379352,9.43383993636138,1.34670524259843,7.5880036151334,16.5238626380953,0.459154715286296,,1299.67964358881,30,156.660628936677,0.689744512,105.00687859315,1.20417797,3.22076771768067,1.10703202703424,101.704867414073,NaN,NaN,NaN,NaN,13.9596825375,0.0606393203072768,9.13069202005961,4.78366643412709,7.06700068299332,16.2620279350723,0.231437234645688,,1300.74546807567,30,155.67339763739,1.75043848,104.951299661711,1.43849831,3.59610319326037,0.649514189378344,102.153187179499,NaN,NaN,NaN,NaN,15.2718655475,0.0357904448924102,10.1328476279909,NaN,6.56120815856631,18.9101966162716,NaN,,1299.43832553538,30,156.948185236371,2.235674416,104.986257703523,0.968416258,3.45406287649163,0.495120480254746,101.377272730424,NaN,NaN,NaN,NaN,17.5052185064252,0.0272806108704421,10.7478173486499,NaN,6.08626506223205,19.7582829279423,NaN,,1299.73461149607,30,156.958487143647
38.0833333333333,0.0561251719999989,92.1847270530624,2.42107093713528,4.04895704693344,2.64251241170928,99.0330797518532,NaN,NaN,NaN,NaN,11.5219798816667,0.142990715230697,4.66226007324528,NaN,8.47482299276005,10.6960035170013,NaN,,1301.95293349118,30.0100002288818,156.217403990384,1.472573326258,105.015743151269,3.459087596,3.59594494470519,2.21150997829756,101.067935197052,NaN,NaN,NaN,NaN,9.16092558816667,0.131381490982657,12.7712653024415,111.022253522998,8.09248998387122,24.1313042737678,0.0199195749533333,,1300.70448236723,30,158.799327027019,0.844360875999999,105.037610330511,2.039998428,3.49078987927458,0.617123615705907,101.70856223575,NaN,NaN,NaN,NaN,13.5447347178736,0.03396036948922,9.51854046663959,1.57031589767709,7.58895127531561,16.6810987515716,0.393570581051083,,1301.01082133377,30,156.655108074002,0.689744512,105.034901885757,1.20417797,3.21938237941493,1.10729218854881,101.717247784872,NaN,NaN,NaN,NaN,13.9596452911667,0.0606366024170852,9.15285970837332,4.76651178108059,7.06659519970857,16.3030389111034,0.232316869960373,,1301.56661409302,30,155.667886308848,1.75043848,104.990276854147,1.43849831,3.57378811205019,0.650569446281398,102.130279702813,NaN,NaN,NaN,NaN,15.2101244675491,0.0358387141984251,10.1410258632092,NaN,6.5608114481271,18.92550333827,NaN,,1298.44978242419,30,156.942662492801,2.235674416,105.004896628564,0.968416258,3.39169142169688,0.496604167599181,101.359744556643,NaN,NaN,NaN,NaN,17.4531115903765,0.0273625212593511,10.7166442586785,NaN,6.08612114649871,19.6995361568922,NaN,,1300.1988350637,30,156.952963960456
38.1666666666667,0.0561251719999989,91.7743587228867,2.45619551773368,3.95982656420353,2.67703875217351,99.2574882412976,NaN,NaN,NaN,NaN,11.1202382755,0.1448751096372,4.73615526865217,NaN,8.47434059003346,10.827439590348,NaN,,1300.67651837309,30.0100002288818,156.246924429712,1.47539769896465,104.995522962356,3.459087596,3.67627097304933,2.18016817867438,101.070628913924,NaN,NaN,NaN,NaN,9.40206097366667,0.129555967903677,12.7642328609519,111.005358281879,8.09256837264117,24.1176865171007,0.019640244450498,,1299.77231149996,30,158.796971036672,0.844360875999999,104.987812086445,2.039998428,3.45106929648446,0.617709468459514,101.738823776728,NaN,NaN,NaN,NaN,13.5982873901667,0.034000001847744,9.50678106366129,1.63962135530228,7.58985055836393,16.6592566900235,0.377124468677598,,1298.43364060701,30,156.649588556478,0.689744512,105.034702345346,1.20417797,3.29003642954313,1.11099704464213,101.740190503484,NaN,NaN,NaN,NaN,13.959594251,0.0608398062284774,9.10546860147305,4.75292332350991,7.06628614184322,16.2153947442015,0.233794407173294,,1299.90142997964,30,155.662374532182,1.75043848,105.021227104604,1.43849831,3.55050778660676,0.652086367628989,102.113258233691,NaN,NaN,NaN,NaN,15.7445992050355,0.0359197041906779,10.1181080930892,NaN,6.56074407707342,18.8826351227666,NaN,,1301.46671919578,30,156.937137982138,2.235674416,105.021557563755,0.968416258,3.42217015673249,0.493127470259832,101.388628564607,NaN,NaN,NaN,NaN,17.5094499889941,0.0271609420454016,10.6954094332156,NaN,6.08600044250488,19.6595509049927,NaN,,1300.11938322916,30,156.94743931119
38.25,0.0561251719999989,91.40312078171,2.49210817934738,3.95110348427413,2.71654685311938,99.298788592885,NaN,NaN,NaN,NaN,11.3393971691667,0.146978159468864,4.81770804826585,NaN,8.47421389525084,10.9725707512922,NaN,,1298.71520362528,30.0098135967188,156.277114967555,1.4782200805092,105.007463560915,3.459087596,3.65109679604374,2.15744361837564,101.070119375455,NaN,NaN,NaN,NaN,9.11669933365015,0.128194319488481,12.6855661371607,110.989596682955,8.09240114427531,23.9653964279164,0.0194382294297158,,1298.78359140991,30,158.794610896995,0.844360875999999,104.97078198687,2.039998428,3.46520578441218,0.617555006647541,101.773485875693,NaN,NaN,NaN,NaN,13.638733267,0.034000001847744,9.42518488871041,1.58263364000076,7.58996795587713,16.5078300301761,0.390526737041429,,1300.98844954526,29.9935709903334,156.644070140598,0.689744512,105.018185994611,1.20417797,3.21997676801138,1.11111748587879,101.668005030222,NaN,NaN,NaN,NaN,14.3135357397977,0.0608441341904149,9.12790533191039,4.72279493060218,7.06648477204516,16.2568745472261,0.235274893949024,,1299.70428835331,30,155.656862515079,1.75043848,104.999050576407,1.43849831,3.56299167743266,0.651522276391572,102.091381342678,NaN,NaN,NaN,NaN,15.397417740582,0.0358794652708665,10.1247341153355,NaN,6.56059810954796,18.8950338181083,NaN,,1299.61394123489,30,156.931611920324,2.235674416,104.992770433687,0.968416258,3.43138175181322,0.49448330271273,101.408909918092,NaN,NaN,NaN,NaN,17.6050932473709,0.0272407623389852,10.8086623070465,NaN,6.08600044250488,19.8729733984523,NaN,,1301.01560423734,30,156.941914713357
38.3333333333333,0.0561251719999989,91.0790245717827,2.52910666571378,3.74954442141955,2.76729419437486,99.0637293620388,NaN,NaN,NaN,NaN,11.7036655520655,0.148885488961416,4.93305151397813,NaN,8.47458195585506,11.177988435042,NaN,"Sample 1.50 mL to AMBR-96DWP-3/C1",1298.15220746471,30.004423461469,155.934994913368,1.48092084913117,104.969284687468,3.459087596,3.45864084746318,2.14097580295321,101.115305255074,NaN,NaN,NaN,NaN,9.11694289418318,0.126056355830757,12.7377793420964,110.981173274938,8.09327582099773,24.0664468489992,0.0192741383614232,"Sample 1.50 mL to AMBR-96DWP-3/C2",1300.19247513462,29.9968588272793,158.401714341196,0.844981706598519,105.009540184966,2.039998428,3.28544700333186,0.618484863449955,101.756516185356,NaN,NaN,NaN,NaN,13.5309372773389,0.0338690799315904,9.4184962808743,1.53012633664279,7.59125926351085,16.4954025125939,0.403813855386598,"Sample 1.50 mL to AMBR-96DWP-3/C3",1301.06280070285,29.9978837850465,156.237490994363,0.689744512,105.015863758932,1.20417797,3.02602787430495,1.11258408166765,101.73344798748,NaN,NaN,NaN,NaN,13.9269166025356,0.060492033003734,9.10694123406077,4.7100664375323,7.06643439765572,16.2181121653326,0.23596444874347,"Sample 1.50 mL to AMBR-96DWP-3/C4",1301.08008492396,29.9989023708579,155.2384404015,1.75043848,105.055846972724,1.43849831,3.30921657855662,0.655159802674602,102.080949491262,NaN,NaN,NaN,NaN,15.5046200266667,0.0357457485063492,10.0927598895385,NaN,6.56122712251469,18.8352518052648,NaN,"Sample 1.50 mL to AMBR-96DWP-3/C5",1300.12293639691,29.998263386483,156.503999964295,2.235674416,104.989609201447,0.968416258,3.15970675360833,0.494384704931252,101.44763604872,NaN,NaN,NaN,NaN,17.798917996,0.027166425338967,10.7687545842949,NaN,6.08608121192768,19.7977272037462,NaN,"Sample 1.50 mL to AMBR-96DWP-3/C6",1299.29994420449,29.9976400424928,156.503577308929
38.4166666666667,0.0561251719999989,90.3699035253329,2.56637705845199,3.9608860472144,2.79352528358719,99.169256949193,NaN,NaN,NaN,NaN,11.4027401892679,0.148056112647394,4.93012169106049,NaN,8.47446443591765,11.1727671024674,NaN,,1301.5518428818,30.0045133449749,154.54621026893,1.48376321663172,104.946586115306,3.459087596,3.65414215104516,2.13758307899832,101.168036631538,NaN,NaN,NaN,NaN,9.08765825633333,0.12368015893119,12.7840175156822,111.870460509196,8.09360303579805,24.1559967978369,0.0189205098105745,,1300.1686890375,29.9967146328606,156.995790685885,0.847302053999999,105.035509184599,2.039998428,3.48589389441713,0.625070655819592,101.774747781983,NaN,NaN,NaN,NaN,13.6577267757365,0.0334879632485702,9.3736906454899,1.52366382718064,7.59280794823146,16.4123268254583,0.404178245264148,,1302.02150815773,29.9956835753355,154.841974658331,0.689744512,105.0236399674,1.20417797,3.2591135911433,1.12550704905499,101.719614485944,NaN,NaN,NaN,NaN,14.4426639515,0.0601768375178653,9.10384963241647,4.73735332829237,7.06670898755105,16.2123921547427,0.234855184093641,,1299.93440846607,30.0002972587216,153.851839474101,1.75043848,105.033976389795,1.43849831,3.62490692079731,0.65936282845281,102.090627571557,NaN,NaN,NaN,NaN,15.361884899,0.0352516430823288,10.152407648707,NaN,6.56165411975309,18.9468499437262,NaN,,1299.81617139106,29.9981139816235,155.12655764566,2.235674416,105.014788030854,0.968416258,3.44364052130994,0.495910317893921,101.478505205744,NaN,NaN,NaN,NaN,17.6390897586667,0.0267135441620674,10.777168149224,NaN,6.08583849155879,19.8136052787093,NaN,,1298.97570688823,29.9979372917778,155.136866966365
38.5,0.0561251719999989,90.0889323993706,2.6043205553297,4.01398961205717,2.85630393230531,99.2349576164959,NaN,NaN,NaN,NaN,11.2817017438333,0.152884885357808,5.03627690296418,NaN,8.47359839031979,11.3619639506873,NaN,,1298.09483572977,30.0100002288818,154.578617115104,1.48680375,105.022928181869,3.459087596,3.69082351161674,2.10637576719369,101.216021482293,NaN,NaN,NaN,NaN,9.08034654416667,0.123751927998681,12.7502573400392,112.289881896056,8.0929598321124,24.0906097152936,0.0187586695384485,,1301.11800906777,30.0032097588788,156.993719609763,0.847302053999999,105.01209827177,2.039998428,3.45299734091465,0.624473289012016,101.817021508805,NaN,NaN,NaN,NaN,13.5202984724587,0.0339596925750551,9.4607553634075,1.51480712948749,7.59479616709767,16.5738259175099,0.412487262634039,,1299.40459029204,30.0044168015436,154.836453402841,0.689744512,104.985511509965,1.20417797,3.2544136267211,1.12307099957843,101.818196063489,NaN,NaN,NaN,NaN,13.7991581373333,0.0607996373055729,9.10389887288612,4.71062778672901,7.06685819975964,16.2124850357789,0.238421174445522,,1299.74439030357,30.0024086713141,153.846328213643,1.75043848,105.029661285813,1.43849831,3.54156817190802,0.65478362363928,102.141424847463,NaN,NaN,NaN,NaN,15.4868485068333,0.0356364559928829,10.1168508099488,NaN,6.56072919991618,18.8802982695802,NaN,,1300.86883121401,30,155.121030875568,2.235674416,104.992453674019,0.968416258,3.40461605364223,0.495861413253503,101.525289336862,NaN,NaN,NaN,NaN,17.4788577135,0.0270000007003546,10.7355119560216,NaN,6.08548026665809,19.7350810770815,NaN,,1300.17188755452,30,155.131342085042
38.5833333333333,0.0561251719999989,89.7052752019118,2.64380812829599,3.95590273922839,2.890499634939,99.2434088466169,NaN,NaN,NaN,NaN,11.166247386131,0.154652436726623,5.10663916632236,NaN,8.47439898495386,11.4874415881478,NaN,,1300.64249186706,30.0100002288818,154.612493906177,1.48996319894954,104.999656931043,3.459087596,3.67093747702204,2.08556139405255,101.157453624603,NaN,NaN,NaN,NaN,9.12048180766667,0.122522262128792,12.7050378159676,112.374684231268,8.0909888256548,24.0031144198621,0.0185590408744865,,1299.8591667617,30.0012049188711,156.991630098344,0.848383281370203,104.968708234397,2.039998428,3.50336187632867,0.622005143197929,101.879505259042,NaN,NaN,NaN,NaN,13.3994998810515,0.0338450212164152,9.46653594929055,1.50497474338489,7.59736256420474,16.5845481108126,0.41347216209744,,1298.23700441632,30,154.831947145234,0.689744512,105.022606634245,1.20417797,3.26606639487983,1.12031810983795,101.744320161084,NaN,NaN,NaN,NaN,14.2408800441667,0.0606383401891618,9.12320015971955,4.7219856342081,7.06648171722566,16.2481720103648,0.237269264434696,,1299.46423966495,30,153.840817224787,1.75043848,104.99639407779,1.43849831,3.59100215443719,0.656829499000563,102.190302514796,NaN,NaN,NaN,NaN,15.5181839423333,0.0357594261667812,10.1094116836442,NaN,6.55986247674537,18.8663901951306,NaN,,1300.28462493199,30,155.115505658736,2.235674416,105.042832520297,0.968416258,3.40085575887338,0.495268541850135,101.51286043835,NaN,NaN,NaN,NaN,17.4939578691315,0.0269602130728329,10.7782727514439,NaN,6.08565515669108,19.8157145088508,NaN,,1300.51653802833,30.00120297578,155.125817429491
38.6666666666667,0.0561251719999989,89.3165679084862,2.68366884048549,4.05997402758039,2.94485737428121,99.3782547943395,NaN,NaN,NaN,NaN,11.4362414987024,0.157598094199234,5.16037451985099,NaN,8.4738905005445,11.5833285261916,NaN,,1301.07598523714,30.0100002288818,154.646692847398,1.49251060750189,105.008528591559,3.459087596,3.69701848267631,2.06533940378663,101.206017479848,NaN,NaN,NaN,NaN,9.080642689,0.121299495427714,12.7576603500525,112.248982995974,8.09158725689849,24.1049576521919,0.0183995857017977,,1301.50433013529,30,156.988994043282,0.858645256538025,105.020784129896,2.039998428,3.47788456996569,0.624862477358257,101.824216918187,NaN,NaN,NaN,NaN,13.7636137659144,0.0339943838566111,9.45247078860482,1.43094314327244,7.59950821176195,16.5584408086733,0.436944521508631,,1300.59384085544,30.0024106039197,154.836282277234,0.689744512,104.998844293936,1.20417797,3.24224259623125,1.11771529221231,101.763274519311,NaN,NaN,NaN,NaN,13.9602601313333,0.0605040512980858,9.12312720927392,4.6597087765023,7.0666578389485,16.2480350460269,0.239878899724802,,1301.07062007424,30,153.835305966855,1.75043848,105.005349708178,1.43849831,3.52704393134963,0.656999338852551,102.206179971828,NaN,NaN,NaN,NaN,15.5539406581263,0.0357617714321305,10.1808390360088,NaN,6.55924183366084,18.9999947909508,NaN,,1300.52574701902,30,155.109980158802,2.235674416,105.000439845554,0.968416258,3.37581004006266,0.492989369193544,101.568016650339,NaN,NaN,NaN,NaN,17.5013661854549,0.0268395063370475,10.7867721620307,NaN,6.08500051498413,19.831740896118,NaN,,1301.30901747498,30,155.120292057525
38.75,0.0561251719999989,88.8526074254905,2.72506792254167,4.02172307064691,2.97740588970183,98.7697956937449,NaN,NaN,NaN,NaN,11.32176096,0.159364091847531,5.33413867869447,NaN,8.47458656592574,11.8936440326046,NaN,,1299.27678314058,30.0100002288818,154.682449752226,1.49451146611396,105.009736389979,3.459087596,3.68797120649929,2.03061214294067,101.235899359018,NaN,NaN,NaN,NaN,9.3213113065,0.11928911762743,12.8102851954267,111.963569742456,8.0937168837176,24.2069755925851,0.0181366985809958,,1300.25340399471,29.9982690794033,156.985812599031,0.87455145035309,104.987072490872,2.039998428,3.44395175693456,0.638117039489851,101.817466675322,NaN,NaN,NaN,NaN,13.2870673943333,0.0347134598682677,9.45493844982389,1.38339711810259,7.58972042235357,16.5630388503801,0.461640066038315,,1300.3359659442,30,154.847146034481,0.689744512,105.033103409699,1.20417797,3.19377838294579,1.11617173430413,101.817875854321,NaN,NaN,NaN,NaN,14.0801994821667,0.0604013000484877,9.09523620565354,4.62802028279509,7.06638639795588,16.1964784550139,0.241189596968163,,1299.32787024331,30,153.829794698377,1.75043848,105.022444362109,1.43849831,3.57497661607502,0.6502490871685,102.163294320271,NaN,NaN,NaN,NaN,15.3684835043737,0.0354010522445636,10.1082039161828,NaN,6.56032787522593,18.8641113394631,NaN,,1301.47577919068,30,155.104455452366,2.235674416,105.039554524634,0.968416258,3.39798670311062,0.491983671874317,101.58308701234,NaN,NaN,NaN,NaN,17.5820321400569,0.0267825401113767,10.7898574822816,NaN,6.08500032404368,19.8375191434216,NaN,,1299.88139032056,30.0004006517916,155.114766533297
38.8333333333333,0.0561251719999989,88.2413872369623,2.76753322555779,4.12283178251156,3.01687312239766,98.8126278277405,NaN,NaN,NaN,NaN,11.2295136273918,0.161497318608561,5.44444116243305,NaN,8.4737130568444,12.0907941906197,NaN,,1300.89422592602,30.0100002288818,154.719264812902,1.49692793077101,105.003787523633,3.459087596,3.67062120667612,2.01787234062919,101.243692896472,NaN,NaN,NaN,NaN,9.12045094583333,0.118538344094052,12.6509838828283,112.131869349893,8.0945637037283,23.8985366076877,0.0179955601669214,,1300.97544224551,29.9977208306518,156.983079970624,0.874551776,104.970971371959,2.039998428,3.49240366118355,0.654124808089855,101.858898431678,NaN,NaN,NaN,NaN,13.7493317093333,0.0355884536580515,9.35873251693719,1.40052062054731,7.58500320764535,16.3845789989935,0.467342084053882,,1301.88427998952,30,154.84162787729,0.689744512,105.031910201056,1.20417797,3.21270298456966,1.11339502384339,101.795577451999,NaN,NaN,NaN,NaN,13.9603110296667,0.0602404782510737,9.09801425269639,4.62641417249386,7.06677365727555,16.2016293710732,0.24067757687291,,1299.00928258142,30,153.824281785378,1.75043848,105.039269914705,1.43849831,3.53714023374621,0.645492211089062,102.195985820974,NaN,NaN,NaN,NaN,15.5105720751667,0.0351199935023413,10.1008495453716,NaN,6.55963357830742,18.8503779582326,NaN,,1300.8715108376,30,155.098929174667,2.235674416,104.974511102127,0.968416258,3.40584152225312,0.486389826764316,101.604795172927,NaN,NaN,NaN,NaN,17.4542174125234,0.0264816669410597,10.7833913785914,NaN,6.08496039781549,19.8253338463272,NaN,,1300.74754974561,30,155.109241202192
38.9166666666667,0.0561251719999989,88.1424322300165,2.81052723046585,4.0925210867332,3.01052331367714,101.264345923359,NaN,NaN,NaN,NaN,11.2376641823619,0.161063685347569,5.54172019579484,NaN,8.47452263921403,12.2648176320487,NaN,,1298.51065676838,30.0057268188835,154.756789661949,1.50027583175573,104.98825521717,3.459087596,3.62706231510824,1.99481212712628,101.310163135196,NaN,NaN,NaN,NaN,9.40180463216667,0.117157931601647,12.6174061640886,111.747327695615,8.0902289396923,23.8336126635499,0.0178511560321571,,1300.07201692643,29.9975878441731,156.98124625533,0.874551776,104.947650105032,2.039998428,3.47460045375104,0.64818290360175,101.801054718417,NaN,NaN,NaN,NaN,13.3745070396667,0.0352767138119483,9.42618521313651,1.41718112239449,7.5840637651025,16.5096954863988,0.457630779465925,,1297.312349657,30,154.836110576273,0.689744512,104.973757022323,1.20417797,3.21245263743134,1.11021218156692,101.826776992525,NaN,NaN,NaN,NaN,14.2410403435,0.0600803305100257,9.10863980899467,4.57424862971817,7.06650986298577,16.2212921818089,0.242724270338844,,1299.56598038193,30,153.818769757479,1.75043848,104.897875898319,1.43849831,3.53482010691912,0.648662089443684,102.221104845435,NaN,NaN,NaN,NaN,15.5573445765,0.0353216389076325,10.0768076542852,NaN,6.55989505979521,18.805430282189,NaN,,1301.26345042619,30,155.09340316477,2.235674416,104.992783173137,0.968416258,3.37212360850404,0.488539205048955,101.669093902564,NaN,NaN,NaN,NaN,17.4374820503333,0.0266000578380522,10.7847329839926,NaN,6.08500051498413,19.8279024928117,NaN,,1299.89498941511,30,155.103717812301
39,0.0561251719999989,89.6697332357192,2.84877976648038,4.02530758237023,3.06160116079297,103.50835203972,NaN,NaN,NaN,NaN,11.2959282667463,0.16354464939048,5.47315980693518,NaN,8.47317094314116,12.1421441240998,NaN,,1299.61856665882,29.9945625178871,154.789495442582,1.50244728175278,104.984942539876,3.459087596,3.65820714153073,1.96610886783986,101.278002943747,NaN,NaN,NaN,NaN,9.12090010966667,0.115471711718162,12.6277730363264,111.801150957066,8.09185876676703,23.8536598767826,0.0175863148849307,,1301.30844768818,29.999596840216,156.97820164038,0.874551776,104.956447360168,2.039998428,3.45114390084407,0.645605343735779,101.928151585342,NaN,NaN,NaN,NaN,13.4820287714742,0.0351384538838154,9.44798444704546,1.42128821505922,7.5857468873818,16.5501199653445,0.454383586283227,,1299.99976577689,30,154.830594114938,0.689744512,104.976025582205,1.20417797,3.24448103249846,1.11187209590455,101.846601543794,NaN,NaN,NaN,NaN,14.12018716,0.0602005719475347,9.06762704435513,4.50407011526568,7.06648548302676,16.1454427854339,0.246879212368123,,1299.65118488117,30,153.81326006764,1.75043848,105.012764111825,1.43849831,3.50699816812127,0.642760609384427,102.219851075088,NaN,NaN,NaN,NaN,15.7190502285,0.0350000001490116,10.149527246676,NaN,6.56008617079529,18.9414130413019,NaN,,1300.39998079913,30,155.087881843424,2.235674416,104.982656678822,0.968416258,3.44361770653999,0.480550306634848,101.598050211358,NaN,NaN,NaN,NaN,17.5982150903333,0.0261621282532633,10.7932408152551,NaN,6.08500051498413,19.8439215841556,NaN,,1299.78206105928,30,155.09819371222
39.0833333333333,0.0561251719999989,90.9099514510502,2.8838096477675,4.10801694709355,3.20915478216454,101.638681600985,NaN,NaN,NaN,NaN,11.4019141834989,0.171389066129649,5.51433790949103,NaN,8.47548436668378,12.2158173148809,NaN,,1298.83633525561,29.9899997711182,154.818868797215,1.50432142242569,104.970348153536,3.459087596,3.65312515327375,1.94533611680897,101.344173024884,NaN,NaN,NaN,NaN,9.39814717929511,0.114293684980532,12.5983902133281,112.068634783233,8.09474382345957,23.7968418269542,0.0173587079560001,,1299.95247724223,30.0004019066537,156.974892208431,0.874551776,105.001884724343,2.039998428,3.54602845314886,0.643376667499381,101.895806776328,NaN,NaN,NaN,NaN,13.4565084721925,0.0350000001490116,9.35676272296605,1.42321102410234,7.58406786463707,16.3808924488834,0.452177697337035,,1300.37001569009,30,154.825076163213,0.689744512,105.000269609777,1.20417797,3.29372046807339,1.1125710182079,101.745595227471,NaN,NaN,NaN,NaN,14.0802701735,0.060200646767353,9.14834645437513,4.5122853503589,7.0664847461298,16.2946802732452,0.246573807708079,,1298.92077245108,29.9996877549974,153.807749766584,1.75043848,104.990997801754,1.43849831,3.57731526935806,0.643135029125455,102.293521540897,NaN,NaN,NaN,NaN,15.4381411991667,0.0350000001490116,10.0883731712164,NaN,6.55971436557964,18.8270793466662,NaN,,1298.2052863309,30,155.082356368082,2.235674416,105.027008857159,0.968416258,3.44268271218535,0.478352937260485,101.674852556583,NaN,NaN,NaN,NaN,17.6379183716667,0.0260402344180366,10.7441314833939,NaN,6.08487996606509,19.7513335392414,NaN,,1299.65523821406,30,155.092670044142
39.1666666666667,0.0561251719999989,91.6411057657154,2.91566611496883,4.09469041844959,3.39991589458887,101.176387242002,NaN,NaN,NaN,NaN,11.4416049386819,0.1818664697911,5.53568986830959,NaN,8.47571599912676,12.2540245077528,NaN,,1298.99499769609,29.9899997711182,154.845280032189,1.50706087,104.988588029245,3.459087596,3.64740596275829,1.92509014067737,101.357796957841,NaN,NaN,NaN,NaN,9.36510777503823,0.113085033369008,12.5883114539172,112.012935507074,8.0940040034454,23.7773797813763,0.0171866975975656,,1302.5329472193,30,156.972519700041,0.874551776,105.008703744538,2.039998428,3.46816560156966,0.640523870794375,101.914654993566,NaN,NaN,NaN,NaN,13.2786456243366,0.0348391871031904,9.37151296810844,1.43087459519665,7.58352896077861,16.4082468155951,0.447789286363857,,1300.28823069224,30,154.819557166514,0.689744512,105.063379902815,1.20417797,3.32500054761687,1.11056109114139,101.844113419568,NaN,NaN,NaN,NaN,14.4030174056498,0.0600805140287309,9.11627125689618,4.49447214023192,7.06652115085424,16.235365811977,0.24710759500895,,1299.89446615943,29.9995112149156,153.80223798816,1.75043848,105.023467863676,1.43849831,3.5237961575298,0.643167416588102,102.259722250062,NaN,NaN,NaN,NaN,15.6570643796667,0.0350000001490116,10.1481517380072,NaN,6.560626488418,18.9388319624776,NaN,,1299.82963690342,30,155.07682755237,2.235674416,104.986331040411,0.968416258,3.40272742254683,0.477557904329257,101.671857394104,NaN,NaN,NaN,NaN,17.8414670036456,0.0260000005364418,10.7287568493503,NaN,6.08481874502722,19.7224004203523,NaN,,1298.63968475223,30,155.087142510137
39.25,0.0561251719999989,92.1436744258101,2.94499550492489,4.01483559016934,3.61894174461946,100.757451408187,NaN,NaN,NaN,NaN,11.4123001947226,0.193787109807877,5.55011348271097,NaN,8.47477893980941,12.279828955245,NaN,,1298.38934862002,29.9859166930161,154.869014830513,1.51028261092732,105.012496128011,3.459087596,3.64096764859529,1.91087516782132,101.384628317418,NaN,NaN,NaN,NaN,9.29500829023,0.112247708268467,12.6134132910719,112.044332687399,8.09194039807429,23.8258674419096,0.0170547525036593,,1300.20175363471,30.0036200494744,156.970489739893,0.874551776,105.016060783182,2.039998428,3.47632940684802,0.636178224719987,101.97471859252,NaN,NaN,NaN,NaN,13.8754540781634,0.0345972630319887,9.39552255737661,1.42257562060809,7.58513573615945,16.4527664058716,0.447646743333637,,1300.50035807591,30,154.814034694326,0.689744512,104.987600355656,1.20417797,3.30305112628999,1.10675782900064,101.906537225995,NaN,NaN,NaN,NaN,14.3987859642948,0.0598795135796232,9.04805641193951,4.49339482453112,7.06597514055842,16.1092764979879,0.246320065792172,,1300.78903002947,30,153.796721874682,1.75043848,104.978429040072,1.43849831,3.55593108311331,0.642943727118565,102.282160616407,NaN,NaN,NaN,NaN,15.488705211,0.0350000001490116,10.0946725634131,NaN,6.55893884103113,18.8388350023235,NaN,,1300.25060041986,30,155.07130617096,2.235674416,105.009839336047,0.968416258,3.44048413498305,0.476166542218185,101.680098765039,NaN,NaN,NaN,NaN,17.7199092619462,0.0259198934599779,10.7686070658909,NaN,6.08439851869856,19.7974940707142,NaN,,1298.52635066819,30,155.081622206489
39.3333333333333,0.0561251719999989,92.2925663756015,2.97259499165243,3.83023123799879,3.88445837692512,99.9605809417479,NaN,NaN,NaN,NaN,11.5198096580966,0.19695653756425,5.59060518800073,NaN,8.47653748638231,12.3523127182055,NaN,"Sample 7.00 mL to CDW Samples 4/A1",1300.92429192284,29.9849126066593,148.903141022565,1.51339877752995,105.013413309472,3.459087596,3.51484551757691,1.96176123683364,101.390449915238,NaN,NaN,NaN,NaN,9.37593443493666,0.108333375741963,12.588647190958,116.655190217476,8.08711890583819,23.7780164417225,0.0167058594139431,"Sample 7.00 mL to CDW Samples 4/A2",1300.38795184544,30.0026397795017,151.193497008326,0.874551776,104.989355718568,2.039998428,3.3696191967249,0.669110098319134,101.905199140776,NaN,NaN,NaN,NaN,13.6432566339848,0.0337546532231307,9.36914067034439,1.5246028880668,7.58581229959538,16.4038492374368,0.444651002607324,"Sample 7.00 mL to CDW Samples 4/A3",1299.03700922872,29.9959872621195,148.815261901506,0.689744512,105.003564074266,1.20417797,3.04040809043509,1.13742981170627,101.807291655118,NaN,NaN,NaN,NaN,14.2004906708888,0.059176587389563,9.07329146359719,4.61056929969295,7.06585840440139,16.155912362215,0.246700248386326,"Sample 7.00 mL to CDW Samples 4/A4",1299.4519462224,29.9995986022138,147.567255721188,1.75043848,105.023014053543,1.43849831,3.28300352754175,0.671083445692074,102.160477097586,NaN,NaN,NaN,NaN,15.5979819908333,0.0342345754799322,10.0908771224855,NaN,6.55961495241448,18.8317129147081,NaN,"Sample 7.00 mL to CDW Samples 4/A5",1299.31038507256,30.0004144707963,148.605463092162,2.235674416,105.02759220892,0.968416258,3.31311846595585,0.499125142883101,101.659961395478,NaN,NaN,NaN,NaN,17.4784585430749,0.025172299304271,10.710887457771,NaN,6.08433351959678,19.6887042257518,NaN,"Sample 7.00 mL to CDW Samples 4/A6",1300.47182449448,30.0026565908865,148.383907450216
39.4166666666667,0.0561251719999989,92.6313919207297,2.99762111323082,3.99366402088431,4.07483853225288,101.030475837183,NaN,NaN,NaN,NaN,11.5134688535706,0.208807566657763,5.48832131757268,NaN,8.47634600365744,12.1692659453505,NaN,,1299.57910515924,29.999965821605,147.616472923246,1.514209296,105.00115238552,3.459087596,3.72972145149383,1.93047900349608,101.413420552065,NaN,NaN,NaN,NaN,9.2411536405,0.107680479544093,12.5913298533626,117.499605850278,8.09297046348978,23.7832150660977,0.0163708767561865,,1301.18198793024,30.0100002288818,149.670122462924,0.874551776,105.026291858103,2.039998428,3.5668437940662,0.658565093477476,101.913841095921,NaN,NaN,NaN,NaN,13.7107713589127,0.0338792822964327,9.38220847999604,1.46082903242206,7.58530088711374,16.4280822973992,0.453836113435069,,1298.71199712056,30.0064250741916,147.508998796964,0.689744512,104.976717989774,1.20417797,3.35723622797001,1.14772890007864,101.892025721043,NaN,NaN,NaN,NaN,14.521928353,0.0591606291162621,9.05813282732512,4.65285001966168,7.06741723109754,16.1278881633463,0.246683769547711,,1301.35962303612,29.9886008180386,146.491701313771,1.75043848,104.968669658957,1.43849831,3.63753531864282,0.663183516675747,102.287587231163,NaN,NaN,NaN,NaN,15.6777267315,0.0342811667286193,10.0994994193655,NaN,6.55843344050699,18.8478371199095,NaN,,1299.24089863719,29.9984034470736,147.766255743517,2.235674416,104.986128748677,0.968416258,3.50451065429195,0.483821406146791,101.690259786099,NaN,NaN,NaN,NaN,17.578883287384,0.025000000372529,10.7978096335463,NaN,6.08391974986846,19.8525051326412,NaN,,1299.97208224492,30.0069888954049,147.776572457138
39.5,0.0561251719999989,92.9824035177816,3.02073762887417,3.9959762132323,4.2896243638585,100.642883347547,NaN,NaN,NaN,NaN,11.1665409627627,0.218964722706923,5.50214481850433,NaN,8.47600888208961,12.1939983992599,NaN,,1301.56252556741,30,147.634092426327,1.51682234154813,104.98272965721,3.459087596,3.69942656008833,1.88877778373468,101.424294236009,NaN,NaN,NaN,NaN,9.37505873307364,0.105782552641911,12.6436734345821,117.378573413628,8.08965859778142,23.8844228356503,0.016091412147508,,1299.59705897457,30.0075863119346,149.667485451342,0.874551776,104.990984351674,2.039998428,3.58442852038867,0.646948533965938,101.99550175025,NaN,NaN,NaN,NaN,13.8018984161025,0.0335278460095615,9.35404894310203,1.43475390241032,7.58461727661827,16.3758728740119,0.451134827298273,,1300.25965420129,30.0004019703152,147.503478998678,0.689744512,105.03526595213,1.20417797,3.37041749297758,1.1472125679346,101.922389739473,NaN,NaN,NaN,NaN,14.2006430606667,0.0591207708674708,9.15480947667375,4.62058452637456,7.06779958409337,16.3066443755572,0.248297434415571,,1300.57839594454,29.9899997711182,146.486190792083,1.75043848,105.003108962129,1.43849831,3.57781591461474,0.65929920124806,102.254352126853,NaN,NaN,NaN,NaN,15.5582597031667,0.0342005399079163,10.1238396688366,NaN,6.55856037258309,18.8933538581142,NaN,,1300.77510358908,29.9899997711182,147.760732694175,2.235674416,105.019386587181,0.968416258,3.42598599234483,0.481949137178591,101.717409898945,NaN,NaN,NaN,NaN,17.5778377046456,0.025000000372529,10.8441813697121,NaN,6.08334222465392,19.9399987972667,NaN,,1299.54733105091,30.0085906595829,147.771048007822
39.5833333333333,0.0561251719999989,93.2883015659147,3.04153548264919,4.01645011246591,4.47547517722501,100.325970165337,NaN,NaN,NaN,NaN,11.551167807,0.228521668320396,5.52746288008346,NaN,8.47403738672932,12.2393313688236,NaN,,1299.73592558598,29.9987959157597,147.649283858195,1.51787034957061,105.00746991191,3.459087596,3.74241878528472,1.8735174340417,101.403686992275,NaN,NaN,NaN,NaN,9.30801611009303,0.104938833485727,12.5592309349358,117.42131069738,8.09518016275488,23.7212105288915,0.0159557451695552,,1300.84816123227,30.0014797240424,149.663353887519,0.874551776,105.000987137991,2.039998428,3.57419417866545,0.646046320794545,101.939314603066,NaN,NaN,NaN,NaN,13.6130075939197,0.0334821969472179,9.44205649528413,1.40896153876026,7.58474304372627,16.5391082716385,0.458716346355967,,1300.02321303738,30,147.497960196252,0.689744512,105.028328523511,1.20417797,3.36427212645241,1.14517752902738,101.911376539187,NaN,NaN,NaN,NaN,14.3279481233333,0.0590000780721694,9.21058270657173,4.60579149389051,7.06796033125119,16.4098446512599,0.248660277697839,,1298.83654958883,29.9992984452764,146.480677845115,1.75043848,105.002639014951,1.43849831,3.64854723720634,0.656411464480183,102.321512631675,NaN,NaN,NaN,NaN,15.6789014696667,0.0340402500007064,10.1388261051153,NaN,6.5582645827589,18.9213850136366,NaN,,1299.11983295635,29.9904027779671,147.755208213799,2.235674416,104.989684534025,0.968416258,3.52693656509247,0.48205300771099,101.68140609704,NaN,NaN,NaN,NaN,17.4666355051371,0.025000000372529,10.7980678182162,NaN,6.08300018310547,19.8529938067518,NaN,,1298.93804494375,30.0066745540416,147.765523440859
39.6666666666667,0.0561251719999989,93.4507288098416,3.06373020276485,4.05484789076977,4.60638980594039,100.228915969901,NaN,NaN,NaN,NaN,11.5988096060817,0.235107594168788,5.65004782419124,NaN,8.47436580377177,12.4587605651609,NaN,,1303.25252792689,30,147.665844339555,1.52089025,104.983467692766,3.459087596,3.74682930513966,1.86098969410616,101.44979433091,NaN,NaN,NaN,NaN,9.39859307205572,0.104244464667873,12.5894370315904,117.640461222358,8.09081922158003,23.7795619983755,0.0158193215460867,,1299.40405904568,29.9991581044993,149.661258947402,0.874551776,104.974649147496,2.039998428,3.55998145307032,0.64072633070389,101.975907696952,NaN,NaN,NaN,NaN,13.5620179085803,0.0332009269300424,9.36995455866652,1.40542735855313,7.58636952765364,16.4053938676119,0.456093385841595,,1299.52956792218,30.00120224812,147.492441181563,0.689744512,104.965695122288,1.20417797,3.39760703874364,1.13930273087248,101.903653995808,NaN,NaN,NaN,NaN,14.194625171,0.0587188361291668,9.18311873549721,4.56418858847243,7.06836390179608,16.359028472818,0.24964832309934,,1297.88441850509,29.9911457798193,146.475165588281,1.75043848,104.987214586599,1.43849831,3.60159280220836,0.655776310567287,102.338560621243,NaN,NaN,NaN,NaN,15.8555175170128,0.034000001847744,10.0612199515844,NaN,6.55844339790366,18.7762904451389,NaN,,1299.44767158448,29.9954698034128,147.749682762538,2.235674416,105.000469574324,0.968416258,3.50720770908532,0.475795443299465,101.794650787868,NaN,NaN,NaN,NaN,17.6929048701686,0.024681026128747,10.7839593356436,NaN,6.08230984177902,19.8264638677282,NaN,,1299.79778756606,30.000499568164,147.759999522315
39.75,0.0561251719999989,93.5660976490404,3.08512342165737,4.03388428132445,4.70847110016007,100.354112671193,NaN,NaN,NaN,NaN,11.2972231494301,0.240489821404742,5.60833382348581,NaN,8.47484631453665,12.3840545070699,NaN,,1298.17057664583,29.9961768825961,147.681656111198,1.52250308955214,105.008524479383,3.459087596,3.77034997420918,1.82615609108206,101.521220791927,NaN,NaN,NaN,NaN,9.48477956461094,0.102270719295741,12.6459318770136,117.481300823644,8.09266995122768,23.888737595616,0.0155443393950392,,1299.9255971938,29.9968250932888,149.657623799912,0.874551776,105.021379738088,2.039998428,3.54180879865256,0.636775682133777,102.026368032981,NaN,NaN,NaN,NaN,13.6835885428333,0.0329999998211861,9.3298347628481,1.40737856808048,7.58519689843599,16.3309869282667,0.452749096589723,,1300.64913563972,30,147.486922364594,0.689744512,105.036144144549,1.20417797,3.32129989357431,1.13724418605092,101.951965947107,NaN,NaN,NaN,NaN,14.000182405,0.058594151575562,9.17850203209514,4.58438625997877,7.0687996462517,16.3504715446071,0.248080462950892,,1300.32405338086,29.9928003023558,146.469654497781,1.75043848,104.993775209079,1.43849831,3.65176836430638,0.655694265305373,102.310060209697,NaN,NaN,NaN,NaN,15.7031382033205,0.034000001847744,10.0659898327127,NaN,6.55842641532475,18.7851978419249,NaN,,1301.14593563688,30,147.744157934112,2.235674416,104.997169529308,0.968416258,3.4724025512318,0.469440276968529,101.747123372968,NaN,NaN,NaN,NaN,17.3953431302288,0.0243482022719583,10.7914702216191,NaN,6.08200025558472,19.8405587202694,NaN,,1301.23833758682,30.0003027993303,147.754475816829
39.8333333333333,0.0561251719999989,93.6974544949487,3.10524146000089,3.98866346583476,4.80886190414234,100.062792306462,NaN,NaN,NaN,NaN,11.2806858564404,0.245658109267956,5.58973373407405,NaN,8.4748985502896,12.3507535178532,NaN,,1298.08093823882,29.9899997711182,147.696267675681,1.524240466,105.012289875149,3.459087596,3.76807595774657,1.81446565331511,101.544020550626,NaN,NaN,NaN,NaN,9.35510958439676,0.101597879075658,12.5566956487202,117.323612374992,8.093547622138,23.7163165111131,0.0154655670485815,,1298.83573688168,30,149.654245721306,0.874551776,104.991712408752,2.039998428,3.56320451685139,0.637049351028376,101.986407397288,NaN,NaN,NaN,NaN,13.2819141915,0.0329999998211861,9.39661280623675,1.38952216357211,7.58503153957365,16.4547985293046,0.458690607121562,,1303.13018394346,30,147.481401833061,0.689744512,104.982485596082,1.20417797,3.38297055228183,1.13657449806209,101.964440832243,NaN,NaN,NaN,NaN,14.602411044,0.0585624178512681,9.16550752903589,4.55281033114624,7.06920112837763,16.3264298266174,0.249658317129083,,1300.12659017377,30,146.464141943487,1.75043848,105.040917446568,1.43849831,3.62281462661334,0.65423934276184,102.280011978432,NaN,NaN,NaN,NaN,15.7584889748333,0.0339195067124496,10.1352016497555,NaN,6.55795889032915,18.9146131725178,NaN,,1299.36858394658,30.0016042084432,147.738632173487,2.235674416,104.989057795133,0.968416258,3.50291226107765,0.467427009123009,101.746376135618,NaN,NaN,NaN,NaN,17.5186374596025,0.0242440860255225,10.8569294424157,NaN,6.08204057822862,19.9640506372348,NaN,,1299.48513769022,30,147.748952063538
39.9166666666667,0.0561251719999989,93.7343966643391,3.12488394993729,4.05710108604723,4.90146315431485,100.375928449042,NaN,NaN,NaN,NaN,11.3206255926787,0.250437048658941,5.64823129187265,NaN,8.47587173359367,12.4555030694563,NaN,,1299.54882266557,29.9886573304862,147.710188138702,1.52667798418992,104.996908829253,3.459087596,3.73737190037473,1.79231322778627,101.552520485553,NaN,NaN,NaN,NaN,9.24782315376991,0.100370281728221,12.6038067691263,117.362334643383,8.09086182508005,23.8073173140148,0.0152716632242131,,1300.22426097875,30,149.651431699885,0.874551776,105.004234952059,2.039998428,3.56006290618088,0.631231851952818,101.975399333469,NaN,NaN,NaN,NaN,13.5621887175,0.0327079692141021,9.4103911920328,1.37067587535512,7.58516180333448,16.480354860391,0.460735925065388,,1301.76940766474,30,147.475882728238,0.689744512,104.975186759393,1.20417797,3.34971923967081,1.12945430681415,101.924773472672,NaN,NaN,NaN,NaN,14.2807938606667,0.058205753394377,9.185515813313,4.52756203745546,7.06979427576681,16.3634743368883,0.249475529250517,,1300.04592727772,29.9975874437372,146.458630900219,1.75043848,104.997555736216,1.43849831,3.62238379494711,0.65178257454703,102.333849502506,NaN,NaN,NaN,NaN,15.6246275084667,0.0337987651749271,10.1205419785857,NaN,6.55757304600632,18.8872061969551,NaN,,1300.26099312228,30,147.733106922199,2.235674416,104.980426795525,0.968416258,3.45811551853171,0.462663151073937,101.830562594529,NaN,NaN,NaN,NaN,17.3970981036667,0.0240000002086163,10.8086292214512,NaN,6.08200025558472,19.8729250736822,NaN,,1299.93342218486,30,147.743429326665
40,0.0561251719999989,93.9180457698079,3.14342483884283,3.99057767715446,4.97512047310401,100.210610892803,NaN,NaN,NaN,NaN,11.1706915582025,0.254233009134505,5.64262891326292,NaN,8.4755993631694,12.4454753451387,NaN,,1301.41189651755,29.9877266265346,147.723247762214,1.527649116,105.013619406144,3.459087596,3.71236422227402,1.78183490002002,101.543029159154,NaN,NaN,NaN,NaN,9.24173488113404,0.0997684683596262,12.6311057635558,117.359410174239,8.09539807356385,23.8600846149363,0.0151829247995004,,1298.95898922187,30,149.647290176719,0.874551776,104.973848483384,2.039998428,3.55203240020433,0.627821793297854,102.064363043507,NaN,NaN,NaN,NaN,13.4930385313756,0.0325288166147683,9.37439876449076,1.37916988590693,7.58461661581799,16.4135940735655,0.455425882022184,,1299.93533244311,30,147.470363228746,0.689744512,105.036075830508,1.20417797,3.3332847845842,1.12992710279718,101.990798720561,NaN,NaN,NaN,NaN,14.03988388,0.0582010271869657,9.1703524597011,4.49735712080089,7.0693303487,16.3354115182614,0.251291827829378,,1299.50555839587,30,146.453119182817,1.75043848,105.022538546831,1.43849831,3.55721434930139,0.650519861416646,102.349507247965,NaN,NaN,NaN,NaN,15.6832887162,0.0337195342745665,10.1339212592465,NaN,6.55704098130978,18.9122121530001,NaN,,1298.58762231674,30,147.727581835235,2.235674416,105.003022808693,0.968416258,3.49031723213137,0.462802084423277,101.826389566866,NaN,NaN,NaN,NaN,17.5164653961724,0.0240000002086163,10.7438687537086,NaN,6.08200025558472,19.7508356633754,NaN,,1299.37144204565,30,147.737905612798
40.0833333333333,0.0561251719999989,94.0371692166771,3.16126209193694,4.05482543186556,5.05928144663967,100.177708214338,NaN,NaN,NaN,NaN,11.1880604322984,0.258595486422257,5.6655262437807,NaN,8.47545589701796,12.4864845176108,NaN,,1298.38453848561,29.9952764383587,147.73536613149,1.53077886005974,105.04351694984,3.459087596,3.75225016324021,1.76020630977934,101.54970187039,NaN,NaN,NaN,NaN,9.19965737586596,0.0985574365812733,12.584041676649,117.562600432894,8.08986760553893,23.7691329898578,0.0149726407329775,,1300.32451914637,30.0042657756003,149.645167331198,0.874551776,104.996896252686,2.039998428,3.56788385294499,0.625910959952563,102.037620991979,NaN,NaN,NaN,NaN,13.3903428321244,0.0324352951561364,9.43545422015256,1.370158261853,7.58511155497929,16.5268635603658,0.457280726554795,,1299.54493833803,30,147.464845236642,0.689744512,104.98369498876,1.20417797,3.31507826350146,1.12792434086521,101.9627923601,NaN,NaN,NaN,NaN,14.0802856741667,0.0581205052769504,9.20641121265012,4.46666530048457,7.06908049874425,16.4021326724812,0.252541039377361,,1299.94504377457,30,146.447607151567,1.75043848,104.995234217029,1.43849831,3.62613558171953,0.64704646885982,102.345196558698,NaN,NaN,NaN,NaN,15.5673501183333,0.0335483344999949,10.1295260359053,NaN,6.55830081361936,18.9039858561134,NaN,,1299.76897951029,29.9907108246242,147.722056240594,2.235674416,104.9884858294,0.968416258,3.50070213629251,0.462749702759429,101.80600730109,NaN,NaN,NaN,NaN,17.399442208161,0.0240000002086163,10.7802640737032,NaN,6.08200025558472,19.8194291201665,NaN,,1299.5756251441,30,147.732382039815
40.1666666666667,0.0561251719999989,94.1239809245439,3.17889539503576,3.95455640342513,5.11122413955246,100.490237397161,NaN,NaN,NaN,NaN,11.2497335626885,0.261445167233129,5.71045758595536,NaN,8.47577736748556,12.5669947730557,NaN,,1303.971461437,29.9911500369684,147.747510022378,1.5319699045386,105.013040863687,3.459087596,3.6896465885946,1.73801333065175,101.56044050102,NaN,NaN,NaN,NaN,9.32096012683333,0.0973123383636511,12.591128162397,117.38865716413,8.09404626927045,23.7828244015503,0.0148058128436792,,1300.44240824342,29.998345045462,149.641179645271,0.874551776,105.015813665417,2.039998428,3.57194292037634,0.619385462865813,102.039723138455,NaN,NaN,NaN,NaN,13.401896622,0.0320804431946026,9.4991246697633,1.37777588610357,7.58527684701196,16.6450479162734,0.450077190232233,,1299.35763638694,29.9960416378807,147.45932566685,0.689744512,104.968018141303,1.20417797,3.28518807023791,1.1255437550962,101.968197264249,NaN,NaN,NaN,NaN,14.4425443979352,0.0579999983310699,9.22422921210123,4.46777573742973,7.06936241429041,16.4351098341933,0.251939028925356,,1301.24241472215,30,146.44209599423,1.75043848,104.996509085891,1.43849831,3.59017046811147,0.638984374836343,102.372528748187,NaN,NaN,NaN,NaN,15.4422530092856,0.0331281703695987,10.1063408612235,NaN,6.55832618289879,18.8606431897471,NaN,,1297.82791879309,29.990402103195,147.716531692209,2.235674416,105.010344390757,0.968416258,3.449443259257,0.461642667314922,101.880921193838,NaN,NaN,NaN,NaN,17.5754550898333,0.0239370780053391,10.7898785600207,NaN,6.08226366409285,19.8375632015553,NaN,,1298.99812904125,30,147.726858339975
40.25,0.0561251719999989,94.3536967124404,3.19498047563012,4.12504086922188,5.20150726325193,100.114306996507,NaN,NaN,NaN,NaN,11.1514975648464,0.266040442358872,5.65526006359273,NaN,8.474869191412,12.4680921289534,NaN,,1300.86436470938,29.9899997711182,147.757987912896,1.534446938,105.009157479982,3.459087596,3.69311769792726,1.73708909488528,101.604062219701,NaN,NaN,NaN,NaN,9.20026394910573,0.0972663087247463,12.5836516694624,117.507588000364,8.09114233923196,23.7683828596129,0.0147828254768973,,1299.12769279097,29.9899997711182,149.638540295278,0.874551776,104.993603077976,2.039998428,3.53421284877593,0.617581420129326,102.065967003552,NaN,NaN,NaN,NaN,13.4022860845,0.0320000015199184,9.41665552135796,1.61450058760804,7.58616890513923,16.4919770183689,0.383290535491984,,1299.20510222594,29.9987068230057,147.453806651046,0.689744512,104.994026910573,1.20417797,3.32561502464021,1.12581857809889,101.975377588302,NaN,NaN,NaN,NaN,14.0531048684433,0.0580000766710497,9.28153664979683,4.45990346650412,7.06989832077153,16.5412283963787,0.252455536641262,,1299.94454599121,30,146.436584667534,1.75043848,105.067185083378,1.43849831,3.63652780231953,0.639584256128878,102.421545039955,NaN,NaN,NaN,NaN,15.7139434268811,0.0331507247553527,10.1197279084005,NaN,6.55824708852694,18.8856722229789,NaN,,1300.73961256242,30,147.711007125479,2.235674416,104.997056857432,0.968416258,3.45833441346931,0.4625035350462,101.88973742545,NaN,NaN,NaN,NaN,17.3613870628333,0.0239822980821781,10.7457051202189,NaN,6.08295967923637,19.7543156275035,NaN,,1300.29176385795,29.9970113295913,147.721333415723
40.3333333333333,0.0561251719999989,94.4958876323231,3.21152094875328,3.77385484513827,5.27994994307162,100.134666399901,NaN,NaN,NaN,NaN,11.2766518976667,0.268237215774038,5.75155089505021,NaN,8.47484629728379,12.6406445422238,NaN,"Sample 1.50 mL to AMBR-96DWP-3/D1",1301.02622614133,29.9899997711182,147.454364003706,1.5356994122289,105.008911307214,3.459087596,3.54044752453681,1.70797650023192,101.614642613198,NaN,NaN,NaN,NaN,9.0692042892934,0.0955569215828744,12.5778541977811,117.352827781917,8.09312319930251,23.7571764421199,0.0145514023126939,"Sample 1.50 mL to AMBR-96DWP-3/D2",1298.91877216947,29.9996338202413,149.552232031342,0.874551776,104.996786746386,2.039998428,3.36172169428336,0.61856990885466,102.042208447866,NaN,NaN,NaN,NaN,13.5505331819783,0.0320403520893735,9.46094864429748,1.80467795389528,7.58634616994711,16.5741647371593,0.343214902229455,"Sample 1.50 mL to AMBR-96DWP-3/D3",1300.25420250459,29.9971941282565,147.387815237492,0.689744512,104.963410935552,1.20417797,3.08012648285716,1.12183360083876,101.971735709661,NaN,NaN,NaN,NaN,14.3176827443832,0.0577990518247582,9.20875479715399,4.42818526615727,7.07020355646681,16.4064587947582,0.253418011883958,"Sample 1.50 mL to AMBR-96DWP-3/D4",1299.39349451354,30,146.389209409601,1.75043848,105.015053007054,1.43849831,3.34675165207902,0.639476465747769,102.319579407232,NaN,NaN,NaN,NaN,15.4768035690424,0.033125307733296,10.1578029322288,NaN,6.55798412948397,18.956892715586,NaN,"Sample 1.50 mL to AMBR-96DWP-3/D5",1300.46870363571,30.0035209291191,147.678592881529,2.235674416,104.983376609098,0.968416258,3.34537549088657,0.457977151947655,101.891739025568,NaN,NaN,NaN,NaN,17.3752786013743,0.0237595431789099,10.7716000406649,NaN,6.08305444844878,19.8031046653131,NaN,"Sample 1.50 mL to AMBR-96DWP-3/D6",1300.02772295067,29.9903956697056,147.70836427902
40.4166666666667,0.0561251719999989,94.2476656022213,3.22808125340188,3.93719382539364,5.33845997040516,99.7900855689903,NaN,NaN,NaN,NaN,11.250181815055,0.262874686596965,5.75929469693055,NaN,8.47573806202341,12.6545160087541,NaN,,1297.6014042103,29.9899997711182,145.985908104599,1.537816632,105.054683537747,3.459087596,3.77744409237067,1.73513200168816,101.587081465628,NaN,NaN,NaN,NaN,9.05237615826754,0.0934564111831972,12.5488793187244,118.874909522942,8.09219493586267,23.7012537836935,0.0144464757470765,,1300.58285792303,29.9900108344641,147.837545252673,0.874551776,104.967982778508,2.039998428,3.53395783812514,0.625070257550781,102.018204400451,NaN,NaN,NaN,NaN,13.3345531495217,0.0315178741730281,9.38564883478837,1.84350998802417,7.58627720911024,16.4344598294977,0.349626284984629,,1302.28029064111,29.9963946951549,145.648771102048,0.689744512,104.971061342723,1.20417797,3.28973430710982,1.13943148665113,101.939581750861,NaN,NaN,NaN,NaN,14.8310699403557,0.0573207645654575,9.20206127952031,4.47896765477535,7.07027474844137,16.39408357052,0.257570911206086,,1299.32565073544,29.999563245287,144.631563328321,1.75043848,104.978970435321,1.43849831,3.58628434752163,0.644747573969153,102.344074724843,NaN,NaN,NaN,NaN,15.3324052511026,0.0329999998211861,10.1351103481413,NaN,6.55865345702057,18.9144328627008,NaN,,1300.29739720447,30.0004941848941,145.905954233223,2.235674416,105.007630295229,0.968416258,3.44320139263387,0.448814988031587,101.866183594796,NaN,NaN,NaN,NaN,17.3874061792924,0.0231157015399609,10.7594161508278,NaN,6.08399958333807,19.7801276811849,NaN,,1299.6480258873,29.9900050445026,145.916286094318
40.5,0.0561251719999989,94.4475539133002,3.24386579763244,3.99186489164731,5.34992988608906,100.408007761773,NaN,NaN,NaN,NaN,11.4235532161883,0.270487117753966,5.72247351291453,NaN,8.4770425063514,12.5885247538994,NaN,,1299.85994505637,29.9914294676306,145.99610692634,1.53986373224521,104.994239524691,3.459087596,3.70323793000534,1.69186012935988,101.644691641113,NaN,NaN,NaN,NaN,9.1204787535,0.0935578335275369,12.5554625035346,118.499252208941,8.09071692150449,23.7139538030016,0.0142769068327878,,1299.47271112774,29.9899997711182,147.834340664445,0.874551776,105.001029502834,2.039998428,3.56932196432605,0.624406496306598,102.046114304463,NaN,NaN,NaN,NaN,13.5819341748333,0.0319598070514621,9.42564583866768,1.73674029579632,7.58745925057356,16.5086759013709,0.359722197951191,,1300.10356448526,30,145.64325451125,0.689744512,105.017443768422,1.20417797,3.31624284050875,1.13067674551659,101.984408127648,NaN,NaN,NaN,NaN,14.7662097928826,0.0575152347928389,9.21268538993005,4.40691517411809,7.07052726824427,16.4137364601267,0.256604436466827,,1299.59699642281,29.997231434074,144.626051660694,1.75043848,104.927376649799,1.43849831,3.59856809157183,0.645794515464123,102.418820185804,NaN,NaN,NaN,NaN,15.2226875601883,0.0330794277924845,10.1506475380416,NaN,6.55891073402937,18.9435025709728,NaN,,1300.92205329966,29.9991956363983,145.900430913029,2.235674416,105.044014238526,0.968416258,3.49846952468223,0.450907848843126,101.897931439285,NaN,NaN,NaN,NaN,17.2894086278305,0.0231201785425661,10.7987305095383,NaN,6.08346960895104,19.8542438954561,NaN,,1299.5912814747,29.9948700471057,145.91076155518
40.5833333333333,0.0561251719999989,94.6967248423181,3.2586596576351,4.02453588230495,5.41900752456075,100.287872007172,NaN,NaN,NaN,NaN,11.2993352658264,0.273904733227562,5.7469596177868,NaN,8.47666770744637,12.6324233199353,NaN,,1299.46869243672,29.9995977866493,146.005293956528,1.541205804,105.015276992826,3.459087596,3.691169416228,1.68974446013647,101.652480782797,NaN,NaN,NaN,NaN,9.20079378766667,0.0934815966476671,12.5938568550046,118.874263210788,8.09216370873517,23.7880872481096,0.0142145923679275,,1300.74998549159,29.9952009138368,147.830569069942,0.874551776,105.002505376746,2.039998428,3.55479953270179,0.624545316319219,102.124675064775,NaN,NaN,NaN,NaN,13.541513726227,0.0319597672975483,9.46984491567468,1.69081899658734,7.58624192806672,16.5906715880147,0.369514792919534,,1300.28115387551,30,145.637734996336,0.689744512,105.043397438883,1.20417797,3.31317126669512,1.12945349140388,102.05625454148,NaN,NaN,NaN,NaN,14.3620796143333,0.05744214597938,9.24231701310261,4.39780476822092,7.07083791338412,16.468591756143,0.25683552759092,,1300.71347588182,29.9975909219219,144.620538637755,1.75043848,105.048595998271,1.43849831,3.62408127320639,0.644394350141445,102.417663144607,NaN,NaN,NaN,NaN,15.5796282569755,0.0329999998211861,10.1597205597609,NaN,6.55907715957956,18.96049314221,NaN,,1299.42431329706,29.999600339181,145.894907521528,2.235674416,104.943664905559,0.968416258,3.47010514893198,0.451105801821106,101.923774884379,NaN,NaN,NaN,NaN,17.7149290088362,0.0231126370078356,10.8969419134285,NaN,6.08332521222523,20.039571432452,NaN,,1300.60728847332,29.9955731114589,145.905237351851
40.6666666666667,0.0561251719999989,94.864943137131,3.27292025218293,4.12682906736152,5.46712536334601,100.373268606937,NaN,NaN,NaN,NaN,11.1205546404303,0.276073940537726,5.7385278158021,NaN,8.47575108879257,12.6172925727653,NaN,,1301.57484335276,30,146.01396976847,1.54282557406877,105.020157521791,3.459087596,3.74668099192989,1.65916079728705,101.692299462987,NaN,NaN,NaN,NaN,9.20072064616667,0.0917582493445093,12.5435495612778,118.606033826841,8.09239916308579,23.6909243338122,0.0139888667029085,,1301.25253242547,30,147.82693759835,0.874551776,104.988653401773,2.039998428,3.59830887250588,0.621997098495871,102.080512468584,NaN,NaN,NaN,NaN,13.3739948947011,0.0318279076181609,9.47631004523292,1.6215360345012,7.58600021729834,16.6026790445622,0.383674535760921,,1301.02959002724,30,145.632216546891,0.689744512,105.049580432114,1.20417797,3.32077840640717,1.1305506300781,102.000346812169,NaN,NaN,NaN,NaN,14.4338052105,0.0574823789117016,9.21648490750361,4.34912502895924,7.07083668495672,16.4207732745782,0.259965615748134,,1300.25522893146,30,144.615023777254,1.75043848,105.011276965902,1.43849831,3.61583658911393,0.645399584512167,102.444605001068,NaN,NaN,NaN,NaN,15.4969273501911,0.0330401473417139,10.1216968473365,NaN,6.55893536659155,18.8893435306271,NaN,,1299.71560157608,29.9995985164193,145.889381048788,2.235674416,104.976386010589,0.968416258,3.46429751522625,0.449705812527114,101.92079746418,NaN,NaN,NaN,NaN,17.4816418735,0.0230401534497852,10.7866301816355,NaN,6.08367496822707,19.8314279711314,NaN,,1300.38582053756,29.9939887687637,145.899715954017
40.75,0.0561251719999989,94.9599643447831,3.28540993754899,4.03716741991211,5.51117496016985,100.182509281098,NaN,NaN,NaN,NaN,11.440711883305,0.278474537265964,5.80060601351045,NaN,8.47615662849968,12.7285929746715,NaN,,1301.0068247797,30,146.020910641705,1.544614454,105.024779499603,3.459087596,3.74941800854136,1.65859685324321,101.683278959484,NaN,NaN,NaN,NaN,9.55116875649949,0.0917175915509971,12.5507742521598,118.329510217395,8.09061569214733,23.7048731683332,0.0140170061017068,,1300.69698724208,30,147.82361190024,0.874551776,104.979981782397,2.039998428,3.54252618468218,0.61931093182561,102.01221201978,NaN,NaN,NaN,NaN,13.5072651043581,0.031691380004147,9.4169763493237,1.48875549455434,7.58549918830363,16.4925870126874,0.416462820287129,,1299.95008907134,29.9987923704985,145.626698251147,0.689744512,105.064394670119,1.20417797,3.33777227202257,1.12655789622145,102.065167749886,NaN,NaN,NaN,NaN,14.3290198486667,0.0572808692183466,9.24957615195554,4.31532307852263,7.07092004105752,16.4820386761359,0.261110350219742,,1300.31568125458,30,144.609508814196,1.75043848,105.01212353764,1.43849831,3.62073704386296,0.644560033085614,102.404132562935,NaN,NaN,NaN,NaN,15.678719869,0.0329999998211861,10.1125398688261,NaN,6.55921323370694,18.8722328938301,NaN,,1301.8912651299,30,145.88385614446,2.235674416,104.998089132274,0.968416258,3.48445655587371,0.450666473579741,101.958360748177,NaN,NaN,NaN,NaN,17.2811302841667,0.0230803782572119,10.7582347920975,NaN,6.08364010657842,19.7779026603392,NaN,,1299.75785164704,30,145.894192995997
40.8333333333333,0.0561251719999989,95.0976398341197,3.29876346190722,4.07833722760192,5.60163099648178,100.329979233829,NaN,NaN,NaN,NaN,11.4008153390864,0.283007223583152,5.78656187520811,NaN,8.47456920446887,12.7034253391314,NaN,,1302.60520672366,29.9979928635947,146.028691215129,1.54552457774487,104.99304798176,3.459087596,3.76262433484825,1.62685815282916,101.683457143875,NaN,NaN,NaN,NaN,9.29225778283384,0.0899803890273849,12.5173404440188,118.547630700806,8.09433792448223,23.6403436873272,0.0137232849316688,,1301.29621588451,30,147.819269941229,0.874551776,105.032550779421,2.039998428,3.59264653297612,0.613594458218173,102.090234058295,NaN,NaN,NaN,NaN,13.1665579052138,0.0313930791387909,9.42029360345153,1.55170929482644,7.58620982976853,16.4987364766384,0.396421409893155,,1299.59256147666,30,145.621179903611,0.689744512,105.01849760029,1.20417797,3.33812881025434,1.12886115412032,102.03083065345,NaN,NaN,NaN,NaN,14.160754915,0.0574019363611855,9.18752494666206,4.32161674894531,7.07055815065105,16.367175598435,0.261271502883688,,1300.46379205759,30,144.603994259265,1.75043848,104.991452345209,1.43849831,3.6257162959457,0.643762142748922,102.384670885046,NaN,NaN,NaN,NaN,15.5513080265,0.0329596846000043,10.141655759184,NaN,6.55815851475674,18.9266774621208,NaN,,1299.34400755692,30,145.878330769242,2.235674416,105.018118155523,0.968416258,3.51473880709083,0.449197451775305,101.941279652811,NaN,NaN,NaN,NaN,17.0401814003333,0.0230000000447035,10.7043252914878,NaN,6.08380174742993,19.6763427818388,NaN,,1297.63063700364,29.9979890664028,145.888669001689
40.9166666666667,0.0561251719999989,95.2104460521301,3.31275359773932,4.03654416906487,5.63702563377824,100.00062471266,NaN,NaN,NaN,NaN,11.1222516937753,0.284777403124488,5.70880610449362,NaN,8.4753114565961,12.5640318340522,NaN,,1298.22721226574,29.9979944828351,146.036968181507,1.548023104,105.028227502907,3.459087596,3.75575238708233,1.63045558359298,101.695369034582,NaN,NaN,NaN,NaN,9.2232855651501,0.0901607337145993,12.5395943877961,118.482567219426,8.08830672847407,23.6832996587574,0.0137614174359606,,1301.49661841113,30.0094607549378,147.816655066775,0.874551776,105.001355560434,2.039998428,3.55138728361415,0.611514237956897,102.117757649836,NaN,NaN,NaN,NaN,13.719025665,0.0312809108214758,9.45652767446331,1.60519210790423,7.58596766533013,16.5659591546424,0.381099381677925,,1300.24023667557,30,145.615659963997,0.689744512,105.021402177114,1.20417797,3.38306944089946,1.12279729199205,102.005466814695,NaN,NaN,NaN,NaN,13.9599759831667,0.0571007749159109,9.23125441007691,4.29583886800749,7.07094014792214,16.4481121655887,0.261392308109717,,1300.10453610114,30,144.598480594894,1.75043848,104.950029836836,1.43849831,3.6339963238394,0.644331314847362,102.436595231312,NaN,NaN,NaN,NaN,15.4784082238789,0.0329999998211861,10.128594425006,NaN,6.5585402751012,18.9022463184707,NaN,,1300.84801693269,30,145.872806590942,2.235674416,105.013315892167,0.968416258,3.50050066577347,0.449176818771074,101.927492780029,NaN,NaN,NaN,NaN,17.0655602515,0.0230000000447035,10.7618116892847,NaN,6.08391990363565,19.7846521056145,NaN,,1300.47144535452,29.9991958647536,145.883144184007
41,0.0561251719999989,95.1799554229729,3.32602822825776,4.03792066814139,5.64655863723848,100.119917577395,NaN,NaN,NaN,NaN,11.1599939423333,0.285342069097929,5.76827564744763,NaN,8.47478948875882,12.6706270021945,NaN,,1298.17119251011,30.0088267348849,146.044724784034,1.548023104,105.006037799195,3.459087596,3.76595688479164,1.60058483890726,101.73036795827,NaN,NaN,NaN,NaN,9.21851798501656,0.088517696242153,12.5299429032342,118.348439607532,8.09508390443324,23.6646554351655,0.0135244534982079,,1300.40041770155,30.0021856285989,147.811472119492,0.874551776,104.993851428382,2.039998428,3.57341626698493,0.609643707423399,102.081069436634,NaN,NaN,NaN,NaN,13.3974085166667,0.0311937561020788,9.39882046844588,1.60874370310748,7.5866271762739,16.4588847916311,0.379247792553819,,1301.6572009097,30.0000332766694,145.610141573906,0.689744512,105.002155601085,1.20417797,3.2942467763753,1.12205230609611,102.04620448165,NaN,NaN,NaN,NaN,14.1768389617501,0.0570597757167941,9.20754467891179,4.2449142852501,7.0710197929675,16.4042186112726,0.264361721842858,,1299.80545718988,30,144.592966392603,1.75043848,104.933313645191,1.43849831,3.6439620945022,0.644246327788539,102.436161830534,NaN,NaN,NaN,NaN,15.4435988939544,0.0329999998211861,10.1626985089269,NaN,6.5587696958692,18.9660587758915,NaN,,1299.69893254968,30.001609994154,145.86728463106,2.235674416,104.979339644136,0.968416258,3.47410860775777,0.449092731408631,102.026079469628,NaN,NaN,NaN,NaN,17.4969781426667,0.0230000000447035,10.7714310987673,NaN,6.08355824340225,19.8027747429268,NaN,,1300.22989143857,30,145.877620536158
41.0833333333333,0.0561251719999989,95.2420158580267,3.3399722988314,3.97213149281369,5.67464420696145,100.078702965687,NaN,NaN,NaN,NaN,11.3566859043333,0.286749724742566,5.79631337837032,NaN,8.47669943356534,12.7208858454452,NaN,,1299.93619968145,30.0052274960551,146.053006461275,1.55053450743491,104.994887123386,3.459087596,3.76570149690549,1.58554369945551,101.798146889918,NaN,NaN,NaN,NaN,9.44166129366667,0.0876783769925441,12.5525510148613,118.360037403639,8.08939896272511,23.708299358861,0.0133958982711051,,1300.51494757496,30,147.808731247591,0.874551776,104.990770278747,2.039998428,3.57304736036,0.61003765668192,102.199526072696,NaN,NaN,NaN,NaN,13.2872072364392,0.0312081661941614,9.40039756046149,1.66227757819782,7.58517209914636,16.4618091773702,0.367246076113915,,1298.2156823628,30.0027832741299,145.604623081805,0.689744512,105.017216055234,1.20417797,3.33185557289376,1.12492015566704,102.079055220469,NaN,NaN,NaN,NaN,14.5579040605833,0.0572007602055973,9.16786403987536,4.25794654596958,7.07136216086726,16.3307875080405,0.264222728830964,,1298.93271597672,30,144.587452827932,1.75043848,104.960346897909,1.43849831,3.61070383315354,0.642765094811198,102.405341734492,NaN,NaN,NaN,NaN,15.6446292358333,0.0329194580905052,10.1431548725775,NaN,6.5585795210986,18.9294805717854,NaN,,1300.18594252818,30,145.861762706479,2.235674416,105.008118258002,0.968416258,3.51059620707402,0.449115344282797,102.044075256287,NaN,NaN,NaN,NaN,17.5221033281667,0.0230000000447035,10.7562908152711,NaN,6.08400011062622,19.7742469095151,NaN,,1298.73479865403,30,145.872096701063
41.1666666666667,0.0561251719999989,95.3066331393606,3.35258223809099,4.04891966396293,5.69811912886959,100.054955291621,NaN,NaN,NaN,NaN,11.1676543825289,0.287929380799055,5.79573918620138,NaN,8.47569566469478,12.7198553233081,NaN,,1298.6718176307,29.999306104907,146.060082454522,1.551431754,105.001529382357,3.459087596,3.72560565971218,1.58314834991597,101.758231133913,NaN,NaN,NaN,NaN,9.24140302166666,0.0875487266468649,12.6056138834087,118.126671786317,8.09200298903569,23.810844293022,0.0134023496374985,,1301.92133302426,29.9995991170081,147.804514679476,0.874551776,105.022786513422,2.039998428,3.5847976568853,0.605916744239453,102.151594199361,NaN,NaN,NaN,NaN,13.7884567012242,0.0310006451735057,9.45369988936667,1.66905638994092,7.58720632946518,16.5607119028554,0.363221780014512,,1299.44618005125,30,145.599104828917,0.689744512,105.044939431851,1.20417797,3.36917113705345,1.1219590360994,102.061615302029,NaN,NaN,NaN,NaN,14.3078371631112,0.0570402677837314,9.22952999328909,4.22904642892574,7.07096020407104,16.4449216908363,0.265310501191606,,1298.7909786864,30,144.581939178673,1.75043848,105.007271704444,1.43849831,3.65085555276744,0.644443728521796,102.435432364813,NaN,NaN,NaN,NaN,15.1213237351233,0.0329999998211861,10.118954169087,NaN,6.55740685950444,18.8842135381425,NaN,,1301.00455902867,30,145.856240410017,2.235674416,104.999844689884,0.968416258,3.52035903546,0.449212571940257,101.988470526227,NaN,NaN,NaN,NaN,17.2132962941667,0.0230000000447035,10.7030622095437,NaN,6.08359849310993,19.6739584764142,NaN,,1300.58667432716,30.0008037619879,145.866572652993
41.25,0.0561251719999989,95.3890397340121,3.36535851319975,4.05166369950136,5.72815347777662,100.283386951137,NaN,NaN,NaN,NaN,11.3195927489711,0.289376371540831,5.77590635155943,NaN,8.47747101689586,12.684297141624,NaN,,1301.49743505107,29.9930549883663,146.067160148163,1.55226235943402,104.984679468803,3.459087596,3.71212720367396,1.55036708272135,101.830832843292,NaN,NaN,NaN,NaN,9.08487841283334,0.0857491757926078,12.5563457827586,118.504157183243,8.09496054728642,23.7156613276041,0.0130828938082871,,1302.59853679159,30,147.800094663953,0.874551776,105.028588927849,2.039998428,3.53317317657553,0.607749625559524,102.136645789299,NaN,NaN,NaN,NaN,13.67907395817,0.0310801912657034,9.42511351986992,1.6247982813306,7.58639739799147,16.5076676359239,0.374165573199254,,1300.27177679211,29.9979901171185,145.59358531551,0.689744512,105.047670805663,1.20417797,3.3304729413207,1.12191397532697,102.055229455385,NaN,NaN,NaN,NaN,14.2096122523976,0.0570338989977082,9.24557552910464,4.19029523607934,7.0714044783858,16.4746318639821,0.267761219704036,,1299.17887661253,30,144.576424584914,1.75043848,104.989103798296,1.43849831,3.62553844638316,0.644645584184159,102.495516433283,NaN,NaN,NaN,NaN,15.9479523732101,0.0329999998211861,10.1072268512308,NaN,6.55861806758229,18.862285651285,NaN,,1300.02578921641,30,145.850715997817,2.235674416,104.975022514361,0.968416258,3.48160105878415,0.447558812033556,102.019237945802,NaN,NaN,NaN,NaN,17.3901285671667,0.0229197464982156,10.8104924158953,NaN,6.08310861777047,19.8764310807352,NaN,,1299.76566670237,30.0048016112431,145.861049165944
41.3333333333333,0.0561251719999989,95.4134454844406,3.3772694295046,3.96353731362571,5.75051035530028,100.091155211627,NaN,NaN,NaN,NaN,11.4232554018333,0.290484604204053,5.74188475080985,NaN,8.47712139281337,12.6233151753097,NaN,,1300.39192854301,29.9933579395338,146.073569577872,1.554820926,105.015613314363,3.459087596,3.75752006175483,1.55508627291084,101.832084026826,NaN,NaN,NaN,NaN,9.32192754661637,0.0859945166359668,12.5494922584885,118.406647656728,8.08906029125043,23.7024037109327,0.0131337237625283,,1299.77149599976,30.0012113502416,147.797539528502,0.874551776,104.981361595548,2.039998428,3.49623133089959,0.606734630057405,102.155629558626,NaN,NaN,NaN,NaN,13.9999329576667,0.0310400701658992,9.41873061608406,1.69230724626594,7.58670583248958,16.4958217303079,0.358714189941998,,1299.79717057389,30,145.588065339246,0.689744512,104.982265886434,1.20417797,3.35884867190877,1.12106777941344,102.104548159515,NaN,NaN,NaN,NaN,14.3529988906579,0.0570061233682425,9.20102644767679,4.17066767959036,7.07091358380591,16.392164315469,0.268811728826169,,1300.00522816307,30,144.570910467803,1.75043848,104.990596679471,1.43849831,3.61106951890547,0.643114914804956,102.504131962436,NaN,NaN,NaN,NaN,15.497038284,0.0329195128730788,10.1794327829474,NaN,6.55883694699079,18.9973627686606,NaN,,1298.59092771067,30,145.84519130911,2.235674416,104.989607175365,0.968416258,3.55283831256384,0.449133251609701,102.001555647751,NaN,NaN,NaN,NaN,17.4046570165,0.0230000000447035,10.7861182180577,NaN,6.08328447905592,19.8304654261193,NaN,,1299.72526867379,30.0000181638486,145.855526449583
41.4166666666667,0.0561251719999989,95.557755300176,3.38882290465836,4.07913480322731,5.79181009056312,100.078646950221,NaN,NaN,NaN,NaN,11.0357943168333,0.292780854971506,5.8188508032426,NaN,8.47639569155319,12.7613355997274,NaN,,1301.07999265585,29.9949911936368,146.079517199838,1.554820926,105.013033651557,3.459087596,3.7249294677574,1.53079076925799,101.742954586091,NaN,NaN,NaN,NaN,9.23531598488363,0.0846472665990177,12.5478154942733,118.455221208007,8.09566308484761,23.6991750624908,0.0129228895777643,,1299.67407662281,30.0088351173201,147.792357192998,0.874551776,105.023023179656,2.039998428,3.52238632097867,0.607607328729274,102.182454554404,NaN,NaN,NaN,NaN,13.5040064066667,0.0310806523064744,9.36855308471693,1.73765466589778,7.58675887066313,16.4027597707995,0.34979171890688,,1298.71874406714,30,145.582546895589,0.689744512,105.005405520013,1.20417797,3.39318412881055,1.12111851668767,102.058152870203,NaN,NaN,NaN,NaN,14.192873292,0.0570000000298023,9.13147654298745,4.14498564417572,7.07102420572252,16.2634934262288,0.27048808423303,,1300.72522688827,29.995848839543,144.565395209122,1.75043848,105.020554314492,1.43849831,3.63865093782032,0.644636638750283,102.410212539683,NaN,NaN,NaN,NaN,15.6025698653333,0.0329999998211861,10.2208295365509,NaN,6.55820178309498,19.074879245968,NaN,,1300.42999717186,30,145.839661439912,2.235674416,104.997234514146,0.968416258,3.5314002615034,0.448385081001229,102.067376901215,NaN,NaN,NaN,NaN,17.7189142243008,0.0229596875957624,10.7332235679521,NaN,6.08316746599135,19.730775255939,NaN,,1300.48147114266,30,145.849998482016
41.5,0.0561251719999989,95.6151295603355,3.40043690826218,4.06468153105434,5.82719518064328,100.227026858,NaN,NaN,NaN,NaN,11.2868456721329,0.294641508635687,5.83348998836728,NaN,8.47639626964335,12.7875637695408,NaN,,1298.12898268498,29.9918382340096,146.085474890905,1.55736304850356,104.998882771924,3.459087596,3.74200018467173,1.5200024785266,101.840092943414,NaN,NaN,NaN,NaN,9.50562764614534,0.084043728231777,12.5298773322385,118.315332183916,8.08951124397086,23.6645837269069,0.0128470422726893,,1300.70338484726,30,147.789644663842,0.874551776,105.024787865138,2.039998428,3.5905971989074,0.60611590893177,102.158807105615,NaN,NaN,NaN,NaN,13.5971579825307,0.0309999994933605,9.35896957637359,1.69756726759276,7.58849639254665,16.3849928409719,0.357252791061661,,1299.62941557238,30,145.577023570237,0.689744512,105.010502233561,1.20417797,3.33005707744643,1.12188431470273,102.073931714171,NaN,NaN,NaN,NaN,14.550969327833,0.0570403379691121,9.18211081065359,4.15330948316926,7.07123269570689,16.3571695122667,0.270147169917366,,1298.65179462985,29.9931056977189,144.559882203911,1.75043848,104.997814534999,1.43849831,3.61787657884336,0.644783844014509,102.460529763964,NaN,NaN,NaN,NaN,15.7346769705,0.0329999998211861,10.1655194703912,NaN,6.55754729398913,18.9713582100288,NaN,,1301.3114197278,30,145.834140012674,2.235674416,105.030952861998,0.968416258,3.48650168512205,0.444613363809427,102.06760765722,NaN,NaN,NaN,NaN,17.4304399193659,0.0227586035096355,10.8041246132177,NaN,6.08325674731324,19.864418963116,NaN,,1299.84853369849,30,145.844478209488
41.5833333333333,0.0561251719999989,95.5743273830236,3.4117819967754,4.06686350241638,5.83867064508272,99.8309193977211,NaN,NaN,NaN,NaN,11.3886942365338,0.295396600313171,5.74145783594261,NaN,8.47671139632503,12.6225447658273,NaN,,1299.48168601477,29.9924928525757,146.091239993584,1.55819062,104.9360727713,3.459087596,3.7688879849606,1.51933458339599,101.820356144472,NaN,NaN,NaN,NaN,9.59971261118799,0.0840505940648347,12.4494807755108,118.21224880807,8.09212533658956,23.5095029113174,0.0128526177755415,,1299.89693020596,29.9987958237442,147.785358541171,0.874551776,105.010616206555,2.039998428,3.56214145141646,0.606101709496792,102.181380946711,NaN,NaN,NaN,NaN,13.8078883347445,0.0309999994933605,9.38893878833773,1.66504554193619,7.58872994298262,16.4405778327168,0.364155303838022,,1298.91687667824,30,145.571507013553,0.689744512,104.993983370031,1.20417797,3.3865161087429,1.1210781409125,102.113463176073,NaN,NaN,NaN,NaN,14.468909819925,0.0570000000298023,9.17852525047698,4.13237325640778,7.07128134941158,16.3505129529706,0.271308264060405,,1300.47003848516,30,144.554369476987,1.75043848,105.065473954448,1.43849831,3.62581729544913,0.639591025392438,102.458891615363,NaN,NaN,NaN,NaN,15.6813031108595,0.0327188486489541,10.1897886946588,NaN,6.5572848696872,19.0167433566428,NaN,,1299.21544305422,30,145.828614406412,2.235674416,85.7584174446369,0.968416258,2.91611334348465,0.4482748638293,102.103630366857,NaN,NaN,NaN,NaN,17.6667009639546,0.0229523710064301,10.7446517608891,NaN,6.08300018310547,19.7523499197528,NaN,,1298.34136545425,30,145.839054619968
41.6666666666667,0.0561251719999989,95.6797265801291,3.42293949677849,4.10329276969028,5.89164075023858,100.296547281907,NaN,NaN,NaN,NaN,11.2377705942711,0.297949015806723,5.73808629056379,NaN,8.47678765680519,12.6165088041148,NaN,,1300.12417794171,30.0024062051174,146.096822932361,1.55894430524846,104.988869205504,3.459087596,3.75904733767638,1.49266092727117,101.835297238113,NaN,NaN,NaN,NaN,9.160428373,0.0825509633412487,12.5403726572149,118.061076352724,8.09485902092861,23.6848218556438,0.0126432582250519,,1301.84154028137,30,147.780867200458,0.874551776,76.3317451466219,2.039998428,2.77867486507087,0.606219983650945,102.207307226012,NaN,NaN,NaN,NaN,13.6759460795439,0.0309999994933605,9.37645568317486,1.64370665340838,7.58799948381298,16.417415466896,0.368965986174663,,1299.73301154338,30.0036628430252,145.566207086467,0.689744512,44.5879770479288,1.20417797,1.6531720309537,1.12071318548439,102.078412644833,NaN,NaN,NaN,NaN,14.7993196962162,0.0570000000298023,9.21675029821829,4.07138553808639,7.07117822514537,16.4212567788956,0.275272876260778,,1301.37760168055,30,144.549791546682,1.75043848,12.6983743207628,1.43849831,1.06200738076467,0.645058812997999,102.494976266116,NaN,NaN,NaN,NaN,15.4839469562673,0.0329999998211861,10.1997231365609,NaN,6.55698545941583,19.0353320413193,NaN,,1294.0680189998,30,145.825256937693,2.235674416,0,0.968416258,0.548537645265714,NaN,NaN,NaN,NaN,NaN,NaN,NaN,NaN,NaN,NaN,NaN,NaN,NaN,,NaN,NaN,145.837241993106
41.75,0.0561251719999989,31.1647091813964,3.429558948,1.91685825085324,5.89581624110048,99.9289751331308,NaN,NaN,NaN,NaN,11.5631267881215,0.29820972706852,5.76419728408481,NaN,8.4748177499488,12.6633018370129,NaN,,1296.67001216764,30,146.09935507517,1.561579792,2.6291156581972,3.459087596,0.982474391492185,NaN,NaN,NaN,NaN,NaN,NaN,NaN,NaN,12.6337649886893,NaN,NaN,23.8652038574219,NaN,,NaN,NaN,147.780884817747,0.874551776,0,2.039998428,0.668462931428411,NaN,NaN,NaN,NaN,NaN,NaN,NaN,NaN,NaN,NaN,NaN,NaN,NaN,,NaN,NaN,145.564779012083,0.689744512,0,1.20417797,0.42566640791743,NaN,NaN,NaN,NaN,NaN,NaN,NaN,NaN,NaN,NaN,NaN,NaN,NaN,,NaN,NaN,144.549310928293,1.75043848,0,1.43849831,0.709642395468797,NaN,NaN,NaN,NaN,NaN,NaN,NaN,NaN,NaN,NaN,NaN,NaN,NaN,,NaN,NaN,145.825221085616,2.235674416,0,0.968416258,0.539762328717872,NaN,NaN,NaN,NaN,NaN,NaN,NaN,NaN,NaN,NaN,NaN,NaN,NaN,,NaN,NaN,145.837241993106
41.8333333333333,0.0561251719999989,0,3.429558948,0.857615561288021,NaN,NaN,NaN,NaN,NaN,NaN,NaN,NaN,NaN,NaN,NaN,NaN,NaN,,NaN,NaN,146.099070599163,1.561579792,0,3.459087596,0.947248873038746,NaN,NaN,NaN,NaN,NaN,NaN,NaN,NaN,NaN,NaN,NaN,NaN,NaN,,NaN,NaN,147.780884817747,0.874551776,0,2.039998428,0.659912280751606,NaN,NaN,NaN,NaN,NaN,NaN,NaN,NaN,NaN,NaN,NaN,NaN,NaN,,NaN,NaN,145.564779012083,0.689744512,0,1.20417797,0.41329870616434,NaN,NaN,NaN,NaN,NaN,NaN,NaN,NaN,NaN,NaN,NaN,NaN,NaN,,NaN,NaN,144.549310928293,1.75043848,0,1.43849831,0.69976989094522,NaN,NaN,NaN,NaN,NaN,NaN,NaN,NaN,NaN,NaN,NaN,NaN,NaN,,NaN,NaN,145.825221085616,2.235674416,0,0.968416258,8.72986397319389,NaN,NaN,NaN,NaN,NaN,NaN,NaN,NaN,NaN,NaN,NaN,NaN,NaN,,NaN,NaN,145.837241993106
41.9166666666667,0.0561251719999989,0,3.429558948,0.8500344638773,NaN,NaN,NaN,NaN,NaN,NaN,NaN,NaN,NaN,NaN,NaN,NaN,NaN,,NaN,NaN,146.099070599163,1.561579792,0,3.459087596,1.49982337233968,NaN,NaN,NaN,NaN,NaN,NaN,NaN,NaN,NaN,NaN,NaN,NaN,NaN,,NaN,NaN,147.780884817747,0.874551776,0,2.039998428,24.907492036154,NaN,NaN,NaN,NaN,NaN,NaN,NaN,NaN,NaN,NaN,NaN,NaN,NaN,,NaN,NaN,145.564779012083,0.689744512,0,1.20417797,53.1071665538854,NaN,NaN,NaN,NaN,NaN,NaN,NaN,NaN,NaN,NaN,NaN,NaN,NaN,,NaN,NaN,144.549310928293,1.75043848,0,1.43849831,14.9758427598096,NaN,NaN,NaN,NaN,NaN,NaN,NaN,NaN,NaN,NaN,NaN,NaN,NaN,,NaN,NaN,145.825221085616,2.235674416,0,0.968416258,14.9652004006732,NaN,NaN,NaN,NaN,NaN,NaN,NaN,NaN,NaN,NaN,NaN,NaN,NaN,,NaN,NaN,145.837241993106
42,0.0561251719999989,0,3.429558948,66.7190134349144,NaN,NaN,NaN,NaN,NaN,NaN,NaN,NaN,NaN,NaN,NaN,NaN,NaN,,NaN,NaN,146.099070599163,1.561579792,0,3.459087596,93.2951985377471,NaN,NaN,NaN,NaN,NaN,NaN,NaN,NaN,NaN,NaN,NaN,NaN,NaN,,NaN,NaN,147.780884817747,0.874551776,0,2.039998428,72.2900413843786,NaN,NaN,NaN,NaN,NaN,NaN,NaN,NaN,NaN,NaN,NaN,NaN,NaN,,NaN,NaN,145.564779012083,0.689744512,0,1.20417797,92.6927352360012,NaN,NaN,NaN,NaN,NaN,NaN,NaN,NaN,NaN,NaN,NaN,NaN,NaN,,NaN,NaN,144.549310928293,1.75043848,0,1.43849831,0.736633310025945,NaN,NaN,NaN,NaN,NaN,NaN,NaN,NaN,NaN,NaN,NaN,NaN,NaN,,NaN,NaN,145.825221085616,2.235674416,0,0.968416258,1.286012017763,NaN,NaN,NaN,NaN,NaN,NaN,NaN,NaN,NaN,NaN,NaN,NaN,NaN,,NaN,NaN,145.837241993106
42.0833333333333,0.0561251719999989,0,3.429558948,93.7811802664033,NaN,NaN,NaN,NaN,NaN,NaN,NaN,NaN,NaN,NaN,NaN,NaN,NaN,,NaN,NaN,146.099070599163,1.561579792,0,3.459087596,80.843823564428,NaN,NaN,NaN,NaN,NaN,NaN,NaN,NaN,NaN,NaN,NaN,NaN,NaN,,NaN,NaN,147.780884817747,0.874551776,0,2.039998428,48.6042184001388,NaN,NaN,NaN,NaN,NaN,NaN,NaN,NaN,NaN,NaN,NaN,NaN,NaN,,NaN,NaN,145.564779012083,0.689744512,0,1.20417797,91.7650531372089,NaN,NaN,NaN,NaN,NaN,NaN,NaN,NaN,NaN,NaN,NaN,NaN,NaN,,NaN,NaN,144.549310928293,1.75043848,0,1.43849831,0.690701580179676,NaN,NaN,NaN,NaN,NaN,NaN,NaN,NaN,NaN,NaN,NaN,NaN,NaN,,NaN,NaN,145.825221085616,2.235674416,0,0.968416258,0.604914983269877,NaN,NaN,NaN,NaN,NaN,NaN,NaN,NaN,NaN,NaN,NaN,NaN,NaN,,NaN,NaN,145.837241993106
42.1666666666667,0.0561251719999989,0,3.429558948,92.9058929033877,NaN,NaN,NaN,NaN,NaN,NaN,NaN,NaN,NaN,NaN,NaN,NaN,NaN,,NaN,NaN,146.099070599163,1.561579792,0,3.459087596,70.5054455748614,NaN,NaN,NaN,NaN,NaN,NaN,NaN,NaN,NaN,NaN,NaN,NaN,NaN,,NaN,NaN,147.780884817747,0.874551776,0,2.039998428,33.6085946260753,NaN,NaN,NaN,NaN,NaN,NaN,NaN,NaN,NaN,NaN,NaN,NaN,NaN,,NaN,NaN,145.564779012083,0.689744512,0,1.20417797,91.1707155606535,NaN,NaN,NaN,NaN,NaN,NaN,NaN,NaN,NaN,NaN,NaN,NaN,NaN,,NaN,NaN,144.549310928293,1.75043848,0,1.43849831,0.697096474004834,NaN,NaN,NaN,NaN,NaN,NaN,NaN,NaN,NaN,NaN,NaN,NaN,NaN,,NaN,NaN,145.825221085616,2.235674416,0,0.968416258,0.513752532282406,NaN,NaN,NaN,NaN,NaN,NaN,NaN,NaN,NaN,NaN,NaN,NaN,NaN,,NaN,NaN,145.837241993106
42.25,0.0561251719999989,0,3.429558948,92.3381602724968,NaN,NaN,NaN,NaN,NaN,NaN,NaN,NaN,NaN,NaN,NaN,NaN,NaN,,NaN,NaN,146.099070599163,1.561579792,0,3.459087596,61.8225609189812,NaN,NaN,NaN,NaN,NaN,NaN,NaN,NaN,NaN,NaN,NaN,NaN,NaN,,NaN,NaN,147.780884817747,0.874551776,0,2.039998428,23.5402181115469,NaN,NaN,NaN,NaN,NaN,NaN,NaN,NaN,NaN,NaN,NaN,NaN,NaN,,NaN,NaN,145.564779012083,0.689744512,0,1.20417797,90.5815458007297,NaN,NaN,NaN,NaN,NaN,NaN,NaN,NaN,NaN,NaN,NaN,NaN,NaN,,NaN,NaN,144.549310928293,1.75043848,0,1.43849831,0.691427951663385,NaN,NaN,NaN,NaN,NaN,NaN,NaN,NaN,NaN,NaN,NaN,NaN,NaN,,NaN,NaN,145.825221085616,2.235674416,0,0.968416258,0.533996305689598,NaN,NaN,NaN,NaN,NaN,NaN,NaN,NaN,NaN,NaN,NaN,NaN,NaN,,NaN,NaN,145.837241993106
42.3333333333333,0.0561251719999989,0,3.429558948,91.7639212376733,NaN,NaN,NaN,NaN,NaN,NaN,NaN,NaN,NaN,NaN,NaN,NaN,NaN,,NaN,NaN,146.099070599163,1.561579792,0,3.459087596,54.276464995317,NaN,NaN,NaN,NaN,NaN,NaN,NaN,NaN,NaN,NaN,NaN,NaN,NaN,,NaN,NaN,147.780884817747,0.874551776,0,2.039998428,16.6588954392692,NaN,NaN,NaN,NaN,NaN,NaN,NaN,NaN,NaN,NaN,NaN,NaN,NaN,,NaN,NaN,145.564779012083,0.689744512,0,1.20417797,90.1293002566309,NaN,NaN,NaN,NaN,NaN,NaN,NaN,NaN,NaN,NaN,NaN,NaN,NaN,,NaN,NaN,144.549310928293,1.75043848,0,1.43849831,0.719664258374955,NaN,NaN,NaN,NaN,NaN,NaN,NaN,NaN,NaN,NaN,NaN,NaN,NaN,,NaN,NaN,145.825221085616,2.235674416,0,0.968416258,0.545535095963609,NaN,NaN,NaN,NaN,NaN,NaN,NaN,NaN,NaN,NaN,NaN,NaN,NaN,,NaN,NaN,145.837241993106
42.4166666666667,0.0561251719999989,0,3.429558948,91.3255353699201,NaN,NaN,NaN,NaN,NaN,NaN,NaN,NaN,NaN,NaN,NaN,NaN,NaN,,NaN,NaN,146.099070599163,1.561579792,0,3.459087596,47.9346442348694,NaN,NaN,NaN,NaN,NaN,NaN,NaN,NaN,NaN,NaN,NaN,NaN,NaN,,NaN,NaN,147.780884817747,0.874551776,0,2.039998428,11.9732663610247,NaN,NaN,NaN,NaN,NaN,NaN,NaN,NaN,NaN,NaN,NaN,NaN,NaN,,NaN,NaN,145.564779012083,0.689744512,0,1.20417797,89.6890813196144,NaN,NaN,NaN,NaN,NaN,NaN,NaN,NaN,NaN,NaN,NaN,NaN,NaN,,NaN,NaN,144.549310928293,1.75043848,0,1.43849831,0.689909679029354,NaN,NaN,NaN,NaN,NaN,NaN,NaN,NaN,NaN,NaN,NaN,NaN,NaN,,NaN,NaN,145.825221085616,2.235674416,0,0.968416258,0.498399201850327,NaN,NaN,NaN,NaN,NaN,NaN,NaN,NaN,NaN,NaN,NaN,NaN,NaN,,NaN,NaN,145.837241993106
42.5,0.0561251719999989,0,3.429558948,90.8477142093355,NaN,NaN,NaN,NaN,NaN,NaN,NaN,NaN,NaN,NaN,NaN,NaN,NaN,,NaN,NaN,146.099070599163,1.561579792,0,3.459087596,42.3160486353863,NaN,NaN,NaN,NaN,NaN,NaN,NaN,NaN,NaN,NaN,NaN,NaN,NaN,,NaN,NaN,147.780884817747,0.874551776,0,2.039998428,8.57837750203366,NaN,NaN,NaN,NaN,NaN,NaN,NaN,NaN,NaN,NaN,NaN,NaN,NaN,,NaN,NaN,145.564779012083,0.689744512,0,1.20417797,89.1726799349921,NaN,NaN,NaN,NaN,NaN,NaN,NaN,NaN,NaN,NaN,NaN,NaN,NaN,,NaN,NaN,144.549310928293,1.75043848,0,1.43849831,0.7039335847547,NaN,NaN,NaN,NaN,NaN,NaN,NaN,NaN,NaN,NaN,NaN,NaN,NaN,,NaN,NaN,145.825221085616,2.235674416,0,0.968416258,0.500300006692532,NaN,NaN,NaN,NaN,NaN,NaN,NaN,NaN,NaN,NaN,NaN,NaN,NaN,,NaN,NaN,145.837241993106
42.5833333333333,0.0561251719999989,0,3.429558948,90.3865334354682,NaN,NaN,NaN,NaN,NaN,NaN,NaN,NaN,NaN,NaN,NaN,NaN,NaN,,NaN,NaN,146.099070599163,1.561579792,0,3.459087596,37.4160635846926,NaN,NaN,NaN,NaN,NaN,NaN,NaN,NaN,NaN,NaN,NaN,NaN,NaN,,NaN,NaN,147.780884817747,0.874551776,0,2.039998428,6.31380951192107,NaN,NaN,NaN,NaN,NaN,NaN,NaN,NaN,NaN,NaN,NaN,NaN,NaN,,NaN,NaN,145.564779012083,0.689744512,0,1.20417797,88.7946970466409,NaN,NaN,NaN,NaN,NaN,NaN,NaN,NaN,NaN,NaN,NaN,NaN,NaN,,NaN,NaN,144.549310928293,1.75043848,0,1.43849831,0.696493542097523,NaN,NaN,NaN,NaN,NaN,NaN,NaN,NaN,NaN,NaN,NaN,NaN,NaN,,NaN,NaN,145.825221085616,2.235674416,0,0.968416258,0.521645787255297,NaN,NaN,NaN,NaN,NaN,NaN,NaN,NaN,NaN,NaN,NaN,NaN,NaN,,NaN,NaN,145.837241993106
42.6666666666667,0.0561251719999989,0,3.429558948,90.0166771337913,NaN,NaN,NaN,NaN,NaN,NaN,NaN,NaN,NaN,NaN,NaN,NaN,NaN,,NaN,NaN,146.099070599163,1.561579792,0,3.459087596,33.3179691272991,NaN,NaN,NaN,NaN,NaN,NaN,NaN,NaN,NaN,NaN,NaN,NaN,NaN,,NaN,NaN,147.780884817747,0.874551776,0,2.039998428,4.65115517388895,NaN,NaN,NaN,NaN,NaN,NaN,NaN,NaN,NaN,NaN,NaN,NaN,NaN,,NaN,NaN,145.564779012083,0.689744512,0,1.20417797,88.34802764922,NaN,NaN,NaN,NaN,NaN,NaN,NaN,NaN,NaN,NaN,NaN,NaN,NaN,,NaN,NaN,144.549310928293,1.75043848,0,1.43849831,0.689506955849115,NaN,NaN,NaN,NaN,NaN,NaN,NaN,NaN,NaN,NaN,NaN,NaN,NaN,,NaN,NaN,145.825221085616,2.235674416,0,0.968416258,0.546292817492705,NaN,NaN,NaN,NaN,NaN,NaN,NaN,NaN,NaN,NaN,NaN,NaN,NaN,,NaN,NaN,145.837241993106
42.75,0.0561251719999989,0,3.429558948,89.5523492446317,NaN,NaN,NaN,NaN,NaN,NaN,NaN,NaN,NaN,NaN,NaN,NaN,NaN,,NaN,NaN,146.099070599163,1.561579792,0,3.459087596,29.6753774390761,NaN,NaN,NaN,NaN,NaN,NaN,NaN,NaN,NaN,NaN,NaN,NaN,NaN,,NaN,NaN,147.780884817747,0.874551776,0,2.039998428,3.50566693104822,NaN,NaN,NaN,NaN,NaN,NaN,NaN,NaN,NaN,NaN,NaN,NaN,NaN,,NaN,NaN,145.564779012083,0.689744512,0,1.20417797,87.9690368591764,NaN,NaN,NaN,NaN,NaN,NaN,NaN,NaN,NaN,NaN,NaN,NaN,NaN,,NaN,NaN,144.549310928293,1.75043848,0,1.43849831,0.716771986420532,NaN,NaN,NaN,NaN,NaN,NaN,NaN,NaN,NaN,NaN,NaN,NaN,NaN,,NaN,NaN,145.825221085616,2.235674416,0,0.968416258,0.54444886159024,NaN,NaN,NaN,NaN,NaN,NaN,NaN,NaN,NaN,NaN,NaN,NaN,NaN,,NaN,NaN,145.837241993106
42.8333333333333,0.0561251719999989,0,3.429558948,89.1541143053464,NaN,NaN,NaN,NaN,NaN,NaN,NaN,NaN,NaN,NaN,NaN,NaN,NaN,,NaN,NaN,146.099070599163,1.561579792,0,3.459087596,26.5718011625859,NaN,NaN,NaN,NaN,NaN,NaN,NaN,NaN,NaN,NaN,NaN,NaN,NaN,,NaN,NaN,147.780884817747,0.874551776,0,2.039998428,2.71134841057487,NaN,NaN,NaN,NaN,NaN,NaN,NaN,NaN,NaN,NaN,NaN,NaN,NaN,,NaN,NaN,145.564779012083,0.689744512,0,1.20417797,87.6459105103584,NaN,NaN,NaN,NaN,NaN,NaN,NaN,NaN,NaN,NaN,NaN,NaN,NaN,,NaN,NaN,144.549310928293,1.75043848,0,1.43849831,0.722858539467115,NaN,NaN,NaN,NaN,NaN,NaN,NaN,NaN,NaN,NaN,NaN,NaN,NaN,,NaN,NaN,145.825221085616,2.235674416,0,0.968416258,0.586143091724799,NaN,NaN,NaN,NaN,NaN,NaN,NaN,NaN,NaN,NaN,NaN,NaN,NaN,,NaN,NaN,145.837241993106
42.9166666666667,0.0561251719999989,0,3.429558948,88.8331241855415,NaN,NaN,NaN,NaN,NaN,NaN,NaN,NaN,NaN,NaN,NaN,NaN,NaN,,NaN,NaN,146.099070599163,1.561579792,0,3.459087596,23.9458257499058,NaN,NaN,NaN,NaN,NaN,NaN,NaN,NaN,NaN,NaN,NaN,NaN,NaN,,NaN,NaN,147.780884817747,0.874551776,0,2.039998428,2.25098250486542,NaN,NaN,NaN,NaN,NaN,NaN,NaN,NaN,NaN,NaN,NaN,NaN,NaN,,NaN,NaN,145.564779012083,0.689744512,0,1.20417797,87.4756294050269,NaN,NaN,NaN,NaN,NaN,NaN,NaN,NaN,NaN,NaN,NaN,NaN,NaN,,NaN,NaN,144.549310928293,1.75043848,0,1.43849831,0.738336616022899,NaN,NaN,NaN,NaN,NaN,NaN,NaN,NaN,NaN,NaN,NaN,NaN,NaN,,NaN,NaN,145.825221085616,2.235674416,0,0.968416258,0.593177503943564,NaN,NaN,NaN,NaN,NaN,NaN,NaN,NaN,NaN,NaN,NaN,NaN,NaN,,NaN,NaN,145.837241993106
43,0.0561251719999989,0,3.429558948,88.6931773512823,NaN,NaN,NaN,NaN,NaN,NaN,NaN,NaN,NaN,NaN,NaN,NaN,NaN,,NaN,NaN,146.099070599163,1.561579792,0,3.459087596,21.7145056018407,NaN,NaN,NaN,NaN,NaN,NaN,NaN,NaN,NaN,NaN,NaN,NaN,NaN,,NaN,NaN,147.780884817747,0.874551776,0,2.039998428,1.93234276497908,NaN,NaN,NaN,NaN,NaN,NaN,NaN,NaN,NaN,NaN,NaN,NaN,NaN,,NaN,NaN,145.564779012083,0.689744512,0,1.20417797,87.2767710033256,NaN,NaN,NaN,NaN,NaN,NaN,NaN,NaN,NaN,NaN,NaN,NaN,NaN,,NaN,NaN,144.549310928293,1.75043848,0,1.43849831,0.724659518392836,NaN,NaN,NaN,NaN,NaN,NaN,NaN,NaN,NaN,NaN,NaN,NaN,NaN,,NaN,NaN,145.825221085616,2.235674416,0,0.968416258,0.543396421653257,NaN,NaN,NaN,NaN,NaN,NaN,NaN,NaN,NaN,NaN,NaN,NaN,NaN,,NaN,NaN,145.837241993106
43.0833333333333,0.0561251719999989,0,3.429558948,88.4911289205758,NaN,NaN,NaN,NaN,NaN,NaN,NaN,NaN,NaN,NaN,NaN,NaN,NaN,,NaN,NaN,146.099070599163,1.561579792,0,3.459087596,19.6309339495873,NaN,NaN,NaN,NaN,NaN,NaN,NaN,NaN,NaN,NaN,NaN,NaN,NaN,,NaN,NaN,147.780884817747,0.874551776,0,2.039998428,1.629351673985,NaN,NaN,NaN,NaN,NaN,NaN,NaN,NaN,NaN,NaN,NaN,NaN,NaN,,NaN,NaN,145.564779012083,0.689744512,0,1.20417797,86.9469094296511,NaN,NaN,NaN,NaN,NaN,NaN,NaN,NaN,NaN,NaN,NaN,NaN,NaN,,NaN,NaN,144.549310928293,1.75043848,0,1.43849831,0.695090722111271,NaN,NaN,NaN,NaN,NaN,NaN,NaN,NaN,NaN,NaN,NaN,NaN,NaN,,NaN,NaN,145.825221085616,2.235674416,0,0.968416258,0.486055817792544,NaN,NaN,NaN,NaN,NaN,NaN,NaN,NaN,NaN,NaN,NaN,NaN,NaN,,NaN,NaN,145.837241993106
43.1666666666667,0.0561251719999989,0,3.429558948,88.1429853743102,NaN,NaN,NaN,NaN,NaN,NaN,NaN,NaN,NaN,NaN,NaN,NaN,NaN,,NaN,NaN,146.099070599163,1.561579792,0,3.459087596,17.6085464607331,NaN,NaN,NaN,NaN,NaN,NaN,NaN,NaN,NaN,NaN,NaN,NaN,NaN,,NaN,NaN,147.780884817747,0.874551776,0,2.039998428,1.2996197464656,NaN,NaN,NaN,NaN,NaN,NaN,NaN,NaN,NaN,NaN,NaN,NaN,NaN,,NaN,NaN,145.564779012083,0.689744512,0,1.20417797,86.4815124718502,NaN,NaN,NaN,NaN,NaN,NaN,NaN,NaN,NaN,NaN,NaN,NaN,NaN,,NaN,NaN,144.549310928293,1.75043848,0,1.43849831,0.683185086538607,NaN,NaN,NaN,NaN,NaN,NaN,NaN,NaN,NaN,NaN,NaN,NaN,NaN,,NaN,NaN,145.825221085616,2.235674416,0,0.968416258,0.462601375790704,NaN,NaN,NaN,NaN,NaN,NaN,NaN,NaN,NaN,NaN,NaN,NaN,NaN,,NaN,NaN,145.837241993106
43.25,0.0561251719999989,0,3.429558948,87.6932015199294,NaN,NaN,NaN,NaN,NaN,NaN,NaN,NaN,NaN,NaN,NaN,NaN,NaN,,NaN,NaN,146.099070599163,1.561579792,0,3.459087596,15.7481553860154,NaN,NaN,NaN,NaN,NaN,NaN,NaN,NaN,NaN,NaN,NaN,NaN,NaN,,NaN,NaN,147.780884817747,0.874551776,0,2.039998428,1.02675842292486,NaN,NaN,NaN,NaN,NaN,NaN,NaN,NaN,NaN,NaN,NaN,NaN,NaN,,NaN,NaN,145.564779012083,0.689744512,0,1.20417797,86.0038490924319,NaN,NaN,NaN,NaN,NaN,NaN,NaN,NaN,NaN,NaN,NaN,NaN,NaN,,NaN,NaN,144.549310928293,1.75043848,0,1.43849831,0.693420856250028,NaN,NaN,NaN,NaN,NaN,NaN,NaN,NaN,NaN,NaN,NaN,NaN,NaN,,NaN,NaN,145.825221085616,2.235674416,0,0.968416258,0.513838694320691,NaN,NaN,NaN,NaN,NaN,NaN,NaN,NaN,NaN,NaN,NaN,NaN,NaN,,NaN,NaN,145.837241993106
43.3333333333333,0.0561251719999989,0,3.429558948,87.2104970290116,NaN,NaN,NaN,NaN,NaN,NaN,NaN,NaN,NaN,NaN,NaN,NaN,NaN,,NaN,NaN,146.099070599163,1.561579792,0,3.459087596,14.1250520105999,NaN,NaN,NaN,NaN,NaN,NaN,NaN,NaN,NaN,NaN,NaN,NaN,NaN,,NaN,NaN,147.780884817747,0.874551776,0,2.039998428,0.857219324544778,NaN,NaN,NaN,NaN,NaN,NaN,NaN,NaN,NaN,NaN,NaN,NaN,NaN,,NaN,NaN,145.564779012083,0.689744512,0,1.20417797,85.6202061421495,NaN,NaN,NaN,NaN,NaN,NaN,NaN,NaN,NaN,NaN,NaN,NaN,NaN,,NaN,NaN,144.549310928293,1.75043848,0,1.43849831,0.687482006315623,NaN,NaN,NaN,NaN,NaN,NaN,NaN,NaN,NaN,NaN,NaN,NaN,NaN,,NaN,NaN,145.825221085616,2.235674416,0,0.968416258,0.516077548523288,NaN,NaN,NaN,NaN,NaN,NaN,NaN,NaN,NaN,NaN,NaN,NaN,NaN,,NaN,NaN,145.837241993106
43.4166666666667,0.0561251719999989,0,3.429558948,86.8454938037335,NaN,NaN,NaN,NaN,NaN,NaN,NaN,NaN,NaN,NaN,NaN,NaN,NaN,,NaN,NaN,146.099070599163,1.561579792,0,3.459087596,12.7200801625578,NaN,NaN,NaN,NaN,NaN,NaN,NaN,NaN,NaN,NaN,NaN,NaN,NaN,,NaN,NaN,147.780884817747,0.874551776,0,2.039998428,0.722774059577352,NaN,NaN,NaN,NaN,NaN,NaN,NaN,NaN,NaN,NaN,NaN,NaN,NaN,,NaN,NaN,145.564779012083,0.689744512,0,1.20417797,85.1717556871824,NaN,NaN,NaN,NaN,NaN,NaN,NaN,NaN,NaN,NaN,NaN,NaN,NaN,,NaN,NaN,144.549310928293,1.75043848,0,1.43849831,0.672200738535541,NaN,NaN,NaN,NaN,NaN,NaN,NaN,NaN,NaN,NaN,NaN,NaN,NaN,,NaN,NaN,145.825221085616,2.235674416,0,0.968416258,0.446439888982207,NaN,NaN,NaN,NaN,NaN,NaN,NaN,NaN,NaN,NaN,NaN,NaN,NaN,,NaN,NaN,145.837241993106
43.5,0.0561251719999989,0,3.429558948,86.3979098791626,NaN,NaN,NaN,NaN,NaN,NaN,NaN,NaN,NaN,NaN,NaN,NaN,NaN,,NaN,NaN,146.099070599163,1.561579792,0,3.459087596,11.3514447062886,NaN,NaN,NaN,NaN,NaN,NaN,NaN,NaN,NaN,NaN,NaN,NaN,NaN,,NaN,NaN,147.780884817747,0.874551776,0,2.039998428,0.531394797463482,NaN,NaN,NaN,NaN,NaN,NaN,NaN,NaN,NaN,NaN,NaN,NaN,NaN,,NaN,NaN,145.564779012083,0.689744512,0,1.20417797,84.5618896208502,NaN,NaN,NaN,NaN,NaN,NaN,NaN,NaN,NaN,NaN,NaN,NaN,NaN,,NaN,NaN,144.549310928293,1.75043848,0,1.43849831,0.649847736302648,NaN,NaN,NaN,NaN,NaN,NaN,NaN,NaN,NaN,NaN,NaN,NaN,NaN,,NaN,NaN,145.825221085616,2.235674416,0,0.968416258,0.442807962788959,NaN,NaN,NaN,NaN,NaN,NaN,NaN,NaN,NaN,NaN,NaN,NaN,NaN,,NaN,NaN,145.837241993106
43.5833333333333,0.0561251719999989,0,3.429558948,85.705220641027,NaN,NaN,NaN,NaN,NaN,NaN,NaN,NaN,NaN,NaN,NaN,NaN,NaN,,NaN,NaN,146.099070599163,1.561579792,0,3.459087596,9.95241679473037,NaN,NaN,NaN,NaN,NaN,NaN,NaN,NaN,NaN,NaN,NaN,NaN,NaN,,NaN,NaN,147.780884817747,0.874551776,0,2.039998428,0.343402531650303,NaN,NaN,NaN,NaN,NaN,NaN,NaN,NaN,NaN,NaN,NaN,NaN,NaN,,NaN,NaN,145.564779012083,0.689744512,0,1.20417797,83.9921088505307,NaN,NaN,NaN,NaN,NaN,NaN,NaN,NaN,NaN,NaN,NaN,NaN,NaN,,NaN,NaN,144.549310928293,1.75043848,0,1.43849831,0.674854609427941,NaN,NaN,NaN,NaN,NaN,NaN,NaN,NaN,NaN,NaN,NaN,NaN,NaN,,NaN,NaN,145.825221085616,2.235674416,0,0.968416258,0.478635196746978,NaN,NaN,NaN,NaN,NaN,NaN,NaN,NaN,NaN,NaN,NaN,NaN,NaN,,NaN,NaN,145.837241993106
43.6666666666667,0.0561251719999989,0,3.429558948,85.1821471259579,NaN,NaN,NaN,NaN,NaN,NaN,NaN,NaN,NaN,NaN,NaN,NaN,NaN,,NaN,NaN,146.099070599163,1.561579792,0,3.459087596,8.84390210158801,NaN,NaN,NaN,NaN,NaN,NaN,NaN,NaN,NaN,NaN,NaN,NaN,NaN,,NaN,NaN,147.780884817747,0.874551776,0,2.039998428,0.315320233733247,NaN,NaN,NaN,NaN,NaN,NaN,NaN,NaN,NaN,NaN,NaN,NaN,NaN,,NaN,NaN,145.564779012083,0.689744512,0,1.20417797,83.6058096717514,NaN,NaN,NaN,NaN,NaN,NaN,NaN,NaN,NaN,NaN,NaN,NaN,NaN,,NaN,NaN,144.549310928293,1.75043848,0,1.43849831,0.70294010901994,NaN,NaN,NaN,NaN,NaN,NaN,NaN,NaN,NaN,NaN,NaN,NaN,NaN,,NaN,NaN,145.825221085616,2.235674416,0,0.968416258,0.540802076647101,NaN,NaN,NaN,NaN,NaN,NaN,NaN,NaN,NaN,NaN,NaN,NaN,NaN,,NaN,NaN,145.837241993106
43.75,0.0561251719999989,0,3.429558948,84.8858930465479,NaN,NaN,NaN,NaN,NaN,NaN,NaN,NaN,NaN,NaN,NaN,NaN,NaN,,NaN,NaN,146.099070599163,1.561579792,0,3.459087596,8.08566454426315,NaN,NaN,NaN,NaN,NaN,NaN,NaN,NaN,NaN,NaN,NaN,NaN,NaN,,NaN,NaN,147.780884817747,0.874551776,0,2.039998428,0.388197304263412,NaN,NaN,NaN,NaN,NaN,NaN,NaN,NaN,NaN,NaN,NaN,NaN,NaN,,NaN,NaN,145.564779012083,0.689744512,0,1.20417797,83.2775396016645,NaN,NaN,NaN,NaN,NaN,NaN,NaN,NaN,NaN,NaN,NaN,NaN,NaN,,NaN,NaN,144.549310928293,1.75043848,0,1.43849831,0.682278861849191,NaN,NaN,NaN,NaN,NaN,NaN,NaN,NaN,NaN,NaN,NaN,NaN,NaN,,NaN,NaN,145.825221085616,2.235674416,0,0.968416258,0.470112334553601,NaN,NaN,NaN,NaN,NaN,NaN,NaN,NaN,NaN,NaN,NaN,NaN,NaN,,NaN,NaN,145.837241993106
43.8333333333333,0.0561251719999989,0,3.429558948,84.4971194242419,NaN,NaN,NaN,NaN,NaN,NaN,NaN,NaN,NaN,NaN,NaN,NaN,NaN,,NaN,NaN,146.099070599163,1.561579792,0,3.459087596,7.27299828521856,NaN,NaN,NaN,NaN,NaN,NaN,NaN,NaN,NaN,NaN,NaN,NaN,NaN,,NaN,NaN,147.780884817747,0.874551776,0,2.039998428,0.343112418585191,NaN,NaN,NaN,NaN,NaN,NaN,NaN,NaN,NaN,NaN,NaN,NaN,NaN,,NaN,NaN,145.564779012083,0.689744512,0,1.20417797,82.7801695650716,NaN,NaN,NaN,NaN,NaN,NaN,NaN,NaN,NaN,NaN,NaN,NaN,NaN,,NaN,NaN,144.549310928293,1.75043848,0,1.43849831,0.679102048950242,NaN,NaN,NaN,NaN,NaN,NaN,NaN,NaN,NaN,NaN,NaN,NaN,NaN,,NaN,NaN,145.825221085616,2.235674416,0,0.968416258,0.487124342810141,NaN,NaN,NaN,NaN,NaN,NaN,NaN,NaN,NaN,NaN,NaN,NaN,NaN,,NaN,NaN,145.837241993106
43.9166666666667,0.0561251719999989,0,3.429558948,83.9929115440015,NaN,NaN,NaN,NaN,NaN,NaN,NaN,NaN,NaN,NaN,NaN,NaN,NaN,,NaN,NaN,146.099070599163,1.561579792,0,3.459087596,6.52127565604129,NaN,NaN,NaN,NaN,NaN,NaN,NaN,NaN,NaN,NaN,NaN,NaN,NaN,,NaN,NaN,147.780884817747,0.874551776,0,2.039998428,0.331490045437454,NaN,NaN,NaN,NaN,NaN,NaN,NaN,NaN,NaN,NaN,NaN,NaN,NaN,,NaN,NaN,145.564779012083,0.689744512,0,1.20417797,82.3818892723741,NaN,NaN,NaN,NaN,NaN,NaN,NaN,NaN,NaN,NaN,NaN,NaN,NaN,,NaN,NaN,144.549310928293,1.75043848,0,1.43849831,0.692408461541948,NaN,NaN,NaN,NaN,NaN,NaN,NaN,NaN,NaN,NaN,NaN,NaN,NaN,,NaN,NaN,145.825221085616,2.235674416,0,0.968416258,0.487871499741317,NaN,NaN,NaN,NaN,NaN,NaN,NaN,NaN,NaN,NaN,NaN,NaN,NaN,,NaN,NaN,145.837241993106
44,0.0561251719999989,0,3.429558948,83.617061306924,NaN,NaN,NaN,NaN,NaN,NaN,NaN,NaN,NaN,NaN,NaN,NaN,NaN,,NaN,NaN,146.099070599163,1.561579792,0,3.459087596,5.87294785452436,NaN,NaN,NaN,NaN,NaN,NaN,NaN,NaN,NaN,NaN,NaN,NaN,NaN,,NaN,NaN,147.780884817747,0.874551776,0,2.039998428,0.373304743696849,NaN,NaN,NaN,NaN,NaN,NaN,NaN,NaN,NaN,NaN,NaN,NaN,NaN,,NaN,NaN,145.564779012083,0.689744512,0,1.20417797,82.0471529517765,NaN,NaN,NaN,NaN,NaN,NaN,NaN,NaN,NaN,NaN,NaN,NaN,NaN,,NaN,NaN,144.549310928293,1.75043848,0,1.43849831,0.690329088787918,NaN,NaN,NaN,NaN,NaN,NaN,NaN,NaN,NaN,NaN,NaN,NaN,NaN,,NaN,NaN,145.825221085616,2.235674416,0,0.968416258,0.508419712723557,NaN,NaN,NaN,NaN,NaN,NaN,NaN,NaN,NaN,NaN,NaN,NaN,NaN,,NaN,NaN,145.837241993106
44.0833333333333,0.0561251719999989,0,3.429558948,83.2660151494401,NaN,NaN,NaN,NaN,NaN,NaN,NaN,NaN,NaN,NaN,NaN,NaN,NaN,,NaN,NaN,146.099070599163,1.561579792,0,3.459087596,5.35084284743342,NaN,NaN,NaN,NaN,NaN,NaN,NaN,NaN,NaN,NaN,NaN,NaN,NaN,,NaN,NaN,147.780884817747,0.874551776,0,2.039998428,0.427272182446241,NaN,NaN,NaN,NaN,NaN,NaN,NaN,NaN,NaN,NaN,NaN,NaN,NaN,,NaN,NaN,145.564779012083,0.689744512,0,1.20417797,81.6975361082561,NaN,NaN,NaN,NaN,NaN,NaN,NaN,NaN,NaN,NaN,NaN,NaN,NaN,,NaN,NaN,144.549310928293,1.75043848,0,1.43849831,0.689232680011869,NaN,NaN,NaN,NaN,NaN,NaN,NaN,NaN,NaN,NaN,NaN,NaN,NaN,,NaN,NaN,145.825221085616,2.235674416,0,0.968416258,0.510217976163408,NaN,NaN,NaN,NaN,NaN,NaN,NaN,NaN,NaN,NaN,NaN,NaN,NaN,,NaN,NaN,145.837241993106
44.1666666666667,0.0561251719999989,0,3.429558948,82.9294169934716,NaN,NaN,NaN,NaN,NaN,NaN,NaN,NaN,NaN,NaN,NaN,NaN,NaN,,NaN,NaN,146.099070599163,1.561579792,0,3.459087596,4.85917846087849,NaN,NaN,NaN,NaN,NaN,NaN,NaN,NaN,NaN,NaN,NaN,NaN,NaN,,NaN,NaN,147.780884817747,0.874551776,0,2.039998428,0.45408677886839,NaN,NaN,NaN,NaN,NaN,NaN,NaN,NaN,NaN,NaN,NaN,NaN,NaN,,NaN,NaN,145.564779012083,0.689744512,0,1.20417797,81.3296496628807,NaN,NaN,NaN,NaN,NaN,NaN,NaN,NaN,NaN,NaN,NaN,NaN,NaN,,NaN,NaN,144.549310928293,1.75043848,0,1.43849831,0.665307142523798,NaN,NaN,NaN,NaN,NaN,NaN,NaN,NaN,NaN,NaN,NaN,NaN,NaN,,NaN,NaN,145.825221085616,2.235674416,0,0.968416258,0.443851512636365,NaN,NaN,NaN,NaN,NaN,NaN,NaN,NaN,NaN,NaN,NaN,NaN,NaN,,NaN,NaN,145.837241993106
44.25,0.0561251719999989,0,3.429558948,82.559897254334,NaN,NaN,NaN,NaN,NaN,NaN,NaN,NaN,NaN,NaN,NaN,NaN,NaN,,NaN,NaN,146.099070599163,1.561579792,0,3.459087596,4.33240475415004,NaN,NaN,NaN,NaN,NaN,NaN,NaN,NaN,NaN,NaN,NaN,NaN,NaN,,NaN,NaN,147.780884817747,0.874551776,0,2.039998428,0.357254339466424,NaN,NaN,NaN,NaN,NaN,NaN,NaN,NaN,NaN,NaN,NaN,NaN,NaN,,NaN,NaN,145.564779012083,0.689744512,0,1.20417797,80.7659311714253,NaN,NaN,NaN,NaN,NaN,NaN,NaN,NaN,NaN,NaN,NaN,NaN,NaN,,NaN,NaN,144.549310928293,1.75043848,0,1.43849831,0.663613802385392,NaN,NaN,NaN,NaN,NaN,NaN,NaN,NaN,NaN,NaN,NaN,NaN,NaN,,NaN,NaN,145.825221085616,2.235674416,0,0.968416258,0.449861998346787,NaN,NaN,NaN,NaN,NaN,NaN,NaN,NaN,NaN,NaN,NaN,NaN,NaN,,NaN,NaN,145.837241993106
44.3333333333333,0.0561251719999989,0,3.429558948,81.942657859154,NaN,NaN,NaN,NaN,NaN,NaN,NaN,NaN,NaN,NaN,NaN,NaN,NaN,,NaN,NaN,146.099070599163,1.561579792,0,3.459087596,3.7061969013036,NaN,NaN,NaN,NaN,NaN,NaN,NaN,NaN,NaN,NaN,NaN,NaN,NaN,,NaN,NaN,147.780884817747,0.874551776,0,2.039998428,0.251973178583629,NaN,NaN,NaN,NaN,NaN,NaN,NaN,NaN,NaN,NaN,NaN,NaN,NaN,,NaN,NaN,145.564779012083,0.689744512,0,1.20417797,80.2771479659787,NaN,NaN,NaN,NaN,NaN,NaN,NaN,NaN,NaN,NaN,NaN,NaN,NaN,,NaN,NaN,144.549310928293,1.75043848,0,1.43849831,0.683712169681526,NaN,NaN,NaN,NaN,NaN,NaN,NaN,NaN,NaN,NaN,NaN,NaN,NaN,,NaN,NaN,145.825221085616,2.235674416,0,0.968416258,0.459661329964981,NaN,NaN,NaN,NaN,NaN,NaN,NaN,NaN,NaN,NaN,NaN,NaN,NaN,,NaN,NaN,145.837241993106
44.4166666666667,0.0561251719999989,0,3.429558948,81.4754249848415,NaN,NaN,NaN,NaN,NaN,NaN,NaN,NaN,NaN,NaN,NaN,NaN,NaN,,NaN,NaN,146.099070599163,1.561579792,0,3.459087596,3.31251632983099,NaN,NaN,NaN,NaN,NaN,NaN,NaN,NaN,NaN,NaN,NaN,NaN,NaN,,NaN,NaN,147.780884817747,0.874551776,0,2.039998428,0.275185539563136,NaN,NaN,NaN,NaN,NaN,NaN,NaN,NaN,NaN,NaN,NaN,NaN,NaN,,NaN,NaN,145.564779012083,0.689744512,0,1.20417797,79.9395048775478,NaN,NaN,NaN,NaN,NaN,NaN,NaN,NaN,NaN,NaN,NaN,NaN,NaN,,NaN,NaN,144.549310928293,1.75043848,0,1.43849831,0.698858898616621,NaN,NaN,NaN,NaN,NaN,NaN,NaN,NaN,NaN,NaN,NaN,NaN,NaN,,NaN,NaN,145.825221085616,2.235674416,0,0.968416258,0.508914939285234,NaN,NaN,NaN,NaN,NaN,NaN,NaN,NaN,NaN,NaN,NaN,NaN,NaN,,NaN,NaN,145.837241993106
44.5,0.0561251719999989,0,3.429558948,81.1839110651989,NaN,NaN,NaN,NaN,NaN,NaN,NaN,NaN,NaN,NaN,NaN,NaN,NaN,,NaN,NaN,146.099070599163,1.561579792,0,3.459087596,3.10350923619161,NaN,NaN,NaN,NaN,NaN,NaN,NaN,NaN,NaN,NaN,NaN,NaN,NaN,,NaN,NaN,147.780884817747,0.874551776,0,2.039998428,0.384773305171195,NaN,NaN,NaN,NaN,NaN,NaN,NaN,NaN,NaN,NaN,NaN,NaN,NaN,,NaN,NaN,145.564779012083,0.689744512,0,1.20417797,79.6470994010104,NaN,NaN,NaN,NaN,NaN,NaN,NaN,NaN,NaN,NaN,NaN,NaN,NaN,,NaN,NaN,144.549310928293,1.75043848,0,1.43849831,0.683198778189845,NaN,NaN,NaN,NaN,NaN,NaN,NaN,NaN,NaN,NaN,NaN,NaN,NaN,,NaN,NaN,145.825221085616,2.235674416,0,0.968416258,0.500291554397894,NaN,NaN,NaN,NaN,NaN,NaN,NaN,NaN,NaN,NaN,NaN,NaN,NaN,,NaN,NaN,145.837241993106
44.5833333333333,0.0561251719999989,0,3.429558948,80.9019822760533,NaN,NaN,NaN,NaN,NaN,NaN,NaN,NaN,NaN,NaN,NaN,NaN,NaN,,NaN,NaN,146.099070599163,1.561579792,0,3.459087596,2.86582864818108,NaN,NaN,NaN,NaN,NaN,NaN,NaN,NaN,NaN,NaN,NaN,NaN,NaN,,NaN,NaN,147.780884817747,0.874551776,0,2.039998428,0.374647802662563,NaN,NaN,NaN,NaN,NaN,NaN,NaN,NaN,NaN,NaN,NaN,NaN,NaN,,NaN,NaN,145.564779012083,0.689744512,0,1.20417797,79.265796508415,NaN,NaN,NaN,NaN,NaN,NaN,NaN,NaN,NaN,NaN,NaN,NaN,NaN,,NaN,NaN,144.549310928293,1.75043848,0,1.43849831,0.683950093320624,NaN,NaN,NaN,NaN,NaN,NaN,NaN,NaN,NaN,NaN,NaN,NaN,NaN,,NaN,NaN,145.825221085616,2.235674416,0,0.968416258,0.507027797518141,NaN,NaN,NaN,NaN,NaN,NaN,NaN,NaN,NaN,NaN,NaN,NaN,NaN,,NaN,NaN,145.837241993106
44.6666666666667,0.0561251719999989,0,3.429558948,80.5103686762254,NaN,NaN,NaN,NaN,NaN,NaN,NaN,NaN,NaN,NaN,NaN,NaN,NaN,,NaN,NaN,146.099070599163,1.561579792,0,3.459087596,2.58009682394403,NaN,NaN,NaN,NaN,NaN,NaN,NaN,NaN,NaN,NaN,NaN,NaN,NaN,,NaN,NaN,147.780884817747,0.874551776,0,2.039998428,0.383598587945436,NaN,NaN,NaN,NaN,NaN,NaN,NaN,NaN,NaN,NaN,NaN,NaN,NaN,,NaN,NaN,145.564779012083,0.689744512,0,1.20417797,78.9059838267029,NaN,NaN,NaN,NaN,NaN,NaN,NaN,NaN,NaN,NaN,NaN,NaN,NaN,,NaN,NaN,144.549310928293,1.75043848,0,1.43849831,0.697174317709591,NaN,NaN,NaN,NaN,NaN,NaN,NaN,NaN,NaN,NaN,NaN,NaN,NaN,,NaN,NaN,145.825221085616,2.235674416,0,0.968416258,0.520732733483305,NaN,NaN,NaN,NaN,NaN,NaN,NaN,NaN,NaN,NaN,NaN,NaN,NaN,,NaN,NaN,145.837241993106
44.75,0.0561251719999989,0,3.429558948,80.1715224503203,NaN,NaN,NaN,NaN,NaN,NaN,NaN,NaN,NaN,NaN,NaN,NaN,NaN,,NaN,NaN,146.099070599163,1.561579792,0,3.459087596,2.40810077319331,NaN,NaN,NaN,NaN,NaN,NaN,NaN,NaN,NaN,NaN,NaN,NaN,NaN,,NaN,NaN,147.780884817747,0.874551776,0,2.039998428,0.406084226834572,NaN,NaN,NaN,NaN,NaN,NaN,NaN,NaN,NaN,NaN,NaN,NaN,NaN,,NaN,NaN,145.564779012083,0.689744512,0,1.20417797,78.5536835281719,NaN,NaN,NaN,NaN,NaN,NaN,NaN,NaN,NaN,NaN,NaN,NaN,NaN,,NaN,NaN,144.549310928293,1.75043848,0,1.43849831,0.692362254936527,NaN,NaN,NaN,NaN,NaN,NaN,NaN,NaN,NaN,NaN,NaN,NaN,NaN,,NaN,NaN,145.825221085616,2.235674416,0,0.968416258,0.506939699137213,NaN,NaN,NaN,NaN,NaN,NaN,NaN,NaN,NaN,NaN,NaN,NaN,NaN,,NaN,NaN,145.837241993106
44.8333333333333,0.0561251719999989,0,3.429558948,79.8134015366434,NaN,NaN,NaN,NaN,NaN,NaN,NaN,NaN,NaN,NaN,NaN,NaN,NaN,,NaN,NaN,146.099070599163,1.561579792,0,3.459087596,2.19065223623221,NaN,NaN,NaN,NaN,NaN,NaN,NaN,NaN,NaN,NaN,NaN,NaN,NaN,,NaN,NaN,147.780884817747,0.874551776,0,2.039998428,0.405867345618295,NaN,NaN,NaN,NaN,NaN,NaN,NaN,NaN,NaN,NaN,NaN,NaN,NaN,,NaN,NaN,145.564779012083,0.689744512,0,1.20417797,78.2148663541559,NaN,NaN,NaN,NaN,NaN,NaN,NaN,NaN,NaN,NaN,NaN,NaN,NaN,,NaN,NaN,144.549310928293,1.75043848,0,1.43849831,0.687074024451936,NaN,NaN,NaN,NaN,NaN,NaN,NaN,NaN,NaN,NaN,NaN,NaN,NaN,,NaN,NaN,145.825221085616,2.235674416,0,0.968416258,0.487409989914488,NaN,NaN,NaN,NaN,NaN,NaN,NaN,NaN,NaN,NaN,NaN,NaN,NaN,,NaN,NaN,145.837241993106
44.9166666666667,0.0561251719999989,0,3.429558948,79.4635748918599,NaN,NaN,NaN,NaN,NaN,NaN,NaN,NaN,NaN,NaN,NaN,NaN,NaN,,NaN,NaN,146.099070599163,1.561579792,0,3.459087596,2.00629665866308,NaN,NaN,NaN,NaN,NaN,NaN,NaN,NaN,NaN,NaN,NaN,NaN,NaN,,NaN,NaN,147.780884817747,0.874551776,0,2.039998428,0.39177910751515,NaN,NaN,NaN,NaN,NaN,NaN,NaN,NaN,NaN,NaN,NaN,NaN,NaN,,NaN,NaN,145.564779012083,0.689744512,0,1.20417797,77.8004161209639,NaN,NaN,NaN,NaN,NaN,NaN,NaN,NaN,NaN,NaN,NaN,NaN,NaN,,NaN,NaN,144.549310928293,1.75043848,0,1.43849831,0.646165894207319,NaN,NaN,NaN,NaN,NaN,NaN,NaN,NaN,NaN,NaN,NaN,NaN,NaN,,NaN,NaN,145.825221085616,2.235674416,0,0.968416258,0.421227143362232,NaN,NaN,NaN,NaN,NaN,NaN,NaN,NaN,NaN,NaN,NaN,NaN,NaN,,NaN,NaN,145.837241993106
45,0.0561251719999989,0,3.429558948,79.0038706867923,NaN,NaN,NaN,NaN,NaN,NaN,NaN,NaN,NaN,NaN,NaN,NaN,NaN,,NaN,NaN,146.099070599163,1.561579792,0,3.459087596,1.67859132990362,NaN,NaN,NaN,NaN,NaN,NaN,NaN,NaN,NaN,NaN,NaN,NaN,NaN,,NaN,NaN,147.780884817747,0.874551776,0,2.039998428,0.266004469522553,NaN,NaN,NaN,NaN,NaN,NaN,NaN,NaN,NaN,NaN,NaN,NaN,NaN,,NaN,NaN,145.564779012083,0.689744512,0,1.20417797,77.2194451689551,NaN,NaN,NaN,NaN,NaN,NaN,NaN,NaN,NaN,NaN,NaN,NaN,NaN,,NaN,NaN,144.549310928293,1.75043848,0,1.43849831,0.671196937462597,NaN,NaN,NaN,NaN,NaN,NaN,NaN,NaN,NaN,NaN,NaN,NaN,NaN,,NaN,NaN,145.825221085616,2.235674416,0,0.968416258,0.438620676826892,NaN,NaN,NaN,NaN,NaN,NaN,NaN,NaN,NaN,NaN,NaN,NaN,NaN,,NaN,NaN,145.837241993106
45.0833333333333,0.0561251719999989,0,3.429558948,78.4173296953064,NaN,NaN,NaN,NaN,NaN,NaN,NaN,NaN,NaN,NaN,NaN,NaN,NaN,,NaN,NaN,146.099070599163,1.561579792,0,3.459087596,1.382958465586,NaN,NaN,NaN,NaN,NaN,NaN,NaN,NaN,NaN,NaN,NaN,NaN,NaN,,NaN,NaN,147.780884817747,0.874551776,0,2.039998428,0.234269516977716,NaN,NaN,NaN,NaN,NaN,NaN,NaN,NaN,NaN,NaN,NaN,NaN,NaN,,NaN,NaN,145.564779012083,0.689744512,0,1.20417797,76.8308993170293,NaN,NaN,NaN,NaN,NaN,NaN,NaN,NaN,NaN,NaN,NaN,NaN,NaN,,NaN,NaN,144.549310928293,1.75043848,0,1.43849831,0.688071705089897,NaN,NaN,NaN,NaN,NaN,NaN,NaN,NaN,NaN,NaN,NaN,NaN,NaN,,NaN,NaN,145.825221085616,2.235674416,0,0.968416258,0.50653805125316,NaN,NaN,NaN,NaN,NaN,NaN,NaN,NaN,NaN,NaN,NaN,NaN,NaN,,NaN,NaN,145.837241993106
45.1666666666667,0.0561251719999989,0,3.429558948,78.0591141672683,NaN,NaN,NaN,NaN,NaN,NaN,NaN,NaN,NaN,NaN,NaN,NaN,NaN,,NaN,NaN,146.099070599163,1.561579792,0,3.459087596,1.29817710914599,NaN,NaN,NaN,NaN,NaN,NaN,NaN,NaN,NaN,NaN,NaN,NaN,NaN,,NaN,NaN,147.780884817747,0.874551776,0,2.039998428,0.306628956137054,NaN,NaN,NaN,NaN,NaN,NaN,NaN,NaN,NaN,NaN,NaN,NaN,NaN,,NaN,NaN,145.564779012083,0.689744512,0,1.20417797,76.548580364342,NaN,NaN,NaN,NaN,NaN,NaN,NaN,NaN,NaN,NaN,NaN,NaN,NaN,,NaN,NaN,144.549310928293,1.75043848,0,1.43849831,0.687291211041981,NaN,NaN,NaN,NaN,NaN,NaN,NaN,NaN,NaN,NaN,NaN,NaN,NaN,,NaN,NaN,145.825221085616,2.235674416,0,0.968416258,0.504483098039333,NaN,NaN,NaN,NaN,NaN,NaN,NaN,NaN,NaN,NaN,NaN,NaN,NaN,,NaN,NaN,145.837241993106
45.25,0.0561251719999989,0,3.429558948,77.7847135957171,NaN,NaN,NaN,NaN,NaN,NaN,NaN,NaN,NaN,NaN,NaN,NaN,NaN,,NaN,NaN,146.099070599163,1.561579792,0,3.459087596,1.27478146677583,NaN,NaN,NaN,NaN,NaN,NaN,NaN,NaN,NaN,NaN,NaN,NaN,NaN,,NaN,NaN,147.780884817747,0.874551776,0,2.039998428,0.354809532195912,NaN,NaN,NaN,NaN,NaN,NaN,NaN,NaN,NaN,NaN,NaN,NaN,NaN,,NaN,NaN,145.564779012083,0.689744512,0,1.20417797,76.2134254622742,NaN,NaN,NaN,NaN,NaN,NaN,NaN,NaN,NaN,NaN,NaN,NaN,NaN,,NaN,NaN,144.549310928293,1.75043848,0,1.43849831,0.678074974118664,NaN,NaN,NaN,NaN,NaN,NaN,NaN,NaN,NaN,NaN,NaN,NaN,NaN,,NaN,NaN,145.825221085616,2.235674416,0,0.968416258,0.492661789062174,NaN,NaN,NaN,NaN,NaN,NaN,NaN,NaN,NaN,NaN,NaN,NaN,NaN,,NaN,NaN,145.837241993106
45.3333333333333,0.0561251719999989,0,3.429558948,77.4486375236728,NaN,NaN,NaN,NaN,NaN,NaN,NaN,NaN,NaN,NaN,NaN,NaN,NaN,,NaN,NaN,146.099070599163,1.561579792,0,3.459087596,1.16476375319749,NaN,NaN,NaN,NaN,NaN,NaN,NaN,NaN,NaN,NaN,NaN,NaN,NaN,,NaN,NaN,147.780884817747,0.874551776,0,2.039998428,0.368176436576746,NaN,NaN,NaN,NaN,NaN,NaN,NaN,NaN,NaN,NaN,NaN,NaN,NaN,,NaN,NaN,145.564779012083,0.689744512,0,1.20417797,75.8568605616185,NaN,NaN,NaN,NaN,NaN,NaN,NaN,NaN,NaN,NaN,NaN,NaN,NaN,,NaN,NaN,144.549310928293,1.75043848,0,1.43849831,0.672865014143814,NaN,NaN,NaN,NaN,NaN,NaN,NaN,NaN,NaN,NaN,NaN,NaN,NaN,,NaN,NaN,145.825221085616,2.235674416,0,0.968416258,0.4787405282823,NaN,NaN,NaN,NaN,NaN,NaN,NaN,NaN,NaN,NaN,NaN,NaN,NaN,,NaN,NaN,145.837241993106
45.4166666666667,0.0561251719999989,0,3.429558948,77.0725771078529,NaN,NaN,NaN,NaN,NaN,NaN,NaN,NaN,NaN,NaN,NaN,NaN,NaN,,NaN,NaN,146.099070599163,1.561579792,0,3.459087596,1.04619934714802,NaN,NaN,NaN,NaN,NaN,NaN,NaN,NaN,NaN,NaN,NaN,NaN,NaN,,NaN,NaN,147.780884817747,0.874551776,0,2.039998428,0.342914768836252,NaN,NaN,NaN,NaN,NaN,NaN,NaN,NaN,NaN,NaN,NaN,NaN,NaN,,NaN,NaN,145.564779012083,0.689744512,0,1.20417797,75.4559489771878,NaN,NaN,NaN,NaN,NaN,NaN,NaN,NaN,NaN,NaN,NaN,NaN,NaN,,NaN,NaN,144.549310928293,1.75043848,0,1.43849831,0.676970665810946,NaN,NaN,NaN,NaN,NaN,NaN,NaN,NaN,NaN,NaN,NaN,NaN,NaN,,NaN,NaN,145.825221085616,2.235674416,0,0.968416258,0.494278560999715,NaN,NaN,NaN,NaN,NaN,NaN,NaN,NaN,NaN,NaN,NaN,NaN,NaN,,NaN,NaN,145.837241993106
45.5,0.0561251719999989,0,3.429558948,76.6580281410607,NaN,NaN,NaN,NaN,NaN,NaN,NaN,NaN,NaN,NaN,NaN,NaN,NaN,,NaN,NaN,146.099070599163,1.561579792,0,3.459087596,0.925857258682079,NaN,NaN,NaN,NaN,NaN,NaN,NaN,NaN,NaN,NaN,NaN,NaN,NaN,,NaN,NaN,147.780884817747,0.874551776,0,2.039998428,0.363039134233838,NaN,NaN,NaN,NaN,NaN,NaN,NaN,NaN,NaN,NaN,NaN,NaN,NaN,,NaN,NaN,145.564779012083,0.689744512,0,1.20417797,75.1497135308844,NaN,NaN,NaN,NaN,NaN,NaN,NaN,NaN,NaN,NaN,NaN,NaN,NaN,,NaN,NaN,144.549310928293,1.75043848,0,1.43849831,0.681101087060707,NaN,NaN,NaN,NaN,NaN,NaN,NaN,NaN,NaN,NaN,NaN,NaN,NaN,,NaN,NaN,145.825221085616,2.235674416,0,0.968416258,0.490774010686401,NaN,NaN,NaN,NaN,NaN,NaN,NaN,NaN,NaN,NaN,NaN,NaN,NaN,,NaN,NaN,145.837241993106
45.5833333333333,0.0561251719999989,0,3.429558948,76.3613716082024,NaN,NaN,NaN,NaN,NaN,NaN,NaN,NaN,NaN,NaN,NaN,NaN,NaN,,NaN,NaN,146.099070599163,1.561579792,0,3.459087596,0.910760647478713,NaN,NaN,NaN,NaN,NaN,NaN,NaN,NaN,NaN,NaN,NaN,NaN,NaN,,NaN,NaN,147.780884817747,0.874551776,0,2.039998428,0.407606789686389,NaN,NaN,NaN,NaN,NaN,NaN,NaN,NaN,NaN,NaN,NaN,NaN,NaN,,NaN,NaN,145.564779012083,0.689744512,0,1.20417797,74.8069932073013,NaN,NaN,NaN,NaN,NaN,NaN,NaN,NaN,NaN,NaN,NaN,NaN,NaN,,NaN,NaN,144.549310928293,1.75043848,0,1.43849831,0.664773199456276,NaN,NaN,NaN,NaN,NaN,NaN,NaN,NaN,NaN,NaN,NaN,NaN,NaN,,NaN,NaN,145.825221085616,2.235674416,0,0.968416258,0.44639443132835,NaN,NaN,NaN,NaN,NaN,NaN,NaN,NaN,NaN,NaN,NaN,NaN,NaN,,NaN,NaN,145.837241993106
45.6666666666667,0.0561251719999989,0,3.429558948,76.0038741236896,NaN,NaN,NaN,NaN,NaN,NaN,NaN,NaN,NaN,NaN,NaN,NaN,NaN,,NaN,NaN,146.099070599163,1.561579792,0,3.459087596,0.798906635429475,NaN,NaN,NaN,NaN,NaN,NaN,NaN,NaN,NaN,NaN,NaN,NaN,NaN,,NaN,NaN,147.780884817747,0.874551776,0,2.039998428,0.373889231001019,NaN,NaN,NaN,NaN,NaN,NaN,NaN,NaN,NaN,NaN,NaN,NaN,NaN,,NaN,NaN,145.564779012083,0.689744512,0,1.20417797,74.3922279896174,NaN,NaN,NaN,NaN,NaN,NaN,NaN,NaN,NaN,NaN,NaN,NaN,NaN,,NaN,NaN,144.549310928293,1.75043848,0,1.43849831,0.64445263280669,NaN,NaN,NaN,NaN,NaN,NaN,NaN,NaN,NaN,NaN,NaN,NaN,NaN,,NaN,NaN,145.825221085616,2.235674416,0,0.968416258,0.400578377722829,NaN,NaN,NaN,NaN,NaN,NaN,NaN,NaN,NaN,NaN,NaN,NaN,NaN,,NaN,NaN,145.837241993106
45.75,0.0561251719999989,0,3.429558948,75.580986768686,NaN,NaN,NaN,NaN,NaN,NaN,NaN,NaN,NaN,NaN,NaN,NaN,NaN,,NaN,NaN,146.099070599163,1.561579792,0,3.459087596,0.601351772065366,NaN,NaN,NaN,NaN,NaN,NaN,NaN,NaN,NaN,NaN,NaN,NaN,NaN,,NaN,NaN,147.780884817747,0.874551776,0,2.039998428,0.313594337691774,NaN,NaN,NaN,NaN,NaN,NaN,NaN,NaN,NaN,NaN,NaN,NaN,NaN,,NaN,NaN,145.564779012083,0.689744512,0,1.20417797,73.9410863973956,NaN,NaN,NaN,NaN,NaN,NaN,NaN,NaN,NaN,NaN,NaN,NaN,NaN,,NaN,NaN,144.549310928293,1.75043848,0,1.43849831,0.665032193367328,NaN,NaN,NaN,NaN,NaN,NaN,NaN,NaN,NaN,NaN,NaN,NaN,NaN,,NaN,NaN,145.825221085616,2.235674416,0,0.968416258,0.442487878837555,NaN,NaN,NaN,NaN,NaN,NaN,NaN,NaN,NaN,NaN,NaN,NaN,NaN,,NaN,NaN,145.837241993106
45.8333333333333,0.0561251719999989,0,3.429558948,75.1366097869509,NaN,NaN,NaN,NaN,NaN,NaN,NaN,NaN,NaN,NaN,NaN,NaN,NaN,,NaN,NaN,146.099070599163,1.561579792,0,3.459087596,0.473501205340782,NaN,NaN,NaN,NaN,NaN,NaN,NaN,NaN,NaN,NaN,NaN,NaN,NaN,,NaN,NaN,147.780884817747,0.874551776,0,2.039998428,0.303026213107344,NaN,NaN,NaN,NaN,NaN,NaN,NaN,NaN,NaN,NaN,NaN,NaN,NaN,,NaN,NaN,145.564779012083,0.689744512,0,1.20417797,73.6086046534642,NaN,NaN,NaN,NaN,NaN,NaN,NaN,NaN,NaN,NaN,NaN,NaN,NaN,,NaN,NaN,144.549310928293,1.75043848,0,1.43849831,0.696358503318899,NaN,NaN,NaN,NaN,NaN,NaN,NaN,NaN,NaN,NaN,NaN,NaN,NaN,,NaN,NaN,145.825221085616,2.235674416,0,0.968416258,0.528168140980561,NaN,NaN,NaN,NaN,NaN,NaN,NaN,NaN,NaN,NaN,NaN,NaN,NaN,,NaN,NaN,145.837241993106
45.9166666666667,0.0561251719999989,0,3.429558948,74.8440926288981,NaN,NaN,NaN,NaN,NaN,NaN,NaN,NaN,NaN,NaN,NaN,NaN,NaN,,NaN,NaN,146.099070599163,1.561579792,0,3.459087596,0.542246718992871,NaN,NaN,NaN,NaN,NaN,NaN,NaN,NaN,NaN,NaN,NaN,NaN,NaN,,NaN,NaN,147.780884817747,0.874551776,0,2.039998428,0.398421221623832,NaN,NaN,NaN,NaN,NaN,NaN,NaN,NaN,NaN,NaN,NaN,NaN,NaN,,NaN,NaN,145.564779012083,0.689744512,0,1.20417797,73.3620754108335,NaN,NaN,NaN,NaN,NaN,NaN,NaN,NaN,NaN,NaN,NaN,NaN,NaN,,NaN,NaN,144.549310928293,1.75043848,0,1.43849831,0.6775286312513,NaN,NaN,NaN,NaN,NaN,NaN,NaN,NaN,NaN,NaN,NaN,NaN,NaN,,NaN,NaN,145.825221085616,2.235674416,0,0.968416258,0.502324238179923,NaN,NaN,NaN,NaN,NaN,NaN,NaN,NaN,NaN,NaN,NaN,NaN,NaN,,NaN,NaN,145.837241993106
46,0.0561251719999989,0,3.429558948,74.5860389791253,NaN,NaN,NaN,NaN,NaN,NaN,NaN,NaN,NaN,NaN,NaN,NaN,NaN,,NaN,NaN,146.099070599163,1.561579792,0,3.459087596,0.548632926948029,NaN,NaN,NaN,NaN,NaN,NaN,NaN,NaN,NaN,NaN,NaN,NaN,NaN,,NaN,NaN,147.780884817747,0.874551776,0,2.039998428,0.399863128073501,NaN,NaN,NaN,NaN,NaN,NaN,NaN,NaN,NaN,NaN,NaN,NaN,NaN,,NaN,NaN,145.564779012083,0.689744512,0,1.20417797,73.0400734121534,NaN,NaN,NaN,NaN,NaN,NaN,NaN,NaN,NaN,NaN,NaN,NaN,NaN,,NaN,NaN,144.549310928293,1.75043848,0,1.43849831,0.678118100238648,NaN,NaN,NaN,NaN,NaN,NaN,NaN,NaN,NaN,NaN,NaN,NaN,NaN,,NaN,NaN,145.825221085616,2.235674416,0,0.968416258,0.495983071780194,NaN,NaN,NaN,NaN,NaN,NaN,NaN,NaN,NaN,NaN,NaN,NaN,NaN,,NaN,NaN,145.837241993106
46.0833333333333,0.0561251719999989,0,3.429558948,74.2338819671797,NaN,NaN,NaN,NaN,NaN,NaN,NaN,NaN,NaN,NaN,NaN,NaN,NaN,,NaN,NaN,146.099070599163,1.561579792,0,3.459087596,0.517279625313353,NaN,NaN,NaN,NaN,NaN,NaN,NaN,NaN,NaN,NaN,NaN,NaN,NaN,,NaN,NaN,147.780884817747,0.874551776,0,2.039998428,0.414975647946978,NaN,NaN,NaN,NaN,NaN,NaN,NaN,NaN,NaN,NaN,NaN,NaN,NaN,,NaN,NaN,145.564779012083,0.689744512,0,1.20417797,72.7271857844294,NaN,NaN,NaN,NaN,NaN,NaN,NaN,NaN,NaN,NaN,NaN,NaN,NaN,,NaN,NaN,144.549310928293,1.75043848,0,1.43849831,0.674308986734052,NaN,NaN,NaN,NaN,NaN,NaN,NaN,NaN,NaN,NaN,NaN,NaN,NaN,,NaN,NaN,145.825221085616,2.235674416,0,0.968416258,0.483720321540547,NaN,NaN,NaN,NaN,NaN,NaN,NaN,NaN,NaN,NaN,NaN,NaN,NaN,,NaN,NaN,145.837241993106
46.1666666666667,0.0561251719999989,0,3.429558948,73.9231938861621,NaN,NaN,NaN,NaN,NaN,NaN,NaN,NaN,NaN,NaN,NaN,NaN,NaN,,NaN,NaN,146.099070599163,1.561579792,0,3.459087596,0.519013235400632,NaN,NaN,NaN,NaN,NaN,NaN,NaN,NaN,NaN,NaN,NaN,NaN,NaN,,NaN,NaN,147.780884817747,0.874551776,0,2.039998428,0.444536790100987,NaN,NaN,NaN,NaN,NaN,NaN,NaN,NaN,NaN,NaN,NaN,NaN,NaN,,NaN,NaN,145.564779012083,0.689744512,0,1.20417797,72.4313354009335,NaN,NaN,NaN,NaN,NaN,NaN,NaN,NaN,NaN,NaN,NaN,NaN,NaN,,NaN,NaN,144.549310928293,1.75043848,0,1.43849831,0.673890366719817,NaN,NaN,NaN,NaN,NaN,NaN,NaN,NaN,NaN,NaN,NaN,NaN,NaN,,NaN,NaN,145.825221085616,2.235674416,0,0.968416258,0.478553230486309,NaN,NaN,NaN,NaN,NaN,NaN,NaN,NaN,NaN,NaN,NaN,NaN,NaN,,NaN,NaN,145.837241993106
46.25,0.0561251719999989,0,3.429558948,73.6307281671842,NaN,NaN,NaN,NaN,NaN,NaN,NaN,NaN,NaN,NaN,NaN,NaN,NaN,,NaN,NaN,146.099070599163,1.561579792,0,3.459087596,0.478914343814858,NaN,NaN,NaN,NaN,NaN,NaN,NaN,NaN,NaN,NaN,NaN,NaN,NaN,,NaN,NaN,147.780884817747,0.874551776,0,2.039998428,0.424134077477343,NaN,NaN,NaN,NaN,NaN,NaN,NaN,NaN,NaN,NaN,NaN,NaN,NaN,,NaN,NaN,145.564779012083,0.689744512,0,1.20417797,72.0710241859767,NaN,NaN,NaN,NaN,NaN,NaN,NaN,NaN,NaN,NaN,NaN,NaN,NaN,,NaN,NaN,144.549310928293,1.75043848,0,1.43849831,0.668651602641606,NaN,NaN,NaN,NaN,NaN,NaN,NaN,NaN,NaN,NaN,NaN,NaN,NaN,,NaN,NaN,145.825221085616,2.235674416,0,0.968416258,0.481575071771737,NaN,NaN,NaN,NaN,NaN,NaN,NaN,NaN,NaN,NaN,NaN,NaN,NaN,,NaN,NaN,145.837241993106
46.3333333333333,0.0561251719999989,0,3.429558948,73.2453959178967,NaN,NaN,NaN,NaN,NaN,NaN,NaN,NaN,NaN,NaN,NaN,NaN,NaN,,NaN,NaN,146.099070599163,1.561579792,0,3.459087596,0.429431701008495,NaN,NaN,NaN,NaN,NaN,NaN,NaN,NaN,NaN,NaN,NaN,NaN,NaN,,NaN,NaN,147.780884817747,0.874551776,0,2.039998428,0.41005517484221,NaN,NaN,NaN,NaN,NaN,NaN,NaN,NaN,NaN,NaN,NaN,NaN,NaN,,NaN,NaN,145.564779012083,0.689744512,0,1.20417797,71.7510516108172,NaN,NaN,NaN,NaN,NaN,NaN,NaN,NaN,NaN,NaN,NaN,NaN,NaN,,NaN,NaN,144.549310928293,1.75043848,0,1.43849831,0.663336880986819,NaN,NaN,NaN,NaN,NaN,NaN,NaN,NaN,NaN,NaN,NaN,NaN,NaN,,NaN,NaN,145.825221085616,2.235674416,0,0.968416258,0.426236454377242,NaN,NaN,NaN,NaN,NaN,NaN,NaN,NaN,NaN,NaN,NaN,NaN,NaN,,NaN,NaN,145.837241993106
46.4166666666667,0.0561251719999989,0,3.429558948,72.9124086030401,NaN,NaN,NaN,NaN,NaN,NaN,NaN,NaN,NaN,NaN,NaN,NaN,NaN,,NaN,NaN,146.099070599163,1.561579792,0,3.459087596,0.361161227303831,NaN,NaN,NaN,NaN,NaN,NaN,NaN,NaN,NaN,NaN,NaN,NaN,NaN,,NaN,NaN,147.780884817747,0.874551776,0,2.039998428,0.395283866942925,NaN,NaN,NaN,NaN,NaN,NaN,NaN,NaN,NaN,NaN,NaN,NaN,NaN,,NaN,NaN,145.564779012083,0.689744512,0,1.20417797,71.3693765180901,NaN,NaN,NaN,NaN,NaN,NaN,NaN,NaN,NaN,NaN,NaN,NaN,NaN,,NaN,NaN,144.549310928293,1.75043848,0,1.43849831,0.666263472246455,NaN,NaN,NaN,NaN,NaN,NaN,NaN,NaN,NaN,NaN,NaN,NaN,NaN,,NaN,NaN,145.825221085616,2.235674416,0,0.968416258,0.447859448020275,NaN,NaN,NaN,NaN,NaN,NaN,NaN,NaN,NaN,NaN,NaN,NaN,NaN,,NaN,NaN,145.837241993106
46.5,0.0561251719999989,0,3.429558948,72.5046218173933,NaN,NaN,NaN,NaN,NaN,NaN,NaN,NaN,NaN,NaN,NaN,NaN,NaN,,NaN,NaN,146.099070599163,1.561579792,0,3.459087596,0.246032255847548,NaN,NaN,NaN,NaN,NaN,NaN,NaN,NaN,NaN,NaN,NaN,NaN,NaN,,NaN,NaN,147.780884817747,0.874551776,0,2.039998428,0.402640804219684,NaN,NaN,NaN,NaN,NaN,NaN,NaN,NaN,NaN,NaN,NaN,NaN,NaN,,NaN,NaN,145.564779012083,0.689744512,0,1.20417797,71.050459826324,NaN,NaN,NaN,NaN,NaN,NaN,NaN,NaN,NaN,NaN,NaN,NaN,NaN,,NaN,NaN,144.549310928293,1.75043848,0,1.43849831,0.69431460473074,NaN,NaN,NaN,NaN,NaN,NaN,NaN,NaN,NaN,NaN,NaN,NaN,NaN,,NaN,NaN,145.825221085616,2.235674416,0,0.968416258,0.524470651493458,NaN,NaN,NaN,NaN,NaN,NaN,NaN,NaN,NaN,NaN,NaN,NaN,NaN,,NaN,NaN,145.837241993106
46.5833333333333,0.0561251719999989,0,3.429558948,72.2387574895977,NaN,NaN,NaN,NaN,NaN,NaN,NaN,NaN,NaN,NaN,NaN,NaN,NaN,,NaN,NaN,146.099070599163,1.561579792,0,3.459087596,0.309473774161876,NaN,NaN,NaN,NaN,NaN,NaN,NaN,NaN,NaN,NaN,NaN,NaN,NaN,,NaN,NaN,147.780884817747,0.874551776,0,2.039998428,0.472646477471013,NaN,NaN,NaN,NaN,NaN,NaN,NaN,NaN,NaN,NaN,NaN,NaN,NaN,,NaN,NaN,145.564779012083,0.689744512,0,1.20417797,70.806888092031,NaN,NaN,NaN,NaN,NaN,NaN,NaN,NaN,NaN,NaN,NaN,NaN,NaN,,NaN,NaN,144.549310928293,1.75043848,0,1.43849831,0.671588547304034,NaN,NaN,NaN,NaN,NaN,NaN,NaN,NaN,NaN,NaN,NaN,NaN,NaN,,NaN,NaN,145.825221085616,2.235674416,0,0.968416258,0.498093120659368,NaN,NaN,NaN,NaN,NaN,NaN,NaN,NaN,NaN,NaN,NaN,NaN,NaN,,NaN,NaN,145.837241993106
46.6666666666667,0.0561251719999989,0,3.429558948,72.0093251445588,NaN,NaN,NaN,NaN,NaN,NaN,NaN,NaN,NaN,NaN,NaN,NaN,NaN,,NaN,NaN,146.099070599163,1.561579792,0,3.459087596,0.381718331360234,NaN,NaN,NaN,NaN,NaN,NaN,NaN,NaN,NaN,NaN,NaN,NaN,NaN,,NaN,NaN,147.780884817747,0.874551776,0,2.039998428,0.456102230673529,NaN,NaN,NaN,NaN,NaN,NaN,NaN,NaN,NaN,NaN,NaN,NaN,NaN,,NaN,NaN,145.564779012083,0.689744512,0,1.20417797,70.5106824664178,NaN,NaN,NaN,NaN,NaN,NaN,NaN,NaN,NaN,NaN,NaN,NaN,NaN,,NaN,NaN,144.549310928293,1.75043848,0,1.43849831,0.680611410885962,NaN,NaN,NaN,NaN,NaN,NaN,NaN,NaN,NaN,NaN,NaN,NaN,NaN,,NaN,NaN,145.825221085616,2.235674416,0,0.968416258,0.49240502958938,NaN,NaN,NaN,NaN,NaN,NaN,NaN,NaN,NaN,NaN,NaN,NaN,NaN,,NaN,NaN,145.837241993106
46.75,0.0561251719999989,0,3.429558948,71.6848916942079,NaN,NaN,NaN,NaN,NaN,NaN,NaN,NaN,NaN,NaN,NaN,NaN,NaN,,NaN,NaN,146.099070599163,1.561579792,0,3.459087596,0.374683967796005,NaN,NaN,NaN,NaN,NaN,NaN,NaN,NaN,NaN,NaN,NaN,NaN,NaN,,NaN,NaN,147.780884817747,0.874551776,0,2.039998428,0.458338832894579,NaN,NaN,NaN,NaN,NaN,NaN,NaN,NaN,NaN,NaN,NaN,NaN,NaN,,NaN,NaN,145.564779012083,0.689744512,0,1.20417797,70.2096712511874,NaN,NaN,NaN,NaN,NaN,NaN,NaN,NaN,NaN,NaN,NaN,NaN,NaN,,NaN,NaN,144.549310928293,1.75043848,0,1.43849831,0.664892422751013,NaN,NaN,NaN,NaN,NaN,NaN,NaN,NaN,NaN,NaN,NaN,NaN,NaN,,NaN,NaN,145.825221085616,2.235674416,0,0.968416258,0.465491357631242,NaN,NaN,NaN,NaN,NaN,NaN,NaN,NaN,NaN,NaN,NaN,NaN,NaN,,NaN,NaN,145.837241993106
46.8333333333333,0.0561251719999989,0,3.429558948,71.3425306741831,NaN,NaN,NaN,NaN,NaN,NaN,NaN,NaN,NaN,NaN,NaN,NaN,NaN,,NaN,NaN,146.099070599163,1.561579792,0,3.459087596,0.317545292413948,NaN,NaN,NaN,NaN,NaN,NaN,NaN,NaN,NaN,NaN,NaN,NaN,NaN,,NaN,NaN,147.780884817747,0.874551776,0,2.039998428,0.394558780065911,NaN,NaN,NaN,NaN,NaN,NaN,NaN,NaN,NaN,NaN,NaN,NaN,NaN,,NaN,NaN,145.564779012083,0.689744512,0,1.20417797,69.8338547694248,NaN,NaN,NaN,NaN,NaN,NaN,NaN,NaN,NaN,NaN,NaN,NaN,NaN,,NaN,NaN,144.549310928293,1.75043848,0,1.43849831,0.65723181599891,NaN,NaN,NaN,NaN,NaN,NaN,NaN,NaN,NaN,NaN,NaN,NaN,NaN,,NaN,NaN,145.825221085616,2.235674416,0,0.968416258,0.439292207557334,NaN,NaN,NaN,NaN,NaN,NaN,NaN,NaN,NaN,NaN,NaN,NaN,NaN,,NaN,NaN,145.837241993106
46.9166666666667,0.0561251719999989,0,3.429558948,70.921611868305,NaN,NaN,NaN,NaN,NaN,NaN,NaN,NaN,NaN,NaN,NaN,NaN,NaN,,NaN,NaN,146.099070599163,1.561579792,0,3.459087596,0.234371671931385,NaN,NaN,NaN,NaN,NaN,NaN,NaN,NaN,NaN,NaN,NaN,NaN,NaN,,NaN,NaN,147.780884817747,0.874551776,0,2.039998428,0.341163309986915,NaN,NaN,NaN,NaN,NaN,NaN,NaN,NaN,NaN,NaN,NaN,NaN,NaN,,NaN,NaN,145.564779012083,0.689744512,0,1.20417797,69.4594007793277,NaN,NaN,NaN,NaN,NaN,NaN,NaN,NaN,NaN,NaN,NaN,NaN,NaN,,NaN,NaN,144.549310928293,1.75043848,0,1.43849831,0.659971450048262,NaN,NaN,NaN,NaN,NaN,NaN,NaN,NaN,NaN,NaN,NaN,NaN,NaN,,NaN,NaN,145.825221085616,2.235674416,0,0.968416258,0.444231708655166,NaN,NaN,NaN,NaN,NaN,NaN,NaN,NaN,NaN,NaN,NaN,NaN,NaN,,NaN,NaN,145.837241993106
47,0.0561251719999989,0,3.429558948,70.5318883070888,NaN,NaN,NaN,NaN,NaN,NaN,NaN,NaN,NaN,NaN,NaN,NaN,NaN,,NaN,NaN,146.099070599163,1.561579792,0,3.459087596,0.172669407683338,NaN,NaN,NaN,NaN,NaN,NaN,NaN,NaN,NaN,NaN,NaN,NaN,NaN,,NaN,NaN,147.780884817747,0.874551776,0,2.039998428,0.335204628989131,NaN,NaN,NaN,NaN,NaN,NaN,NaN,NaN,NaN,NaN,NaN,NaN,NaN,,NaN,NaN,145.564779012083,0.689744512,0,1.20417797,69.1344084677223,NaN,NaN,NaN,NaN,NaN,NaN,NaN,NaN,NaN,NaN,NaN,NaN,NaN,,NaN,NaN,144.549310928293,1.75043848,0,1.43849831,0.661585383539949,NaN,NaN,NaN,NaN,NaN,NaN,NaN,NaN,NaN,NaN,NaN,NaN,NaN,,NaN,NaN,145.825221085616,2.235674416,0,0.968416258,0.438189788031504,NaN,NaN,NaN,NaN,NaN,NaN,NaN,NaN,NaN,NaN,NaN,NaN,NaN,,NaN,NaN,145.837241993106
47.0833333333333,0.0561251719999989,0,3.429558948,70.1772717703005,NaN,NaN,NaN,NaN,NaN,NaN,NaN,NaN,NaN,NaN,NaN,NaN,NaN,,NaN,NaN,146.099070599163,1.561579792,0,3.459087596,0.15902093866674,NaN,NaN,NaN,NaN,NaN,NaN,NaN,NaN,NaN,NaN,NaN,NaN,NaN,,NaN,NaN,147.780884817747,0.874551776,0,2.039998428,0.364207091553992,NaN,NaN,NaN,NaN,NaN,NaN,NaN,NaN,NaN,NaN,NaN,NaN,NaN,,NaN,NaN,145.564779012083,0.689744512,0,1.20417797,68.7983001576218,NaN,NaN,NaN,NaN,NaN,NaN,NaN,NaN,NaN,NaN,NaN,NaN,NaN,,NaN,NaN,144.549310928293,1.75043848,0,1.43849831,0.656807607213799,NaN,NaN,NaN,NaN,NaN,NaN,NaN,NaN,NaN,NaN,NaN,NaN,NaN,,NaN,NaN,145.825221085616,2.235674416,0,0.968416258,0.430154580605302,NaN,NaN,NaN,NaN,NaN,NaN,NaN,NaN,NaN,NaN,NaN,NaN,NaN,,NaN,NaN,145.837241993106
47.1666666666667,0.0561251719999989,0,3.429558948,69.8985082718675,NaN,NaN,NaN,NaN,NaN,NaN,NaN,NaN,NaN,NaN,NaN,NaN,NaN,,NaN,NaN,146.099070599163,1.561579792,0,3.459087596,0.11601416704019,NaN,NaN,NaN,NaN,NaN,NaN,NaN,NaN,NaN,NaN,NaN,NaN,NaN,,NaN,NaN,147.780884817747,0.874551776,0,2.039998428,0.369741135600253,NaN,NaN,NaN,NaN,NaN,NaN,NaN,NaN,NaN,NaN,NaN,NaN,NaN,,NaN,NaN,145.564779012083,0.689744512,0,1.20417797,68.4746758515815,NaN,NaN,NaN,NaN,NaN,NaN,NaN,NaN,NaN,NaN,NaN,NaN,NaN,,NaN,NaN,144.549310928293,1.75043848,0,1.43849831,0.665884472829373,NaN,NaN,NaN,NaN,NaN,NaN,NaN,NaN,NaN,NaN,NaN,NaN,NaN,,NaN,NaN,145.825221085616,2.235674416,0,0.968416258,0.463773041807169,NaN,NaN,NaN,NaN,NaN,NaN,NaN,NaN,NaN,NaN,NaN,NaN,NaN,,NaN,NaN,145.837241993106
47.25,0.0561251719999989,0,3.429558948,69.6085797866541,NaN,NaN,NaN,NaN,NaN,NaN,NaN,NaN,NaN,NaN,NaN,NaN,NaN,,NaN,NaN,146.099070599163,1.561579792,0,3.459087596,0.115430055832011,NaN,NaN,NaN,NaN,NaN,NaN,NaN,NaN,NaN,NaN,NaN,NaN,NaN,,NaN,NaN,147.780884817747,0.874551776,0,2.039998428,0.365905339824765,NaN,NaN,NaN,NaN,NaN,NaN,NaN,NaN,NaN,NaN,NaN,NaN,NaN,,NaN,NaN,145.564779012083,0.689744512,0,1.20417797,68.1181829136021,NaN,NaN,NaN,NaN,NaN,NaN,NaN,NaN,NaN,NaN,NaN,NaN,NaN,,NaN,NaN,144.549310928293,1.75043848,0,1.43849831,0.655236186435463,NaN,NaN,NaN,NaN,NaN,NaN,NaN,NaN,NaN,NaN,NaN,NaN,NaN,,NaN,NaN,145.825221085616,2.235674416,0,0.968416258,0.452012300839603,NaN,NaN,NaN,NaN,NaN,NaN,NaN,NaN,NaN,NaN,NaN,NaN,NaN,,NaN,NaN,145.837241993106
47.3333333333333,0.0561251719999989,0,3.429558948,69.1919266970166,NaN,NaN,NaN,NaN,NaN,NaN,NaN,NaN,NaN,NaN,NaN,NaN,NaN,,NaN,NaN,146.099070599163,1.561579792,0,3.459087596,0.0417031455681502,NaN,NaN,NaN,NaN,NaN,NaN,NaN,NaN,NaN,NaN,NaN,NaN,NaN,,NaN,NaN,147.780884817747,0.874551776,0,2.039998428,0.278740314795939,NaN,NaN,NaN,NaN,NaN,NaN,NaN,NaN,NaN,NaN,NaN,NaN,NaN,,NaN,NaN,145.564779012083,0.689744512,0,1.20417797,67.7270814015484,NaN,NaN,NaN,NaN,NaN,NaN,NaN,NaN,NaN,NaN,NaN,NaN,NaN,,NaN,NaN,144.549310928293,1.75043848,0,1.43849831,0.660841133717605,NaN,NaN,NaN,NaN,NaN,NaN,NaN,NaN,NaN,NaN,NaN,NaN,NaN,,NaN,NaN,145.825221085616,2.235674416,0,0.968416258,0.459206201195519,NaN,NaN,NaN,NaN,NaN,NaN,NaN,NaN,NaN,NaN,NaN,NaN,NaN,,NaN,NaN,145.837241993106
47.4166666666667,0.0561251719999989,0,3.429558948,68.761119170455,NaN,NaN,NaN,NaN,NaN,NaN,NaN,NaN,NaN,NaN,NaN,NaN,NaN,,NaN,NaN,146.099070599163,1.561579792,0,3.459087596,0.0042742793437445,NaN,NaN,NaN,NaN,NaN,NaN,NaN,NaN,NaN,NaN,NaN,NaN,NaN,,NaN,NaN,147.780884817747,0.874551776,0,2.039998428,0.305791628970221,NaN,NaN,NaN,NaN,NaN,NaN,NaN,NaN,NaN,NaN,NaN,NaN,NaN,,NaN,NaN,145.564779012083,0.689744512,0,1.20417797,67.4537446955757,NaN,NaN,NaN,NaN,NaN,NaN,NaN,NaN,NaN,NaN,NaN,NaN,NaN,,NaN,NaN,144.549310928293,1.75043848,0,1.43849831,0.664418684333415,NaN,NaN,NaN,NaN,NaN,NaN,NaN,NaN,NaN,NaN,NaN,NaN,NaN,,NaN,NaN,145.825221085616,2.235674416,0,0.968416258,0.465808898855053,NaN,NaN,NaN,NaN,NaN,NaN,NaN,NaN,NaN,NaN,NaN,NaN,NaN,,NaN,NaN,145.837241993106
47.5,0.0561251719999989,0,3.429558948,68.4641394140476,NaN,NaN,NaN,NaN,NaN,NaN,NaN,NaN,NaN,NaN,NaN,NaN,NaN,,NaN,NaN,146.099070599163,1.561579792,0,3.459087596,0.0344182972768218,NaN,NaN,NaN,NaN,NaN,NaN,NaN,NaN,NaN,NaN,NaN,NaN,NaN,,NaN,NaN,147.780884817747,0.874551776,0,2.039998428,0.358225476843798,NaN,NaN,NaN,NaN,NaN,NaN,NaN,NaN,NaN,NaN,NaN,NaN,NaN,,NaN,NaN,145.564779012083,0.689744512,0,1.20417797,67.1585833627569,NaN,NaN,NaN,NaN,NaN,NaN,NaN,NaN,NaN,NaN,NaN,NaN,NaN,,NaN,NaN,144.549310928293,1.75043848,0,1.43849831,0.65058985375228,NaN,NaN,NaN,NaN,NaN,NaN,NaN,NaN,NaN,NaN,NaN,NaN,NaN,,NaN,NaN,145.825221085616,2.235674416,0,0.968416258,0.437295865454994,NaN,NaN,NaN,NaN,NaN,NaN,NaN,NaN,NaN,NaN,NaN,NaN,NaN,,NaN,NaN,145.837241993106
47.5833333333333,0.0561251719999989,0,3.429558948,68.1503083668083,NaN,NaN,NaN,NaN,NaN,NaN,NaN,NaN,NaN,NaN,NaN,NaN,NaN,,NaN,NaN,146.099070599163,1.561579792,0,3.459087596,0.0153620713043348,NaN,NaN,NaN,NaN,NaN,NaN,NaN,NaN,NaN,NaN,NaN,NaN,NaN,,NaN,NaN,147.780884817747,0.874551776,0,2.039998428,0.345718949695136,NaN,NaN,NaN,NaN,NaN,NaN,NaN,NaN,NaN,NaN,NaN,NaN,NaN,,NaN,NaN,145.564779012083,0.689744512,0,1.20417797,66.8122994235207,NaN,NaN,NaN,NaN,NaN,NaN,NaN,NaN,NaN,NaN,NaN,NaN,NaN,,NaN,NaN,144.549310928293,1.75043848,0,1.43849831,0.649727031569184,NaN,NaN,NaN,NaN,NaN,NaN,NaN,NaN,NaN,NaN,NaN,NaN,NaN,,NaN,NaN,145.825221085616,2.235674416,0,0.968416258,0.430872033318832,NaN,NaN,NaN,NaN,NaN,NaN,NaN,NaN,NaN,NaN,NaN,NaN,NaN,,NaN,NaN,145.837241993106
47.6666666666667,0.0561251719999989,0,3.429558948,67.8155742774766,NaN,NaN,NaN,NaN,NaN,NaN,NaN,NaN,NaN,NaN,NaN,NaN,NaN,,NaN,NaN,146.099070599163,1.561579792,0,3.459087596,0.0050431128017971,NaN,NaN,NaN,NaN,NaN,NaN,NaN,NaN,NaN,NaN,NaN,NaN,NaN,,NaN,NaN,147.780884817747,0.874551776,0,2.039998428,0.329089870449736,NaN,NaN,NaN,NaN,NaN,NaN,NaN,NaN,NaN,NaN,NaN,NaN,NaN,,NaN,NaN,145.564779012083,0.689744512,0,1.20417797,66.4596682168601,NaN,NaN,NaN,NaN,NaN,NaN,NaN,NaN,NaN,NaN,NaN,NaN,NaN,,NaN,NaN,144.549310928293,1.75043848,0,1.43849831,0.650982917739524,NaN,NaN,NaN,NaN,NaN,NaN,NaN,NaN,NaN,NaN,NaN,NaN,NaN,,NaN,NaN,145.825221085616,2.235674416,0,0.968416258,0.432372015014127,NaN,NaN,NaN,NaN,NaN,NaN,NaN,NaN,NaN,NaN,NaN,NaN,NaN,,NaN,NaN,145.837241993106
47.75,0.0561251719999989,0,3.429558948,67.4786191040943,NaN,NaN,NaN,NaN,NaN,NaN,NaN,NaN,NaN,NaN,NaN,NaN,NaN,,NaN,NaN,146.099070599163,1.561579792,0,3.459087596,-0.0328728000602656,NaN,NaN,NaN,NaN,NaN,NaN,NaN,NaN,NaN,NaN,NaN,NaN,NaN,,NaN,NaN,147.780884817747,0.874551776,0,2.039998428,0.330125935915466,NaN,NaN,NaN,NaN,NaN,NaN,NaN,NaN,NaN,NaN,NaN,NaN,NaN,,NaN,NaN,145.564779012083,0.689744512,0,1.20417797,66.1546230272426,NaN,NaN,NaN,NaN,NaN,NaN,NaN,NaN,NaN,NaN,NaN,NaN,NaN,,NaN,NaN,144.549310928293,1.75043848,0,1.43849831,0.661056114609829,NaN,NaN,NaN,NaN,NaN,NaN,NaN,NaN,NaN,NaN,NaN,NaN,NaN,,NaN,NaN,145.825221085616,2.235674416,0,0.968416258,0.436264184533483,NaN,NaN,NaN,NaN,NaN,NaN,NaN,NaN,NaN,NaN,NaN,NaN,NaN,,NaN,NaN,145.837241993106
47.8333333333333,0.0561251719999989,0,3.429558948,67.2363743438521,NaN,NaN,NaN,NaN,NaN,NaN,NaN,NaN,NaN,NaN,NaN,NaN,NaN,,NaN,NaN,146.099070599163,1.561579792,0,3.459087596,-0.0244636331504101,NaN,NaN,NaN,NaN,NaN,NaN,NaN,NaN,NaN,NaN,NaN,NaN,NaN,,NaN,NaN,147.780884817747,0.874551776,0,2.039998428,0.396687592820407,NaN,NaN,NaN,NaN,NaN,NaN,NaN,NaN,NaN,NaN,NaN,NaN,NaN,,NaN,NaN,145.564779012083,0.689744512,0,1.20417797,65.8877564220822,NaN,NaN,NaN,NaN,NaN,NaN,NaN,NaN,NaN,NaN,NaN,NaN,NaN,,NaN,NaN,144.549310928293,1.75043848,0,1.43849831,0.664728058962731,NaN,NaN,NaN,NaN,NaN,NaN,NaN,NaN,NaN,NaN,NaN,NaN,NaN,,NaN,NaN,145.825221085616,2.235674416,0,0.968416258,0.470124909249483,NaN,NaN,NaN,NaN,NaN,NaN,NaN,NaN,NaN,NaN,NaN,NaN,NaN,,NaN,NaN,145.837241993106
47.9166666666667,0.0561251719999989,0,3.429558948,66.9975092690371,NaN,NaN,NaN,NaN,NaN,NaN,NaN,NaN,NaN,NaN,NaN,NaN,NaN,,NaN,NaN,146.099070599163,1.561579792,0,3.459087596,0.0195623947612326,NaN,NaN,NaN,NaN,NaN,NaN,NaN,NaN,NaN,NaN,NaN,NaN,NaN,,NaN,NaN,147.780884817747,0.874551776,0,2.039998428,0.437323066624299,NaN,NaN,NaN,NaN,NaN,NaN,NaN,NaN,NaN,NaN,NaN,NaN,NaN,,NaN,NaN,145.564779012083,0.689744512,0,1.20417797,65.6235390622882,NaN,NaN,NaN,NaN,NaN,NaN,NaN,NaN,NaN,NaN,NaN,NaN,NaN,,NaN,NaN,144.549310928293,1.75043848,0,1.43849831,0.663936809631507,NaN,NaN,NaN,NaN,NaN,NaN,NaN,NaN,NaN,NaN,NaN,NaN,NaN,,NaN,NaN,145.825221085616,2.235674416,0,0.968416258,0.490139888619243,NaN,NaN,NaN,NaN,NaN,NaN,NaN,NaN,NaN,NaN,NaN,NaN,NaN,,NaN,NaN,145.837241993106
48,0.0561251719999989,0,3.429558948,66.7121060321231,NaN,NaN,NaN,NaN,NaN,NaN,NaN,NaN,NaN,NaN,NaN,NaN,NaN,,NaN,NaN,146.099070599163,1.561579792,0,3.459087596,0.0592441016370141,NaN,NaN,NaN,NaN,NaN,NaN,NaN,NaN,NaN,NaN,NaN,NaN,NaN,,NaN,NaN,147.780884817747,0.874551776,0,2.039998428,0.419139527088688,NaN,NaN,NaN,NaN,NaN,NaN,NaN,NaN,NaN,NaN,NaN,NaN,NaN,,NaN,NaN,145.564779012083,0.689744512,0,1.20417797,65.3506952105066,NaN,NaN,NaN,NaN,NaN,NaN,NaN,NaN,NaN,NaN,NaN,NaN,NaN,,NaN,NaN,144.549310928293,1.75043848,0,1.43849831,0.664132615081647,NaN,NaN,NaN,NaN,NaN,NaN,NaN,NaN,NaN,NaN,NaN,NaN,NaN,,NaN,NaN,145.825221085616,2.235674416,0,0.968416258,0.481235794573446,NaN,NaN,NaN,NaN,NaN,NaN,NaN,NaN,NaN,NaN,NaN,NaN,NaN,,NaN,NaN,145.837241993106
48.0833333333333,0.0561251719999989,0,3.429558948,66.3904675108349,NaN,NaN,NaN,NaN,NaN,NaN,NaN,NaN,NaN,NaN,NaN,NaN,NaN,,NaN,NaN,146.099070599163,1.561579792,0,3.459087596,0.0814220759443198,NaN,NaN,NaN,NaN,NaN,NaN,NaN,NaN,NaN,NaN,NaN,NaN,NaN,,NaN,NaN,147.780884817747,0.874551776,0,2.039998428,0.447102529218561,NaN,NaN,NaN,NaN,NaN,NaN,NaN,NaN,NaN,NaN,NaN,NaN,NaN,,NaN,NaN,145.564779012083,0.689744512,0,1.20417797,65.1200979054944,NaN,NaN,NaN,NaN,NaN,NaN,NaN,NaN,NaN,NaN,NaN,NaN,NaN,,NaN,NaN,144.549310928293,1.75043848,0,1.43849831,0.666453855809599,NaN,NaN,NaN,NaN,NaN,NaN,NaN,NaN,NaN,NaN,NaN,NaN,NaN,,NaN,NaN,145.825221085616,2.235674416,0,0.968416258,0.473202178138865,NaN,NaN,NaN,NaN,NaN,NaN,NaN,NaN,NaN,NaN,NaN,NaN,NaN,,NaN,NaN,145.837241993106
48.1666666666667,0.0561251719999989,0,3.429558948,66.128372568712,NaN,NaN,NaN,NaN,NaN,NaN,NaN,NaN,NaN,NaN,NaN,NaN,NaN,,NaN,NaN,146.099070599163,1.561579792,0,3.459087596,0.142742480646935,NaN,NaN,NaN,NaN,NaN,NaN,NaN,NaN,NaN,NaN,NaN,NaN,NaN,,NaN,NaN,147.780884817747,0.874551776,0,2.039998428,0.471952659941729,NaN,NaN,NaN,NaN,NaN,NaN,NaN,NaN,NaN,NaN,NaN,NaN,NaN,,NaN,NaN,145.564779012083,0.689744512,0,1.20417797,64.8509345234678,NaN,NaN,NaN,NaN,NaN,NaN,NaN,NaN,NaN,NaN,NaN,NaN,NaN,,NaN,NaN,144.549310928293,1.75043848,0,1.43849831,0.652212980001399,NaN,NaN,NaN,NaN,NaN,NaN,NaN,NaN,NaN,NaN,NaN,NaN,NaN,,NaN,NaN,145.825221085616,2.235674416,0,0.968416258,0.444827488621119,NaN,NaN,NaN,NaN,NaN,NaN,NaN,NaN,NaN,NaN,NaN,NaN,NaN,,NaN,NaN,145.837241993106
48.25,0.0561251719999989,0,3.429558948,65.8186861099412,NaN,NaN,NaN,NaN,NaN,NaN,NaN,NaN,NaN,NaN,NaN,NaN,NaN,,NaN,NaN,146.099070599163,1.561579792,0,3.459087596,0.122512206965272,NaN,NaN,NaN,NaN,NaN,NaN,NaN,NaN,NaN,NaN,NaN,NaN,NaN,,NaN,NaN,147.780884817747,0.874551776,0,2.039998428,0.427678999643042,NaN,NaN,NaN,NaN,NaN,NaN,NaN,NaN,NaN,NaN,NaN,NaN,NaN,,NaN,NaN,145.564779012083,0.689744512,0,1.20417797,64.5305816362332,NaN,NaN,NaN,NaN,NaN,NaN,NaN,NaN,NaN,NaN,NaN,NaN,NaN,,NaN,NaN,144.549310928293,1.75043848,0,1.43849831,0.646811780843399,NaN,NaN,NaN,NaN,NaN,NaN,NaN,NaN,NaN,NaN,NaN,NaN,NaN,,NaN,NaN,145.825221085616,2.235674416,0,0.968416258,0.434555659619905,NaN,NaN,NaN,NaN,NaN,NaN,NaN,NaN,NaN,NaN,NaN,NaN,NaN,,NaN,NaN,145.837241993106
48.3333333333333,0.0561251719999989,0,3.429558948,65.4832134086651,NaN,NaN,NaN,NaN,NaN,NaN,NaN,NaN,NaN,NaN,NaN,NaN,NaN,,NaN,NaN,146.099070599163,1.561579792,0,3.459087596,0.09527205845968,NaN,NaN,NaN,NaN,NaN,NaN,NaN,NaN,NaN,NaN,NaN,NaN,NaN,,NaN,NaN,147.780884817747,0.874551776,0,2.039998428,0.391453491214595,NaN,NaN,NaN,NaN,NaN,NaN,NaN,NaN,NaN,NaN,NaN,NaN,NaN,,NaN,NaN,145.564779012083,0.689744512,0,1.20417797,64.2163802035422,NaN,NaN,NaN,NaN,NaN,NaN,NaN,NaN,NaN,NaN,NaN,NaN,NaN,,NaN,NaN,144.549310928293,1.75043848,0,1.43849831,0.656669890075346,NaN,NaN,NaN,NaN,NaN,NaN,NaN,NaN,NaN,NaN,NaN,NaN,NaN,,NaN,NaN,145.825221085616,2.235674416,0,0.968416258,0.428290066751639,NaN,NaN,NaN,NaN,NaN,NaN,NaN,NaN,NaN,NaN,NaN,NaN,NaN,,NaN,NaN,145.837241993106
48.4166666666667,0.0561251719999989,0,3.429558948,65.1618201846911,NaN,NaN,NaN,NaN,NaN,NaN,NaN,NaN,NaN,NaN,NaN,NaN,NaN,,NaN,NaN,146.099070599163,1.561579792,0,3.459087596,0.083510554484727,NaN,NaN,NaN,NaN,NaN,NaN,NaN,NaN,NaN,NaN,NaN,NaN,NaN,,NaN,NaN,147.780884817747,0.874551776,0,2.039998428,0.403555388449636,NaN,NaN,NaN,NaN,NaN,NaN,NaN,NaN,NaN,NaN,NaN,NaN,NaN,,NaN,NaN,145.564779012083,0.689744512,0,1.20417797,63.9320503734822,NaN,NaN,NaN,NaN,NaN,NaN,NaN,NaN,NaN,NaN,NaN,NaN,NaN,,NaN,NaN,144.549310928293,1.75043848,0,1.43849831,0.652338391750377,NaN,NaN,NaN,NaN,NaN,NaN,NaN,NaN,NaN,NaN,NaN,NaN,NaN,,NaN,NaN,145.825221085616,2.235674416,0,0.968416258,0.419114591038958,NaN,NaN,NaN,NaN,NaN,NaN,NaN,NaN,NaN,NaN,NaN,NaN,NaN,,NaN,NaN,145.837241993106
48.5,0.0561251719999989,0,3.429558948,64.9545226281147,NaN,NaN,NaN,NaN,NaN,NaN,NaN,NaN,NaN,NaN,NaN,NaN,NaN,,NaN,NaN,146.099070599163,1.561579792,0,3.459087596,0.0886610284762618,NaN,NaN,NaN,NaN,NaN,NaN,NaN,NaN,NaN,NaN,NaN,NaN,NaN,,NaN,NaN,147.780884817747,0.874551776,0,2.039998428,0.448250179604908,NaN,NaN,NaN,NaN,NaN,NaN,NaN,NaN,NaN,NaN,NaN,NaN,NaN,,NaN,NaN,145.564779012083,0.689744512,0,1.20417797,63.6452149105449,NaN,NaN,NaN,NaN,NaN,NaN,NaN,NaN,NaN,NaN,NaN,NaN,NaN,,NaN,NaN,144.549310928293,1.75043848,0,1.43849831,0.660296127432743,NaN,NaN,NaN,NaN,NaN,NaN,NaN,NaN,NaN,NaN,NaN,NaN,NaN,,NaN,NaN,145.825221085616,2.235674416,0,0.968416258,0.45160974093852,NaN,NaN,NaN,NaN,NaN,NaN,NaN,NaN,NaN,NaN,NaN,NaN,NaN,,NaN,NaN,145.837241993106
48.5833333333333,0.0561251719999989,0,3.429558948,64.7354335152245,NaN,NaN,NaN,NaN,NaN,NaN,NaN,NaN,NaN,NaN,NaN,NaN,NaN,,NaN,NaN,146.099070599163,1.561579792,0,3.459087596,0.0957714918484841,NaN,NaN,NaN,NaN,NaN,NaN,NaN,NaN,NaN,NaN,NaN,NaN,NaN,,NaN,NaN,147.780884817747,0.874551776,0,2.039998428,0.443522255114513,NaN,NaN,NaN,NaN,NaN,NaN,NaN,NaN,NaN,NaN,NaN,NaN,NaN,,NaN,NaN,145.564779012083,0.689744512,0,1.20417797,63.3627009886583,NaN,NaN,NaN,NaN,NaN,NaN,NaN,NaN,NaN,NaN,NaN,NaN,NaN,,NaN,NaN,144.549310928293,1.75043848,0,1.43849831,0.656240945766858,NaN,NaN,NaN,NaN,NaN,NaN,NaN,NaN,NaN,NaN,NaN,NaN,NaN,,NaN,NaN,145.825221085616,2.235674416,0,0.968416258,0.45888795452202,NaN,NaN,NaN,NaN,NaN,NaN,NaN,NaN,NaN,NaN,NaN,NaN,NaN,,NaN,NaN,145.837241993106
48.6666666666667,0.0561251719999989,0,3.429558948,64.4169508776504,NaN,NaN,NaN,NaN,NaN,NaN,NaN,NaN,NaN,NaN,NaN,NaN,NaN,,NaN,NaN,146.099070599163,1.561579792,0,3.459087596,0.0694644627559356,NaN,NaN,NaN,NaN,NaN,NaN,NaN,NaN,NaN,NaN,NaN,NaN,NaN,,NaN,NaN,147.780884817747,0.874551776,0,2.039998428,0.359362314396639,NaN,NaN,NaN,NaN,NaN,NaN,NaN,NaN,NaN,NaN,NaN,NaN,NaN,,NaN,NaN,145.564779012083,0.689744512,0,1.20417797,63.0402800636461,NaN,NaN,NaN,NaN,NaN,NaN,NaN,NaN,NaN,NaN,NaN,NaN,NaN,,NaN,NaN,144.549310928293,1.75043848,0,1.43849831,0.641231742442815,NaN,NaN,NaN,NaN,NaN,NaN,NaN,NaN,NaN,NaN,NaN,NaN,NaN,,NaN,NaN,145.825221085616,2.235674416,0,0.968416258,0.43814236480772,NaN,NaN,NaN,NaN,NaN,NaN,NaN,NaN,NaN,NaN,NaN,NaN,NaN,,NaN,NaN,145.837241993106
48.75,0.0561251719999989,0,3.429558948,64.0148637432413,NaN,NaN,NaN,NaN,NaN,NaN,NaN,NaN,NaN,NaN,NaN,NaN,NaN,,NaN,NaN,146.099070599163,1.561579792,0,3.459087596,0.0314813008980618,NaN,NaN,NaN,NaN,NaN,NaN,NaN,NaN,NaN,NaN,NaN,NaN,NaN,,NaN,NaN,147.780884817747,0.874551776,0,2.039998428,0.326401300703249,NaN,NaN,NaN,NaN,NaN,NaN,NaN,NaN,NaN,NaN,NaN,NaN,NaN,,NaN,NaN,145.564779012083,0.689744512,0,1.20417797,62.7095306149541,NaN,NaN,NaN,NaN,NaN,NaN,NaN,NaN,NaN,NaN,NaN,NaN,NaN,,NaN,NaN,144.549310928293,1.75043848,0,1.43849831,0.642382170667613,NaN,NaN,NaN,NaN,NaN,NaN,NaN,NaN,NaN,NaN,NaN,NaN,NaN,,NaN,NaN,145.825221085616,2.235674416,0,0.968416258,0.415749210283583,NaN,NaN,NaN,NaN,NaN,NaN,NaN,NaN,NaN,NaN,NaN,NaN,NaN,,NaN,NaN,145.837241993106
48.8333333333333,0.0561251719999989,0,3.429558948,63.6386459742611,NaN,NaN,NaN,NaN,NaN,NaN,NaN,NaN,NaN,NaN,NaN,NaN,NaN,,NaN,NaN,146.099070599163,1.561579792,0,3.459087596,-0.00199818852423227,NaN,NaN,NaN,NaN,NaN,NaN,NaN,NaN,NaN,NaN,NaN,NaN,NaN,,NaN,NaN,147.780884817747,0.874551776,0,2.039998428,0.289280972731429,NaN,NaN,NaN,NaN,NaN,NaN,NaN,NaN,NaN,NaN,NaN,NaN,NaN,,NaN,NaN,145.564779012083,0.689744512,0,1.20417797,62.328124333748,NaN,NaN,NaN,NaN,NaN,NaN,NaN,NaN,NaN,NaN,NaN,NaN,NaN,,NaN,NaN,144.549310928293,1.75043848,0,1.43849831,0.635096518980308,NaN,NaN,NaN,NaN,NaN,NaN,NaN,NaN,NaN,NaN,NaN,NaN,NaN,,NaN,NaN,145.825221085616,2.235674416,0,0.968416258,0.393970524999781,NaN,NaN,NaN,NaN,NaN,NaN,NaN,NaN,NaN,NaN,NaN,NaN,NaN,,NaN,NaN,145.837241993106
48.9166666666667,0.0561251719999989,0,3.429558948,63.2024176479556,NaN,NaN,NaN,NaN,NaN,NaN,NaN,NaN,NaN,NaN,NaN,NaN,NaN,,NaN,NaN,146.099070599163,1.561579792,0,3.459087596,-0.114909079776322,NaN,NaN,NaN,NaN,NaN,NaN,NaN,NaN,NaN,NaN,NaN,NaN,NaN,,NaN,NaN,147.780884817747,0.874551776,0,2.039998428,0.215593849413398,NaN,NaN,NaN,NaN,NaN,NaN,NaN,NaN,NaN,NaN,NaN,NaN,NaN,,NaN,NaN,145.564779012083,0.689744512,0,1.20417797,61.9333570041926,NaN,NaN,NaN,NaN,NaN,NaN,NaN,NaN,NaN,NaN,NaN,NaN,NaN,,NaN,NaN,144.549310928293,1.75043848,0,1.43849831,0.641130271463341,NaN,NaN,NaN,NaN,NaN,NaN,NaN,NaN,NaN,NaN,NaN,NaN,NaN,,NaN,NaN,145.825221085616,2.235674416,0,0.968416258,0.402897121709725,NaN,NaN,NaN,NaN,NaN,NaN,NaN,NaN,NaN,NaN,NaN,NaN,NaN,,NaN,NaN,145.837241993106
49,0.0561251719999989,0,3.429558948,62.81871980876,NaN,NaN,NaN,NaN,NaN,NaN,NaN,NaN,NaN,NaN,NaN,NaN,NaN,,NaN,NaN,146.099070599163,1.561579792,0,3.459087596,-0.155879044442569,NaN,NaN,NaN,NaN,NaN,NaN,NaN,NaN,NaN,NaN,NaN,NaN,NaN,,NaN,NaN,147.780884817747,0.874551776,0,2.039998428,0.222750802605772,NaN,NaN,NaN,NaN,NaN,NaN,NaN,NaN,NaN,NaN,NaN,NaN,NaN,,NaN,NaN,145.564779012083,0.689744512,0,1.20417797,61.6159747234758,NaN,NaN,NaN,NaN,NaN,NaN,NaN,NaN,NaN,NaN,NaN,NaN,NaN,,NaN,NaN,144.549310928293,1.75043848,0,1.43849831,0.646391813005515,NaN,NaN,NaN,NaN,NaN,NaN,NaN,NaN,NaN,NaN,NaN,NaN,NaN,,NaN,NaN,145.825221085616,2.235674416,0,0.968416258,0.409114845759455,NaN,NaN,NaN,NaN,NaN,NaN,NaN,NaN,NaN,NaN,NaN,NaN,NaN,,NaN,NaN,145.837241993106
49.0833333333333,0.0561251719999989,0,3.429558948,62.5068817072705,NaN,NaN,NaN,NaN,NaN,NaN,NaN,NaN,NaN,NaN,NaN,NaN,NaN,,NaN,NaN,146.099070599163,1.561579792,0,3.459087596,-0.140937331564209,NaN,NaN,NaN,NaN,NaN,NaN,NaN,NaN,NaN,NaN,NaN,NaN,NaN,,NaN,NaN,147.780884817747,0.874551776,0,2.039998428,0.276444457509991,NaN,NaN,NaN,NaN,NaN,NaN,NaN,NaN,NaN,NaN,NaN,NaN,NaN,,NaN,NaN,145.564779012083,0.689744512,0,1.20417797,61.3592856520347,NaN,NaN,NaN,NaN,NaN,NaN,NaN,NaN,NaN,NaN,NaN,NaN,NaN,,NaN,NaN,144.549310928293,1.75043848,0,1.43849831,0.672695186327804,NaN,NaN,NaN,NaN,NaN,NaN,NaN,NaN,NaN,NaN,NaN,NaN,NaN,,NaN,NaN,145.825221085616,2.235674416,0,0.968416258,0.443571717386181,NaN,NaN,NaN,NaN,NaN,NaN,NaN,NaN,NaN,NaN,NaN,NaN,NaN,,NaN,NaN,145.837241993106
49.1666666666667,0.0561251719999989,0,3.429558948,62.3416779300134,NaN,NaN,NaN,NaN,NaN,NaN,NaN,NaN,NaN,NaN,NaN,NaN,NaN,,NaN,NaN,146.099070599163,1.561579792,0,3.459087596,-0.0785390651731294,NaN,NaN,NaN,NaN,NaN,NaN,NaN,NaN,NaN,NaN,NaN,NaN,NaN,,NaN,NaN,147.780884817747,0.874551776,0,2.039998428,0.373981566962821,NaN,NaN,NaN,NaN,NaN,NaN,NaN,NaN,NaN,NaN,NaN,NaN,NaN,,NaN,NaN,145.564779012083,0.689744512,0,1.20417797,61.1622208134294,NaN,NaN,NaN,NaN,NaN,NaN,NaN,NaN,NaN,NaN,NaN,NaN,NaN,,NaN,NaN,144.549310928293,1.75043848,0,1.43849831,0.668899002816622,NaN,NaN,NaN,NaN,NaN,NaN,NaN,NaN,NaN,NaN,NaN,NaN,NaN,,NaN,NaN,145.825221085616,2.235674416,0,0.968416258,0.472879140845188,NaN,NaN,NaN,NaN,NaN,NaN,NaN,NaN,NaN,NaN,NaN,NaN,NaN,,NaN,NaN,145.837241993106
49.25,0.0561251719999989,0,3.429558948,62.2145230370931,NaN,NaN,NaN,NaN,NaN,NaN,NaN,NaN,NaN,NaN,NaN,NaN,NaN,,NaN,NaN,146.099070599163,1.561579792,0,3.459087596,0.011238015476893,NaN,NaN,NaN,NaN,NaN,NaN,NaN,NaN,NaN,NaN,NaN,NaN,NaN,,NaN,NaN,147.780884817747,0.874551776,0,2.039998428,0.445608125066911,NaN,NaN,NaN,NaN,NaN,NaN,NaN,NaN,NaN,NaN,NaN,NaN,NaN,,NaN,NaN,145.564779012083,0.689744512,0,1.20417797,60.9196996919842,NaN,NaN,NaN,NaN,NaN,NaN,NaN,NaN,NaN,NaN,NaN,NaN,NaN,,NaN,NaN,144.549310928293,1.75043848,0,1.43849831,0.631667459519912,NaN,NaN,NaN,NaN,NaN,NaN,NaN,NaN,NaN,NaN,NaN,NaN,NaN,,NaN,NaN,145.825221085616,2.235674416,0,0.968416258,0.4039635622583,NaN,NaN,NaN,NaN,NaN,NaN,NaN,NaN,NaN,NaN,NaN,NaN,NaN,,NaN,NaN,145.837241993106
49.3333333333333,0.0561251719999989,0,3.429558948,61.9294349435278,NaN,NaN,NaN,NaN,NaN,NaN,NaN,NaN,NaN,NaN,NaN,NaN,NaN,,NaN,NaN,146.099070599163,1.561579792,0,3.459087596,-0.0410374945915335,NaN,NaN,NaN,NaN,NaN,NaN,NaN,NaN,NaN,NaN,NaN,NaN,NaN,,NaN,NaN,147.780884817747,0.874551776,0,2.039998428,0.311458942655261,NaN,NaN,NaN,NaN,NaN,NaN,NaN,NaN,NaN,NaN,NaN,NaN,NaN,,NaN,NaN,145.564779012083,0.689744512,0,1.20417797,60.4748405119121,NaN,NaN,NaN,NaN,NaN,NaN,NaN,NaN,NaN,NaN,NaN,NaN,NaN,,NaN,NaN,144.549310928293,1.75043848,0,1.43849831,0.610869027703824,NaN,NaN,NaN,NaN,NaN,NaN,NaN,NaN,NaN,NaN,NaN,NaN,NaN,,NaN,NaN,145.825221085616,2.235674416,0,0.968416258,0.35088821416207,NaN,NaN,NaN,NaN,NaN,NaN,NaN,NaN,NaN,NaN,NaN,NaN,NaN,,NaN,NaN,145.837241993106
49.4166666666667,0.0561251719999989,0,3.429558948,61.347365035954,NaN,NaN,NaN,NaN,NaN,NaN,NaN,NaN,NaN,NaN,NaN,NaN,NaN,,NaN,NaN,146.099070599163,1.561579792,0,3.459087596,-0.194971903267855,NaN,NaN,NaN,NaN,NaN,NaN,NaN,NaN,NaN,NaN,NaN,NaN,NaN,,NaN,NaN,147.780884817747,0.874551776,0,2.039998428,0.178711083029239,NaN,NaN,NaN,NaN,NaN,NaN,NaN,NaN,NaN,NaN,NaN,NaN,NaN,,NaN,NaN,145.564779012083,0.689744512,0,1.20417797,60.0495484194668,NaN,NaN,NaN,NaN,NaN,NaN,NaN,NaN,NaN,NaN,NaN,NaN,NaN,,NaN,NaN,144.549310928293,1.75043848,0,1.43849831,0.627504591576066,NaN,NaN,NaN,NaN,NaN,NaN,NaN,NaN,NaN,NaN,NaN,NaN,NaN,,NaN,NaN,145.825221085616,2.235674416,0,0.968416258,0.377154320822695,NaN,NaN,NaN,NaN,NaN,NaN,NaN,NaN,NaN,NaN,NaN,NaN,NaN,,NaN,NaN,145.837241993106
49.5,0.0561251719999989,0,3.429558948,60.9108018777889,NaN,NaN,NaN,NaN,NaN,NaN,NaN,NaN,NaN,NaN,NaN,NaN,NaN,,NaN,NaN,146.099070599163,1.561579792,0,3.459087596,-0.260520623709036,NaN,NaN,NaN,NaN,NaN,NaN,NaN,NaN,NaN,NaN,NaN,NaN,NaN,,NaN,NaN,147.780884817747,0.874551776,0,2.039998428,0.182440495944574,NaN,NaN,NaN,NaN,NaN,NaN,NaN,NaN,NaN,NaN,NaN,NaN,NaN,,NaN,NaN,145.564779012083,0.689744512,0,1.20417797,59.7274296941782,NaN,NaN,NaN,NaN,NaN,NaN,NaN,NaN,NaN,NaN,NaN,NaN,NaN,,NaN,NaN,144.549310928293,1.75043848,0,1.43849831,0.63902033101436,NaN,NaN,NaN,NaN,NaN,NaN,NaN,NaN,NaN,NaN,NaN,NaN,NaN,,NaN,NaN,145.825221085616,2.235674416,0,0.968416258,0.394187720814578,NaN,NaN,NaN,NaN,NaN,NaN,NaN,NaN,NaN,NaN,NaN,NaN,NaN,,NaN,NaN,145.837241993106
49.5833333333333,0.0561251719999989,0,3.429558948,60.5861344187058,NaN,NaN,NaN,NaN,NaN,NaN,NaN,NaN,NaN,NaN,NaN,NaN,NaN,,NaN,NaN,146.099070599163,1.561579792,0,3.459087596,-0.273227117209008,NaN,NaN,NaN,NaN,NaN,NaN,NaN,NaN,NaN,NaN,NaN,NaN,NaN,,NaN,NaN,147.780884817747,0.874551776,0,2.039998428,0.218722841953372,NaN,NaN,NaN,NaN,NaN,NaN,NaN,NaN,NaN,NaN,NaN,NaN,NaN,,NaN,NaN,145.564779012083,0.689744512,0,1.20417797,59.4760031994457,NaN,NaN,NaN,NaN,NaN,NaN,NaN,NaN,NaN,NaN,NaN,NaN,NaN,,NaN,NaN,144.549310928293,1.75043848,0,1.43849831,0.646562131648835,NaN,NaN,NaN,NaN,NaN,NaN,NaN,NaN,NaN,NaN,NaN,NaN,NaN,,NaN,NaN,145.825221085616,2.235674416,0,0.968416258,0.418297542662658,NaN,NaN,NaN,NaN,NaN,NaN,NaN,NaN,NaN,NaN,NaN,NaN,NaN,,NaN,NaN,145.837241993106
49.6666666666667,0.0561251719999989,0,3.429558948,60.3709013205656,NaN,NaN,NaN,NaN,NaN,NaN,NaN,NaN,NaN,NaN,NaN,NaN,NaN,,NaN,NaN,146.099070599163,1.561579792,0,3.459087596,-0.197187166885726,NaN,NaN,NaN,NaN,NaN,NaN,NaN,NaN,NaN,NaN,NaN,NaN,NaN,,NaN,NaN,147.780884817747,0.874551776,0,2.039998428,0.31855882605595,NaN,NaN,NaN,NaN,NaN,NaN,NaN,NaN,NaN,NaN,NaN,NaN,NaN,,NaN,NaN,145.564779012083,0.689744512,0,1.20417797,59.2543265027618,NaN,NaN,NaN,NaN,NaN,NaN,NaN,NaN,NaN,NaN,NaN,NaN,NaN,,NaN,NaN,144.549310928293,1.75043848,0,1.43849831,0.653909618080719,NaN,NaN,NaN,NaN,NaN,NaN,NaN,NaN,NaN,NaN,NaN,NaN,NaN,,NaN,NaN,145.825221085616,2.235674416,0,0.968416258,0.445025087109696,NaN,NaN,NaN,NaN,NaN,NaN,NaN,NaN,NaN,NaN,NaN,NaN,NaN,,NaN,NaN,145.837241993106
49.75,0.0561251719999989,0,3.429558948,60.143425383949,NaN,NaN,NaN,NaN,NaN,NaN,NaN,NaN,NaN,NaN,NaN,NaN,NaN,,NaN,NaN,146.099070599163,1.561579792,0,3.459087596,-0.136766309709404,NaN,NaN,NaN,NaN,NaN,NaN,NaN,NaN,NaN,NaN,NaN,NaN,NaN,,NaN,NaN,147.780884817747,0.874551776,0,2.039998428,0.404673800178039,NaN,NaN,NaN,NaN,NaN,NaN,NaN,NaN,NaN,NaN,NaN,NaN,NaN,,NaN,NaN,145.564779012083,0.689744512,0,1.20417797,59.124360145523,NaN,NaN,NaN,NaN,NaN,NaN,NaN,NaN,NaN,NaN,NaN,NaN,NaN,,NaN,NaN,144.549310928293,1.75043848,0,1.43849831,0.676080128047346,NaN,NaN,NaN,NaN,NaN,NaN,NaN,NaN,NaN,NaN,NaN,NaN,NaN,,NaN,NaN,145.825221085616,2.235674416,0,0.968416258,0.475008221649838,NaN,NaN,NaN,NaN,NaN,NaN,NaN,NaN,NaN,NaN,NaN,NaN,NaN,,NaN,NaN,145.837241993106
49.8333333333333,0.0561251719999989,0,3.429558948,60.1028904720766,NaN,NaN,NaN,NaN,NaN,NaN,NaN,NaN,NaN,NaN,NaN,NaN,NaN,,NaN,NaN,146.099070599163,1.561579792,0,3.459087596,0.0406348440922238,NaN,NaN,NaN,NaN,NaN,NaN,NaN,NaN,NaN,NaN,NaN,NaN,NaN,,NaN,NaN,147.780884817747,0.874551776,0,2.039998428,0.547493549477117,NaN,NaN,NaN,NaN,NaN,NaN,NaN,NaN,NaN,NaN,NaN,NaN,NaN,,NaN,NaN,145.564779012083,0.689744512,0,1.20417797,58.9913327018419,NaN,NaN,NaN,NaN,NaN,NaN,NaN,NaN,NaN,NaN,NaN,NaN,NaN,,NaN,NaN,144.549310928293,1.75043848,0,1.43849831,0.663004080268444,NaN,NaN,NaN,NaN,NaN,NaN,NaN,NaN,NaN,NaN,NaN,NaN,NaN,,NaN,NaN,145.825221085616,2.235674416,0,0.968416258,0.463028908650106,NaN,NaN,NaN,NaN,NaN,NaN,NaN,NaN,NaN,NaN,NaN,NaN,NaN,,NaN,NaN,145.837241993106
49.9166666666667,0.0561251719999989,0,3.429558948,60.0483287654855,NaN,NaN,NaN,NaN,NaN,NaN,NaN,NaN,NaN,NaN,NaN,NaN,NaN,,NaN,NaN,146.099070599163,1.561579792,0,3.459087596,0.144656254760997,NaN,NaN,NaN,NaN,NaN,NaN,NaN,NaN,NaN,NaN,NaN,NaN,NaN,,NaN,NaN,147.780884817747,0.874551776,0,2.039998428,0.57181230690735,NaN,NaN,NaN,NaN,NaN,NaN,NaN,NaN,NaN,NaN,NaN,NaN,NaN,,NaN,NaN,145.564779012083,0.689744512,0,1.20417797,58.7873794634848,NaN,NaN,NaN,NaN,NaN,NaN,NaN,NaN,NaN,NaN,NaN,NaN,NaN,,NaN,NaN,144.549310928293,1.75043848,0,1.43849831,0.633603126461825,NaN,NaN,NaN,NaN,NaN,NaN,NaN,NaN,NaN,NaN,NaN,NaN,NaN,,NaN,NaN,145.825221085616,2.235674416,0,0.968416258,0.403506984538413,NaN,NaN,NaN,NaN,NaN,NaN,NaN,NaN,NaN,NaN,NaN,NaN,NaN,,NaN,NaN,145.837241993106
50,0.0561251719999989,0,3.429558948,59.7810790068926,NaN,NaN,NaN,NaN,NaN,NaN,NaN,NaN,NaN,NaN,NaN,NaN,NaN,,NaN,NaN,146.099070599163,1.561579792,0,3.459087596,0.125791501668518,NaN,NaN,NaN,NaN,NaN,NaN,NaN,NaN,NaN,NaN,NaN,NaN,NaN,,NaN,NaN,147.780884817747,0.874551776,0,2.039998428,0.42434917172416,NaN,NaN,NaN,NaN,NaN,NaN,NaN,NaN,NaN,NaN,NaN,NaN,NaN,,NaN,NaN,145.564779012083,0.689744512,0,1.20417797,58.3801230577506,NaN,NaN,NaN,NaN,NaN,NaN,NaN,NaN,NaN,NaN,NaN,NaN,NaN,,NaN,NaN,144.549310928293,1.75043848,0,1.43849831,0.620425942838957,NaN,NaN,NaN,NaN,NaN,NaN,NaN,NaN,NaN,NaN,NaN,NaN,NaN,,NaN,NaN,145.825221085616,2.235674416,0,0.968416258,0.370510220434584,NaN,NaN,NaN,NaN,NaN,NaN,NaN,NaN,NaN,NaN,NaN,NaN,NaN,,NaN,NaN,145.837241993106
50.0833333333333,0.0561251719999989,0,3.429558948,59.2288621109643,NaN,NaN,NaN,NaN,NaN,NaN,NaN,NaN,NaN,NaN,NaN,NaN,NaN,,NaN,NaN,146.099070599163,1.561579792,0,3.459087596,-0.0333445125765883,NaN,NaN,NaN,NaN,NaN,NaN,NaN,NaN,NaN,NaN,NaN,NaN,NaN,,NaN,NaN,147.780884817747,0.874551776,0,2.039998428,0.29840549750867,NaN,NaN,NaN,NaN,NaN,NaN,NaN,NaN,NaN,NaN,NaN,NaN,NaN,,NaN,NaN,145.564779012083,0.689744512,0,1.20417797,58.0078313244051,NaN,NaN,NaN,NaN,NaN,NaN,NaN,NaN,NaN,NaN,NaN,NaN,NaN,,NaN,NaN,144.549310928293,1.75043848,0,1.43849831,0.642974341302111,NaN,NaN,NaN,NaN,NaN,NaN,NaN,NaN,NaN,NaN,NaN,NaN,NaN,,NaN,NaN,145.825221085616,2.235674416,0,0.968416258,0.401456347507906,NaN,NaN,NaN,NaN,NaN,NaN,NaN,NaN,NaN,NaN,NaN,NaN,NaN,,NaN,NaN,145.837241993106
50.1666666666667,0.0561251719999989,0,3.429558948,58.8632186361822,NaN,NaN,NaN,NaN,NaN,NaN,NaN,NaN,NaN,NaN,NaN,NaN,NaN,,NaN,NaN,146.099070599163,1.561579792,0,3.459087596,-0.0723228378987991,NaN,NaN,NaN,NaN,NaN,NaN,NaN,NaN,NaN,NaN,NaN,NaN,NaN,,NaN,NaN,147.780884817747,0.874551776,0,2.039998428,0.329308069999128,NaN,NaN,NaN,NaN,NaN,NaN,NaN,NaN,NaN,NaN,NaN,NaN,NaN,,NaN,NaN,145.564779012083,0.689744512,0,1.20417797,57.798090516562,NaN,NaN,NaN,NaN,NaN,NaN,NaN,NaN,NaN,NaN,NaN,NaN,NaN,,NaN,NaN,144.549310928293,1.75043848,0,1.43849831,0.647128693938003,NaN,NaN,NaN,NaN,NaN,NaN,NaN,NaN,NaN,NaN,NaN,NaN,NaN,,NaN,NaN,145.825221085616,2.235674416,0,0.968416258,0.414749961141827,NaN,NaN,NaN,NaN,NaN,NaN,NaN,NaN,NaN,NaN,NaN,NaN,NaN,,NaN,NaN,145.837241993106
50.25,0.0561251719999989,0,3.429558948,58.6660534934345,NaN,NaN,NaN,NaN,NaN,NaN,NaN,NaN,NaN,NaN,NaN,NaN,NaN,,NaN,NaN,146.099070599163,1.561579792,0,3.459087596,-0.0131861425644375,NaN,NaN,NaN,NaN,NaN,NaN,NaN,NaN,NaN,NaN,NaN,NaN,NaN,,NaN,NaN,147.780884817747,0.874551776,0,2.039998428,0.359740463026584,NaN,NaN,NaN,NaN,NaN,NaN,NaN,NaN,NaN,NaN,NaN,NaN,NaN,,NaN,NaN,145.564779012083,0.689744512,0,1.20417797,57.5221363112272,NaN,NaN,NaN,NaN,NaN,NaN,NaN,NaN,NaN,NaN,NaN,NaN,NaN,,NaN,NaN,144.549310928293,1.75043848,0,1.43849831,0.633680169813229,NaN,NaN,NaN,NaN,NaN,NaN,NaN,NaN,NaN,NaN,NaN,NaN,NaN,,NaN,NaN,145.825221085616,2.235674416,0,0.968416258,0.393267896483251,NaN,NaN,NaN,NaN,NaN,NaN,NaN,NaN,NaN,NaN,NaN,NaN,NaN,,NaN,NaN,145.837241993106
50.3333333333333,0.0561251719999989,0,3.429558948,58.354893150504,NaN,NaN,NaN,NaN,NaN,NaN,NaN,NaN,NaN,NaN,NaN,NaN,NaN,,NaN,NaN,146.099070599163,1.561579792,0,3.459087596,-0.0538338352244784,NaN,NaN,NaN,NaN,NaN,NaN,NaN,NaN,NaN,NaN,NaN,NaN,NaN,,NaN,NaN,147.780884817747,0.874551776,0,2.039998428,0.322069777881212,NaN,NaN,NaN,NaN,NaN,NaN,NaN,NaN,NaN,NaN,NaN,NaN,NaN,,NaN,NaN,145.564779012083,0.689744512,0,1.20417797,57.2075988359743,NaN,NaN,NaN,NaN,NaN,NaN,NaN,NaN,NaN,NaN,NaN,NaN,NaN,,NaN,NaN,144.549310928293,1.75043848,0,1.43849831,0.641102013703905,NaN,NaN,NaN,NaN,NaN,NaN,NaN,NaN,NaN,NaN,NaN,NaN,NaN,,NaN,NaN,145.825221085616,2.235674416,0,0.968416258,0.419095339518651,NaN,NaN,NaN,NaN,NaN,NaN,NaN,NaN,NaN,NaN,NaN,NaN,NaN,,NaN,NaN,145.837241993106
50.4166666666667,0.0561251719999989,0,3.429558948,58.0405167843987,NaN,NaN,NaN,NaN,NaN,NaN,NaN,NaN,NaN,NaN,NaN,NaN,NaN,,NaN,NaN,146.099070599163,1.561579792,0,3.459087596,-0.05969434016559,NaN,NaN,NaN,NaN,NaN,NaN,NaN,NaN,NaN,NaN,NaN,NaN,NaN,,NaN,NaN,147.780884817747,0.874551776,0,2.039998428,0.346966851222285,NaN,NaN,NaN,NaN,NaN,NaN,NaN,NaN,NaN,NaN,NaN,NaN,NaN,,NaN,NaN,145.564779012083,0.689744512,0,1.20417797,57.0035741072144,NaN,NaN,NaN,NaN,NaN,NaN,NaN,NaN,NaN,NaN,NaN,NaN,NaN,,NaN,NaN,144.549310928293,1.75043848,0,1.43849831,0.670217956951682,NaN,NaN,NaN,NaN,NaN,NaN,NaN,NaN,NaN,NaN,NaN,NaN,NaN,,NaN,NaN,145.825221085616,2.235674416,0,0.968416258,0.446466784040464,NaN,NaN,NaN,NaN,NaN,NaN,NaN,NaN,NaN,NaN,NaN,NaN,NaN,,NaN,NaN,145.837241993106
50.5,0.0561251719999989,0,3.429558948,57.9579394112385,NaN,NaN,NaN,NaN,NaN,NaN,NaN,NaN,NaN,NaN,NaN,NaN,NaN,,NaN,NaN,146.099070599163,1.561579792,0,3.459087596,0.0434951054767112,NaN,NaN,NaN,NaN,NaN,NaN,NaN,NaN,NaN,NaN,NaN,NaN,NaN,,NaN,NaN,147.780884817747,0.874551776,0,2.039998428,0.458331415210653,NaN,NaN,NaN,NaN,NaN,NaN,NaN,NaN,NaN,NaN,NaN,NaN,NaN,,NaN,NaN,145.564779012083,0.689744512,0,1.20417797,56.8335196229168,NaN,NaN,NaN,NaN,NaN,NaN,NaN,NaN,NaN,NaN,NaN,NaN,NaN,,NaN,NaN,144.549310928293,1.75043848,0,1.43849831,0.655680622371215,NaN,NaN,NaN,NaN,NaN,NaN,NaN,NaN,NaN,NaN,NaN,NaN,NaN,,NaN,NaN,145.825221085616,2.235674416,0,0.968416258,0.437570564699443,NaN,NaN,NaN,NaN,NaN,NaN,NaN,NaN,NaN,NaN,NaN,NaN,NaN,,NaN,NaN,145.837241993106
50.5833333333333,0.0561251719999989,0,3.429558948,57.8492263515023,NaN,NaN,NaN,NaN,NaN,NaN,NaN,NaN,NaN,NaN,NaN,NaN,NaN,,NaN,NaN,146.099070599163,1.561579792,0,3.459087596,0.10868971097685,NaN,NaN,NaN,NaN,NaN,NaN,NaN,NaN,NaN,NaN,NaN,NaN,NaN,,NaN,NaN,147.780884817747,0.874551776,0,2.039998428,0.469017945299344,NaN,NaN,NaN,NaN,NaN,NaN,NaN,NaN,NaN,NaN,NaN,NaN,NaN,,NaN,NaN,145.564779012083,0.689744512,0,1.20417797,56.588437344595,NaN,NaN,NaN,NaN,NaN,NaN,NaN,NaN,NaN,NaN,NaN,NaN,NaN,,NaN,NaN,144.549310928293,1.75043848,0,1.43849831,0.615306469309935,NaN,NaN,NaN,NaN,NaN,NaN,NaN,NaN,NaN,NaN,NaN,NaN,NaN,,NaN,NaN,145.825221085616,2.235674416,0,0.968416258,0.374988290965045,NaN,NaN,NaN,NaN,NaN,NaN,NaN,NaN,NaN,NaN,NaN,NaN,NaN,,NaN,NaN,145.837241993106
50.6666666666667,0.0561251719999989,0,3.429558948,57.550661623001,NaN,NaN,NaN,NaN,NaN,NaN,NaN,NaN,NaN,NaN,NaN,NaN,NaN,,NaN,NaN,146.099070599163,1.561579792,0,3.459087596,0.0526464627509617,NaN,NaN,NaN,NaN,NaN,NaN,NaN,NaN,NaN,NaN,NaN,NaN,NaN,,NaN,NaN,147.780884817747,0.874551776,0,2.039998428,0.34261590480456,NaN,NaN,NaN,NaN,NaN,NaN,NaN,NaN,NaN,NaN,NaN,NaN,NaN,,NaN,NaN,145.564779012083,0.689744512,0,1.20417797,56.1355377721907,NaN,NaN,NaN,NaN,NaN,NaN,NaN,NaN,NaN,NaN,NaN,NaN,NaN,,NaN,NaN,144.549310928293,1.75043848,0,1.43849831,0.618722701969064,NaN,NaN,NaN,NaN,NaN,NaN,NaN,NaN,NaN,NaN,NaN,NaN,NaN,,NaN,NaN,145.825221085616,2.235674416,0,0.968416258,0.373972774404033,NaN,NaN,NaN,NaN,NaN,NaN,NaN,NaN,NaN,NaN,NaN,NaN,NaN,,NaN,NaN,145.837241993106
50.75,0.0561251719999989,0,3.429558948,56.9793514892907,NaN,NaN,NaN,NaN,NaN,NaN,NaN,NaN,NaN,NaN,NaN,NaN,NaN,,NaN,NaN,146.099070599163,1.561579792,0,3.459087596,-0.113846215283818,NaN,NaN,NaN,NaN,NaN,NaN,NaN,NaN,NaN,NaN,NaN,NaN,NaN,,NaN,NaN,147.780884817747,0.874551776,0,2.039998428,0.236209984222274,NaN,NaN,NaN,NaN,NaN,NaN,NaN,NaN,NaN,NaN,NaN,NaN,NaN,,NaN,NaN,145.564779012083,0.689744512,0,1.20417797,55.8284420895569,NaN,NaN,NaN,NaN,NaN,NaN,NaN,NaN,NaN,NaN,NaN,NaN,NaN,,NaN,NaN,144.549310928293,1.75043848,0,1.43849831,0.629744113986687,NaN,NaN,NaN,NaN,NaN,NaN,NaN,NaN,NaN,NaN,NaN,NaN,NaN,,NaN,NaN,145.825221085616,2.235674416,0,0.968416258,0.380888154351686,NaN,NaN,NaN,NaN,NaN,NaN,NaN,NaN,NaN,NaN,NaN,NaN,NaN,,NaN,NaN,145.837241993106
50.8333333333333,0.0561251719999989,0,3.429558948,56.6370930560202,NaN,NaN,NaN,NaN,NaN,NaN,NaN,NaN,NaN,NaN,NaN,NaN,NaN,,NaN,NaN,146.099070599163,1.561579792,0,3.459087596,-0.129598495812953,NaN,NaN,NaN,NaN,NaN,NaN,NaN,NaN,NaN,NaN,NaN,NaN,NaN,,NaN,NaN,147.780884817747,0.874551776,0,2.039998428,0.239943498425832,NaN,NaN,NaN,NaN,NaN,NaN,NaN,NaN,NaN,NaN,NaN,NaN,NaN,,NaN,NaN,145.564779012083,0.689744512,0,1.20417797,55.5101549724202,NaN,NaN,NaN,NaN,NaN,NaN,NaN,NaN,NaN,NaN,NaN,NaN,NaN,,NaN,NaN,144.549310928293,1.75043848,0,1.43849831,0.613909939816665,NaN,NaN,NaN,NaN,NaN,NaN,NaN,NaN,NaN,NaN,NaN,NaN,NaN,,NaN,NaN,145.825221085616,2.235674416,0,0.968416258,0.334725103289605,NaN,NaN,NaN,NaN,NaN,NaN,NaN,NaN,NaN,NaN,NaN,NaN,NaN,,NaN,NaN,145.837241993106
50.9166666666667,0.0561251719999989,0,3.429558948,56.3006481292618,NaN,NaN,NaN,NaN,NaN,NaN,NaN,NaN,NaN,NaN,NaN,NaN,NaN,,NaN,NaN,146.099070599163,1.561579792,0,3.459087596,-0.190460504519375,NaN,NaN,NaN,NaN,NaN,NaN,NaN,NaN,NaN,NaN,NaN,NaN,NaN,,NaN,NaN,147.780884817747,0.874551776,0,2.039998428,0.176261392883438,NaN,NaN,NaN,NaN,NaN,NaN,NaN,NaN,NaN,NaN,NaN,NaN,NaN,,NaN,NaN,145.564779012083,0.689744512,0,1.20417797,55.0918035773056,NaN,NaN,NaN,NaN,NaN,NaN,NaN,NaN,NaN,NaN,NaN,NaN,NaN,,NaN,NaN,144.549310928293,1.75043848,0,1.43849831,0.599419131299729,NaN,NaN,NaN,NaN,NaN,NaN,NaN,NaN,NaN,NaN,NaN,NaN,NaN,,NaN,NaN,145.825221085616,2.235674416,0,0.968416258,0.321765303416104,NaN,NaN,NaN,NaN,NaN,NaN,NaN,NaN,NaN,NaN,NaN,NaN,NaN,,NaN,NaN,145.837241993106
51,0.0561251719999989,0,3.429558948,55.8740891463546,NaN,NaN,NaN,NaN,NaN,NaN,NaN,NaN,NaN,NaN,NaN,NaN,NaN,,NaN,NaN,146.099070599163,1.561579792,0,3.459087596,-0.330284193937403,NaN,NaN,NaN,NaN,NaN,NaN,NaN,NaN,NaN,NaN,NaN,NaN,NaN,,NaN,NaN,147.780884817747,0.874551776,0,2.039998428,0.0782855443034323,NaN,NaN,NaN,NaN,NaN,NaN,NaN,NaN,NaN,NaN,NaN,NaN,NaN,,NaN,NaN,145.564779012083,0.689744512,0,1.20417797,54.670307629838,NaN,NaN,NaN,NaN,NaN,NaN,NaN,NaN,NaN,NaN,NaN,NaN,NaN,,NaN,NaN,144.549310928293,1.75043848,0,1.43849831,0.648121716439903,NaN,NaN,NaN,NaN,NaN,NaN,NaN,NaN,NaN,NaN,NaN,NaN,NaN,,NaN,NaN,145.825221085616,2.235674416,0,0.968416258,0.415849470444465,NaN,NaN,NaN,NaN,NaN,NaN,NaN,NaN,NaN,NaN,NaN,NaN,NaN,,NaN,NaN,145.837241993106
51.0833333333333,0.0561251719999989,0,3.429558948,55.4905579813636,NaN,NaN,NaN,NaN,NaN,NaN,NaN,NaN,NaN,NaN,NaN,NaN,NaN,,NaN,NaN,146.099070599163,1.561579792,0,3.459087596,-0.339262295049277,NaN,NaN,NaN,NaN,NaN,NaN,NaN,NaN,NaN,NaN,NaN,NaN,NaN,,NaN,NaN,147.780884817747,0.874551776,0,2.039998428,0.223942051147336,NaN,NaN,NaN,NaN,NaN,NaN,NaN,NaN,NaN,NaN,NaN,NaN,NaN,,NaN,NaN,145.564779012083,0.689744512,0,1.20417797,54.6232175893329,NaN,NaN,NaN,NaN,NaN,NaN,NaN,NaN,NaN,NaN,NaN,NaN,NaN,,NaN,NaN,144.549310928293,1.75043848,0,1.43849831,0.669935575301542,NaN,NaN,NaN,NaN,NaN,NaN,NaN,NaN,NaN,NaN,NaN,NaN,NaN,,NaN,NaN,145.825221085616,2.235674416,0,0.968416258,0.449392984474733,NaN,NaN,NaN,NaN,NaN,NaN,NaN,NaN,NaN,NaN,NaN,NaN,NaN,,NaN,NaN,145.837241993106
51.1666666666667,0.0561251719999989,0,3.429558948,55.5343257820229,NaN,NaN,NaN,NaN,NaN,NaN,NaN,NaN,NaN,NaN,NaN,NaN,NaN,,NaN,NaN,146.099070599163,1.561579792,0,3.459087596,-0.121843756520403,NaN,NaN,NaN,NaN,NaN,NaN,NaN,NaN,NaN,NaN,NaN,NaN,NaN,,NaN,NaN,147.780884817747,0.874551776,0,2.039998428,0.408783014831909,NaN,NaN,NaN,NaN,NaN,NaN,NaN,NaN,NaN,NaN,NaN,NaN,NaN,,NaN,NaN,145.564779012083,0.689744512,0,1.20417797,54.5018759602132,NaN,NaN,NaN,NaN,NaN,NaN,NaN,NaN,NaN,NaN,NaN,NaN,NaN,,NaN,NaN,144.549310928293,1.75043848,0,1.43849831,0.644945607448357,NaN,NaN,NaN,NaN,NaN,NaN,NaN,NaN,NaN,NaN,NaN,NaN,NaN,,NaN,NaN,145.825221085616,2.235674416,0,0.968416258,0.420484143521133,NaN,NaN,NaN,NaN,NaN,NaN,NaN,NaN,NaN,NaN,NaN,NaN,NaN,,NaN,NaN,145.837241993106
51.25,0.0561251719999989,0,3.429558948,55.4530835619349,NaN,NaN,NaN,NaN,NaN,NaN,NaN,NaN,NaN,NaN,NaN,NaN,NaN,,NaN,NaN,146.099070599163,1.561579792,0,3.459087596,-0.0570269805320376,NaN,NaN,NaN,NaN,NaN,NaN,NaN,NaN,NaN,NaN,NaN,NaN,NaN,,NaN,NaN,147.780884817747,0.874551776,0,2.039998428,0.407276406570032,NaN,NaN,NaN,NaN,NaN,NaN,NaN,NaN,NaN,NaN,NaN,NaN,NaN,,NaN,NaN,145.564779012083,0.689744512,0,1.20417797,54.2215463544565,NaN,NaN,NaN,NaN,NaN,NaN,NaN,NaN,NaN,NaN,NaN,NaN,NaN,,NaN,NaN,144.549310928293,1.75043848,0,1.43849831,0.616392687610626,NaN,NaN,NaN,NaN,NaN,NaN,NaN,NaN,NaN,NaN,NaN,NaN,NaN,,NaN,NaN,145.825221085616,2.235674416,0,0.968416258,0.370394835577524,NaN,NaN,NaN,NaN,NaN,NaN,NaN,NaN,NaN,NaN,NaN,NaN,NaN,,NaN,NaN,145.837241993106
51.3333333333333,0.0561251719999989,0,3.429558948,55.048867517579,NaN,NaN,NaN,NaN,NaN,NaN,NaN,NaN,NaN,NaN,NaN,NaN,NaN,,NaN,NaN,146.099070599163,1.561579792,0,3.459087596,-0.126908164298654,NaN,NaN,NaN,NaN,NaN,NaN,NaN,NaN,NaN,NaN,NaN,NaN,NaN,,NaN,NaN,147.780884817747,0.874551776,0,2.039998428,0.31129694963298,NaN,NaN,NaN,NaN,NaN,NaN,NaN,NaN,NaN,NaN,NaN,NaN,NaN,,NaN,NaN,145.564779012083,0.689744512,0,1.20417797,53.8587226609228,NaN,NaN,NaN,NaN,NaN,NaN,NaN,NaN,NaN,NaN,NaN,NaN,NaN,,NaN,NaN,144.549310928293,1.75043848,0,1.43849831,0.610718170040214,NaN,NaN,NaN,NaN,NaN,NaN,NaN,NaN,NaN,NaN,NaN,NaN,NaN,,NaN,NaN,145.825221085616,2.235674416,0,0.968416258,0.336811501100741,NaN,NaN,NaN,NaN,NaN,NaN,NaN,NaN,NaN,NaN,NaN,NaN,NaN,,NaN,NaN,145.837241993106
51.4166666666667,0.0561251719999989,0,3.429558948,54.6294501962237,NaN,NaN,NaN,NaN,NaN,NaN,NaN,NaN,NaN,NaN,NaN,NaN,NaN,,NaN,NaN,146.099070599163,1.561579792,0,3.459087596,-0.202596052526678,NaN,NaN,NaN,NaN,NaN,NaN,NaN,NaN,NaN,NaN,NaN,NaN,NaN,,NaN,NaN,147.780884817747,0.874551776,0,2.039998428,0.233884648117963,NaN,NaN,NaN,NaN,NaN,NaN,NaN,NaN,NaN,NaN,NaN,NaN,NaN,,NaN,NaN,145.564779012083,0.689744512,0,1.20417797,53.4789484155791,NaN,NaN,NaN,NaN,NaN,NaN,NaN,NaN,NaN,NaN,NaN,NaN,NaN,,NaN,NaN,144.549310928293,1.75043848,0,1.43849831,0.612454267858209,NaN,NaN,NaN,NaN,NaN,NaN,NaN,NaN,NaN,NaN,NaN,NaN,NaN,,NaN,NaN,145.825221085616,2.235674416,0,0.968416258,0.32940651933708,NaN,NaN,NaN,NaN,NaN,NaN,NaN,NaN,NaN,NaN,NaN,NaN,NaN,,NaN,NaN,145.837241993106
51.5,0.0561251719999989,0,3.429558948,54.2369300990277,NaN,NaN,NaN,NaN,NaN,NaN,NaN,NaN,NaN,NaN,NaN,NaN,NaN,,NaN,NaN,146.099070599163,1.561579792,0,3.459087596,-0.287559391398048,NaN,NaN,NaN,NaN,NaN,NaN,NaN,NaN,NaN,NaN,NaN,NaN,NaN,,NaN,NaN,147.780884817747,0.874551776,0,2.039998428,0.178612526117561,NaN,NaN,NaN,NaN,NaN,NaN,NaN,NaN,NaN,NaN,NaN,NaN,NaN,,NaN,NaN,145.564779012083,0.689744512,0,1.20417797,53.1284012359366,NaN,NaN,NaN,NaN,NaN,NaN,NaN,NaN,NaN,NaN,NaN,NaN,NaN,,NaN,NaN,144.549310928293,1.75043848,0,1.43849831,0.621288494830533,NaN,NaN,NaN,NaN,NaN,NaN,NaN,NaN,NaN,NaN,NaN,NaN,NaN,,NaN,NaN,145.825221085616,2.235674416,0,0.968416258,0.362029094378473,NaN,NaN,NaN,NaN,NaN,NaN,NaN,NaN,NaN,NaN,NaN,NaN,NaN,,NaN,NaN,145.837241993106
51.5833333333333,0.0561251719999989,0,3.429558948,53.9048285978419,NaN,NaN,NaN,NaN,NaN,NaN,NaN,NaN,NaN,NaN,NaN,NaN,NaN,,NaN,NaN,146.099070599163,1.561579792,0,3.459087596,-0.307878781635747,NaN,NaN,NaN,NaN,NaN,NaN,NaN,NaN,NaN,NaN,NaN,NaN,NaN,,NaN,NaN,147.780884817747,0.874551776,0,2.039998428,0.198244951129339,NaN,NaN,NaN,NaN,NaN,NaN,NaN,NaN,NaN,NaN,NaN,NaN,NaN,,NaN,NaN,145.564779012083,0.689744512,0,1.20417797,52.8891338083583,NaN,NaN,NaN,NaN,NaN,NaN,NaN,NaN,NaN,NaN,NaN,NaN,NaN,,NaN,NaN,144.549310928293,1.75043848,0,1.43849831,0.640078211014448,NaN,NaN,NaN,NaN,NaN,NaN,NaN,NaN,NaN,NaN,NaN,NaN,NaN,,NaN,NaN,145.825221085616,2.235674416,0,0.968416258,0.392221956899677,NaN,NaN,NaN,NaN,NaN,NaN,NaN,NaN,NaN,NaN,NaN,NaN,NaN,,NaN,NaN,145.837241993106
51.6666666666667,0.0561251719999989,0,3.429558948,53.6807102083148,NaN,NaN,NaN,NaN,NaN,NaN,NaN,NaN,NaN,NaN,NaN,NaN,NaN,,NaN,NaN,146.099070599163,1.561579792,0,3.459087596,-0.24476999991697,NaN,NaN,NaN,NaN,NaN,NaN,NaN,NaN,NaN,NaN,NaN,NaN,NaN,,NaN,NaN,147.780884817747,0.874551776,0,2.039998428,0.300004010656098,NaN,NaN,NaN,NaN,NaN,NaN,NaN,NaN,NaN,NaN,NaN,NaN,NaN,,NaN,NaN,145.564779012083,0.689744512,0,1.20417797,52.7649526480196,NaN,NaN,NaN,NaN,NaN,NaN,NaN,NaN,NaN,NaN,NaN,NaN,NaN,,NaN,NaN,144.549310928293,1.75043848,0,1.43849831,0.678626850498202,NaN,NaN,NaN,NaN,NaN,NaN,NaN,NaN,NaN,NaN,NaN,NaN,NaN,,NaN,NaN,145.825221085616,2.235674416,0,0.968416258,0.456365144322306,NaN,NaN,NaN,NaN,NaN,NaN,NaN,NaN,NaN,NaN,NaN,NaN,NaN,,NaN,NaN,145.837241993106
51.75,0.0561251719999989,0,3.429558948,53.6100662983882,NaN,NaN,NaN,NaN,NaN,NaN,NaN,NaN,NaN,NaN,NaN,NaN,NaN,,NaN,NaN,146.099070599163,1.561579792,0,3.459087596,-0.0745650761575819,NaN,NaN,NaN,NaN,NaN,NaN,NaN,NaN,NaN,NaN,NaN,NaN,NaN,,NaN,NaN,147.780884817747,0.874551776,0,2.039998428,0.489943278525883,NaN,NaN,NaN,NaN,NaN,NaN,NaN,NaN,NaN,NaN,NaN,NaN,NaN,,NaN,NaN,145.564779012083,0.689744512,0,1.20417797,52.7188395008141,NaN,NaN,NaN,NaN,NaN,NaN,NaN,NaN,NaN,NaN,NaN,NaN,NaN,,NaN,NaN,144.549310928293,1.75043848,0,1.43849831,0.66293688761676,NaN,NaN,NaN,NaN,NaN,NaN,NaN,NaN,NaN,NaN,NaN,NaN,NaN,,NaN,NaN,145.825221085616,2.235674416,0,0.968416258,0.458290030063224,NaN,NaN,NaN,NaN,NaN,NaN,NaN,NaN,NaN,NaN,NaN,NaN,NaN,,NaN,NaN,145.837241993106
51.8333333333333,0.0561251719999989,0,3.429558948,53.6699020557244,NaN,NaN,NaN,NaN,NaN,NaN,NaN,NaN,NaN,NaN,NaN,NaN,NaN,,NaN,NaN,146.099070599163,1.561579792,0,3.459087596,0.0952632323269195,NaN,NaN,NaN,NaN,NaN,NaN,NaN,NaN,NaN,NaN,NaN,NaN,NaN,,NaN,NaN,147.780884817747,0.874551776,0,2.039998428,0.601634365423685,NaN,NaN,NaN,NaN,NaN,NaN,NaN,NaN,NaN,NaN,NaN,NaN,NaN,,NaN,NaN,145.564779012083,0.689744512,0,1.20417797,52.6197400921512,NaN,NaN,NaN,NaN,NaN,NaN,NaN,NaN,NaN,NaN,NaN,NaN,NaN,,NaN,NaN,144.549310928293,1.75043848,0,1.43849831,0.640348367838315,NaN,NaN,NaN,NaN,NaN,NaN,NaN,NaN,NaN,NaN,NaN,NaN,NaN,,NaN,NaN,145.825221085616,2.235674416,0,0.968416258,0.403896111766973,NaN,NaN,NaN,NaN,NaN,NaN,NaN,NaN,NaN,NaN,NaN,NaN,NaN,,NaN,NaN,145.837241993106
51.9166666666667,0.0561251719999989,0,3.429558948,53.5568955462405,NaN,NaN,NaN,NaN,NaN,NaN,NaN,NaN,NaN,NaN,NaN,NaN,NaN,,NaN,NaN,146.099070599163,1.561579792,0,3.459087596,0.154543482674939,NaN,NaN,NaN,NaN,NaN,NaN,NaN,NaN,NaN,NaN,NaN,NaN,NaN,,NaN,NaN,147.780884817747,0.874551776,0,2.039998428,0.525872069785743,NaN,NaN,NaN,NaN,NaN,NaN,NaN,NaN,NaN,NaN,NaN,NaN,NaN,,NaN,NaN,145.564779012083,0.689744512,0,1.20417797,52.3036158539428,NaN,NaN,NaN,NaN,NaN,NaN,NaN,NaN,NaN,NaN,NaN,NaN,NaN,,NaN,NaN,144.549310928293,1.75043848,0,1.43849831,0.609806357789738,NaN,NaN,NaN,NaN,NaN,NaN,NaN,NaN,NaN,NaN,NaN,NaN,NaN,,NaN,NaN,145.825221085616,2.235674416,0,0.968416258,0.357216054521378,NaN,NaN,NaN,NaN,NaN,NaN,NaN,NaN,NaN,NaN,NaN,NaN,NaN,,NaN,NaN,145.837241993106
52,0.0561251719999989,0,3.429558948,53.1045076124535,NaN,NaN,NaN,NaN,NaN,NaN,NaN,NaN,NaN,NaN,NaN,NaN,NaN,,NaN,NaN,146.099070599163,1.561579792,0,3.459087596,0.018284564047935,NaN,NaN,NaN,NaN,NaN,NaN,NaN,NaN,NaN,NaN,NaN,NaN,NaN,,NaN,NaN,147.780884817747,0.874551776,0,2.039998428,0.366193474482935,NaN,NaN,NaN,NaN,NaN,NaN,NaN,NaN,NaN,NaN,NaN,NaN,NaN,,NaN,NaN,145.564779012083,0.689744512,0,1.20417797,51.9436988386796,NaN,NaN,NaN,NaN,NaN,NaN,NaN,NaN,NaN,NaN,NaN,NaN,NaN,,NaN,NaN,144.549310928293,1.75043848,0,1.43849831,0.614554821318366,NaN,NaN,NaN,NaN,NaN,NaN,NaN,NaN,NaN,NaN,NaN,NaN,NaN,,NaN,NaN,145.825221085616,2.235674416,0,0.968416258,0.343639908438206,NaN,NaN,NaN,NaN,NaN,NaN,NaN,NaN,NaN,NaN,NaN,NaN,NaN,,NaN,NaN,145.837241993106
52.0833333333333,0.0561251719999989,0,3.429558948,52.7069254846398,NaN,NaN,NaN,NaN,NaN,NaN,NaN,NaN,NaN,NaN,NaN,NaN,NaN,,NaN,NaN,146.099070599163,1.561579792,0,3.459087596,-0.0536208139336976,NaN,NaN,NaN,NaN,NaN,NaN,NaN,NaN,NaN,NaN,NaN,NaN,NaN,,NaN,NaN,147.780884817747,0.874551776,0,2.039998428,0.280162630208063,NaN,NaN,NaN,NaN,NaN,NaN,NaN,NaN,NaN,NaN,NaN,NaN,NaN,,NaN,NaN,145.564779012083,0.689744512,0,1.20417797,51.5913434282928,NaN,NaN,NaN,NaN,NaN,NaN,NaN,NaN,NaN,NaN,NaN,NaN,NaN,,NaN,NaN,144.549310928293,1.75043848,0,1.43849831,0.605808749775126,NaN,NaN,NaN,NaN,NaN,NaN,NaN,NaN,NaN,NaN,NaN,NaN,NaN,,NaN,NaN,145.825221085616,2.235674416,0,0.968416258,0.337486200336084,NaN,NaN,NaN,NaN,NaN,NaN,NaN,NaN,NaN,NaN,NaN,NaN,NaN,,NaN,NaN,145.837241993106
52.1666666666667,0.0561251719999989,0,3.429558948,52.3058975317529,NaN,NaN,NaN,NaN,NaN,NaN,NaN,NaN,NaN,NaN,NaN,NaN,NaN,,NaN,NaN,146.099070599163,1.561579792,0,3.459087596,-0.155134108590899,NaN,NaN,NaN,NaN,NaN,NaN,NaN,NaN,NaN,NaN,NaN,NaN,NaN,,NaN,NaN,147.780884817747,0.874551776,0,2.039998428,0.212839703538594,NaN,NaN,NaN,NaN,NaN,NaN,NaN,NaN,NaN,NaN,NaN,NaN,NaN,,NaN,NaN,145.564779012083,0.689744512,0,1.20417797,51.2650922074844,NaN,NaN,NaN,NaN,NaN,NaN,NaN,NaN,NaN,NaN,NaN,NaN,NaN,,NaN,NaN,144.549310928293,1.75043848,0,1.43849831,0.639362456282561,NaN,NaN,NaN,NaN,NaN,NaN,NaN,NaN,NaN,NaN,NaN,NaN,NaN,,NaN,NaN,145.825221085616,2.235674416,0,0.968416258,0.407231781116255,NaN,NaN,NaN,NaN,NaN,NaN,NaN,NaN,NaN,NaN,NaN,NaN,NaN,,NaN,NaN,145.837241993106
52.25,0.0561251719999989,0,3.429558948,52.0171705630268,NaN,NaN,NaN,NaN,NaN,NaN,NaN,NaN,NaN,NaN,NaN,NaN,NaN,,NaN,NaN,146.099070599163,1.561579792,0,3.459087596,-0.120824226044925,NaN,NaN,NaN,NaN,NaN,NaN,NaN,NaN,NaN,NaN,NaN,NaN,NaN,,NaN,NaN,147.780884817747,0.874551776,0,2.039998428,0.333421966591215,NaN,NaN,NaN,NaN,NaN,NaN,NaN,NaN,NaN,NaN,NaN,NaN,NaN,,NaN,NaN,145.564779012083,0.689744512,0,1.20417797,51.1497027998408,NaN,NaN,NaN,NaN,NaN,NaN,NaN,NaN,NaN,NaN,NaN,NaN,NaN,,NaN,NaN,144.549310928293,1.75043848,0,1.43849831,0.640751506314789,NaN,NaN,NaN,NaN,NaN,NaN,NaN,NaN,NaN,NaN,NaN,NaN,NaN,,NaN,NaN,145.825221085616,2.235674416,0,0.968416258,0.420381135343851,NaN,NaN,NaN,NaN,NaN,NaN,NaN,NaN,NaN,NaN,NaN,NaN,NaN,,NaN,NaN,145.837241993106
52.3333333333333,0.0561251719999989,0,3.429558948,51.9105838218197,NaN,NaN,NaN,NaN,NaN,NaN,NaN,NaN,NaN,NaN,NaN,NaN,NaN,,NaN,NaN,146.099070599163,1.561579792,0,3.459087596,-0.0129578884222944,NaN,NaN,NaN,NaN,NaN,NaN,NaN,NaN,NaN,NaN,NaN,NaN,NaN,,NaN,NaN,147.780884817747,0.874551776,0,2.039998428,0.443165091977582,NaN,NaN,NaN,NaN,NaN,NaN,NaN,NaN,NaN,NaN,NaN,NaN,NaN,,NaN,NaN,145.564779012083,0.689744512,0,1.20417797,51.0871190836746,NaN,NaN,NaN,NaN,NaN,NaN,NaN,NaN,NaN,NaN,NaN,NaN,NaN,,NaN,NaN,144.549310928293,1.75043848,0,1.43849831,0.672213612129581,NaN,NaN,NaN,NaN,NaN,NaN,NaN,NaN,NaN,NaN,NaN,NaN,NaN,,NaN,NaN,145.825221085616,2.235674416,0,0.968416258,0.463777677025449,NaN,NaN,NaN,NaN,NaN,NaN,NaN,NaN,NaN,NaN,NaN,NaN,NaN,,NaN,NaN,145.837241993106
52.4166666666667,0.0561251719999989,0,3.429558948,51.933490695742,NaN,NaN,NaN,NaN,NaN,NaN,NaN,NaN,NaN,NaN,NaN,NaN,NaN,,NaN,NaN,146.099070599163,1.561579792,0,3.459087596,0.196417682648561,NaN,NaN,NaN,NaN,NaN,NaN,NaN,NaN,NaN,NaN,NaN,NaN,NaN,,NaN,NaN,147.780884817747,0.874551776,0,2.039998428,0.612925650385488,NaN,NaN,NaN,NaN,NaN,NaN,NaN,NaN,NaN,NaN,NaN,NaN,NaN,,NaN,NaN,145.564779012083,0.689744512,0,1.20417797,51.0468933641556,NaN,NaN,NaN,NaN,NaN,NaN,NaN,NaN,NaN,NaN,NaN,NaN,NaN,,NaN,NaN,144.549310928293,1.75043848,0,1.43849831,0.653405446726247,NaN,NaN,NaN,NaN,NaN,NaN,NaN,NaN,NaN,NaN,NaN,NaN,NaN,,NaN,NaN,145.825221085616,2.235674416,0,0.968416258,0.432479008797524,NaN,NaN,NaN,NaN,NaN,NaN,NaN,NaN,NaN,NaN,NaN,NaN,NaN,,NaN,NaN,145.837241993106
52.5,0.0561251719999989,0,3.429558948,51.9448878119517,NaN,NaN,NaN,NaN,NaN,NaN,NaN,NaN,NaN,NaN,NaN,NaN,NaN,,NaN,NaN,146.099070599163,1.561579792,0,3.459087596,0.308897026685121,NaN,NaN,NaN,NaN,NaN,NaN,NaN,NaN,NaN,NaN,NaN,NaN,NaN,,NaN,NaN,147.780884817747,0.874551776,0,2.039998428,0.621105645075667,NaN,NaN,NaN,NaN,NaN,NaN,NaN,NaN,NaN,NaN,NaN,NaN,NaN,,NaN,NaN,145.564779012083,0.689744512,0,1.20417797,50.8415270951531,NaN,NaN,NaN,NaN,NaN,NaN,NaN,NaN,NaN,NaN,NaN,NaN,NaN,,NaN,NaN,144.549310928293,1.75043848,0,1.43849831,0.600780127731066,NaN,NaN,NaN,NaN,NaN,NaN,NaN,NaN,NaN,NaN,NaN,NaN,NaN,,NaN,NaN,145.825221085616,2.235674416,0,0.968416258,0.343558179664638,NaN,NaN,NaN,NaN,NaN,NaN,NaN,NaN,NaN,NaN,NaN,NaN,NaN,,NaN,NaN,145.837241993106
52.5833333333333,0.0561251719999989,0,3.429558948,51.6530553320297,NaN,NaN,NaN,NaN,NaN,NaN,NaN,NaN,NaN,NaN,NaN,NaN,NaN,,NaN,NaN,146.099070599163,1.561579792,0,3.459087596,0.215566747242425,NaN,NaN,NaN,NaN,NaN,NaN,NaN,NaN,NaN,NaN,NaN,NaN,NaN,,NaN,NaN,147.780884817747,0.874551776,0,2.039998428,0.40151177727725,NaN,NaN,NaN,NaN,NaN,NaN,NaN,NaN,NaN,NaN,NaN,NaN,NaN,,NaN,NaN,145.564779012083,0.689744512,0,1.20417797,50.3955592145447,NaN,NaN,NaN,NaN,NaN,NaN,NaN,NaN,NaN,NaN,NaN,NaN,NaN,,NaN,NaN,144.549310928293,1.75043848,0,1.43849831,0.594061479059688,NaN,NaN,NaN,NaN,NaN,NaN,NaN,NaN,NaN,NaN,NaN,NaN,NaN,,NaN,NaN,145.825221085616,2.235674416,0,0.968416258,0.324646328629606,NaN,NaN,NaN,NaN,NaN,NaN,NaN,NaN,NaN,NaN,NaN,NaN,NaN,,NaN,NaN,145.837241993106
52.6666666666667,0.0561251719999989,0,3.429558948,51.1036105420382,NaN,NaN,NaN,NaN,NaN,NaN,NaN,NaN,NaN,NaN,NaN,NaN,NaN,,NaN,NaN,146.099070599163,1.561579792,0,3.459087596,0.0305264939898931,NaN,NaN,NaN,NaN,NaN,NaN,NaN,NaN,NaN,NaN,NaN,NaN,NaN,,NaN,NaN,147.780884817747,0.874551776,0,2.039998428,0.266641474793403,NaN,NaN,NaN,NaN,NaN,NaN,NaN,NaN,NaN,NaN,NaN,NaN,NaN,,NaN,NaN,145.564779012083,0.689744512,0,1.20417797,50.02281322738,NaN,NaN,NaN,NaN,NaN,NaN,NaN,NaN,NaN,NaN,NaN,NaN,NaN,,NaN,NaN,144.549310928293,1.75043848,0,1.43849831,0.616131351493952,NaN,NaN,NaN,NaN,NaN,NaN,NaN,NaN,NaN,NaN,NaN,NaN,NaN,,NaN,NaN,145.825221085616,2.235674416,0,0.968416258,0.339994687083832,NaN,NaN,NaN,NaN,NaN,NaN,NaN,NaN,NaN,NaN,NaN,NaN,NaN,,NaN,NaN,145.837241993106
52.75,0.0561251719999989,0,3.429558948,50.7374367200189,NaN,NaN,NaN,NaN,NaN,NaN,NaN,NaN,NaN,NaN,NaN,NaN,NaN,,NaN,NaN,146.099070599163,1.561579792,0,3.459087596,-0.0443089119086071,NaN,NaN,NaN,NaN,NaN,NaN,NaN,NaN,NaN,NaN,NaN,NaN,NaN,,NaN,NaN,147.780884817747,0.874551776,0,2.039998428,0.22679670201354,NaN,NaN,NaN,NaN,NaN,NaN,NaN,NaN,NaN,NaN,NaN,NaN,NaN,,NaN,NaN,145.564779012083,0.689744512,0,1.20417797,49.7180296319069,NaN,NaN,NaN,NaN,NaN,NaN,NaN,NaN,NaN,NaN,NaN,NaN,NaN,,NaN,NaN,144.549310928293,1.75043848,0,1.43849831,0.606045077691475,NaN,NaN,NaN,NaN,NaN,NaN,NaN,NaN,NaN,NaN,NaN,NaN,NaN,,NaN,NaN,145.825221085616,2.235674416,0,0.968416258,0.322320955208984,NaN,NaN,NaN,NaN,NaN,NaN,NaN,NaN,NaN,NaN,NaN,NaN,NaN,,NaN,NaN,145.837241993106
52.8333333333333,0.0561251719999989,0,3.429558948,50.4389812917054,NaN,NaN,NaN,NaN,NaN,NaN,NaN,NaN,NaN,NaN,NaN,NaN,NaN,,NaN,NaN,146.099070599163,1.561579792,0,3.459087596,-0.10686523042833,NaN,NaN,NaN,NaN,NaN,NaN,NaN,NaN,NaN,NaN,NaN,NaN,NaN,,NaN,NaN,147.780884817747,0.874551776,0,2.039998428,0.182316392315184,NaN,NaN,NaN,NaN,NaN,NaN,NaN,NaN,NaN,NaN,NaN,NaN,NaN,,NaN,NaN,145.564779012083,0.689744512,0,1.20417797,49.3963890077993,NaN,NaN,NaN,NaN,NaN,NaN,NaN,NaN,NaN,NaN,NaN,NaN,NaN,,NaN,NaN,144.549310928293,1.75043848,0,1.43849831,0.605859755626747,NaN,NaN,NaN,NaN,NaN,NaN,NaN,NaN,NaN,NaN,NaN,NaN,NaN,,NaN,NaN,145.825221085616,2.235674416,0,0.968416258,0.345271245852117,NaN,NaN,NaN,NaN,NaN,NaN,NaN,NaN,NaN,NaN,NaN,NaN,NaN,,NaN,NaN,145.837241993106
52.9166666666667,0.0561251719999989,0,3.429558948,50.0938180820177,NaN,NaN,NaN,NaN,NaN,NaN,NaN,NaN,NaN,NaN,NaN,NaN,NaN,,NaN,NaN,146.099070599163,1.561579792,0,3.459087596,-0.165898278091855,NaN,NaN,NaN,NaN,NaN,NaN,NaN,NaN,NaN,NaN,NaN,NaN,NaN,,NaN,NaN,147.780884817747,0.874551776,0,2.039998428,0.196624774254123,NaN,NaN,NaN,NaN,NaN,NaN,NaN,NaN,NaN,NaN,NaN,NaN,NaN,,NaN,NaN,145.564779012083,0.689744512,0,1.20417797,49.2159924797193,NaN,NaN,NaN,NaN,NaN,NaN,NaN,NaN,NaN,NaN,NaN,NaN,NaN,,NaN,NaN,144.549310928293,1.75043848,0,1.43849831,0.658671184224345,NaN,NaN,NaN,NaN,NaN,NaN,NaN,NaN,NaN,NaN,NaN,NaN,NaN,,NaN,NaN,145.825221085616,2.235674416,0,0.968416258,0.448022733695398,NaN,NaN,NaN,NaN,NaN,NaN,NaN,NaN,NaN,NaN,NaN,NaN,NaN,,NaN,NaN,145.837241993106
53,0.0561251719999989,0,3.429558948,49.9761279563718,NaN,NaN,NaN,NaN,NaN,NaN,NaN,NaN,NaN,NaN,NaN,NaN,NaN,,NaN,NaN,146.099070599163,1.561579792,0,3.459087596,-0.0129571970550176,NaN,NaN,NaN,NaN,NaN,NaN,NaN,NaN,NaN,NaN,NaN,NaN,NaN,,NaN,NaN,147.780884817747,0.874551776,0,2.039998428,0.4451052499556,NaN,NaN,NaN,NaN,NaN,NaN,NaN,NaN,NaN,NaN,NaN,NaN,NaN,,NaN,NaN,145.564779012083,0.689744512,0,1.20417797,49.2558064544618,NaN,NaN,NaN,NaN,NaN,NaN,NaN,NaN,NaN,NaN,NaN,NaN,NaN,,NaN,NaN,144.549310928293,1.75043848,0,1.43849831,0.6588455609237,NaN,NaN,NaN,NaN,NaN,NaN,NaN,NaN,NaN,NaN,NaN,NaN,NaN,,NaN,NaN,145.825221085616,2.235674416,0,0.968416258,0.455543283358178,NaN,NaN,NaN,NaN,NaN,NaN,NaN,NaN,NaN,NaN,NaN,NaN,NaN,,NaN,NaN,145.837241993106
53.0833333333333,0.0561251719999989,0,3.429558948,50.0925518415966,NaN,NaN,NaN,NaN,NaN,NaN,NaN,NaN,NaN,NaN,NaN,NaN,NaN,,NaN,NaN,146.099070599163,1.561579792,0,3.459087596,0.185452999687528,NaN,NaN,NaN,NaN,NaN,NaN,NaN,NaN,NaN,NaN,NaN,NaN,NaN,,NaN,NaN,147.780884817747,0.874551776,0,2.039998428,0.580981947262509,NaN,NaN,NaN,NaN,NaN,NaN,NaN,NaN,NaN,NaN,NaN,NaN,NaN,,NaN,NaN,145.564779012083,0.689744512,0,1.20417797,49.1710104700535,NaN,NaN,NaN,NaN,NaN,NaN,NaN,NaN,NaN,NaN,NaN,NaN,NaN,,NaN,NaN,144.549310928293,1.75043848,0,1.43849831,0.624220944241095,NaN,NaN,NaN,NaN,NaN,NaN,NaN,NaN,NaN,NaN,NaN,NaN,NaN,,NaN,NaN,145.825221085616,2.235674416,0,0.968416258,0.39136964823286,NaN,NaN,NaN,NaN,NaN,NaN,NaN,NaN,NaN,NaN,NaN,NaN,NaN,,NaN,NaN,145.837241993106
53.1666666666667,0.0561251719999989,0,3.429558948,49.997979507394,NaN,NaN,NaN,NaN,NaN,NaN,NaN,NaN,NaN,NaN,NaN,NaN,NaN,,NaN,NaN,146.099070599163,1.561579792,0,3.459087596,0.226909902960775,NaN,NaN,NaN,NaN,NaN,NaN,NaN,NaN,NaN,NaN,NaN,NaN,NaN,,NaN,NaN,147.780884817747,0.874551776,0,2.039998428,0.477038610806619,NaN,NaN,NaN,NaN,NaN,NaN,NaN,NaN,NaN,NaN,NaN,NaN,NaN,,NaN,NaN,145.564779012083,0.689744512,0,1.20417797,48.8197790460476,NaN,NaN,NaN,NaN,NaN,NaN,NaN,NaN,NaN,NaN,NaN,NaN,NaN,,NaN,NaN,144.549310928293,1.75043848,0,1.43849831,0.575358442636228,NaN,NaN,NaN,NaN,NaN,NaN,NaN,NaN,NaN,NaN,NaN,NaN,NaN,,NaN,NaN,145.825221085616,2.235674416,0,0.968416258,0.301317228419463,NaN,NaN,NaN,NaN,NaN,NaN,NaN,NaN,NaN,NaN,NaN,NaN,NaN,,NaN,NaN,145.837241993106
53.25,0.0561251719999989,0,3.429558948,49.5165803460665,NaN,NaN,NaN,NaN,NaN,NaN,NaN,NaN,NaN,NaN,NaN,NaN,NaN,,NaN,NaN,146.099070599163,1.561579792,0,3.459087596,0.0454189355123745,NaN,NaN,NaN,NaN,NaN,NaN,NaN,NaN,NaN,NaN,NaN,NaN,NaN,,NaN,NaN,147.780884817747,0.874551776,0,2.039998428,0.288272543148072,NaN,NaN,NaN,NaN,NaN,NaN,NaN,NaN,NaN,NaN,NaN,NaN,NaN,,NaN,NaN,145.564779012083,0.689744512,0,1.20417797,48.3734372298677,NaN,NaN,NaN,NaN,NaN,NaN,NaN,NaN,NaN,NaN,NaN,NaN,NaN,,NaN,NaN,144.549310928293,1.75043848,0,1.43849831,0.594427933688121,NaN,NaN,NaN,NaN,NaN,NaN,NaN,NaN,NaN,NaN,NaN,NaN,NaN,,NaN,NaN,145.825221085616,2.235674416,0,0.968416258,0.301376925091715,NaN,NaN,NaN,NaN,NaN,NaN,NaN,NaN,NaN,NaN,NaN,NaN,NaN,,NaN,NaN,145.837241993106
53.3333333333333,0.0561251719999989,0,3.429558948,49.057791010418,NaN,NaN,NaN,NaN,NaN,NaN,NaN,NaN,NaN,NaN,NaN,NaN,NaN,,NaN,NaN,146.099070599163,1.561579792,0,3.459087596,-0.0962396626066336,NaN,NaN,NaN,NaN,NaN,NaN,NaN,NaN,NaN,NaN,NaN,NaN,NaN,,NaN,NaN,147.780884817747,0.874551776,0,2.039998428,0.203490721020615,NaN,NaN,NaN,NaN,NaN,NaN,NaN,NaN,NaN,NaN,NaN,NaN,NaN,,NaN,NaN,145.564779012083,0.689744512,0,1.20417797,48.0644490441331,NaN,NaN,NaN,NaN,NaN,NaN,NaN,NaN,NaN,NaN,NaN,NaN,NaN,,NaN,NaN,144.549310928293,1.75043848,0,1.43849831,0.629992345551207,NaN,NaN,NaN,NaN,NaN,NaN,NaN,NaN,NaN,NaN,NaN,NaN,NaN,,NaN,NaN,145.825221085616,2.235674416,0,0.968416258,0.369945629453406,NaN,NaN,NaN,NaN,NaN,NaN,NaN,NaN,NaN,NaN,NaN,NaN,NaN,,NaN,NaN,145.837241993106
53.4166666666667,0.0561251719999989,0,3.429558948,48.758957748134,NaN,NaN,NaN,NaN,NaN,NaN,NaN,NaN,NaN,NaN,NaN,NaN,NaN,,NaN,NaN,146.099070599163,1.561579792,0,3.459087596,-0.0842206480059157,NaN,NaN,NaN,NaN,NaN,NaN,NaN,NaN,NaN,NaN,NaN,NaN,NaN,,NaN,NaN,147.780884817747,0.874551776,0,2.039998428,0.272969920194442,NaN,NaN,NaN,NaN,NaN,NaN,NaN,NaN,NaN,NaN,NaN,NaN,NaN,,NaN,NaN,145.564779012083,0.689744512,0,1.20417797,47.9049766740703,NaN,NaN,NaN,NaN,NaN,NaN,NaN,NaN,NaN,NaN,NaN,NaN,NaN,,NaN,NaN,144.549310928293,1.75043848,0,1.43849831,0.620065718609697,NaN,NaN,NaN,NaN,NaN,NaN,NaN,NaN,NaN,NaN,NaN,NaN,NaN,,NaN,NaN,145.825221085616,2.235674416,0,0.968416258,0.366522317118821,NaN,NaN,NaN,NaN,NaN,NaN,NaN,NaN,NaN,NaN,NaN,NaN,NaN,,NaN,NaN,145.837241993106
53.5,0.0561251719999989,0,3.429558948,48.6047754559503,NaN,NaN,NaN,NaN,NaN,NaN,NaN,NaN,NaN,NaN,NaN,NaN,NaN,,NaN,NaN,146.099070599163,1.561579792,0,3.459087596,-0.0257000881795064,NaN,NaN,NaN,NaN,NaN,NaN,NaN,NaN,NaN,NaN,NaN,NaN,NaN,,NaN,NaN,147.780884817747,0.874551776,0,2.039998428,0.324217644074942,NaN,NaN,NaN,NaN,NaN,NaN,NaN,NaN,NaN,NaN,NaN,NaN,NaN,,NaN,NaN,145.564779012083,0.689744512,0,1.20417797,47.6859037789048,NaN,NaN,NaN,NaN,NaN,NaN,NaN,NaN,NaN,NaN,NaN,NaN,NaN,,NaN,NaN,144.549310928293,1.75043848,0,1.43849831,0.615453055918123,NaN,NaN,NaN,NaN,NaN,NaN,NaN,NaN,NaN,NaN,NaN,NaN,NaN,,NaN,NaN,145.825221085616,2.235674416,0,0.968416258,0.36628763835325,NaN,NaN,NaN,NaN,NaN,NaN,NaN,NaN,NaN,NaN,NaN,NaN,NaN,,NaN,NaN,145.837241993106
53.5833333333333,0.0561251719999989,0,3.429558948,48.3816903716707,NaN,NaN,NaN,NaN,NaN,NaN,NaN,NaN,NaN,NaN,NaN,NaN,NaN,,NaN,NaN,146.099070599163,1.561579792,0,3.459087596,-0.0276520453801476,NaN,NaN,NaN,NaN,NaN,NaN,NaN,NaN,NaN,NaN,NaN,NaN,NaN,,NaN,NaN,147.780884817747,0.874551776,0,2.039998428,0.334226198735041,NaN,NaN,NaN,NaN,NaN,NaN,NaN,NaN,NaN,NaN,NaN,NaN,NaN,,NaN,NaN,145.564779012083,0.689744512,0,1.20417797,47.531173483172,NaN,NaN,NaN,NaN,NaN,NaN,NaN,NaN,NaN,NaN,NaN,NaN,NaN,,NaN,NaN,144.549310928293,1.75043848,0,1.43849831,0.658443504304107,NaN,NaN,NaN,NaN,NaN,NaN,NaN,NaN,NaN,NaN,NaN,NaN,NaN,,NaN,NaN,145.825221085616,2.235674416,0,0.968416258,0.424022701240203,NaN,NaN,NaN,NaN,NaN,NaN,NaN,NaN,NaN,NaN,NaN,NaN,NaN,,NaN,NaN,145.837241993106
53.6666666666667,0.0561251719999989,0,3.429558948,48.2743130888434,NaN,NaN,NaN,NaN,NaN,NaN,NaN,NaN,NaN,NaN,NaN,NaN,NaN,,NaN,NaN,146.099070599163,1.561579792,0,3.459087596,0.100032095986666,NaN,NaN,NaN,NaN,NaN,NaN,NaN,NaN,NaN,NaN,NaN,NaN,NaN,,NaN,NaN,147.780884817747,0.874551776,0,2.039998428,0.485342845317479,NaN,NaN,NaN,NaN,NaN,NaN,NaN,NaN,NaN,NaN,NaN,NaN,NaN,,NaN,NaN,145.564779012083,0.689744512,0,1.20417797,47.508899312755,NaN,NaN,NaN,NaN,NaN,NaN,NaN,NaN,NaN,NaN,NaN,NaN,NaN,,NaN,NaN,144.549310928293,1.75043848,0,1.43849831,0.64883677426717,NaN,NaN,NaN,NaN,NaN,NaN,NaN,NaN,NaN,NaN,NaN,NaN,NaN,,NaN,NaN,145.825221085616,2.235674416,0,0.968416258,0.425266927207523,NaN,NaN,NaN,NaN,NaN,NaN,NaN,NaN,NaN,NaN,NaN,NaN,NaN,,NaN,NaN,145.837241993106
53.75,0.0561251719999989,0,3.429558948,48.2792401909501,NaN,NaN,NaN,NaN,NaN,NaN,NaN,NaN,NaN,NaN,NaN,NaN,NaN,,NaN,NaN,146.099070599163,1.561579792,0,3.459087596,0.199644317116664,NaN,NaN,NaN,NaN,NaN,NaN,NaN,NaN,NaN,NaN,NaN,NaN,NaN,,NaN,NaN,147.780884817747,0.874551776,0,2.039998428,0.544925266531013,NaN,NaN,NaN,NaN,NaN,NaN,NaN,NaN,NaN,NaN,NaN,NaN,NaN,,NaN,NaN,145.564779012083,0.689744512,0,1.20417797,47.3717528579722,NaN,NaN,NaN,NaN,NaN,NaN,NaN,NaN,NaN,NaN,NaN,NaN,NaN,,NaN,NaN,144.549310928293,1.75043848,0,1.43849831,0.599973776593702,NaN,NaN,NaN,NaN,NaN,NaN,NaN,NaN,NaN,NaN,NaN,NaN,NaN,,NaN,NaN,145.825221085616,2.235674416,0,0.968416258,0.342417489195823,NaN,NaN,NaN,NaN,NaN,NaN,NaN,NaN,NaN,NaN,NaN,NaN,NaN,,NaN,NaN,145.837241993106
53.8333333333333,0.0561251719999989,0,3.429558948,48.1024361884925,NaN,NaN,NaN,NaN,NaN,NaN,NaN,NaN,NaN,NaN,NaN,NaN,NaN,,NaN,NaN,146.099070599163,1.561579792,0,3.459087596,0.165891121236007,NaN,NaN,NaN,NaN,NaN,NaN,NaN,NaN,NaN,NaN,NaN,NaN,NaN,,NaN,NaN,147.780884817747,0.874551776,0,2.039998428,0.376513153177102,NaN,NaN,NaN,NaN,NaN,NaN,NaN,NaN,NaN,NaN,NaN,NaN,NaN,,NaN,NaN,145.564779012083,0.689744512,0,1.20417797,46.946323839322,NaN,NaN,NaN,NaN,NaN,NaN,NaN,NaN,NaN,NaN,NaN,NaN,NaN,,NaN,NaN,144.549310928293,1.75043848,0,1.43849831,0.582243256068273,NaN,NaN,NaN,NaN,NaN,NaN,NaN,NaN,NaN,NaN,NaN,NaN,NaN,,NaN,NaN,145.825221085616,2.235674416,0,0.968416258,0.309350473661016,NaN,NaN,NaN,NaN,NaN,NaN,NaN,NaN,NaN,NaN,NaN,NaN,NaN,,NaN,NaN,145.837241993106
53.9166666666667,0.0561251719999989,0,3.429558948,47.605761060343,NaN,NaN,NaN,NaN,NaN,NaN,NaN,NaN,NaN,NaN,NaN,NaN,NaN,,NaN,NaN,146.099070599163,1.561579792,0,3.459087596,-0.00628560068036321,NaN,NaN,NaN,NaN,NaN,NaN,NaN,NaN,NaN,NaN,NaN,NaN,NaN,,NaN,NaN,147.780884817747,0.874551776,0,2.039998428,0.236303093886098,NaN,NaN,NaN,NaN,NaN,NaN,NaN,NaN,NaN,NaN,NaN,NaN,NaN,,NaN,NaN,145.564779012083,0.689744512,0,1.20417797,46.5946083115353,NaN,NaN,NaN,NaN,NaN,NaN,NaN,NaN,NaN,NaN,NaN,NaN,NaN,,NaN,NaN,144.549310928293,1.75043848,0,1.43849831,0.606681401397709,NaN,NaN,NaN,NaN,NaN,NaN,NaN,NaN,NaN,NaN,NaN,NaN,NaN,,NaN,NaN,145.825221085616,2.235674416,0,0.968416258,0.318848427424048,NaN,NaN,NaN,NaN,NaN,NaN,NaN,NaN,NaN,NaN,NaN,NaN,NaN,,NaN,NaN,145.837241993106
54,0.0561251719999989,0,3.429558948,47.2387880335309,NaN,NaN,NaN,NaN,NaN,NaN,NaN,NaN,NaN,NaN,NaN,NaN,NaN,,NaN,NaN,146.099070599163,1.561579792,0,3.459087596,-0.0665458321407783,NaN,NaN,NaN,NaN,NaN,NaN,NaN,NaN,NaN,NaN,NaN,NaN,NaN,,NaN,NaN,147.780884817747,0.874551776,0,2.039998428,0.193932129642992,NaN,NaN,NaN,NaN,NaN,NaN,NaN,NaN,NaN,NaN,NaN,NaN,NaN,,NaN,NaN,145.564779012083,0.689744512,0,1.20417797,46.2526957995313,NaN,NaN,NaN,NaN,NaN,NaN,NaN,NaN,NaN,NaN,NaN,NaN,NaN,,NaN,NaN,144.549310928293,1.75043848,0,1.43849831,0.5777105143331,NaN,NaN,NaN,NaN,NaN,NaN,NaN,NaN,NaN,NaN,NaN,NaN,NaN,,NaN,NaN,145.825221085616,2.235674416,0,0.968416258,0.268486283117379,NaN,NaN,NaN,NaN,NaN,NaN,NaN,NaN,NaN,NaN,NaN,NaN,NaN,,NaN,NaN,145.837241993106
54.0833333333333,0.0561251719999989,0,3.429558948,46.8692124908912,NaN,NaN,NaN,NaN,NaN,NaN,NaN,NaN,NaN,NaN,NaN,NaN,NaN,,NaN,NaN,146.099070599163,1.561579792,0,3.459087596,-0.219914958756358,NaN,NaN,NaN,NaN,NaN,NaN,NaN,NaN,NaN,NaN,NaN,NaN,NaN,,NaN,NaN,147.780884817747,0.874551776,0,2.039998428,0.0740059640053807,NaN,NaN,NaN,NaN,NaN,NaN,NaN,NaN,NaN,NaN,NaN,NaN,NaN,,NaN,NaN,145.564779012083,0.689744512,0,1.20417797,45.813545216764,NaN,NaN,NaN,NaN,NaN,NaN,NaN,NaN,NaN,NaN,NaN,NaN,NaN,,NaN,NaN,144.549310928293,1.75043848,0,1.43849831,0.585842091313336,NaN,NaN,NaN,NaN,NaN,NaN,NaN,NaN,NaN,NaN,NaN,NaN,NaN,,NaN,NaN,145.825221085616,2.235674416,0,0.968416258,0.282466461341869,NaN,NaN,NaN,NaN,NaN,NaN,NaN,NaN,NaN,NaN,NaN,NaN,NaN,,NaN,NaN,145.837241993106
54.1666666666667,0.0561251719999989,0,3.429558948,46.4421098087804,NaN,NaN,NaN,NaN,NaN,NaN,NaN,NaN,NaN,NaN,NaN,NaN,NaN,,NaN,NaN,146.099070599163,1.561579792,0,3.459087596,-0.34713560397724,NaN,NaN,NaN,NaN,NaN,NaN,NaN,NaN,NaN,NaN,NaN,NaN,NaN,,NaN,NaN,147.780884817747,0.874551776,0,2.039998428,0.0285886148087145,NaN,NaN,NaN,NaN,NaN,NaN,NaN,NaN,NaN,NaN,NaN,NaN,NaN,,NaN,NaN,145.564779012083,0.689744512,0,1.20417797,45.4759257176546,NaN,NaN,NaN,NaN,NaN,NaN,NaN,NaN,NaN,NaN,NaN,NaN,NaN,,NaN,NaN,144.549310928293,1.75043848,0,1.43849831,0.624731063240498,NaN,NaN,NaN,NaN,NaN,NaN,NaN,NaN,NaN,NaN,NaN,NaN,NaN,,NaN,NaN,145.825221085616,2.235674416,0,0.968416258,0.372362221938418,NaN,NaN,NaN,NaN,NaN,NaN,NaN,NaN,NaN,NaN,NaN,NaN,NaN,,NaN,NaN,145.837241993106
54.25,0.0561251719999989,0,3.429558948,46.1387731566627,NaN,NaN,NaN,NaN,NaN,NaN,NaN,NaN,NaN,NaN,NaN,NaN,NaN,,NaN,NaN,146.099070599163,1.561579792,0,3.459087596,-0.320569955633466,NaN,NaN,NaN,NaN,NaN,NaN,NaN,NaN,NaN,NaN,NaN,NaN,NaN,,NaN,NaN,147.780884817747,0.874551776,0,2.039998428,0.191717479622616,NaN,NaN,NaN,NaN,NaN,NaN,NaN,NaN,NaN,NaN,NaN,NaN,NaN,,NaN,NaN,145.564779012083,0.689744512,0,1.20417797,45.4789853050198,NaN,NaN,NaN,NaN,NaN,NaN,NaN,NaN,NaN,NaN,NaN,NaN,NaN,,NaN,NaN,144.549310928293,1.75043848,0,1.43849831,0.647544842097189,NaN,NaN,NaN,NaN,NaN,NaN,NaN,NaN,NaN,NaN,NaN,NaN,NaN,,NaN,NaN,145.825221085616,2.235674416,0,0.968416258,0.431503060855104,NaN,NaN,NaN,NaN,NaN,NaN,NaN,NaN,NaN,NaN,NaN,NaN,NaN,,NaN,NaN,145.837241993106
54.3333333333333,0.0561251719999989,0,3.429558948,46.2175195113277,NaN,NaN,NaN,NaN,NaN,NaN,NaN,NaN,NaN,NaN,NaN,NaN,NaN,,NaN,NaN,146.099070599163,1.561579792,0,3.459087596,-0.104675980354642,NaN,NaN,NaN,NaN,NaN,NaN,NaN,NaN,NaN,NaN,NaN,NaN,NaN,,NaN,NaN,147.780884817747,0.874551776,0,2.039998428,0.426532887017713,NaN,NaN,NaN,NaN,NaN,NaN,NaN,NaN,NaN,NaN,NaN,NaN,NaN,,NaN,NaN,145.564779012083,0.689744512,0,1.20417797,45.4811039813943,NaN,NaN,NaN,NaN,NaN,NaN,NaN,NaN,NaN,NaN,NaN,NaN,NaN,,NaN,NaN,144.549310928293,1.75043848,0,1.43849831,0.634056141055711,NaN,NaN,NaN,NaN,NaN,NaN,NaN,NaN,NaN,NaN,NaN,NaN,NaN,,NaN,NaN,145.825221085616,2.235674416,0,0.968416258,0.388368393230142,NaN,NaN,NaN,NaN,NaN,NaN,NaN,NaN,NaN,NaN,NaN,NaN,NaN,,NaN,NaN,145.837241993106
54.4166666666667,0.0561251719999989,0,3.429558948,46.2401795931895,NaN,NaN,NaN,NaN,NaN,NaN,NaN,NaN,NaN,NaN,NaN,NaN,NaN,,NaN,NaN,146.099070599163,1.561579792,0,3.459087596,0.0571604942942937,NaN,NaN,NaN,NaN,NaN,NaN,NaN,NaN,NaN,NaN,NaN,NaN,NaN,,NaN,NaN,147.780884817747,0.874551776,0,2.039998428,0.482242898007156,NaN,NaN,NaN,NaN,NaN,NaN,NaN,NaN,NaN,NaN,NaN,NaN,NaN,,NaN,NaN,145.564779012083,0.689744512,0,1.20417797,45.2521786823666,NaN,NaN,NaN,NaN,NaN,NaN,NaN,NaN,NaN,NaN,NaN,NaN,NaN,,NaN,NaN,144.549310928293,1.75043848,0,1.43849831,0.582716862289264,NaN,NaN,NaN,NaN,NaN,NaN,NaN,NaN,NaN,NaN,NaN,NaN,NaN,,NaN,NaN,145.825221085616,2.235674416,0,0.968416258,0.32880793081839,NaN,NaN,NaN,NaN,NaN,NaN,NaN,NaN,NaN,NaN,NaN,NaN,NaN,,NaN,NaN,145.837241993106
54.5,0.0561251719999989,0,3.429558948,45.896925523383,NaN,NaN,NaN,NaN,NaN,NaN,NaN,NaN,NaN,NaN,NaN,NaN,NaN,,NaN,NaN,146.099070599163,1.561579792,0,3.459087596,-0.0436747499184456,NaN,NaN,NaN,NaN,NaN,NaN,NaN,NaN,NaN,NaN,NaN,NaN,NaN,,NaN,NaN,147.780884817747,0.874551776,0,2.039998428,0.331511860880776,NaN,NaN,NaN,NaN,NaN,NaN,NaN,NaN,NaN,NaN,NaN,NaN,NaN,,NaN,NaN,145.564779012083,0.689744512,0,1.20417797,44.942489425739,NaN,NaN,NaN,NaN,NaN,NaN,NaN,NaN,NaN,NaN,NaN,NaN,NaN,,NaN,NaN,144.549310928293,1.75043848,0,1.43849831,0.61020962816682,NaN,NaN,NaN,NaN,NaN,NaN,NaN,NaN,NaN,NaN,NaN,NaN,NaN,,NaN,NaN,145.825221085616,2.235674416,0,0.968416258,0.328956184104848,NaN,NaN,NaN,NaN,NaN,NaN,NaN,NaN,NaN,NaN,NaN,NaN,NaN,,NaN,NaN,145.837241993106
54.5833333333333,0.0561251719999989,0,3.429558948,45.5649361063169,NaN,NaN,NaN,NaN,NaN,NaN,NaN,NaN,NaN,NaN,NaN,NaN,NaN,,NaN,NaN,146.099070599163,1.561579792,0,3.459087596,-0.0561974043960958,NaN,NaN,NaN,NaN,NaN,NaN,NaN,NaN,NaN,NaN,NaN,NaN,NaN,,NaN,NaN,147.780884817747,0.874551776,0,2.039998428,0.327038691261002,NaN,NaN,NaN,NaN,NaN,NaN,NaN,NaN,NaN,NaN,NaN,NaN,NaN,,NaN,NaN,145.564779012083,0.689744512,0,1.20417797,44.6769523273966,NaN,NaN,NaN,NaN,NaN,NaN,NaN,NaN,NaN,NaN,NaN,NaN,NaN,,NaN,NaN,144.549310928293,1.75043848,0,1.43849831,0.584553577412392,NaN,NaN,NaN,NaN,NaN,NaN,NaN,NaN,NaN,NaN,NaN,NaN,NaN,,NaN,NaN,145.825221085616,2.235674416,0,0.968416258,0.29756977564055,NaN,NaN,NaN,NaN,NaN,NaN,NaN,NaN,NaN,NaN,NaN,NaN,NaN,,NaN,NaN,145.837241993106
54.6666666666667,0.0561251719999989,0,3.429558948,45.3024687588768,NaN,NaN,NaN,NaN,NaN,NaN,NaN,NaN,NaN,NaN,NaN,NaN,NaN,,NaN,NaN,146.099070599163,1.561579792,0,3.459087596,-0.107694552967351,NaN,NaN,NaN,NaN,NaN,NaN,NaN,NaN,NaN,NaN,NaN,NaN,NaN,,NaN,NaN,147.780884817747,0.874551776,0,2.039998428,0.252004413286894,NaN,NaN,NaN,NaN,NaN,NaN,NaN,NaN,NaN,NaN,NaN,NaN,NaN,,NaN,NaN,145.564779012083,0.689744512,0,1.20417797,44.3348383499258,NaN,NaN,NaN,NaN,NaN,NaN,NaN,NaN,NaN,NaN,NaN,NaN,NaN,,NaN,NaN,144.549310928293,1.75043848,0,1.43849831,0.582801446703889,NaN,NaN,NaN,NaN,NaN,NaN,NaN,NaN,NaN,NaN,NaN,NaN,NaN,,NaN,NaN,145.825221085616,2.235674416,0,0.968416258,0.276758307113532,NaN,NaN,NaN,NaN,NaN,NaN,NaN,NaN,NaN,NaN,NaN,NaN,NaN,,NaN,NaN,145.837241993106
54.75,0.0561251719999989,0,3.429558948,44.9688138586002,NaN,NaN,NaN,NaN,NaN,NaN,NaN,NaN,NaN,NaN,NaN,NaN,NaN,,NaN,NaN,146.099070599163,1.561579792,0,3.459087596,-0.215526687090601,NaN,NaN,NaN,NaN,NaN,NaN,NaN,NaN,NaN,NaN,NaN,NaN,NaN,,NaN,NaN,147.780884817747,0.874551776,0,2.039998428,0.155307627008771,NaN,NaN,NaN,NaN,NaN,NaN,NaN,NaN,NaN,NaN,NaN,NaN,NaN,,NaN,NaN,145.564779012083,0.689744512,0,1.20417797,44.0023807548237,NaN,NaN,NaN,NaN,NaN,NaN,NaN,NaN,NaN,NaN,NaN,NaN,NaN,,NaN,NaN,144.549310928293,1.75043848,0,1.43849831,0.5779791488375,NaN,NaN,NaN,NaN,NaN,NaN,NaN,NaN,NaN,NaN,NaN,NaN,NaN,,NaN,NaN,145.825221085616,2.235674416,0,0.968416258,0.28173553439171,NaN,NaN,NaN,NaN,NaN,NaN,NaN,NaN,NaN,NaN,NaN,NaN,NaN,,NaN,NaN,145.837241993106
54.8333333333333,0.0561251719999989,0,3.429558948,44.6423836333398,NaN,NaN,NaN,NaN,NaN,NaN,NaN,NaN,NaN,NaN,NaN,NaN,NaN,,NaN,NaN,146.099070599163,1.561579792,0,3.459087596,-0.29537919147393,NaN,NaN,NaN,NaN,NaN,NaN,NaN,NaN,NaN,NaN,NaN,NaN,NaN,,NaN,NaN,147.780884817747,0.874551776,0,2.039998428,0.155376668355739,NaN,NaN,NaN,NaN,NaN,NaN,NaN,NaN,NaN,NaN,NaN,NaN,NaN,,NaN,NaN,145.564779012083,0.689744512,0,1.20417797,43.7723419596692,NaN,NaN,NaN,NaN,NaN,NaN,NaN,NaN,NaN,NaN,NaN,NaN,NaN,,NaN,NaN,144.549310928293,1.75043848,0,1.43849831,0.656835624071179,NaN,NaN,NaN,NaN,NaN,NaN,NaN,NaN,NaN,NaN,NaN,NaN,NaN,,NaN,NaN,145.825221085616,2.235674416,0,0.968416258,0.428269707196662,NaN,NaN,NaN,NaN,NaN,NaN,NaN,NaN,NaN,NaN,NaN,NaN,NaN,,NaN,NaN,145.837241993106
54.9166666666667,0.0561251719999989,0,3.429558948,44.5028982322923,NaN,NaN,NaN,NaN,NaN,NaN,NaN,NaN,NaN,NaN,NaN,NaN,NaN,,NaN,NaN,146.099070599163,1.561579792,0,3.459087596,-0.128749509483397,NaN,NaN,NaN,NaN,NaN,NaN,NaN,NaN,NaN,NaN,NaN,NaN,NaN,,NaN,NaN,147.780884817747,0.874551776,0,2.039998428,0.421517693290008,NaN,NaN,NaN,NaN,NaN,NaN,NaN,NaN,NaN,NaN,NaN,NaN,NaN,,NaN,NaN,145.564779012083,0.689744512,0,1.20417797,43.9105710122082,NaN,NaN,NaN,NaN,NaN,NaN,NaN,NaN,NaN,NaN,NaN,NaN,NaN,,NaN,NaN,144.549310928293,1.75043848,0,1.43849831,0.64160637552486,NaN,NaN,NaN,NaN,NaN,NaN,NaN,NaN,NaN,NaN,NaN,NaN,NaN,,NaN,NaN,145.825221085616,2.235674416,0,0.968416258,0.418414769572808,NaN,NaN,NaN,NaN,NaN,NaN,NaN,NaN,NaN,NaN,NaN,NaN,NaN,,NaN,NaN,145.837241993106
55,0.0561251719999989,0,3.429558948,44.6657549846084,NaN,NaN,NaN,NaN,NaN,NaN,NaN,NaN,NaN,NaN,NaN,NaN,NaN,,NaN,NaN,146.099070599163,1.561579792,0,3.459087596,0.102061023296944,NaN,NaN,NaN,NaN,NaN,NaN,NaN,NaN,NaN,NaN,NaN,NaN,NaN,,NaN,NaN,147.780884817747,0.874551776,0,2.039998428,0.574053216334364,NaN,NaN,NaN,NaN,NaN,NaN,NaN,NaN,NaN,NaN,NaN,NaN,NaN,,NaN,NaN,145.564779012083,0.689744512,0,1.20417797,43.8759045096447,NaN,NaN,NaN,NaN,NaN,NaN,NaN,NaN,NaN,NaN,NaN,NaN,NaN,,NaN,NaN,144.549310928293,1.75043848,0,1.43849831,0.585796334135956,NaN,NaN,NaN,NaN,NaN,NaN,NaN,NaN,NaN,NaN,NaN,NaN,NaN,,NaN,NaN,145.825221085616,2.235674416,0,0.968416258,0.31914339866085,NaN,NaN,NaN,NaN,NaN,NaN,NaN,NaN,NaN,NaN,NaN,NaN,NaN,,NaN,NaN,145.837241993106
55.0833333333333,0.0561251719999989,0,3.429558948,44.5748282858462,NaN,NaN,NaN,NaN,NaN,NaN,NaN,NaN,NaN,NaN,NaN,NaN,NaN,,NaN,NaN,146.099070599163,1.561579792,0,3.459087596,0.109034155912336,NaN,NaN,NaN,NaN,NaN,NaN,NaN,NaN,NaN,NaN,NaN,NaN,NaN,,NaN,NaN,147.780884817747,0.874551776,0,2.039998428,0.430912187956702,NaN,NaN,NaN,NaN,NaN,NaN,NaN,NaN,NaN,NaN,NaN,NaN,NaN,,NaN,NaN,145.564779012083,0.689744512,0,1.20417797,43.5063014904605,NaN,NaN,NaN,NaN,NaN,NaN,NaN,NaN,NaN,NaN,NaN,NaN,NaN,,NaN,NaN,144.549310928293,1.75043848,0,1.43849831,0.577902299423154,NaN,NaN,NaN,NaN,NaN,NaN,NaN,NaN,NaN,NaN,NaN,NaN,NaN,,NaN,NaN,145.825221085616,2.235674416,0,0.968416258,0.284298571735402,NaN,NaN,NaN,NaN,NaN,NaN,NaN,NaN,NaN,NaN,NaN,NaN,NaN,,NaN,NaN,145.837241993106
55.1666666666667,0.0561251719999989,0,3.429558948,44.1150885048413,NaN,NaN,NaN,NaN,NaN,NaN,NaN,NaN,NaN,NaN,NaN,NaN,NaN,,NaN,NaN,146.099070599163,1.561579792,0,3.459087596,-0.0330736857433035,NaN,NaN,NaN,NaN,NaN,NaN,NaN,NaN,NaN,NaN,NaN,NaN,NaN,,NaN,NaN,147.780884817747,0.874551776,0,2.039998428,0.263492711119738,NaN,NaN,NaN,NaN,NaN,NaN,NaN,NaN,NaN,NaN,NaN,NaN,NaN,,NaN,NaN,145.564779012083,0.689744512,0,1.20417797,43.1066579526917,NaN,NaN,NaN,NaN,NaN,NaN,NaN,NaN,NaN,NaN,NaN,NaN,NaN,,NaN,NaN,144.549310928293,1.75043848,0,1.43849831,0.569308905555123,NaN,NaN,NaN,NaN,NaN,NaN,NaN,NaN,NaN,NaN,NaN,NaN,NaN,,NaN,NaN,145.825221085616,2.235674416,0,0.968416258,0.252819513903271,NaN,NaN,NaN,NaN,NaN,NaN,NaN,NaN,NaN,NaN,NaN,NaN,NaN,,NaN,NaN,145.837241993106
55.25,0.0561251719999989,0,3.429558948,43.7180898217211,NaN,NaN,NaN,NaN,NaN,NaN,NaN,NaN,NaN,NaN,NaN,NaN,NaN,,NaN,NaN,146.099070599163,1.561579792,0,3.459087596,-0.184981947245259,NaN,NaN,NaN,NaN,NaN,NaN,NaN,NaN,NaN,NaN,NaN,NaN,NaN,,NaN,NaN,147.780884817747,0.874551776,0,2.039998428,0.138764487092748,NaN,NaN,NaN,NaN,NaN,NaN,NaN,NaN,NaN,NaN,NaN,NaN,NaN,,NaN,NaN,145.564779012083,0.689744512,0,1.20417797,42.670190620478,NaN,NaN,NaN,NaN,NaN,NaN,NaN,NaN,NaN,NaN,NaN,NaN,NaN,,NaN,NaN,144.549310928293,1.75043848,0,1.43849831,0.572493726090879,NaN,NaN,NaN,NaN,NaN,NaN,NaN,NaN,NaN,NaN,NaN,NaN,NaN,,NaN,NaN,145.825221085616,2.235674416,0,0.968416258,0.242776295506402,NaN,NaN,NaN,NaN,NaN,NaN,NaN,NaN,NaN,NaN,NaN,NaN,NaN,,NaN,NaN,145.837241993106
55.3333333333333,0.0561251719999989,0,3.429558948,43.3185653114412,NaN,NaN,NaN,NaN,NaN,NaN,NaN,NaN,NaN,NaN,NaN,NaN,NaN,,NaN,NaN,146.099070599163,1.561579792,0,3.459087596,-0.316951769195104,NaN,NaN,NaN,NaN,NaN,NaN,NaN,NaN,NaN,NaN,NaN,NaN,NaN,,NaN,NaN,147.780884817747,0.874551776,0,2.039998428,0.0377170730186328,NaN,NaN,NaN,NaN,NaN,NaN,NaN,NaN,NaN,NaN,NaN,NaN,NaN,,NaN,NaN,145.564779012083,0.689744512,0,1.20417797,42.2776375603559,NaN,NaN,NaN,NaN,NaN,NaN,NaN,NaN,NaN,NaN,NaN,NaN,NaN,,NaN,NaN,144.549310928293,1.75043848,0,1.43849831,0.5631681814428,NaN,NaN,NaN,NaN,NaN,NaN,NaN,NaN,NaN,NaN,NaN,NaN,NaN,,NaN,NaN,145.825221085616,2.235674416,0,0.968416258,0.222632831183023,NaN,NaN,NaN,NaN,NaN,NaN,NaN,NaN,NaN,NaN,NaN,NaN,NaN,,NaN,NaN,145.837241993106
55.4166666666667,0.0561251719999989,0,3.429558948,42.9374716028458,NaN,NaN,NaN,NaN,NaN,NaN,NaN,NaN,NaN,NaN,NaN,NaN,NaN,,NaN,NaN,146.099070599163,1.561579792,0,3.459087596,-0.459991636881809,NaN,NaN,NaN,NaN,NaN,NaN,NaN,NaN,NaN,NaN,NaN,NaN,NaN,,NaN,NaN,147.780884817747,0.874551776,0,2.039998428,-0.0289032250980771,NaN,NaN,NaN,NaN,NaN,NaN,NaN,NaN,NaN,NaN,NaN,NaN,NaN,,NaN,NaN,145.564779012083,0.689744512,0,1.20417797,41.866709246923,NaN,NaN,NaN,NaN,NaN,NaN,NaN,NaN,NaN,NaN,NaN,NaN,NaN,,NaN,NaN,144.549310928293,1.75043848,0,1.43849831,0.58681650398473,NaN,NaN,NaN,NaN,NaN,NaN,NaN,NaN,NaN,NaN,NaN,NaN,NaN,,NaN,NaN,145.825221085616,2.235674416,0,0.968416258,0.304979085663293,NaN,NaN,NaN,NaN,NaN,NaN,NaN,NaN,NaN,NaN,NaN,NaN,NaN,,NaN,NaN,145.837241993106
55.5,0.0561251719999989,0,3.429558948,42.5547856837338,NaN,NaN,NaN,NaN,NaN,NaN,NaN,NaN,NaN,NaN,NaN,NaN,NaN,,NaN,NaN,146.099070599163,1.561579792,0,3.459087596,-0.534155369536422,NaN,NaN,NaN,NaN,NaN,NaN,NaN,NaN,NaN,NaN,NaN,NaN,NaN,,NaN,NaN,147.780884817747,0.874551776,0,2.039998428,0.0564056982113417,NaN,NaN,NaN,NaN,NaN,NaN,NaN,NaN,NaN,NaN,NaN,NaN,NaN,,NaN,NaN,145.564779012083,0.689744512,0,1.20417797,41.8438529131424,NaN,NaN,NaN,NaN,NaN,NaN,NaN,NaN,NaN,NaN,NaN,NaN,NaN,,NaN,NaN,144.549310928293,1.75043848,0,1.43849831,0.644944154368019,NaN,NaN,NaN,NaN,NaN,NaN,NaN,NaN,NaN,NaN,NaN,NaN,NaN,,NaN,NaN,145.825221085616,2.235674416,0,0.968416258,0.407950336293743,NaN,NaN,NaN,NaN,NaN,NaN,NaN,NaN,NaN,NaN,NaN,NaN,NaN,,NaN,NaN,145.837241993106
55.5833333333333,0.0561251719999989,0,3.429558948,42.5711563029279,NaN,NaN,NaN,NaN,NaN,NaN,NaN,NaN,NaN,NaN,NaN,NaN,NaN,,NaN,NaN,146.099070599163,1.561579792,0,3.459087596,-0.296221384463001,NaN,NaN,NaN,NaN,NaN,NaN,NaN,NaN,NaN,NaN,NaN,NaN,NaN,,NaN,NaN,147.780884817747,0.874551776,0,2.039998428,0.335267744826211,NaN,NaN,NaN,NaN,NaN,NaN,NaN,NaN,NaN,NaN,NaN,NaN,NaN,,NaN,NaN,145.564779012083,0.689744512,0,1.20417797,41.8937631586567,NaN,NaN,NaN,NaN,NaN,NaN,NaN,NaN,NaN,NaN,NaN,NaN,NaN,,NaN,NaN,144.549310928293,1.75043848,0,1.43849831,0.643690197661398,NaN,NaN,NaN,NaN,NaN,NaN,NaN,NaN,NaN,NaN,NaN,NaN,NaN,,NaN,NaN,145.825221085616,2.235674416,0,0.968416258,0.417067417395061,NaN,NaN,NaN,NaN,NaN,NaN,NaN,NaN,NaN,NaN,NaN,NaN,NaN,,NaN,NaN,145.837241993106
55.6666666666667,0.0561251719999989,0,3.429558948,42.6467101877084,NaN,NaN,NaN,NaN,NaN,NaN,NaN,NaN,NaN,NaN,NaN,NaN,NaN,,NaN,NaN,146.099070599163,1.561579792,0,3.459087596,-0.0923645712200668,NaN,NaN,NaN,NaN,NaN,NaN,NaN,NaN,NaN,NaN,NaN,NaN,NaN,,NaN,NaN,147.780884817747,0.874551776,0,2.039998428,0.505793369504108,NaN,NaN,NaN,NaN,NaN,NaN,NaN,NaN,NaN,NaN,NaN,NaN,NaN,,NaN,NaN,145.564779012083,0.689744512,0,1.20417797,41.8610366901565,NaN,NaN,NaN,NaN,NaN,NaN,NaN,NaN,NaN,NaN,NaN,NaN,NaN,,NaN,NaN,144.549310928293,1.75043848,0,1.43849831,0.568273466312217,NaN,NaN,NaN,NaN,NaN,NaN,NaN,NaN,NaN,NaN,NaN,NaN,NaN,,NaN,NaN,145.825221085616,2.235674416,0,0.968416258,0.288184936910931,NaN,NaN,NaN,NaN,NaN,NaN,NaN,NaN,NaN,NaN,NaN,NaN,NaN,,NaN,NaN,145.837241993106
55.75,0.0561251719999989,0,3.429558948,42.4973987845328,NaN,NaN,NaN,NaN,NaN,NaN,NaN,NaN,NaN,NaN,NaN,NaN,NaN,,NaN,NaN,146.099070599163,1.561579792,0,3.459087596,-0.0849411454837851,NaN,NaN,NaN,NaN,NaN,NaN,NaN,NaN,NaN,NaN,NaN,NaN,NaN,,NaN,NaN,147.780884817747,0.874551776,0,2.039998428,0.345668515043329,NaN,NaN,NaN,NaN,NaN,NaN,NaN,NaN,NaN,NaN,NaN,NaN,NaN,,NaN,NaN,145.564779012083,0.689744512,0,1.20417797,41.390200249211,NaN,NaN,NaN,NaN,NaN,NaN,NaN,NaN,NaN,NaN,NaN,NaN,NaN,,NaN,NaN,144.549310928293,1.75043848,0,1.43849831,0.547310321779628,NaN,NaN,NaN,NaN,NaN,NaN,NaN,NaN,NaN,NaN,NaN,NaN,NaN,,NaN,NaN,145.825221085616,2.235674416,0,0.968416258,0.219656482712959,NaN,NaN,NaN,NaN,NaN,NaN,NaN,NaN,NaN,NaN,NaN,NaN,NaN,,NaN,NaN,145.837241993106
55.8333333333333,0.0561251719999989,0,3.429558948,41.9593897726055,NaN,NaN,NaN,NaN,NaN,NaN,NaN,NaN,NaN,NaN,NaN,NaN,NaN,,NaN,NaN,146.099070599163,1.561579792,0,3.459087596,-0.314643726119333,NaN,NaN,NaN,NaN,NaN,NaN,NaN,NaN,NaN,NaN,NaN,NaN,NaN,,NaN,NaN,147.780884817747,0.874551776,0,2.039998428,0.105593359025399,NaN,NaN,NaN,NaN,NaN,NaN,NaN,NaN,NaN,NaN,NaN,NaN,NaN,,NaN,NaN,145.564779012083,0.689744512,0,1.20417797,40.9129554991174,NaN,NaN,NaN,NaN,NaN,NaN,NaN,NaN,NaN,NaN,NaN,NaN,NaN,,NaN,NaN,144.549310928293,1.75043848,0,1.43849831,0.563473819738628,NaN,NaN,NaN,NaN,NaN,NaN,NaN,NaN,NaN,NaN,NaN,NaN,NaN,,NaN,NaN,145.825221085616,2.235674416,0,0.968416258,0.226474228422263,NaN,NaN,NaN,NaN,NaN,NaN,NaN,NaN,NaN,NaN,NaN,NaN,NaN,,NaN,NaN,145.837241993106
55.9166666666667,0.0561251719999989,0,3.429558948,41.5076156052725,NaN,NaN,NaN,NaN,NaN,NaN,NaN,NaN,NaN,NaN,NaN,NaN,NaN,,NaN,NaN,146.099070599163,1.561579792,0,3.459087596,-0.458475409608482,NaN,NaN,NaN,NaN,NaN,NaN,NaN,NaN,NaN,NaN,NaN,NaN,NaN,,NaN,NaN,147.780884817747,0.874551776,0,2.039998428,0.0170878316955573,NaN,NaN,NaN,NaN,NaN,NaN,NaN,NaN,NaN,NaN,NaN,NaN,NaN,,NaN,NaN,145.564779012083,0.689744512,0,1.20417797,40.5280488126285,NaN,NaN,NaN,NaN,NaN,NaN,NaN,NaN,NaN,NaN,NaN,NaN,NaN,,NaN,NaN,144.549310928293,1.75043848,0,1.43849831,0.568457434435984,NaN,NaN,NaN,NaN,NaN,NaN,NaN,NaN,NaN,NaN,NaN,NaN,NaN,,NaN,NaN,145.825221085616,2.235674416,0,0.968416258,0.258761212275235,NaN,NaN,NaN,NaN,NaN,NaN,NaN,NaN,NaN,NaN,NaN,NaN,NaN,,NaN,NaN,145.837241993106
56,0.0561251719999989,0,3.429558948,41.1614607945435,NaN,NaN,NaN,NaN,NaN,NaN,NaN,NaN,NaN,NaN,NaN,NaN,NaN,,NaN,NaN,146.099070599163,1.561579792,0,3.459087596,-0.531233491617998,NaN,NaN,NaN,NaN,NaN,NaN,NaN,NaN,NaN,NaN,NaN,NaN,NaN,,NaN,NaN,147.780884817747,0.874551776,0,2.039998428,0.0261299082320042,NaN,NaN,NaN,NaN,NaN,NaN,NaN,NaN,NaN,NaN,NaN,NaN,NaN,,NaN,NaN,145.564779012083,0.689744512,0,1.20417797,40.2519660621782,NaN,NaN,NaN,NaN,NaN,NaN,NaN,NaN,NaN,NaN,NaN,NaN,NaN,,NaN,NaN,144.549310928293,1.75043848,0,1.43849831,0.572567550000492,NaN,NaN,NaN,NaN,NaN,NaN,NaN,NaN,NaN,NaN,NaN,NaN,NaN,,NaN,NaN,145.825221085616,2.235674416,0,0.968416258,0.25311995136268,NaN,NaN,NaN,NaN,NaN,NaN,NaN,NaN,NaN,NaN,NaN,NaN,NaN,,NaN,NaN,145.837241993106
56.0833333333333,0.0561251719999989,0,3.429558948,40.8709492228867,NaN,NaN,NaN,NaN,NaN,NaN,NaN,NaN,NaN,NaN,NaN,NaN,NaN,,NaN,NaN,146.099070599163,1.561579792,0,3.459087596,-0.570257094985372,NaN,NaN,NaN,NaN,NaN,NaN,NaN,NaN,NaN,NaN,NaN,NaN,NaN,,NaN,NaN,147.780884817747,0.874551776,0,2.039998428,0.0268752225501194,NaN,NaN,NaN,NaN,NaN,NaN,NaN,NaN,NaN,NaN,NaN,NaN,NaN,,NaN,NaN,145.564779012083,0.689744512,0,1.20417797,40.0474090999068,NaN,NaN,NaN,NaN,NaN,NaN,NaN,NaN,NaN,NaN,NaN,NaN,NaN,,NaN,NaN,144.549310928293,1.75043848,0,1.43849831,0.632724356593163,NaN,NaN,NaN,NaN,NaN,NaN,NaN,NaN,NaN,NaN,NaN,NaN,NaN,,NaN,NaN,145.825221085616,2.235674416,0,0.968416258,0.37912782856931,NaN,NaN,NaN,NaN,NaN,NaN,NaN,NaN,NaN,NaN,NaN,NaN,NaN,,NaN,NaN,145.837241993106
56.1666666666667,0.0561251719999989,0,3.429558948,40.7099156196067,NaN,NaN,NaN,NaN,NaN,NaN,NaN,NaN,NaN,NaN,NaN,NaN,NaN,,NaN,NaN,146.099070599163,1.561579792,0,3.459087596,-0.414519027977462,NaN,NaN,NaN,NaN,NaN,NaN,NaN,NaN,NaN,NaN,NaN,NaN,NaN,,NaN,NaN,147.780884817747,0.874551776,0,2.039998428,0.304286551033926,NaN,NaN,NaN,NaN,NaN,NaN,NaN,NaN,NaN,NaN,NaN,NaN,NaN,,NaN,NaN,145.564779012083,0.689744512,0,1.20417797,40.1932690830027,NaN,NaN,NaN,NaN,NaN,NaN,NaN,NaN,NaN,NaN,NaN,NaN,NaN,,NaN,NaN,144.549310928293,1.75043848,0,1.43849831,0.632454840819048,NaN,NaN,NaN,NaN,NaN,NaN,NaN,NaN,NaN,NaN,NaN,NaN,NaN,,NaN,NaN,145.825221085616,2.235674416,0,0.968416258,0.405234419067342,NaN,NaN,NaN,NaN,NaN,NaN,NaN,NaN,NaN,NaN,NaN,NaN,NaN,,NaN,NaN,145.837241993106
56.25,0.0561251719999989,0,3.429558948,40.8359501787618,NaN,NaN,NaN,NaN,NaN,NaN,NaN,NaN,NaN,NaN,NaN,NaN,NaN,,NaN,NaN,146.099070599163,1.561579792,0,3.459087596,-0.163387928647806,NaN,NaN,NaN,NaN,NaN,NaN,NaN,NaN,NaN,NaN,NaN,NaN,NaN,,NaN,NaN,147.780884817747,0.874551776,0,2.039998428,0.515265665339208,NaN,NaN,NaN,NaN,NaN,NaN,NaN,NaN,NaN,NaN,NaN,NaN,NaN,,NaN,NaN,145.564779012083,0.689744512,0,1.20417797,40.2394254787893,NaN,NaN,NaN,NaN,NaN,NaN,NaN,NaN,NaN,NaN,NaN,NaN,NaN,,NaN,NaN,144.549310928293,1.75043848,0,1.43849831,0.594851108407591,NaN,NaN,NaN,NaN,NaN,NaN,NaN,NaN,NaN,NaN,NaN,NaN,NaN,,NaN,NaN,145.825221085616,2.235674416,0,0.968416258,0.326695450911726,NaN,NaN,NaN,NaN,NaN,NaN,NaN,NaN,NaN,NaN,NaN,NaN,NaN,,NaN,NaN,145.837241993106
56.3333333333333,0.0561251719999989,0,3.429558948,40.8887824090371,NaN,NaN,NaN,NaN,NaN,NaN,NaN,NaN,NaN,NaN,NaN,NaN,NaN,,NaN,NaN,146.099070599163,1.561579792,0,3.459087596,-0.0279514058755244,NaN,NaN,NaN,NaN,NaN,NaN,NaN,NaN,NaN,NaN,NaN,NaN,NaN,,NaN,NaN,147.780884817747,0.874551776,0,2.039998428,0.466895600918111,NaN,NaN,NaN,NaN,NaN,NaN,NaN,NaN,NaN,NaN,NaN,NaN,NaN,,NaN,NaN,145.564779012083,0.689744512,0,1.20417797,39.8969821185465,NaN,NaN,NaN,NaN,NaN,NaN,NaN,NaN,NaN,NaN,NaN,NaN,NaN,,NaN,NaN,144.549310928293,1.75043848,0,1.43849831,0.53997665257191,NaN,NaN,NaN,NaN,NaN,NaN,NaN,NaN,NaN,NaN,NaN,NaN,NaN,,NaN,NaN,145.825221085616,2.235674416,0,0.968416258,0.23909197264902,NaN,NaN,NaN,NaN,NaN,NaN,NaN,NaN,NaN,NaN,NaN,NaN,NaN,,NaN,NaN,145.837241993106
56.4166666666667,0.0561251719999989,0,3.429558948,40.4696146945338,NaN,NaN,NaN,NaN,NaN,NaN,NaN,NaN,NaN,NaN,NaN,NaN,NaN,,NaN,NaN,146.099070599163,1.561579792,0,3.459087596,-0.186405863165354,NaN,NaN,NaN,NaN,NaN,NaN,NaN,NaN,NaN,NaN,NaN,NaN,NaN,,NaN,NaN,147.780884817747,0.874551776,0,2.039998428,0.267323628759975,NaN,NaN,NaN,NaN,NaN,NaN,NaN,NaN,NaN,NaN,NaN,NaN,NaN,,NaN,NaN,145.564779012083,0.689744512,0,1.20417797,39.4885679640973,NaN,NaN,NaN,NaN,NaN,NaN,NaN,NaN,NaN,NaN,NaN,NaN,NaN,,NaN,NaN,144.549310928293,1.75043848,0,1.43849831,0.566462183362641,NaN,NaN,NaN,NaN,NaN,NaN,NaN,NaN,NaN,NaN,NaN,NaN,NaN,,NaN,NaN,145.825221085616,2.235674416,0,0.968416258,0.263975965623779,NaN,NaN,NaN,NaN,NaN,NaN,NaN,NaN,NaN,NaN,NaN,NaN,NaN,,NaN,NaN,145.837241993106
56.5,0.0561251719999989,0,3.429558948,40.081240705304,NaN,NaN,NaN,NaN,NaN,NaN,NaN,NaN,NaN,NaN,NaN,NaN,NaN,,NaN,NaN,146.099070599163,1.561579792,0,3.459087596,-0.290455737714454,NaN,NaN,NaN,NaN,NaN,NaN,NaN,NaN,NaN,NaN,NaN,NaN,NaN,,NaN,NaN,147.780884817747,0.874551776,0,2.039998428,0.181744631212084,NaN,NaN,NaN,NaN,NaN,NaN,NaN,NaN,NaN,NaN,NaN,NaN,NaN,,NaN,NaN,145.564779012083,0.689744512,0,1.20417797,39.1610820283971,NaN,NaN,NaN,NaN,NaN,NaN,NaN,NaN,NaN,NaN,NaN,NaN,NaN,,NaN,NaN,144.549310928293,1.75043848,0,1.43849831,0.567092579080504,NaN,NaN,NaN,NaN,NaN,NaN,NaN,NaN,NaN,NaN,NaN,NaN,NaN,,NaN,NaN,145.825221085616,2.235674416,0,0.968416258,0.239443852909901,NaN,NaN,NaN,NaN,NaN,NaN,NaN,NaN,NaN,NaN,NaN,NaN,NaN,,NaN,NaN,145.837241993106
56.5833333333333,0.0561251719999989,0,3.429558948,39.7708748745481,NaN,NaN,NaN,NaN,NaN,NaN,NaN,NaN,NaN,NaN,NaN,NaN,NaN,,NaN,NaN,146.099070599163,1.561579792,0,3.459087596,-0.366523769257816,NaN,NaN,NaN,NaN,NaN,NaN,NaN,NaN,NaN,NaN,NaN,NaN,NaN,,NaN,NaN,147.780884817747,0.874551776,0,2.039998428,0.105632388371261,NaN,NaN,NaN,NaN,NaN,NaN,NaN,NaN,NaN,NaN,NaN,NaN,NaN,,NaN,NaN,145.564779012083,0.689744512,0,1.20417797,38.8488363187719,NaN,NaN,NaN,NaN,NaN,NaN,NaN,NaN,NaN,NaN,NaN,NaN,NaN,,NaN,NaN,144.549310928293,1.75043848,0,1.43849831,0.564312371679082,NaN,NaN,NaN,NaN,NaN,NaN,NaN,NaN,NaN,NaN,NaN,NaN,NaN,,NaN,NaN,145.825221085616,2.235674416,0,0.968416258,0.243957159995625,NaN,NaN,NaN,NaN,NaN,NaN,NaN,NaN,NaN,NaN,NaN,NaN,NaN,,NaN,NaN,145.837241993106
56.6666666666667,0.0561251719999989,0,3.429558948,39.4883027125686,NaN,NaN,NaN,NaN,NaN,NaN,NaN,NaN,NaN,NaN,NaN,NaN,NaN,,NaN,NaN,146.099070599163,1.561579792,0,3.459087596,-0.437859318297103,NaN,NaN,NaN,NaN,NaN,NaN,NaN,NaN,NaN,NaN,NaN,NaN,NaN,,NaN,NaN,147.780884817747,0.874551776,0,2.039998428,0.0467547450300945,NaN,NaN,NaN,NaN,NaN,NaN,NaN,NaN,NaN,NaN,NaN,NaN,NaN,,NaN,NaN,145.564779012083,0.689744512,0,1.20417797,38.5473769310514,NaN,NaN,NaN,NaN,NaN,NaN,NaN,NaN,NaN,NaN,NaN,NaN,NaN,,NaN,NaN,144.549310928293,1.75043848,0,1.43849831,0.582967363790359,NaN,NaN,NaN,NaN,NaN,NaN,NaN,NaN,NaN,NaN,NaN,NaN,NaN,,NaN,NaN,145.825221085616,2.235674416,0,0.968416258,0.311419594962789,NaN,NaN,NaN,NaN,NaN,NaN,NaN,NaN,NaN,NaN,NaN,NaN,NaN,,NaN,NaN,145.837241993106
56.75,0.0561251719999989,0,3.429558948,39.1951715703491,NaN,NaN,NaN,NaN,NaN,NaN,NaN,NaN,NaN,NaN,NaN,NaN,NaN,,NaN,NaN,146.099070599163,1.561579792,0,3.459087596,-0.447194688099722,NaN,NaN,NaN,NaN,NaN,NaN,NaN,NaN,NaN,NaN,NaN,NaN,NaN,,NaN,NaN,147.780884817747,0.874551776,0,2.039998428,0.151585081566888,NaN,NaN,NaN,NaN,NaN,NaN,NaN,NaN,NaN,NaN,NaN,NaN,NaN,,NaN,NaN,145.564779012083,0.689744512,0,1.20417797,38.560485765932,NaN,NaN,NaN,NaN,NaN,NaN,NaN,NaN,NaN,NaN,NaN,NaN,NaN,,NaN,NaN,144.549310928293,1.75043848,0,1.43849831,0.665822253823605,NaN,NaN,NaN,NaN,NaN,NaN,NaN,NaN,NaN,NaN,NaN,NaN,NaN,,NaN,NaN,145.825221085616,2.235674416,0,0.968416258,0.443813946687115,NaN,NaN,NaN,NaN,NaN,NaN,NaN,NaN,NaN,NaN,NaN,NaN,NaN,,NaN,NaN,145.837241993106
56.8333333333333,0.0561251719999989,0,3.429558948,39.2274594421405,NaN,NaN,NaN,NaN,NaN,NaN,NaN,NaN,NaN,NaN,NaN,NaN,NaN,,NaN,NaN,146.099070599163,1.561579792,0,3.459087596,-0.147216441501967,NaN,NaN,NaN,NaN,NaN,NaN,NaN,NaN,NaN,NaN,NaN,NaN,NaN,,NaN,NaN,147.780884817747,0.874551776,0,2.039998428,0.527768333678225,NaN,NaN,NaN,NaN,NaN,NaN,NaN,NaN,NaN,NaN,NaN,NaN,NaN,,NaN,NaN,145.564779012083,0.689744512,0,1.20417797,38.8452428474628,NaN,NaN,NaN,NaN,NaN,NaN,NaN,NaN,NaN,NaN,NaN,NaN,NaN,,NaN,NaN,144.549310928293,1.75043848,0,1.43849831,0.645049045728655,NaN,NaN,NaN,NaN,NaN,NaN,NaN,NaN,NaN,NaN,NaN,NaN,NaN,,NaN,NaN,145.825221085616,2.235674416,0,0.968416258,0.435278054069872,NaN,NaN,NaN,NaN,NaN,NaN,NaN,NaN,NaN,NaN,NaN,NaN,NaN,,NaN,NaN,145.837241993106
56.9166666666667,0.0561251719999989,0,3.429558948,39.5383055180644,NaN,NaN,NaN,NaN,NaN,NaN,NaN,NaN,NaN,NaN,NaN,NaN,NaN,,NaN,NaN,146.099070599163,1.561579792,0,3.459087596,0.184837353820829,NaN,NaN,NaN,NaN,NaN,NaN,NaN,NaN,NaN,NaN,NaN,NaN,NaN,,NaN,NaN,147.780884817747,0.874551776,0,2.039998428,0.715638087995485,NaN,NaN,NaN,NaN,NaN,NaN,NaN,NaN,NaN,NaN,NaN,NaN,NaN,,NaN,NaN,145.564779012083,0.689744512,0,1.20417797,38.855281895172,NaN,NaN,NaN,NaN,NaN,NaN,NaN,NaN,NaN,NaN,NaN,NaN,NaN,,NaN,NaN,144.549310928293,1.75043848,0,1.43849831,0.571635982984339,NaN,NaN,NaN,NaN,NaN,NaN,NaN,NaN,NaN,NaN,NaN,NaN,NaN,,NaN,NaN,145.825221085616,2.235674416,0,0.968416258,0.290548368467053,NaN,NaN,NaN,NaN,NaN,NaN,NaN,NaN,NaN,NaN,NaN,NaN,NaN,,NaN,NaN,145.837241993106
57,0.0561251719999989,0,3.429558948,39.4375889839665,NaN,NaN,NaN,NaN,NaN,NaN,NaN,NaN,NaN,NaN,NaN,NaN,NaN,,NaN,NaN,146.099070599163,1.561579792,0,3.459087596,0.188048371107682,NaN,NaN,NaN,NaN,NaN,NaN,NaN,NaN,NaN,NaN,NaN,NaN,NaN,,NaN,NaN,147.780884817747,0.874551776,0,2.039998428,0.515783141336915,NaN,NaN,NaN,NaN,NaN,NaN,NaN,NaN,NaN,NaN,NaN,NaN,NaN,,NaN,NaN,145.564779012083,0.689744512,0,1.20417797,38.4258813529565,NaN,NaN,NaN,NaN,NaN,NaN,NaN,NaN,NaN,NaN,NaN,NaN,NaN,,NaN,NaN,144.549310928293,1.75043848,0,1.43849831,0.549870061433365,NaN,NaN,NaN,NaN,NaN,NaN,NaN,NaN,NaN,NaN,NaN,NaN,NaN,,NaN,NaN,145.825221085616,2.235674416,0,0.968416258,0.228142513247284,NaN,NaN,NaN,NaN,NaN,NaN,NaN,NaN,NaN,NaN,NaN,NaN,NaN,,NaN,NaN,145.837241993106
57.0833333333333,0.0561251719999989,0,3.429558948,38.9739746448686,NaN,NaN,NaN,NaN,NaN,NaN,NaN,NaN,NaN,NaN,NaN,NaN,NaN,,NaN,NaN,146.099070599163,1.561579792,0,3.459087596,-0.011119222197365,NaN,NaN,NaN,NaN,NaN,NaN,NaN,NaN,NaN,NaN,NaN,NaN,NaN,,NaN,NaN,147.780884817747,0.874551776,0,2.039998428,0.268127375270681,NaN,NaN,NaN,NaN,NaN,NaN,NaN,NaN,NaN,NaN,NaN,NaN,NaN,,NaN,NaN,145.564779012083,0.689744512,0,1.20417797,37.9940848905955,NaN,NaN,NaN,NaN,NaN,NaN,NaN,NaN,NaN,NaN,NaN,NaN,NaN,,NaN,NaN,144.549310928293,1.75043848,0,1.43849831,0.561183523857459,NaN,NaN,NaN,NaN,NaN,NaN,NaN,NaN,NaN,NaN,NaN,NaN,NaN,,NaN,NaN,145.825221085616,2.235674416,0,0.968416258,0.230191679240497,NaN,NaN,NaN,NaN,NaN,NaN,NaN,NaN,NaN,NaN,NaN,NaN,NaN,,NaN,NaN,145.837241993106
57.1666666666667,0.0561251719999989,0,3.429558948,38.589312150804,NaN,NaN,NaN,NaN,NaN,NaN,NaN,NaN,NaN,NaN,NaN,NaN,NaN,,NaN,NaN,146.099070599163,1.561579792,0,3.459087596,-0.172860991250797,NaN,NaN,NaN,NaN,NaN,NaN,NaN,NaN,NaN,NaN,NaN,NaN,NaN,,NaN,NaN,147.780884817747,0.874551776,0,2.039998428,0.141162778112494,NaN,NaN,NaN,NaN,NaN,NaN,NaN,NaN,NaN,NaN,NaN,NaN,NaN,,NaN,NaN,145.564779012083,0.689744512,0,1.20417797,37.6564969881133,NaN,NaN,NaN,NaN,NaN,NaN,NaN,NaN,NaN,NaN,NaN,NaN,NaN,,NaN,NaN,144.549310928293,1.75043848,0,1.43849831,0.565696042519371,NaN,NaN,NaN,NaN,NaN,NaN,NaN,NaN,NaN,NaN,NaN,NaN,NaN,,NaN,NaN,145.825221085616,2.235674416,0,0.968416258,0.241570358880372,NaN,NaN,NaN,NaN,NaN,NaN,NaN,NaN,NaN,NaN,NaN,NaN,NaN,,NaN,NaN,145.837241993106
57.25,0.0561251719999989,0,3.429558948,38.2439515001544,NaN,NaN,NaN,NaN,NaN,NaN,NaN,NaN,NaN,NaN,NaN,NaN,NaN,,NaN,NaN,146.099070599163,1.561579792,0,3.459087596,-0.286798103219308,NaN,NaN,NaN,NaN,NaN,NaN,NaN,NaN,NaN,NaN,NaN,NaN,NaN,,NaN,NaN,147.780884817747,0.874551776,0,2.039998428,0.0899361346962278,NaN,NaN,NaN,NaN,NaN,NaN,NaN,NaN,NaN,NaN,NaN,NaN,NaN,,NaN,NaN,145.564779012083,0.689744512,0,1.20417797,37.3554044605568,NaN,NaN,NaN,NaN,NaN,NaN,NaN,NaN,NaN,NaN,NaN,NaN,NaN,,NaN,NaN,144.549310928293,1.75043848,0,1.43849831,0.568885384816883,NaN,NaN,NaN,NaN,NaN,NaN,NaN,NaN,NaN,NaN,NaN,NaN,NaN,,NaN,NaN,145.825221085616,2.235674416,0,0.968416258,0.261259354225607,NaN,NaN,NaN,NaN,NaN,NaN,NaN,NaN,NaN,NaN,NaN,NaN,NaN,,NaN,NaN,145.837241993106
57.3333333333333,0.0561251719999989,0,3.429558948,37.9348876823252,NaN,NaN,NaN,NaN,NaN,NaN,NaN,NaN,NaN,NaN,NaN,NaN,NaN,,NaN,NaN,146.099070599163,1.561579792,0,3.459087596,-0.334186534207506,NaN,NaN,NaN,NaN,NaN,NaN,NaN,NaN,NaN,NaN,NaN,NaN,NaN,,NaN,NaN,147.780884817747,0.874551776,0,2.039998428,0.104505707174523,NaN,NaN,NaN,NaN,NaN,NaN,NaN,NaN,NaN,NaN,NaN,NaN,NaN,,NaN,NaN,145.564779012083,0.689744512,0,1.20417797,37.1009498061862,NaN,NaN,NaN,NaN,NaN,NaN,NaN,NaN,NaN,NaN,NaN,NaN,NaN,,NaN,NaN,144.549310928293,1.75043848,0,1.43849831,0.585201494522549,NaN,NaN,NaN,NaN,NaN,NaN,NaN,NaN,NaN,NaN,NaN,NaN,NaN,,NaN,NaN,145.825221085616,2.235674416,0,0.968416258,0.295300177225034,NaN,NaN,NaN,NaN,NaN,NaN,NaN,NaN,NaN,NaN,NaN,NaN,NaN,,NaN,NaN,145.837241993106
57.4166666666667,0.0561251719999989,0,3.429558948,37.683101961992,NaN,NaN,NaN,NaN,NaN,NaN,NaN,NaN,NaN,NaN,NaN,NaN,NaN,,NaN,NaN,146.099070599163,1.561579792,0,3.459087596,-0.343298419134723,NaN,NaN,NaN,NaN,NaN,NaN,NaN,NaN,NaN,NaN,NaN,NaN,NaN,,NaN,NaN,147.780884817747,0.874551776,0,2.039998428,0.176752008313399,NaN,NaN,NaN,NaN,NaN,NaN,NaN,NaN,NaN,NaN,NaN,NaN,NaN,,NaN,NaN,145.564779012083,0.689744512,0,1.20417797,37.1214843817811,NaN,NaN,NaN,NaN,NaN,NaN,NaN,NaN,NaN,NaN,NaN,NaN,NaN,,NaN,NaN,144.549310928293,1.75043848,0,1.43849831,0.631559903853603,NaN,NaN,NaN,NaN,NaN,NaN,NaN,NaN,NaN,NaN,NaN,NaN,NaN,,NaN,NaN,145.825221085616,2.235674416,0,0.968416258,0.384746880059097,NaN,NaN,NaN,NaN,NaN,NaN,NaN,NaN,NaN,NaN,NaN,NaN,NaN,,NaN,NaN,145.837241993106
57.5,0.0561251719999989,0,3.429558948,37.692655759635,NaN,NaN,NaN,NaN,NaN,NaN,NaN,NaN,NaN,NaN,NaN,NaN,NaN,,NaN,NaN,146.099070599163,1.561579792,0,3.459087596,-0.12048169760766,NaN,NaN,NaN,NaN,NaN,NaN,NaN,NaN,NaN,NaN,NaN,NaN,NaN,,NaN,NaN,147.780884817747,0.874551776,0,2.039998428,0.417088807984167,NaN,NaN,NaN,NaN,NaN,NaN,NaN,NaN,NaN,NaN,NaN,NaN,NaN,,NaN,NaN,145.564779012083,0.689744512,0,1.20417797,37.2206386708697,NaN,NaN,NaN,NaN,NaN,NaN,NaN,NaN,NaN,NaN,NaN,NaN,NaN,,NaN,NaN,144.549310928293,1.75043848,0,1.43849831,0.618640654845345,NaN,NaN,NaN,NaN,NaN,NaN,NaN,NaN,NaN,NaN,NaN,NaN,NaN,,NaN,NaN,145.825221085616,2.235674416,0,0.968416258,0.367064463367708,NaN,NaN,NaN,NaN,NaN,NaN,NaN,NaN,NaN,NaN,NaN,NaN,NaN,,NaN,NaN,145.837241993106
57.5833333333333,0.0561251719999989,0,3.429558948,37.7620687633978,NaN,NaN,NaN,NaN,NaN,NaN,NaN,NaN,NaN,NaN,NaN,NaN,NaN,,NaN,NaN,146.099070599163,1.561579792,0,3.459087596,0.0622852569415674,NaN,NaN,NaN,NaN,NaN,NaN,NaN,NaN,NaN,NaN,NaN,NaN,NaN,,NaN,NaN,147.780884817747,0.874551776,0,2.039998428,0.496045252769491,NaN,NaN,NaN,NaN,NaN,NaN,NaN,NaN,NaN,NaN,NaN,NaN,NaN,,NaN,NaN,145.564779012083,0.689744512,0,1.20417797,37.0770784215181,NaN,NaN,NaN,NaN,NaN,NaN,NaN,NaN,NaN,NaN,NaN,NaN,NaN,,NaN,NaN,144.549310928293,1.75043848,0,1.43849831,0.546635559579826,NaN,NaN,NaN,NaN,NaN,NaN,NaN,NaN,NaN,NaN,NaN,NaN,NaN,,NaN,NaN,145.825221085616,2.235674416,0,0.968416258,0.254436679130814,NaN,NaN,NaN,NaN,NaN,NaN,NaN,NaN,NaN,NaN,NaN,NaN,NaN,,NaN,NaN,145.837241993106
57.6666666666667,0.0561251719999989,0,3.429558948,37.5689830899674,NaN,NaN,NaN,NaN,NaN,NaN,NaN,NaN,NaN,NaN,NaN,NaN,NaN,,NaN,NaN,146.099070599163,1.561579792,0,3.459087596,-0.0172670600437158,NaN,NaN,NaN,NaN,NaN,NaN,NaN,NaN,NaN,NaN,NaN,NaN,NaN,,NaN,NaN,147.780884817747,0.874551776,0,2.039998428,0.328687107973943,NaN,NaN,NaN,NaN,NaN,NaN,NaN,NaN,NaN,NaN,NaN,NaN,NaN,,NaN,NaN,145.564779012083,0.689744512,0,1.20417797,36.6693961157991,NaN,NaN,NaN,NaN,NaN,NaN,NaN,NaN,NaN,NaN,NaN,NaN,NaN,,NaN,NaN,144.549310928293,1.75043848,0,1.43849831,0.56498702384315,NaN,NaN,NaN,NaN,NaN,NaN,NaN,NaN,NaN,NaN,NaN,NaN,NaN,,NaN,NaN,145.825221085616,2.235674416,0,0.968416258,0.260164527394428,NaN,NaN,NaN,NaN,NaN,NaN,NaN,NaN,NaN,NaN,NaN,NaN,NaN,,NaN,NaN,145.837241993106
57.75,0.0561251719999989,0,3.429558948,37.1706301635922,NaN,NaN,NaN,NaN,NaN,NaN,NaN,NaN,NaN,NaN,NaN,NaN,NaN,,NaN,NaN,146.099070599163,1.561579792,0,3.459087596,-0.153020676243711,NaN,NaN,NaN,NaN,NaN,NaN,NaN,NaN,NaN,NaN,NaN,NaN,NaN,,NaN,NaN,147.780884817747,0.874551776,0,2.039998428,0.239987146651074,NaN,NaN,NaN,NaN,NaN,NaN,NaN,NaN,NaN,NaN,NaN,NaN,NaN,,NaN,NaN,145.564779012083,0.689744512,0,1.20417797,36.3967919337985,NaN,NaN,NaN,NaN,NaN,NaN,NaN,NaN,NaN,NaN,NaN,NaN,NaN,,NaN,NaN,144.549310928293,1.75043848,0,1.43849831,0.556538073072199,NaN,NaN,NaN,NaN,NaN,NaN,NaN,NaN,NaN,NaN,NaN,NaN,NaN,,NaN,NaN,145.825221085616,2.235674416,0,0.968416258,0.23380156561672,NaN,NaN,NaN,NaN,NaN,NaN,NaN,NaN,NaN,NaN,NaN,NaN,NaN,,NaN,NaN,145.837241993106
57.8333333333333,0.0561251719999989,0,3.429558948,36.9178847844266,NaN,NaN,NaN,NaN,NaN,NaN,NaN,NaN,NaN,NaN,NaN,NaN,NaN,,NaN,NaN,146.099070599163,1.561579792,0,3.459087596,-0.190176640331179,NaN,NaN,NaN,NaN,NaN,NaN,NaN,NaN,NaN,NaN,NaN,NaN,NaN,,NaN,NaN,147.780884817747,0.874551776,0,2.039998428,0.182697429615896,NaN,NaN,NaN,NaN,NaN,NaN,NaN,NaN,NaN,NaN,NaN,NaN,NaN,,NaN,NaN,145.564779012083,0.689744512,0,1.20417797,36.1028630395514,NaN,NaN,NaN,NaN,NaN,NaN,NaN,NaN,NaN,NaN,NaN,NaN,NaN,,NaN,NaN,144.549310928293,1.75043848,0,1.43849831,0.578811443177034,NaN,NaN,NaN,NaN,NaN,NaN,NaN,NaN,NaN,NaN,NaN,NaN,NaN,,NaN,NaN,145.825221085616,2.235674416,0,0.968416258,0.274926318274811,NaN,NaN,NaN,NaN,NaN,NaN,NaN,NaN,NaN,NaN,NaN,NaN,NaN,,NaN,NaN,145.837241993106
57.9166666666667,0.0561251719999989,0,3.429558948,36.6772610241884,NaN,NaN,NaN,NaN,NaN,NaN,NaN,NaN,NaN,NaN,NaN,NaN,NaN,,NaN,NaN,146.099070599163,1.561579792,0,3.459087596,-0.198438353966975,NaN,NaN,NaN,NaN,NaN,NaN,NaN,NaN,NaN,NaN,NaN,NaN,NaN,,NaN,NaN,147.780884817747,0.874551776,0,2.039998428,0.202454185271715,NaN,NaN,NaN,NaN,NaN,NaN,NaN,NaN,NaN,NaN,NaN,NaN,NaN,,NaN,NaN,145.564779012083,0.689744512,0,1.20417797,35.9437436779267,NaN,NaN,NaN,NaN,NaN,NaN,NaN,NaN,NaN,NaN,NaN,NaN,NaN,,NaN,NaN,144.549310928293,1.75043848,0,1.43849831,0.572410313798226,NaN,NaN,NaN,NaN,NaN,NaN,NaN,NaN,NaN,NaN,NaN,NaN,NaN,,NaN,NaN,145.825221085616,2.235674416,0,0.968416258,0.280655243248124,NaN,NaN,NaN,NaN,NaN,NaN,NaN,NaN,NaN,NaN,NaN,NaN,NaN,,NaN,NaN,145.837241993106
58,0.0561251719999989,0,3.429558948,36.4974184340405,NaN,NaN,NaN,NaN,NaN,NaN,NaN,NaN,NaN,NaN,NaN,NaN,NaN,,NaN,NaN,146.099070599163,1.561579792,0,3.459087596,-0.172959042378493,NaN,NaN,NaN,NaN,NaN,NaN,NaN,NaN,NaN,NaN,NaN,NaN,NaN,,NaN,NaN,147.780884817747,0.874551776,0,2.039998428,0.241988945167484,NaN,NaN,NaN,NaN,NaN,NaN,NaN,NaN,NaN,NaN,NaN,NaN,NaN,,NaN,NaN,145.564779012083,0.689744512,0,1.20417797,35.8417504706835,NaN,NaN,NaN,NaN,NaN,NaN,NaN,NaN,NaN,NaN,NaN,NaN,NaN,,NaN,NaN,144.549310928293,1.75043848,0,1.43849831,0.634019235481679,NaN,NaN,NaN,NaN,NaN,NaN,NaN,NaN,NaN,NaN,NaN,NaN,NaN,,NaN,NaN,145.825221085616,2.235674416,0,0.968416258,0.400743456707472,NaN,NaN,NaN,NaN,NaN,NaN,NaN,NaN,NaN,NaN,NaN,NaN,NaN,,NaN,NaN,145.837241993106
58.0833333333333,0.0561251719999989,0,3.429558948,36.4224413430176,NaN,NaN,NaN,NaN,NaN,NaN,NaN,NaN,NaN,NaN,NaN,NaN,NaN,,NaN,NaN,146.099070599163,1.561579792,0,3.459087596,-0.0184934116979033,NaN,NaN,NaN,NaN,NaN,NaN,NaN,NaN,NaN,NaN,NaN,NaN,NaN,,NaN,NaN,147.780884817747,0.874551776,0,2.039998428,0.48474665784372,NaN,NaN,NaN,NaN,NaN,NaN,NaN,NaN,NaN,NaN,NaN,NaN,NaN,,NaN,NaN,145.564779012083,0.689744512,0,1.20417797,36.0671931440931,NaN,NaN,NaN,NaN,NaN,NaN,NaN,NaN,NaN,NaN,NaN,NaN,NaN,,NaN,NaN,144.549310928293,1.75043848,0,1.43849831,0.639949876950749,NaN,NaN,NaN,NaN,NaN,NaN,NaN,NaN,NaN,NaN,NaN,NaN,NaN,,NaN,NaN,145.825221085616,2.235674416,0,0.968416258,0.436636332521717,NaN,NaN,NaN,NaN,NaN,NaN,NaN,NaN,NaN,NaN,NaN,NaN,NaN,,NaN,NaN,145.837241993106
58.1666666666667,0.0561251719999989,0,3.429558948,36.6482995685079,NaN,NaN,NaN,NaN,NaN,NaN,NaN,NaN,NaN,NaN,NaN,NaN,NaN,,NaN,NaN,146.099070599163,1.561579792,0,3.459087596,0.29746250956429,NaN,NaN,NaN,NaN,NaN,NaN,NaN,NaN,NaN,NaN,NaN,NaN,NaN,,NaN,NaN,147.780884817747,0.874551776,0,2.039998428,0.715159061013175,NaN,NaN,NaN,NaN,NaN,NaN,NaN,NaN,NaN,NaN,NaN,NaN,NaN,,NaN,NaN,145.564779012083,0.689744512,0,1.20417797,36.2049855954574,NaN,NaN,NaN,NaN,NaN,NaN,NaN,NaN,NaN,NaN,NaN,NaN,NaN,,NaN,NaN,144.549310928293,1.75043848,0,1.43849831,0.607409874051176,NaN,NaN,NaN,NaN,NaN,NaN,NaN,NaN,NaN,NaN,NaN,NaN,NaN,,NaN,NaN,145.825221085616,2.235674416,0,0.968416258,0.353028835666541,NaN,NaN,NaN,NaN,NaN,NaN,NaN,NaN,NaN,NaN,NaN,NaN,NaN,,NaN,NaN,145.837241993106
58.25,0.0561251719999989,0,3.429558948,36.7808040987229,NaN,NaN,NaN,NaN,NaN,NaN,NaN,NaN,NaN,NaN,NaN,NaN,NaN,,NaN,NaN,146.099070599163,1.561579792,0,3.459087596,0.448837358291124,NaN,NaN,NaN,NaN,NaN,NaN,NaN,NaN,NaN,NaN,NaN,NaN,NaN,,NaN,NaN,147.780884817747,0.874551776,0,2.039998428,0.685248623953979,NaN,NaN,NaN,NaN,NaN,NaN,NaN,NaN,NaN,NaN,NaN,NaN,NaN,,NaN,NaN,145.564779012083,0.689744512,0,1.20417797,35.9988042574637,NaN,NaN,NaN,NaN,NaN,NaN,NaN,NaN,NaN,NaN,NaN,NaN,NaN,,NaN,NaN,144.549310928293,1.75043848,0,1.43849831,0.553042061270563,NaN,NaN,NaN,NaN,NaN,NaN,NaN,NaN,NaN,NaN,NaN,NaN,NaN,,NaN,NaN,145.825221085616,2.235674416,0,0.968416258,0.256750224120288,NaN,NaN,NaN,NaN,NaN,NaN,NaN,NaN,NaN,NaN,NaN,NaN,NaN,,NaN,NaN,145.837241993106
58.3333333333333,0.0561251719999989,0,3.429558948,36.4728785026019,NaN,NaN,NaN,NaN,NaN,NaN,NaN,NaN,NaN,NaN,NaN,NaN,NaN,,NaN,NaN,146.099070599163,1.561579792,0,3.459087596,0.296877208215136,NaN,NaN,NaN,NaN,NaN,NaN,NaN,NaN,NaN,NaN,NaN,NaN,NaN,,NaN,NaN,147.780884817747,0.874551776,0,2.039998428,0.446070100467107,NaN,NaN,NaN,NaN,NaN,NaN,NaN,NaN,NaN,NaN,NaN,NaN,NaN,,NaN,NaN,145.564779012083,0.689744512,0,1.20417797,35.6423281526039,NaN,NaN,NaN,NaN,NaN,NaN,NaN,NaN,NaN,NaN,NaN,NaN,NaN,,NaN,NaN,144.549310928293,1.75043848,0,1.43849831,0.552736896196995,NaN,NaN,NaN,NaN,NaN,NaN,NaN,NaN,NaN,NaN,NaN,NaN,NaN,,NaN,NaN,145.825221085616,2.235674416,0,0.968416258,0.224561597231084,NaN,NaN,NaN,NaN,NaN,NaN,NaN,NaN,NaN,NaN,NaN,NaN,NaN,,NaN,NaN,145.837241993106
58.4166666666667,0.0561251719999989,0,3.429558948,36.1070362379455,NaN,NaN,NaN,NaN,NaN,NaN,NaN,NaN,NaN,NaN,NaN,NaN,NaN,,NaN,NaN,146.099070599163,1.561579792,0,3.459087596,0.130694146246486,NaN,NaN,NaN,NaN,NaN,NaN,NaN,NaN,NaN,NaN,NaN,NaN,NaN,,NaN,NaN,147.780884817747,0.874551776,0,2.039998428,0.26396019366137,NaN,NaN,NaN,NaN,NaN,NaN,NaN,NaN,NaN,NaN,NaN,NaN,NaN,,NaN,NaN,145.564779012083,0.689744512,0,1.20417797,35.2777807855282,NaN,NaN,NaN,NaN,NaN,NaN,NaN,NaN,NaN,NaN,NaN,NaN,NaN,,NaN,NaN,144.549310928293,1.75043848,0,1.43849831,0.576275883885701,NaN,NaN,NaN,NaN,NaN,NaN,NaN,NaN,NaN,NaN,NaN,NaN,NaN,,NaN,NaN,145.825221085616,2.235674416,0,0.968416258,0.274428982923216,NaN,NaN,NaN,NaN,NaN,NaN,NaN,NaN,NaN,NaN,NaN,NaN,NaN,,NaN,NaN,145.837241993106
58.5,0.0561251719999989,0,3.429558948,35.7675767201072,NaN,NaN,NaN,NaN,NaN,NaN,NaN,NaN,NaN,NaN,NaN,NaN,NaN,,NaN,NaN,146.099070599163,1.561579792,0,3.459087596,0.0285168147826187,NaN,NaN,NaN,NaN,NaN,NaN,NaN,NaN,NaN,NaN,NaN,NaN,NaN,,NaN,NaN,147.780884817747,0.874551776,0,2.039998428,0.242079470841309,NaN,NaN,NaN,NaN,NaN,NaN,NaN,NaN,NaN,NaN,NaN,NaN,NaN,,NaN,NaN,145.564779012083,0.689744512,0,1.20417797,35.0864952794517,NaN,NaN,NaN,NaN,NaN,NaN,NaN,NaN,NaN,NaN,NaN,NaN,NaN,,NaN,NaN,144.549310928293,1.75043848,0,1.43849831,0.601224552874021,NaN,NaN,NaN,NaN,NaN,NaN,NaN,NaN,NaN,NaN,NaN,NaN,NaN,,NaN,NaN,145.825221085616,2.235674416,0,0.968416258,0.32558366902766,NaN,NaN,NaN,NaN,NaN,NaN,NaN,NaN,NaN,NaN,NaN,NaN,NaN,,NaN,NaN,145.837241993106
58.5833333333333,0.0561251719999989,0,3.429558948,35.5874431668147,NaN,NaN,NaN,NaN,NaN,NaN,NaN,NaN,NaN,NaN,NaN,NaN,NaN,,NaN,NaN,146.099070599163,1.561579792,0,3.459087596,0.067780306413077,NaN,NaN,NaN,NaN,NaN,NaN,NaN,NaN,NaN,NaN,NaN,NaN,NaN,,NaN,NaN,147.780884817747,0.874551776,0,2.039998428,0.334037047710666,NaN,NaN,NaN,NaN,NaN,NaN,NaN,NaN,NaN,NaN,NaN,NaN,NaN,,NaN,NaN,145.564779012083,0.689744512,0,1.20417797,35.0393921910855,NaN,NaN,NaN,NaN,NaN,NaN,NaN,NaN,NaN,NaN,NaN,NaN,NaN,,NaN,NaN,144.549310928293,1.75043848,0,1.43849831,0.608798076528619,NaN,NaN,NaN,NaN,NaN,NaN,NaN,NaN,NaN,NaN,NaN,NaN,NaN,,NaN,NaN,145.825221085616,2.235674416,0,0.968416258,0.36794387287875,NaN,NaN,NaN,NaN,NaN,NaN,NaN,NaN,NaN,NaN,NaN,NaN,NaN,,NaN,NaN,145.837241993106
58.6666666666667,0.0561251719999989,0,3.429558948,35.537372237731,NaN,NaN,NaN,NaN,NaN,NaN,NaN,NaN,NaN,NaN,NaN,NaN,NaN,,NaN,NaN,146.099070599163,1.561579792,0,3.459087596,0.16068522047605,NaN,NaN,NaN,NaN,NaN,NaN,NaN,NaN,NaN,NaN,NaN,NaN,NaN,,NaN,NaN,147.780884817747,0.874551776,0,2.039998428,0.449864394530904,NaN,NaN,NaN,NaN,NaN,NaN,NaN,NaN,NaN,NaN,NaN,NaN,NaN,,NaN,NaN,145.564779012083,0.689744512,0,1.20417797,35.13960433893,NaN,NaN,NaN,NaN,NaN,NaN,NaN,NaN,NaN,NaN,NaN,NaN,NaN,,NaN,NaN,144.549310928293,1.75043848,0,1.43849831,0.665044097837321,NaN,NaN,NaN,NaN,NaN,NaN,NaN,NaN,NaN,NaN,NaN,NaN,NaN,,NaN,NaN,145.825221085616,2.235674416,0,0.968416258,0.461579998123364,NaN,NaN,NaN,NaN,NaN,NaN,NaN,NaN,NaN,NaN,NaN,NaN,NaN,,NaN,NaN,145.837241993106
58.75,0.0561251719999989,0,3.429558948,35.7218653803421,NaN,NaN,NaN,NaN,NaN,NaN,NaN,NaN,NaN,NaN,NaN,NaN,NaN,,NaN,NaN,146.099070599163,1.561579792,0,3.459087596,0.46331836778219,NaN,NaN,NaN,NaN,NaN,NaN,NaN,NaN,NaN,NaN,NaN,NaN,NaN,,NaN,NaN,147.780884817747,0.874551776,0,2.039998428,0.751726444915956,NaN,NaN,NaN,NaN,NaN,NaN,NaN,NaN,NaN,NaN,NaN,NaN,NaN,,NaN,NaN,145.564779012083,0.689744512,0,1.20417797,35.3439888254904,NaN,NaN,NaN,NaN,NaN,NaN,NaN,NaN,NaN,NaN,NaN,NaN,NaN,,NaN,NaN,144.549310928293,1.75043848,0,1.43849831,0.652377781912234,NaN,NaN,NaN,NaN,NaN,NaN,NaN,NaN,NaN,NaN,NaN,NaN,NaN,,NaN,NaN,145.825221085616,2.235674416,0,0.968416258,0.4753780681845,NaN,NaN,NaN,NaN,NaN,NaN,NaN,NaN,NaN,NaN,NaN,NaN,NaN,,NaN,NaN,145.837241993106
58.8333333333333,0.0561251719999989,0,3.429558948,35.9933782876696,NaN,NaN,NaN,NaN,NaN,NaN,NaN,NaN,NaN,NaN,NaN,NaN,NaN,,NaN,NaN,146.099070599163,1.561579792,0,3.459087596,0.697375964849405,NaN,NaN,NaN,NaN,NaN,NaN,NaN,NaN,NaN,NaN,NaN,NaN,NaN,,NaN,NaN,147.780884817747,0.874551776,0,2.039998428,0.895360245570142,NaN,NaN,NaN,NaN,NaN,NaN,NaN,NaN,NaN,NaN,NaN,NaN,NaN,,NaN,NaN,145.564779012083,0.689744512,0,1.20417797,35.4597535046037,NaN,NaN,NaN,NaN,NaN,NaN,NaN,NaN,NaN,NaN,NaN,NaN,NaN,,NaN,NaN,144.549310928293,1.75043848,0,1.43849831,0.643734296527215,NaN,NaN,NaN,NaN,NaN,NaN,NaN,NaN,NaN,NaN,NaN,NaN,NaN,,NaN,NaN,145.825221085616,2.235674416,0,0.968416258,0.466889181026879,NaN,NaN,NaN,NaN,NaN,NaN,NaN,NaN,NaN,NaN,NaN,NaN,NaN,,NaN,NaN,145.837241993106
58.9166666666667,0.0561251719999989,0,3.429558948,36.0757414503124,NaN,NaN,NaN,NaN,NaN,NaN,NaN,NaN,NaN,NaN,NaN,NaN,NaN,,NaN,NaN,146.099070599163,1.561579792,0,3.459087596,0.849842545156237,NaN,NaN,NaN,NaN,NaN,NaN,NaN,NaN,NaN,NaN,NaN,NaN,NaN,,NaN,NaN,147.780884817747,0.874551776,0,2.039998428,0.900487889087465,NaN,NaN,NaN,NaN,NaN,NaN,NaN,NaN,NaN,NaN,NaN,NaN,NaN,,NaN,NaN,145.564779012083,0.689744512,0,1.20417797,35.5078947972235,NaN,NaN,NaN,NaN,NaN,NaN,NaN,NaN,NaN,NaN,NaN,NaN,NaN,,NaN,NaN,144.549310928293,1.75043848,0,1.43849831,0.653037421858927,NaN,NaN,NaN,NaN,NaN,NaN,NaN,NaN,NaN,NaN,NaN,NaN,NaN,,NaN,NaN,145.825221085616,2.235674416,0,0.968416258,0.478672452944771,NaN,NaN,NaN,NaN,NaN,NaN,NaN,NaN,NaN,NaN,NaN,NaN,NaN,,NaN,NaN,145.837241993106
59,0.0561251719999989,0,3.429558948,36.0395604839444,NaN,NaN,NaN,NaN,NaN,NaN,NaN,NaN,NaN,NaN,NaN,NaN,NaN,,NaN,NaN,146.099070599163,1.561579792,0,3.459087596,1.01937633376724,NaN,NaN,NaN,NaN,NaN,NaN,NaN,NaN,NaN,NaN,NaN,NaN,NaN,,NaN,NaN,147.780884817747,0.874551776,0,2.039998428,0.96361314486764,NaN,NaN,NaN,NaN,NaN,NaN,NaN,NaN,NaN,NaN,NaN,NaN,NaN,,NaN,NaN,145.564779012083,0.689744512,0,1.20417797,35.5723469213622,NaN,NaN,NaN,NaN,NaN,NaN,NaN,NaN,NaN,NaN,NaN,NaN,NaN,,NaN,NaN,144.549310928293,1.75043848,0,1.43849831,0.64277113876694,NaN,NaN,NaN,NaN,NaN,NaN,NaN,NaN,NaN,NaN,NaN,NaN,NaN,,NaN,NaN,145.825221085616,2.235674416,0,0.968416258,0.456094397766115,NaN,NaN,NaN,NaN,NaN,NaN,NaN,NaN,NaN,NaN,NaN,NaN,NaN,,NaN,NaN,145.837241993106
59.0833333333333,0.0561251719999989,0,3.429558948,36.0429692454724,NaN,NaN,NaN,NaN,NaN,NaN,NaN,NaN,NaN,NaN,NaN,NaN,NaN,,NaN,NaN,146.099070599163,1.561579792,0,3.459087596,1.1112122427854,NaN,NaN,NaN,NaN,NaN,NaN,NaN,NaN,NaN,NaN,NaN,NaN,NaN,,NaN,NaN,147.780884817747,0.874551776,0,2.039998428,0.967091336861305,NaN,NaN,NaN,NaN,NaN,NaN,NaN,NaN,NaN,NaN,NaN,NaN,NaN,,NaN,NaN,145.564779012083,0.689744512,0,1.20417797,35.6076713224953,NaN,NaN,NaN,NaN,NaN,NaN,NaN,NaN,NaN,NaN,NaN,NaN,NaN,,NaN,NaN,144.549310928293,1.75043848,0,1.43849831,0.654755177448216,NaN,NaN,NaN,NaN,NaN,NaN,NaN,NaN,NaN,NaN,NaN,NaN,NaN,,NaN,NaN,145.825221085616,2.235674416,0,0.968416258,0.463533659882478,NaN,NaN,NaN,NaN,NaN,NaN,NaN,NaN,NaN,NaN,NaN,NaN,NaN,,NaN,NaN,145.837241993106
59.1666666666667,0.0561251719999989,0,3.429558948,36.0529277004189,NaN,NaN,NaN,NaN,NaN,NaN,NaN,NaN,NaN,NaN,NaN,NaN,NaN,,NaN,NaN,146.099070599163,1.561579792,0,3.459087596,1.26562636712112,NaN,NaN,NaN,NaN,NaN,NaN,NaN,NaN,NaN,NaN,NaN,NaN,NaN,,NaN,NaN,147.780884817747,0.874551776,0,2.039998428,1.00235364669448,NaN,NaN,NaN,NaN,NaN,NaN,NaN,NaN,NaN,NaN,NaN,NaN,NaN,,NaN,NaN,145.564779012083,0.689744512,0,1.20417797,35.6685828646297,NaN,NaN,NaN,NaN,NaN,NaN,NaN,NaN,NaN,NaN,NaN,NaN,NaN,,NaN,NaN,144.549310928293,1.75043848,0,1.43849831,0.651742525540982,NaN,NaN,NaN,NaN,NaN,NaN,NaN,NaN,NaN,NaN,NaN,NaN,NaN,,NaN,NaN,145.825221085616,2.235674416,0,0.968416258,0.469799966614169,NaN,NaN,NaN,NaN,NaN,NaN,NaN,NaN,NaN,NaN,NaN,NaN,NaN,,NaN,NaN,145.837241993106
59.25,0.0561251719999989,0,3.429558948,36.1003542224694,NaN,NaN,NaN,NaN,NaN,NaN,NaN,NaN,NaN,NaN,NaN,NaN,NaN,,NaN,NaN,146.099070599163,1.561579792,0,3.459087596,1.35554128535532,NaN,NaN,NaN,NaN,NaN,NaN,NaN,NaN,NaN,NaN,NaN,NaN,NaN,,NaN,NaN,147.780884817747,0.874551776,0,2.039998428,1.02157573069466,NaN,NaN,NaN,NaN,NaN,NaN,NaN,NaN,NaN,NaN,NaN,NaN,NaN,,NaN,NaN,145.564779012083,0.689744512,0,1.20417797,35.7463356202407,NaN,NaN,NaN,NaN,NaN,NaN,NaN,NaN,NaN,NaN,NaN,NaN,NaN,,NaN,NaN,144.549310928293,1.75043848,0,1.43849831,0.653017583378227,NaN,NaN,NaN,NaN,NaN,NaN,NaN,NaN,NaN,NaN,NaN,NaN,NaN,,NaN,NaN,145.825221085616,2.235674416,0,0.968416258,0.441553588341046,NaN,NaN,NaN,NaN,NaN,NaN,NaN,NaN,NaN,NaN,NaN,NaN,NaN,,NaN,NaN,145.837241993106
59.3333333333333,0.0561251719999989,0,3.429558948,36.2100290052613,NaN,NaN,NaN,NaN,NaN,NaN,NaN,NaN,NaN,NaN,NaN,NaN,NaN,,NaN,NaN,146.099070599163,1.561579792,0,3.459087596,1.4572219108935,NaN,NaN,NaN,NaN,NaN,NaN,NaN,NaN,NaN,NaN,NaN,NaN,NaN,,NaN,NaN,147.780884817747,0.874551776,0,2.039998428,1.03423160432594,NaN,NaN,NaN,NaN,NaN,NaN,NaN,NaN,NaN,NaN,NaN,NaN,NaN,,NaN,NaN,145.564779012083,0.689744512,0,1.20417797,35.772667473909,NaN,NaN,NaN,NaN,NaN,NaN,NaN,NaN,NaN,NaN,NaN,NaN,NaN,,NaN,NaN,144.549310928293,1.75043848,0,1.43849831,0.650896421080419,NaN,NaN,NaN,NaN,NaN,NaN,NaN,NaN,NaN,NaN,NaN,NaN,NaN,,NaN,NaN,145.825221085616,2.235674416,0,0.968416258,0.419860708668177,NaN,NaN,NaN,NaN,NaN,NaN,NaN,NaN,NaN,NaN,NaN,NaN,NaN,,NaN,NaN,145.837241993106
59.4166666666667,0.0561251719999989,0,3.429558948,36.3307560529771,NaN,NaN,NaN,NaN,NaN,NaN,NaN,NaN,NaN,NaN,NaN,NaN,NaN,,NaN,NaN,146.099070599163,1.561579792,0,3.459087596,1.46102497659163,NaN,NaN,NaN,NaN,NaN,NaN,NaN,NaN,NaN,NaN,NaN,NaN,NaN,,NaN,NaN,147.780884817747,0.874551776,0,2.039998428,1.01424346659202,NaN,NaN,NaN,NaN,NaN,NaN,NaN,NaN,NaN,NaN,NaN,NaN,NaN,,NaN,NaN,145.564779012083,0.689744512,0,1.20417797,35.8026585497125,NaN,NaN,NaN,NaN,NaN,NaN,NaN,NaN,NaN,NaN,NaN,NaN,NaN,,NaN,NaN,144.549310928293,1.75043848,0,1.43849831,0.665454242948507,NaN,NaN,NaN,NaN,NaN,NaN,NaN,NaN,NaN,NaN,NaN,NaN,NaN,,NaN,NaN,145.825221085616,2.235674416,0,0.968416258,0.467486005485148,NaN,NaN,NaN,NaN,NaN,NaN,NaN,NaN,NaN,NaN,NaN,NaN,NaN,,NaN,NaN,145.837241993106
59.5,0.0561251719999989,0,3.429558948,36.3611531903489,NaN,NaN,NaN,NaN,NaN,NaN,NaN,NaN,NaN,NaN,NaN,NaN,NaN,,NaN,NaN,146.099070599163,1.561579792,0,3.459087596,1.4971503695061,NaN,NaN,NaN,NaN,NaN,NaN,NaN,NaN,NaN,NaN,NaN,NaN,NaN,,NaN,NaN,147.780884817747,0.874551776,0,2.039998428,1.03222658887727,NaN,NaN,NaN,NaN,NaN,NaN,NaN,NaN,NaN,NaN,NaN,NaN,NaN,,NaN,NaN,145.564779012083,0.689744512,0,1.20417797,35.8833016353165,NaN,NaN,NaN,NaN,NaN,NaN,NaN,NaN,NaN,NaN,NaN,NaN,NaN,,NaN,NaN,144.549310928293,1.75043848,0,1.43849831,0.682754288778798,NaN,NaN,NaN,NaN,NaN,NaN,NaN,NaN,NaN,NaN,NaN,NaN,NaN,,NaN,NaN,145.825221085616,2.235674416,0,0.968416258,0.528329103909044,NaN,NaN,NaN,NaN,NaN,NaN,NaN,NaN,NaN,NaN,NaN,NaN,NaN,,NaN,NaN,145.837241993106
59.5833333333333,0.0561251719999989,0,3.429558948,36.4609098066904,NaN,NaN,NaN,NaN,NaN,NaN,NaN,NaN,NaN,NaN,NaN,NaN,NaN,,NaN,NaN,146.099070599163,1.561579792,0,3.459087596,1.65992971759235,NaN,NaN,NaN,NaN,NaN,NaN,NaN,NaN,NaN,NaN,NaN,NaN,NaN,,NaN,NaN,147.780884817747,0.874551776,0,2.039998428,1.06090541985351,NaN,NaN,NaN,NaN,NaN,NaN,NaN,NaN,NaN,NaN,NaN,NaN,NaN,,NaN,NaN,145.564779012083,0.689744512,0,1.20417797,35.9802025582696,NaN,NaN,NaN,NaN,NaN,NaN,NaN,NaN,NaN,NaN,NaN,NaN,NaN,,NaN,NaN,144.549310928293,1.75043848,0,1.43849831,0.667207958981492,NaN,NaN,NaN,NaN,NaN,NaN,NaN,NaN,NaN,NaN,NaN,NaN,NaN,,NaN,NaN,145.825221085616,2.235674416,0,0.968416258,0.491533848006387,NaN,NaN,NaN,NaN,NaN,NaN,NaN,NaN,NaN,NaN,NaN,NaN,NaN,,NaN,NaN,145.837241993106
59.6666666666667,0.0561251719999989,0,3.429558948,36.4902326092496,NaN,NaN,NaN,NaN,NaN,NaN,NaN,NaN,NaN,NaN,NaN,NaN,NaN,,NaN,NaN,146.099070599163,1.561579792,0,3.459087596,1.72985371424668,NaN,NaN,NaN,NaN,NaN,NaN,NaN,NaN,NaN,NaN,NaN,NaN,NaN,,NaN,NaN,147.780884817747,0.874551776,0,2.039998428,1.01382442200852,NaN,NaN,NaN,NaN,NaN,NaN,NaN,NaN,NaN,NaN,NaN,NaN,NaN,,NaN,NaN,145.564779012083,0.689744512,0,1.20417797,35.9386612758295,NaN,NaN,NaN,NaN,NaN,NaN,NaN,NaN,NaN,NaN,NaN,NaN,NaN,,NaN,NaN,144.549310928293,1.75043848,0,1.43849831,0.661361924825885,NaN,NaN,NaN,NaN,NaN,NaN,NaN,NaN,NaN,NaN,NaN,NaN,NaN,,NaN,NaN,145.825221085616,2.235674416,0,0.968416258,0.463733832227475,NaN,NaN,NaN,NaN,NaN,NaN,NaN,NaN,NaN,NaN,NaN,NaN,NaN,,NaN,NaN,145.837241993106
59.75,0.0561251719999989,0,3.429558948,36.4237945354934,NaN,NaN,NaN,NaN,NaN,NaN,NaN,NaN,NaN,NaN,NaN,NaN,NaN,,NaN,NaN,146.099070599163,1.561579792,0,3.459087596,1.6860552274699,NaN,NaN,NaN,NaN,NaN,NaN,NaN,NaN,NaN,NaN,NaN,NaN,NaN,,NaN,NaN,147.780884817747,0.874551776,0,2.039998428,0.944500833269414,NaN,NaN,NaN,NaN,NaN,NaN,NaN,NaN,NaN,NaN,NaN,NaN,NaN,,NaN,NaN,145.564779012083,0.689744512,0,1.20417797,35.9128990873699,NaN,NaN,NaN,NaN,NaN,NaN,NaN,NaN,NaN,NaN,NaN,NaN,NaN,,NaN,NaN,144.549310928293,1.75043848,0,1.43849831,0.659585119291038,NaN,NaN,NaN,NaN,NaN,NaN,NaN,NaN,NaN,NaN,NaN,NaN,NaN,,NaN,NaN,145.825221085616,2.235674416,0,0.968416258,0.473967860258279,NaN,NaN,NaN,NaN,NaN,NaN,NaN,NaN,NaN,NaN,NaN,NaN,NaN,,NaN,NaN,145.837241993106
59.8333333333333,0.0561251719999989,0,3.429558948,36.4043033722999,NaN,NaN,NaN,NaN,NaN,NaN,NaN,NaN,NaN,NaN,NaN,NaN,NaN,,NaN,NaN,146.099070599163,1.561579792,0,3.459087596,1.65869694480419,NaN,NaN,NaN,NaN,NaN,NaN,NaN,NaN,NaN,NaN,NaN,NaN,NaN,,NaN,NaN,147.780884817747,0.874551776,0,2.039998428,0.95157070759539,NaN,NaN,NaN,NaN,NaN,NaN,NaN,NaN,NaN,NaN,NaN,NaN,NaN,,NaN,NaN,145.564779012083,0.689744512,0,1.20417797,35.9216346876651,NaN,NaN,NaN,NaN,NaN,NaN,NaN,NaN,NaN,NaN,NaN,NaN,NaN,,NaN,NaN,144.549310928293,1.75043848,0,1.43849831,0.681141325518874,NaN,NaN,NaN,NaN,NaN,NaN,NaN,NaN,NaN,NaN,NaN,NaN,NaN,,NaN,NaN,145.825221085616,2.235674416,0,0.968416258,0.477421032344132,NaN,NaN,NaN,NaN,NaN,NaN,NaN,NaN,NaN,NaN,NaN,NaN,NaN,,NaN,NaN,145.837241993106
59.9166666666667,0.0561251719999989,0,3.429558948,36.4463601656571,NaN,NaN,NaN,NaN,NaN,NaN,NaN,NaN,NaN,NaN,NaN,NaN,NaN,,NaN,NaN,146.099070599163,1.561579792,0,3.459087596,1.72554092383037,NaN,NaN,NaN,NaN,NaN,NaN,NaN,NaN,NaN,NaN,NaN,NaN,NaN,,NaN,NaN,147.780884817747,0.874551776,0,2.039998428,0.946364693929882,NaN,NaN,NaN,NaN,NaN,NaN,NaN,NaN,NaN,NaN,NaN,NaN,NaN,,NaN,NaN,145.564779012083,0.689744512,0,1.20417797,35.8815352501154,NaN,NaN,NaN,NaN,NaN,NaN,NaN,NaN,NaN,NaN,NaN,NaN,NaN,,NaN,NaN,144.549310928293,1.75043848,0,1.43849831,0.644408261668501,NaN,NaN,NaN,NaN,NaN,NaN,NaN,NaN,NaN,NaN,NaN,NaN,NaN,,NaN,NaN,145.825221085616,2.235674416,0,0.968416258,0.43244312317831,NaN,NaN,NaN,NaN,NaN,NaN,NaN,NaN,NaN,NaN,NaN,NaN,NaN,,NaN,NaN,145.837241993106
60,0.0561251719999989,0,3.429558948,36.338602618052,NaN,NaN,NaN,NaN,NaN,NaN,NaN,NaN,NaN,NaN,NaN,NaN,NaN,,NaN,NaN,146.099070599163,1.561579792,0,3.459087596,1.56945655251809,NaN,NaN,NaN,NaN,NaN,NaN,NaN,NaN,NaN,NaN,NaN,NaN,NaN,,NaN,NaN,147.780884817747,0.874551776,0,2.039998428,0.795055525617329,NaN,NaN,NaN,NaN,NaN,NaN,NaN,NaN,NaN,NaN,NaN,NaN,NaN,,NaN,NaN,145.564779012083,0.689744512,0,1.20417797,35.7223750924911,NaN,NaN,NaN,NaN,NaN,NaN,NaN,NaN,NaN,NaN,NaN,NaN,NaN,,NaN,NaN,144.549310928293,1.75043848,0,1.43849831,0.662057131360419,NaN,NaN,NaN,NaN,NaN,NaN,NaN,NaN,NaN,NaN,NaN,NaN,NaN,,NaN,NaN,145.825221085616,2.235674416,0,0.968416258,0.490464782582023,NaN,NaN,NaN,NaN,NaN,NaN,NaN,NaN,NaN,NaN,NaN,NaN,NaN,,NaN,NaN,145.837241993106
60.0833333333333,0.0561251719999989,0,3.429558948,36.1465275783191,NaN,NaN,NaN,NaN,NaN,NaN,NaN,NaN,NaN,NaN,NaN,NaN,NaN,,NaN,NaN,146.099070599163,1.561579792,0,3.459087596,1.46200308473985,NaN,NaN,NaN,NaN,NaN,NaN,NaN,NaN,NaN,NaN,NaN,NaN,NaN,,NaN,NaN,147.780884817747,0.874551776,0,2.039998428,0.746017884863549,NaN,NaN,NaN,NaN,NaN,NaN,NaN,NaN,NaN,NaN,NaN,NaN,NaN,,NaN,NaN,145.564779012083,0.689744512,0,1.20417797,35.6602140327711,NaN,NaN,NaN,NaN,NaN,NaN,NaN,NaN,NaN,NaN,NaN,NaN,NaN,,NaN,NaN,144.549310928293,1.75043848,0,1.43849831,0.670241206419013,NaN,NaN,NaN,NaN,NaN,NaN,NaN,NaN,NaN,NaN,NaN,NaN,NaN,,NaN,NaN,145.825221085616,2.235674416,0,0.968416258,0.476327032102858,NaN,NaN,NaN,NaN,NaN,NaN,NaN,NaN,NaN,NaN,NaN,NaN,NaN,,NaN,NaN,145.837241993106
60.1666666666667,0.0561251719999989,0,3.429558948,36.0968243383628,NaN,NaN,NaN,NaN,NaN,NaN,NaN,NaN,NaN,NaN,NaN,NaN,NaN,,NaN,NaN,146.099070599163,1.561579792,0,3.459087596,1.49514559318527,NaN,NaN,NaN,NaN,NaN,NaN,NaN,NaN,NaN,NaN,NaN,NaN,NaN,,NaN,NaN,147.780884817747,0.874551776,0,2.039998428,0.807924689315508,NaN,NaN,NaN,NaN,NaN,NaN,NaN,NaN,NaN,NaN,NaN,NaN,NaN,,NaN,NaN,145.564779012083,0.689744512,0,1.20417797,35.6636959411134,NaN,NaN,NaN,NaN,NaN,NaN,NaN,NaN,NaN,NaN,NaN,NaN,NaN,,NaN,NaN,144.549310928293,1.75043848,0,1.43849831,0.684262546892953,NaN,NaN,NaN,NaN,NaN,NaN,NaN,NaN,NaN,NaN,NaN,NaN,NaN,,NaN,NaN,145.825221085616,2.235674416,0,0.968416258,0.495521557681893,NaN,NaN,NaN,NaN,NaN,NaN,NaN,NaN,NaN,NaN,NaN,NaN,NaN,,NaN,NaN,145.837241993106
60.25,0.0561251719999989,0,3.429558948,36.1218018685124,NaN,NaN,NaN,NaN,NaN,NaN,NaN,NaN,NaN,NaN,NaN,NaN,NaN,,NaN,NaN,146.099070599163,1.561579792,0,3.459087596,1.5632950373031,NaN,NaN,NaN,NaN,NaN,NaN,NaN,NaN,NaN,NaN,NaN,NaN,NaN,,NaN,NaN,147.780884817747,0.874551776,0,2.039998428,0.869953066778277,NaN,NaN,NaN,NaN,NaN,NaN,NaN,NaN,NaN,NaN,NaN,NaN,NaN,,NaN,NaN,145.564779012083,0.689744512,0,1.20417797,35.6837335566622,NaN,NaN,NaN,NaN,NaN,NaN,NaN,NaN,NaN,NaN,NaN,NaN,NaN,,NaN,NaN,144.549310928293,1.75043848,0,1.43849831,0.681251849028921,NaN,NaN,NaN,NaN,NaN,NaN,NaN,NaN,NaN,NaN,NaN,NaN,NaN,,NaN,NaN,145.825221085616,2.235674416,0,0.968416258,0.50648984053934,NaN,NaN,NaN,NaN,NaN,NaN,NaN,NaN,NaN,NaN,NaN,NaN,NaN,,NaN,NaN,145.837241993106
60.3333333333333,0.0561251719999989,0,3.429558948,36.1323556832197,NaN,NaN,NaN,NaN,NaN,NaN,NaN,NaN,NaN,NaN,NaN,NaN,NaN,,NaN,NaN,146.099070599163,1.561579792,0,3.459087596,1.6074994579008,NaN,NaN,NaN,NaN,NaN,NaN,NaN,NaN,NaN,NaN,NaN,NaN,NaN,,NaN,NaN,147.780884817747,0.874551776,0,2.039998428,0.893194904736709,NaN,NaN,NaN,NaN,NaN,NaN,NaN,NaN,NaN,NaN,NaN,NaN,NaN,,NaN,NaN,145.564779012083,0.689744512,0,1.20417797,35.6723320517551,NaN,NaN,NaN,NaN,NaN,NaN,NaN,NaN,NaN,NaN,NaN,NaN,NaN,,NaN,NaN,144.549310928293,1.75043848,0,1.43849831,0.67235572444285,NaN,NaN,NaN,NaN,NaN,NaN,NaN,NaN,NaN,NaN,NaN,NaN,NaN,,NaN,NaN,145.825221085616,2.235674416,0,0.968416258,0.494552135406395,NaN,NaN,NaN,NaN,NaN,NaN,NaN,NaN,NaN,NaN,NaN,NaN,NaN,,NaN,NaN,145.837241993106
60.4166666666667,0.0561251719999989,0,3.429558948,36.106167882421,NaN,NaN,NaN,NaN,NaN,NaN,NaN,NaN,NaN,NaN,NaN,NaN,NaN,,NaN,NaN,146.099070599163,1.561579792,0,3.459087596,1.61341907748295,NaN,NaN,NaN,NaN,NaN,NaN,NaN,NaN,NaN,NaN,NaN,NaN,NaN,,NaN,NaN,147.780884817747,0.874551776,0,2.039998428,0.878073190325556,NaN,NaN,NaN,NaN,NaN,NaN,NaN,NaN,NaN,NaN,NaN,NaN,NaN,,NaN,NaN,145.564779012083,0.689744512,0,1.20417797,35.6346125074333,NaN,NaN,NaN,NaN,NaN,NaN,NaN,NaN,NaN,NaN,NaN,NaN,NaN,,NaN,NaN,144.549310928293,1.75043848,0,1.43849831,0.678670225332093,NaN,NaN,NaN,NaN,NaN,NaN,NaN,NaN,NaN,NaN,NaN,NaN,NaN,,NaN,NaN,145.825221085616,2.235674416,0,0.968416258,0.510085089798314,NaN,NaN,NaN,NaN,NaN,NaN,NaN,NaN,NaN,NaN,NaN,NaN,NaN,,NaN,NaN,145.837241993106
60.5,0.0561251719999989,0,3.429558948,36.0679682231153,NaN,NaN,NaN,NaN,NaN,NaN,NaN,NaN,NaN,NaN,NaN,NaN,NaN,,NaN,NaN,146.099070599163,1.561579792,0,3.459087596,1.63261981392379,NaN,NaN,NaN,NaN,NaN,NaN,NaN,NaN,NaN,NaN,NaN,NaN,NaN,,NaN,NaN,147.780884817747,0.874551776,0,2.039998428,0.880590995031962,NaN,NaN,NaN,NaN,NaN,NaN,NaN,NaN,NaN,NaN,NaN,NaN,NaN,,NaN,NaN,145.564779012083,0.689744512,0,1.20417797,35.6369033001012,NaN,NaN,NaN,NaN,NaN,NaN,NaN,NaN,NaN,NaN,NaN,NaN,NaN,,NaN,NaN,144.549310928293,1.75043848,0,1.43849831,0.692837363147852,NaN,NaN,NaN,NaN,NaN,NaN,NaN,NaN,NaN,NaN,NaN,NaN,NaN,,NaN,NaN,145.825221085616,2.235674416,0,0.968416258,0.545643635380472,NaN,NaN,NaN,NaN,NaN,NaN,NaN,NaN,NaN,NaN,NaN,NaN,NaN,,NaN,NaN,145.837241993106
60.5833333333333,0.0561251719999989,0,3.429558948,36.0595288607102,NaN,NaN,NaN,NaN,NaN,NaN,NaN,NaN,NaN,NaN,NaN,NaN,NaN,,NaN,NaN,146.099070599163,1.561579792,0,3.459087596,1.67196950944567,NaN,NaN,NaN,NaN,NaN,NaN,NaN,NaN,NaN,NaN,NaN,NaN,NaN,,NaN,NaN,147.780884817747,0.874551776,0,2.039998428,0.87393319570525,NaN,NaN,NaN,NaN,NaN,NaN,NaN,NaN,NaN,NaN,NaN,NaN,NaN,,NaN,NaN,145.564779012083,0.689744512,0,1.20417797,35.6356408550523,NaN,NaN,NaN,NaN,NaN,NaN,NaN,NaN,NaN,NaN,NaN,NaN,NaN,,NaN,NaN,144.549310928293,1.75043848,0,1.43849831,0.68974199142679,NaN,NaN,NaN,NaN,NaN,NaN,NaN,NaN,NaN,NaN,NaN,NaN,NaN,,NaN,NaN,145.825221085616,2.235674416,0,0.968416258,0.528602734808241,NaN,NaN,NaN,NaN,NaN,NaN,NaN,NaN,NaN,NaN,NaN,NaN,NaN,,NaN,NaN,145.837241993106
60.6666666666667,0.0561251719999989,0,3.429558948,35.9682097555178,NaN,NaN,NaN,NaN,NaN,NaN,NaN,NaN,NaN,NaN,NaN,NaN,NaN,,NaN,NaN,146.099070599163,1.561579792,0,3.459087596,1.6427924174741,NaN,NaN,NaN,NaN,NaN,NaN,NaN,NaN,NaN,NaN,NaN,NaN,NaN,,NaN,NaN,147.780884817747,0.874551776,0,2.039998428,0.806413284063937,NaN,NaN,NaN,NaN,NaN,NaN,NaN,NaN,NaN,NaN,NaN,NaN,NaN,,NaN,NaN,145.564779012083,0.689744512,0,1.20417797,35.546603409419,NaN,NaN,NaN,NaN,NaN,NaN,NaN,NaN,NaN,NaN,NaN,NaN,NaN,,NaN,NaN,144.549310928293,1.75043848,0,1.43849831,0.660889802315603,NaN,NaN,NaN,NaN,NaN,NaN,NaN,NaN,NaN,NaN,NaN,NaN,NaN,,NaN,NaN,145.825221085616,2.235674416,0,0.968416258,0.466769370318097,NaN,NaN,NaN,NaN,NaN,NaN,NaN,NaN,NaN,NaN,NaN,NaN,NaN,,NaN,NaN,145.837241993106
60.75,0.0561251719999989,0,3.429558948,35.7737319159333,NaN,NaN,NaN,NaN,NaN,NaN,NaN,NaN,NaN,NaN,NaN,NaN,NaN,,NaN,NaN,146.099070599163,1.561579792,0,3.459087596,1.51196880806985,NaN,NaN,NaN,NaN,NaN,NaN,NaN,NaN,NaN,NaN,NaN,NaN,NaN,,NaN,NaN,147.780884817747,0.874551776,0,2.039998428,0.715069326899414,NaN,NaN,NaN,NaN,NaN,NaN,NaN,NaN,NaN,NaN,NaN,NaN,NaN,,NaN,NaN,145.564779012083,0.689744512,0,1.20417797,35.4103460337699,NaN,NaN,NaN,NaN,NaN,NaN,NaN,NaN,NaN,NaN,NaN,NaN,NaN,,NaN,NaN,144.549310928293,1.75043848,0,1.43849831,0.666306544463983,NaN,NaN,NaN,NaN,NaN,NaN,NaN,NaN,NaN,NaN,NaN,NaN,NaN,,NaN,NaN,145.825221085616,2.235674416,0,0.968416258,0.456893830852913,NaN,NaN,NaN,NaN,NaN,NaN,NaN,NaN,NaN,NaN,NaN,NaN,NaN,,NaN,NaN,145.837241993106
60.8333333333333,0.0561251719999989,0,3.429558948,35.6941847685389,NaN,NaN,NaN,NaN,NaN,NaN,NaN,NaN,NaN,NaN,NaN,NaN,NaN,,NaN,NaN,146.099070599163,1.561579792,0,3.459087596,1.46982835002543,NaN,NaN,NaN,NaN,NaN,NaN,NaN,NaN,NaN,NaN,NaN,NaN,NaN,,NaN,NaN,147.780884817747,0.874551776,0,2.039998428,0.744597387075443,NaN,NaN,NaN,NaN,NaN,NaN,NaN,NaN,NaN,NaN,NaN,NaN,NaN,,NaN,NaN,145.564779012083,0.689744512,0,1.20417797,35.326580671434,NaN,NaN,NaN,NaN,NaN,NaN,NaN,NaN,NaN,NaN,NaN,NaN,NaN,,NaN,NaN,144.549310928293,1.75043848,0,1.43849831,0.675282665943608,NaN,NaN,NaN,NaN,NaN,NaN,NaN,NaN,NaN,NaN,NaN,NaN,NaN,,NaN,NaN,145.825221085616,2.235674416,0,0.968416258,0.495663697068501,NaN,NaN,NaN,NaN,NaN,NaN,NaN,NaN,NaN,NaN,NaN,NaN,NaN,,NaN,NaN,145.837241993106
60.9166666666667,0.0561251719999989,0,3.429558948,35.669504807341,NaN,NaN,NaN,NaN,NaN,NaN,NaN,NaN,NaN,NaN,NaN,NaN,NaN,,NaN,NaN,146.099070599163,1.561579792,0,3.459087596,1.46798929107029,NaN,NaN,NaN,NaN,NaN,NaN,NaN,NaN,NaN,NaN,NaN,NaN,NaN,,NaN,NaN,147.780884817747,0.874551776,0,2.039998428,0.752858914070742,NaN,NaN,NaN,NaN,NaN,NaN,NaN,NaN,NaN,NaN,NaN,NaN,NaN,,NaN,NaN,145.564779012083,0.689744512,0,1.20417797,35.2814128140458,NaN,NaN,NaN,NaN,NaN,NaN,NaN,NaN,NaN,NaN,NaN,NaN,NaN,,NaN,NaN,144.549310928293,1.75043848,0,1.43849831,0.688291914816334,NaN,NaN,NaN,NaN,NaN,NaN,NaN,NaN,NaN,NaN,NaN,NaN,NaN,,NaN,NaN,145.825221085616,2.235674416,0,0.968416258,0.478546563719409,NaN,NaN,NaN,NaN,NaN,NaN,NaN,NaN,NaN,NaN,NaN,NaN,NaN,,NaN,NaN,145.837241993106
61,0.0561251719999989,0,3.429558948,35.6189151021495,NaN,NaN,NaN,NaN,NaN,NaN,NaN,NaN,NaN,NaN,NaN,NaN,NaN,,NaN,NaN,146.099070599163,1.561579792,0,3.459087596,1.48302797410841,NaN,NaN,NaN,NaN,NaN,NaN,NaN,NaN,NaN,NaN,NaN,NaN,NaN,,NaN,NaN,147.780884817747,0.874551776,0,2.039998428,0.755892996631501,NaN,NaN,NaN,NaN,NaN,NaN,NaN,NaN,NaN,NaN,NaN,NaN,NaN,,NaN,NaN,145.564779012083,0.689744512,0,1.20417797,35.1619562082791,NaN,NaN,NaN,NaN,NaN,NaN,NaN,NaN,NaN,NaN,NaN,NaN,NaN,,NaN,NaN,144.549310928293,1.75043848,0,1.43849831,0.636351440634951,NaN,NaN,NaN,NaN,NaN,NaN,NaN,NaN,NaN,NaN,NaN,NaN,NaN,,NaN,NaN,145.825221085616,2.235674416,0,0.968416258,0.42530606845161,NaN,NaN,NaN,NaN,NaN,NaN,NaN,NaN,NaN,NaN,NaN,NaN,NaN,,NaN,NaN,145.837241993106
61.0833333333333,0.0561251719999989,0,3.429558948,35.4304922592538,NaN,NaN,NaN,NaN,NaN,NaN,NaN,NaN,NaN,NaN,NaN,NaN,NaN,,NaN,NaN,146.099070599163,1.561579792,0,3.459087596,1.36478056395692,NaN,NaN,NaN,NaN,NaN,NaN,NaN,NaN,NaN,NaN,NaN,NaN,NaN,,NaN,NaN,147.780884817747,0.874551776,0,2.039998428,0.562885990069754,NaN,NaN,NaN,NaN,NaN,NaN,NaN,NaN,NaN,NaN,NaN,NaN,NaN,,NaN,NaN,145.564779012083,0.689744512,0,1.20417797,34.8493668665332,NaN,NaN,NaN,NaN,NaN,NaN,NaN,NaN,NaN,NaN,NaN,NaN,NaN,,NaN,NaN,144.549310928293,1.75043848,0,1.43849831,0.646841150700062,NaN,NaN,NaN,NaN,NaN,NaN,NaN,NaN,NaN,NaN,NaN,NaN,NaN,,NaN,NaN,145.825221085616,2.235674416,0,0.968416258,0.401214407773317,NaN,NaN,NaN,NaN,NaN,NaN,NaN,NaN,NaN,NaN,NaN,NaN,NaN,,NaN,NaN,145.837241993106
61.1666666666667,0.0561251719999989,0,3.429558948,35.1070875567751,NaN,NaN,NaN,NaN,NaN,NaN,NaN,NaN,NaN,NaN,NaN,NaN,NaN,,NaN,NaN,146.099070599163,1.561579792,0,3.459087596,1.21446813002324,NaN,NaN,NaN,NaN,NaN,NaN,NaN,NaN,NaN,NaN,NaN,NaN,NaN,,NaN,NaN,147.780884817747,0.874551776,0,2.039998428,0.4070957697429,NaN,NaN,NaN,NaN,NaN,NaN,NaN,NaN,NaN,NaN,NaN,NaN,NaN,,NaN,NaN,145.564779012083,0.689744512,0,1.20417797,34.5398161935542,NaN,NaN,NaN,NaN,NaN,NaN,NaN,NaN,NaN,NaN,NaN,NaN,NaN,,NaN,NaN,144.549310928293,1.75043848,0,1.43849831,0.640101010975477,NaN,NaN,NaN,NaN,NaN,NaN,NaN,NaN,NaN,NaN,NaN,NaN,NaN,,NaN,NaN,145.825221085616,2.235674416,0,0.968416258,0.423317811382363,NaN,NaN,NaN,NaN,NaN,NaN,NaN,NaN,NaN,NaN,NaN,NaN,NaN,,NaN,NaN,145.837241993106
61.25,0.0561251719999989,0,3.429558948,34.7698805324361,NaN,NaN,NaN,NaN,NaN,NaN,NaN,NaN,NaN,NaN,NaN,NaN,NaN,,NaN,NaN,146.099070599163,1.561579792,0,3.459087596,0.916791113140765,NaN,NaN,NaN,NaN,NaN,NaN,NaN,NaN,NaN,NaN,NaN,NaN,NaN,,NaN,NaN,147.780884817747,0.874551776,0,2.039998428,0.339287755609031,NaN,NaN,NaN,NaN,NaN,NaN,NaN,NaN,NaN,NaN,NaN,NaN,NaN,,NaN,NaN,145.564779012083,0.689744512,0,1.20417797,34.3400739830808,NaN,NaN,NaN,NaN,NaN,NaN,NaN,NaN,NaN,NaN,NaN,NaN,NaN,,NaN,NaN,144.549310928293,1.75043848,0,1.43849831,0.666644884012323,NaN,NaN,NaN,NaN,NaN,NaN,NaN,NaN,NaN,NaN,NaN,NaN,NaN,,NaN,NaN,145.825221085616,2.235674416,0,0.968416258,0.46877358181544,NaN,NaN,NaN,NaN,NaN,NaN,NaN,NaN,NaN,NaN,NaN,NaN,NaN,,NaN,NaN,145.837241993106
61.3333333333333,0.0561251719999989,0,3.429558948,34.6085069984171,NaN,NaN,NaN,NaN,NaN,NaN,NaN,NaN,NaN,NaN,NaN,NaN,NaN,,NaN,NaN,146.099070599163,1.561579792,0,3.459087596,0.867479400664732,NaN,NaN,NaN,NaN,NaN,NaN,NaN,NaN,NaN,NaN,NaN,NaN,NaN,,NaN,NaN,147.780884817747,0.874551776,0,2.039998428,0.421507971294069,NaN,NaN,NaN,NaN,NaN,NaN,NaN,NaN,NaN,NaN,NaN,NaN,NaN,,NaN,NaN,145.564779012083,0.689744512,0,1.20417797,34.2739681135,NaN,NaN,NaN,NaN,NaN,NaN,NaN,NaN,NaN,NaN,NaN,NaN,NaN,,NaN,NaN,144.549310928293,1.75043848,0,1.43849831,0.676744890969565,NaN,NaN,NaN,NaN,NaN,NaN,NaN,NaN,NaN,NaN,NaN,NaN,NaN,,NaN,NaN,145.825221085616,2.235674416,0,0.968416258,0.47480628438938,NaN,NaN,NaN,NaN,NaN,NaN,NaN,NaN,NaN,NaN,NaN,NaN,NaN,,NaN,NaN,145.837241993106
61.4166666666667,0.0561251719999989,0,3.429558948,34.5775213863701,NaN,NaN,NaN,NaN,NaN,NaN,NaN,NaN,NaN,NaN,NaN,NaN,NaN,,NaN,NaN,146.099070599163,1.561579792,0,3.459087596,0.953113743493669,NaN,NaN,NaN,NaN,NaN,NaN,NaN,NaN,NaN,NaN,NaN,NaN,NaN,,NaN,NaN,147.780884817747,0.874551776,0,2.039998428,0.55923296712698,NaN,NaN,NaN,NaN,NaN,NaN,NaN,NaN,NaN,NaN,NaN,NaN,NaN,,NaN,NaN,145.564779012083,0.689744512,0,1.20417797,34.2556603407995,NaN,NaN,NaN,NaN,NaN,NaN,NaN,NaN,NaN,NaN,NaN,NaN,NaN,,NaN,NaN,144.549310928293,1.75043848,0,1.43849831,0.678591028939593,NaN,NaN,NaN,NaN,NaN,NaN,NaN,NaN,NaN,NaN,NaN,NaN,NaN,,NaN,NaN,145.825221085616,2.235674416,0,0.968416258,0.47287202751903,NaN,NaN,NaN,NaN,NaN,NaN,NaN,NaN,NaN,NaN,NaN,NaN,NaN,,NaN,NaN,145.837241993106
61.5,0.0561251719999989,0,3.429558948,34.597944013025,NaN,NaN,NaN,NaN,NaN,NaN,NaN,NaN,NaN,NaN,NaN,NaN,NaN,,NaN,NaN,146.099070599163,1.561579792,0,3.459087596,1.03559944285998,NaN,NaN,NaN,NaN,NaN,NaN,NaN,NaN,NaN,NaN,NaN,NaN,NaN,,NaN,NaN,147.780884817747,0.874551776,0,2.039998428,0.638723000175819,NaN,NaN,NaN,NaN,NaN,NaN,NaN,NaN,NaN,NaN,NaN,NaN,NaN,,NaN,NaN,145.564779012083,0.689744512,0,1.20417797,34.2031687690716,NaN,NaN,NaN,NaN,NaN,NaN,NaN,NaN,NaN,NaN,NaN,NaN,NaN,,NaN,NaN,144.549310928293,1.75043848,0,1.43849831,0.668708043352294,NaN,NaN,NaN,NaN,NaN,NaN,NaN,NaN,NaN,NaN,NaN,NaN,NaN,,NaN,NaN,145.825221085616,2.235674416,0,0.968416258,0.477519196972533,NaN,NaN,NaN,NaN,NaN,NaN,NaN,NaN,NaN,NaN,NaN,NaN,NaN,,NaN,NaN,145.837241993106
61.5833333333333,0.0561251719999989,0,3.429558948,34.5489496524834,NaN,NaN,NaN,NaN,NaN,NaN,NaN,NaN,NaN,NaN,NaN,NaN,NaN,,NaN,NaN,146.099070599163,1.561579792,0,3.459087596,1.059189542043,NaN,NaN,NaN,NaN,NaN,NaN,NaN,NaN,NaN,NaN,NaN,NaN,NaN,,NaN,NaN,147.780884817747,0.874551776,0,2.039998428,0.67654449362937,NaN,NaN,NaN,NaN,NaN,NaN,NaN,NaN,NaN,NaN,NaN,NaN,NaN,,NaN,NaN,145.564779012083,0.689744512,0,1.20417797,34.1504208950801,NaN,NaN,NaN,NaN,NaN,NaN,NaN,NaN,NaN,NaN,NaN,NaN,NaN,,NaN,NaN,144.549310928293,1.75043848,0,1.43849831,0.684101612041694,NaN,NaN,NaN,NaN,NaN,NaN,NaN,NaN,NaN,NaN,NaN,NaN,NaN,,NaN,NaN,145.825221085616,2.235674416,0,0.968416258,0.503217191434861,NaN,NaN,NaN,NaN,NaN,NaN,NaN,NaN,NaN,NaN,NaN,NaN,NaN,,NaN,NaN,145.837241993106
61.6666666666667,0.0561251719999989,0,3.429558948,34.4929762439564,NaN,NaN,NaN,NaN,NaN,NaN,NaN,NaN,NaN,NaN,NaN,NaN,NaN,,NaN,NaN,146.099070599163,1.561579792,0,3.459087596,1.12204708173553,NaN,NaN,NaN,NaN,NaN,NaN,NaN,NaN,NaN,NaN,NaN,NaN,NaN,,NaN,NaN,147.780884817747,0.874551776,0,2.039998428,0.720970520067112,NaN,NaN,NaN,NaN,NaN,NaN,NaN,NaN,NaN,NaN,NaN,NaN,NaN,,NaN,NaN,145.564779012083,0.689744512,0,1.20417797,34.1081104001514,NaN,NaN,NaN,NaN,NaN,NaN,NaN,NaN,NaN,NaN,NaN,NaN,NaN,,NaN,NaN,144.549310928293,1.75043848,0,1.43849831,0.674523547108639,NaN,NaN,NaN,NaN,NaN,NaN,NaN,NaN,NaN,NaN,NaN,NaN,NaN,,NaN,NaN,145.825221085616,2.235674416,0,0.968416258,0.466329835529985,NaN,NaN,NaN,NaN,NaN,NaN,NaN,NaN,NaN,NaN,NaN,NaN,NaN,,NaN,NaN,145.837241993106
61.75,0.0561251719999989,0,3.429558948,34.4280264959526,NaN,NaN,NaN,NaN,NaN,NaN,NaN,NaN,NaN,NaN,NaN,NaN,NaN,,NaN,NaN,146.099070599163,1.561579792,0,3.459087596,1.12756873349275,NaN,NaN,NaN,NaN,NaN,NaN,NaN,NaN,NaN,NaN,NaN,NaN,NaN,,NaN,NaN,147.780884817747,0.874551776,0,2.039998428,0.654235845977513,NaN,NaN,NaN,NaN,NaN,NaN,NaN,NaN,NaN,NaN,NaN,NaN,NaN,,NaN,NaN,145.564779012083,0.689744512,0,1.20417797,34.0002755547652,NaN,NaN,NaN,NaN,NaN,NaN,NaN,NaN,NaN,NaN,NaN,NaN,NaN,,NaN,NaN,144.549310928293,1.75043848,0,1.43849831,0.660598927897978,NaN,NaN,NaN,NaN,NaN,NaN,NaN,NaN,NaN,NaN,NaN,NaN,NaN,,NaN,NaN,145.825221085616,2.235674416,0,0.968416258,0.439340576794665,NaN,NaN,NaN,NaN,NaN,NaN,NaN,NaN,NaN,NaN,NaN,NaN,NaN,,NaN,NaN,145.837241993106
61.8333333333333,0.0561251719999989,0,3.429558948,34.2935079441969,NaN,NaN,NaN,NaN,NaN,NaN,NaN,NaN,NaN,NaN,NaN,NaN,NaN,,NaN,NaN,146.099070599163,1.561579792,0,3.459087596,1.12313901589337,NaN,NaN,NaN,NaN,NaN,NaN,NaN,NaN,NaN,NaN,NaN,NaN,NaN,,NaN,NaN,147.780884817747,0.874551776,0,2.039998428,0.635534985131918,NaN,NaN,NaN,NaN,NaN,NaN,NaN,NaN,NaN,NaN,NaN,NaN,NaN,,NaN,NaN,145.564779012083,0.689744512,0,1.20417797,33.8444693886021,NaN,NaN,NaN,NaN,NaN,NaN,NaN,NaN,NaN,NaN,NaN,NaN,NaN,,NaN,NaN,144.549310928293,1.75043848,0,1.43849831,0.611718439601558,NaN,NaN,NaN,NaN,NaN,NaN,NaN,NaN,NaN,NaN,NaN,NaN,NaN,,NaN,NaN,145.825221085616,2.235674416,0,0.968416258,0.367517759467548,NaN,NaN,NaN,NaN,NaN,NaN,NaN,NaN,NaN,NaN,NaN,NaN,NaN,,NaN,NaN,145.837241993106
61.9166666666667,0.0561251719999989,0,3.429558948,34.0848009955118,NaN,NaN,NaN,NaN,NaN,NaN,NaN,NaN,NaN,NaN,NaN,NaN,NaN,,NaN,NaN,146.099070599163,1.561579792,0,3.459087596,0.995638898951569,NaN,NaN,NaN,NaN,NaN,NaN,NaN,NaN,NaN,NaN,NaN,NaN,NaN,,NaN,NaN,147.780884817747,0.874551776,0,2.039998428,0.496532505672553,NaN,NaN,NaN,NaN,NaN,NaN,NaN,NaN,NaN,NaN,NaN,NaN,NaN,,NaN,NaN,145.564779012083,,,,,,,,,,,,,,,,,,,,,,,,,,,,,,,,,,,,,,,,,,,,,,,,,,,,,,,,,,,,,,,
