"Time","Bioreactor 5 - Acid volume pumped","Bioreactor 5 - Air flow","Bioreactor 5 - Base volume pumped","Bioreactor 5 - Bioreactor pressure reading","Bioreactor 5 - CER","Bioreactor 5 - DO","Bioreactor 5 - Feed#1 flow rate","Bioreactor 5 - Feed#1 volume pumped","Bioreactor 5 - Feed#2 flow rate","Bioreactor 5 - Feed#2 volume pumped","Bioreactor 5 - Foam sensor","Bioreactor 5 - Off-gas CO2%","Bioreactor 5 - Optical density","Bioreactor 5 - OUR","Bioreactor 5 - pH","Bioreactor 5 - Reflectance","Bioreactor 5 - RQ","Bioreactor 5 - Sampling events","Bioreactor 5 - Stir speed","Bioreactor 5 - Temperature","Bioreactor 5 - Volume","Bioreactor 6 - Acid volume pumped","Bioreactor 6 - Air flow","Bioreactor 6 - Base volume pumped","Bioreactor 6 - Bioreactor pressure reading","Bioreactor 6 - CER","Bioreactor 6 - DO","Bioreactor 6 - Feed#1 flow rate","Bioreactor 6 - Feed#1 volume pumped","Bioreactor 6 - Feed#2 flow rate","Bioreactor 6 - Feed#2 volume pumped","Bioreactor 6 - Foam sensor","Bioreactor 6 - Off-gas CO2%","Bioreactor 6 - Optical density","Bioreactor 6 - OUR","Bioreactor 6 - pH","Bioreactor 6 - Reflectance","Bioreactor 6 - RQ","Bioreactor 6 - Sampling events","Bioreactor 6 - Stir speed","Bioreactor 6 - Temperature","Bioreactor 6 - Volume","Bioreactor 7 - Acid volume pumped","Bioreactor 7 - Air flow","Bioreactor 7 - Base volume pumped","Bioreactor 7 - Bioreactor pressure reading","Bioreactor 7 - CER","Bioreactor 7 - DO","Bioreactor 7 - Feed#1 flow rate","Bioreactor 7 - Feed#1 volume pumped","Bioreactor 7 - Feed#2 flow rate","Bioreactor 7 - Feed#2 volume pumped","Bioreactor 7 - Foam sensor","Bioreactor 7 - Off-gas CO2%","Bioreactor 7 - Optical density","Bioreactor 7 - OUR","Bioreactor 7 - pH","Bioreactor 7 - Reflectance","Bioreactor 7 - RQ","Bioreactor 7 - Sampling events","Bioreactor 7 - Stir speed","Bioreactor 7 - Temperature","Bioreactor 7 - Volume","Bioreactor 8 - Acid volume pumped","Bioreactor 8 - Air flow","Bioreactor 8 - Base volume pumped","Bioreactor 8 - Bioreactor pressure reading","Bioreactor 8 - CER","Bioreactor 8 - DO","Bioreactor 8 - Feed#1 flow rate","Bioreactor 8 - Feed#1 volume pumped","Bioreactor 8 - Feed#2 flow rate","Bioreactor 8 - Feed#2 volume pumped","Bioreactor 8 - Foam sensor","Bioreactor 8 - Off-gas CO2%","Bioreactor 8 - Optical density","Bioreactor 8 - OUR","Bioreactor 8 - pH","Bioreactor 8 - Reflectance","Bioreactor 8 - RQ","Bioreactor 8 - Sampling events","Bioreactor 8 - Stir speed","Bioreactor 8 - Temperature","Bioreactor 8 - Volume","Bioreactor 9 - Acid volume pumped","Bioreactor 9 - Air flow","Bioreactor 9 - Base volume pumped","Bioreactor 9 - Bioreactor pressure reading","Bioreactor 9 - CER","Bioreactor 9 - DO","Bioreactor 9 - Feed#1 flow rate","Bioreactor 9 - Feed#1 volume pumped","Bioreactor 9 - Feed#2 flow rate","Bioreactor 9 - Feed#2 volume pumped","Bioreactor 9 - Foam sensor","Bioreactor 9 - Off-gas CO2%","Bioreactor 9 - Optical density","Bioreactor 9 - OUR","Bioreactor 9 - pH","Bioreactor 9 - Reflectance","Bioreactor 9 - RQ","Bioreactor 9 - Sampling events","Bioreactor 9 - Stir speed","Bioreactor 9 - Temperature","Bioreactor 9 - Volume","Bioreactor 10 - Acid volume pumped","Bioreactor 10 - Air flow","Bioreactor 10 - Base volume pumped","Bioreactor 10 - Bioreactor pressure reading","Bioreactor 10 - CER","Bioreactor 10 - DO","Bioreactor 10 - Feed#1 flow rate","Bioreactor 10 - Feed#1 volume pumped","Bioreactor 10 - Feed#2 flow rate","Bioreactor 10 - Feed#2 volume pumped","Bioreactor 10 - Foam sensor","Bioreactor 10 - Off-gas CO2%","Bioreactor 10 - Optical density","Bioreactor 10 - OUR","Bioreactor 10 - pH","Bioreactor 10 - Reflectance","Bioreactor 10 - RQ","Bioreactor 10 - Sampling events","Bioreactor 10 - Stir speed","Bioreactor 10 - Temperature","Bioreactor 10 - Volume"
0,1.177376242,105.008335791081,0.0436787299999991,2.58208753922031,0.359020308577361,100.05291221901,NaN,NaN,NaN,NaN,9.26004759745346,0.0259015039107969,NaN,NaN,6.47481813109983,3.53447346069656,NaN,,1298.18171409816,29.9995647472986,205.518887828494,0,104.969362014087,0.0558256323447306,2.85601919166012,0.139696390934213,99.9877639491172,NaN,NaN,NaN,NaN,10.1598953688649,0.0100252166063059,NaN,NaN,7.47583423987447,3.58710690903954,NaN,,1299.0396377318,29.9990801112522,204.355433536496,1.191108232,104.998002802892,0.054703277999999,3.16293051274812,0.0901455550914073,99.7416286959729,NaN,NaN,NaN,NaN,11.760570728476,0.00649330877018032,NaN,0.14289739666421,6.47261632546022,4.7099207019265,0.582082263045012,,1300.02353133553,29.9993044869303,205.541051361253,0,105.018291366471,0.203768412,2.94683525800066,0.209593038974427,99.9357255229983,NaN,NaN,NaN,NaN,16.2255884283775,0.0150399475508095,0.997074415887901,NaN,7.54514784928862,3.90559948928766,NaN,,1298.5133301033,29.9992334485044,204.50146298032,1.42340286,104.976390101971,0,2.51387799705284,0.0843899304300286,99.6911064634308,NaN,NaN,NaN,NaN,12.6208340971735,0.00608043996583919,NaN,NaN,6.32568178653507,5.0649765265725,NaN,,1300.1243203471,29.9993671061978,205.71042262695,1.57757123,105.018571223836,0.0191364500000005,2.91906800914761,0.0276946001177432,100.101020847838,NaN,NaN,NaN,NaN,8.59787253543771,0.0020000000949949,NaN,NaN,6.27118887451186,2.78398221399414,NaN,,1300.07594197667,29.9992718179482,205.890175316692
0.0833333333333333,1.177376242,104.191551933256,0.0436787299999991,2.80210480845781,0.354567860543154,97.6488640390115,NaN,NaN,NaN,NaN,9.35298568140612,0.0551936955373887,1.11810885059548,NaN,6.47716352109013,4.87678968746907,NaN,,1299.93482915219,29.8895431446504,210.3683259107,0,104.183596245392,0.0998722785059524,3.00339083689078,0.136207275479925,97.5557566906609,NaN,NaN,NaN,NaN,10.0568238511351,0.0147851123620635,NaN,NaN,7.47767884991835,4.17521354558347,NaN,,1297.48750610363,29.8848058592551,209.244951438909,1.191108232,104.968168024272,0.054703277999999,3.23671908493101,0.0956104788032283,96.2741345700273,NaN,NaN,NaN,NaN,11.1976847655914,0.0327143236117748,NaN,NaN,6.47426726561034,5.26502413063883,NaN,,1299.87240176783,29.8838930434459,210.389733133634,0,105.01313522393,0.203768412,3.01752170017687,0.20632315193857,96.5217914593873,NaN,NaN,NaN,NaN,16.4173016209559,0.0218733309631549,1.07128614466483,NaN,7.51228110974737,4.20999930035536,NaN,,1300.31002699081,29.8886024451696,209.346751481536,1.42340286,105.027563192888,0,2.58030560205344,0.0920965274928417,96.0592256322668,NaN,NaN,NaN,NaN,13.096114814113,0.042747386534215,1.33254778459492,NaN,6.33159983093718,5.76661801350344,NaN,,1299.77332067302,29.8879153032407,210.556219405352,1.57757123,104.964473266077,0.0191364500000005,2.98766869689944,0.0345583654817648,96.517083332553,NaN,NaN,NaN,NaN,8.86458248814466,0.0337674602799741,0.940272543873024,NaN,6.27950351996502,2.98176463522363,NaN,,1300.73808836442,29.8885937761032,210.738731268501
0.166666666666667,1.177376242,103.495164787889,0.0436787299999991,2.78672362934548,0.833192837907002,99.411044437528,NaN,NaN,NaN,NaN,9.51675872616667,0.0617873235617818,1.11599676658961,0.778593486090649,6.48038748741654,4.25881480970085,1.12567848518297,,1301.1256339743,29.9785683303246,210.362804956458,0,103.44551157745,0.105307122,3.07535576881762,0.205353509375901,99.4187230333352,NaN,NaN,NaN,NaN,10.0536520878743,0.0151475737710188,0.99217068055889,1.11957269655202,7.48768094885169,4.22099030568212,0.187721548979973,,1299.78790061082,29.9757978955559,209.245830025533,1.191108232,104.948036945839,0.054703277999999,3.24711759773469,0.512712626464786,94.9590742568012,NaN,NaN,NaN,NaN,11.5832383325,0.0383971937526778,NaN,NaN,6.47502061473724,5.17869219313012,NaN,,1298.29308466017,29.9762276537373,210.38420123079,0,104.989050321609,0.203768412,2.96911690699963,0.317040703967811,95.250108769289,NaN,NaN,NaN,NaN,16.1352966145099,0.0232965812126503,1.05798490704371,NaN,7.51046786898551,4.21875730952526,NaN,,1298.95328567503,29.9778869893911,209.341225865331,1.42340286,104.95473085164,0,2.58019123414704,0.638639029915158,94.5343807783619,NaN,NaN,NaN,NaN,13.2811350871883,0.0471719628342665,0.996746198776082,NaN,6.33134580783689,5.77982179995069,NaN,,1301.60704557286,29.9740235189717,210.550687068771,1.57757123,105.001284993855,0.0191364500000005,3.01499173746944,0.465125031147011,95.0323735650817,NaN,NaN,NaN,NaN,8.64403130025096,0.0344388736873924,0.935909579537713,NaN,6.28128907006757,3.04072618392569,NaN,,1301.30559518703,29.9803577686033,210.733207649715
0.25,1.177376242,103.369671031096,0.0436787299999991,2.8113612474474,0.747841453749208,99.7673193106071,NaN,NaN,NaN,NaN,9.36876950583333,0.0552415819594998,1.1054507453402,0.513193501080375,6.4848907398883,4.94525516677922,1.46610235409946,,1299.32500612501,30.0175275703517,210.357283863429,0,103.275147794705,0.105307122,3.03233982945678,0.218416781117449,99.6738875020466,NaN,NaN,NaN,NaN,9.86239833433923,0.0160613823167217,1.02923463712175,0.83494761915862,7.48508450719896,4.28574222707327,0.262120001023379,,1302.69471826951,30.0161115531903,209.240312488771,1.191108232,105.072827678976,0.054703277999999,3.21309029656896,0.431782415261962,94.3807943296415,NaN,NaN,NaN,NaN,10.9963301523344,0.0317540995127424,NaN,NaN,6.47518146686179,5.34437350212055,NaN,,1299.89850852387,30.0211568479524,210.378662141346,0,105.006013105164,0.203768412,3.01090110840103,0.333828702146603,94.6406729843806,NaN,NaN,NaN,NaN,16.1052387871568,0.0245317289607734,1.00733437095259,NaN,7.50739269371919,4.13048510959661,NaN,,1302.72366169117,30.0179832723867,209.335702044199,1.42340286,105.015068710842,0,2.53569297402437,0.483232434578949,93.7928590784569,NaN,NaN,NaN,NaN,14.3454968281451,0.0357030202972039,1.09354139038633,NaN,6.33087417359649,5.55620391617553,NaN,,1300.21958774782,30.0149902505318,210.545161434242,1.57757123,104.990775410805,0.0191364500000005,2.97613854975221,0.321212051768216,94.4934047450693,NaN,NaN,NaN,NaN,9.17468674757237,0.0237613623393338,0.910986493295614,NaN,6.2819995880127,3.00203417908466,NaN,,1300.51864560511,30.0176637170428,210.72768402963
0.333333333333333,1.177376242,103.234749822546,0.0436787299999991,2.77747941476554,0.703953217420619,99.686602441064,NaN,NaN,NaN,NaN,9.78688120933333,0.051988180990927,1.0732362136113,0.463555072869651,6.48591950519537,5.03015836575815,1.55025680360491,,1299.62673244703,30.0286806264307,210.351761081234,0,103.103337262011,0.105307122,3.00046040174411,0.23033032335423,99.7682585335929,NaN,NaN,NaN,NaN,10.0437094469944,0.0169358537471093,NaN,0.778813140076341,7.48154524530279,4.21206523072872,0.296723513402915,,1299.2584169193,30.0212081684237,209.234793772601,1.191108232,104.969895938792,0.054703277999999,3.22500385698526,0.381826669920171,93.7761623367127,NaN,NaN,NaN,NaN,11.3076427193323,0.0281887067863456,NaN,0.335116047861142,6.47430687289363,5.44508718711427,2.318884892387,,1299.40586056452,30.0300006866455,210.373127157057,0,104.989820309802,0.203768412,3.00872074404954,0.34904338491802,94.1757736826678,NaN,NaN,NaN,NaN,16.2816477805,0.0256476537473543,1.04549213448855,NaN,7.50329519335459,4.12493460515522,NaN,,1301.47196835652,30.0295987593447,209.330178479846,1.42340286,105.005386829889,0,2.5756162667007,0.424828840182305,93.1968542789008,NaN,NaN,NaN,NaN,14.9138044408333,0.0313884259352206,0.989038124264187,NaN,6.32971846608537,5.70623759562534,NaN,,1299.80443169286,30.0200004577637,210.539635391903,1.57757123,104.981799199137,0.0191364500000005,2.93532997736435,0.264905947098111,93.8217677425613,NaN,NaN,NaN,NaN,9.76397789924619,0.0195983477764627,0.915177469794803,0.00369707064997596,6.28160071528362,2.99238573665659,73.1361319051645,,1300.12020961031,30.0279799959551,210.722160860604
0.416666666666667,1.177376242,103.057084383029,0.0436787299999991,2.77515663632396,0.699603034241342,99.6283374434246,NaN,NaN,NaN,NaN,9.3968137454959,0.0516613918710072,1.01621116195718,0.452503320634063,6.48582116575546,4.39929982693212,1.56937655157508,,1299.43606199535,30.0270014998928,210.346237447963,0,102.977532122087,0.105307122,3.02859985980439,0.243098316796728,99.8190878786514,NaN,NaN,NaN,NaN,9.71836746179208,0.0178792871469054,NaN,0.739974368854684,7.47653186072369,4.07148519544333,0.331339925473497,,1298.96767753857,30.0200004577637,209.229276670187,1.191108232,105.033752810381,0.054703277999999,3.23584033869732,0.376747644610428,93.0012331406863,NaN,NaN,NaN,NaN,11.7711831069982,0.0277167757296153,NaN,NaN,6.47399997711182,5.46483833988927,NaN,,1300.63430392628,30.0267465629196,210.367593050552,0,105.004038821945,0.203768412,3.00447209869042,0.363660684331013,93.8090719380842,NaN,NaN,NaN,NaN,16.3753966998333,0.0267265230406297,1.00303487524414,NaN,7.49866109150422,4.12250211023161,NaN,,1299.12243125304,30.0211658550786,209.32464921192,1.42340286,105.0147303751,0,2.56672757469848,0.411662699630442,92.8115519583363,NaN,NaN,NaN,NaN,13.4617399922717,0.0304181942918285,1.06293387602973,0.18730134273773,6.32857547115312,5.5899513329024,4.0784963158665,,1299.5979218558,30.0200004577637,210.534097851529,1.57757123,105.027227225698,0.0191364500000005,2.94715639503512,0.254594855021223,93.3421286861547,NaN,NaN,NaN,NaN,8.89463194468983,0.0188345212542618,0.912644347655262,0.0756654602085796,6.28012368924478,3.01122111214524,3.3939439325975,,1299.80432237935,30.0215149890393,210.716624383436
0.5,1.177376242,102.829883727269,0.0436787299999991,2.79079683513671,0.713751193968904,99.5901239687203,NaN,NaN,NaN,NaN,9.3586483305041,0.052709176805402,1.10813841297231,0.397513445891906,6.48516268659283,4.8095853098201,1.8087311361167,,1299.64429941695,30.0200004577637,210.34070403337,0,102.906142222946,0.10715525644744,3.06892764080131,0.255897654835608,99.8144159713922,NaN,NaN,NaN,NaN,9.91708943369408,0.0188098712370546,0.97153218196217,0.574040177470397,7.47200850178419,4.29432935360689,0.448008075833378,,1300.82793713752,30.0148166071225,209.225433475733,1.191108232,105.060974679196,0.054703277999999,3.24332316220807,0.392711937506041,92.3906862559125,NaN,NaN,NaN,NaN,12.1128437235233,0.0289825942661073,NaN,0.215354427109322,6.47287769494677,5.27831764685105,2.27000990349509,,1300.13995727787,30.018402870247,210.36204595412,0,104.967231367928,0.203768412,3.01703452948886,0.382770656946811,93.5213066925969,NaN,NaN,NaN,NaN,16.2890496138333,0.0281269016914085,1.04225340311046,NaN,7.49404821061183,4.19131199405443,NaN,,1300.43258057516,30.0156402931747,209.319125673869,1.42340286,105.026889717159,0,2.58288443780276,0.424546382205121,92.2039498229034,NaN,NaN,NaN,NaN,13.022709966395,0.0313919943994622,0.965711485194918,0.687536546389006,6.32728666240361,5.72273343103899,0.65383065150166,,1299.83926426483,30.0189029628063,210.528587702786,1.57757123,104.995117702036,0.0191364500000005,2.96940870238081,0.266250577728576,92.7607833837171,NaN,NaN,NaN,NaN,8.65332275365828,0.0196961634599959,0.947358960508287,0.0599680719664936,6.27869210639135,3.07872774886153,10.6576401935364,,1298.82744577901,30.0187959780693,210.711115220738
0.583333333333333,1.177376242,102.688676572061,0.0436787299999991,2.57847688574365,0.735603414771326,99.6665122334432,NaN,NaN,NaN,NaN,9.516807304,0.0540168292818251,1.1515151479627,0.413679292522484,6.48519179663372,4.71552237015129,1.95372943215819,"Sample 1.50 mL to AMBR-96DWP-4/G1",1299.78114961357,30.0118814469268,208.975716678469,0,102.8257280683,0.118830687816337,2.85400623916769,0.272250882983081,99.7589897227263,NaN,NaN,NaN,NaN,10.1933788544681,0.019482999881889,NaN,0.42387318126942,7.47212616593586,4.17122946319131,0.580512238541281,"Sample 1.50 mL to AMBR-96DWP-4/G2",1300.16609131857,30.0100002288818,207.920637674153,1.191108232,105.049751709408,0.0576546507826541,3.08800280097259,0.408825829169659,91.7269195282676,NaN,NaN,NaN,NaN,12.3454276876914,0.0298747958489752,NaN,0.509418787749904,6.47208021126511,5.33329150600553,0.886308649614292,"Sample 1.50 mL to AMBR-96DWP-4/G3",1300.03317865176,30.0083917408006,209.096175102083,0,105.002512937069,0.203768412,2.80060075643581,0.384927555604958,93.1313791524692,NaN,NaN,NaN,NaN,16.4142952290619,0.0285200968873611,1.09200627112069,NaN,7.48901778632351,3.8628488850825,NaN,"Sample 1.50 mL to AMBR-96DWP-4/G4",1298.62869577155,30.0079877285571,208.099323248158,1.42340286,105.012622732221,0,2.43049973700459,0.447447252279023,91.5698498351676,NaN,NaN,NaN,NaN,13.4252658145247,0.0321051955347824,1.03628620011653,1.03311743128782,6.32618852330101,5.90899783236681,0.395667592973418,"Sample 1.50 mL to AMBR-96DWP-4/G5",1300.59144159534,30.0100002288818,209.358015247189,1.57757123,105.046166591641,0.0191364500000005,2.89945232368509,0.285382519114248,92.2157890263925,NaN,NaN,NaN,NaN,8.42212422983894,0.0207797604454446,0.919487083971024,0.0517438066187383,6.27687183100051,3.01678331641433,7.95118049236603,"Sample 1.50 mL to AMBR-96DWP-4/G6",1299.71772021378,30.0097348883621,209.588647189139
0.666666666666667,1.177376242,102.498810352344,0.0436787299999991,2.83092133441816,0.764007471094688,99.8045879395266,NaN,NaN,NaN,NaN,9.63576916183333,0.0564485950633164,1.10123754549636,0.279257693652992,6.48192832184673,4.95715318256359,3.4798738633889,,1298.56440942731,30.0100002288818,208.535670054593,0,102.715318001991,0.127253624718755,3.06567769405101,0.279918273557056,99.806661820805,NaN,NaN,NaN,NaN,9.83580914141998,0.0203971737814004,NaN,0.517862981233951,7.47389905380188,4.2628964984728,0.500293779452617,,1300.0999178286,30.0100002288818,207.440467500087,1.191108232,104.977534860948,0.0590663499999993,3.24504971046036,0.440178284559051,91.2870628762784,NaN,NaN,NaN,NaN,11.6591564309537,0.0328513297739758,NaN,0.555020269379203,6.47128712827129,5.31339615786016,NaN,,1299.84458731694,30.0100002288818,208.561349063588,0,104.974828021599,0.203768412,3.05091626062945,0.411495330688336,92.7097199420395,NaN,NaN,NaN,NaN,16.5326241808589,0.0306359410472306,0.972652457109529,NaN,7.48359363543884,3.44287759067953,NaN,,1301.37727058604,30.0100002288818,207.514085545327,1.42340286,105.006554449094,0,2.6032165055058,0.472760187850476,91.3174777157439,NaN,NaN,NaN,NaN,13.043069569516,0.0351258216182016,1.08184634507533,1.66577450436719,6.3243996230431,5.93309897492765,0.262170999134827,,1299.18849791202,30.0100002288818,208.723548982856,1.57757123,104.99428864291,0.0191364500000005,2.96548382183028,0.309411119423633,91.7553407453841,NaN,NaN,NaN,NaN,8.59712526532773,0.023478621733489,0.916550564170285,0.0701802674370377,6.27520427232704,3.02515471359732,13.4291181292709,,1298.94041482803,30.0100002288818,208.906065779477
0.75,1.177376242,102.390011774846,0.0474950023891997,2.84462587075419,0.805536779888619,99.709387925724,NaN,NaN,NaN,NaN,9.4792493525,0.0589541122186467,1.20433150556652,0.219658001302462,6.47167923023327,5.09955119406227,3.99066118363873,,1299.54635936907,30.0100002288818,208.533758794068,0,102.55467309345,0.129479319999999,3.05492232313366,0.292457097887359,99.6998574906978,NaN,NaN,NaN,NaN,10.0089325764444,0.0213108268783264,NaN,0.45515895878966,7.47607215776154,4.26995050677516,0.674904474972644,,1300.78894143108,30.0100002288818,207.437375777919,1.191108232,104.962000134593,0.0681821778680387,3.2482261124287,0.475132895663156,90.7825170385506,NaN,NaN,NaN,NaN,11.3844878946726,0.0347693954907479,NaN,0.193517851556953,6.47222917381973,5.45942131641793,4.77953894676036,,1300.38818241109,30.0100002288818,208.564735773637,0,105.017865643253,0.203768412,3.05424432706467,0.445088595346707,92.1431007836594,NaN,NaN,NaN,NaN,16.1159968177459,0.032419595672139,1.05350445113889,0.0234286958796658,7.47816048514049,4.21094713985451,32.3126471097708,,1299.85537071213,30.0100002288818,207.508561439135,1.42340286,104.995611467881,0,2.60895847268128,0.510322578201738,90.9671206503411,NaN,NaN,NaN,NaN,12.820207955626,0.037456334254865,1.02602784969056,2.42406387858641,6.32238347706955,5.72838476101247,0.210793208231986,,1299.75722404247,30.0100002288818,208.718033113286,1.57757123,104.986854623624,0.0191364500000005,2.93477002218184,0.343404439124352,91.3159782659299,NaN,NaN,NaN,NaN,8.67916047883333,0.025188153202703,0.929561737725124,0.0749063459043678,6.27325279444671,3.04262752781203,19.8636046307982,,1299.45858492678,30.0100002288818,208.90054267333
0.833333333333333,1.177376242,102.224519728568,0.0596571901326151,2.8346637632827,0.825644516953272,99.6240013900624,NaN,NaN,NaN,NaN,9.40714751414142,0.0604354932864287,1.05228460417412,0.294529772672489,6.4711131291871,4.34939041335402,2.99841431190083,,1300.11060066896,30.0087937230677,208.540198050759,0,102.39083896147,0.131541430600176,3.03967045818084,0.307736354042667,99.6262343129661,NaN,NaN,NaN,NaN,10.1043551041401,0.0224273226611677,1.06233364689041,0.419432988688783,7.47228772285879,4.21680066036458,0.765464067152586,,1301.32347302236,30.0100002288818,207.433717547749,1.191108232,105.000393876252,0.0691169979999993,3.27616894132134,0.499958036632229,90.2289369912844,NaN,NaN,NaN,NaN,11.6585753478615,0.0364607740753992,NaN,NaN,6.47157898566195,5.10436535099087,NaN,,1300.32799572505,30.0100002288818,208.560332520253,0,105.019047644613,0.204074897685582,3.04116923174786,0.462261220448599,91.451002526048,NaN,NaN,NaN,NaN,16.3036370696667,0.0336698937587771,1.08345745037251,0.0531084121891946,7.47265448745064,4.26311284570578,17.4021285554745,,1299.08755087039,30.0047804501519,207.503184053616,1.42340286,105.008111976068,0,2.6138261380533,0.532175591421856,90.5013779610546,NaN,NaN,NaN,NaN,13.3101406060247,0.0390647018430323,1.27374569337056,2.62955988965189,6.32069418081964,5.96325022704073,0.202656621741851,,1300.68239500994,30.003565938276,208.71251960369,1.57757123,105.053500341672,0.0191364500000005,2.98830320495659,0.365230916242246,90.9534357547999,NaN,NaN,NaN,NaN,8.46816700379062,0.0267766693027477,0.936247822929118,0.108552652244684,6.27162352865012,3.05905984145153,6.87707572207389,,1303.77709366831,30.0064048845649,208.89501940162
0.916666666666667,1.177376242,102.116567870995,0.075382776446011,2.76561622218049,0.852857182823228,99.6738043738421,NaN,NaN,NaN,NaN,9.66831962031425,0.0623803698776363,1.2065184010814,0.243963255325369,6.47178596087684,4.7563808605965,4.93040965716855,,1300.34153664813,30.0027575023206,208.550699464822,0,102.230223743053,0.141954568462921,3.02648266745591,0.325160665281369,99.5861738775068,NaN,NaN,NaN,NaN,10.134723739,0.0236839412888102,0.986642913800051,0.543006072761648,7.47179432911276,4.42231944283934,0.607286195803649,,1302.40665491796,30.0100002288818,207.438605825835,1.191108232,104.999294955346,0.0745075145142437,3.28163978542284,0.523969498238546,89.6707220251444,NaN,NaN,NaN,NaN,11.5249692277944,0.0383273088908577,0.934228737025879,0.00406831785703115,6.47154908443154,5.47311558488558,130.976437967638,,1300.06018614337,30.0100002288818,208.559984528278,0,104.994763326851,0.217167298283238,3.02890810709251,0.48714862361008,90.7323337735564,NaN,NaN,NaN,NaN,16.2007864471667,0.0354909810984649,1.07965367442605,0.0488719550869656,7.47125017746844,4.25646959412355,27.4014974054764,,1300.17807983851,30.0006647777466,207.510678314766,1.42340286,104.999215596478,0,2.60548760316976,0.555628920931089,89.9479489421525,NaN,NaN,NaN,NaN,12.8989552868538,0.0408158872588656,1.01778511226278,3.36636600712752,6.31898642170297,5.81165896219085,0.166068852296879,,1300.30035658007,30.0087909052182,208.70700859998,1.57757123,105.022066061425,0.0294199460631927,2.97938957691224,0.390623005554553,90.4649670787782,NaN,NaN,NaN,NaN,8.89267993340021,0.0286443649284967,0.962896685929117,0.118796815203428,6.27129414042549,3.10586446163439,10.2605411762668,,1298.45569350502,30.0003135794917,208.899485214103
1,1.177376242,101.780864446964,0.0795333593361128,2.89138956444917,0.885557077583509,99.54355723085,NaN,NaN,NaN,NaN,9.45522605821099,0.0648363493689394,1.23982963070448,0.295456357323258,6.47193716481466,5.30933604654944,3.09621445245244,,1301.8569353273,30.0009361264178,208.549322186217,0,102.031541340763,0.149697484,3.08478317215967,0.341131275690725,99.7432530378339,NaN,NaN,NaN,NaN,10.3624808269478,0.0248545460896872,0.957650891822344,0.440385597077839,7.47208456684732,4.35516248282187,0.789325977715763,,1301.21062998207,30.0038178470466,207.441031382537,1.191108232,104.972508831926,0.0791871239999998,3.25426441411499,0.554214303480869,88.8190793673482,NaN,NaN,NaN,NaN,11.9740018476715,0.0404191700152642,1.0356188914309,NaN,6.4729520489521,5.47773234840134,NaN,,1299.95928987292,30.0022778559398,208.559328749316,0,105.018083738282,0.223285368,3.04071881170186,0.505271711214557,90.0940172796677,NaN,NaN,NaN,NaN,16.120251062,0.0368073905678362,1.07127144448844,0.0808080855914561,7.47583000087077,4.19563841300957,7.18411758407454,,1300.71112067614,30,207.511506808494,1.42340286,104.976645446133,0,2.59019216500646,0.583306668296181,89.5318401825796,NaN,NaN,NaN,NaN,12.9924568127882,0.0428405498890093,1.04806299514789,3.16847329374713,6.31739671349369,5.87005265823752,0.185347432049153,,1300.00895277439,30.0019646549547,208.701498862307,1.57757123,105.055032857935,0.0337449500000001,2.99197834936955,0.410911303608749,89.9720091842064,NaN,NaN,NaN,NaN,8.59479005680916,0.0301235705065517,0.929587092259571,0.0947912080662793,6.27464204712932,3.04034339912768,7.10605306898329,,1298.69630262633,30.0008020223247,208.898578832732
1.08333333333333,1.177376242,101.598704362063,0.0838423659999999,2.80909536871785,0.906780015828111,99.4630458163597,NaN,NaN,NaN,NaN,9.64337563716667,0.0663578186153242,1.1834826089964,0.216094738621789,6.47818484860102,5.22238954064956,6.93255099144134,,1300.48735552958,30,208.54820730146,0,101.90766145193,0.157229099383844,3.08945679807513,0.358344366148379,99.6619239171798,NaN,NaN,NaN,NaN,9.83923667388551,0.0260918404483289,0.936790916496253,0.411424601742978,7.47109129592654,4.36303738457986,0.913271409631909,,1300.02044213557,30,207.44273194943,1.191108232,104.965524077821,0.0791871239999998,3.22945939618887,0.586842111742513,88.1154581904589,NaN,NaN,NaN,NaN,11.5619038709512,0.0429412956096972,0.970057741471571,0.35809367024759,6.47147272870894,5.50825610039685,7.09114923310375,,1301.1616851272,30,208.55379371302,0,104.959776176249,0.223509844209361,3.03236394078406,0.524895643110649,89.6577165198568,NaN,NaN,NaN,NaN,15.9598838281667,0.0382447180033543,1.01964540651186,0.0738007734908528,7.4732343509832,4.15192088773812,10.5871802178685,,1298.56067151364,30,207.506083240875,1.42340286,105.001664156274,0,2.60122152120163,0.6243853458968,89.042340779861,NaN,NaN,NaN,NaN,13.0407898805,0.0458290777574274,1.07677247613909,2.82829818519251,6.31500365189123,5.93688922129241,0.220958919074073,,1299.27510421741,30,208.695987362216,1.57757123,104.982937625115,0.0337449500000001,3.02737130780187,0.446522034534896,89.3831345921852,NaN,NaN,NaN,NaN,8.64500135283333,0.032743594637863,0.930618797765387,0.0803999250982177,6.27284813880571,3.04965293284875,20.1534030878227,,1300.39622761037,30,208.893053793591
1.16666666666667,1.177376242,101.269931436452,0.0838423659999999,2.96204986418723,0.951904594692737,99.617965624198,NaN,NaN,NaN,NaN,9.21520865019218,0.0696637518129349,1.09883694360895,0.285363392708101,6.47866828096505,5.07482383248911,4.26305739710335,,1299.83671330605,30,208.542680701305,0,101.648612627423,0.167692301307972,3.09362354954707,0.375545789145936,99.5170609695192,NaN,NaN,NaN,NaN,9.99997354866666,0.0273687833333027,0.973977071385566,0.685671097064629,7.47172170155022,4.36274104569578,0.555740305789345,,1298.57393162309,30,207.447873485584,1.191108232,104.979232494571,0.0874315445388758,3.23008372409703,0.628548300344864,87.3592868682762,NaN,NaN,NaN,NaN,11.5946788095487,0.0458817120473078,NaN,0.21016717908892,6.47458339024169,5.2909450203224,4.07928713163959,,1298.76936349103,30,208.556308967991,0,105.006929091815,0.235079490510986,3.01690793438428,0.556819191184834,88.9427536043188,NaN,NaN,NaN,NaN,16.1953817313333,0.040559006188351,1.06537777760109,0.0471525623596266,7.4712264901075,4.23160402035747,68.0036259566415,,1297.74572072277,30,207.512077202027,1.42340286,104.97328928787,0,2.64224526777374,0.667880959351428,88.2868684913623,NaN,NaN,NaN,NaN,12.9586869175,0.049022297683949,1.11303224410962,2.32152218996076,6.31046798064408,5.88284885603708,0.289423925342566,,1300.20246772388,30,208.690473880546,1.57757123,105.013362010221,0.0350488329307685,3.0316758237426,0.482896809024062,88.7090657015451,NaN,NaN,NaN,NaN,8.91188344383333,0.0354134761719236,0.961069755486311,0.256475710685426,6.27151829917328,3.10268179081535,2.09154820544436,,1299.98495207957,30,208.888632168493
1.25,1.177376242,101.046553535744,0.0838423659999999,2.89787122980548,0.996751737564442,99.5347886755854,NaN,NaN,NaN,NaN,9.39664966047449,0.0729923809667115,1.09289941451113,0.408116276094166,6.47628345759364,4.77163420029179,2.56407877032985,,1301.36806621158,30,208.537157342011,0,101.414835409432,0.176165485933033,3.10341602656013,0.398742543800818,99.5792044449255,NaN,NaN,NaN,NaN,9.8793034275,0.0290500754537991,1.07876045281149,0.690225796124339,7.47155561785405,4.4465968998423,0.59370058020719,,1298.19338412917,30,207.450729102912,1.191108232,105.011110244065,0.0891988160000006,3.25334499605015,0.663527634619351,86.5093030890354,NaN,NaN,NaN,NaN,11.6021690318333,0.0485157806732656,NaN,NaN,6.4765164095032,5.56565350436633,NaN,,1301.26354338048,30,208.552736904186,0,105.010265135514,0.23986710859429,3.00383611739846,0.578000288444927,88.0991313194627,NaN,NaN,NaN,NaN,16.0865601276371,0.0421081332111993,1.04733589182752,0.0901302963910489,7.47192226088633,4.20016592635078,8.79466684994119,,1299.56841839365,30,207.511317489782,1.42340286,104.984356795489,0,2.59835420029926,0.717605789875636,87.6946616685991,NaN,NaN,NaN,NaN,13.241036739,0.0526913715478,1.0464828689604,2.89422649268647,6.30854176151608,5.86849220705232,0.249814573840244,,1300.03791320025,30,208.68496171217,1.57757123,104.992845845391,0.0438150760000005,2.96835820806802,0.521820326986815,88.0287150154658,NaN,NaN,NaN,NaN,8.7994820605,0.0382819381171612,1.00709122416299,0.245927398334964,6.27109006759117,3.18284354122717,2.66565909113473,,1300.51828351895,30,208.892078850853
1.33333333333333,1.177376242,100.804048580002,0.0838423659999999,2.92962098951701,1.04220215591937,99.5227466603344,NaN,NaN,NaN,NaN,9.34926987508267,0.0763039975781624,1.17450091381715,0.380263342226398,6.47418398420665,5.17154076814288,3.29204185746973,,1298.40534111511,30,208.531634974971,0,101.238717698432,0.183780628309562,3.12468452134125,0.419503972690509,99.5873231446637,NaN,NaN,NaN,NaN,10.0751825485772,0.0305610055047896,0.981680294329361,0.700002657623837,7.4723208208394,4.57753050682603,0.612183924016135,,1300.65722353991,30,207.452927706876,1.191108232,104.954604448166,0.0891988160000006,3.22364898108722,0.706932979201545,85.7694165718783,NaN,NaN,NaN,NaN,11.3603846201667,0.051705744648288,NaN,0.461148104342199,6.4749402718861,5.48400015864193,6.20011316748177,,1298.3092922007,30,208.547210567501,0,105.048691416979,0.254119914836341,3.03586478964931,0.608688349231353,87.3156333900701,NaN,NaN,NaN,NaN,16.2791748226962,0.0443295339610999,1.08912772251212,0.13092372900191,7.47189710051216,4.22451485354447,5.32586542741897,,1298.43169386746,30,207.520045101399,1.42340286,105.017939839753,0,2.59108211327469,0.771096118150783,86.9958137023185,NaN,NaN,NaN,NaN,13.0395372142228,0.0565715486272138,1.14186850122922,2.38229695908364,6.30606868594551,6.00421841401435,0.405676873768764,,1299.87991699419,30,208.679450067709,1.57757123,104.974194715469,0.0467247620735313,2.99534737798513,0.568047226558641,87.4616078989046,NaN,NaN,NaN,NaN,8.89761622642926,0.0416720603979871,0.960375492230196,0.243892338204023,6.27116010747557,3.0952884637974,3.34977239304838,,1298.76106452742,30,208.889367261675
1.41666666666667,1.177376242,100.588489814333,0.0848712219837191,2.89563903447816,1.09787928728665,99.5784273248415,NaN,NaN,NaN,NaN,9.41055643326287,0.0803380093648766,1.32582859929462,0.175188771612632,6.4713888977162,5.38203672344164,7.40013075258425,,1298.31147261525,30,208.526937513229,0,100.976225692382,0.191751590718144,3.14113611981233,0.448930970418378,99.5885945508127,NaN,NaN,NaN,NaN,9.67960835402908,0.0327137583275032,0.9973212725846,0.921871201053127,7.47128228445636,4.62638042908832,0.49169557507666,,1300.35379924144,30,207.455277243891,1.191108232,105.028274776447,0.0891988160000006,3.25819958764825,0.765176223916881,85.043726851761,NaN,NaN,NaN,NaN,11.831801495,0.055835248614532,1.01624289220248,NaN,6.47298035469637,5.55043679203232,NaN,,1299.07275588961,30,208.541671123588,0,104.96305669466,0.258425058141978,3.02915486529142,0.642488462544282,86.5190246938522,NaN,NaN,NaN,NaN,16.0405353326796,0.0468116656153435,1.11732562571949,0.170077744700611,7.47245645113746,4.32212200770555,4.64143627900274,,1301.67246063188,30,207.51902637786,1.42340286,105.035287564561,0,2.59779884406158,0.832439414077481,86.4946691194515,NaN,NaN,NaN,NaN,13.1394474156611,0.0609714650738191,1.1215108763197,0.616540087107397,6.30373260030868,5.98577757426357,1.55038143695206,,1300.65069916031,30,208.673928923702,1.57757123,104.975675564787,0.0513327128636621,3.00019009620268,0.612139830961309,86.7051396795827,NaN,NaN,NaN,NaN,8.70120858712171,0.0449015142292118,0.965296741706087,0.213334468827377,6.27129875112861,3.11004470802651,3.98004268536925,,1300.42087959856,30,208.888450086878
1.5,1.177376242,100.366887203783,0.0985322128180629,2.90009838248517,1.1467729967092,99.5403049201608,NaN,NaN,NaN,NaN,9.27909304354315,0.0839224896630583,1.24714804570878,0.284161709048277,6.47119846974376,5.3333140233809,4.61635429019616,,1300.16389826405,30,208.535072184813,0,100.711696456486,0.202944101159459,3.14701267802513,0.470194031150625,99.4824108862395,NaN,NaN,NaN,NaN,9.76214469939368,0.0342731419342513,0.923783881326429,0.906802079680732,7.47133249162876,4.47769810695607,0.523063963566101,,1300.45894248097,30,207.460941549102,1.191108232,105.011743880325,0.0916720535370216,3.22039456316456,0.806894845281268,84.1761523756605,NaN,NaN,NaN,NaN,11.2780280521667,0.0590416951823625,1.02678646693999,0.450143920978015,6.47111849977153,5.5872540770953,2.9444059486697,,1302.11259432398,30,208.5384093801,0,105.006581695814,0.269021240954815,2.99456443609582,0.678589253593308,85.819270682179,NaN,NaN,NaN,NaN,16.1396549152886,0.0494464748645428,1.12820881294531,0.44648634642018,7.47130490373336,4.34110999477876,1.52744049208052,,1297.64227228625,30,207.523800014939,1.42340286,105.009833837772,0,2.5914507199081,0.884880198610794,85.9250040684922,NaN,NaN,NaN,NaN,13.1408130989933,0.0648357674436616,1.12926013950457,0.890656302487974,6.30084149640957,5.92200893489756,1.00231952878275,,1300.46824887743,30,208.668404594105,1.57757123,104.965620104254,0.0553548662104107,2.98392909296436,0.655748558143999,86.0446821376926,NaN,NaN,NaN,NaN,8.59933546531938,0.0481059294229597,0.989095120776557,0.366361232331533,6.27116716964166,3.15149422130137,1.84290463986483,,1299.59422462951,30,208.886951334398
1.58333333333333,1.177376242,100.06110174524,0.103982617999999,2.94090142163813,1.18895994376662,99.3830861220707,NaN,NaN,NaN,NaN,9.23658236844465,0.0870289271625062,1.21662224172489,0.309267918872942,6.47380274467328,5.28012013055473,4.96598948896025,,1301.97164372673,30,208.53520036061,0,100.447202929847,0.210931387842117,3.12375617433145,0.497658695676543,99.6167009382219,NaN,NaN,NaN,NaN,10.1606249416667,0.0362892418686612,1.01825933190708,1.12910080218452,7.47211198414651,4.47355973750544,0.442275676333612,,1300.46126828284,30,207.463426592327,1.191108232,104.989992740597,0.105278204731233,3.27878940774964,0.86584315591944,83.4655018845316,NaN,NaN,NaN,NaN,11.4963039642416,0.0631348137159946,1.02272488038577,NaN,6.4721493835605,5.71271094376167,NaN,,1300.39715137433,30,208.546479836006,0,105.023648349432,0.279537169253492,3.00998826641562,0.717265319760662,85.0394595574131,NaN,NaN,NaN,NaN,15.8834657194477,0.052259206877324,1.15844653674731,0.467624115087184,7.47156200694189,4.39381919376534,1.55615094064818,,1297.82917030531,30,207.528890529893,1.42340286,104.975896092848,0,2.58621373346525,0.939986358993279,85.2431152838651,NaN,NaN,NaN,NaN,12.719480118792,0.0688999456263801,1.11718446487466,0.932606947641198,6.29883608283704,6.0499603163959,1.02043864401199,,1300.11348064357,30.0008031738478,208.662883590877,1.57757123,104.989727315371,0.0637868619043959,3.00566276307887,0.700227937949029,85.5720021415084,NaN,NaN,NaN,NaN,9.38240160293621,0.0513575208000921,0.999341977869928,0.412933059363625,6.27565611561735,3.16934276131666,1.80731593905171,,1301.83110739742,30,208.889862795817
1.66666666666667,1.177376242,99.7889416747001,0.103982617999999,2.92179791315476,1.2502637761287,99.5077587222624,NaN,NaN,NaN,NaN,9.512966842,0.0914945021116501,1.18470515226861,0.252748844451783,6.47205434430454,5.2244691724133,7.18393109848249,,1298.88403233051,30,208.529675780283,0,100.302162837658,0.220152786558544,3.15587912131407,0.531362307118033,99.5060459188928,NaN,NaN,NaN,NaN,9.87957163091085,0.0387307327875498,0.963978817118474,1.09068197678816,7.47146512944952,4.54121744172326,0.488462852899983,,1300.79171816341,30,207.467119418511,1.191108232,104.981220157962,0.109241677999999,3.22858330951731,0.919022717774196,82.5412632256936,NaN,NaN,NaN,NaN,11.6199447582691,0.0673197598821351,0.949353291804975,1.3406482722818,6.47354081033363,5.65148014139915,3.37719941742511,,1301.91451733869,30,208.545111041449,0,104.997640847337,0.287561977104402,3.05059452520236,0.755050960683177,84.0485307579356,NaN,NaN,NaN,NaN,15.8042733109174,0.0550174533539442,1.14414206309078,0.574314515376494,7.47137417225691,4.3688741842615,1.31789396841881,,1300.10056757789,30,207.531394761971,1.42340286,104.989595958243,0,2.58260354661559,0.98879103566832,84.5359936474622,NaN,NaN,NaN,NaN,13.0397056028307,0.0724706781988605,1.13808584075384,1.05406987304411,6.29670235045445,6.08653842602335,0.94580892052439,,1299.60018308654,30,208.657363466051,1.57757123,105.022374678381,0.0639163720000005,2.97326461292638,0.738173269095947,84.8774802531303,NaN,NaN,NaN,NaN,10.9934011110268,0.0541343483200142,0.973781213627049,0.423145741265833,6.27663540065328,3.12482139337665,2.27145285088537,,1300.30046342198,30,208.884570020149
1.75,1.177376242,99.4749564235242,0.117095837363529,2.96544491094315,1.30505656074231,99.460247350573,NaN,NaN,NaN,NaN,9.33121302017818,0.0955161543673935,1.28981625292546,0.428572359793453,6.47187065519764,5.40791019713911,3.40358156031282,,1301.36518026971,30,208.536960752126,0,99.9237880291328,0.230943709116792,3.18030220187482,0.556007817958443,99.3510659990171,NaN,NaN,NaN,NaN,9.98083909275581,0.0405417102355704,1.01733616837713,1.39489842016169,7.4715179238964,4.64429761731365,0.401612908214744,,1300.29694300647,30,207.472395233726,1.191108232,104.990594343772,0.109241677999999,3.21530005987115,0.983501817089955,81.6035385188466,NaN,NaN,NaN,NaN,11.1561989256345,0.0718473428163092,1.01063566893995,1.7928570509634,6.47225161643698,5.76352808632723,0.551148911146656,,1298.86191674272,30.0040160364027,208.539586400872,0,104.98481378128,0.297511532617555,2.99761842323365,0.793956917040865,83.2139705471227,NaN,NaN,NaN,NaN,15.6910178876667,0.0578593226504882,1.13738210796513,0.580983938698709,7.47382246215259,3.37191894322264,1.36938396326652,,1299.54331654214,30,207.535921963763,1.42340286,104.997802712923,0,2.56688375524842,1.03684701134201,83.9804227711942,NaN,NaN,NaN,NaN,12.7997839253333,0.0759846419738141,1.21371080056716,1.2557021494217,6.29358655613858,6.21831395614062,0.834672228511405,,1300.98234613231,30,208.651842530422,1.57757123,105.026727693963,0.0639163720000005,2.99915525958759,0.78348412445749,84.2247298238198,NaN,NaN,NaN,NaN,9.03495053316667,0.0574495957020374,0.987985936456903,0.419941497469951,6.27494984153631,3.14956189966334,1.94780571999014,,1300.59868680359,30,208.879046691523
1.83333333333333,1.177376242,99.2355792517844,0.119058589999999,2.92706877432838,1.36624191977113,99.4129619860712,NaN,NaN,NaN,NaN,9.60183513411426,0.100001806440044,1.3866624399119,0.221896063344427,6.47213788643885,5.57681067029152,69.1899002765917,,1298.88360644686,30,208.533702342935,0,99.6845990300787,0.240343901932025,3.17347087641862,0.5910632092822,99.6402874357239,NaN,NaN,NaN,NaN,9.81890625883333,0.0430934503990614,1.0124672923402,1.37873878693779,7.47194962129278,4.6746213979709,0.433391254089256,,1301.61279270235,30,207.476275979555,1.191108232,104.949093810718,0.117010191045069,3.23135566312176,1.04589287262232,80.813053089321,NaN,NaN,NaN,NaN,11.5884311470262,0.0765618860808666,1.08045654826547,0.784936118055019,6.47120041228466,5.89079115679157,4.46398344964547,,1300.34896731495,30.0004049951177,208.541618056814,0,104.994649340051,0.300926736318205,3.04185396603898,0.841275323164251,82.175058132375,NaN,NaN,NaN,NaN,15.7264109494037,0.0613127059406206,1.18368027185389,0.613830496350158,7.4719436295245,4.11096558283009,1.37342297481671,,1299.84822952183,30,207.53371357379,1.42340286,104.997610550481,0,2.60131224804278,1.0949963467362,83.3592940950419,NaN,NaN,NaN,NaN,13.040472311,0.0802506460486563,1.27563889561537,1.33722429532149,6.29175450223004,6.23654284693311,0.823721201536214,,1300.63684370325,30.0016036433603,208.646322358325,1.57757123,104.982645468634,0.0639163720000005,3.020251096636,0.828149793525716,83.5724448581729,NaN,NaN,NaN,NaN,8.63856452083333,0.0607233878489018,1.02913656518287,0.499449983515736,6.27292020420825,3.22124423215568,1.72421940400943,,1300.06697193012,30,208.873522412842
1.91666666666667,1.177376242,98.9032755119605,0.129517783976805,2.94457517632814,1.4230875471474,99.4097568024567,NaN,NaN,NaN,NaN,9.42004874104089,0.10412182874622,1.34252251398509,0.27622975087949,6.471259457977,5.49979281392556,8.54669777906189,,1299.793224295,30,208.538337860472,0,99.4531105239176,0.247730120256236,3.21265565450447,0.626257606219428,99.5248065683886,NaN,NaN,NaN,NaN,9.63862445866666,0.0456532718643557,1.10619616745806,1.23882861847596,7.47242210919389,4.78295556401673,0.506595855810916,,1298.25447738759,30.0005183437753,207.478143335062,1.191108232,105.012963618602,0.123756861511671,3.23187694456646,1.10896123467939,79.9095510509128,NaN,NaN,NaN,NaN,11.368243167162,0.0810678846900251,1.07862602552704,1.91264580490049,6.47132088359902,5.92998641533771,0.601789462396497,,1298.39427607064,30.0024831579037,208.542946044184,0,105.018628270616,0.313428291324753,3.01863324160788,0.896451818784511,81.1672466235751,NaN,NaN,NaN,NaN,15.9528052779297,0.0653215504230644,1.21080066599896,0.608596025706343,7.47147357251257,4.4850822725574,1.529981863994,,1298.03883749718,30,207.540698282321,1.42340286,105.019292078222,0,2.59543967304216,1.1560164226239,82.7438185526984,NaN,NaN,NaN,NaN,13.0010106688333,0.0847151793576953,1.23208174428065,1.61464941531405,6.28912413469242,6.25028725713388,0.717173982978821,,1299.57861578447,30,208.640802078065,1.57757123,104.994717347652,0.0684972196861396,2.9784008936679,0.875624404599586,82.8839935835115,NaN,NaN,NaN,NaN,8.5176122615,0.0642249662723124,1.05883403001669,0.544826683794176,6.27116242869676,3.27298573846803,1.69729209876474,,1299.62215264137,30,208.872378449725
2,1.177376242,98.5778264454987,0.136680680294117,2.97395560361681,1.49455307469429,99.4961189167817,NaN,NaN,NaN,NaN,9.46382941483333,0.10939289274108,1.5043002008637,0.279222952091347,6.4713435138908,5.54475004087015,6.40391225374365,,1300.39586545561,30,208.540171552089,0,99.2250787948926,0.258756271710245,3.19668348732223,0.662488675096633,99.4419358728581,NaN,NaN,NaN,NaN,10.0801749225,0.0482871160341148,1.05286570585062,1.15175934887173,7.47162667523336,4.80613395167291,0.577887622004784,,1299.62494513037,30.0059169797775,207.483651364994,1.191108232,105.008087981124,0.12773630666356,3.26854224773683,1.18406780577121,79.0609747723069,NaN,NaN,NaN,NaN,11.0764079438333,0.0865380436760153,1.08909246899037,0.551809415140154,6.47112032392566,6.09853262353278,3.0090940814099,,1299.2684014244,30.0031344357182,208.54138739563,0,104.984516640167,0.324796888710226,3.01244627686357,0.947845369333143,80.1651996953256,NaN,NaN,NaN,NaN,15.8393970736667,0.0690714653407732,1.25661213426412,0.707360005437025,7.47156666662371,4.56495525488437,1.34336829832016,,1300.37102137371,30,207.546538282952,1.42340286,104.988541000072,0,2.60086624905991,1.20837481692487,82.1259963491118,NaN,NaN,NaN,NaN,12.9596470346667,0.0885712390619263,1.26819721125554,1.77592917230737,6.28582280835957,6.31333789582247,0.682888362436699,,1301.3687534461,30,208.635281672817,1.57757123,104.971715828499,0.0761345256300625,2.98934082279212,0.919836311876482,82.1953329316028,NaN,NaN,NaN,NaN,8.40927414274392,0.0674844321782709,1.04609094810613,0.790196021134038,6.27095922391404,3.25078840967422,1.18818751797589,,1299.98938655529,30,208.874596987609
2.08333333333333,1.177376242,98.4270748438296,0.141539593368329,3.0129948900658,1.57702026694608,99.5835856653764,NaN,NaN,NaN,NaN,9.33150997583333,0.115379245226674,1.56126615396858,0.187901260020674,6.47166203467075,5.88152899178234,12.4198357108096,,1301.63355652292,30,208.539510204963,0,98.9193512678875,0.269976407259357,3.23974875413388,0.700610024134761,99.4608280126206,NaN,NaN,NaN,NaN,9.79917378916667,0.0510613144096603,1.08383313421548,1.11403676638999,7.47137131664476,4.815204321082,0.634738864257705,,1302.49569368245,30.0004017817458,207.489319772677,1.191108232,105.020454765976,0.137982923308058,3.23400290281476,1.25153512556275,78.1971413905613,NaN,NaN,NaN,NaN,11.5249483650731,0.0916010058476156,1.11749801210284,1.46632695321228,6.47359767368613,6.05605857634433,1.89447075427201,,1299.88371491308,30.0003344941901,208.546004421404,0,104.986048888179,0.335210247541729,3.00395979628909,1.00719257340175,79.20867939579,NaN,NaN,NaN,NaN,15.7668975925,0.0734168969706588,1.30601707513731,0.757691067118132,7.47183565043602,3.55720634243339,1.33059853941725,,1298.80513159957,30.0004007344585,207.551432310872,1.42340286,104.997426645049,0,2.59545960524012,1.26623790184575,81.3379450153711,NaN,NaN,NaN,NaN,13.2807120446667,0.0928534184444193,1.25866079428284,2.16778129857036,6.28281863061702,6.29665077321629,0.594365501406012,,1299.22021395602,30,208.629763985242,1.57757123,105.049434313195,0.0824118100985343,3.01729990758282,0.968491088822285,81.482381278295,NaN,NaN,NaN,NaN,8.78722622758942,0.071015763330613,1.04706401482281,0.813969757200488,6.27091929054791,3.25247766246177,1.20228115511971,,1301.4179098995,30,208.875251466924
2.16666666666667,1.177376242,98.0940932883594,0.143776172,2.97134338127118,1.65606764231908,99.39591521616,NaN,NaN,NaN,NaN,9.270769465,0.121163651413973,1.42127816172755,0.342090796669582,6.47235205381579,5.63737509262854,10.1141467205231,,1299.97090913268,30,208.536314885939,0,98.6412014661688,0.281222974329531,3.2125841346113,0.739241015995988,99.5275944291542,NaN,NaN,NaN,NaN,9.91991328066667,0.0538820218037584,1.06886589966841,1.01670580724784,7.47275020575403,4.81762218246448,0.729526812676106,,1299.50521487857,30.0012047909598,207.495112060611,1.191108232,105.005185727784,0.139393621999999,3.27002259712131,1.32716995238876,77.2928842000072,NaN,NaN,NaN,NaN,11.0360546399269,0.0968821867539875,1.13446317369057,NaN,6.47476354486837,6.1332496486009,NaN,,1299.52951309997,30.0012707533886,208.542082573679,0,105.013658748149,0.342983484683512,3.05699314111405,1.06162769528258,78.2418561872829,NaN,NaN,NaN,NaN,15.8715980346667,0.0773502317520623,1.20195696841813,0.844051855245201,7.4714498067171,2.40929346532636,1.25988234116118,,1299.53232458157,30.0004008938189,207.553684018218,1.42340286,105.024349644539,0,2.65019395166288,1.31745621081352,80.6940059462901,NaN,NaN,NaN,NaN,13.2157417326638,0.0966126296136638,1.25993407705496,2.69860486430909,6.28056020184027,6.29890595337741,0.48954189474569,,1299.84129302752,30.0004027159506,208.624247631711,1.57757123,104.994658634354,0.0907205495785716,2.98890361735746,1.01820277405006,80.8403541269962,NaN,NaN,NaN,NaN,8.73685202947784,0.0746809744010351,1.07456393724307,0.918290429304905,6.27142281532737,3.30039097718727,1.11463867918993,,1299.29463053306,30.000401571921,208.878137755118
2.25,1.177376242,97.8699516728866,0.149831806623555,3.03248032059389,1.7199133294491,99.4933328194322,NaN,NaN,NaN,NaN,9,0.125783884004436,1.55277474744144,0.424202514894786,6.47172897086975,5.86676450519139,5.38703611346569,,1299.18353823965,30,208.536542900539,0,98.4203124543542,0.293856400938685,3.1700091601957,0.786616977836606,99.4440893636519,NaN,NaN,NaN,NaN,9.75905788616667,0.0573126997544312,1.14766969421803,0.861997193264563,7.47175484691141,5.01350415615277,0.918411440021114,,1298.52185671312,30.0004027849188,207.502089940515,1.191108232,105.005806307781,0.139393621999999,3.1942508154181,1.3987359174387,76.4451088645812,NaN,NaN,NaN,NaN,11.241952145073,0.1024263312317,1.12492357647304,1.32199552364607,6.47257667834544,6.21719472171956,2.18588843613338,,1299.76368632084,30,208.536554084722,0,105.036082806644,0.355572272977276,3.01166421511205,1.12885696476969,77.2935870168526,NaN,NaN,NaN,NaN,15.7742923016667,0.0822519292756646,NaN,0.857420384099129,7.4716010391341,1.88403138659686,1.3174142809081,,1300.1762040157,30,207.560748562813,1.42340286,104.989626392232,0,2.62594770006805,1.38740073573896,80.0573190443728,NaN,NaN,NaN,NaN,13.1045701071695,0.101716035481127,1.33037623582399,2.52077035121522,6.27835498111382,6.42172846560956,0.552152735982245,,1300.48015145936,30,208.618729994603,1.57757123,105.026046234847,0.0970809545286986,2.99564395011431,1.06978996855813,80.2453263925452,NaN,NaN,NaN,NaN,8.78179724935549,0.0784426690738235,1.11989553201656,0.984377276999187,6.27243941939802,3.3793884087474,1.09738007748758,,1298.80450552218,30,208.87897692633
2.33333333333333,1.177376242,97.5709797044938,0.158774232,2.99818807341124,1.79126067491708,99.51933527961,NaN,NaN,NaN,NaN,9,0.130970491773302,1.77716036890792,0.0289989252175114,6.47347469902116,6.2587316739297,185.82972621577,,1301.84393344882,30,208.540255541957,0,98.128214719508,0.30288541160187,3.26679266574071,0.833126548434823,99.4562558508453,NaN,NaN,NaN,NaN,9.91966808766667,0.0607037533561462,1.21359213371085,1.02946980104859,7.47186162740166,5.08435903523074,0.819655250730452,,1300.83861037793,30.0016036495104,207.505787838728,1.191108232,105.00929169249,0.146069730960005,3.26125050635053,1.48617797662973,75.6035203184763,NaN,NaN,NaN,NaN,11.400814788088,0.108432061411063,1.19352417744292,0.260804096851673,6.47097108741289,6.33676534610264,7.12667689783361,,1301.65432558286,30,208.537390703619,0,104.976345595869,0.367103319772258,3.04285496079125,1.20169923171982,76.2697721475844,NaN,NaN,NaN,NaN,15.3421503478742,0.0875950679176294,NaN,0.917202343405276,7.47164522182618,1.90766207560672,1.335052444482,,1300.9776175789,30,207.566654341452,1.42340286,105.017589076394,0,2.60473298615415,1.45318316179807,79.2070453801136,NaN,NaN,NaN,NaN,12.8795354908008,0.106536592696168,1.42379543129925,2.48986055349526,6.27600163244368,6.58471288285811,0.583980959191236,,1299.43983928027,30,208.613212301725,1.57757123,105.046530414274,0.098957293999999,2.9718234397557,1.11553049683492,79.4811629528059,NaN,NaN,NaN,NaN,8.58335438933333,0.081804040821402,1.19063346068952,1.10582266150561,6.27374411221402,3.50269215556533,1.01482220954658,,1301.38934362856,30.0004012041343,208.875427906675
2.41666666666667,1.177376242,97.3185948319406,0.159753564277166,2.95101303381088,1.87040923342091,99.4521903816789,NaN,NaN,NaN,NaN,9.481902227,0.136737637513301,1.7203319256154,0.0550095113809639,6.47156393228391,6.15961588135138,54.8562571087218,,1299.20949873225,30,208.535603339496,0,97.7674042769553,0.313620965907063,3.26138056143137,0.877604015134874,99.3249938753708,NaN,NaN,NaN,NaN,9.87996584666667,0.0639616151044175,1.26881742140935,1.01327689367415,7.47147011005623,5.22473966958608,0.913619285699029,,1301.09919072653,30,207.510820234422,1.191108232,105.003045137159,0.158875682972493,3.24013178399491,1.54674475143976,74.6465047777776,NaN,NaN,NaN,NaN,11.502212374339,0.113245633242391,1.3459458738596,1.55555609408217,6.47247085834795,6.4941419964663,1.64304619279455,,1298.89352154462,30.0004023369752,208.544869074854,0,105.001679837325,0.377212668393839,2.96752294771809,1.26122606765887,75.1257052673934,NaN,NaN,NaN,NaN,15.8624602544592,0.0919101824978942,NaN,0.964853922489585,7.47153747831402,1.92813649827468,1.30883564262808,,1298.25736946591,30,207.571340461607,1.42340286,105.017495703561,0,2.56684338386902,1.51832769216608,78.3722246770388,NaN,NaN,NaN,NaN,13.0413672701392,0.111355246024992,1.5360400053908,3.13156395983279,6.27339454552377,6.78069990900679,0.498166839916472,,1299.53598379893,30,208.607695019641,1.57757123,104.97952482862,0.098957293999999,2.97391475971312,1.17044569424065,78.6342740301486,NaN,NaN,NaN,NaN,8.6930292015,0.0858579706815807,1.15441018695521,1.18316692075831,6.2719750594117,3.43954552458592,0.997229310242947,,1301.44292372923,30,208.869905436584
2.5,1.177376242,96.988209308513,0.16515690385954,2.99092701692771,1.95471972588815,99.393995695247,NaN,NaN,NaN,NaN,9.16230430480171,0.142930188511879,1.80984011937649,0.314780850418576,6.47095990587543,6.31593075413867,12.8662203733301,,1299.86107789776,30,208.535473811617,0,97.4323873058831,0.32703692134517,3.25470126475798,0.928740738032749,99.4854974609007,NaN,NaN,NaN,NaN,9.8151108195,0.0676794740251416,1.23313173030625,0.754157073074481,7.47129803323799,5.16247252268778,1.281253121,,1300.60858333023,30,207.518804498857,1.191108232,104.997516630112,0.159553352000001,3.2428057969759,1.63853229547003,73.7665982843777,NaN,NaN,NaN,NaN,11.5407458113333,0.119617169926573,1.2645324918705,1.99661738704892,6.47270266758035,6.46063312811699,0.817591966159433,,1301.08347658358,30.0004002241635,208.540118301713,0,105.006951802337,0.388890895278142,2.99246136893858,1.33669367203145,73.9287928581403,NaN,NaN,NaN,NaN,15.5219495986667,0.0974148888354181,NaN,1.02767411347325,7.47163802632795,1.93265779405603,1.30127545043719,,1299.38868585955,30,207.577495542847,1.42340286,105.010990066995,0,2.56555490526551,1.5957791485712,77.503394535872,NaN,NaN,NaN,NaN,13.19898817006,0.117055921686376,1.4821365745712,3.57962027672078,6.27106759669175,6.68656409858949,0.44608124414719,,1299.47126146927,30,208.602180496701,1.57757123,105.048633897686,0.107272012655952,2.99260148098385,1.2356137707158,77.7377800827522,NaN,NaN,NaN,NaN,8.67012689708018,0.0906008114783916,1.20403610907378,1.24669279698906,6.27148116372248,3.52606746362301,0.99755130385555,,1300.58098008276,30,208.872497008874
2.58333333333333,1.177376242,96.6480195720843,0.176361993038775,2.95124705879382,2.0385455404034,99.3465726322613,NaN,NaN,NaN,NaN,9.07962090109501,0.149082163837138,1.77167592552889,0.391481604487847,6.47169633975197,6.24918480413488,6.7319383729542,,1299.16561497363,30,208.541050335199,0,97.1756537060864,0.340248794794461,3.20551513150715,0.985293453931579,99.3715204319857,NaN,NaN,NaN,NaN,9.62227362116667,0.0718104048814729,1.22233266324166,0.679553071745827,7.47144531432247,5.14361830209892,1.50888951288058,,1299.08329392875,30,207.526296103342,1.191108232,104.991271513878,0.165142868590939,3.21720463418697,1.72716353110397,72.7930330221383,NaN,NaN,NaN,NaN,11.4811914647235,0.126446144120057,1.38628456617389,1.41688651921832,6.47095984415692,6.67298938469131,2.18113193159296,,1299.90518925369,30.0012055840813,208.53997863698,0,105.017679551679,0.400534309064493,3.03233308016014,1.41018622305286,72.7727378231709,NaN,NaN,NaN,NaN,15.8114607286667,0.102774000102885,NaN,1.22663988070073,7.47308093945957,1.90973789125752,1.17017250879526,,1301.79667429291,30,207.583617323573,1.42340286,104.99447205113,0.00277836676136381,2.57461009895069,1.67077278716105,76.2523197174665,NaN,NaN,NaN,NaN,12.8477437987466,0.122572385691439,1.57267358022863,3.57726808124258,6.27092199917589,6.84461180914646,0.467441987567145,,1300.13333191955,30,208.599313208305,1.57757123,104.976530433506,0.112618179742207,2.99760169673543,1.30130402124222,76.853483756955,NaN,NaN,NaN,NaN,8.48717424808648,0.0954581167424599,1.171375886327,1.32627717244646,6.27095930986531,3.46912154105079,0.984531974332818,,1300.49369530505,30,208.872421026046
2.66666666666667,1.177376242,96.3220684530102,0.178875528,2.99579573598282,2.11749938501696,99.3189017332697,NaN,NaN,NaN,NaN,9.24015562376995,0.154871120590417,1.95316070023226,0.315967225480311,6.47385027501706,6.56661064590724,8.06667497999356,,1299.66662901382,30,208.538236401392,0,96.7070146496342,0.354243816170396,3.29524539105353,1.02294028848697,99.0328266387918,NaN,NaN,NaN,NaN,9.59843519233333,0.0745529832166244,1.34494740395652,1.06739365129157,7.47163808017459,5.3574827493959,1.03107183328216,,1300.26877014458,30.0020105323297,207.534967139911,1.191108232,105.016585385418,0.178049269866957,3.23401952356629,1.81677206805031,71.8668543675329,NaN,NaN,NaN,NaN,11.4938738337907,0.132803894643759,1.45641500086839,2.8003757157003,6.47266620728372,6.79534999490625,0.659929119482258,,1299.77513961543,30,208.547355998796,0,104.983452269983,0.405700896609041,2.955636080202,1.48415682272733,71.3940748782515,NaN,NaN,NaN,NaN,15.9918129959298,0.108211213267958,NaN,1.5770067117179,7.47275978320606,1.93121892327119,0.954643862712332,,1300.79219664478,30.0008039760245,207.583261631727,1.42340286,104.998036091867,0.0123312087685261,2.60233685239079,1.78810066697211,75.1985888745398,NaN,NaN,NaN,NaN,12.9917439545868,0.131195999218458,1.62926248134003,4.03222835783916,6.2719241229639,6.94349590318313,0.44652008911674,,1299.57938586398,30.0048280124569,208.603323904452,1.57757123,104.974920534448,0.119442482520767,2.99951799893716,1.39138336741695,75.8613486159064,NaN,NaN,NaN,NaN,8.96404810753523,0.102088699694088,1.28390120642676,1.2426712258592,6.2709191528859,3.66533464423966,1.13030256610719,,1297.91380820098,30,208.87362338567
2.75,1.177376242,95.9580725597828,0.178875528,2.99970404277554,2.21810576195188,99.3243765152116,NaN,NaN,NaN,NaN,9.361707477,0.16225325178384,1.85454168226358,0.551912735200076,6.4756008330584,6.39418145624399,5.40111409010771,,1301.37420922196,30,208.532707976825,0,96.3686725537315,0.368550849076973,3.26433235989278,1.10166241193958,99.4837139587962,NaN,NaN,NaN,NaN,9.3043385535,0.0802884126316169,1.34332092425596,1.05881742539827,7.47150404340785,5.35467062302594,1.06117343376964,,1299.19948576187,30.0012046262677,207.543652370941,1.191108232,105.005803021932,0.179365864914089,3.2459775108011,1.92270657717876,70.7121530224465,NaN,NaN,NaN,NaN,11.1954685049859,0.140663510850327,1.50658196904438,1.34604881545578,6.47182559644553,6.88296257768584,6.09801705409785,,1300.2842223105,30,208.543297252748,0,105.006769171174,0.420937704318987,3.04642363773983,1.57970299079655,70.1172821469827,NaN,NaN,NaN,NaN,15.6104091831214,0.115184853969023,NaN,1.83168302993798,7.47128176151542,1.93494049446924,0.863079794022669,,1300.57958952646,30.0052165334909,207.592879381997,1.42340286,105.027931457076,0.0149269028531999,2.59339330000599,1.90032090103042,74.0043917277417,NaN,NaN,NaN,NaN,12.878522882,0.139478605053422,1.60902051760909,4.50011183696435,6.27163946328426,5.87605961987743,0.422448938043308,,1300.50791219361,30.0072135599948,208.600468622158,1.57757123,105.000973686096,0.125163787760762,2.99336783083098,1.48449761476629,74.8116599663807,NaN,NaN,NaN,NaN,8.8752808832981,0.108898664850445,1.34749975032715,1.42535643805459,6.27095925792574,3.77626757716805,1.04540302301693,,1299.77674469102,30,208.873930927405
2.83333333333333,1.177376242,95.6054202589772,0.178875528,2.99104471378053,2.34255138347082,99.3900983570897,NaN,NaN,NaN,NaN,9.64170789901273,0.171336137335404,1.96822175811716,0.812579259925661,6.47513017795295,6.59290414092273,3.28765602639179,,1300.68855162709,30.0016046845508,208.527179017634,0,95.9897921064713,0.383125459623865,3.24220655458618,1.17190371935351,99.0796268549442,NaN,NaN,NaN,NaN,9.65103835966667,0.0854135319251946,1.4162232405939,1.07172729513339,7.47129104188434,5.48186279563368,1.13285192660891,,1299.94050589653,30,207.552705041143,1.191108232,104.963740098917,0.190984080335343,3.26065443748708,2.03200401485632,69.2109522510791,NaN,NaN,NaN,NaN,11.9672290825021,0.148670173364219,1.49351172371753,2.91487574140136,6.47104361156318,4.87131122152252,0.715597851948524,,1302.07733821971,30,208.549074322351,0,104.969000809832,0.435142875349777,3.02070671696979,1.66779545752593,68.6654325653392,NaN,NaN,NaN,NaN,15.4335731061155,0.121634820520117,NaN,1.9425427790148,7.47131809877938,2.01477789279756,0.858995353850187,,1297.60435092284,30,207.601561157521,1.42340286,105.053688837776,0.0224474296968861,2.58653200568176,2.03489427788231,73.1301989248963,NaN,NaN,NaN,NaN,13.208581788,0.149282212061623,1.76426742993105,4.58742465105848,6.27091990040611,4.89998556650066,0.443739334657774,,1299.72499327722,30,208.602378171501,1.57757123,105.019609966548,0.134558974374648,2.99885225558603,1.58815799087412,73.7466733979583,NaN,NaN,NaN,NaN,8.72743301516667,0.116464907609554,1.30653363720287,1.51473250210852,6.27131190168909,3.70483169617735,1.05357523975638,,1297.72391074668,30,208.877694815056
2.91666666666667,1.177376242,95.2531722503304,0.17893858964894,3.05106036971809,2.46993377713032,99.1989808927385,NaN,NaN,NaN,NaN,9.08074182232061,0.18065712616395,2.08502872440689,0.826983112508335,6.47221449140997,6.79748304262524,3.10770726178799,,1300.67885161853,30,208.521651141688,0,95.5020551535997,0.398172485331128,3.23821006087035,1.24578600293892,99.1489142221172,NaN,NaN,NaN,NaN,10.8078360333333,0.0908009225570095,1.52299416686325,1.61263449086142,7.47155750158055,5.66823509712395,0.788761732803261,,1299.86985126565,30.0004815047279,207.562227433073,1.191108232,105.000508045967,0.201037400779891,3.23302815381249,2.16394658720765,67.5039655353106,NaN,NaN,NaN,NaN,13.1109729557754,0.158247046976907,1.52485876643664,1.59580817726228,6.47127444468579,6.75086855269528,2.53642967434405,,1299.47012933882,30,208.553852091134,0,105.028371531695,0.44923735761997,3.04450795944666,1.76359707703808,67.2612556378546,NaN,NaN,NaN,NaN,15.8879517651809,0.128608637544374,NaN,2.05842556196581,7.47140126963418,1.99291271741666,0.856921041797337,,1300.61344018383,30,207.610236286652,1.42340286,105.031668673846,0.0334847566305147,2.60496379411631,2.16378274735812,71.6378715802306,NaN,NaN,NaN,NaN,13.0636310759835,0.158868959323402,1.7650633209894,5.48047487140562,6.27108043814661,4.10553065295216,0.395611576601123,,1300.5703620767,30,208.608001452915,1.57757123,105.040096971122,0.1410786421395,2.99743071918597,1.69415052684532,72.7577077640276,NaN,NaN,NaN,NaN,8.50970010883334,0.12423901631873,1.42762444635388,1.70349585129459,6.27148963210914,3.91607528086995,0.99673982439851,,1298.81879208149,30,208.878793046347
3,1.177376242,94.7125269536527,0.193240949335386,2.96432526693439,2.60111993498214,98.9002802935876,NaN,NaN,NaN,NaN,9.28066740416667,0.19034166404062,2.11992650754903,1.52294803108734,6.47095902676983,6.85845798235584,1.74665392878888,,1299.75854848145,30,208.530151973733,0,95.0878231975817,0.413611950371689,3.22030800598452,1.32825984011761,99.216899058118,NaN,NaN,NaN,NaN,10.4323187791805,0.0968587105866675,1.60648291747193,1.31201635083391,7.47127599994256,5.81404522575668,1.03311889820225,,1298.53065454039,30.001580048456,207.57214975024,1.191108232,104.955521049701,0.210868669917839,3.24617962732627,2.30936607646727,65.7892048569596,NaN,NaN,NaN,NaN,11.2011552297226,0.169358849631546,1.6577080153434,3.36341983735151,6.47131827236654,4.86438895832515,0.735835442451516,,1300.95267948179,30.0024098774764,208.558064788282,0,104.998898099393,0.463873527685793,2.9912096323728,1.86852240236328,65.8769808043606,NaN,NaN,NaN,NaN,15.6707663949858,0.136256473212323,NaN,2.1439432790409,7.471403771902,2.00632581511794,0.871589363273363,,1300.36681956504,30.0040195196757,207.61925037607,1.42340286,105.030444039299,0.0390415708782864,2.5741535197104,2.29807047663492,70.2192189098103,NaN,NaN,NaN,NaN,12.8776693800165,0.168705373026061,2.08815854238138,5.6292485301972,6.2730606865524,3.69178798103491,0.408383262404846,,1300.81996365108,30.000399588734,208.608051154041,1.57757123,105.001896183598,0.147315657625844,2.99754182774104,1.80617774683168,71.4106500099811,NaN,NaN,NaN,NaN,8.61477887933333,0.132469153878501,1.44579951299857,1.79670756694869,6.27136049181763,3.94779865884749,1.00780901804556,,1302.56475514668,30,208.879508850368
3.08333333333333,1.177376242,94.1871188560747,0.20544541132223,3.01392971284209,2.74410762487517,98.9217488405959,NaN,NaN,NaN,NaN,9.1606730695,0.20073841027728,2.30097226637411,1.40099838646512,6.47104462307228,7.17580077638723,2.02380382955682,,1300.1350223361,30.0052942712502,208.536862089602,0,94.6136122907027,0.430652992852302,3.2419883578662,1.40652710551889,99.0916545937801,NaN,NaN,NaN,NaN,9.68348721265282,0.102558460389541,1.59174075530307,1.96597711747622,7.47120025487573,5.78829323861201,0.720115361910483,,1303.04269558525,30.0071417924224,207.583567581344,1.191108232,104.969356843682,0.219972281660049,3.27151430325064,2.48298876982995,64.1553995143554,NaN,NaN,NaN,NaN,11.7990604618333,0.181430637367618,1.77035642459717,1.12097412055524,6.47143394432412,4.78419056120396,10.966886878892,,1299.54214602937,30.000013577093,208.561642932323,0,105.020739290419,0.478875390540772,3.04081950905907,1.9777920658417,64.2932103989123,NaN,NaN,NaN,NaN,15.7584106728333,0.144223480066258,NaN,2.24462531521514,7.47141783761705,2.07256175729736,0.881418137698846,,1301.16469730257,30.0008035389295,207.62873566566,1.42340286,104.972816425768,0.0404075765263281,2.59486713509937,2.45107937984516,68.6478148247708,NaN,NaN,NaN,NaN,13.2769634483333,0.180074413310325,NaN,6.09810465465729,6.27179124172788,3.13643230283082,0.403657740292984,,1300.65573830184,30.000802019658,208.603906386432,1.57757123,105.004151601959,0.154212302597757,2.96330596247129,1.92804797328767,69.86923998404,NaN,NaN,NaN,NaN,8.46132833442092,0.141429806028014,1.51506552740354,2.03254260823207,6.27136091423341,4.06872038266075,0.950969933420185,,1299.89938544125,30.0038086422892,208.880783683044
3.16666666666667,1.177376242,93.5725555217396,0.21544251285929,3.03251871267756,2.89419280277118,98.8676896443294,NaN,NaN,NaN,NaN,9,0.211782942967631,2.11299891855438,2.11561015634022,6.47127175213021,6.84641791760368,1.38182597541904,,1297.76695557602,30.0043437056239,208.541536808573,0,94.1598443387108,0.449940205167663,3.22892313727684,1.4997009821322,99.1974875240998,NaN,NaN,NaN,NaN,9.75971428066667,0.109394100601365,1.67610387348523,2.46527929067273,7.47128081380196,5.93566355253322,0.610844297084572,,1299.69145043876,30.0051584656935,207.5974370329,1.191108232,105.026834469892,0.226187501056842,3.26002113732673,2.6513154786224,62.3538344187386,NaN,NaN,NaN,NaN,11.518825462,0.194356432877708,NaN,3.95752450872757,6.47124990121285,3.15110610075734,0.705035679413177,,1300.22817495237,30.0050705707063,208.562434055099,0,104.985700913658,0.494415673331654,2.99073190564099,2.09093953603058,62.6929432838456,NaN,NaN,NaN,NaN,15.8795035695,0.152492706439728,NaN,2.42721639897664,7.4716456124023,2.03862111088317,0.861569388197107,,1298.16598040326,30.009051152808,207.638753951613,1.42340286,104.994246140221,0.0483000329312668,2.54311551035329,2.62012416270144,67.3259876519132,NaN,NaN,NaN,NaN,13.0182871998333,0.192580199434959,NaN,6.85970493932992,6.2713582724658,3.14574010171217,0.38197600874598,,1299.35056586973,30.0012055797129,208.606196637677,1.57757123,105.006758346613,0.161516089727032,2.96452099338832,2.07271818215527,68.5146130105282,NaN,NaN,NaN,NaN,8.71862914074575,0.152072850515071,1.56400790221579,2.19938264242737,6.27173788497308,4.15417668450329,0.94534487537048,,1300.94918551242,30.0015688735107,208.882665370019
3.25,1.177376242,93.0139276369146,0.228665917798549,3.04697250597959,3.06786519418262,99.1019228989252,NaN,NaN,NaN,NaN,9,0.224537397003244,2.38506630526063,1.78664798423337,6.47136692057359,7.32307897857351,1.77037431962122,,1301.49462819534,30.0091968472726,208.549033835604,0,93.7145255048301,0.466924319285008,3.33026226474821,1.59189704378486,98.9306818026044,NaN,NaN,NaN,NaN,9.95971235183333,0.116115500190825,1.72228421224197,2.61726209544878,7.47140083431233,4.41178581938972,0.612684768232268,,1299.80111314755,30.0049175516195,207.608802624114,1.191108232,104.99213710306,0.236478827424392,3.25715857775517,2.84708513718948,60.6468840378949,NaN,NaN,NaN,NaN,11.786719239989,0.207936718097411,NaN,1.54806958551858,6.47132124209566,3.14720227250076,3.04509926781251,,1300.83691264151,30.0100002288818,208.567095854061,0,105.002658660949,0.51053591949581,3.01381448209668,2.20962231317176,60.9012884865805,NaN,NaN,NaN,NaN,15.7604020136667,0.16120092766384,NaN,2.55773486471387,7.47144290332984,2.09696018380507,0.864009740028926,,1299.00992083494,30.0051911231577,207.64925435894,1.42340286,105.011796353055,0.0544890199999993,2.60739107255642,2.77247259130797,65.4008499326335,NaN,NaN,NaN,NaN,12.9851056056667,0.203739689886006,NaN,6.97537235632184,6.27314583236737,3.15447328870869,0.397511592368264,,1299.67505584838,30.0007997643936,208.607079856441,1.57757123,105.014687436733,0.166724312561059,2.99527705460054,2.21241753185162,66.9210931871473,NaN,NaN,NaN,NaN,8.51779708733333,0.162283382518416,1.58025862054427,2.37482839668163,6.27134556741562,4.18255956159688,0.934038990559402,,1299.91064564494,30.0055871108038,208.882353458092
3.33333333333333,1.177376242,92.5396299710659,0.238835913482134,3.0346968509487,3.24442309737696,98.9353926152033,NaN,NaN,NaN,NaN,9.24137685116667,0.237486821747978,2.32675360729322,2.14485530976203,6.4711609038097,7.22087017446419,1.52680082343783,,1300.16118215015,30.0087745533021,208.553781032749,0,93.0458871824979,0.486732714820432,3.22360674297352,1.68369462291856,98.8711526032099,NaN,NaN,NaN,NaN,9.83903290966667,0.122845750736162,1.71013590853161,2.8582730129185,7.47136050594035,4.18957424635146,0.593224549694513,,1299.96260010155,30.0074748710774,207.623095410268,1.191108232,105.020416722345,0.244480983709933,3.2327455353108,3.02198637940128,59.0609889441104,NaN,NaN,NaN,NaN,11.2686146232342,0.221618654625666,NaN,4.62251235884098,6.47167995665643,3.15127827104277,0.680806937237705,,1300.27328452201,30.0025780434654,208.569571467159,0,104.937364129451,0.52721833381136,3.00277230692041,2.33565699873145,59.2103330934056,NaN,NaN,NaN,NaN,15.7839961821866,0.170446016608207,NaN,2.68914906879297,7.47138267819295,2.12319753626601,0.868685610426827,,1298.74598166696,30.0090519897605,207.660520748507,1.42340286,105.015351265266,0.0599951662717286,2.54468716407414,2.95604576448863,63.84139176356,NaN,NaN,NaN,NaN,13.3477666415774,0.21719201862525,NaN,7.26470800670517,6.27102569344375,3.20048404209811,0.407083740114407,,1299.49550025089,30.000003593785,208.606882264226,1.57757123,104.975914903776,0.175588228471299,2.95936819300574,2.38089454147893,65.2883058849676,NaN,NaN,NaN,NaN,8.46957682,0.174704223278126,1.64480834850425,2.58870135778656,6.27161078978983,4.29532100208365,0.920368279813076,,1299.22445940154,30.0087864364768,208.885595430259
3.41666666666667,1.177376242,91.9270250030302,0.248330613539463,2.99416396032021,3.42629905320208,98.7965912826785,NaN,NaN,NaN,NaN,9.32136759833333,0.250880821589527,2.41341793814705,2.35515578979913,6.47176155211002,7.37286067651461,1.48043953750645,,1300.2651375187,30.0000941269245,208.557847000779,0,92.5620378808694,0.506217105552118,3.27058500871014,1.80630749069084,99.0418711390045,NaN,NaN,NaN,NaN,9.8573063067281,0.131829892254142,NaN,2.91482457812443,7.47134282567,2.74909613278732,0.624561179399702,,1300.40082265165,30.0019682795626,207.637058150702,1.191108232,105.039144482291,0.249502755999999,3.23067300628724,3.20532935976426,57.0596950057091,NaN,NaN,NaN,NaN,11.6028183283964,0.234321043268991,NaN,3.28121550314248,6.47568246889196,3.2227820919847,2.34676084680457,,1300.05453560304,30.0065823354826,208.569272862843,0,104.987595636484,0.543952969929081,3.02079627446362,2.48108438559153,57.2642986284038,NaN,NaN,NaN,NaN,15.6546662427568,0.181031791767352,NaN,2.90090832743736,7.4713739415605,2.16023127076235,0.855366424966972,,1301.81485944404,30.0036174349346,207.671680691644,1.42340286,104.980234755534,0.0700023482044734,2.58956233934495,3.13959095367194,62.3287098912855,NaN,NaN,NaN,NaN,13.0690907274226,0.230822602231096,NaN,7.60130143909389,6.27108625913451,3.22690566736388,0.413114258484461,,1300.49244422808,30.0004035607766,208.611380949759,1.57757123,104.994416398291,0.182362596643921,2.99331768849213,2.52749823833098,63.3376989763575,NaN,NaN,NaN,NaN,8.2772884524107,0.185436452746549,1.66126495949537,2.67503122049063,6.27163456028215,4.3240620679929,0.945659867451576,,1298.63388593585,30.0100002288818,208.886948110088
3.5,1.177376242,91.261619000309,0.257987147315332,3.00921873206129,3.61860872094303,98.8250421003221,NaN,NaN,NaN,NaN,9.12114412,0.265071576016235,2.49311471765516,3.23211993054571,6.47158724356199,7.51277246297333,1.13162785945649,,1300.41425627632,30,208.561784128793,0,91.9756622852526,0.526984756103621,3.32679235960747,1.91179986318579,98.8277219800038,NaN,NaN,NaN,NaN,9.7005972412719,0.139593603959853,1.87149358815075,3.25514930472792,7.47137896105842,3.09292174786748,0.589938050417573,,1300.77765202565,30.0039694208518,207.652314021348,1.191108232,105.0348849726,0.249502755999999,3.2383633277993,3.39647316976851,54.7320104067592,NaN,NaN,NaN,NaN,11.5748446332169,0.249039918498621,NaN,5.20609019453855,6.47335022958141,3.18249399459513,0.69170568345432,,1297.64889258805,30.0046729552963,208.563746790435,0,105.029451314741,0.561826468414359,2.97442370519051,2.63021812159243,55.0183825537945,NaN,NaN,NaN,NaN,15.8379051565567,0.191880251546125,NaN,3.04451993904159,7.47138017353876,2.27800732046136,0.863974749160343,,1300.860533655,30.0016648673266,207.684046253949,1.42340286,105.036435894025,0.0777666745878149,2.55941618709075,3.29788434713768,60.468475014803,NaN,NaN,NaN,NaN,13.0801821041667,0.242369588464142,NaN,7.91924508303694,6.27107438689556,3.22849827912332,0.416493368679807,,1299.16236139292,30,208.613647552962,1.57757123,104.979231673643,0.189583405266519,2.98432728549468,2.69986265614215,61.9886955794549,NaN,NaN,NaN,NaN,8.68483316492264,0.198136560459315,1.70947335764858,2.89446163369599,6.27172023765267,4.40830585364903,0.933829564205682,,1300.48146978057,30.0100002288818,208.888551125302
3.58333333333333,1.177376242,90.720709928475,0.267231434128107,3.03193729122305,3.80738587586492,98.9831593849758,NaN,NaN,NaN,NaN,9.160926132,0.278812664030898,2.43298382321819,3.41742413979901,6.47141752213485,7.40732414897371,1.11752456600116,,1300.12539207334,30.0070282805259,208.565607922503,0,91.2842887358835,0.548406197078689,3.30269450613226,2.02868473650657,98.4770521858917,NaN,NaN,NaN,NaN,9.5054496685,0.14813473340548,NaN,3.88817723700035,7.47130868954904,2.79963743128108,0.523219928157477,,1298.29200466694,30.0047787084919,207.668153083993,1.191108232,104.980397741025,0.260531668272465,3.22861336371074,3.62360521713548,52.8995892952399,NaN,NaN,NaN,NaN,11.4700384121635,0.265510520838547,NaN,4.84898669953097,6.47127830604477,3.28663603951128,4.14293047328973,,1299.9039099809,30.0011818786292,208.56895595948,0,104.995844269233,0.580814355943288,2.99616512676565,2.78620958688959,52.711898174032,NaN,NaN,NaN,NaN,15.9997630516667,0.203278700363658,NaN,3.2097038206059,7.47149004986813,2.39512327668619,0.86808301871067,,1300.63918218384,30.0095399024143,207.697458065368,1.42340286,105.009757901114,0.0874967708959137,2.5545900408258,3.48651959954993,58.7343102994036,NaN,NaN,NaN,NaN,12.8726776788973,0.256274374286447,NaN,8.13859354383672,6.27091933828252,3.33036571579807,0.428466150834773,,1300.21591288223,30.0008078092722,208.617868405571,1.57757123,105.00636092443,0.194185236,2.99131273046106,2.85903033230634,60.0021639314761,NaN,NaN,NaN,NaN,8.394302931955,0.209759378166142,1.73516188504044,2.95888033781254,6.2739242903644,4.45319700071639,0.967526544109567,,1302.0312637895,30.0068407660474,208.887833716122
3.66666666666667,1.177376242,89.9913938598407,0.275736921920667,2.96034196271274,3.99652093939557,98.5377789968912,NaN,NaN,NaN,NaN,9.33732316983333,0.292740815362126,2.51496551664601,3.91832583033989,6.4715385520396,7.55110371907529,1.02483163444387,,1297.58492476696,30.006783145522,208.568689343857,0,90.5059169931823,0.570925288787046,3.2436060298781,2.15458489103006,98.8151305827341,NaN,NaN,NaN,NaN,9.28139971516667,0.157427415564389,NaN,4.28953392948949,7.4714546140441,2.82224851189196,0.503102980370181,,1301.7721779703,30.0047676988369,207.685189567665,1.191108232,105.003686973239,0.271276393928292,3.22006780204706,3.84450543992839,51.0574146703466,NaN,NaN,NaN,NaN,11.3937341306528,0.282500203774401,NaN,7.99519409722629,6.47088141473849,3.20310013945045,0.48577191138667,,1297.75673227849,30.0088837480628,208.574192671953,0,104.993713860095,0.600219378920003,2.95613395521757,2.94988885798871,50.8163551561025,NaN,NaN,NaN,NaN,15.839156966,0.21531005587428,NaN,3.42356925452213,7.47144202934148,2.35254633595432,0.86168093121778,,1300.54768900429,30.0088524549919,207.711338507031,1.42340286,104.971184271928,0.0977644224103425,2.56039001907219,3.68451905287639,57.2512569790403,NaN,NaN,NaN,NaN,12.9705671914927,0.271055834354599,NaN,8.67658334904255,6.27092184767174,3.27599010596847,0.42470981558814,,1298.78076619049,30,208.622636970517,1.57757123,104.969632300164,0.195550024999269,2.96513638327508,3.0327189440141,58.1988419843778,NaN,NaN,NaN,NaN,8.650124890545,0.222546154235931,1.79992973942158,3.17733637507741,6.27161071748563,4.56641602128908,0.954827666934912,,1300.49948663097,30.004729272422,208.883577212139
3.75,1.177376242,89.4657824468404,0.28403757235068,3.04008672061359,4.2232189967779,98.9161095896682,NaN,NaN,NaN,NaN,9.546397281,0.309254568288578,2.53055485916097,3.76449495854591,6.47139789495273,7.5783234718829,1.12365731618152,,1300.47382245268,30.0087962542273,208.571368646854,0,89.8181998426048,0.593959096647432,3.33505225258937,2.29480163258706,98.2972050156443,NaN,NaN,NaN,NaN,9.808415707,0.16769994943235,NaN,4.72515757100706,7.47156303615565,2.90703261417269,0.489394979414211,,1298.11233990023,30.0100002288818,207.70263933264,1.191108232,105.022466934086,0.285811030511493,3.23009710388138,4.09459022965566,49.2257161382109,NaN,NaN,NaN,NaN,11.6090112291805,0.300164111465714,NaN,6.14815616195958,6.47095776276265,3.20875044251341,3.6540205910769,,1300.55646186763,30.0100002288818,208.583216605175,0,105.008416085192,0.620451985929923,3.01728736346433,3.11599168615767,48.43543407196,NaN,NaN,NaN,NaN,15.9175039845533,0.227343585642622,NaN,3.65250636349881,7.47156216169175,2.33408477632753,0.853852358208573,,1301.38396109065,30.0100002288818,207.726050702581,1.42340286,105.01194324913,0.108359794453481,2.54689699814855,3.88192483509138,55.8237294107537,NaN,NaN,NaN,NaN,12.8755947902767,0.285450833889911,NaN,8.99477586501,6.27126724093732,3.38701506493001,0.431617348770928,,1299.93477951154,30.0004145095642,208.627733501642,1.57757123,105.015329198894,0.209441064699424,2.93468907702434,3.2096593241927,56.3768087926663,NaN,NaN,NaN,NaN,8.70908139518866,0.235423353703148,1.81311299768069,3.35952477225053,6.27085312492108,4.5894672154891,0.956533347104668,,1298.36248013288,30.0049027032864,208.89174473212
3.83333333333333,1.177376242,88.7720842862154,0.294077093762594,3.05737124189799,4.44179144916469,98.7248355516232,NaN,NaN,NaN,NaN,9.08028527033333,0.325315498027813,2.6568775856223,4.40992879461899,6.47155021307624,7.80015016612862,1.0091594217582,,1302.38360598866,30.0100002288818,208.575884464336,0,89.0095853440028,0.618220066712216,3.33245553153038,2.42921849644749,98.6770029877707,NaN,NaN,NaN,NaN,9.71901650116667,0.177561266204987,NaN,5.24082931142744,7.47128206565945,2.95384415209811,0.464185839615635,,1300.31848076389,30.0100002288818,207.721397416323,1.191108232,105.006070039848,0.298425326329042,3.26926283802721,4.3131598476571,47.0588121757651,NaN,NaN,NaN,NaN,11.358340886,0.316714647768603,NaN,7.66063616361492,6.4713171584087,3.30628860924695,0.574136328250557,,1301.42147665757,30.0100002288818,208.590414507555,0,105.000701422866,0.640871233674942,3.00823045914206,3.29985779782643,45.8537757615379,NaN,NaN,NaN,NaN,15.3695351726134,0.240812859135427,NaN,3.91241009254179,7.47153525165526,2.41750884530465,0.843537825918071,,1298.15499977485,30.0100002288818,207.740948082711,1.42340286,105.031139134113,0.117607041353672,2.52683369512645,4.07028870636526,53.8259924867083,NaN,NaN,NaN,NaN,12.9602931546667,0.299349765209398,NaN,9.52420271531573,6.27110554510589,3.41726207736412,0.427343207655915,,1300.41923653971,30.0070854598575,208.631577105795,1.57757123,105.026913281767,0.219524745086581,2.95616538332487,3.38990715218536,54.4439757595726,NaN,NaN,NaN,NaN,8.53480663859504,0.248707784437001,1.85281900055469,3.61709511045074,6.27130800450497,4.65889939191509,0.938467093807864,,1299.7157262519,30.0026527783892,208.896411118901
3.91666666666667,1.177376242,88.2363721488288,0.304694615498528,3.02362162520589,4.68128622244902,98.9448606499742,NaN,NaN,NaN,NaN,9.28096329233333,0.342830737848981,2.63223812138078,4.5184397988327,6.47173264161317,7.75686898024944,1.03756942085095,,1300.615955364,30.0091496119065,208.580979729472,0,88.3362434212472,0.642672956729699,3.3098839436513,2.59730263224096,98.7735664931866,NaN,NaN,NaN,NaN,9.91949405833333,0.18991741255201,NaN,5.62029841136599,7.47153338437508,2.96491374994927,0.462418087061729,,1299.4444427438,30.0100002288818,207.7404181862,1.191108232,105.004696203459,0.308284488692267,3.22808820895772,4.5816956145828,45.1047117385538,NaN,NaN,NaN,NaN,11.6382819563333,0.336112283436473,NaN,6.57946138276259,6.47127601076077,3.30060103029209,0.956487945106937,,1297.9295835174,30.0100002288818,208.594762119434,0,105.003113244314,0.662128460280738,3.01911626113053,3.49348852300764,43.1335557733879,NaN,NaN,NaN,NaN,15.7760435641667,0.255037385423366,NaN,4.16803896131056,7.47164193284335,2.48747031095246,0.838262220992772,,1300.66239267789,30.0100002288818,207.756598526301,1.42340286,105.008223969826,0.124732032829608,2.5777747765643,4.28756708461504,52.1112254043083,NaN,NaN,NaN,NaN,13.1836366123339,0.315497555587847,NaN,10.0941294754717,6.27150728753804,3.54210647636053,0.424859706925781,,1298.74568521804,30.0100002288818,208.633108106116,1.57757123,105.036749081548,0.227418626613995,2.93048206006115,3.58404145583066,52.7633009409044,NaN,NaN,NaN,NaN,8.72266718272951,0.262907919885207,1.82414420360821,3.87625315963754,6.27115957417859,4.60876050696478,0.925131438383598,,1301.63869614165,30.0047836582717,208.898881079414
4,1.177376242,87.5643108744291,0.312115536267293,3.07105786340083,4.89684733240233,98.8036494421599,NaN,NaN,NaN,NaN,9.56214367166666,0.358578503268497,2.71054507767943,5.1099277721481,6.47220419080519,7.8944174345605,0.959885776736841,,1299.74280375159,30,208.582876493437,0,87.6299977475809,0.667650600060247,3.34063925285168,2.75701811129815,98.7040513957539,NaN,NaN,NaN,NaN,9.76519560283333,0.201621249234251,NaN,5.74247244472667,7.47156220004594,2.97882660626682,0.480918967758927,,1302.50605240959,30.0100002288818,207.759815584165,1.191108232,105.013975247614,0.318012717637209,3.2231842022792,4.84778433812096,43.1963579591275,NaN,NaN,NaN,NaN,11.1563469259616,0.356307512522676,NaN,9.46900690370285,6.47134412978351,3.41873810479005,0.522326757078597,,1299.05231099651,30.0100002288818,208.598980180903,0,105.025086882843,0.683778373133161,2.97416912366437,3.69004790626308,40.3926698407947,NaN,NaN,NaN,NaN,15.9902965226667,0.269353038211766,NaN,4.38244412454137,7.47154887179884,2.52866389800965,0.842087773112456,,1298.65747567298,30.0100002288818,207.772824552359,1.42340286,104.985683013998,0.133329217123763,2.53685810195768,4.48900223615093,50.2805586742021,NaN,NaN,NaN,NaN,13.0766518023328,0.330558028418452,NaN,11.1982861440685,6.27133962789504,3.38734431160309,0.402867552189422,,1300.2439962549,30.0100002288818,208.636200480988,1.57757123,105.002820458785,0.235892025040174,2.99338799800668,3.78254120686879,50.967300340429,NaN,NaN,NaN,NaN,8.49873943839974,0.277551383092143,1.93079422139838,4.17119684382684,6.27128088232679,4.79529053958796,0.907713041155462,,1301.82111560338,30.0054194043991,208.901733082836
4.08333333333333,1.177376242,86.8924582280065,0.319565121999999,3.01561742843065,5.15047197853419,98.5090183538468,NaN,NaN,NaN,NaN,9.36143525433333,0.377251513114652,2.68592879547027,5.30435963495072,6.47463996225791,7.85103216676308,0.97269612774021,,1299.04141781049,30.0055900182007,208.585006469269,0,86.8222275193246,0.693541825355424,3.32469563239874,2.92584692079285,98.0142177619778,NaN,NaN,NaN,NaN,9.56356721812619,0.213962036259137,NaN,6.42691963502385,7.47168708113788,2.9871740326681,0.456892751006384,,1298.87780849158,30.0100002288818,207.780111048551,1.191108232,105.016759618286,0.326933103101166,3.24539759661237,5.14780029769599,41.4282098844078,NaN,NaN,NaN,NaN,11.4540399481584,0.377949409881287,NaN,8.4860736904653,6.47136286648959,3.47404922937519,0.820091472642111,,1299.63951202826,30.0100002288818,208.602502060773,0,105.012752136336,0.706245182766014,3.02284486964334,3.90929700559125,37.83312403949,NaN,NaN,NaN,NaN,15.4821146414761,0.285366735111382,NaN,4.67149165318308,7.47139894869715,2.56583463885371,0.836873381723412,,1299.47968005753,30.0100002288818,207.789674968219,1.42340286,105.023302382481,0.14281593960157,2.55703073100368,4.73463281660816,48.3501400318955,NaN,NaN,NaN,NaN,12.9816233743333,0.348788457650322,NaN,12.1868427705576,6.27135802245748,3.51588918040043,0.388553578057544,,1299.07854635994,30.0034201398757,208.640222471671,1.57757123,104.998752763838,0.245491819495284,2.94174011333758,3.98559443303114,49.1921142280221,NaN,NaN,NaN,NaN,8.71877109375372,0.292449113291329,1.92377786672961,4.34156188461472,6.27140023741263,4.78301415914668,0.918419798240195,,1298.95150443021,30.0065456713267,208.905809737655
4.16666666666667,1.177376242,86.1669915024536,0.32212884777261,3.0318702710912,5.40480755480684,98.8330403098561,NaN,NaN,NaN,NaN,9.200900176,0.396093218332426,2.8008961412559,5.73021774723012,6.47145717890371,8.05311799139565,0.943758474969375,,1299.4341205053,30.0100002288818,208.581836963669,0,85.7991790581989,0.719858555863539,3.31114478782031,3.09100129755092,98.1736011494067,NaN,NaN,NaN,NaN,9.38646379789025,0.226231344297408,NaN,6.92513397534356,7.47158324183574,3.12261973651788,0.446560778566587,,1299.57377788731,30.0100002288818,207.800992488086,1.191108232,104.964577680328,0.337730371911568,3.24025569772627,5.41737585382509,39.3262133236161,NaN,NaN,NaN,NaN,11.00006450938,0.398130455117407,NaN,9.28675632820477,6.4712027457235,3.5101380828545,0.604741938964792,,1301.48050995074,30.0100002288818,208.607590323507,0,105.032759062482,0.730076228690713,2.97887761753542,4.13503757952572,34.8345615938654,NaN,NaN,NaN,NaN,15.5214499071906,0.301897983289551,NaN,4.93451198817194,7.47170745240122,2.55934410341143,0.838116196401572,,1300.05699579109,30.0100002288818,207.808066411645,1.42340286,105.025977992471,0.151753976746165,2.53073277718571,4.9482416528893,46.5866114098336,NaN,NaN,NaN,NaN,12.8104474799176,0.364569398171586,NaN,12.555418723157,6.27171837916684,3.52773697391539,0.394117405521554,,1300.85516549707,30.0033256628216,208.643723322671,1.57757123,105.021809925555,0.253908607552414,2.98190705465998,4.20119379976848,47.4319774512273,NaN,NaN,NaN,NaN,8.79863438116666,0.308323446249572,1.9444890357049,4.61789815730481,6.27128882391283,4.81924991524584,0.909982445647071,,1300.93747071118,30.0079947402342,208.908707866541
4.25,1.177376242,85.616592002428,0.340153989861764,3.01429057104,5.71179078343483,98.8372742393147,NaN,NaN,NaN,NaN,9.48160512133333,0.418341435156413,2.9452121895773,5.9925212873875,6.47095101796571,8.30690632611077,0.954040276557119,,1298.75673855085,30.0095987913188,208.594263787372,0,84.7888324386985,0.747071701649501,3.27539691051676,3.27505775067393,97.9989757430707,NaN,NaN,NaN,NaN,9.49692482150393,0.239778433219967,NaN,7.43768728477582,7.4714856132095,3.14914332655703,0.440809339499561,,1299.31285809692,30.0100002288818,207.822611622283,1.191108232,105.011227369788,0.347802974123551,3.2690167755579,5.69267028232744,38.0293177046308,NaN,NaN,NaN,NaN,11.2406810923333,0.418876483860778,NaN,11.5587548860627,6.47127664243694,3.59027140285104,0.592014871593548,,1299.70148671602,30.0100002288818,208.612283454931,0,105.033612440844,0.754596162364172,2.99839005231059,4.39329586021476,31.8697257139202,NaN,NaN,NaN,NaN,15.8030235679858,0.320706470445265,NaN,5.23818243038521,7.47160594990364,2.67695684452562,0.838765462128834,,1300.05125365402,30.0100002288818,207.82698275025,1.42340286,105.003561828809,0.158375417371086,2.54536216655075,5.21330395137618,44.8878213068001,NaN,NaN,NaN,NaN,12.8980758280781,0.384105052710965,NaN,12.8344549565838,6.2711809585561,3.59116111163741,0.406199471173047,,1299.17718545632,30.0063844978962,208.644875457345,1.57757123,105.012376694038,0.261487530114348,2.97253274692333,4.42181712197406,45.6960163173356,NaN,NaN,NaN,NaN,8.67939821916666,0.324415164582678,1.95411996482391,4.84975531640236,6.27212912535732,4.83609996856297,0.912477372095749,,1299.33096184312,30.0100002288818,208.910867554605
4.33333333333333,1.177376242,84.9544906110265,0.350200348050491,3.03495710401413,5.95050813062347,99.0413755464473,NaN,NaN,NaN,NaN,9.46684029045808,0.436044324417897,3.02033644784716,6.26320860279841,6.47091987350724,8.4390649412606,0.95195437472026,,1299.57646033592,30.0100002288818,208.598876490089,0,83.6709816964813,0.775757562227489,3.2699334535692,3.48218765970271,98.0138510026954,NaN,NaN,NaN,NaN,9.8219599098859,0.255138787702911,NaN,8.34114699622811,7.471500753598,3.25604472114144,0.417789992593972,,1297.48018411366,30.0100002288818,207.845886042581,1.191108232,104.99555326171,0.357790128178294,3.26747418113321,5.95179880170736,36.8832989898497,NaN,NaN,NaN,NaN,11.5610432482088,0.437001113692513,NaN,8.765077370133,6.47137247139926,3.64455037448862,0.744282012231662,,1301.06711483439,30.0100002288818,208.616817638882,0,105.020299175629,0.780299010831043,2.99800927853117,4.65136925222594,28.2478864168642,NaN,NaN,NaN,NaN,15.6110385003475,0.339704847769758,NaN,5.58262964070553,7.47167204550549,2.81187250703901,0.833454258062842,,1299.75402843444,30.0100002288818,207.847112670083,1.42340286,104.971657251522,0.164763910570994,2.56486511870834,5.43896391913324,43.0661391616911,NaN,NaN,NaN,NaN,13.2165995552126,0.400890059493503,NaN,13.2062311330752,6.27326445489682,3.7697034806986,0.411843911703244,,1300.30478095324,30.0083963998989,208.64577616,1.57757123,105.023502290169,0.26446186,2.96344609864924,4.63692559426461,44.3055160988878,NaN,NaN,NaN,NaN,8.47720980833333,0.340251371039716,1.94116796485088,5.17060384873998,6.27327519276125,4.81344298051958,0.897100535310484,,1300.2857369918,30.0071852565054,208.908422133415
4.41666666666667,1.177376242,84.8497118587571,0.361333079858711,3.02017154665751,6.25851026319428,100.044305788062,NaN,NaN,NaN,NaN,9.43867349496906,0.458314564555006,3.01773165520679,5.94405714842957,6.47107981673458,8.43444544772332,1.05597318277803,,1299.62792596766,30.0100002288818,208.604387860266,0,82.6445556612718,0.805590012519337,3.28765359463199,3.72640649345424,97.9100890989664,NaN,NaN,NaN,NaN,9.95985474009373,0.273187617042824,NaN,9.19666272236411,7.47136930918934,3.29753810988413,0.405676287173819,,1300.7291444973,30.0100002288818,207.870046828031,1.191108232,105.006397028953,0.368301965627602,3.23544283358811,6.14695680543505,35.4726656838992,NaN,NaN,NaN,NaN,11.4389724160923,0.452728572906746,NaN,13.1721724602735,6.47326395554171,3.96963379419994,0.467200106413988,,1299.55013388736,30.009197809813,208.621754596318,0,105.021828279327,0.806786140461897,2.9870534188781,4.95335499660889,25.0183427087019,NaN,NaN,NaN,NaN,15.7589429811667,0.361840511946901,NaN,6.15643112455484,7.47169572032701,2.86129237967773,0.804626334700861,,1299.3580645553,30.0100002288818,207.868072332657,1.42340286,104.992146014476,0.165526945618194,2.54260294701712,5.67674046941769,41.5250970871883,NaN,NaN,NaN,NaN,12.9884364476758,0.418424247196103,NaN,13.5347947716979,6.27183697925157,3.7365942256478,0.419430260089794,,1301.26112815141,30.0091950298743,208.641050443112,1.57757123,104.982703829989,0.26987604030289,2.97766099616917,4.84002254205169,42.803857525425,NaN,NaN,NaN,NaN,8.4781298395,0.355335664078289,2.08724766277623,5.36552768378567,6.27103874411646,5.06912358714973,0.902511414832068,,1301.11344904741,30.0095995679566,208.908114922558
4.5,1.177376242,84.4892993588073,0.373457789350841,3.01029965757281,6.4277421412445,98.9482384688031,NaN,NaN,NaN,NaN,9.1163659749062,0.470947006524232,3.20591566077047,6.07972883593069,6.47129831676226,8.7660768614029,1.05944488911274,,1300.20576187117,30.0100002288818,208.61109002113,0,81.5722603181058,0.836502257793547,3.40091915904156,3.97760875912793,97.8346831713189,NaN,NaN,NaN,NaN,9.63881112266667,0.291678693745971,NaN,9.89074865873693,7.47149906130698,3.49390128559937,0.402239333896117,,1299.18578327743,30.0100002288818,207.895508033871,1.191108232,104.944976918173,0.370207922,3.20335207834185,6.42323087588717,33.611880371905,NaN,NaN,NaN,NaN,11.4033399166989,0.471567662492162,NaN,9.05095206625916,6.47425557143481,4.03704562637092,0.830860486805904,,1302.91959659821,30.0083949572509,208.61836075455,0,104.955878421737,0.834637046709397,3.01240395495646,5.26032751313276,21.5685722379351,NaN,NaN,NaN,NaN,15.55824271,0.384459295998525,NaN,6.52998685614505,7.47144216369204,3.03830277646594,0.805564246025692,,1297.83876414298,30.0100002288818,207.8903706751,1.42340286,104.993938726461,0.177968819411991,2.56361024815834,5.92794803280808,40.4869992510591,NaN,NaN,NaN,NaN,13.0082718681832,0.437040304753375,NaN,13.8614918588629,6.27087937838733,4.0146015072234,0.427663396268425,,1301.62374550489,30.0100002288818,208.647800173069,1.57757123,105.021019239631,0.280905273583982,2.95448097048215,5.01533937289063,41.500954868605,NaN,NaN,NaN,NaN,8.36662162043931,0.367975858265787,2.15453985384759,5.47409652805376,6.27095954411941,5.18695210195006,0.916370709291504,,1300.34898891695,30.0100002288818,208.913624643779
4.58333333333333,1.177376242,84.0397981570496,0.384724004731491,2.84254576443789,6.64033813150129,98.9308139322272,NaN,NaN,NaN,NaN,9.46404114816667,0.477975657479567,3.33695645394485,6.46243258006172,6.4710233269685,8.99673913727942,0.989678117739256,"Sample 1.50 mL to AMBR-96DWP-1/A1",1300.0331052784,30.0038406380132,207.812572039847,0,80.3619300156586,0.869058787663511,3.15083943104635,4.20237591815584,97.7946774116725,NaN,NaN,NaN,NaN,9.350780863,0.304272567053702,NaN,10.6818667273346,7.47137247042845,3.71465210605738,0.388506334993522,"Sample 1.50 mL to AMBR-96DWP-1/A2",1301.40509550271,30.0091981320854,207.135915354347,1.191108232,105.032785541861,0.37846564344762,3.0638200039169,6.70395095130065,30.6818177506146,NaN,NaN,NaN,NaN,11.3624321316667,0.481474074553139,NaN,12.6026898936197,6.47107595399546,4.32620267145393,0.523335361668518,"Sample 1.50 mL to AMBR-96DWP-1/A3",1297.31202738614,30.0023659177486,207.854776678055,0,104.999512887046,0.860921286443529,2.81781572825618,5.55456029530582,27.6175550145755,NaN,NaN,NaN,NaN,15.8787028285,0.396176343034072,NaN,7.00280016370138,7.47172091267238,3.26483651494479,0.80816972435673,"Sample 1.50 mL to AMBR-96DWP-1/A4",1300.33238730008,30.0068323986726,207.178484565677,1.42340286,105.026820624104,0.188199355035051,2.46239247898434,6.11330391431067,38.5396720457878,NaN,NaN,NaN,NaN,13.0789898956423,0.440121306567763,NaN,14.4184963628523,6.27108994570044,4.03869525682022,0.424458093593082,"Sample 1.50 mL to AMBR-96DWP-1/A5",1299.57555717741,30.0064642335928,207.94116950002,1.57757123,104.98231993833,0.292373020843759,2.73789840886252,5.20005807958669,39.9538142648248,NaN,NaN,NaN,NaN,8.90995334572735,0.372774740394397,2.24810865117085,5.67283347145671,6.27160270746507,5.35087737643664,0.915008000891143,"Sample 1.50 mL to AMBR-96DWP-1/A6",1298.00039954038,30.0068965816549,208.273340740917
4.66666666666667,1.177376242,83.215460268959,0.399054999426589,3.01942117182887,6.83854105823908,98.646459879664,NaN,NaN,NaN,NaN,9.37133699866667,0.500400290131274,3.39413167097548,7.25383556853911,6.47131953123885,5.53304410983562,0.834249246854463,,1300.9732696802,30.0077276947855,206.831654538569,0,79.4460912309625,0.903747509282912,3.38620734038909,4.40115407491157,98.3039386034689,NaN,NaN,NaN,NaN,9.72885334594041,0.326772036877937,NaN,11.5631042787387,7.47152570507995,4.13825604428404,0.364063807587658,,1300.6763047485,30.0140493460883,206.157748145283,1.191108232,104.977771810104,0.394990247660957,3.22492134173892,6.97556190257844,28.5832895981293,NaN,NaN,NaN,NaN,11.4386346063333,0.51330411106594,NaN,11.5898788250398,6.47236258754279,4.46227369432294,0.608610400500003,,1298.11137779073,30.0051833396212,206.837974129041,0,105.03255783528,0.880254886276907,2.99610592182757,5.68410864711178,36.439135916531,NaN,NaN,NaN,NaN,15.8392952033333,0.410386251614883,NaN,6.73712129558105,7.47179222251265,3.46476529621079,0.905792441002454,,1301.27939738713,30,206.131150478576,1.42340286,105.064652218451,0.201061299389292,2.56882415778642,6.28132169552166,37.1004930968705,NaN,NaN,NaN,NaN,12.890791451641,0.459557366291525,NaN,14.8013791958531,6.27117920620575,4.14030293959859,0.426105840903719,,1297.94576851895,30.0063053708002,206.865824695145,1.57757123,104.977194141749,0.301629274255697,3.00031798149519,5.33841966351952,37.9833397072474,NaN,NaN,NaN,NaN,8.7330778332595,0.387971362228635,2.25546046946824,5.78036951913548,6.2708789130395,5.36376364602739,0.914880108746922,,1301.63151510471,30.0090893479172,207.129211951492
4.75,1.177376242,82.330988399986,0.411105646442006,3.06378190640192,7.27297984350912,97.704223214557,NaN,NaN,NaN,NaN,9.23767928783333,0.528841934000076,0.924395851597588,8.29699406017817,6.47112107981426,4.71099357586171,0.878997474060583,,1299.8610883863,30.0100883347059,206.838221678219,0,78.0983772862975,0.93904040149972,3.43939365528774,4.84648848889393,96.9779295175075,NaN,NaN,NaN,NaN,9.59463345289292,0.352923031401958,NaN,12.5914731196726,7.4712273463768,4.21979184496633,0.385056096219214,,1299.53944842456,30.015633262264,206.187550061544,1.191108232,104.992130364897,0.404732259608691,3.23214798183964,7.60211321625369,25.5631057206638,NaN,NaN,NaN,NaN,11.7263011745,0.554861378060065,NaN,13.9187375275339,6.47108364176154,4.86188052090279,0.551857239521074,,1300.62723074165,30.0100002288818,206.841990196574,0,104.965753216992,0.901640592551059,3.00635112891856,5.96103916095941,31.1896406032942,NaN,NaN,NaN,NaN,15.879934687,0.43179732889961,NaN,6.56298939125679,7.47147634899811,3.58189143313443,0.908762962524534,,1298.28954714529,30.0006788409947,206.146915684486,1.42340286,105.023888222343,0.212918348194034,2.52941011005233,6.66282400958809,34.3619211107101,NaN,NaN,NaN,NaN,13.1722241192155,0.487090173156352,NaN,15.5809845567231,6.27131758949715,4.34154537919841,0.427618988796595,,1300.73575825146,30.0100002288818,206.872388854487,1.57757123,105.013954725675,0.317042826057702,2.98306366096136,5.70890730800761,35.6870511300216,NaN,NaN,NaN,NaN,8.50399448089918,0.415451885163907,2.39070391779585,6.40083440108306,6.27122270584745,5.60085147220706,0.892040697547864,,1300.05824713268,30.0100002288818,207.139104926687
4.83333333333333,1.177376242,81.0805936219453,0.424531213983508,3.06215064174286,7.80008003122751,97.4823340126414,NaN,NaN,NaN,NaN,9.46888448328136,0.567022477269598,0.942307829753328,8.752780041815,6.47116101432325,4.66110022696314,0.891723284528814,,1299.59917699296,30.0179736303484,206.846031172879,0,76.7236363287087,0.976480018939923,3.25365969256276,5.18968157338214,97.840196695243,NaN,NaN,NaN,NaN,9.9966523897113,0.378060296771096,0.919039186899778,13.3630222565743,7.47120757867348,4.39486343090483,0.388417042007454,,1299.35940802703,30.0147014505904,206.219398381299,1.191108232,104.981547060408,0.422146453567215,3.23635509854248,8.0778402799147,21.3736427184154,NaN,NaN,NaN,NaN,11.310355533,0.591136422103231,NaN,17.8207876647323,6.47102900503702,5.08654011746931,0.453694683741824,,1300.94296948921,30.0100002288818,206.854016137502,0,104.968797799818,0.928370634249249,2.99855545776544,6.25595188299244,24.0876641536741,NaN,NaN,NaN,NaN,15.9196153121667,0.453435125441243,NaN,7.22383075654473,7.47152196624184,3.64441032935884,0.866226947246796,,1299.14694827727,30.0092085637982,206.168128042731,1.42340286,105.002883752125,0.223055105319958,2.60077951397934,7.00118692631067,30.9834639958473,NaN,NaN,NaN,NaN,12.976015864434,0.512030822619521,NaN,16.2055472316946,6.27143800190545,4.41542243598813,0.432022786408652,,1300.85178422635,30.0100002288818,206.877036977924,1.57757123,105.054067372398,0.327100736652934,2.99803493140634,6.03347162397211,32.8637564689322,NaN,NaN,NaN,NaN,8.29849975126435,0.439051845660389,2.47043261811263,6.78115297317642,6.27143779253539,5.74068810320273,0.890019424071928,,1298.97077418359,30.0100002288818,207.143750863582
4.91666666666667,1.177376242,79.8159298951038,0.438569376674278,3.06687424868792,8.38969641065972,97.7116799881992,NaN,NaN,NaN,NaN,9.32154292980927,0.610024389978374,1.05749521091052,9.87576358995032,6.47128121833522,5.00269558893082,0.849630614553553,,1300.85255182941,30.0119841555593,206.854548802456,0,75.807947155649,1.01610100031269,3.31916935930416,5.53492857938317,99.3269875302774,NaN,NaN,NaN,NaN,9.52899246895536,0.403353923569754,0.990329707309065,13.7212971180407,7.47160698218793,4.73928846308596,0.404180522262225,,1299.79899483602,30.0168965718442,206.253542976438,1.191108232,104.402744031704,0.437253668022373,3.27281799674604,8.68459932021308,18.200111493208,NaN,NaN,NaN,NaN,11.4123613238333,0.63389597461826,NaN,14.4885594462831,6.47142519330948,5.39535107821309,0.638330247993924,,1300.2248878393,30.0112037837084,206.863732169888,0,104.948877290446,0.956732567780695,2.97264333117607,6.59834876633457,20.021932986517,NaN,NaN,NaN,NaN,15.9601261333333,0.478280547800711,NaN,7.71433239242903,7.471606572059,3.69701643860017,0.855593163296134,,1299.75412826908,30.0100002288818,206.190876833112,1.42340286,105.015039623047,0.232839252702154,2.58644319364487,7.42529496838193,28.3658315812872,NaN,NaN,NaN,NaN,13.2188928226667,0.543059604002253,NaN,16.5590839777961,6.27135738722567,4.45746046346215,0.448397173454584,,1298.64161981159,30.0100002288818,206.881333061248,1.57757123,104.993484777808,0.338106115154638,2.95569002927631,6.38264995603144,29.7359309898178,NaN,NaN,NaN,NaN,8.77833102024365,0.464425891367862,2.47834834695623,7.00294239222868,6.27151787163622,5.75457779687764,0.91160775370783,,1300.92217898554,30.0100002288818,207.149222405239
5,1.177376242,78.6358992814163,0.452579383901171,3.07368585080467,9.01691920772004,97.7511202678982,NaN,NaN,NaN,NaN,9.15858880361253,0.655773103421192,1.23346754845112,10.5544830319945,6.47128043266915,5.30941368081699,0.854452823106815,,1300.00567352303,30.0100320932024,206.863048213538,0,78.6265776589762,1.04951028790552,3.37474299425735,5.75012330582307,108.602195424191,NaN,NaN,NaN,NaN,9.80403711721564,0.417172590477449,1.21562097788039,7.63499283533866,7.47159459468688,5.13192419194407,0.866789294840889,,1298.77354980648,30.0052922232783,206.281636070051,1.191108232,103.378135061709,0.448783140470391,3.34263698884983,9.28543714855165,18.0547942120601,NaN,NaN,NaN,NaN,11.343739280175,0.68006866611959,0.919847955468949,19.7503015823654,6.47112897616383,5.7492862696241,0.471091841350269,,1300.36177101139,30.016649231952,206.869679780903,0,104.943287683866,0.982857676494343,2.97388465805882,6.8646806784396,22.7101172097585,NaN,NaN,NaN,NaN,15.6611616985,0.49750030953312,0.922891543571082,7.80967123127501,7.47156310528313,3.96628355695977,0.87986817869374,,1299.81616901804,30.009417723763,206.211685139199,1.42340286,105.022147740648,0.243934089824363,2.55015120828579,7.78823595156259,25.2212811985162,NaN,NaN,NaN,NaN,13.1017135860091,0.569609336767213,NaN,16.9371120299013,6.27143782487932,4.57628701148221,0.459842456613159,,1300.99457353454,30.0100002288818,206.886943948011,1.57757123,105.028752364701,0.349082274216854,2.96769396096053,6.73293734750764,26.6423313968163,NaN,NaN,NaN,NaN,8.63862077083333,0.48997239317487,2.55107618712321,7.34711760106587,6.27146609973991,5.88222081593805,0.916452856794626,,1299.57753286855,30.0100002288818,207.154687082026
5.08333333333333,1.177376242,77.2290651433848,0.466539450378851,3.11940117077909,9.58322854114667,97.2581150080229,NaN,NaN,NaN,NaN,9.20793152629685,0.697180444029301,1.36675935281329,11.3638972355114,6.47111242374467,5.54193999618061,0.843994833308729,,1300.08265358228,30.0111773832495,206.871491436761,0,80.1514752662754,1.08022374505495,3.36329928699822,6.01237975193184,97.2494413775964,NaN,NaN,NaN,NaN,9.98807843245103,0.436036103944481,1.37091912673651,7.25305833590935,7.47148043978752,5.40278475041124,0.911006095726309,,1299.90529870321,30,206.306825054495,1.191108232,102.563198424463,0.460486569199452,3.3201353971887,9.89170376260459,18.9064210102265,NaN,NaN,NaN,NaN,11.2769875332329,0.722141538046239,1.07034865924033,16.2126042684212,6.47141917621824,6.05678914386197,0.651855777598405,,1298.69406630682,30.012584789913,206.876000520681,0,104.991405728048,1.00103999317584,3.00342432090922,6.9900298969106,30.724184007896,NaN,NaN,NaN,NaN,15.8973441555,0.506293621868648,1.01405716205427,6.96843554236722,7.47178127244778,4.14217795060727,1.0052848588849,,1299.28581509813,29.9982597085005,206.224447138253,1.42340286,105.005273047699,0.253978347329676,2.56112829371167,8.19517864321559,22.7717982600879,NaN,NaN,NaN,NaN,12.8504508578482,0.599499494197872,NaN,17.4534167720449,6.27138573093276,4.73549541880613,0.46956460180946,,1300.74021142129,30.0100002288818,206.891501640845,1.57757123,104.949206457904,0.358241481034021,2.99245240520539,7.11212855400498,24.2317040450506,NaN,NaN,NaN,NaN,8.59867894566667,0.517788746918268,2.64729536659622,7.74054978969051,6.27355860683778,6.0511278918361,0.91894120085049,,1302.34084410052,30.0100002288818,207.158424524886
5.16666666666667,1.177376242,76.1052227288969,0.480354176153528,3.08778393864575,10.1940206914961,98.8373367389248,NaN,NaN,NaN,NaN,9.22887526166667,0.741601526795939,1.41737820761835,12.445691694547,6.47132913630586,5.63023593756449,0.819993476795015,,1299.21630245913,30.0108057890692,206.879890715252,0,76.9900154825414,1.11685833899817,3.32228891903436,6.31850686756475,93.6639338635764,NaN,NaN,NaN,NaN,9.396256916,0.460342444683466,1.56908003689664,13.8714236742749,7.47134532083519,5.74868374726427,0.458811911435448,,1298.84279604668,30.0046265484942,206.337754045769,1.191108232,103.665922422041,0.468592939050216,3.31209732795279,10.1616821367256,24.9116206854293,NaN,NaN,NaN,NaN,11.6388830765554,0.741253908530423,1.22992354459952,16.03862445064,6.47140195612831,6.40020160653106,0.635389337845746,,1300.29429853472,30.0042333595333,206.878707101875,0,105.014351220493,1.01604675767168,3.0020517119281,7.08215091806476,32.9319863763109,NaN,NaN,NaN,NaN,15.9495237748808,0.512744618423898,1.18692823040897,6.67431707083397,7.47182539661453,4.44345005620203,1.06113421398899,,1298.18988593732,29.9899997711182,206.233884874532,1.42340286,104.852961458782,0.267030407708105,2.57735060348918,8.57105320425788,19.401423215527,NaN,NaN,NaN,NaN,13.3507877531427,0.62725787832997,NaN,18.3457898861214,6.27139433217601,4.94646277507736,0.467445654561811,,1299.08646798936,30.0100002288818,206.899072535475,1.57757123,105.01779423745,0.359854797590826,2.98056211219195,7.47007412716169,21.3119479080978,NaN,NaN,NaN,NaN,8.79913788183333,0.54367816155874,2.72657367901615,8.12345507616019,6.27274492101326,6.19037806054435,0.919808487996277,,1301.00785503523,30.0100002288818,207.154490797151
5.25,1.177376242,77.4954501729915,0.491783995330391,3.11953524650571,10.5339849433742,106.285163623851,NaN,NaN,NaN,NaN,9.4546456995,0.764438435744236,1.64142024759841,8.81724801022017,6.47164291684169,6.02142955344045,1.27043637272677,,1299.60152629352,30.0069602688326,206.885804617909,0,74.4573135900458,1.15801723145986,3.48421116213435,6.74636188387947,96.2952475254892,NaN,NaN,NaN,NaN,9.67868156883333,0.492462650658272,1.70860168914646,15.9228481925907,7.47111309644335,5.99244473689337,0.423764436460069,,1299.24722812424,30.0105636187681,206.37334770507,1.191108232,105.027170169131,0.473445520086887,3.2315667464832,9.66912984269707,25.0867901746278,NaN,NaN,NaN,NaN,11.5982661607033,0.705794127372929,1.4397683728838,16.3457112156958,6.47117413709214,6.76627892409603,0.61538298821441,,1300.76959679059,29.9995975524673,206.878008444217,0,104.974402311666,1.03236327834636,3.00634351192104,7.14447709227097,31.186765088759,NaN,NaN,NaN,NaN,15.5681417836192,0.517363632736945,1.30704199698015,6.82848552348687,7.47190335396118,4.65288971319915,1.04638980134861,,1298.37252787412,29.9956672496868,206.244676629903,1.42340286,104.125050511374,0.2800375282296,2.61359865909487,8.99220514519241,18.244833616935,NaN,NaN,NaN,NaN,13.0417992178333,0.65640454709069,NaN,14.9795249645013,6.27128928626553,5.19423816593143,0.634232002732522,,1299.22199449886,30.0100002288818,206.906394837459,1.57757123,104.813122371008,0.373466131949719,2.98106623866031,7.86229984707435,19.0917669907288,NaN,NaN,NaN,NaN,8.35325505760309,0.57259993084014,2.81899593453161,9.0690325512077,6.27116233326303,6.35280516053232,0.872049296212242,,1300.5039788876,30.0100002288818,207.162524144475
5.33333333333333,1.177376242,81.3776554152742,0.49763963115852,3.08961226488274,10.0874531641808,105.493843856315,NaN,NaN,NaN,NaN,9.66199312759438,0.729422326128701,1.87821554459709,3.83413355847872,6.47132161936549,6.43540433285627,2.64520937817059,,1299.4576890602,29.9994075182761,206.886220181383,0,72.5578805148596,1.20271509838495,3.23352456153297,7.10003201888938,96.5775888753043,NaN,NaN,NaN,NaN,9.75906569633333,0.518563211473443,1.99822123296466,16.6507312221353,7.47142227120475,6.49899465304491,0.42643969218776,,1297.60025830308,30.0191973176834,206.412624864726,1.191108232,105.049061636472,0.483031162819838,3.20932859706352,9.19369419090043,23.4687447464331,NaN,NaN,NaN,NaN,11.3972256056667,0.67091431031925,1.61448710918574,15.7995530940835,6.47139978274425,7.07134085062579,0.601520084512683,,1301.18243766548,30,206.88205945107,0,104.99000082929,1.04965263638198,3.02858920830408,7.25096724738023,28.8718076942809,NaN,NaN,NaN,NaN,15.518183805,0.525256471416688,1.40229471829659,7.0987074059347,7.47184154288806,4.81908430321521,1.02150027241642,,1299.32876932772,30,206.256495647856,1.42340286,103.258271266874,0.294063979969063,2.69103688680748,9.45417583163998,18.5575830836928,NaN,NaN,NaN,NaN,13.239720227,0.686652067995014,NaN,8.79156695621439,6.27143773055428,5.33444599283777,1.08980698193675,,1298.77571955672,30.0100002288818,206.915108804511,1.57757123,104.007940614595,0.385023695278768,2.96052293117239,8.19642703088628,18.3203783752508,NaN,NaN,NaN,NaN,8.44109264489691,0.597784710844346,2.91048973495585,12.0091738229353,6.27087303177074,6.51366588370572,0.684491404821247,,1300.25046702444,30.0100002288818,207.168376739269
5.41666666666667,1.177376242,82.0012094864321,0.507373992133032,3.06693325246231,9.5822959626707,98.5575815255345,NaN,NaN,NaN,NaN,9.62263295690562,0.694540296852785,2.11326685146857,6.19279032070105,6.47129736219466,6.84671141997716,1.61230495964849,,1299.39566960516,29.9909616339213,206.890211921283,0,72.3285965069183,1.24548496573554,3.37309667639189,7.49570766813483,103.323085247445,NaN,NaN,NaN,NaN,9.9600310415,0.546617729653505,2.26805782740118,15.2657951158215,7.47143401770731,6.97148848270259,0.500814809939935,,1297.14533558498,30.0114849227696,206.449937053387,1.191108232,104.936409608241,0.494193265063184,3.21192416897125,8.9245440095391,19.9841713807146,NaN,NaN,NaN,NaN,11.558061864,0.654299636519052,1.71928375759213,20.936763566461,6.47130608207651,7.25443342599234,0.427390356944196,,1300.24430412196,30,206.8876670869,0,105.038297254065,1.06772621355984,3.00903379867362,7.36007460016856,26.529228027996,NaN,NaN,NaN,NaN,16,0.533156925754671,1.54160059908639,7.5404343651963,7.47167837958492,5.06224785177581,0.976470529712126,,1296.2825896037,30.0004025595203,206.268952539193,1.42340286,102.323982883854,0.305254582455358,2.73042189440416,9.84719137576964,18.0410191456624,NaN,NaN,NaN,NaN,12.9618381994127,0.714263702872896,1.01545690222913,6.97580975299477,6.27159467507303,5.45926649296213,1.41519569126555,,1300.00229583701,30.0100002288818,206.920770540514,1.57757123,103.326786390008,0.398684818137948,3.01421061936207,8.53911661631846,18.9411220498885,NaN,NaN,NaN,NaN,8.56863348419084,0.623190996247037,3.04036042777627,13.3625455460416,6.27091920604155,6.74213897934776,0.639137902656143,,1298.95884807074,30.0100002288818,207.17671785429
5.5,1.177376242,80.7487768086805,0.519960242473778,2.97461403016721,9.33210127341763,97.7348449260126,NaN,NaN,NaN,NaN,9.6131752855,0.678056337770917,2.27116363026333,9.45250334829374,6.47123993528835,7.12331266105626,0.989001107546919,,1300.07242735067,30,206.897308521556,0,76.5780625485203,1.27648302473727,3.48594644188893,7.71264976886731,108.54025420934,NaN,NaN,NaN,NaN,10.0072018095904,0.558714665747185,2.52135874993982,6.59110455466838,7.47163549344772,7.41572825328966,1.25728497041892,,1298.88488887263,29.9966591776547,206.475729627693,1.191108232,104.223155420767,0.507468162780875,3.19190935046093,8.98788638328678,17.9800651209757,NaN,NaN,NaN,NaN,11.4007087391667,0.657713837306726,1.87159405715491,19.1071936901223,6.47107824468968,7.52076352640559,0.481985623691411,,1298.9110631821,30.0039871779438,206.895427308186,0,105.018567499073,1.08652763764008,2.97642747174082,7.44778929470212,23.6667916677428,NaN,NaN,NaN,NaN,15.879208129,0.539511732155034,1.6191125914575,7.79974876767024,7.47161719317508,5.19762586669896,0.954932849814748,,1300.77356194138,30.0016069715132,206.282314806525,1.42340286,101.518703241499,0.316923632429536,2.68917589793942,10.3470384185885,18.3700087634599,NaN,NaN,NaN,NaN,13.0096871077542,0.749818167265121,1.00041571135327,7.05542526642853,6.27140932281515,5.80285444244464,1.46807673895311,,1299.40630846053,30.0100002288818,206.926903648068,1.57757123,102.746712862447,0.410762697785846,3.0980085278414,8.82483166926623,19.2137434313062,NaN,NaN,NaN,NaN,8.62675702369248,0.644738264963877,3.17041790185906,14.3699329154494,6.2709053203246,6.97113128599956,0.61429950193951,,1301.07711366674,30.0100002288818,207.183192417575
5.58333333333333,1.177376242,79.5905580761015,0.535951494877818,3.04743885574534,9.45284764053402,97.6069893980286,NaN,NaN,NaN,NaN,9.3100045485,0.686902582530391,2.43780484134699,9.97991814934045,6.47135574976494,7.4154953841695,0.948593062721513,,1299.42630650834,30,206.907697341615,0,78.7130411644505,1.30166379710949,3.34144257119897,7.86695890358708,100.435706644463,NaN,NaN,NaN,NaN,9.43530807391162,0.569989286691752,2.69957948509696,6.69704975135579,7.47146103181495,7.72861524245658,1.20260366757604,,1300.1570635874,29.9899997711182,206.495362555629,1.191108232,103.072554740801,0.5224218264178,3.32994032561175,9.16881336729671,17.8322225550826,NaN,NaN,NaN,NaN,11.6019133083333,0.673692891425087,2.03111429022402,23.9286446333998,6.47112642575431,7.79983149439235,0.384246469168396,,1298.86542905763,30.0063811216906,206.904908106185,0,104.991695339273,1.10402898317019,2.96354645770081,7.62105191534512,21.1579411404975,NaN,NaN,NaN,NaN,15.879518716,0.552301018808388,1.82323923927218,8.04646201261656,7.47105811879493,5.55438143575327,0.947154870145233,,1298.04640859053,30,206.294114888394,1.42340286,100.688459111837,0.328207918384279,2.67665958444625,10.7544350711566,18.9313538758099,NaN,NaN,NaN,NaN,13.3088906296665,0.7794273959161,1.15477253664262,7.14940738714894,6.27152323675262,6.11546807600152,1.50659260648796,,1300.41011590682,30.0100002288818,206.93265051745,1.57757123,102.908015726776,0.42443675943403,3.05826172027015,8.96246563435106,21.0748592127776,NaN,NaN,NaN,NaN,8.55860907459464,0.654200513208874,3.26854213766364,13.3947579528562,6.27107064867257,7.14400108948683,0.673437700539381,,1301.84343525284,30.0069637043212,207.191464106341
5.66666666666667,1.177376242,78.259670652424,0.553189703405374,3.01210799185881,9.69691578904557,97.2884471733019,NaN,NaN,NaN,NaN,9.63197867451279,0.705163860395662,2.62725026542142,10.9947613814357,6.47130787006676,7.74797700389728,0.88300482717424,,1300.37970996945,30.0044492092586,206.919454815969,0,77.4493572909197,1.32976603339319,3.37367877746713,7.93658047105115,96.9320077670382,NaN,NaN,NaN,NaN,9.91495409133134,0.576696586663108,2.89734581232673,10.5457220658979,7.47173910879983,8.07619999418974,0.760003863804739,,1299.42526755037,29.9900340304274,206.517890500851,1.191108232,101.997168566276,0.538419445861186,3.38461356173324,9.48599931181912,18.0927859512569,NaN,NaN,NaN,NaN,11.2311220166667,0.696834995067197,2.2101437258744,24.0056194193679,6.47101207130858,8.11336912635566,0.41780010382604,,1299.83626084245,30.0100002288818,206.915439792728,0,104.732584111632,1.1267271459002,2.94836962470862,7.76936976043076,18.8639964365009,NaN,NaN,NaN,NaN,16.0403024718333,0.563207522773063,1.84915955861317,8.29090401477216,7.47126737608284,5.59969740543921,0.938594935886025,,1299.56005487058,30.0058749657659,206.311382157133,1.42340286,99.9986893860898,0.338314588554155,2.73424454922492,11.0175148458911,18.6755653515695,NaN,NaN,NaN,NaN,13.2014078425472,0.79896799205056,1.30272437038207,8.17106716648955,6.27132168882867,6.37345237749819,1.35817157204878,,1299.42205620134,30.0100002288818,206.937124154575,1.57757123,103.075068552293,0.438588547100664,3.06830585978354,8.81503172677294,19.3230607797457,NaN,NaN,NaN,NaN,8.53934958135538,0.643276777150605,3.36392967957149,13.0760457215578,6.2712229355877,7.31216796654542,0.67924819569948,,1300.83237056046,30.0008031446069,207.200007898673
5.75,1.177376242,76.6958587575932,0.571410954892124,3.09530216726499,10.0431146001254,97.160413703482,NaN,NaN,NaN,NaN,9.89301235998722,0.731062723289146,2.74590793125705,12.4117356077238,6.47109743736362,7.95639540151264,0.809558629763412,,1298.51604115528,30.0100002288818,206.932045200084,0,75.9384394483542,1.35706900263441,3.33074911080621,8.05815221036018,97.1674608756517,NaN,NaN,NaN,NaN,9.95978503166667,0.586115782228662,3.09325479938636,12.1919606931683,7.47258535438662,8.420933021795,0.661377476681327,,1299.46509348563,29.9999296101972,206.539860603637,1.191108232,101.027423197664,0.555975776178042,3.31669596142234,9.8933850801619,18.0611962407484,NaN,NaN,NaN,NaN,11.8794537446667,0.725265959455242,2.33482503559526,22.4028289259621,6.47121393800771,8.3318869843987,0.446766083733871,,1301.13622663272,30.0100002288818,206.927436898627,0,103.822591381998,1.15111312054509,2.98865605569305,7.94455525111157,18.0047883424991,NaN,NaN,NaN,NaN,15.839392152,0.576292518302879,1.95167203934922,9.29057755304778,7.47118528119905,5.7790251684444,0.855412723194564,,1302.10709858982,30.0087951199147,206.330152811848,1.42340286,100.168766231986,0.352101360473537,2.8117527277773,11.0577893178597,21.191518648708,NaN,NaN,NaN,NaN,13.3610680969528,0.800899136229732,1.57555652348605,6.01601398896583,6.27125794118189,6.8496346908786,1.9316799856678,,1300.29084950629,30.0100002288818,206.945376255981,1.57757123,102.425158321103,0.453726740533785,3.03688793486457,8.75890087418948,18.2875009158901,NaN,NaN,NaN,NaN,8.33678393331338,0.640545693648027,3.61051701007663,16.1743910405601,6.27118466819403,7.74730736447319,0.543815428096578,,1301.61487192698,30.0061684198725,207.20964935225
5.83333333333333,1.177376242,75.2000479806929,0.592871523070283,3.10652523054426,10.4643515082734,97.1885961619832,NaN,NaN,NaN,NaN,9.79939508383333,0.762016748159987,2.95968637957912,13.6337055638682,6.4713219049797,8.33222764156642,0.767701917446754,,1299.47168702856,30.0100002288818,206.948013897596,0,74.5006559758284,1.38013450286141,3.43540107803044,8.16150498024868,97.6062200019808,NaN,NaN,NaN,NaN,9.71938070833333,0.594167715742362,3.25043639679685,13.3448120476069,7.47090335507166,8.69773921253234,0.61188066357907,,1299.39857188394,30.0075123943078,206.557126872722,1.191108232,99.9512019724582,0.573861027509142,3.40368122187256,10.3005294001042,17.7479179338355,NaN,NaN,NaN,NaN,11.4779476136104,0.756907339967801,2.61174388692839,25.590745078985,6.47113481596906,8.81769935282665,0.413661584935967,,1300.09473363194,30.0100002288818,206.939952529293,0,102.630864980369,1.17382565889602,3.01149715594253,8.10788251939857,17.8685388719968,NaN,NaN,NaN,NaN,15.8797313306667,0.588408945480705,2.09486314472157,9.80972597743117,7.4718247947551,6.029651306029,0.826561861521671,,1299.46738229461,30.0100002288818,206.347551176652,1.42340286,100.248095388972,0.367324308582262,2.788873796418,10.8740020557168,19.2208827084636,NaN,NaN,NaN,NaN,12.959537192,0.787774541942923,1.71379135398334,6.35354684703709,6.27139783112404,7.09113006701807,1.76437794916336,,1300.76679318751,30.0100002288818,206.95505442053,1.57757123,101.265776855685,0.470807925142973,3.1191154309479,8.91079225917119,17.7485154540737,NaN,NaN,NaN,NaN,8.62698771335329,0.653663861082551,3.82621587083731,19.9439439181714,6.27122717266723,8.12846250824894,0.448190049082695,,1299.65886968379,30.0030535740059,207.221137438037
5.91666666666667,1.177376242,73.6996477407138,0.614050651853437,3.06780960228364,10.9895471545515,97.1466143376697,NaN,NaN,NaN,NaN,9.64854457903926,0.800947075129899,3.18459022157289,14.572227214418,6.47126285659877,8.72818144635774,0.755050667385214,,1300.1087926964,30.0100002288818,206.963596762163,0,73.4507268723729,1.41607960737185,3.27679950426078,8.37646244330857,98.1576513506775,NaN,NaN,NaN,NaN,10,0.610303769326201,3.43086179338965,13.9963173452914,7.47071952566409,9.01584655689851,0.598604848424502,,1299.58657672561,30.0100002288818,206.587568680425,1.191108232,98.7048751710386,0.593189402641048,3.36081472666007,10.7561789362308,17.8683549525598,NaN,NaN,NaN,NaN,10.9375934833894,0.789380617859465,2.74412919884402,24.4743394040262,6.47132091561759,9.05021596696086,0.445596613498691,,1297.96663457289,30.0116047162314,206.953713685657,0,101.600651820277,1.19648069868521,3.11757081723116,8.34701601089036,17.9574620796646,NaN,NaN,NaN,NaN,15.9599122273333,0.605552137987509,2.23286145245027,9.97603506075337,7.47073731142753,6.2713607844669,0.836713762744215,,1301.36541932622,30.0100002288818,206.364312735842,1.42340286,99.3400590743088,0.384026285517486,2.72305679666422,10.8838883601203,17.3706413217985,NaN,NaN,NaN,NaN,13.1324974448991,0.790164741121121,1.88117943296492,9.88744792766152,6.27137513090604,7.38379348670006,1.12888190834075,,1299.71918724463,30.0100002288818,206.966221044719,1.57757123,100.011469257518,0.488070368107791,3.11987043550963,9.21981173723159,17.2738093820495,NaN,NaN,NaN,NaN,8.281178313,0.678035772461595,3.93520202583942,24.0793618713883,6.27124086224951,8.32128476572828,0.384243737292113,,1302.28394395522,30.009321534278,207.232985925652
6,1.177376242,72.3814907818318,0.636271799014597,3.14664480393433,11.5474364071806,97.3326553422054,NaN,NaN,NaN,NaN,9.48059046451764,0.842033782354532,3.3520944682157,15.3310718675973,6.47124780040998,9.02333803453297,0.753523963310622,,1300.56233292453,30.0100002288818,206.980399218175,0,72.624135735024,1.4525098407097,3.33116378167058,8.66649449095431,98.14378645091,NaN,NaN,NaN,NaN,9.85773417183333,0.631105119732946,3.61935181993749,14.1014304912563,7.47081733541493,9.34853508399115,0.61491908145994,,1298.72005528524,30.0100002288818,206.618497170131,1.191108232,97.5873506234829,0.612212167149037,3.46002750900522,11.2039130566847,17.696446206263,NaN,NaN,NaN,NaN,11.5776384372709,0.825309576094731,2.98076972710253,29.6523383082641,6.47207549395363,9.46627814150017,0.38382903686808,,1300.87062222235,30.0148142356655,206.967371756559,0,100.51855145121,1.22673384245826,3.08698095153226,8.58233720894345,17.8099218601962,NaN,NaN,NaN,NaN,15.5584874596667,0.622758071950708,2.41311938427517,10.3147391934877,7.47079894485735,6.58737421880598,0.832118661371942,,1301.83063792445,30.0100002288818,206.389102722766,1.42340286,98.0453881670152,0.401230463913954,2.8130178684083,11.0770117195794,18.5772103150163,NaN,NaN,NaN,NaN,13.3071804721754,0.806549887019369,2.06106410408098,13.7293382651325,6.27117078010036,7.69855265426742,0.80799910316014,,1299.19970979496,30.0100002288818,206.977813076136,1.57757123,98.7321038480005,0.507791382278886,3.22298966948478,9.61233964095646,18.2001656411824,NaN,NaN,NaN,NaN,8.63894836932024,0.709628968075457,4.14305064403847,28.7586080728994,6.27130044812682,8.68932594733704,0.334406345992249,,1300.29509466653,30.0100002288818,207.247248568272
6.08333333333333,1.177376242,70.7279328858279,0.659664151839086,3.1883379860041,12.0113621096577,96.6831771851422,NaN,NaN,NaN,NaN,9.2241549028677,0.876210989669642,3.51487351962396,16.8826146457549,6.4710413795509,9.31057533252711,0.712693886331098,,1300.23662051384,30.0120098388762,206.998184687016,0,71.115003711585,1.49258511995061,3.35254356183581,8.84954812295309,96.6314218017939,NaN,NaN,NaN,NaN,9.53976326316667,0.645404629967686,3.7778590819258,15.7984185103275,7.47078087137807,9.6286810231071,0.560829628744163,,1299.21679435958,30.0100002288818,206.65286934136,1.191108232,96.2822468275499,0.623445132544493,3.51603038657576,11.6950021930192,17.6566931900259,NaN,NaN,NaN,NaN,11.5986640813862,0.860384228315012,3.10888002074443,28.0212114102885,6.47135706408468,9.69183322449057,0.424312035682689,,1300.63528312942,30.0165452043387,206.97315393695,0,99.3322335094596,1.25853203320459,3.18057464751431,8.86147846177069,17.8667233714876,NaN,NaN,NaN,NaN,15.8396501881667,0.643220128031251,2.53573884175601,10.5718332035077,7.47072069559957,6.80248540764042,0.838265848072187,,1299.34194261841,30.0100002288818,206.415364712102,1.42340286,98.1445896709622,0.419163101131791,2.82813653675575,11.2414708081481,20.7447033972187,NaN,NaN,NaN,NaN,13.0421075309254,0.817402332228323,2.20688684872524,11.9926193203863,6.27116252737534,7.95394750648201,0.941011938984376,,1299.29191887617,30.0075226342567,206.990326239111,1.57757123,98.6829004455704,0.526441594251355,3.16835517116464,9.8937311932363,21.2953752760459,NaN,NaN,NaN,NaN,8.80153297399257,0.729979419640767,4.32978636528262,28.1916393665145,6.27128920824556,9.02040133171725,0.351759925576887,,1301.66554320019,30.0100002288818,207.260410037242
6.16666666666667,1.177376242,69.0333835867208,0.684672472351204,3.11231238658135,12.5572278931649,96.7812156475515,NaN,NaN,NaN,NaN,9.33636817074206,0.916607467160496,3.69498611098275,17.5911668360319,6.4711618660385,9.62853335934712,0.714061633280087,,1299.79960835335,30.0160196452881,207.017695584985,0,69.574269748342,1.53578148286111,3.42262389570362,9.09556829997516,97.4147640807733,NaN,NaN,NaN,NaN,9.79900190883333,0.663959080194664,4.1138932381866,16.697478870509,7.4708947497502,10.2233373935565,0.54483307829901,,1300.21391758913,30.0169771588008,206.690604596821,1.191108232,94.9507974526504,0.647215344986737,3.4815220622692,12.142704365946,17.1514529896371,NaN,NaN,NaN,NaN,11.7183924325097,0.89617992002846,3.32381115127258,32.0598305901775,6.47080197435751,10.0704124211924,0.388608248876967,,1300.32092060519,30.0200004577637,206.991282430099,0,98.101216884925,1.29336811368697,3.27630740962747,9.12595982521216,17.4189414405729,NaN,NaN,NaN,NaN,15.63567449,0.66270487104371,2.67488741621589,10.8516054979659,7.47075677654124,7.04680671522607,0.841177112935429,,1301.67985652863,30.013649321446,206.44457693438,1.42340286,98.4485457206938,0.433370066259387,2.8138226857657,11.334811071931,20.3699223837735,NaN,NaN,NaN,NaN,13.2406010776667,0.823636517183229,2.41974140483067,10.8961763358948,6.2710492942559,8.32707392103221,1.0405686062594,,1299.09124565582,30.001639860648,206.998983627808,1.57757123,99.338169502941,0.544270870682827,3.13091282082546,9.90963768876193,20.3072751955938,NaN,NaN,NaN,NaN,8.63945793320597,0.729402171343299,4.46384949322734,25.6558662676182,6.27129130707235,9.25839730315651,0.38646993523239,,1301.23264581423,30.0096004703773,207.272862354656
6.25,1.177376242,67.3865839999098,0.710529879505665,3.18667554227236,13.1810574110096,97.1297652330089,NaN,NaN,NaN,NaN,9.0801860575,0.962773564311662,3.87716888918145,19.415335057933,6.47110417142525,9.95063226682141,0.679039596157493,,1299.48495087254,30.0100002288818,207.038050251901,0,67.8572120327596,1.58035456110977,3.28559098514425,9.35534034313121,96.8360553218592,NaN,NaN,NaN,NaN,9.87907120316667,0.684083790370313,4.29122142737916,18.6877023964119,7.47107954770229,10.5377257703629,0.500906372646628,,1300.12400594804,30.0200004577637,206.729674004996,1.191108232,93.5722096307146,0.671194446595789,3.52283875190186,12.7218947736713,17.3583015255923,NaN,NaN,NaN,NaN,11.6381513486667,0.937155255073346,3.55861075498661,30.3971510807378,6.47104969488321,10.4846739599579,0.425640180727595,,1301.55387564568,30.0200004577637,207.009814870814,0,96.8263865602771,1.32711778561034,3.21886624179582,9.44151833089157,17.7571613640592,NaN,NaN,NaN,NaN,15.722226586,0.685676285793533,2.77317118346658,10.9899644013504,7.47135534050378,7.21945600054727,0.859752216998229,,1300.09970765764,30.0147892127705,206.472967315992,1.42340286,97.8973556368011,0.453079617513541,2.84970125838784,11.3697985465864,17.9255173110832,NaN,NaN,NaN,NaN,13.28176819,0.828107131375498,2.62162927614547,14.1094841749088,6.2713033311983,8.68135678017732,0.826655033917948,,1299.84331885636,30.0008075449061,207.013118097199,1.57757123,98.845536562195,0.561473084490759,3.1524942307368,9.92852384643604,18.7528043782358,NaN,NaN,NaN,NaN,8.51964600515497,0.733040806543096,4.72041378056325,29.0189668784164,6.27138431673255,9.7143912957884,0.3427198734935,,1300.18456665803,30.0072770999174,207.284539885752
6.33333333333333,1.177376242,65.9066768345677,0.736596463723471,3.17673252069318,13.7225932359469,97.1398052523436,NaN,NaN,NaN,NaN,9.76199922164104,1.00266331054123,4.13227374431193,20.3227327231732,6.47104431402568,10.402295083489,0.67533909499497,,1300.02554254675,30.0197721608519,207.058625485105,0,66.3929498203329,1.627043439445,3.37324331160488,9.65621922603828,96.7622402729495,NaN,NaN,NaN,NaN,10,0.706279437597658,4.49596975416678,19.0857419643568,7.47117671442075,10.9010478982953,0.506119475662236,,1300.10918853582,30.0200004577637,206.770823241069,1.191108232,92.2606201462585,0.696050816040505,3.5216592156925,13.2157588751362,17.6879697119499,NaN,NaN,NaN,NaN,11.4786984446667,0.974670110266837,3.6631123581817,33.2507403296339,6.47103994783751,10.669173381742,0.411488297216136,,1298.34339973828,30.0167873988259,207.029230373827,0,95.6078184301311,1.3655261563471,3.24249627515135,9.83629900529708,17.5126637308643,NaN,NaN,NaN,NaN,15.719520988,0.714227772020551,2.85969207557412,11.4614509804684,7.47075740743349,7.37153276079151,0.858835256295106,,1300.88382700805,30.017656600184,206.505566070748,1.42340286,96.8303164408057,0.469944389845016,2.83210759237946,11.5660562228583,18.0167244403645,NaN,NaN,NaN,NaN,12.8394182281667,0.845141587380196,2.81997388198377,19.0112360914532,6.27120015191473,9.02981121234578,0.609296627554,,1299.36761728127,30,207.024464431405,1.57757123,97.9538871176239,0.578733097890863,3.23503715186613,10.142248243988,17.7959102100086,NaN,NaN,NaN,NaN,8.64056162282624,0.750681381691374,4.89320849071094,32.5896950067972,6.27125916555987,10.0219458908682,0.31166930368646,,1300.3581692622,30.0099140555746,207.296445682799
6.41666666666667,1.177376242,64.2122455398987,0.764281528656634,3.25118124051213,14.2702127429428,96.5496752560652,NaN,NaN,NaN,NaN,9.08079647035896,1.04391044057317,4.33127359119358,22.1641422736758,6.47104351203053,10.7551158918821,0.644190582060524,,1300.06390810115,30.0196003748334,207.080715339148,0,64.6188756122828,1.67595002674053,3.52537222931167,9.96779864387556,96.6903713655355,NaN,NaN,NaN,NaN,9.43428923766667,0.729466388996974,4.6753510894244,20.7600512076452,7.4707540579605,11.2198730353692,0.480181397721764,,1302.39783721444,30.0200004577637,206.814180116184,1.191108232,90.9278478815069,0.721831387077235,3.49966324461417,13.7207140633822,17.4456598529856,NaN,NaN,NaN,NaN,11.7550770829975,1.01576651849443,3.83272560757449,38.443079669992,6.47079523534787,10.9690480522563,0.359041413729495,,1299.65214716358,30.0200004577637,207.049574866635,0,94.141935064453,1.40811457028268,3.256860224236,10.1455927668602,16.9887288732883,NaN,NaN,NaN,NaN,15.6788193108333,0.736917890508312,2.99626225982134,12.3267739099247,7.47089774480327,7.6117616220297,0.824489716016832,,1300.0475705547,30.0199303389081,206.542734897927,1.42340286,95.4719253986789,0.490391932371569,2.86672553572406,11.9480720116529,17.0040869652864,NaN,NaN,NaN,NaN,13.121181599531,0.875411107101825,2.99684205525354,22.7611050668734,6.27123643334751,9.34086722026478,0.527946085221678,,1299.23822486691,30.0002788211979,207.039421640045,1.57757123,96.6787120327384,0.598350827894624,3.17610874725094,10.4804322743808,17.272027610633,NaN,NaN,NaN,NaN,8.85426201442627,0.778711778568373,5.1321024353476,37.5304626169311,6.27128377972296,10.4478431228472,0.2796351833176,,1299.50624377194,30.0100002288818,207.310553018239
6.5,1.177376242,62.2607930215943,0.793371392228856,3.17025273257915,14.743707377787,95.7371993278535,NaN,NaN,NaN,NaN,9.23830531205504,1.07952912543177,4.50236353625305,24.0115554568532,6.4710024926186,11.058819202701,0.614319465965621,,1299.84944796776,30.0200004577637,207.10431725415,0,62.9820234915441,1.72870494177484,3.41159764381507,10.3647185372414,97.0178135216173,NaN,NaN,NaN,NaN,9.52170075016666,0.759215190265792,4.99449461735857,21.6298316166496,7.47084331873026,11.7881611949516,0.479478995499276,,1300.63040310445,30.0200004577637,206.861355750569,1.191108232,89.4816419312443,0.749595029401404,3.53415071148959,14.2928255745755,17.003653310176,NaN,NaN,NaN,NaN,11.6016354813358,1.05735672040893,4.05098947313118,37.5013017665525,6.47080277567082,11.3552343599042,0.388621354524079,,1299.23027156915,30.0200004577637,207.071810724364,0,92.6219300058353,1.45311411255711,3.25014348425553,10.4407551395877,17.2414779013578,NaN,NaN,NaN,NaN,16.1206671821667,0.759226844024526,3.10459638656358,13.3452678674976,7.47107667711879,7.80241969648351,0.782516102590255,,1300.16605675846,30.0183931502862,206.582029146053,1.42340286,94.0205818600164,0.51148277440955,2.84156051897249,12.4290217439901,17.7640370067217,NaN,NaN,NaN,NaN,13.160566532469,0.914538396797637,3.11349426529023,28.3260570281017,6.27118617998848,9.54617702324381,0.439428714559357,,1300.84226567337,30.0076207356644,207.055057203674,1.57757123,95.2297412961454,0.618508436028512,3.23242140332994,10.8591548739432,17.4096676876115,NaN,NaN,NaN,NaN,8.86523738075268,0.810739693111312,5.31013853122164,44.5005385623702,6.27143016762776,10.7656677360581,0.244301507172157,,1299.00737763901,30.0100002288818,207.325207938741
6.58333333333333,1.177376242,60.4991087700769,0.823452240457536,2.99434713771685,15.3786196980326,97.8709678073269,NaN,NaN,NaN,NaN,9.40635607727829,1.1127000144544,4.78984815895767,25.7378188511065,6.47077838657271,11.569987243228,0.589874286967082,"Sample 1.50 mL to AMBR-96DWP-1/B9",1301.03262508797,30.0155563225078,206.335066539221,0,61.2177796465196,1.78382515850197,3.24334716684874,10.7298025870129,96.0817117678914,NaN,NaN,NaN,NaN,9.316045637,0.770455309976526,5.33891055667494,22.8453997053815,7.47059455565403,12.4027231742676,0.456651620874495,"Sample 1.50 mL to AMBR-96DWP-1/B10",1298.30821956522,30.0167851700149,206.135747335083,1.191108232,87.8992073451888,0.779080575245356,3.2931265939072,14.7879021587907,17.1471617660508,NaN,NaN,NaN,NaN,11.758300282169,1.07650585682111,4.24233237449032,45.841862585398,6.47103979463825,11.6942792256665,0.322984283642654,"Sample 1.50 mL to AMBR-96DWP-1/B11",1302.46686223037,30.0156985710002,206.338643557342,0,91.2523548462144,1.49763256634253,3.05695709593603,10.8195474425649,17.4639630681535,NaN,NaN,NaN,NaN,15.959805644,0.768376281671925,3.25859420801594,14.1317070419978,7.47094352833734,8.0736737080214,0.755026962132509,"Sample 1.50 mL to AMBR-96DWP-1/B12",1298.12433166252,30.0165520084017,205.880975110076,1.42340286,92.5766748629567,0.53500569321421,2.61988489901576,12.956397342044,16.4693863146311,NaN,NaN,NaN,NaN,13.1609131696223,0.93557321607261,3.43058442229603,32.0572124262314,6.27130482936912,10.1050428304955,0.397366424449956,"Sample 1.50 mL to AMBR-96DWP-1/C1",1298.89982963021,30.0071853132995,206.374104003735,1.57757123,93.7171909930055,0.640034460164486,3.03250580748859,11.3106111686444,16.9877006153264,NaN,NaN,NaN,NaN,8.54132050745707,0.831728806767526,5.53261880674846,51.1603847930324,6.2713591704338,11.1634882293103,0.218608213168326,"Sample 1.50 mL to AMBR-96DWP-1/C2",1299.42388006937,30.0152278959109,206.673238076657
6.66666666666667,1.177376242,59.3813154925049,0.854597503821067,3.07159792318611,15.8400596100557,97.3328392271572,NaN,NaN,NaN,NaN,9.19862990816667,1.16592591249748,5.01015185923589,27.2880071859285,6.47098717074564,11.9624430376115,0.555645826421137,,1298.9471051557,30.0192176018593,205.360618605027,0,59.1377848831946,1.84196054149996,3.40331900583931,10.9079420690651,96.4432889669054,NaN,NaN,NaN,NaN,9.72844871633334,0.793101981521877,5.39810016700281,25.3041925318759,7.47076049043153,12.5085008031361,0.389987138131701,,1300.11077383903,30.0200004577637,205.169706428574,1.191108232,87.0237169060915,0.807639772431785,3.51358215064748,15.1934188920402,18.3790713466752,NaN,NaN,NaN,NaN,11.5991711744977,1.12867077868774,4.44667485879865,47.1978008730619,6.47107890915792,12.0569258501996,0.322593749439903,,1299.53227832541,30.017876211713,205.325189772835,0,90.1454639388243,1.54280127462883,3.3206621026398,11.0744179205432,18.1445646711054,NaN,NaN,NaN,NaN,15.6784506321667,0.801220086209635,3.41447791646774,15.062140899722,7.47059888963847,8.34851839989412,0.697993449677935,,1300.28314868677,30.0190273683986,204.866752628503,1.42340286,91.0268437124383,0.55744493014699,2.85146467054363,13.302443774473,17.6703118675002,NaN,NaN,NaN,NaN,13.0792345043777,0.979314898305849,3.62147781153986,36.6254402702886,6.2711762544892,10.4419464703925,0.335664032848157,,1300.58498087919,30.0100001644341,205.296061646612,1.57757123,92.3558653346419,0.66210251369812,3.24776456186254,11.5945468044867,17.5960912208922,NaN,NaN,NaN,NaN,8.37366570853064,0.871213630439815,5.68580860879613,56.4472849523264,6.27117466031666,11.437758452158,0.19420316260244,,1299.90618698143,30.0165473336164,205.564149827589
6.75,1.177376242,57.8279017758314,0.884865622089492,3.18721714712657,16.7426682505995,96.6923141939139,NaN,NaN,NaN,NaN,9.20034008583333,1.21768467143467,5.21933303448821,28.4598723703666,6.47096021494891,12.3355226896721,0.588408717909112,,1300.51519504814,30.0267599048416,205.385486436211,0,57.5555871886925,1.90277004007567,3.37139903305744,11.2950703741779,97.2528317145641,NaN,NaN,NaN,NaN,9.74868344189349,0.824208658770794,5.62660434213764,27.1684832591454,7.47102730942849,12.9173591006279,0.416111837599504,,1300.12659725277,30.0200004577637,205.225059164299,1.191108232,85.4072880607126,0.837759534011159,3.56475780752007,15.9797217530038,16.5247175935836,NaN,NaN,NaN,NaN,11.4789353378333,1.18326050943574,4.71328604957464,51.965392436662,6.47104006878148,12.5307462475717,0.31156508038334,,1299.24356714571,30.0200004577637,205.34981450199,0,88.9357242305259,1.59266300667114,3.27860959102814,11.6664910480245,17.3933403941791,NaN,NaN,NaN,NaN,15.9199183301667,0.842333752210309,3.51285191734556,16.2820030216922,7.47063894461527,8.52207220136494,0.716698564919269,,1298.56528914167,30.0200004577637,204.911084718782,1.42340286,89.691576887479,0.581813962966553,2.86985346207684,14.124736435036,17.0927407613511,NaN,NaN,NaN,NaN,12.8400279071667,1.04305911780579,3.8212483781727,46.0352645679297,6.27115890883412,10.7949739922317,0.307350863036928,,1299.67932141321,30.0112041956945,205.315059646463,1.57757123,91.0978060100177,0.684464134469693,3.31270896709232,12.342601433212,17.4817916118894,NaN,NaN,NaN,NaN,8.66817817934922,0.929547312015964,5.93029619852237,68.5928935775883,6.27118720958503,11.8762950655921,0.180085599715606,,1299.01804470658,30.0200004577637,205.581234425338
6.83333333333333,1.177376242,55.7447781449721,0.917894502758537,3.25032617813539,17.3371965932027,96.0191960340997,NaN,NaN,NaN,NaN,9.511641205,1.26314684646195,5.43134161387154,30.7433513297045,6.47092233980374,12.7144310001868,0.564220938397342,,1301.69729603278,30.0300006866455,205.412934590047,0,56.1427965265594,1.96597415577553,3.4993098471981,11.8342848962605,97.0105557659301,NaN,NaN,NaN,NaN,9.51898957818607,0.863081974406121,5.87240498464442,27.3145677936379,7.47062388853631,13.3580218205669,0.433346718651987,,1298.81718235246,30.0200004577637,205.282687039733,1.191108232,83.4444070297253,0.869164131852564,3.59547528128315,16.4575347762538,16.4973686992909,NaN,NaN,NaN,NaN,11.7191154631667,1.2242267557318,4.8947058477449,58.1502198110859,6.4708402547261,12.8536781397376,0.284975659069221,,1299.31283319579,30.0200004577637,205.375745782271,0,87.5863810710891,1.64467494432937,3.3218466046298,12.0889900579211,17.4497232308193,NaN,NaN,NaN,NaN,15.6788820343333,0.873321605608354,3.67581142254989,17.1832675066129,7.47067904261797,8.80983321429505,0.703841211097324,,1300.97408938085,30.0200004577637,204.957532160287,1.42340286,87.9791707712006,0.607635546297867,2.93751152943374,14.6125289301925,16.872415027697,NaN,NaN,NaN,NaN,13.2809652426667,1.08547027493751,3.98242624012521,54.8062786516585,6.27111637100829,11.0801366293059,0.267165797630434,,1299.45672219444,30.0181153040053,205.33543604937,1.57757123,89.4583597749253,0.70955925968489,3.33296108117893,12.7997903917899,16.4107672570761,NaN,NaN,NaN,NaN,8.57100341232408,0.971610610163903,6.17660316375081,79.6510904655622,6.27109136986828,12.3188376341074,0.160936290940944,,1301.15975296996,30.0200004577637,205.600945584702
6.91666666666667,1.177376242,53.7741113950692,0.952279237375595,3.33576790067335,17.9780950025086,96.3735591334804,NaN,NaN,NaN,NaN,9.77329902385633,1.31113751622054,5.76438299982351,32.8127290278247,6.47095979600644,13.3106087610989,0.548162053195892,,1301.01270372359,30.0237149008803,205.441851230653,0,54.3089763329514,2.03155642461597,3.42882736253157,12.2259532816571,96.2036027053649,NaN,NaN,NaN,NaN,9.43830439142044,0.892761133511217,6.00111023575929,29.2521153756032,7.47011602115084,13.589064973223,0.418029273717526,,1300.04448372515,30.0200004577637,205.342799463226,1.191108232,81.9909211603103,0.901987853741202,3.57112149891505,17.1903902327742,17.2674936600186,NaN,NaN,NaN,NaN,11.4363893885,1.27770283180955,5.04264211231806,57.1630283448898,6.47086484141403,13.1172429967685,0.304241545964021,,1299.27631245492,30.0200004577637,205.403306324226,0,86.1488700078432,1.69948309871087,3.2893535106251,12.5000661470837,17.1776691464703,NaN,NaN,NaN,NaN,15.7991431981667,0.903568356840609,3.74357906014489,18.433805114111,7.47071914797743,8.92956969781833,0.67841954809453,,1299.66536952025,30.0200004577637,205.00681900357,1.42340286,86.283776328931,0.633816864023054,2.96823101319041,15.1741513591414,16.5151971346376,NaN,NaN,NaN,NaN,13.1290937884272,1.13450763172248,4.18427804059378,63.7497564382197,6.27114317713391,11.4377527373212,0.238515500100411,,1299.87695135186,30.0200004577637,205.356310992305,1.57757123,87.6727525424837,0.736450843011763,3.33654880297064,13.263544076317,17.1285693792818,NaN,NaN,NaN,NaN,8.67642064249337,1.01678938286428,6.41530977323182,92.4020748188636,6.2712249753994,12.7485668599358,0.143672125949671,,1299.80193615916,30.0200004577637,205.622594062714
7,1.177376242,51.7122646321753,0.989209866186167,3.35958431356492,18.5432658808318,95.2438877709012,NaN,NaN,NaN,NaN,9.78519505314367,1.35561808088383,5.97040397216374,36.0038705598504,6.47089749732102,13.6802918519787,0.5156469886761,,1299.40360682684,30.0204003677817,205.47332501747,0,52.1751898503776,2.10061260320479,3.45558108948572,12.6017818475534,96.3808979069839,NaN,NaN,NaN,NaN,9.87974679283333,0.921513709361146,6.28847229145023,31.3676812487132,7.47010988328104,14.1057243517412,0.401896103534299,,1300.02516581727,30.0200004577637,205.406308980327,1.191108232,80.3018918326571,0.936687978657026,3.56591312292575,17.7184051303673,16.5161333444353,NaN,NaN,NaN,NaN,11.8295527568333,1.32517616392334,5.27954553829899,66.3338249399483,6.47104240588821,13.5400193739076,0.270134487312982,,1299.74180461304,30.0200004577637,205.432578449631,0,84.4938835415909,1.75541110441398,3.29987713705371,12.9022921967031,16.9418233900938,NaN,NaN,NaN,NaN,15.879820396,0.934106214532048,3.92743238927036,20.2954915487068,7.47071979021377,9.25471590022625,0.636146744611815,,1298.79585550654,30.0200004577637,205.057241243331,1.42340286,84.5671446694508,0.6625110191911,2.9170771311635,15.7235485728979,16.3892840452459,NaN,NaN,NaN,NaN,13.3537348760728,1.18349221366493,4.46581109978328,72.5924838661954,6.27116278018418,11.9371656766534,0.216878288609073,,1300.67329298237,30.0200004577637,205.379596422606,1.57757123,85.9362276992419,0.76338312381723,3.33412537137459,13.6278236257486,16.2839263189108,NaN,NaN,NaN,NaN,8.72449363235125,1.0598039378153,6.71638835101582,110.872039671785,6.27116443001367,13.2919132401961,0.124118464056573,,1300.009644709,30.0195941563011,205.644407734803
7.08333333333333,1.177376242,49.2563655872936,1.02664546138021,3.45725114773752,19.1970727873402,96.8195823839241,NaN,NaN,NaN,NaN,9.39757909057668,1.40783818652951,6.11263641340541,40.4849101092206,6.4710628087339,13.9357952707996,0.474201758019635,,1300.59013130857,30.0200004577637,205.505327150212,0,50.7223318549963,2.17217267975583,3.51381819072402,12.9947069270531,97.2644695311587,NaN,NaN,NaN,NaN,9.66616777516666,0.950015440248353,6.49082678055047,31.1730197026289,7.47037543947773,14.4703277845689,0.417006116267664,,1301.5928576532,30.0200004577637,205.472437371278,1.191108232,78.7441436984947,0.972101362448369,3.60104168222651,18.2758559897032,17.2930064902655,NaN,NaN,NaN,NaN,11.6829508128333,1.3761748616227,5.46603274777669,75.1113010517631,6.47085322058125,13.8733260970413,0.244248597422833,,1300.74466307982,30.0200004577637,205.462633112872,0,83.1450641706631,1.8128068179779,3.29995398534062,13.3792605170539,17.41327391769,NaN,NaN,NaN,NaN,15.5173024898333,0.96847747776556,4.01763065979116,20.2476378888396,7.47059956918617,9.41438768517826,0.660999797971349,,1300.04470085035,30.0200004577637,205.109042502764,1.42340286,82.508534818024,0.692476080424843,2.94950328787891,16.1621153133457,16.0274457512966,NaN,NaN,NaN,NaN,13.1170975095,1.22722745101895,4.73060563911392,85.2793419747101,6.27105606212697,12.4078044247608,0.189801794429172,,1299.44970025017,30.0200004577637,205.404269494539,1.57757123,84.2036010165942,0.791318207394044,3.35499905297646,13.3641558039066,17.0605976844715,NaN,NaN,NaN,NaN,8.67853959014875,1.1090901676924,6.89178173290145,190.342207690832,6.27107984562042,13.6089641585318,0.0703904753917925,,1299.89197354343,30.0200004577637,205.667280812528
7.16666666666667,1.177376242,47.802558633724,1.06184228071342,3.29162245645714,19.9958649510924,96.0894869063733,NaN,NaN,NaN,NaN,9.82422669908999,1.46725640030107,6.63366027488034,42.1988407429212,6.47070343379309,14.8745668070488,0.474105428958233,,1300.79499750226,30.0200004577637,205.535084962687,0,48.8715011638228,2.24619681052475,3.5660133632949,13.4179207747702,96.6933069224068,NaN,NaN,NaN,NaN,9.69248462414108,0.982941304395018,6.78129177576192,33.8009490241321,7.47035401042222,14.9948864854335,0.397098385796357,,1299.52312076161,30.0200004577637,205.540965251452,1.191108232,77.0425396749852,1.0086689307014,3.64650247217788,18.9131499274467,17.1600478555393,NaN,NaN,NaN,NaN,11.36726074931,1.4262301950147,5.65841628041442,77.2996496315601,6.47075635613488,14.2177364888845,0.247169812541266,,1301.13073163347,30.0200004577637,205.493888784173,0,81.6333584453902,1.87236083740734,3.33398429049876,13.7852197644662,16.785018942927,NaN,NaN,NaN,NaN,15.7190199216667,0.998164608602327,4.14914253377214,20.3209504546999,7.47067037670906,9.64731420008545,0.679445753767863,,1300.93572401697,30.0132038314831,205.163111681555,1.42340286,80.7188136503465,0.725030338378375,2.96123002852729,16.67900339302,17.1119830643477,NaN,NaN,NaN,NaN,13.1939147421309,1.27754233834345,4.92706079676658,95.9398353646984,6.27102972675143,12.7575522347121,0.173879665484021,,1299.28409961512,30.0200004577637,205.431539980801,1.57757123,82.5213180167965,0.820806833360441,3.35867741790276,13.6416133751104,16.3427562054378,NaN,NaN,NaN,NaN,8.67148227833333,1.15710632030452,7.12357902753265,217.174764569925,6.2710789188707,14.0289428371,0.0628676119528878,,1299.72417080085,30.0200004577637,205.692019040838
7.25,1.177376242,45.439513321277,1.10385376857306,3.28259218332049,20.5315513603006,95.2237077886923,NaN,NaN,NaN,NaN,9.73414925683333,1.5117512433372,6.65767011177264,47.2495189138901,6.47061403729101,14.9178132462041,0.434762575282469,,1300.78777767846,30.0204015545055,205.571382431184,0,47.4749356666986,2.32211079582362,3.45800851616588,13.8603595480888,96.8852289641499,NaN,NaN,NaN,NaN,9.75725124802559,1.01597705842389,6.88857121803132,34.4245036247332,7.47004500781919,15.1888263388868,0.402751170457789,,1300.75353695063,30.0200004577637,205.611349264024,1.191108232,75.5362330049255,1.04604263522475,3.65202913644681,19.5246223593989,16.5993242861155,NaN,NaN,NaN,NaN,11.9578898120233,1.48148692436595,5.89609397458322,85.9061604098082,6.47067828597722,14.643875065224,0.228775597362842,,1303.12101825323,30.0200004577637,205.525965040196,0,79.9782081503039,1.93329796196177,3.36528641916736,14.2313658721304,17.1152553410299,NaN,NaN,NaN,NaN,15.6384280055,1.03178381529368,4.32989326491838,22.0342298382696,7.47053057111631,9.96780573978227,0.646031921575877,,1299.7853950742,30.0183627977115,205.218502805631,1.42340286,78.782523752963,0.758110411310777,3.02239748352545,17.1287179014179,15.9399512001816,NaN,NaN,NaN,NaN,13.1298659020358,1.3261499923884,5.05194709196188,109.568573888533,6.2709072799533,12.9801759331218,0.156764672323605,,1299.24155189583,30.0200004577637,205.459429273174,1.57757123,80.5052212456161,0.851662364453157,3.35694121229798,13.9230254624684,16.4708399212845,NaN,NaN,NaN,NaN,8.49189505816667,1.20332449027376,7.49453295889875,238.127991871733,6.27103949687821,14.7026264240519,0.0584885216548592,,1300.91963669154,30.0200004577637,205.718215031341
7.33333333333333,1.177376242,43.0445556691894,1.14653344901001,3.34847900567649,21.1802012186715,96.5316124685519,NaN,NaN,NaN,NaN,9.7592719865,1.56440823361331,7.00180493203975,51.9027858281727,6.47067975195227,15.5403623437713,0.408119154054583,,1299.06070279382,30.0200004577637,205.608851540951,0,45.8674163132525,2.39962008125534,3.49231451535035,14.3668368476606,97.8007866563489,NaN,NaN,NaN,NaN,9.7992793735,1.05438579569124,7.10084431442561,36.2671196712328,7.47000328433247,15.5733301295477,0.396201427569082,,1300.71313741204,30.0200004577637,205.683418182651,1.191108232,73.9167373573078,1.08202146009866,3.63807330758003,20.1164368632877,16.9022542490963,NaN,NaN,NaN,NaN,11.7567965075,1.53571132470501,6.00874607015248,94.3576653473075,6.47091275745251,14.8460752085327,0.214786348202518,,1300.54833776029,30.0200004577637,205.556809561302,0,78.6001051855702,1.99619238410737,3.32859800387392,14.7577478753325,17.5180559685717,NaN,NaN,NaN,NaN,16,1.07065845081469,4.53663707521516,23.3024440751375,7.47030626611727,10.3348503341603,0.633391783178411,,1301.7862877724,30.0200004577637,205.275846050411,1.42340286,76.8469034238779,0.790698176486832,2.99459327818719,17.59027273744,16.5772572926655,NaN,NaN,NaN,NaN,13.0404092758333,1.37759770768495,5.43641386170922,125.324509141699,6.27085119541816,13.6667092017326,0.140468289281708,,1300.7383972193,30.0200004577637,205.486996632212,1.57757123,78.745066954422,0.88467140459618,3.36729787905318,14.3058341811088,16.7589728280091,NaN,NaN,NaN,NaN,8.72275486732175,1.25636515190535,7.48790505821055,255.29914717695,6.27108063741324,14.6905594353891,0.0560500514049227,,1298.64170143155,30.0200004577637,205.746541790516
7.41666666666667,1.177376242,41.337066968894,1.1892117283952,3.21918022366241,21.9947950850585,96.27588040561,NaN,NaN,NaN,NaN,9.67889276566667,1.62733959685138,7.21019243597543,54.6348743851712,6.47063594401418,15.9181218455341,0.403223188136989,,1300.2723469669,30.020402348612,205.64609955628,0,44.4190232039396,2.47879714250762,3.45191454645965,14.8682469475871,96.5576348084289,NaN,NaN,NaN,NaN,9.83924926166667,1.09314464782574,7.3738141347495,38.0427872999734,7.46994716170293,16.0687511226475,0.391011655816268,,1298.66721412481,30.0200004577637,205.757161038255,1.191108232,72.053406788234,1.11831038296656,3.68207790168529,20.6583553083461,16.2157337166754,NaN,NaN,NaN,NaN,11.9599718971667,1.59038331442336,6.3468005077649,105.620086428671,6.47076520178267,15.4543682316115,0.196544062090229,,1300.46987646472,30.0200004577637,205.587779503982,0,77.0612418523181,2.06072933931367,3.3408792195985,15.2311660188138,16.7135875316295,NaN,NaN,NaN,NaN,16.0399519666667,1.10681062598495,4.6323208399415,25.7192652756517,7.47054424190154,10.5049147325238,0.592392115283875,,1300.06713806007,30.0200004577637,205.334893942839,1.42340286,75.2978971715815,0.823683619902905,3.03063070867785,18.1587547760683,16.9259345315293,NaN,NaN,NaN,NaN,13.3421582197633,1.4351447512538,5.73915663233767,137.227435575205,6.27079943623165,14.2086560164258,0.132356077788412,,1300.00523658674,30.0200004577637,205.514815442192,1.57757123,76.8711145299713,0.91828935330618,3.33310316919844,14.5643201785422,15.6635332501307,NaN,NaN,NaN,NaN,8.37961818117825,1.30599566459226,7.82158880620504,279.570760363327,6.27101749075082,15.2986161304284,0.0521368254390057,,1300.31357928484,30.0200004577637,205.775670811514
7.5,1.177376242,39.157505885085,1.2352689320004,3.28730512925089,22.6960992023561,95.4710266422381,NaN,NaN,NaN,NaN,9.0369260425,1.68595271805557,7.50084028945003,60.0209947673331,6.47064199974137,16.4462021689468,0.378656221362096,,1300.15020683117,30.0248088587517,205.686649738207,0,42.6087611947438,2.56015233214055,3.49891623651334,15.3172709721759,96.4035088668319,NaN,NaN,NaN,NaN,9.55849509683333,1.12754856548759,7.64332915699509,39.9510912113822,7.46996416729998,16.5591632440213,0.383614108588677,,1301.31861530192,30.0200004577637,205.832922957915,1.191108232,70.035565221991,1.15999276313766,3.65216854783022,21.2457613918604,15.8914204597981,NaN,NaN,NaN,NaN,12.0252138290347,1.64480800622856,6.72098049155317,113.329296142357,6.47067761275937,16.1291455193917,0.188849579199264,,1302.1132778825,30.0200004577637,205.624300938428,0,75.4191919928693,2.12692675988042,3.3589525814792,15.6902074167023,16.7865708111437,NaN,NaN,NaN,NaN,15.8396675235,1.14155303056953,4.74883565263893,27.701563605809,7.47031302606114,10.7121432504649,0.566738248526239,,1298.77720416001,30.0195987806102,205.395599161312,1.42340286,73.1894589464518,0.856959422886311,2.99692203841827,18.507837243057,15.9959280612862,NaN,NaN,NaN,NaN,13.5584645479033,1.48349956388115,5.96233934877811,154.701878918339,6.27070172538942,14.6090168285736,0.119768949549839,,1300.95509663775,30.0200004577637,205.543094758262,1.57757123,74.6718376652368,0.953284078537596,3.37281788951044,14.4797153267311,16.358630352834,NaN,NaN,NaN,NaN,8.719168274,1.35645930686868,8.13865368723396,326.034563988514,6.27110195265044,15.8781163137368,0.0450915277501864,,1300.70390469508,30.0200004577637,205.806263136006
7.58333333333333,1.177376242,36.7855201231966,1.28074474769071,3.30836899533531,23.3326305519737,95.5857916767716,NaN,NaN,NaN,NaN,9.56518363575777,1.74142878824177,7.92588316066077,66.9296846239744,6.47063576324252,17.2212283506789,0.348831422404358,,1299.93780928067,30.0244326525879,205.726829821358,0,40.2948757857225,2.64421705711692,3.49129657436009,15.6532092807885,95.3951400861361,NaN,NaN,NaN,NaN,9.61114474071008,1.15629512828406,8.06303576020957,44.0413720711363,7.46958047807194,17.3255401672752,0.356203589710729,,1299.46256479856,30.0200004577637,205.911624681722,1.191108232,67.905761125114,1.20390778815953,3.60442762186843,21.7480601402721,16.5589645864053,NaN,NaN,NaN,NaN,11.6107183189758,1.70086743055914,6.78727447024438,126.396429311234,6.47067885518845,16.2489324807406,0.172775217611651,,1298.62005951441,30.0200004577637,205.663003622928,0,73.7412924284515,2.19497224287914,3.42272689005229,16.2382640113405,17.0064504435412,NaN,NaN,NaN,NaN,15.8393198775,1.18310778002612,4.94915715180596,29.4631203787005,7.47006414538416,11.0688381654046,0.551208575237875,,1299.09263910288,30.0200004577637,205.458149406295,1.42340286,71.5444942609055,0.890354927124988,3.0085986028666,18.9097354350764,16.905581640838,NaN,NaN,NaN,NaN,13.4252421056667,1.53680863677124,6.13083053438195,171.952573146086,6.27109716930382,14.911816700509,0.110012782533656,,1300.5269411776,30.0200004577637,205.57155775692,1.57757123,73.0119932881844,0.9899835862954,3.40653819259013,14.1784578608227,16.9769685531485,NaN,NaN,NaN,NaN,8.71834402166667,1.41084454196734,8.38543626104779,387.537775841588,6.27098912267183,16.330603267601,0.0365855016842674,,1300.77998331887,30.0200004577637,205.83885842647
7.66666666666667,1.177376242,34.7214943810034,1.32853143723931,3.40340227519682,23.922019884975,97.0415815175818,NaN,NaN,NaN,NaN,9.87153934424223,1.79124688068042,8.05998654302498,71.9578555815259,6.47064128547381,17.4661929760715,0.332521502399328,,1302.36676322244,30.0200004577637,205.769180367172,0,38.4347400301163,2.73043375242508,3.56013751130614,16.1200530515017,96.7650826365893,NaN,NaN,NaN,NaN,9.62540021529539,1.19283034676651,8.12700079612168,46.4074530835505,7.46974133914759,17.4424866485258,0.347417644542407,,1298.42515658481,30.0200004577637,205.992362595725,1.191108232,66.643785417167,1.24709744663832,3.64226680853204,22.3992265923503,17.2721029490254,NaN,NaN,NaN,NaN,12.0029301759895,1.76599949943885,6.98337950870944,136.478849300688,6.47071893450494,16.6038073304537,0.164576421436683,,1300.61942820342,30.0200004577637,205.701125780265,0,72.0294096128624,2.26464597992215,3.32687761096837,16.7265953113073,16.7369392120757,NaN,NaN,NaN,NaN,15.9192435048333,1.22053085108719,5.09047126395891,31.7334506125631,7.46989769189421,11.3207596832574,0.527327117204191,,1301.07632947574,30.0200004577637,205.522289503071,1.42340286,69.6775388179646,0.926819821069598,3.02796720389228,19.2607584207979,16.4455261678883,NaN,NaN,NaN,NaN,13.1988786097753,1.58707479067283,6.36972373015844,188.149416040967,6.27071777648538,15.3417947730327,0.102419506627505,,1300.13374337525,30.0207842126864,205.603098428043,1.57757123,71.2151342935279,1.02721068503702,3.43795901898103,15.240967779135,16.3399892585114,NaN,NaN,NaN,NaN,8.60162976613599,1.46290025767849,8.7026322029188,352.16885285565,6.27106095831089,16.9135131236832,0.0436161124079755,,1298.89128033319,30.0200004577637,205.871961610425
7.75,1.177376242,32.982824242041,1.37693273521861,3.34125963931498,24.7385625024047,96.0623458670074,NaN,NaN,NaN,NaN,9.63819663033333,1.85948542011259,8.50189844259053,77.4660727037941,6.47057189917829,18.2765598218606,0.319770124117987,,1301.20550176323,30.0200004577637,205.812246689425,0,36.592580147467,2.81843144341282,3.54166704959193,16.5757379421032,96.0840912891387,NaN,NaN,NaN,NaN,9.55809246882786,1.22806284964126,8.47334818292328,48.3430069351016,7.4695352775022,18.0778769702321,0.342897006575143,,1300.15590689226,30.0200004577637,206.074952615555,1.191108232,64.6392656468445,1.29422448708843,3.68496751807207,22.7751726342816,16.509311510738,NaN,NaN,NaN,NaN,11.598013065,1.81859463578221,7.3783471270612,152.524716581728,6.4707714564837,17.3203919406395,0.149800702325708,,1301.46921826323,30.0200004577637,205.743189973856,0,70.2876523976073,2.33687220387595,3.39344387903958,17.2260296049716,16.7082847885597,NaN,NaN,NaN,NaN,15.8395148008333,1.25969199072956,5.32376384637567,34.2117798565671,7.47004186932097,11.7372090325506,0.503641921660901,,1298.86605427133,30.0200004577637,205.589038362283,1.42340286,67.6559905540669,0.965507116010742,2.95932474143145,19.5676351333098,16.300637691903,NaN,NaN,NaN,NaN,13.2101392484712,1.63711730133234,6.67165420392235,206.408383153824,6.27068215227608,15.8863034120896,0.0948557510721533,,1300.01546900108,30.0208196173313,205.636981415969,1.57757123,69.5146939559967,1.06483054639661,3.45315457876971,15.3003883966376,16.6068372432135,NaN,NaN,NaN,NaN,8.59606336486401,1.51671509367436,9.01489274108871,384.743979126674,6.27094248722124,17.4893208559466,0.0397732168010633,,1302.36511443439,30.0200004577637,205.905474490707
7.83333333333333,1.177376242,31.0119524549618,1.42765427519598,3.28294115045865,25.2706723463857,96.9413108314737,NaN,NaN,NaN,NaN,9.51781134216667,1.91213775962911,8.93402877382833,85.7306776971029,6.47074383627489,19.0721849465879,0.294893163266566,,1300.39868048541,30.0200004577637,205.857690500839,0,34.2841045769868,2.90786297361737,3.48926227852444,17.024663561804,96.6643599832525,NaN,NaN,NaN,NaN,9.47851106326313,1.26619010749328,8.66743792350923,53.2702655156555,7.46954252956357,18.434364377032,0.319756274777242,,1298.93311921983,30.0200004577637,206.159020372133,1.191108232,63.0557772229015,1.34093876030126,3.66476431814094,23.2526295928225,16.4779219518676,NaN,NaN,NaN,NaN,11.921431741945,1.87684561418693,7.64483784668415,166.010353561971,6.47081661565052,17.8055074725257,0.140432360564013,,1301.33892104052,30.0200004577637,205.784950095562,0,68.3244470699358,2.41154696379213,3.37512259966548,17.6478902577781,16.0133324651244,NaN,NaN,NaN,NaN,16,1.29243210404711,5.4135587378222,37.2507947732689,7.47016840923115,11.897708776909,0.473864629325041,,1300.97942872132,30.0200004577637,205.658179876785,1.42340286,66.1328757190989,1.00657744506254,3.03075153304038,20.0077781720702,16.5387100536274,NaN,NaN,NaN,NaN,13.4346422857536,1.69524952512861,6.86724399401706,221.375367386855,6.2706755349819,16.2402213312155,0.0904065441769592,,1299.90776744302,30.0200004577637,205.673193559443,1.57757123,67.5242909147613,1.10513433948626,3.44554303800257,15.4998210412665,16.1387611083855,NaN,NaN,NaN,NaN,8.83917100716667,1.57044554454107,9.25318417918224,406.183253670647,6.27085457785166,17.9300125541462,0.0381788708677439,,1300.09655546253,30.0200004577637,205.941728206712
7.91666666666667,1.177376242,29.2896831667416,1.47858132767689,3.24142177146505,25.8919982037613,96.019194079045,NaN,NaN,NaN,NaN,9.27685435733333,1.96815025438399,9.10174010001094,91.9201560996135,6.47055860061899,19.3819291105538,0.281904820530092,,1299.47484171778,30.0200004577637,205.903259351056,0,33.5009872912659,2.99833188516629,3.51391764374747,17.7869585656757,97.5594369915404,NaN,NaN,NaN,NaN,9.34498042423687,1.32072324510855,9.02841334503971,50.8110221966829,7.46925347594644,19.0999573151055,0.350159153734394,,1302.79230683111,30.0200004577637,206.243984028561,1.191108232,60.6891556309988,1.3885312684337,3.69578615431248,23.523323304737,15.4508404459471,NaN,NaN,NaN,NaN,11.7176800318883,1.92529939178685,7.92326652565293,182.876074576752,6.47072334336254,18.3132113173009,0.129307275184656,,1299.62718933017,30.0200004577637,205.82758091637,0,66.5517507478172,2.48691457250542,3.34844144669041,18.2552888742587,16.8335090500739,NaN,NaN,NaN,NaN,15.9599381803333,1.33958655480681,5.60321142002737,39.3829706267365,7.46987842444924,12.2370260701089,0.463632706884929,,1299.94332608145,30.0200004577637,205.728088129802,1.42340286,64.0379485657825,1.04916151242016,3.0872090759438,20.1900724665243,16.4679731146369,NaN,NaN,NaN,NaN,13.2347238127043,1.74088301716909,7.18453820368028,242.084874055941,6.27064475371361,16.8147515847343,0.0834317720302001,,1300.848885084,30.0200004577637,205.711147229506,1.57757123,65.5364963477065,1.14627278809653,3.44154440496359,15.8165454529346,16.837816585427,NaN,NaN,NaN,NaN,8.6353494086052,1.62450878741442,9.586328911829,418.441907585419,6.27083605644237,18.5481732786596,0.0378606513200377,,1299.42724737556,30.0200004577637,205.978965031472
8,1.177376242,27.9082356525601,1.53047384578945,3.42400754827893,26.735941599062,97.5708478155786,NaN,NaN,NaN,NaN,9.47894491083333,2.0383326631474,9.58271240995085,96.5988101527943,6.47059890718201,20.2735622244175,0.276909066023863,,1298.99545532808,30.0200004577637,205.949994221673,0,30.9690616275388,3.0924164919629,3.57014691770518,18.1083307648925,94.6923424457699,NaN,NaN,NaN,NaN,9.8521065515,1.35169480570217,9.29197447560279,58.1374416136764,7.46954980554815,19.5875530306563,0.312142033090898,,1298.28951747171,30.0220969985269,206.332712086088,1.191108232,58.8581825094947,1.43739008975656,3.70945992909943,23.9977035192817,17.3383864902505,NaN,NaN,NaN,NaN,11.8047920801342,1.98971059945316,8.12976608185054,199.09851927107,6.47072902820043,18.6908095580644,0.120924464636894,,1299.41362287045,30.0200004577637,205.871548314133,0,65.2127244286602,2.5644421664563,3.38091527873064,18.8216830294794,17.179468026548,NaN,NaN,NaN,NaN,15.9197206771667,1.38297700377518,5.70451676640519,41.6954949150644,7.46975077747993,12.4185500938157,0.451654834904148,,1299.80685513833,30.0200004577637,205.80016271475,1.42340286,62.1126813626867,1.09251040563237,3.07070371305665,20.4289039776916,16.7627128086395,NaN,NaN,NaN,NaN,13.488377460629,1.79336010680694,7.51872362887497,262.190826778767,6.27064102954494,17.4219187256894,0.0779670238577031,,1299.77404995604,30.0200004577637,205.749841739971,1.57757123,63.7609754721265,1.1886885032116,3.46015800676428,14.8213713220358,16.2213989838573,NaN,NaN,NaN,NaN,8.52951727656146,1.67698643220311,9.89734350466297,505.632708351194,6.27086914388983,19.1273982101962,0.0293211206903945,,1300.59157960852,30.0200004577637,206.017596791613
8.08333333333333,1.177376242,26.1445587949835,1.58474813458964,3.09344369689375,27.35136318994,95.8714922007299,NaN,NaN,NaN,NaN,9.7586841035,2.06347240231286,9.99878702893154,105.895309616788,6.47067897323624,21.0488130628778,0.252592379378029,"Sample 1.50 mL to AMBR-96DWP-1/D5",1300.99795407261,30.0200004577637,205.1908355747,0,28.680694651712,3.18784637398949,3.33964407258705,18.6417835041943,95.3350382101506,NaN,NaN,NaN,NaN,9.63083372889104,1.36639101457425,9.49368856343479,62.0747610027596,7.46929198907689,19.9618683165105,0.291159446562488,"Sample 1.50 mL to AMBR-96DWP-1/D6",1299.23875380017,30.0243295437897,205.632886389957,1.191108232,57.0363673902441,1.48672723658385,3.51155029941068,24.4975016971,15.6277714350316,NaN,NaN,NaN,NaN,11.9545193581991,2.02118868389365,8.45629409026151,210.156453395572,6.47072119597695,19.2895889848099,0.116033013088508,"Sample 1.50 mL to AMBR-96DWP-1/D7",1300.18236030463,30.0200004577637,205.354468079535,0,63.0676285020475,2.6449788334162,3.12839159982527,19.2626667653002,15.7674220434061,NaN,NaN,NaN,NaN,15.8793008023333,1.39989338288231,5.94291146233671,45.9861287130488,7.46990226303474,12.8461042226979,0.417191189159868,"Sample 1.50 mL to AMBR-96DWP-1/D8",1300.1086245178,30.0200004577637,205.329673878294,1.42340286,60.4932338742662,1.13779494027985,2.80316975277595,20.7226783273765,15.7466387238097,NaN,NaN,NaN,NaN,13.4027362202522,1.81945728241424,7.76841414829231,279.670322120608,6.27063023143081,17.876883830925,0.0737131684136548,"Sample 1.50 mL to AMBR-96DWP-1/D9",1299.34842206405,30.0172901069518,205.268263215617,1.57757123,61.8337653207219,1.23105443756674,3.26266636257807,15.0717756015887,16.1165787565122,NaN,NaN,NaN,NaN,8.64299969866667,1.70413465802522,10.1085062133215,518.643301024189,6.270800291275,19.5216794148712,0.0288918110941607,"Sample 1.50 mL to AMBR-96DWP-1/D10",1301.13800730249,30.0204018415154,205.552405523436
8.16666666666667,1.177376242,24.0390194761369,1.6387506547336,3.30510854521521,27.7318315898823,97.2268756854716,NaN,NaN,NaN,NaN,9.83932575033333,2.13001537604989,10.3572150106447,114.483804866422,6.47062885891502,21.7193466359714,0.224828216841622,,1298.59231799294,30.0273128682693,204.25417069856,0,27.2485803612373,3.28496680468451,3.53012417121925,18.9572875733593,99.7517524744274,NaN,NaN,NaN,NaN,9.6061623444423,1.40992112887081,9.76856740654198,65.9434923627106,7.46911073495906,20.4729005375824,0.258411529064065,,1301.00193399663,30.0200004577637,204.720901755072,1.191108232,55.8580317046682,1.53484605132291,3.73742097525969,24.6584009424084,18.595166182751,NaN,NaN,NaN,NaN,11.839685926,2.06725149167541,8.54136490409168,223.722253457061,6.47060014131103,19.4461265935725,0.105749649016002,,1301.79933304125,30.0200004577637,204.165580324962,0,61.9517065992221,2.72452569296896,3.40811723880895,19.6289463480324,18.7075953513186,NaN,NaN,NaN,NaN,16.0797007948333,1.44056791559402,6.05986481795011,48.6006707434616,7.469935220923,13.0561140225069,0.39082391281594,,1300.96706317362,30.0228206646128,204.155509567956,1.42340286,58.8218263360638,1.18516143216765,3.07587640171193,20.8871088086483,17.9551218663134,NaN,NaN,NaN,NaN,13.3605679647478,1.86212996941623,8.05370713967532,292.653724429352,6.27063822601157,18.3979574467908,0.0687661041614354,,1299.07981407172,30.0182900632684,204.039590597616,1.57757123,60.2132984639561,1.27583595505839,3.51148862050844,15.2085109441418,17.4962594732016,NaN,NaN,NaN,NaN,8.70651410883333,1.73738232177013,10.4414502045535,529.887068166067,6.27086272814564,20.1453840185739,0.0275586558254812,,1299.67425379732,30.0226448685347,204.30382157778
8.25,1.177376242,23.0338724989089,1.69349219583796,3.29010107868045,28.7359005964128,97.6203540985026,NaN,NaN,NaN,NaN,10,2.20822455574335,10.5633689186719,120.442688902226,6.47053089725655,22.1067252000134,0.238592138956761,,1298.66697039382,30.0300006866455,204.303650857772,0,25.8780212404208,3.38405055084773,3.54127117433196,19.5492510194669,95.1086213115721,NaN,NaN,NaN,NaN,9.72144260116667,1.45959549203551,10.0455746672177,70.0775718690406,7.4692967453307,20.9896733265812,0.279549555423227,,1300.97099388423,30.0227847689567,204.814513315412,1.191108232,53.8270535211524,1.58534149530659,3.74493708087976,24.9732386429508,15.5971435965342,NaN,NaN,NaN,NaN,12.0401700201667,2.14476116338213,8.94699275337952,251.843834351002,6.47064108802509,20.1929254633228,0.0993491041863302,,1299.4519233168,30.0200004577637,204.211451342354,0,60.248070815191,2.80658811176741,3.39633546354978,20.5633539082754,16.1246847768301,NaN,NaN,NaN,NaN,15.9199648725,1.51126917419297,6.30747808560657,53.6433377351557,7.46993401413886,13.5015396569705,0.383585279871962,,1298.96144592584,30.0274685076126,204.232098095444,1.42340286,56.9918564722003,1.23437368516887,3.06348457096432,21.1192004929821,15.7231066260848,NaN,NaN,NaN,NaN,13.5448451363333,1.94102900589826,8.19556693595382,323.912718253509,6.27059889585077,18.6576493040052,0.0652474890304079,,1300.28164696115,30.0246397723367,204.084361482797,1.57757123,58.7372474731726,1.32021743758226,3.52323411715829,15.2742385911994,16.9653571933682,NaN,NaN,NaN,NaN,8.75916835216667,1.82831369382202,10.9551152139712,566.189983585496,6.27085539024641,21.1133237118144,0.0269946550638264,,1301.24784083907,30.0300006866455,204.344876608918
8.33333333333333,1.177376242,21.0598425364573,1.74945944034636,3.40608898473827,29.167356881352,96.1128600784204,NaN,NaN,NaN,NaN,10.8838630215,2.26191748014438,10.9877232146581,131.790393956656,6.47063558579565,22.9064726164521,0.221603946132717,,1300.75381313922,30.0259849709385,204.354522659103,0,23.9469803536156,3.48414327381877,3.5797796082906,20.1411406555576,97.6790440823789,NaN,NaN,NaN,NaN,10.512401656,1.5117358734283,10.3451528687737,76.2573051772501,7.46921583664907,21.5503459248322,0.264197454949651,,1301.09500969974,30.0300006866455,204.909356209533,1.191108232,52.8604165780508,1.63535279524568,3.75646439837482,25.3633061361359,18.3589825585974,NaN,NaN,NaN,NaN,12.0271066152364,2.21399388096674,9.33369486259043,271.031454883235,6.4706407857191,20.9083684328463,0.0936799709978537,,1302.24475847791,30.0200004577637,204.256885981674,0,58.3718074769503,2.89057145037762,3.45122843122326,21.0245815167957,16.3130144318128,NaN,NaN,NaN,NaN,16.1611417937353,1.55031993522221,6.52149059487708,58.1683134668678,7.46980698594874,13.8872166702125,0.361671223816158,,1300.32495695077,30.0225600881621,204.310609425727,1.42340286,55.1438730933303,1.28448943825347,3.05769632430009,21.1317989238275,17.8980974669579,NaN,NaN,NaN,NaN,13.1969518601667,1.9943361924609,8.4957195859191,351.32179315392,6.27057798796152,19.2081788912669,0.0601532066618596,,1300.68289984293,30.0291978495121,204.130146226099,1.57757123,57.0095225785943,1.36736121124687,3.51980524403437,15.4192815790955,16.6815266407489,NaN,NaN,NaN,NaN,8.66227642607782,1.88025578197524,11.2111080153701,580.724829886893,6.27086261891091,21.5972887333977,0.0265780361538411,,1301.41797137015,30.0296012968153,204.388707781574
8.41666666666667,1.177376242,19.3442233228719,1.8061601041677,3.29681852007967,29.6302236859969,96.9631621241307,NaN,NaN,NaN,NaN,10.8027946616667,2.31815289005732,11.2466095159213,143.274498833295,6.47059841810002,23.3969648575195,0.206910388793389,,1300.42112004711,30.0204020056375,204.406047396533,0,22.6597471198848,3.58544218774208,3.55178332276655,20.7705097679459,96.3560318050766,NaN,NaN,NaN,NaN,10.7386934001667,1.56206903889839,10.5864288568044,79.0472749841382,7.46930005154806,22.0035986956038,0.263015087237304,,1301.59076844046,30.0252786399073,205.005293354564,1.191108232,50.9130242933199,1.68704774387234,3.77224263896692,25.4403162457355,16.0525964510822,NaN,NaN,NaN,NaN,11.8844534094302,2.26597041594768,9.55022228196313,292.94930056493,6.47072165669537,21.3100207468269,0.086916249293827,,1299.95406973323,30.0200004577637,204.30408451048,0,56.6799799699306,2.97601176706237,3.41719348141405,21.5628726801983,16.8354097397661,NaN,NaN,NaN,NaN,16.2004617860981,1.59611408553887,6.68394390085443,62.9155485055056,7.46939637952962,14.1804301119629,0.342826707094415,,1299.34446355662,30.0228057883495,204.390754487765,1.42340286,53.687575823006,1.33504761035885,3.14619805819466,21.4916162487453,15.5235285715415,NaN,NaN,NaN,NaN,15.1562277910932,2.05334730464494,8.84279853721049,365.100663584121,6.27064265513105,19.8470472069396,0.0588869838106878,,1299.68269504544,30.0298335992487,204.17671271334,1.57757123,54.652021017853,1.41582808932955,3.50132813562624,15.3841130491677,15.5015715841428,NaN,NaN,NaN,NaN,9.39158962325552,1.9252758028801,11.5254700822779,601.010881251717,6.27081541755478,22.1943595734242,0.0256158272701687,,1298.89027734148,30.0278509373919,204.433877813396
8.5,1.177376242,17.3947295952754,1.8625613163058,3.3516114681549,29.8235217434846,96.1993028720082,NaN,NaN,NaN,NaN,9.60466670783333,2.36879769060243,11.6245424466322,161.414511808728,6.47055343764814,24.1157136430501,0.185169062424517,,1301.12847868705,30.0271595688606,204.457493345479,0,20.0539524387137,3.68836946205002,3.58119600011358,21.080230011955,95.5532231904432,NaN,NaN,NaN,NaN,9.84216448016667,1.59981472891475,11.0021376575553,90.7494019852315,7.46909051874709,22.7872858283266,0.232430334073503,,1299.44274443059,30.0200004577637,205.103034050549,1.191108232,48.8723147264676,1.74010495849718,3.77604615265336,25.3347132827783,16.4056395450973,NaN,NaN,NaN,NaN,12.0087118136667,2.31463768494078,9.84329798808798,320.212288082196,6.4707028174729,21.8555719983041,0.079188404884283,,1299.81984810623,30.0218177836014,204.352650460438,0,54.8861718023329,3.06343650538947,3.47388803118674,22.0718834838172,16.4883805866845,NaN,NaN,NaN,NaN,16.1599696038333,1.64043984658152,6.79027760358862,68.7913856013987,7.46951510431784,14.3726783576284,0.321001813089934,,1299.71763866329,30.024015474398,204.472754130961,1.42340286,51.2527443114941,1.3885315583259,3.10660002562625,21.3839270521346,15.8508270880269,NaN,NaN,NaN,NaN,14.6494870097472,2.10517788408148,9.20225969237639,395.120801125765,6.27060238900818,20.5111162351889,0.0541541620642315,,1299.60344826896,30.0209433535437,204.225922302544,1.57757123,52.977159471572,1.46449991426967,3.56167949213985,15.3921343750481,16.3216986604106,NaN,NaN,NaN,NaN,9.22710224016667,1.98585070321596,11.8116273038154,625.48090690114,6.2706773608304,22.7402489255693,0.0246136756704566,,1300.01425569906,30.0200004577637,204.479448279071
8.58333333333333,1.177376242,16.1986169935429,1.92110352181193,3.3039546288015,30.3603445350605,97.7312716219127,NaN,NaN,NaN,NaN,9.7133329675,2.43520616400666,12.0257300107942,173.837306607786,6.47061530899283,24.8821238078802,0.174755936192179,,1300.18360904627,30.0300006866455,204.510966430271,0,17.7987693300945,3.79453321745307,3.55614296922676,21.3187977568324,96.280189216472,NaN,NaN,NaN,NaN,9.50568937233333,1.63313720016868,11.1269885798259,102.179719800022,7.46913443025485,23.0235165417082,0.209005510046758,,1300.3964973047,30.0200004577637,205.203781919081,1.191108232,46.9276957114651,1.7939336407251,3.78619704828195,25.2817985887621,16.1208428934191,NaN,NaN,NaN,NaN,12.0980172561667,2.36768791350588,10.2395270487946,346.211498437343,6.47063876164533,22.5957390394283,0.0730873803135177,,1300.91919008276,30.0291987718018,204.402182631991,0,53.0978301834953,3.15170483050768,3.43825951899397,22.545048161315,17.1604771933454,NaN,NaN,NaN,NaN,16.2416592953687,1.68583229827938,7.07133025844371,76.3659622663323,7.46917970595169,14.8813242598662,0.295418231163051,,1300.97481439183,30.0225372065089,204.555681624854,1.42340286,49.1871123736754,1.44164790300337,3.11814879054101,21.3423690156878,15.8914122945549,NaN,NaN,NaN,NaN,13.3460627904611,2.16597688119883,9.58038571467691,424.942959252478,6.27064157145329,21.2123216093796,0.050240217473446,,1299.60394624809,30.0230618097621,204.275068123935,1.57757123,51.0691289109278,1.51520242480445,3.55823013605705,15.2615445705837,17.3559572526562,NaN,NaN,NaN,NaN,8.83055968375754,2.04442961411573,12.1294161352965,652.833173680547,6.27070943023853,23.3489016235109,0.0233833288896971,,1301.23761212311,30.0208031143646,204.527116937504
8.66666666666667,1.177376242,15.0949715648476,1.97979785033033,3.39451136798964,30.8592091177106,97.4892694303748,NaN,NaN,NaN,NaN,9.91980114716667,2.49217531906981,12.3004372477715,182.5746598963,6.47061312381975,25.4100653009544,0.169114232620994,,1300.20658595622,30.0300006866455,204.564828877037,0,16.5268660696489,3.90174655750405,3.54750325793557,21.7938269722766,97.449521908726,NaN,NaN,NaN,NaN,9.95991743333333,1.67343991882863,11.4385845685571,104.886001201471,7.46918002337967,23.6147429111342,0.207880069685403,,1300.21991463994,30.0200004577637,205.3058147666,1.191108232,45.1994291297862,1.84813101549101,3.76058245356004,25.166073515276,17.2472460457114,NaN,NaN,NaN,NaN,12.358132529,2.42211329151355,10.5875752094885,374.329701939675,6.47063914576845,23.248938332437,0.0672843552051426,,1300.69824169186,30.0206284970878,204.452216370915,0,51.3861952866095,3.24263237294881,3.45399923333777,22.9846342685392,15.7558751539907,NaN,NaN,NaN,NaN,16.3606513137979,1.72779354738937,7.21894254240446,83.8063262233165,7.46961772450091,15.1491347954771,0.274588715941032,,1299.45778755942,30.0218837808802,204.641255689789,1.42340286,47.1012384095543,1.4999544612423,3.1906452183883,21.2385637811562,16.1174590228942,NaN,NaN,NaN,NaN,13.3676677208651,2.22016648317995,9.8774139392349,453.057000835022,6.27056098084879,21.765350016809,0.0468922698250169,,1299.2524108944,30.0208174533031,204.32943643702,1.57757123,49.1958557778322,1.56698903128407,3.51698695955338,15.2914465859966,14.8996954015702,NaN,NaN,NaN,NaN,8.53116714981159,2.09722066758635,12.5033176100684,669.781268448369,6.27077713147976,24.0692652799231,0.0228496270856267,,1301.68389734494,30.0200004577637,204.575928776722
8.75,1.177376242,12.6324184454925,2.03943985848694,3.36841441543079,30.5605562520507,95.059359288865,NaN,NaN,NaN,NaN,9.89654388033333,2.53792889787435,12.9935008385201,215.174419491644,6.47053129896858,26.7495596769026,0.142467891901825,,1299.70106649124,30.02173856937,204.619426963246,0,14.5265526220056,4.00915110754838,3.5889164449304,22.1778434245667,95.0621641230822,NaN,NaN,NaN,NaN,9.66258683116667,1.72159477176063,11.895633875928,118.803118554926,7.46921253208384,24.4864338050636,0.186928955615207,,1298.81254379271,30.0200004577637,205.408078243174,1.191108232,43.8674929737333,1.90325420080539,3.74500167645309,25.2197613899225,16.5211241569656,NaN,NaN,NaN,NaN,12.027810265,2.47981262210939,10.8569672614434,396.310202981042,6.4705168007799,23.7565253057378,0.0636736469902829,,1298.90832470818,30.0200004577637,204.503247700823,0,49.5907596570611,3.33411454030336,3.45693385903118,23.4155115201816,17.7326807491137,NaN,NaN,NaN,NaN,16.1606467518333,1.77335216574258,7.42700077720111,93.0828840867259,7.46957790062762,15.5269787075495,0.251623332973948,,1299.07283172296,30.0200004577637,204.727559575139,1.42340286,44.7926314807575,1.55858596940276,3.18076167432859,21.0795197230285,15.4069456266866,NaN,NaN,NaN,NaN,13.0686749278938,2.27808354106769,10.1181451546089,483.598886130377,6.27052030971542,22.2149764659301,0.0436200603483311,,1299.77010687564,30.0284455138596,204.384333836703,1.57757123,46.9258262848971,1.62084627137497,3.57845784892609,15.0907883099201,16.6143196859678,NaN,NaN,NaN,NaN,8.88179347658968,2.15382257162583,12.7435813799687,697.321940785119,6.27067764660721,24.5326406892314,0.0216481500320595,,1300.8199438479,30.0200004577637,204.626898094126
8.83333333333333,1.177376242,11.004087590342,2.10007051611867,3.32651005064782,30.6283823756176,97.8254289498964,NaN,NaN,NaN,NaN,9.62220597,2.59815280324873,13.0639788339493,239.762717069973,6.47055907908468,26.8868131222283,0.127749468242242,,1300.77593033427,30.0200004577637,204.675449631085,0,11.7426991892056,4.11972884469424,3.5655282404085,22.1245894423562,95.5332138018805,NaN,NaN,NaN,NaN,9.41485832158444,1.74479808409652,12.0272819455231,138.295282260262,7.46877862653354,24.7384770657981,0.160358874282809,,1299.47944111985,30.0200004577637,205.513526524004,1.191108232,41.5927185180646,1.95978470623338,3.77477510522449,24.7559679923541,16.8137843232033,NaN,NaN,NaN,NaN,12.2559333560065,2.52291814522356,11.0327853795494,430.383116468581,6.47054918136703,24.0885592554508,0.0575847147006884,,1300.01827683313,30.0200004577637,204.555817520126,0,47.9651852754704,3.42580439150813,3.47896570589984,23.8729920315334,16.253485756788,NaN,NaN,NaN,NaN,16.1207405698333,1.82063681915516,7.57006350709202,101.825834517128,7.4694404011028,15.7872897331972,0.234670507853844,,1299.66454990483,30.0200004577637,204.813911197118,1.42340286,43.0622966186876,1.61830499928705,3.25280214546404,20.9237996582904,16.8637038299966,NaN,NaN,NaN,NaN,13.3729653388378,2.33776675442264,10.4209290160888,512.614722727181,6.27056371659085,22.782214059431,0.0408227840734556,,1299.6953386434,30.0300006866455,204.440448362003,1.57757123,45.1626078536052,1.67544782182784,3.53261186245914,14.8187924486341,16.5931260924951,NaN,NaN,NaN,NaN,8.99132567952551,2.21370025131299,13.0273433398437,727.625247906862,6.27067626952853,25.0840415854463,0.0203685819553584,,1300.20219872083,30.0235619622415,204.67879409703
8.91666666666667,1.177376242,9.21602709753495,2.16037106117526,3.26293788192152,30.5516947870796,96.835398587526,NaN,NaN,NaN,NaN,9.87961719666666,2.65663467009566,13.7093430835893,268.021997236029,6.47051857451725,28.1485775345416,0.11418549485247,,1301.46504165164,30.0200004577637,204.73112757215,0,9.64862303008795,4.23133942169889,3.52786572464811,22.382736314319,95.2960961585317,NaN,NaN,NaN,NaN,9.87793898941556,1.78168748136193,12.3874077870686,149.484239463558,7.46917366636661,25.4302885617455,0.150185350324431,,1298.46320920981,30.0200004577637,205.620126486204,1.191108232,40.314994365757,2.0167130063323,3.84207602428478,24.679044721265,16.8396708826634,NaN,NaN,NaN,NaN,12.181570483405,2.58196035234483,11.4817527952503,454.61971877003,6.47064344977466,24.9405776040102,0.0543200654559869,,1299.17491673393,30.0204030309043,204.608812946107,0,46.1024931531212,3.51982630360148,3.44248876305669,24.1960684443011,16.797430793791,NaN,NaN,NaN,NaN,16.1639634686331,1.86213051587343,7.82635066527258,112.77681179107,7.46948561489876,16.2544735949795,0.214714164680372,,1300.34713572664,30.0200004577637,204.902763139037,1.42340286,41.0664752855377,1.67645928913313,3.17351969948375,20.8046275082649,16.4481577254183,NaN,NaN,NaN,NaN,13.9567899094351,2.41035192981749,10.8292432211653,543.120625803733,6.27059623813367,23.5504121048369,0.0383179358816871,,1299.41105843358,30.0291958124405,204.495209822903,1.57757123,42.8927168922256,1.73278544206516,3.62438476638462,14.7814701706291,15.6187141102933,NaN,NaN,NaN,NaN,8.84209476798234,2.27101311843492,13.6160320780313,745.19637971923,6.27050815743947,26.2331869042455,0.0198473331391994,,1300.26835983189,30.0287961991609,204.73339977469
9,1.177376242,7.11039115399538,2.21636085974859,3.38036414041248,29.7932795571918,98.92985443,NaN,NaN,NaN,NaN,10,2.71417608079379,13.8108050889389,318.759632287313,6.47069089278208,28.3482461815857,0.0944732168382364,,1299.45763728877,30.0194816497144,204.782804672942,0,13.1462085029139,4.32391123718665,3.54422778676188,23.4265099361929,118.753369506595,NaN,NaN,NaN,NaN,9.75960184616667,1.78935987912176,12.2359228056625,97.9498287362139,7.47009433210128,25.1389068870357,0.306488220104996,,1299.23036513764,30.0033385552884,205.708322032037,1.191108232,38.3459603132755,2.07437605818951,3.78168314665379,24.3115000701291,15.1525919220921,NaN,NaN,NaN,NaN,11.8832335517551,2.63070624362493,11.7102750344405,484.822217784568,6.47059814942554,25.3754832602653,0.0501804379891504,,1300.17019571943,30.0203994983151,204.662834270418,0,44.5712395789397,3.61382279090859,3.49359598272802,24.6086376924816,16.9075357938657,NaN,NaN,NaN,NaN,16.8387808423669,1.90929512054577,8.16487556974045,123.339824688202,7.46944969615036,16.8734074702144,0.19964808356217,,1299.71979298642,30.0200004577637,204.991610386314,1.42340286,38.8567024718648,1.73573182883935,3.10001785343587,20.4267719688992,15.5111970916822,NaN,NaN,NaN,NaN,13.6607374713331,2.46740151248083,11.0893129347438,577.376541293232,6.27053156112363,24.0418110332495,0.0353934373990237,,1299.71878622484,30.0287975434484,204.551019604757,1.57757123,40.6922660548441,1.79044002417403,3.51883307410153,14.4313488062358,15.6168039606269,NaN,NaN,NaN,NaN,8.81281689570682,2.32562221367734,13.8151357685196,774.010614886155,6.2706124979283,26.624899683682,0.0186510125598055,,1302.3565114987,30.022498908114,204.788603361039
9.08333333333333,1.177376242,18.9002827409645,2.25130603019722,3.39255176053017,33.2378477007546,134.984492140306,NaN,NaN,NaN,NaN,10.080074529,2.60986383329475,13.7504072233507,147.161513413623,6.47098836100645,28.2291651466337,0.300904442031987,,1302.41287521603,29.9822918125027,204.813777360685,0,23.1148518080328,4.38602137260675,3.5412080352489,24.7502950022156,113.027469496288,NaN,NaN,NaN,NaN,9.43835724916667,1.79417443178776,12.1877637743822,29.5239912349433,7.47084620150655,25.0462688767446,0.854828261816052,,1300.33458635014,29.9687295335155,205.765495090866,1.191108232,35.7671932676667,2.13171789019027,3.82304284922682,23.5737144735014,14.9682049039223,NaN,NaN,NaN,NaN,12.5650414634361,2.67800725604628,11.9097244505982,527.210666697473,6.47063987061623,25.7566939536256,0.0447387619324234,,1299.26764039691,30.0231626177431,204.716612356859,0,42.8480167285817,3.70933409792705,3.42394013265859,24.8928371248745,16.245333360776,NaN,NaN,NaN,NaN,16.1099096051667,1.95004554945254,8.26716957832062,135.262993291327,7.46930458841269,17.0607482503226,0.184132415953451,,1301.83906465969,30.0200004577637,205.081911801668,1.42340286,36.4214990502544,1.79698409844026,3.22758201029344,19.8222377965926,15.9175573404331,NaN,NaN,NaN,NaN,13.1429903722954,2.5212472613785,11.4306946294833,616.979861996392,6.27056194545559,24.6899369670465,0.032147984849408,,1299.92548253357,30.0285323074827,204.609086847044,1.57757123,39.0714557392497,1.84961283813055,3.60677594252859,14.0912071369999,16.6962549343697,NaN,NaN,NaN,NaN,8.62500007162652,2.39157523734626,14.1688765840844,804.970361079076,6.27052107149205,27.3231345380094,0.0175068884662802,,1299.5926146251,30.0200004577637,204.84529417917
9.16666666666667,1.177376242,30.6553820243124,2.27461862308827,3.27266407353113,32.3991032963792,108.808565941038,NaN,NaN,NaN,NaN,10,2.37735883811509,13.5024107105458,60.0369823448261,6.47119833281817,27.7424582987395,0.546036048322025,,1300.5054285251,29.9438497485366,204.831652901534,0,26.8831053785161,4.42972966153431,3.58351342666219,24.6226646870056,105.249362251888,NaN,NaN,NaN,NaN,9.79862486433333,1.80110723951902,12.1637595028514,40.6968209065253,7.47112185821768,25.0001738536912,0.607261311831079,,1300.58210966263,29.9519919445435,205.804023382761,1.191108232,35.6236261033017,2.1792440791206,3.87872680136979,22.8851014892756,32.396642309452,NaN,NaN,NaN,NaN,11.9568971372306,2.71278291705872,12.1077571343319,562.750396722834,6.4709116540032,26.1361069864959,0.0407075496290299,,1299.65079822644,30.0187285237621,204.761023056359,0,40.8626591243728,3.80526095096358,3.495842982666,25.1192982677915,17.637410784764,NaN,NaN,NaN,NaN,16.4120027611501,1.99353949270888,8.43725136117284,151.287705452472,7.46938942074657,17.3727120763064,0.166147975804445,,1301.16658513234,30.0200004577637,205.172898606564,1.42340286,34.6308862669084,1.85767564911416,3.15290499323729,19.3823143019508,16.3737865548536,NaN,NaN,NaN,NaN,13.3415435917048,2.58943323517212,12.02094806287,654.00698451588,6.27048345993869,25.8160797592867,0.0296687708175835,,1300.58411843787,30.0256338432504,204.666618484545,1.57757123,36.3402128095881,1.90993645906181,3.60748431099194,13.7643504287256,15.1470806295743,NaN,NaN,NaN,NaN,8.71852527166667,2.43646403767716,14.45004099061,827.443176203278,6.27070024931053,27.8823494266443,0.0166448901681182,,1299.40859632861,30.0200004577637,204.903321503929
9.25,1.177376242,30.0732081302141,2.29819427552264,3.24966391061624,29.5687091492362,96.9990357024077,NaN,NaN,NaN,NaN,9.92001580916667,2.21732740603264,13.5904425401089,85.2209844002181,6.47084309585142,27.9150795207832,0.349069233299371,,1299.76014664838,29.9440134402353,204.849877284048,0,28.713350681571,4.46410125328744,3.48872467810027,24.6097283933897,101.863882017674,NaN,NaN,NaN,NaN,9.63581030017539,1.80139829127668,12.203591113033,41.8307513321266,7.4714177030717,25.0768714834406,0.589475843415773,,1297.99331213681,29.9507017313063,205.833054649788,1.191108232,50.8743582926203,2.21068839406304,3.81845784715275,24.5535412004399,48.1225626527044,NaN,NaN,NaN,NaN,12.1592785284067,2.48305591086955,11.9605032937462,419.254550907612,6.47080807138709,25.8537733242854,0.0597209035639524,,1299.82314788295,29.9664728089709,204.789174462167,0,39.9430446476868,3.89808246097459,3.53099844463303,25.4384671667015,20.1923552707381,NaN,NaN,NaN,NaN,16.2407394535166,2.03797512274384,8.64569822693837,162.769470670609,7.46985397521468,17.7558470954253,0.156426101767655,,1301.69215703152,30.0197940204638,205.260823601946,1.42340286,32.3460254672031,1.9171549794332,3.19514947679473,17.7084011149339,13.9646144424739,NaN,NaN,NaN,NaN,13.6052988316184,2.66071916823346,12.1199619446548,733.401648390016,6.27057595063693,26.0059926788965,0.024216259590001,,1300.24651576425,30.0233836581606,204.723467043603,1.57757123,34.4040353473162,1.9691211656283,3.5271384358477,13.2770205453425,16.3238457850026,NaN,NaN,NaN,NaN,8.87957839283333,2.50639253071053,14.9327209252081,861.430938208262,6.27040887053517,28.8460914504589,0.015414610726923,,1300.65492999265,30.021612285703,204.960331596872
9.33333333333333,1.177376242,30.1362607918732,2.32116780222075,3.40278319694439,28.7869196590919,101.724224357901,NaN,NaN,NaN,NaN,9.71828464016666,2.16345967665726,13.6568682365142,87.1965609719324,6.4710001856831,28.0455374064974,0.330762425664266,,1300.79200078382,29.9567786645169,204.867668272849,0,29.7462952335409,4.49343180661919,3.65870464989621,24.7178653584511,102.34709004356,NaN,NaN,NaN,NaN,9.80116012832461,1.8100551789833,11.9672846634594,41.9972179723977,7.47128432058467,24.6235626859831,0.59006870558556,,1302.59154573295,29.9588204594162,205.856950643419,1.191108232,57.4953031188675,2.23727781512561,3.69542345428297,24.1789564196854,24.3640714524067,NaN,NaN,NaN,NaN,12.2624317437302,2.25274291351701,11.9325005293604,337.413236885657,6.47079925806471,25.8001677461895,0.0717258923536483,,1300.77794719447,29.9405451835134,204.811520865991,0,46.8402754646596,3.96574586496729,3.46441879160891,25.5377635018507,39.6089874945213,NaN,NaN,NaN,NaN,16.1763208363333,2.00578965383521,8.61726570879216,137.950420106853,7.47083704179107,17.7035349514102,0.187316985219747,,1298.66549830981,29.9942709105812,205.324247758594,1.42340286,28.2445986114206,1.97025936849285,3.21659913216809,15.7615937692632,16.4782634403838,NaN,NaN,NaN,NaN,13.656044345261,2.74546577960639,12.519442229826,821.577265261746,6.27071775709607,26.7748066965363,0.0192132751838855,,1299.67210925357,30.0298762178354,204.774314163337,1.57757123,31.8140780011393,2.03155065213074,3.64168008709143,12.857887924158,12.9230636912482,NaN,NaN,NaN,NaN,8.91988805166666,2.57422306143219,15.1378832350689,890.53518521012,6.27053451494122,29.2586004335812,0.014448715336322,,1300.99525100421,30.0293297073367,205.020706067173
9.41666666666667,1.177376242,31.2265316764068,2.34107789973399,3.35958174518248,28.5473184085561,102.05345423951,NaN,NaN,NaN,NaN,10,2.13801067417497,13.9306020300157,82.1770956227996,6.47091990957201,28.584741187634,0.347462887429331,,1298.96028187723,29.9687325216339,204.882284765572,0,30.7110759887731,4.52085494709386,3.46568181208058,24.7219180737484,101.834358245832,NaN,NaN,NaN,NaN,10,1.80676011398675,12.0315336236514,39.6239647329645,7.47174683396607,24.746581210496,0.624843858394432,,1297.44793255101,29.9698618367028,205.879017928328,1.191108232,56.9444747504406,2.26372699529684,3.68583955245884,22.6230828988328,16.9589033207899,NaN,NaN,NaN,NaN,12.1978121893631,2.13781443490452,12.0816819241518,350.15902033387,6.47083929714224,26.0860527652948,0.0647112421521644,,1299.12291275296,29.9479588750568,204.833814591034,0,54.2747350269302,4.0079814208851,3.45741770461002,25.8532898663886,29.486881165312,NaN,NaN,NaN,NaN,16.6394288943496,1.98662676749842,8.52549050362741,109.781960230935,7.47150725026359,17.534800041368,0.235657969886385,,1298.65813209172,29.9623871295799,205.36170415944,1.42340286,38.2847428427277,2.01029983673559,3.19746714792073,16.8948963207919,52.2954516564315,NaN,NaN,NaN,NaN,13.3714186016205,2.63253310772845,12.5042108722165,753.592268956215,6.27079990395179,26.7455074323125,0.022704356618475,,1299.92442788739,29.9950233578008,204.81215229626,1.57757123,28.9676296934915,2.08326250828566,3.56913526090363,12.0722478392593,22.1202338563701,NaN,NaN,NaN,NaN,8.83894479016667,2.66215556919113,15.448646396687,935.066030965411,6.27091708145945,29.8862039736775,0.0129124661697725,,1299.84306362107,30.0270872442386,205.070898956277
9.5,1.177376242,31.5423536356258,2.36239459763594,3.26920086965247,28.1162915095228,99.6157642604435,NaN,NaN,NaN,NaN,9.99956884966667,2.10467498438155,13.6883067243339,81.0708455356877,6.47095960423624,28.1073250519601,0.346893571033558,,1300.52756658644,29.9794947146645,204.898292539425,0,31.3562602491674,4.54541591504611,3.61854056973749,24.7062395574324,100.896582213486,NaN,NaN,NaN,NaN,9.69984266380375,1.80722358054984,12.1003196650872,40.4008608230936,7.47186143040066,24.8784520269945,0.611789965773299,,1299.97188867683,29.9782215948883,205.898110333805,1.191108232,56.1252185319117,2.28889386776828,3.67363475891125,21.7823681576005,19.9725214548358,NaN,NaN,NaN,NaN,12.7855861205841,2.09160946381197,12.327762976757,365.788802749353,6.47097222750185,26.558852197108,0.0596018436843011,,1299.72527139632,29.9621296041719,204.854812533558,0,57.1101843413474,4.03659860126148,3.42354401001469,25.8570469777203,22.5932725802441,NaN,NaN,NaN,NaN,16.6697407196504,1.98002202809832,8.48789325893017,106.04952764859,7.47179181395145,17.4657054809309,0.243838710054415,,1302.09765192454,29.9500007629395,205.385252728199,1.42340286,50.6399333390903,2.0510657871406,3.16160972499794,19.2003352095117,32.2435180946865,NaN,NaN,NaN,NaN,13.7557776868076,2.29242909755654,12.3317698699777,564.276556495776,6.27095957236067,26.4128753464383,0.0341357330988804,,1300.23859143248,29.9486941270716,204.850037252678,1.57757123,42.1633566858908,2.12413049722934,3.56433165896263,13.5346058966207,55.2349621073655,NaN,NaN,NaN,NaN,9.24677756458978,2.47221829447854,15.4665771673799,840.400643587749,6.27089742068572,29.9230904783994,0.016299969962445,,1298.96505774015,29.9842448808805,205.109804906682
9.58333333333333,1.177376242,31.8484845597709,2.38335528216043,3.19548977974847,27.9604806901628,101.385119673036,NaN,NaN,NaN,NaN,9.79945278116667,2.04737633878238,13.9624909021818,80.6421894862424,6.47097964384059,28.6472017219174,0.343900858639928,"Sample 1.50 mL to AMBR-96DWP-1/F1",1301.8662344597,29.9836107174901,204.0980131919,0,32.1861174113581,4.56657062368606,3.24962730945882,25.01673771742,101.487476451845,NaN,NaN,NaN,NaN,9.88375899369625,1.78716683612842,12.3621873980041,38.4427156873956,7.47191960622066,25.3818986165061,0.631639631975031,"Sample 1.50 mL to AMBR-96DWP-1/F2",1300.18545982095,29.9799995422363,205.120635074054,1.191108232,56.3387295179037,2.31230942103858,3.46515496993652,21.7145971102205,19.7590815815195,NaN,NaN,NaN,NaN,12.0786014252898,2.02834532327143,12.2864262572489,366.753306570768,6.47106727446953,26.4793329891758,0.0590680047064782,"Sample 1.50 mL to AMBR-96DWP-1/F3",1300.43035639439,29.9699993133545,204.101919358326,0,57.8818655996127,4.05609876921189,3.17964148462449,25.7301812490006,21.8577561802352,NaN,NaN,NaN,NaN,16.6430136821667,1.92866311561839,8.51241820288121,109.59812021938,7.47259644244076,17.5107573092753,0.233986150523725,"Sample 1.50 mL to AMBR-96DWP-1/F4",1299.40652876648,29.9500007629395,204.658437533289,1.42340286,52.4768728803161,2.08134171982984,2.98351621074296,18.9351684442884,20.1500137802248,NaN,NaN,NaN,NaN,13.6028435345257,2.09302210718558,12.5908080900119,523.06347569982,6.2712112512986,26.9124239728437,0.0359957388880993,"Sample 1.50 mL to AMBR-96DWP-1/F5",1300.17917176828,29.9375903766481,204.158193841744,1.57757123,53.0583783632193,2.16251913074948,3.24015150346749,15.7255123894489,29.6418797813518,NaN,NaN,NaN,NaN,9.11494398907689,2.08994425888771,15.1509629402909,666.484791361215,6.27107188826427,29.2847575523211,0.0235795577486595,"Sample 1.50 mL to AMBR-96DWP-1/F6",1300.18619396318,29.9468089656677,204.491234113176
9.66666666666667,1.177376242,33.2252650465678,2.40272452484368,3.31934204792315,27.8796868416515,102.778949379151,NaN,NaN,NaN,NaN,9.79928261766666,2.04020179029494,14.0542959785162,79.3582296227151,6.47122245154313,28.8285244062704,0.342842897731796,,1300.87085141328,29.9886071550961,203.134232238068,0,33.0196118110841,4.58600463198989,3.50219735710346,25.0546443930392,102.147121037984,NaN,NaN,NaN,NaN,9.61443527646044,1.7891938510804,12.2470344541017,40.1274355030287,7.47202550159442,25.1601631843891,0.564864394259761,,1298.59062099991,29.9881403304899,204.134214279472,1.191108232,56.9125790979906,2.33377297349271,3.69342187056539,21.5885058900089,21.6911069543106,NaN,NaN,NaN,NaN,12.3220531816261,2.02020714087592,12.2449647619593,368.482728328917,6.47091937978082,26.399647822159,0.0580467841667035,,1301.1008168297,29.9789170057696,203.097627064481,0,59.5049288165857,4.06898124316048,3.4456476453831,25.8455053869355,23.5143679802803,NaN,NaN,NaN,NaN,16.3218694203333,1.94525616551475,8.61798363547403,110.643157320712,7.47096684350273,17.7048669991642,0.23063557995087,,1298.83989505021,29.9648386034007,203.613593158162,1.42340286,53.1216287194363,2.10813968395588,3.09712137387595,18.7605792931658,22.0529014390633,NaN,NaN,NaN,NaN,13.6394286677973,2.06161557642612,12.6810609192069,526.175194153624,6.2712006026187,27.0871354062924,0.0347928184641918,,1299.07632522217,29.9503549594631,203.106417897308,1.57757123,55.4931302369715,2.1907056143776,3.53616176536093,15.7843195484138,22.3295744332969,NaN,NaN,NaN,NaN,10.3326677919492,1.95011613509715,15.5666523733678,639.578689791535,6.27076188645368,30.1260701921929,0.024301103906093,,1298.81405217645,29.9403289976154,203.377097331609
9.75,1.177376242,33.3080302834967,2.42005771070962,3.18263215193167,27.444481141551,99.5675996627688,NaN,NaN,NaN,NaN,9.79958022383333,2.02978102778183,14.1875657710988,76.8275706094658,6.47112038322146,29.0922938744715,0.357636929087515,,1300.5525698571,29.9953573533174,203.146352660901,0,33.5335809946528,4.60217253568377,3.52573068343972,24.9225613013696,99.7611558525003,NaN,NaN,NaN,NaN,9.7179821013729,1.80441766992538,12.0550330674461,38.3371298389679,7.47203644029211,24.7915458141426,0.650456368904167,,1299.53044498996,29.9899997711182,204.145011551499,1.191108232,57.6337972422615,2.35495138740611,3.71734558267542,21.0978931870173,21.6351006787087,NaN,NaN,NaN,NaN,12.2015524705,2.03020141171322,12.3003770888749,379.030275596063,6.47099954690962,26.5067253428779,0.0556893208730777,,1301.06260748732,29.9899997711182,203.11471658497,0,60.2275745740389,4.08648012761576,3.42157587399684,25.7057837043386,20.1285996638385,NaN,NaN,NaN,NaN,16.0401365835,1.96056358982729,8.49762597487589,111.233464869904,7.47123020510655,17.4835995054272,0.231121515520772,,1301.30934548333,29.9779845744084,203.625870196384,1.42340286,53.3293804108816,2.12896783305401,3.1210116127321,18.4533938985116,20.2690348596177,NaN,NaN,NaN,NaN,13.6851502083694,2.08166642094523,12.7991770527005,527.160514096873,6.27143088553088,27.3154739046483,0.0350079280713704,,1298.91748905909,29.9679468011173,203.123873180365,1.57757123,55.5528099230709,2.21353014933797,3.53381728041091,15.4491389693922,19.3856158750917,NaN,NaN,NaN,NaN,10.1179909145508,1.94737725228546,15.4821524997967,614.583608866914,6.27085094962359,29.9541861205566,0.0251499077702147,,1300.85464264712,29.955512577746,203.397135140049
9.83333333333333,1.177376242,33.5800079199037,2.43629144296255,3.20526081381055,27.4438441534237,100.497482423695,NaN,NaN,NaN,NaN,9.83950787933333,2.02816885647751,14.2045599029061,75.4517419695209,6.47127007053918,29.1258361775719,0.363739985859129,,1300.10969840857,30,203.157264106196,0,33.492067426547,4.61722395889866,3.53487731132588,24.8999239670896,100.531585908991,NaN,NaN,NaN,NaN,9.99583587083333,1.8045886939647,12.077115915352,39.8360554533215,7.47194975374068,24.8339378557523,0.626396081062711,,1299.96156510389,29.9944430407826,204.154598470405,1.191108232,58.0897514281147,2.3742866075148,3.6614280262023,21.1271570864563,20.5449115536187,NaN,NaN,NaN,NaN,12.2293236717049,2.02789596112766,12.4891543277557,376.090121254583,6.47108025330232,26.8697966874174,0.0561933710719494,,1299.40412104748,29.9971901612577,203.129940361239,0,60.3540887366982,4.10406412728455,3.4441214609595,25.5587809289924,20.337228442099,NaN,NaN,NaN,NaN,16.8050842482478,1.95489153484107,8.62367171077248,115.047589351192,7.47140161966388,17.7153440976341,0.222173716281459,,1299.82270684591,29.9804019400146,203.638357491873,1.42340286,53.9759925220991,2.14716797436953,3.13208741687156,18.7292643925269,20.488719424425,NaN,NaN,NaN,NaN,14.0448512206657,2.08858914407881,12.8781070475564,517.255677434922,6.27121500763124,27.4686512959578,0.0362110086984072,,1299.56142602231,29.9762990156333,203.138640289118,1.57757123,55.3391408294619,2.23259409813518,3.50704111639957,15.3022539717905,20.5791664819014,NaN,NaN,NaN,NaN,8.86360357097116,1.9551580748097,15.5798522951033,624.28313160175,6.27086709519795,30.1527224486031,0.0245119387956072,,1300.58339944409,29.969088938695,203.412990977658
9.91666666666667,1.177376242,33.683281043856,2.45108816717151,3.15766609605736,27.4275636461728,99.9701993275031,NaN,NaN,NaN,NaN,9.8392396275,2.02703364885777,14.2755164805304,75.7221558373455,6.47145372351446,29.2671025104383,0.362263551765033,,1299.85604464208,30,203.166725983496,0,33.8303137420693,4.63206832607143,3.45122157647883,25.015846742151,100.71108918243,NaN,NaN,NaN,NaN,9.68175882016667,1.80945337422665,12.2766532242545,37.4190706420415,7.47234721619578,25.2171953113418,0.668636610815348,,1300.61163971049,30,204.163989622734,1.191108232,58.1433262891226,2.39120325914554,3.69410280548968,21.0692393380705,19.7426288016461,NaN,NaN,NaN,NaN,12.6138557842951,2.02832532854163,12.5824106628115,379.008427328182,6.47099965272011,27.0499523830342,0.0556212308829016,,1300.55535344024,30,203.142871676247,0,60.4819169012799,4.119401958852,3.40602708667364,25.386043582292,20.6842085888694,NaN,NaN,NaN,NaN,16.5476504274189,1.94707071523229,8.50120397517324,118.767478377971,7.47132073010541,17.490153093697,0.213769618473255,,1301.009411649,29.9866939565608,203.648541271951,1.42340286,54.1107948202381,2.16290751543858,3.1058124696666,18.7142323734045,21.0930179773328,NaN,NaN,NaN,NaN,13.6983535935619,2.08862083089782,12.7507630762158,518.258007581547,6.27137170483029,27.2217296728546,0.0361228589052716,,1300.19189123785,29.9834481439834,203.150766837946,1.57757123,55.8739843897283,2.24924027246351,3.48310885373148,15.6307506941507,20.7662121145111,NaN,NaN,NaN,NaN,8.91449935570036,1.96156765418279,15.7425303481321,610.561180522714,6.27109802011204,30.48315244143,0.0256136128387993,,1300.10355077861,29.9794320040832,203.426625234515
10,1.177376242,33.7770511383298,2.46146303237545,3.18218806643659,27.6434471905414,100.448147357788,NaN,NaN,NaN,NaN,10,2.04343806417823,14.4440714078098,76.0625209941172,6.47112034276727,29.6015559344244,0.363463217299709,,1300.49112141999,30,203.171869995835,0,34.3830435291336,4.64390492782315,3.55195823768761,25.0067290908353,101.316733716506,NaN,NaN,NaN,NaN,9.7591231575,1.80826834671421,12.2205961692488,36.6850478393077,7.47176388591488,25.1094012158034,0.681877681345068,,1299.11229907094,29.9948319543005,204.170426605201,1.191108232,58.0126406961571,2.4069430637098,3.74377733625134,20.8636223503077,20.5601170730119,NaN,NaN,NaN,NaN,12.121871683,2.02708859516224,12.5542860462554,388.79355508346,6.47116048404367,26.9955231821188,0.0536820347790015,,1300.91094097548,29.9939783639289,203.154539112177,0,61.0584980117429,4.13640301393545,3.45680631529516,25.2765285639987,20.5566930082666,NaN,NaN,NaN,NaN,16.7188148835,1.94199874085151,8.68578848238075,120.972471183965,7.47339106457686,17.8296210798223,0.20895555289507,,1300.54971137302,29.9899997711182,203.660400678039,1.42340286,54.0212770525665,2.17742885411313,3.11093885100025,18.8804592114103,19.6392336703486,NaN,NaN,NaN,NaN,13.3640639840607,2.0777092302688,12.7402744721906,505.322359578632,6.27145763478137,27.2014604668914,0.0373701507042536,,1299.78914249009,29.9899997711182,203.161925372175,1.57757123,56.2154282488413,2.26407458768816,3.50963328484774,15.5606366854827,20.3365517135256,NaN,NaN,NaN,NaN,8.86059928449515,1.96144470277795,15.7364029019432,614.410194462249,6.2709003644741,30.4708346561754,0.0253263465064473,,1301.28720853807,29.9829837198738,203.438314024528
10.0833333333333,1.177376242,34.069071891668,2.47108407053862,3.30077999610174,27.7612081504149,101.441585307008,NaN,NaN,NaN,NaN,9.87961539366667,2.05015415966802,14.4555064885779,74.6946229076584,6.47131930271609,29.6242327063426,0.371789128796407,,1299.29871675023,30,203.176162053514,0,36.0670775943118,4.65289965334412,3.67271990600483,25.0218849665219,102.674350424775,NaN,NaN,NaN,NaN,9.75874041816667,1.8017798459144,12.2682175360096,30.9834278819594,7.47226768913929,25.2010500517032,0.809504222788749,,1298.88629729027,29.9899997711182,204.173932803502,1.191108232,58.5997994094881,2.4197537629803,3.7021272581602,21.0210431784593,20.0176645187491,NaN,NaN,NaN,NaN,12.4413388531667,2.04331264360061,12.864272222001,389.182822647377,6.47113648340518,27.5961303983879,0.0540263316381,,1300.40518663123,29.9987951977066,203.163390170295,0,61.2493780385401,4.14154599573555,3.42286749241948,25.1249374115718,20.4754856210337,NaN,NaN,NaN,NaN,17.0003155841667,1.93621145148725,8.70364308974701,124.373426306362,7.47336872077897,17.8625400792287,0.202024873309396,,1299.49583262582,29.9974236889343,203.660510100437,1.42340286,54.2521964032165,2.1903166700035,3.10798338668581,18.957232304902,20.1824669314373,NaN,NaN,NaN,NaN,13.8868130138436,2.08181645779848,12.8893382988629,503.672314313382,6.27137725171141,27.4907436255998,0.0376502272631164,,1299.55802359115,29.9899997711182,203.171130041715,1.57757123,56.5893553450259,2.27862020470018,3.47892990084791,15.7750127713665,20.646137748537,NaN,NaN,NaN,NaN,9.03819875306442,1.95659228181589,15.8290140009049,601.688450822343,6.27090515094119,30.6596144136661,0.0262355430503102,,1301.18368249952,29.9899997711182,203.449815523371
10.1666666666667,1.177376242,34.7550926520435,2.47869479953037,3.41486688671979,27.8428098762891,100.729949686021,NaN,NaN,NaN,NaN,9.52673119366088,2.05265879433582,14.5697480551223,72.4622241198821,6.47155809064328,29.8516655745212,0.384370723637631,,1300.77448491869,30,203.178530274111,0,36.5449319240184,4.65854513561562,3.60213882137743,25.0913724385758,101.591493503441,NaN,NaN,NaN,NaN,10,1.80751087271362,12.3727654371149,32.133332036809,7.4719170439898,25.4022403462571,0.78123379313044,,1300.71990483481,29.9899997711182,204.174185360802,1.191108232,58.6649175174202,2.43059744405,3.64019884974045,21.0782798525158,20.744070254834,NaN,NaN,NaN,NaN,12.15940898776,2.05589384022832,12.8392672595923,392.321110773289,6.47130498074473,27.5471728192928,0.0537363150558854,,1300.04268855103,30,203.170183471501,0,61.0496242170872,4.15610395078415,3.40873085004442,25.050850217545,19.5083156038922,NaN,NaN,NaN,NaN,16.6224854183333,1.93804268888151,8.69486375159808,129.094752666672,7.47110138300268,17.84632779362,0.194094016702385,,1300.93523654822,30,203.669952623894,1.42340286,54.7315858161683,2.20204316370719,3.1489988309719,19.0098071119219,20.7404203557864,NaN,NaN,NaN,NaN,13.8056011664581,2.08346511791571,12.9056961309862,501.340456992038,6.27155877116506,27.5222443544214,0.0379338971437858,,1301.21545657097,29.9899997711182,203.179366637776,1.57757123,56.6862882311902,2.29189011075477,3.51142563102597,15.6883576718489,20.5411287507987,NaN,NaN,NaN,NaN,9.04257827371057,1.94671446296235,15.7002542052339,601.779586986995,6.27089321914433,30.3972929865716,0.0260741312556538,,1300.67606181835,29.9899997711182,203.459791055881
10.25,1.177376242,36.2391105985851,2.482168506,3.3890237825294,27.8239151632784,103.683464006909,NaN,NaN,NaN,NaN,9.64109093202267,2.0444743052413,14.5056086320734,67.1935725363274,6.47160815037285,29.7240526437069,0.415000369806851,,1300.45943433383,29.9940743704012,203.176757677731,0,36.8375508098839,4.662380002,3.49570322582535,24.9567644940472,100.041117438528,NaN,NaN,NaN,NaN,10.0399754093333,1.79947524432214,12.47305634277,32.7937355217882,7.47170738733899,25.5956082229863,0.762581621657416,,1300.7363204923,29.9899997711182,204.172623648827,1.191108232,58.9154387556327,2.43901111175993,3.67970118860343,21.1557480133386,20.6774026644153,NaN,NaN,NaN,NaN,12.0404839865733,2.06648041898518,12.8534984914513,394.103352962346,6.47137821455141,27.5746673866681,0.0536951103667462,,1299.15313767516,30,203.174568669693,0,61.2473035687686,4.16884012650445,3.4066837655939,24.9870525774458,20.4473844154629,NaN,NaN,NaN,NaN,16.5341785375,1.93978434876992,8.66519409348153,133.062405275535,7.47085296095164,17.7917142837499,0.187791270566479,,1302.61381925519,30,203.677426439398,1.42340286,54.621465917821,2.21137841913444,3.15292905234832,18.7214476524794,20.1880963032881,NaN,NaN,NaN,NaN,13.9455502587433,2.07719407781747,12.9029363867032,512.507495193967,6.27145914360669,27.5171753438462,0.0365387522435732,,1299.3428307115,29.9981197230815,203.185219374268,1.57757123,57.0767053278677,2.30284143575748,3.47163945773652,15.7748897442493,20.4421914499883,NaN,NaN,NaN,NaN,9.03956665305834,1.94776244920557,15.8797337546496,597.91674381793,6.27091913370896,30.7631166307105,0.02639217112928,,1300.31482929804,29.9904607355919,203.467662848685
10.3333333333333,1.177376242,36.8772346744775,2.482168506,3.1842446379923,27.7935998020135,99.9753585222215,NaN,NaN,NaN,NaN,9.8544758653792,2.0398867463652,14.8355507849092,66.3411959966528,6.47126764944023,30.3832898781872,0.419271999788747,,1301.92023536162,29.9895974561601,203.171388137945,0,37.702037629641,4.66612487065766,3.46358640602072,25.1532372808877,101.756548466311,NaN,NaN,NaN,NaN,9.79870962183333,1.81041908625635,12.5238298567548,30.6626678882345,7.47202357474497,25.6933587364917,0.821242419476454,,1301.68783885601,29.9899997711182,204.170773557275,1.191108232,59.0940069487083,2.44430590831819,3.6926296797383,21.1305097336028,19.7699980634074,NaN,NaN,NaN,NaN,12.4955766503333,2.07222409913915,13.1171587919719,398.489634643368,6.47127763241475,28.0870557003263,0.0530415590502957,,1301.05411534763,29.9958529498404,203.175937581522,0,61.4660370700692,4.18244727250022,3.42936435755774,24.84857600842,20.3990058608509,NaN,NaN,NaN,NaN,16.4783335298333,1.93315965788987,8.74046295698735,136.157168188533,7.4712669842299,17.9302754631723,0.182509043199759,,1300.44507726038,30,203.68618002299,1.42340286,55.0182386120683,2.22022153554963,3.08981913422823,18.7869780292757,21.5828757633137,NaN,NaN,NaN,NaN,13.8713199469336,2.07985127754269,13.1171110407817,510.91786589157,6.27189872722205,27.9330880786173,0.0367932592075669,,1300.2916479684,30,203.190414554203,1.57757123,57.124942346486,2.31296398092474,3.45261022851907,15.6552602803215,20.2966648780429,NaN,NaN,NaN,NaN,9.037639671,1.95088869176526,15.9579427591097,605.182907451566,6.2709192706212,30.9229428388691,0.0258687531604389,,1299.55634625116,29.9931518291314,203.474605149423
10.4166666666667,1.177376242,37.7367886992443,2.482168506,3.40168920710208,27.8084874521931,102.40866922063,NaN,NaN,NaN,NaN,9.69283532343725,2.03977718591172,14.9043964405702,64.5840258403866,6.47238441678557,30.520959052192,0.430850997122904,,1299.75059511297,29.9895979652118,203.16602085474,0,37.6157279813859,4.66910453867002,3.70904853623605,25.036544580688,99.6133659330043,NaN,NaN,NaN,NaN,9.9606160585645,1.8063693915532,12.6431351178631,33.5282283510554,7.47185533313421,25.9239569815688,0.747947654501413,,1300.32231027411,29.9913666143437,204.168259055883,1.191108232,59.4187413878018,2.448491044,3.70335432137592,21.0619511707885,22.7191337730639,NaN,NaN,NaN,NaN,12.1871795473333,2.07713842060031,13.0178877421917,403.529297043467,6.47195909787219,27.8938323979277,0.0521994922776149,,1299.08636177108,29.9899997711182,203.176212793215,0,61.5510713293059,4.19498340386768,3.40302486924592,24.7862072512741,20.4043938380004,NaN,NaN,NaN,NaN,16.8016769446517,1.9341035126567,8.76134613742252,139.825375918098,7.47124072117899,17.9687501425114,0.177275739811038,,1300.95073149953,30,203.693482490698,1.42340286,57.4342889392609,2.22619731907231,3.09302328299279,18.945431064709,24.2097480855485,NaN,NaN,NaN,NaN,13.687499261733,2.07252966327828,13.0555996125995,499.932918868759,6.27191456127295,27.8134862389615,0.0379255519749458,,1298.66955160439,29.993962378518,203.192920329921,1.57757123,57.9008153411012,2.31952322500362,3.52441627761006,15.9520576518052,22.6380949971967,NaN,NaN,NaN,NaN,8.92218352583333,1.95339976166269,15.9710709606011,590.724767809412,6.27092472632662,30.949872072233,0.0270249231401939,,1300.57106921806,29.9904024637266,203.478057349755
10.5,1.177376242,38.7646378283309,2.482168506,3.47194357875857,27.7940616096084,100.704910982615,NaN,NaN,NaN,NaN,9.55845058133333,2.03242254366396,15.0329838471187,61.6487085912835,6.47300036556266,30.7791567306289,0.451093359829855,,1301.04746729832,29.9899997711182,203.160640766778,0,38.4105929951609,4.672411172,3.53501423622959,25.0035929496161,101.595860892694,NaN,NaN,NaN,NaN,9.66567646576883,1.79998945237055,12.4754373066639,30.3690383387319,7.47242508961353,25.6002949087742,0.824742002082928,,1301.08671040878,30,204.166174514505,1.191108232,61.9514290779791,2.448491044,3.65422132662903,21.3737264104295,23.8713109150368,NaN,NaN,NaN,NaN,12.1265098423333,2.06446268453285,13.1610174676157,382.915845112755,6.4723669990507,28.1723354557333,0.0558258106664262,,1300.25999338972,29.9888189640563,203.17218098113,0,62.1372752513821,4.20615052960213,3.44561440845818,24.7736323034042,21.2137943074579,NaN,NaN,NaN,NaN,16.4797012721952,1.93692292944018,8.84711180278053,141.996100542192,7.47135562785357,18.1268251853526,0.174467406190332,,1300.51234266335,29.9995978676328,203.699694232008,1.42340286,57.4174344163679,2.23058004407596,3.06321804512774,19.0135208059634,18.4380584086477,NaN,NaN,NaN,NaN,13.5935479846274,2.05057412423853,13.1289002210432,487.076217846682,6.27176513447454,27.9561566918106,0.0390450736270955,,1300.93280476636,29.9899997711182,203.193659746193,1.57757123,59.0212009113774,2.32610009208418,3.44462690815203,16.0320268211791,20.8655225811092,NaN,NaN,NaN,NaN,9.07979073333334,1.92932325520054,16.0756998782082,577.143440916609,6.27127566936361,31.1641319526025,0.0277815953763898,,1298.34381278986,29.9899997711182,203.481412663494
10.5833333333333,1.177376242,38.2047683934563,2.482168506,3.2993333769523,27.5201588954731,99.196450675196,NaN,NaN,NaN,NaN,10.0399904096667,2.01820188190485,15.231328256818,64.6972337128434,6.47373843435795,31.178967712864,0.425499253768185,,1299.38003538647,29.9899997711182,203.155260398517,0,38.2689044791074,4.672411172,3.61534961589574,25.0339223878755,99.52237077742,NaN,NaN,NaN,NaN,9.85178448333333,1.80326903598806,12.6574098099739,31.8191238013912,7.47199964523315,25.9515328768616,0.787456595232367,,1300.9889914651,30,204.160674935143,1.191108232,63.0461718307664,2.448491044,3.64310160370349,21.355394539342,21.9223644228474,NaN,NaN,NaN,NaN,12.1541565866667,2.05043945933837,13.168445987917,376.772161099065,6.47336332612565,28.1868373987912,0.0567153147184633,,1300.62232895233,29.9895751716795,203.168095123653,0,62.6617418038744,4.21766311854748,3.40184128590441,24.7466725854978,20.8667519120218,NaN,NaN,NaN,NaN,16.9188567553198,1.93817474850808,8.90379333899172,143.874974401289,7.4716891922102,18.2313929115491,0.172009901548039,,1301.37223865734,29.9991970699661,203.706162960113,1.42340286,57.4192173670298,2.232986452,3.05335819487216,18.7480419538701,21.4251303345357,NaN,NaN,NaN,NaN,13.6905350947059,2.05101851732369,13.1660147120235,500.117727927534,6.27148493755217,28.0283988946654,0.0375175825937548,,1300.13968711927,29.9899997711182,203.192551991263,1.57757123,59.1509561186712,2.32909426190726,3.49526471249247,16.0285629660728,20.6017688194306,NaN,NaN,NaN,NaN,9.64343676966667,1.92573979618731,16.2326837737722,575.768214260957,6.27110989548745,31.4866977095789,0.027845038846481,,1299.68560138482,29.9899997711182,203.481111781114
10.6666666666667,1.177376242,39.2181515020236,2.482168506,3.26440317851895,27.7704832972845,103.053191631553,NaN,NaN,NaN,NaN,10,2.03045337759376,15.4443604193093,61.5988756712806,6.47477447102718,31.6097749853795,0.451504426843534,,1299.15534451082,29.9899997711182,203.149884458188,0,39.132117603348,4.672411172,3.39882423181577,25.2282971595932,102.683967206773,NaN,NaN,NaN,NaN,10.2010450735,1.81300955809781,12.7928696102304,28.8731456656409,7.47276673975119,26.2137509615521,0.87617527523797,,1298.97818764059,29.9995987606566,204.15517534566,1.191108232,63.9312683620511,2.448491044,3.66908783349347,21.2491509256486,21.5798827170924,NaN,NaN,NaN,NaN,11.8826438007501,2.04200673784942,13.2690541078775,377.631448720462,6.47455934817308,28.3831724065091,0.0562722552592508,,1301.46184807438,29.9899997711182,203.163985978113,0,63.1007481668751,4.2259763768363,3.44898284244701,24.700248547994,20.7911407584099,NaN,NaN,NaN,NaN,16.5542876188333,1.93788854053154,8.898170839169,146.595688056855,7.47190722021558,18.2210185566944,0.168494152504039,,1300.38363675615,29.9983878264528,203.709432913986,1.42340286,57.890208350764,2.232986452,3.08441306485199,18.882284413964,20.813409724386,NaN,NaN,NaN,NaN,13.5900655861667,2.05261252278517,13.2233252338919,494.391228239259,6.27118785453459,28.1402060305449,0.0381944353112149,,1299.8851010411,29.9899997711182,203.188929179665,1.57757123,59.6517868938953,2.331136094,3.4410619367199,16.1055735026227,20.5974170902252,NaN,NaN,NaN,NaN,9.10567348092542,1.92635462819547,16.0704192403238,571.761820471833,6.27199983596802,31.1534956293043,0.0281781274989548,,1298.85964874804,29.9908018569077,203.479965405066
10.75,1.177376242,39.9219568118062,2.482168506,3.31152680518437,27.7665240769579,100.139477685034,NaN,NaN,NaN,NaN,9.79872749933334,2.02745679130936,15.4206895537898,59.7613968558459,6.47491442684372,31.5614706449249,0.464788748229623,,1300.06559287308,29.9899997711182,203.144489248535,0,40.0210272023262,4.672411172,3.33033898253778,25.2743279301131,100.996490650701,NaN,NaN,NaN,NaN,10.3257630964449,1.81487014288759,12.8437434503304,27.8112863987073,7.47339964556183,26.3122418566628,0.909211454608762,,1299.80697091889,30,204.149662759748,1.191108232,64.2795151235127,2.448491044,3.67782663251396,21.2142278803797,20.5794237720057,NaN,NaN,NaN,NaN,12.8014582863796,2.02591517498757,13.4207718061587,371.345905384201,6.4750708710623,28.6796024033916,0.0571518347849831,,1298.92911008195,29.9899997711182,203.159868938665,0,64.0199265927712,4.230883868,3.4293496493576,24.6142778562599,22.9339764508209,NaN,NaN,NaN,NaN,16.1968943681667,1.93281014607737,8.82503321930733,147.136051151735,7.47300004959106,18.086182159695,0.16729764417594,,1300.19934963621,29.9957058516053,203.709511053642,1.42340286,58.609591749676,2.232986452,3.07492768057748,18.9220088976099,20.9896703464181,NaN,NaN,NaN,NaN,13.9595534148333,2.05926624177478,13.2860140869909,495.281244914711,6.27262667925928,28.2624829001858,0.0382494927004585,,1299.81842550757,29.9899997711182,203.185320980098,1.57757123,59.9723668267472,2.331136094,3.47301396975945,16.1864957027977,21.015566163781,NaN,NaN,NaN,NaN,9.29626765490792,1.92983067071412,16.2118528715783,569.426878366047,6.2729448239947,31.4440874280032,0.0284273893625236,,1301.2614283167,29.9904012991066,203.476651275812
10.8333333333333,1.177376242,40.5698989178176,2.482168506,3.23044779996434,27.4689103419212,112.54668822352,NaN,NaN,NaN,NaN,9.87946968716667,2.00731560643109,15.5624635058565,60.552074199691,6.4757557913779,31.8489068248214,0.458851287546382,,1300.94154132208,29.9907125106298,203.139101788868,0,40.2778383401515,4.672411172,3.45754064987151,25.0937537939849,100.627227179428,NaN,NaN,NaN,NaN,10.7937246550551,1.80620112220788,12.800208470037,29.8442341544644,7.47344240233346,26.2279793074999,0.84228625679433,,1300.36007152248,30,204.144157948325,1.191108232,64.828684735688,2.448491044,3.64200490834734,21.1504454745974,20.0992537335299,NaN,NaN,NaN,NaN,12.5879876589729,2.02466819871262,13.3961417089292,373.683407687015,6.47504968639496,28.6314360504531,0.0566183361030805,,1300.08868619268,29.9899997711182,203.155760041208,0,65.1572151316156,4.230883868,3.40093777648818,24.5909841171442,21.2080164976566,NaN,NaN,NaN,NaN,16.8393641068362,1.92932711196631,9.00621501393121,146.092471893712,7.47225356999893,18.4204156010799,0.168325987643355,,1299.91220907597,29.9904001414134,203.70447760861,1.42340286,59.0315344226487,2.232986452,3.09805110748619,19.0244441446492,20.7804141107985,NaN,NaN,NaN,NaN,13.918593940229,2.05098371812454,13.393734152766,487.231392712957,6.27386335888771,28.4730267367242,0.0390490601484741,,1299.47413603568,29.9920079559125,203.181668588679,1.57757123,60.8177601845153,2.331136094,3.44418678613609,16.4612142528088,21.2580675681672,NaN,NaN,NaN,NaN,9.03946010133334,1.93190408916161,16.4033948789652,556.901820906465,6.27415838070848,31.8387240073511,0.0295701330969532,,1296.78073786329,29.9899997711182,203.473325659172
10.9166666666667,1.177376242,73.6924728090675,2.482168506,3.25849058598604,24.7352327065577,178.702318062503,NaN,NaN,NaN,NaN,10,1.70753408535104,15.2673037840731,17.7863922246597,6.50475418981538,31.2514962302564,2.93348682445198,,1302.59665720615,29.9068360740958,203.133567366725,0,40.3122872250269,4.672411172,3.60320402751584,25.1334050850079,99.3821729733897,NaN,NaN,NaN,NaN,10.3672191618333,1.80749997151382,12.9287692902648,29.6204350856755,7.47205437420699,26.4772718189818,0.851215250179511,,1298.79719570126,30,204.138652675754,1.191108232,65.489581062083,2.448491044,3.67167135585153,20.9325748252637,30.2692022407596,NaN,NaN,NaN,NaN,12.4949033900393,2.01367355134648,13.5262735014436,378.935593861958,6.47554848592119,28.8860828626289,0.0552513822525984,,1300.4115207654,29.9931253514637,203.151646540884,0,65.5842249730121,4.230883868,3.37734660849167,24.6171602442709,20.6285110324558,NaN,NaN,NaN,NaN,16.3384774203304,1.93355487990771,8.95639252510959,147.902355307263,7.47173985315739,18.3284477934999,0.166445190274609,,1299.20869920085,29.9899997711182,203.699445740491,1.42340286,59.1254505048783,2.232986452,3.05773103992862,18.9059547317417,20.8192741450264,NaN,NaN,NaN,NaN,14.0907373930274,2.04201577820008,13.3799750930258,488.244822506496,6.2755324412941,28.4461123553707,0.0387560373970911,,1298.23054043346,29.9912050116,203.178029404293,1.57757123,61.3897981644997,2.331136094,3.47464263288462,16.4588410101649,21.0606538906965,NaN,NaN,NaN,NaN,9.17389744148361,1.92952277985367,16.4330007744103,555.906966199104,6.27566766681478,31.8996181503906,0.029607499000144,,1299.05684736001,29.9925345515751,203.469954593529
11,1.177376242,89.904438087668,2.482168506,3.12290866906494,17.407675967693,102.724854339345,NaN,NaN,NaN,NaN,9.83886503833333,1.21132358454642,15.2287403799649,NaN,6.52993970420664,31.1736625906507,NaN,,1299.80512933894,29.8631681505958,203.127849596556,0,43.8200867769268,4.68014333279144,3.70973931262757,25.1337306083076,128.603287946337,NaN,NaN,NaN,NaN,9.97454853493678,1.79762921241833,13.0172521674831,26.9439128927884,7.48562086021123,26.6494827473243,1.16951702708377,,1298.96565651639,29.9875779823059,204.140680345665,1.191108232,92.890070522031,2.448491044,3.53743146393233,20.7940062389973,89.6690821838091,NaN,NaN,NaN,NaN,12.3604882740248,1.74082713291633,13.272101448695,217.939432215997,6.5037999849987,28.3891277578766,0.111688521058114,,1300.58153067433,29.9146123815699,203.147332746404,0,65.9556086925,4.23275745578855,3.37973045044432,24.5905832334907,20.4047452919977,NaN,NaN,NaN,NaN,16.8033123355,1.93553243175047,9.02747734117862,150.328236729313,7.47120053907541,18.4597240405575,0.163580732172615,,1300.85603662704,29.9899997711182,203.696195964812,1.42340286,60.1329136349284,2.232986452,3.09998257181305,19.2158071171603,21.1447857424102,NaN,NaN,NaN,NaN,14.2037184453812,2.0430831325756,13.6865417889264,474.532816530278,6.27802648344243,29.0469102942151,0.0404998778054448,,1300.57741803198,29.9899997711182,203.174343094186,1.57757123,61.9921184078516,2.331136094,3.46765379044553,16.6261851585143,21.5861101417744,NaN,NaN,NaN,NaN,9.38855693401639,1.92498315809819,16.526079552331,545.810261562643,6.27785940476237,32.092437830544,0.0304639718785991,,1300.16384051514,29.9951811576197,203.466564994251
11.0833333333333,1.177376242,87.6950098295821,2.482168506,2.87674916355563,13.7920866702242,95.480001586138,NaN,NaN,NaN,NaN,9.87970084783333,0.925361758563824,15.3350812746893,0.187888563028059,6.54831061633763,31.388369560169,56.0632153876363,"Sample 1.50 mL to AMBR-96DWP-1/G9",1300.52992866664,29.8809197555683,202.291028551182,0.000523326853680181,78.2820751140064,4.68246182,3.16798195938042,23.1218401023826,161.267815564562,NaN,NaN,NaN,NaN,9.94560740539656,1.48356240195692,12.8051855075129,NaN,7.57524496532753,26.2377191992997,NaN,"Sample 1.50 mL to AMBR-96DWP-1/G10",1298.55179147116,29.8934566743947,203.325336655096,1.191108232,104.966416373484,2.448491044,3.01260642145005,17.2542601130624,46.2055984045935,NaN,NaN,NaN,NaN,12.1763067678303,1.21975736994734,13.2605487865262,97.6283191177383,6.52985510779424,28.3664708893751,0.167874048661535,"Sample 1.50 mL to AMBR-96DWP-1/G11",1299.65129526252,29.8598035383213,202.345057659289,0,68.5720887243239,4.2427275182569,3.22498796077332,24.6054862765791,42.3346544792734,NaN,NaN,NaN,NaN,16.8132605558333,1.87987218630217,9.10752358218349,154.70777680402,7.48367174118896,18.6076725506908,0.206372977499348,"Sample 1.50 mL to AMBR-96DWP-1/G12",1299.00014115429,29.9807279609986,202.940541579633,1.42340286,60.3549895658584,2.232986452,2.84465330815429,19.3652176263323,20.9119310738225,NaN,NaN,NaN,NaN,13.9897643658133,2.00123370388431,13.712387048355,469.28675328422,6.28111728250439,29.0976913118162,0.0410865277494413,"Sample 1.50 mL to AMBR-96DWP-1/H1",1300.17176369419,29.9879885260288,202.489643839256,1.57757123,62.421538748841,2.331136094,3.18764472815977,16.8142455929272,19.7204844300677,NaN,NaN,NaN,NaN,9.04001861983333,1.88029024081745,16.7198941107603,538.845851323388,6.28061823799583,32.4940249211564,0.0310838675336253,"Sample 1.50 mL to AMBR-96DWP-1/H2",1299.07136027078,29.9955422237753,202.798857348306
11.1666666666667,1.177376242,86.3777147713177,2.482168506,3.11533894007918,12.4737393796152,99.0289117901421,NaN,NaN,NaN,NaN,9.29241459258369,0.795974888429919,15.2456000931306,1.54942458634527,6.56306365564988,31.2075481485599,13.3673986987307,,1300.09605412584,29.9222937399422,201.322714689552,0.0320102413630973,88.3489949395278,4.68246182,3.43855260898234,20.6344584211618,101.53137326401,NaN,NaN,NaN,NaN,9.8788298295,1.25207690790963,12.6923364658133,NaN,7.60100067823565,26.0189917664695,NaN,,1298.95554328838,29.8755786887916,202.368762356424,1.191108232,105.012233610466,2.448491044,3.19955354341435,14.5677510856301,40.2006425302593,NaN,NaN,NaN,NaN,12.3988949587798,0.92518612039127,13.2887032361517,105.89400291693,6.54898803320155,28.421400660437,0.11163742931911,,1300.12455683151,29.8781321128151,201.343118458485,0.000576294900091894,98.0771529082358,4.246096186,3.17307836111575,23.0580328628118,78.8214969628995,NaN,NaN,NaN,NaN,16.7215613789029,1.58515786306829,8.99899994232293,105.149684367464,7.57500567324521,18.4071036329561,0.539070766542351,,1299.45223750492,29.9085707772317,201.905891225804,1.42340286,61.1445398278348,2.232986452,3.0974241333495,19.3808343474336,21.3873936880941,NaN,NaN,NaN,NaN,14.4024790621488,1.99304518853691,13.6606963688411,472.244040404869,6.28409284039729,28.9961587536373,0.0400927843913526,,1298.81421118415,29.9944445949815,201.372934990328,1.57757123,62.8251777196766,2.331136094,3.50300916651499,16.8884910891386,21.9593434517821,NaN,NaN,NaN,NaN,8.95976064066667,1.86888841649667,16.7331129050177,537.555084608743,6.28364673818242,32.5214964723313,0.0308342798032416,,1300.24630178157,29.9976320200592,201.665730644495
11.25,1.177376242,86.7247560836646,2.482168506,3.11530401315394,10.4593453136838,101.438604262178,NaN,NaN,NaN,NaN,9.66269193524964,0.734833077283202,15.076941428917,2.24102003957712,6.57695861066602,30.8676261285531,4.81074940696322,,1299.73090569811,29.9534701473116,201.317161479478,0.0798097126777229,87.8025339509898,4.68246182,3.30604191399086,17.4138985529187,98.146087568219,NaN,NaN,NaN,NaN,10.0404567616085,1.21746856626832,12.7095965084357,NaN,7.60049613838772,26.0523901079266,NaN,,1300.60676721674,29.8987124173729,202.411133566778,1.191108232,104.973392943512,2.448491044,3.20483144854171,10.2182004798719,39.2540052728895,NaN,NaN,NaN,NaN,12.2774488142233,0.783800372981114,13.3367647005904,119.444001677704,6.56421260276245,28.5153493122311,0.0855857467243063,,1298.53931968008,29.9122673376835,201.338015815454,0.0580959631899112,105.009121647561,4.246096186,3.01082935041137,18.1437047833672,39.4427047621074,NaN,NaN,NaN,NaN,16.5934147005971,1.30201192055759,9.01360971845289,34.7440885923089,7.61190202932708,18.4341216521045,0.52631573925642,,1298.64684930588,29.8800221834209,201.956472185922,1.42340286,61.6550267873503,2.232986452,3.06083935978657,19.567581041069,21.0394409657037,NaN,NaN,NaN,NaN,14.0758337644004,2.018578876618,13.7970730281896,458.532651305,6.28708753333386,29.2643364689624,0.0427058719110186,,1299.34234125305,30,201.369197807531,1.57757123,63.7058578624944,2.331136094,3.42734352250031,16.9064568161577,21.4764465458596,NaN,NaN,NaN,NaN,9.35760539766667,1.90056340758723,16.6175299990196,533.141060623264,6.28671620124572,32.2814767451381,0.0317130234218595,,1300.66879839339,30,201.662266771803
11.3333333333333,1.177376242,88.7902563142756,2.482168506,3.07917128571359,9.66057130396196,106.453330555411,NaN,NaN,NaN,NaN,9.91972059016667,0.677740828580944,15.2492684495185,0.701296453157118,6.588731002426,31.2149237921357,143.348127682262,,1302.68118583204,29.9699993133545,201.311602397567,0.125261120998233,86.2861299984101,4.68246182,3.31796912275325,17.0263873790049,96.9274565238023,NaN,NaN,NaN,NaN,9.63808246789148,1.1930015999088,12.7468094190109,NaN,7.60064067297311,26.1244884690204,NaN,,1300.76001260144,29.9304928372187,202.450951960121,1.191108232,104.986192475975,2.448491044,3.18337172206486,9.09998660452038,39.1535959810114,NaN,NaN,NaN,NaN,12.1529404185,0.697804108034272,13.3649432003187,117.780837129369,6.57727029870778,28.5704515571116,0.0773393353482526,,1300.10930318819,29.9453752243619,201.332924854022,0.118280527802267,104.996289069961,4.246096186,3.02044750365756,17.6842048638401,43.5880040600886,NaN,NaN,NaN,NaN,17.0390760256513,1.27393776695404,8.82169547375032,38.8452402158107,7.60087201011872,18.0799804976671,0.4553134877659,,1298.19618806931,29.8924723493472,202.011942657971,1.42340286,61.8241060777574,2.232986452,3.13467305999837,19.3902897859148,20.0096463695029,NaN,NaN,NaN,NaN,13.9201529881667,2.01111025031798,14.1469455299583,463.626448439659,6.2903431821971,29.9550920330112,0.0418389732985835,,1300.33967561268,30,201.365414615697,1.57757123,63.9116621757082,2.331136094,3.39300207918641,16.8184560179732,19.568667733153,NaN,NaN,NaN,NaN,9.4857525455,1.89564451778803,16.8324942299143,534.982912488036,6.29041963546584,32.7283142001247,0.0314408289915649,,1298.6904519409,30,201.658794468935
11.4166666666667,1.18255186706099,91.4103449640213,2.482168506,3.06404856328206,8.78899152511152,102.102503270423,NaN,NaN,NaN,NaN,10,0.615958483597913,15.6174926422077,NaN,6.59880514635845,31.9610294087337,NaN,,1299.5927964417,29.9713385445897,201.310622655924,0.168968745406765,85.0985996200393,4.68246182,3.34119582429239,16.6273971936196,98.5403855242385,NaN,NaN,NaN,NaN,10.0399523783333,1.16714840649374,12.7011420433769,NaN,7.6007052567941,26.0361026824651,NaN,,1300.03831744798,29.9585642710492,202.489124080929,1.191108232,105.011635708736,2.448491044,3.22070491094781,8.40101514281006,46.3387343585817,NaN,NaN,NaN,NaN,12.1606820645,0.647171899518465,13.2500314062232,123.130833415947,6.5884675701596,28.3459825226893,0.0682439140282639,,1299.62330231504,29.9664258887989,201.327847314329,0.164594366563494,104.994633659594,4.246096186,2.98347185770149,17.1737287101501,40.1482839774997,NaN,NaN,NaN,NaN,16.6481733748487,1.23921189072292,8.89742263677096,40.1566984980133,7.60050913562264,18.2196386925121,0.42774133882324,,1298.79871682052,29.9218543403152,202.052831835001,1.42340286,62.4276751307895,2.232986452,3.07189024064501,19.6225717249931,21.4909950243596,NaN,NaN,NaN,NaN,14.2817682655,2.00803816050364,14.0117150673768,450.95005648204,6.29091208258497,29.6874411686561,0.0435184329322866,,1300.67670250361,30,201.361625880898,1.57757123,63.7961699856156,2.331136094,3.41055646749472,16.9734317381838,20.0364839508902,NaN,NaN,NaN,NaN,9.4421491355,1.88913403502827,16.9174153762658,524.394462629213,6.29352229435949,32.9052663592637,0.0323736516429805,,1300.14420856476,30,201.655297289087
11.5,1.22448228856227,91.2883452408933,2.482168506,3.09902928633646,8.30229532802934,99.7925098914761,NaN,NaN,NaN,NaN,9.83936366583333,0.583187244076343,15.3273525266505,NaN,6.60037442409464,31.3726936378967,NaN,,1299.07378139419,29.9813020096201,201.34700922453,0.211499440933089,84.6993714025177,4.68246182,3.39213127123696,16.4381264570515,99.5191131631077,NaN,NaN,NaN,NaN,9.91972344283333,1.15384321324387,12.8758518954637,NaN,7.60061608629126,26.3746623811151,NaN,,1300.36146283386,29.9756525412553,202.526052270378,1.1947199124665,105.031624484905,2.448491044,3.21972661326277,7.6385114629786,53.4925848698072,NaN,NaN,NaN,NaN,12.2445497191571,0.589428673189928,13.3195250137608,124.916619152762,6.59834905958325,28.4817624427801,0.0611549443138367,,1300.45884414054,29.9735808034964,201.32591746741,0.208813993623428,104.969066766996,4.246096186,3.00016491465271,16.736271943468,38.7184281615782,NaN,NaN,NaN,NaN,16.5524164122784,1.20938444606646,9.04977544536401,41.2675883635913,7.6004032575221,18.5008919115639,0.405586620526544,,1299.66010169302,29.9478679452688,202.091684414915,1.42340286,62.7571811904824,2.232986452,3.03865129298261,19.6397641872985,20.2815195950544,NaN,NaN,NaN,NaN,14.1618171358845,2.00412514279955,14.1817165810868,448.564476958154,6.29414021966172,30.0239347953725,0.0438748621599447,,1299.97433615774,30,201.357817860651,1.57757123,64.1775978779498,2.331136094,3.47476845820688,16.8772818499115,21.3667040322664,NaN,NaN,NaN,NaN,9.24082382616667,1.89105933397391,16.9330307111716,529.901051218322,6.29669335802711,32.9380976523111,0.0318521385204957,,1301.74515634588,30,201.651797371152
11.5833333333333,1.24362796175581,91.4975581101636,2.482168506,3.03787938005436,8.04770456676846,99.9490927285691,NaN,NaN,NaN,NaN,9.96020598966667,0.565641680154008,15.3217805571426,NaN,6.6002094958623,31.361536465219,NaN,,1301.34980985486,29.9899997711182,201.360822932239,0.252602576913467,85.348430033245,4.68246182,3.38717406669407,16.0546491694279,103.819085438375,NaN,NaN,NaN,NaN,9.8753771121324,1.12719821436773,12.7768050881192,NaN,7.6003633203422,26.1825358391094,NaN,,1300.81441106453,29.9880366381917,202.561601626973,1.23489159422254,105.017051071524,2.448491044,3.25790047628497,7.19601836811002,52.2003845039814,NaN,NaN,NaN,NaN,12.6012212716987,0.554202536950782,13.4080937311333,121.830701617723,6.60036243319784,28.6548559479604,0.0590944630439563,,1299.78721599294,29.9799995422363,201.360834497533,0.251031224254963,104.971944458996,4.246096186,2.97303362403873,16.2547634511018,39.3524432996123,NaN,NaN,NaN,NaN,16.3589310088883,1.1757621880878,8.99109035129884,42.028909563895,7.60016798615606,18.3924843638876,0.386772933434618,,1299.83220384494,29.9671001161603,202.128546253079,1.42340286,63.3148753191547,2.232986452,3.08419916521541,19.7801386081847,21.3324637109632,NaN,NaN,NaN,NaN,14.1997905409488,2.00331465288732,14.2288055072466,441.435455722811,6.29675812114544,30.1171053495263,0.0448090642143312,,1298.31955427842,29.9993589805636,201.353965675424,1.57757123,64.91798494985,2.331136094,3.48074981358705,17.073522056065,21.0522966717812,NaN,NaN,NaN,NaN,9.26215459418828,1.89049665228414,17.035333068689,519.256658402363,6.29970931429368,33.1517735135219,0.0329040010538213,,1299.91296568702,30,201.648299510629
11.6666666666667,1.26214154990446,91.126804506993,2.482168506,3.10465058815257,7.99515148479384,99.259137123218,NaN,NaN,NaN,NaN,9.87945854016667,0.562420795605256,15.1833636699157,0.458601512785706,6.6000779944879,31.0819031012266,29.5977853004453,,1299.93252899884,29.9899997711182,201.373783733068,0.292384958728236,88.7642151022887,4.68246182,3.3461967965128,15.6714908457716,105.95311219878,NaN,NaN,NaN,NaN,9.96383430120092,1.09795080209195,12.7920772807368,NaN,7.60045802708579,26.2121285004805,NaN,,1298.25205811188,29.9815254691019,202.595839177699,1.25615688803236,104.988000500955,2.448491044,3.22932988411893,6.92032099649837,54.2449432369981,NaN,NaN,NaN,NaN,12.2269191418893,0.535145571643901,13.4733537362885,126.083337034796,6.59996271387734,28.7824853474985,0.0548926042745962,,1300.80517263149,29.9843032890757,201.377367875429,0.290883652120467,104.984965619407,4.246096186,3.01747455385056,15.8017510160865,45.4526142422837,NaN,NaN,NaN,NaN,16.494557776,1.14393864802332,8.95062678114214,42.3273429281167,7.60043699517045,18.3177912890801,0.373320326216479,,1301.47817737352,29.9794703155152,202.163044317485,1.42340286,63.4019401897899,2.232986452,3.04856825897964,19.7112972007036,19.9035798667333,NaN,NaN,NaN,NaN,13.8982282330847,1.99817012681316,14.2416677689334,442.46980919806,6.29920411998993,30.1425685101463,0.0445640387733585,,1299.35428994349,29.9899997711182,201.350105781123,1.57757123,65.0501462431862,2.331136094,3.49531334641713,17.1740192553,20.4276759894109,NaN,NaN,NaN,NaN,8.97885205314506,1.88589258986516,17.2050465710911,512.708216575601,6.30257415962929,33.507492220717,0.0335001517014096,,1299.99911573062,30,201.644744876122
11.75,1.27930223950689,90.76124623782,2.482168506,3.11296913771429,8.08576167774532,99.1351787093603,NaN,NaN,NaN,NaN,9.95950857933333,0.568917153363077,15.3899167133005,0.769322969796513,6.60023128189816,31.4996939844839,11.2025292116141,,1301.05825611356,29.9972072608874,201.385384087689,0.331170887637007,90.1728267392422,4.68246182,3.27196149041583,15.2310745982222,101.434025580247,NaN,NaN,NaN,NaN,9.55563964755011,1.06787078038647,12.8164626391023,NaN,7.60031178645501,26.2593417261175,NaN,,1299.31283495637,29.9804812730213,202.629027495007,1.27353992930575,104.993954116233,2.448491044,3.2162279726752,6.79953149531929,52.902258706549,NaN,NaN,NaN,NaN,12.414403131755,0.526058622720848,13.439837346293,126.470631418968,6.60020159299779,28.7168311597129,0.0537933489116389,,1302.53883792758,29.9899997711182,201.389706522571,0.328846318449945,105.037483034203,4.246096186,2.97011624470108,15.2947460713182,51.5683651177237,NaN,NaN,NaN,NaN,16.7009053481667,1.1072666665506,8.93840717947561,42.2534439382717,7.59992178165792,18.295218304407,0.361984476293946,,1298.99053866805,29.9799995422363,202.195594286688,1.42340286,63.7742278024865,2.232986452,3.11061987677295,19.586757626685,20.9198207556566,NaN,NaN,NaN,NaN,14.2628504097486,1.99472345260605,14.3998644904592,446.48355283735,6.30123295201211,30.4566815879376,0.0438961135979408,,1299.1666167732,29.9985740557218,201.346276807754,1.57757123,65.5971375480078,2.331136094,3.41793558276766,17.1184786204715,20.5777819992723,NaN,NaN,NaN,NaN,9.20075622283333,1.88532149655863,17.3315224369111,515.436474392622,6.30547771288215,33.773324061156,0.0332123118964344,,1300.83708087169,29.9955757447375,201.641186630439
11.8333333333333,1.29867062754628,90.1943706284866,2.482168506,3.07830064272061,8.25402265677527,98.7283848599989,NaN,NaN,NaN,NaN,9.95993111433333,0.580839001038989,15.4653763184057,1.41580286245371,6.60001267872248,31.6521658799938,6.01804738001024,,1301.00443862019,30,201.399091840484,0.369536754776308,90.9608534800981,4.68246182,3.31778895150932,14.8754423474817,101.386999523426,NaN,NaN,NaN,NaN,10.0403643114499,1.04447926227254,12.8210363099152,NaN,7.60049792005745,26.2682535564834,NaN,,1300.95469859581,29.9866739472545,202.6617298108,1.29193127256875,105.030797657812,2.448491044,3.23249009602557,6.86973701188937,51.9577368211997,NaN,NaN,NaN,NaN,12.217136453209,0.530940662723005,13.527112651471,125.580000757511,6.60006367071535,28.8878681819606,0.054715172758924,,1299.05710044721,29.9917810679796,201.402976338297,0.36501930477535,105.011446221776,4.246096186,2.98777076625826,14.8289944005845,53.4297894595339,NaN,NaN,NaN,NaN,16.8792606091667,1.07440312579594,8.99832308696699,42.557482133899,7.60024412459778,18.4058374274593,0.348452704855215,,1299.31514728277,29.9837401519785,202.226376335164,1.42340286,64.0869800332023,2.232986452,3.05964686668211,19.5636955449902,20.5020710670734,NaN,NaN,NaN,NaN,14.1583806284451,1.98045446005912,14.3751846401085,440.824766923467,6.30310117693692,30.4076900918267,0.0443915177806902,,1298.89218313001,30,201.342418765089,1.57757123,65.6050172191405,2.331136094,3.49590621740015,17.2099340049306,20.4250077944504,NaN,NaN,NaN,NaN,9.28556242666667,1.87974910954993,17.4262332187543,507.25212485399,6.30797866260764,33.9730931043589,0.0339396650746138,,1301.03087427192,30,201.637625754066
11.9166666666667,1.31648749761906,89.5235346896552,2.482168506,3.05600538226273,8.56636174442715,99.0366703747372,NaN,NaN,NaN,NaN,9.91957976516667,0.60306808357541,15.2437260445036,2.07108090712047,6.59995066088814,31.203740832473,4.15782448098732,,1300.71921955305,30.0004045660496,201.411482378423,0.406722328015285,91.1807568483491,4.68246182,3.33940499222268,14.4664904146275,99.5911826057759,NaN,NaN,NaN,NaN,9.95951448466666,1.016381894045,12.7593486991314,NaN,7.60042836759934,26.1486946083098,NaN,,1300.15359280719,29.990186999899,202.693453525861,1.30905817784526,105.017141267543,2.448491044,3.22858548480183,6.97223967494213,50.3457545447863,NaN,NaN,NaN,NaN,12.1835945231244,0.54035665916053,13.5688560563954,129.111721906072,6.6000458860198,28.9697005233548,0.0540020608031676,,1301.49230447417,30,201.415123077581,0.401792349326315,104.99347378761,4.246096186,2.95905651547612,14.3991312591301,55.9802131578674,NaN,NaN,NaN,NaN,17.123178334103,1.04416630556475,8.84999598201026,42.8032823903449,7.59982345221904,18.132206912224,0.336410230458905,,1299.31165076259,29.9891321736393,202.257759394164,1.42340286,64.5676453232329,2.232986452,3.08403887697837,19.6131865307423,21.3123346752865,NaN,NaN,NaN,NaN,14.4468285123882,1.98687303747468,14.7186086952118,441.487061961868,6.30496935531918,31.0923234840226,0.0444256090038313,,1299.60489620046,30,201.33856992538,1.57757123,66.059638854965,2.331136094,3.3958767834278,17.1628677072609,20.6059720033604,NaN,NaN,NaN,NaN,9.75840332949999,1.87814526445744,17.4075048445801,509.829883149307,6.3106019336625,33.9338145995374,0.0336708979714881,,1298.9042035535,30,201.634048382056
12,1.33656882829919,88.9838285527302,2.482168506,3.13516024732805,8.91963791394965,98.7530795708001,NaN,NaN,NaN,NaN,10.0401950831667,0.628292996400363,15.4033865558275,2.68982805114356,6.60001940160367,31.5265476483561,3.33176321580364,,1300.47939988546,30.0012045782316,201.425882945967,0.442295044294623,90.7660128562337,4.68246182,3.2744146292471,14.130433220578,99.2104725647277,NaN,NaN,NaN,NaN,10.2813663868333,0.994162238361483,12.7476454677996,NaN,7.60048069071309,26.1260426713682,NaN,,1300.31642313097,29.9991916994759,202.723379549189,1.32614562281245,104.989162196018,2.448491044,3.19025540554257,7.19125898075265,48.5602645199667,NaN,NaN,NaN,NaN,12.5033673003665,0.556603697818716,13.5375822126364,127.218393898831,6.59988547706344,28.9083806118763,0.0565843054978568,,1298.44801732507,30,201.427124088086,0.436434366242536,105.026546422225,4.246096186,2.97525227936634,13.9243012267525,55.3214936487418,NaN,NaN,NaN,NaN,16.4235519379895,1.01036147773359,8.8548805506789,43.2027407758163,7.60020334368921,18.1411677507495,0.322317040446678,,1300.11319876957,29.9880535605423,202.287036919094,1.42340286,64.7284723250873,2.232986452,3.08032129861906,19.6071121523022,19.9371824527059,NaN,NaN,NaN,NaN,14.2851416598279,1.97969906402313,14.6701170525756,438.240914540305,6.30643966855574,30.9953769303129,0.0447413876306794,,1299.7403704658,30,201.334707244377,1.57757123,66.1466385886641,2.331136094,3.48496871822262,17.2576382486022,20.3905121490285,NaN,NaN,NaN,NaN,9.50171023160923,1.87052375164592,17.4026824076269,499.659639355529,6.31203379428949,33.9235360401776,0.0345431984057335,,1300.51176277861,29.9997787382625,201.630448902885
12.0833333333333,1.35749636211297,88.3231025111636,2.482168506,3.07491408821358,9.32786405153496,98.5691021232006,NaN,NaN,NaN,NaN,10.0286979226667,0.656942376069154,15.5331376097179,3.13931496290339,6.5998800183633,31.7894403465745,3.01161540930535,,1300.12431423096,30,201.441327311992,0.477624127696362,90.2394185508007,4.68246182,3.26646165176174,13.9323058667405,98.9828143020775,NaN,NaN,NaN,NaN,10.0694874952,0.981279119968264,12.7156645619195,NaN,7.60009163645796,26.0642156882014,NaN,,1299.37384988603,30,202.753201879127,1.33904346511253,104.972196341842,2.448491044,3.25723057820909,7.47490427396208,46.5859368754281,NaN,NaN,NaN,NaN,12.1662314099669,0.57956598913829,13.6782088291247,129.46939644212,6.59745182278783,29.1842422284885,0.057732879603677,,1299.59426847854,30.0009818125181,201.435353380253,0.469974744684114,105.014766285815,4.246096186,3.00571870158331,13.5898889182469,53.9028711034568,NaN,NaN,NaN,NaN,16.7767588687408,0.986909855780805,8.953287070748,43.7665977227094,7.6000898314403,18.3227201499687,0.310519699792492,,1299.57553294914,29.9972021223348,202.315255190673,1.42340286,65.0823319167666,2.232986452,3.06832567791853,19.6059362036,20.2279803435398,NaN,NaN,NaN,NaN,14.3417624328387,1.97826656666805,14.6325143100129,437.355519749256,6.30787396636689,30.9202344843408,0.0448383535864058,,1300.16683385563,29.9995957611013,201.330836839995,1.57757123,66.3314405585754,2.331136094,3.45052287191087,17.0863227349298,20.5390467681794,NaN,NaN,NaN,NaN,9.8987975222241,1.87172332412605,17.487542632052,509.526582770815,6.31390239898011,34.1024959305733,0.0335343045698985,,1299.07844487085,30,201.62686446845
12.1666666666667,1.37890371686327,88.2851680061118,2.482168506,2.89826849892873,9.74669874608364,104.582907674865,NaN,NaN,NaN,NaN,9.89519940083333,0.67906995748026,15.3886419785879,3.68385419888854,6.59986420367245,31.4966668026641,2.65605515584457,"Sample 7.00 mL to CDW Samples 1/A1",1300.69339805372,29.9993007204718,200.347606966017,0.51087611571392,89.6280655529702,4.68246182,3.08242393884732,13.6500478898319,98.532672604192,NaN,NaN,NaN,NaN,9.72990645129998,0.952576157524375,12.6019281128057,NaN,7.60012200285337,25.8447038915462,NaN,"Sample 7.00 mL to CDW Samples 1/A2",1300.85766620701,30,201.554471725522,1.3532610195201,104.974459707785,2.448491044,3.08954516448404,7.86366681127862,44.9718674972566,NaN,NaN,NaN,NaN,12.5221249874086,0.603769798185742,13.5889164769935,132.823601430249,6.60005272607386,29.0089501534012,0.0593309396357573,"Sample 7.00 mL to CDW Samples 1/A3",1300.3088119499,30.0001312618126,200.114791885398,0.502353862342543,104.999110959702,4.246096186,2.851063797523,13.3885255193176,51.7554117753852,NaN,NaN,NaN,NaN,16.7588663703333,0.958440618051556,8.94675851700635,44.6446280265293,7.59986461175625,18.3106396033021,0.299293730007564,"Sample 7.00 mL to CDW Samples 1/A4",1300.10691197172,30,200.907140629403,1.42340286,65.1170767067276,2.232986452,2.86627928016443,19.7548984691182,21.2288561179245,NaN,NaN,NaN,NaN,14.1465465815,1.95879764679488,14.7200553387413,439.084550334011,6.30924525165861,31.0952973751937,0.0451022206978272,"Sample 7.00 mL to CDW Samples 1/A5",1298.22925715576,29.9961147922635,199.779067791171,1.57757123,66.7179553065307,2.331136094,3.23409261698371,17.5152848792726,20.1230095493915,NaN,NaN,NaN,NaN,9.51714621966667,1.85335576359845,17.7247720127906,499.697669378624,6.31538520612724,34.6056112684769,0.0350894101168217,"Sample 7.00 mL to CDW Samples 1/A6",1300.19191666277,30,199.961018306736
12.25,1.39472361929627,94.5530307991327,2.482168506,3.14243196297998,9.84811684642637,111.091532156461,NaN,NaN,NaN,NaN,9.84668612021387,0.587345592592644,15.4166712174955,3.46113976616465,6.59927838831003,31.5533182873021,NaN,,1300.20278834416,29.9992971712689,194.173608783582,0.542500381784857,89.2414979789398,4.68246182,3.42807257226925,13.872981990823,99.6658212410182,NaN,NaN,NaN,NaN,10.0399029045,0.910788561703386,12.8516721581839,0.829981643408587,7.60021348407447,26.3280878333487,16.8171526712397,,1301.27565791004,30.0152381637326,195.512982991423,1.37716550885436,105.001395607366,2.448491044,3.3362448052138,8.24087287849374,44.1263503935556,NaN,NaN,NaN,NaN,12.3861023997581,0.608710470220629,13.5665579539819,136.343980384199,6.59959186530126,28.9650857567795,0.062269464366378,,1300.42534228928,30.0134889194581,194.169020988687,0.533097275625121,105.019741511707,4.246096186,3.04500715832072,13.642731458577,51.0400687319486,NaN,NaN,NaN,NaN,16.6785235876667,0.915327742328155,8.96818761919925,46.2516690273236,7.59975102012107,18.3501938058581,0.288243108103371,,1300.56235575956,30.0161949874437,195.073552612027,1.42340286,67.4130632389048,2.232986452,3.0867903001484,20.2817660545407,24.9261295657657,NaN,NaN,NaN,NaN,14.2939251081402,1.90671373935256,14.9037247189692,449.17457935661,6.31166523822883,31.4629613749261,0.0463689818207057,,1299.52237607166,30.0041009070484,194.029104172774,1.57757123,68.1056448244707,2.331136094,3.53630508644153,18.1390226236542,24.4641162101008,NaN,NaN,NaN,NaN,9.43726057870389,1.79336172237899,17.9129874425256,502.632407816973,6.31744462171359,35.0060648910964,0.0362386213021682,,1299.98258066884,30.0086294528163,194.325660102151
12.3333333333333,1.40596915653606,96.708270078116,2.482168506,3.0769014231601,7.16100354927619,101.588740965881,NaN,NaN,NaN,NaN,9.83152322261946,0.484350438103034,15.3658079699194,NaN,6.59951523914292,31.4506913085873,NaN,,1299.31355360056,30,194.179352723973,0.573599039830069,88.8631710357438,4.68246182,3.44557579982486,13.6024398780851,99.3187521611416,NaN,NaN,NaN,NaN,10.1204067715,0.925621670173679,12.7152353270265,0.52639879573121,7.59975189921604,26.0634424765121,28.247781255158,,1301.36412974177,30.0172570124176,195.538537995144,1.39671360428165,105.022674070085,2.448491044,3.31166398697044,8.56084832163408,52.7973331748027,NaN,NaN,NaN,NaN,12.3719938113415,0.640288299225308,13.5154780844422,136.583952241659,6.60021061155176,28.8652527624511,0.0626839923579448,,1298.9723871951,30.0169267904213,194.183526894532,0.561818647231584,105.018632610358,4.246096186,3.01003562947754,13.2099014504044,48.8984142322598,NaN,NaN,NaN,NaN,16.8383674526396,0.926711893919347,8.96680558733527,47.0433107057633,7.59971540719864,18.3476519234524,0.280811243910554,,1298.41727563779,30.0145690117506,195.096944252117,1.42340286,68.3469563980426,2.232986452,3.12258231945626,20.490934702859,20.401765381711,NaN,NaN,NaN,NaN,14.3382999365265,1.93068727437298,14.979725084974,421.129254185985,6.31279679179756,31.6157564679313,0.0486605965950327,,1299.71547019615,30.0100002288818,194.025148532366,1.57757123,69.3216973362821,2.331136094,3.53586456980245,18.0384635156281,20.8010876075447,NaN,NaN,NaN,NaN,9.59754076712944,1.82440692890125,17.8548943168309,488.965633554374,6.31845516250337,34.8820878866388,0.0368978779200436,,1298.74569248765,30.0100002288818,194.321967616882
12.4166666666667,1.4139296631227,97.4881518368601,2.482168506,3.15559302986574,5.81109583623974,101.527996515075,NaN,NaN,NaN,NaN,9.79656944157514,0.393654433072823,15.2273658588123,NaN,6.59995992895485,31.1707358182992,NaN,,1300.80800868313,30,194.181817039474,0.604434869979432,88.6925856752616,4.68246182,3.43478913524268,13.4520543336281,99.4194980661646,NaN,NaN,NaN,NaN,10.0402899018333,0.915015958690578,12.6068010423369,0.230710415909596,7.59960198183359,25.8536644484023,65.8635099036781,,1300.75121371238,30.0100002288818,195.563794230471,1.41318664457261,104.972214858318,2.448491044,3.30604313721211,7.17626970982014,69.217358962326,NaN,NaN,NaN,NaN,12.381482461164,0.537913542067641,13.4521660627586,137.528563039067,6.60014096026063,28.7409984010111,0.0521827721229378,,1300.15261590486,30.0003497801457,194.195033993263,0.589052664302802,104.977250873642,4.246096186,3.04951882370383,13.0097665669276,46.9479354758685,NaN,NaN,NaN,NaN,16.9193895856938,0.913480540804024,8.91786021954529,47.5852036904735,7.60011996158411,18.2573406366228,0.273406012774312,,1300.32240487563,30.0100002288818,195.118789893377,1.42340286,68.8279717538992,2.232986452,3.14887213038588,20.5141662221428,21.0380580123272,NaN,NaN,NaN,NaN,14.3855902773333,1.92041372730609,15.1936195867113,414.778466335068,6.31446430232405,32.0460834430023,0.0494710680803045,,1300.5471966084,30.0010467559911,194.021143682099,1.57757123,69.5820031942098,2.331136094,3.51742553747149,17.7834783122026,20.8690595544889,NaN,NaN,NaN,NaN,9.31846927358817,1.8112023982778,17.8778513082701,494.461917961458,6.31969079668171,34.9311181980684,0.0359659480077638,,1301.40306480777,30.0018826054334,194.3182519077
12.5,1.42029010704657,98.0387442917101,2.482168506,3.13881465189451,4.85819442425282,100.618532377827,NaN,NaN,NaN,NaN,9.65168241209153,0.329448736606244,15.1005641801019,NaN,6.59989032377648,30.9153123121254,NaN,,1300.85641157554,29.9968975809729,194.182623824746,0.634423539983352,88.4966813503364,4.68246182,3.42232209673954,13.239667139447,100.46484976502,NaN,NaN,NaN,NaN,9.798885161,0.900753287983539,12.8024891570209,0.52448867195835,7.60005604388672,26.2323418961072,42.9825730493553,,1300.72370029282,30.0100002288818,195.588196472323,1.42484341210659,105.035151838664,2.448491044,3.29671369770196,5.6507890242389,72.5348899573764,NaN,NaN,NaN,NaN,12.2769916023772,0.422452895394408,13.3802143295155,132.940681187327,6.59981895893041,28.6003493539341,0.0425631694171924,,1301.76817228805,29.9899997711182,194.201863473704,0.616902273448129,104.960999630799,4.246096186,3.06776797266544,12.7995201664461,45.062032763753,NaN,NaN,NaN,NaN,16.666357057753,0.899477232157015,8.95694530007465,48.026298311206,7.59972200041315,18.3294612679286,0.266514730352334,,1300.18064630306,30.0100002288818,195.141252755592,1.42340286,69.038598499343,2.232986452,3.13619668150737,20.5376580112744,20.2439775189645,NaN,NaN,NaN,NaN,14.2811744591667,1.91152590681177,15.1354216913684,408.602788218563,6.31652900907715,31.9286694254672,0.0502646444162538,,1299.84741300769,30,194.017106474603,1.57757123,69.9394291052287,2.331136094,3.53838444510234,17.9325058927402,20.1616071098655,NaN,NaN,NaN,NaN,9.55935302745571,1.80775941848585,17.9450500817529,485.4371285282,6.32093597812486,35.0745144807323,0.0369655384868988,,1300.65635373408,29.9995578712324,194.314544093856
12.5833333333333,1.42790412062813,98.2145600810473,2.482168506,3.10141317231088,4.16609377642985,100.228929312092,NaN,NaN,NaN,NaN,9.76312370653715,0.28281755708299,15.0683775736045,NaN,6.59823768813137,30.8504543373795,NaN,,1300.43939497789,29.9899997711182,194.184619925004,0.664146098915012,88.9828652321626,4.68246182,3.35538477652868,12.9317789795558,100.861152508333,NaN,NaN,NaN,NaN,10.2990063481667,0.879716876523923,12.6144261823742,NaN,7.59952163123157,25.8683316474623,NaN,,1299.50612848369,30.0049983282217,195.612364031887,1.43267152915715,104.97481406174,2.448491044,3.30433118913907,4.46540700834376,75.5622420060522,NaN,NaN,NaN,NaN,13.6938029582839,0.335225172650959,13.3856843308083,136.827265655765,6.59987887249086,28.6109631024289,0.0326444825192997,,1299.44875639789,29.9834593655619,194.204667410113,0.643632259722893,105.046266381211,4.246096186,3.04783110911605,12.6431097160702,44.5569386614532,NaN,NaN,NaN,NaN,16.730606384247,0.888337473135735,8.89764568384401,48.5169517145429,7.59995832270578,18.2200087149884,0.260594816551605,,1299.47087417057,30.0059177909877,195.162601692337,1.42340286,69.030880699617,2.232986452,3.13063266302036,20.4119251190039,19.7195331047005,NaN,NaN,NaN,NaN,14.2810741611667,1.90403197660773,15.1746914808952,411.679183829045,6.31744391092144,32.0078288195711,0.0495837753239318,,1300.21864341311,29.9999370747723,194.013070222722,1.57757123,70.0500040541428,2.331136094,3.46238471065608,17.9643373149319,20.0887841160038,NaN,NaN,NaN,NaN,9.39409569112279,1.79980656134212,18.1362630291894,479.076536274616,6.3236064758692,35.4840286309096,0.0375024565043349,,1300.23704655638,29.9960206221714,194.310786779963
12.6666666666667,1.433882024,98.4783916517042,2.482168506,2.89835863419257,3.87409835495003,100.584150103065,NaN,NaN,NaN,NaN,9.76255993972681,0.248095471776524,15.2097324896106,NaN,6.59009557401882,31.135405332112,NaN,"Sample 1.50 mL to AMBR-96DWP-2/A5",1299.58325932937,29.9899997967364,193.006429566066,0.693293625909846,89.437134323786,4.68246182,3.20906374504465,12.7581250135356,101.069020222764,NaN,NaN,NaN,NaN,11.1349458080312,0.842033564426366,12.7416963692042,NaN,7.59952851003223,26.1145204698156,NaN,"Sample 1.50 mL to AMBR-96DWP-2/A6",1298.59412724074,29.9987942884308,194.478270506119,1.43885490669339,105.004607610206,2.448491044,3.17406312936329,3.83591987648514,76.8531703733716,NaN,NaN,NaN,NaN,14.0594152728155,0.265175774431519,13.3723270319342,139.310483224232,6.5995107191861,28.5849769095962,0.0265697504514255,"Sample 1.50 mL to AMBR-96DWP-2/A7",1299.45865591014,29.9820765148267,193.066507506426,0.670556254572065,105.009096448492,4.246096186,2.8622709409421,12.502453599636,46.839945317749,NaN,NaN,NaN,NaN,16.9596910898333,0.847216031065871,8.93581508711332,48.8755000723186,7.59959256028608,18.2904348601956,0.254589588716923,"Sample 1.50 mL to AMBR-96DWP-2/A8",1299.65350424576,30,194.062013509871,1.42340286,69.4622805017081,2.232986452,2.87748104909808,20.4028060539779,22.4690913480657,NaN,NaN,NaN,NaN,14.5875259111538,1.85699705789805,15.2162450949511,416.572720157847,6.31916176163303,32.0918786495426,0.0493066441857897,"Sample 1.50 mL to AMBR-96DWP-2/A9",1299.86183478679,29.9904868927154,192.907107940139,1.57757123,70.24389014698,2.331136094,3.29533046299108,18.0646537306629,20.5514983154098,NaN,NaN,NaN,NaN,9.64280481166667,1.75140895296462,17.9654366968048,483.812087351758,6.3261123391943,35.1181048111392,0.0372757502052596,"Sample 1.50 mL to AMBR-96DWP-2/A10",1297.52450067787,29.9960532120597,193.221397859171
12.75,1.433882024,98.7892996891025,2.482168506,3.10307310842099,3.54937813899013,100.667019860949,NaN,NaN,NaN,NaN,9.9000233034027,0.228507681800526,15.0872934469863,NaN,6.59065924766238,30.8883907425998,NaN,,1298.99878033052,29.999802354487,192.385721658754,0.722271061101491,91.5510987139299,4.68246182,3.41932116698835,12.5705874030164,108.286508906418,NaN,NaN,NaN,NaN,11.3361505989688,0.842258516436974,12.7421781934893,0.00882152803253885,7.59982544414332,26.1155804220274,1429.95186601932,,1299.14365060625,29.9954803560459,193.865363061411,1.44138645671061,104.995799858502,2.448491044,3.3372753641773,3.32753222008654,78.1218083357858,NaN,NaN,NaN,NaN,12.2607519141841,0.22882866596135,13.4157770165144,136.984104216524,6.59984355760686,28.6697701852624,0.0229709658648521,,1302.52793212382,29.9903698183849,192.409463164837,0.69690136858674,105.00365922679,4.246096186,3.07967042506134,12.3488780063919,49.8579279420127,NaN,NaN,NaN,NaN,17.0000566603333,0.851682017706369,8.95964909924083,49.0026581361658,7.60007626723763,18.3344667930589,0.250355218813714,,1300.41025542704,30,193.411151776001,1.42340286,70.5228640150295,2.232986452,3.11300828055117,20.5586082111265,20.4428914435879,NaN,NaN,NaN,NaN,14.0876461251359,1.88789223365422,15.3965437609317,410.727312472071,6.32171836440886,32.4560509076903,0.0505561571241351,,1300.25774673418,29.99914206778,192.211022903695,1.57757123,70.6718906396181,2.331136094,3.55871414527359,18.1033733154229,21.4074103720333,NaN,NaN,NaN,NaN,9.35219200589423,1.77903406266233,18.0445142419608,482.281714082373,6.32835094455643,35.2871491322337,0.0374450799783244,,1301.19019204278,29.9999322357316,192.50926374184
12.8333333333333,1.433882024,99.0345489390434,2.482168506,3.11228747545343,3.11372599903158,100.372369699195,NaN,NaN,NaN,NaN,9.91947052366667,0.20959221134747,15.0093670617017,NaN,6.59145541524357,30.7317320159256,NaN,,1300.65778399317,30,192.380178911722,0.751870769096019,95.5609636725416,4.68246182,3.43976638817534,12.1147170605392,103.42980348885,NaN,NaN,NaN,NaN,10.3191841085339,0.813883418027013,12.5195319181844,NaN,7.59994324928516,25.6850748864638,NaN,,1298.96044080572,29.9899997711182,193.889413163779,1.44582113925038,105.003647378548,2.448491044,3.32009609908664,2.71068926930249,78.7905480158183,NaN,NaN,NaN,NaN,12.5037550694683,0.201868872012895,13.17728731118,138.164183275387,6.59996321657783,28.2041839661606,0.01962258750188,,1300.92630919763,29.9952575432307,192.408794437768,0.723707303787854,105.0169659997,4.246096186,3.06224472147885,12.0473417818408,58.8807905319238,NaN,NaN,NaN,NaN,17.1269759318107,0.8395828782915,8.93198428259006,48.7494692094397,7.59913559304977,18.2835200626013,0.247118587557515,,1300.31806488475,29.9968318703289,193.432539270624,1.42340286,70.488429765318,2.232986452,3.10386349063561,20.655866767974,20.4530700643717,NaN,NaN,NaN,NaN,14.6114550380834,1.88607421735514,15.2971610280275,402.370738545231,6.32254517699043,32.2556670646502,0.0513380835119131,,1300.53110921978,30,192.206948352379,1.57757123,71.1484694805125,2.331136094,3.5353611801736,18.1606563943032,20.439704881909,NaN,NaN,NaN,NaN,9.7200863653909,1.79055906385008,18.0954055063896,477.034069717713,6.33038280133893,35.3962099760437,0.0380747255184084,,1299.46176715434,30,192.50547810668
12.9166666666667,1.433882024,99.1687233330902,2.482168506,3.1042289637644,2.90595002981913,100.204404605106,NaN,NaN,NaN,NaN,9.879706085,0.195740057270309,15.0620173356705,NaN,6.59139742104142,30.8375815296982,NaN,,1300.21450098608,29.9996119086307,192.374639491545,0.7816573652542,96.3227073267127,4.68246182,3.35845964895539,11.6594123796849,101.565513010653,NaN,NaN,NaN,NaN,9.91542291648062,0.784798254565261,12.6156492435417,NaN,7.59995085628872,25.8707613926637,NaN,,1299.42587373251,29.9899997711182,193.913579520089,1.448120442,105.015387113822,2.448491044,3.34330123224719,2.42498275039604,79.7376211870772,NaN,NaN,NaN,NaN,12.3629741853654,0.180199972691531,13.3177892540421,135.064004180877,6.59947784272813,28.4785155235665,0.0179570797829952,,1299.59369338391,29.9940113159231,192.406192399265,0.749575908211465,104.99478686193,4.246096186,3.07879945175929,11.4611208734239,70.0287820875979,NaN,NaN,NaN,NaN,16.9116933491892,0.798370123176663,8.85277950885663,47.5506870929811,7.59959038809182,18.137254071093,0.241023793301245,,1299.5725194472,29.9860707161263,193.453011295719,1.42340286,70.9216122180981,2.232986452,3.15711223986095,20.7103911170183,20.5692634664606,NaN,NaN,NaN,NaN,14.9890729004603,1.89232572312071,15.5515663071177,402.892127941631,6.32416083279878,32.7707406561653,0.0514052463978084,,1299.58236035026,30,192.202869220604,1.57757123,71.2428374028233,2.331136094,3.49780169959951,18.13966333357,20.0233846644256,NaN,NaN,NaN,NaN,9.45378302287334,1.78468096999564,18.1378095005042,475.231092386658,6.3320928652294,35.4870956583152,0.0381864174653809,,1300.80684472894,30,192.501696570683
13,1.433882024,99.3418259920863,2.482168506,3.01382681710388,2.75699775490562,100.398014585606,NaN,NaN,NaN,NaN,10.0319015344297,0.185612432294294,15.0241457083284,NaN,6.59200000762939,30.761377366418,NaN,,1301.06737703532,29.9999859314315,192.369100067488,0.810317011669721,97.1170690894086,4.68246182,3.30510881292536,11.2204366093585,101.099180121387,NaN,NaN,NaN,NaN,10.0066381928188,0.755514102407381,12.5254893326642,NaN,7.59980533167145,25.69656353119,NaN,,1300.52386018114,29.9864028085471,193.936715885362,1.448120442,104.992493653311,2.448491044,3.30492112904769,2.20280273291434,80.2979105758775,NaN,NaN,NaN,NaN,12.4079143523155,0.164037282203896,13.2855143449826,137.340235480044,6.59959650739447,28.4152642983858,0.0160423484710677,,1300.29547599987,29.997547558756,192.401173994903,0.776458908845488,105.01110847537,4.246096186,3.05556319467255,10.9433381283714,72.6314601948683,NaN,NaN,NaN,NaN,16.9605823948303,0.762666100300254,8.77338141360988,47.3612864011325,7.59981123030621,17.990986030534,0.231057578789286,,1300.19206467112,29.9799995422363,193.474507621366,1.42340286,71.0538254100291,2.232986452,3.15164933469353,20.6343557501445,20.3914190238251,NaN,NaN,NaN,NaN,14.4950076524254,1.8868282079011,15.351037695277,404.022533415202,6.3244247154869,32.3638911663396,0.0510724109769865,,1301.17932978639,30,192.198792346235,1.57757123,71.4267461441757,2.331136094,3.53610448056926,18.7365597309105,20.2308780849791,NaN,NaN,NaN,NaN,9.68266425650818,1.78555216387343,18.1714250623501,443.126248761601,6.33362233901842,35.5592823848334,0.0424136489802584,,1300.02341707912,29.9959842877774,192.497852438189
13.0833333333333,1.433882024,99.5439324692043,2.482168506,3.06709079674835,2.63080713725038,100.194966122782,NaN,NaN,NaN,NaN,9.88733435740362,0.177133928843301,14.8686247522599,NaN,6.59200000762939,30.4492369947027,NaN,,1301.71529889468,29.9984389418733,192.363559990255,0.837907963555014,97.3034506812242,4.68246182,3.36507746635277,10.777587629433,100.305926054435,NaN,NaN,NaN,NaN,10.1607597951667,0.72655941992107,12.4891603605144,NaN,7.59978860908712,25.6265810460321,NaN,,1300.49129912377,29.9831502033042,193.958667893751,1.448120442,105.028221685274,2.448491044,3.34762762735872,2.05577614765579,80.8592834320287,NaN,NaN,NaN,NaN,12.0250445938142,0.153266888427597,13.3001963273574,139.170885496445,6.59921122811521,28.4439749083735,0.0147722609087372,,1300.55045051816,30,192.396167848457,0.803045702783056,104.996592893766,4.246096186,3.06933716550174,10.4596982276544,75.3556601225342,NaN,NaN,NaN,NaN,16.8793204088352,0.72916687172149,8.72228167565624,47.2691290827472,7.59932731360216,17.8967875456229,0.221278750625598,,1300.25545031125,29.9803999149582,193.495780117976,1.42340286,71.0790760925152,2.232986452,3.15912360858687,20.6196136855531,19.5419490856833,NaN,NaN,NaN,NaN,14.1601901199079,1.88393885251631,15.3860931057945,402.982645894802,6.3264039075889,32.4347197997886,0.0511682783047858,,1301.62211269729,30,192.194713991454,1.57757123,71.4109039743442,2.331136094,3.49660945715383,19.0819781840757,19.7815273871154,NaN,NaN,NaN,NaN,9.44111142907099,1.78522956612592,18.1587720819855,423.611258366935,6.33487728194667,35.5322392788338,0.0450517673170193,,1299.57941397002,29.9995980266422,192.493879929641
13.1666666666667,1.433882024,99.6829563600494,2.482168506,3.05755953472759,2.54298906308324,100.340731833564,NaN,NaN,NaN,NaN,9.96006511216667,0.171170528858913,15.0422313158683,NaN,6.59200000762939,30.7978548695306,NaN,,1300.68381427117,29.9999528020059,192.358019091469,0.865456342882683,97.7103372182042,4.68246182,3.33385604235347,10.4738245572003,101.006593719616,NaN,NaN,NaN,NaN,10.2805953315,0.706615376446882,12.4585708098131,NaN,7.59972362314635,25.5674810280195,NaN,,1300.9321472108,29.9899997711182,193.980689865502,1.448120442,105.013912244249,2.448491044,3.30229681994174,1.95715849924197,81.327669917762,NaN,NaN,NaN,NaN,12.245614234101,0.14536284373728,13.2630793600021,134.29639573199,6.59932111466382,28.3714128588543,0.014579987347904,,1303.77430270844,30,192.391153363805,0.827839062399836,104.991474819168,4.246096186,3.07441144704832,9.97053966898668,76.9120719987741,NaN,NaN,NaN,NaN,16.9003543950012,0.695440848908169,8.69852203753121,47.198392764295,7.59975765775088,17.8530441467541,0.211247579851859,,1300.7570331128,29.9858172685655,193.515128892047,1.42340286,70.7577748576831,2.232986452,3.15535237118925,20.5018525911143,19.3662585651308,NaN,NaN,NaN,NaN,14.0557593988757,1.87936661988451,15.4163064752527,406.500204484097,6.32799492914225,32.4958639818489,0.0504424986729659,,1299.87364976194,29.9998463021801,192.190641674942,1.57757123,71.5538496610494,2.331136094,3.54625501085532,18.9517469249385,20.5974879531579,NaN,NaN,NaN,NaN,9.57625954552727,1.78560713112782,18.3800313142564,431.864262597637,6.33722974876711,36.0084063368457,0.043891787429152,,1300.23128748691,30,192.489901157659
13.25,1.433882024,99.853922389318,2.482168506,3.055131778216,2.46473606237013,100.414315273553,NaN,NaN,NaN,NaN,9.87934951833333,0.165895363684275,14.9514695201081,NaN,6.59223387541344,30.6153968983453,NaN,,1300.124681825,30,192.352477582139,0.89173095626529,98.0218101555817,4.68246182,3.35140870876399,9.99923955388476,100.209945767789,NaN,NaN,NaN,NaN,10.1603323271667,0.675008034980527,12.439614697384,NaN,7.59969760370855,25.5308756330803,NaN,,1298.34033772478,29.9904018357205,194.001459437999,1.448120442,105.01965110237,2.448491044,3.34309692734457,1.86651186982329,81.7820229425876,NaN,NaN,NaN,NaN,12.2488147790885,0.1390301258273,13.3637411080753,137.954491321959,6.59966198157492,28.5681262230209,0.0135309140469184,,1299.4116575929,30,192.386138867966,0.851803178729507,105.018141339602,4.246096186,3.0640124396303,9.48122311898528,77.2155315513485,NaN,NaN,NaN,NaN,16.7378057652223,0.661621971159008,8.63023503729714,47.2003492687262,7.59984181764026,17.7273673094597,0.200872927622239,,1297.64329639992,29.9899997711182,193.533796613898,1.42340286,71.245487852571,2.232986452,3.1437099365687,20.6464423066784,21.672014342789,NaN,NaN,NaN,NaN,14.1841095261071,1.88939767661754,15.5850724873107,404.29470126015,6.32957350509046,32.8382709067546,0.0510722651481629,,1299.44281224049,29.9908051375882,192.186576114258,1.57757123,71.7746835730655,2.331136094,3.45385352902121,18.9510104686641,20.5005037162931,NaN,NaN,NaN,NaN,9.39889743463663,1.78678026015104,18.4710871332039,432.187453866127,6.338860083671,36.2051599844483,0.0438638027710757,,1299.76605161446,30,192.485948311963
13.3333333333333,1.433882024,100.052573649673,2.482168506,3.02879621413046,2.38313944731635,100.288188320053,NaN,NaN,NaN,NaN,9.95995295483333,0.160493895956139,14.9362925222036,NaN,6.59287997963023,30.5851160870075,NaN,,1298.87903548629,30,192.346938689187,0.915938087067971,98.1167009629515,4.68246182,3.44572764065382,9.60308072386214,100.348659984193,NaN,NaN,NaN,NaN,10.1191418551667,0.64872767235816,12.3583293588742,NaN,7.599475635181,25.3743100663143,NaN,,1298.47595483962,29.9946383720516,194.020096102769,1.448120442,105.020331721506,2.448491044,3.28591046260816,1.79258104028335,82.0496078204053,NaN,NaN,NaN,NaN,11.9992149033474,0.13343214960152,13.3595858409412,137.039848496926,6.59987945793292,28.5599393830319,0.0130879495365911,,1299.37234012015,29.9978387603193,192.381130773602,0.874383192481995,105.005880565739,4.246096186,3.07306929233537,9.06498655280345,78.0420701912633,NaN,NaN,NaN,NaN,16.879177242111,0.632664466907058,8.68585325800595,47.2404777851892,7.59953415930375,17.8297329954324,0.19189075819649,,1301.13584965396,29.9899997711182,193.551029923945,1.42340286,71.2173470815697,2.232986452,3.15718441325303,20.6210592923479,19.1671575886892,NaN,NaN,NaN,NaN,14.4492578236839,1.8860810755727,15.6215140557356,403.693205720861,6.3311785167041,32.9123014897397,0.0510841040962147,,1299.25951700109,29.9964909473893,192.182497341303,1.57757123,71.7908376847952,2.331136094,3.53988267873289,18.977846657646,19.6197035419081,NaN,NaN,NaN,NaN,9.75021139430165,1.78348528183991,18.4886116447884,428.833262392333,6.34161353767676,36.2433002103416,0.0442610861580962,,1300.52043833167,30,192.481981012741
13.4166666666667,1.433882024,100.144691548308,2.482168506,3.0702799517163,2.31503974298032,100.346313498936,NaN,NaN,NaN,NaN,9.7189734027758,0.155917324725432,14.9751125627993,NaN,6.59302451821003,30.6629470142059,NaN,,1299.01739303615,30,192.341400074959,0.939798954512393,98.3737341678371,4.68246182,3.32069105177281,9.26767601766124,100.332238120375,NaN,NaN,NaN,NaN,9.8216968883686,0.626137496657232,12.4375804577723,NaN,7.5995200612572,25.5269975352749,NaN,,1300.98450586046,29.9991929410783,194.038384128699,1.45086419320541,104.994537739848,2.448491044,3.33666728949956,1.73580548793631,82.5156980312718,NaN,NaN,NaN,NaN,12.5345766947492,0.129147176229718,13.2636995203707,136.104570645391,6.59962693849617,28.3726639320564,0.0127614278816698,,1300.7119774376,29.9904013715616,192.378789384079,0.895322530395245,104.962981583816,4.246096186,3.05329389673158,8.64474354720681,78.8270482598264,NaN,NaN,NaN,NaN,17.3592428956087,0.603885066056233,8.61787445569854,47.2746296288516,7.59932527395053,17.7046503741483,0.182862299419197,,1303.87157318774,29.9900864258321,193.566615009042,1.42340286,71.1101906665226,2.232986452,3.13244763560192,20.5400850734508,19.8667895819917,NaN,NaN,NaN,NaN,14.6385975986667,1.88613981306335,15.6004046367342,408.757394761371,6.33261126683007,32.8691901941891,0.0502501135471503,,1300.53375909226,30,192.178433412155,1.57757123,71.8301071887504,2.331136094,3.52178025667535,19.1160727309259,20.2179289423041,NaN,NaN,NaN,NaN,9.60114629935529,1.78407849091473,18.4469653116626,421.407236720829,6.34356522592616,36.153005577463,0.045370155851729,,1301.78830140602,30,192.477997151562
13.5,1.433882024,100.397640619254,2.482168506,2.96388020162069,2.2612869421428,100.206894130766,NaN,NaN,NaN,NaN,9.7593566842242,0.152265911570359,15.0754946099695,NaN,6.59383930459826,30.8646823673982,NaN,,1298.06285587778,30,192.335862961924,0.962650748922374,98.5154552448939,4.68246182,3.34232194779854,8.97566353919609,100.471390031958,NaN,NaN,NaN,NaN,9.99149155259331,0.606820321600521,12.3162064408126,NaN,7.59962204156519,25.2933668827547,NaN,,1300.92011378655,30,194.055696653693,1.451490136,104.991639881218,2.448491044,3.34914747150055,1.69553890122804,83.1053664827457,NaN,NaN,NaN,NaN,12.2048752148539,0.126536074887251,13.2636957205664,140.063810924106,6.59899997711182,28.3725796403068,0.0121056950076217,,1300.84256966463,29.9989046713738,192.374479499941,0.914195187707616,104.98962960565,4.246096186,3.02812421120686,8.27582435949812,79.6208207939628,NaN,NaN,NaN,NaN,17.526412730558,0.578292574677037,8.68838820168443,47.2556290092983,7.59903907990108,17.8344003451097,0.175129323767574,,1299.13999893113,29.9971682410871,193.580183001006,1.42340286,71.0124518209899,2.232986452,3.13634040179567,20.4751819515708,19.8971097724009,NaN,NaN,NaN,NaN,14.1656237868257,1.88699849084079,15.7621359574716,411.982929327144,6.33475786414114,33.1984674042313,0.049700003022038,,1299.35184081308,30,192.174381164702,1.57757123,72.0030162052894,2.331136094,3.50322430249613,19.0782230379997,20.552117056214,NaN,NaN,NaN,NaN,9.88496555210818,1.78608595574756,18.4917940334185,425.358898450437,6.34507556607207,36.2500158733322,0.044868019038482,,1302.1181593522,30,192.474006098986
13.5833333333333,1.433882024,100.460816577562,2.482168506,3.02905902641356,2.1887824929663,100.199744178671,NaN,NaN,NaN,NaN,9.88001118531302,0.147368167302735,14.8984829982956,NaN,6.59379819416224,30.5093113893711,NaN,,1299.37713423708,30,192.330322826167,0.984557061699944,98.8271521758799,4.68246182,3.31038704088878,8.62782474349847,100.383673090273,NaN,NaN,NaN,NaN,10.2568082718893,0.583197214337252,12.4224969735811,NaN,7.59949347347895,25.4979185259706,NaN,,1301.25419329188,30,194.072059703749,1.451490136,104.990602760276,2.448491044,3.32275687598326,1.64115913200025,83.3109219707449,NaN,NaN,NaN,NaN,12.6154260826035,0.122062943358691,13.3256248068284,135.448807190355,6.59904038074285,28.4936405310983,0.0121216415283871,,1300.28970672104,30,192.369473747378,0.931899726997836,105.015552767256,4.246096186,3.07363250602822,7.89410852087204,80.6832521272438,NaN,NaN,NaN,NaN,17.319295927,0.551597603672532,8.60139590329295,47.2196028582439,7.5997078284472,17.674326256706,0.167178686039607,,1300.72842188845,29.9979494261574,193.592445872461,1.42340286,70.9836908787033,2.232986452,3.11121937738048,20.5079149493619,20.3412508397717,NaN,NaN,NaN,NaN,14.6709969270077,1.88822284688124,15.8329847918302,411.338346684906,6.33635337333715,33.3428412145106,0.0498604771581834,,1299.67786397398,30,192.170339029933,1.57757123,72.0088199310996,2.331136094,3.51591773628714,19.2482973608121,19.6857839045929,NaN,NaN,NaN,NaN,9.48678808583333,1.78682686197955,18.451396351721,416.300493858031,6.34753882072845,36.1627557158656,0.0462482037134659,,1299.66554114301,29.9920546488329,192.470001693297
13.6666666666667,1.433882024,100.619444615647,2.482168506,3.0139973399585,2.14112529769429,100.23930880554,NaN,NaN,NaN,NaN,9.43731031635365,0.14416108709717,14.9828068323499,NaN,6.59395974403538,30.6783539893007,NaN,,1300.93276719623,29.9914450599091,192.324784030844,1.00586482738708,99.028221887635,4.68246182,3.25189912280167,8.34322129044564,100.37784015827,NaN,NaN,NaN,NaN,9.97060710848213,0.564018424221027,12.512561872082,NaN,7.59923618903566,25.6716626902335,NaN,,1299.29566650175,30,194.0878208811,1.451490136,104.976783027329,2.448491044,3.32476562962061,1.59551171195563,83.9907365123072,NaN,NaN,NaN,NaN,12.6124852244601,0.118955628315055,13.2396617366602,138.504631304977,6.59904031672849,28.3257238261074,0.0115201312798523,,1300.45018551386,30,192.364463224052,0.949922268414263,104.988319202024,4.246096186,3.08271618185548,7.53506133493165,81.4963391886275,NaN,NaN,NaN,NaN,16.9598657586667,0.526713811954797,8.575086952189,47.1877654500182,7.59941285751099,17.6259647498831,0.159681834165536,,1299.56591410983,29.9988295789033,193.605169341033,1.42340286,71.3727780879583,2.232986452,3.17463018273006,20.59235057328,20.2979753375448,NaN,NaN,NaN,NaN,14.8498176476667,1.89267290851372,15.8384761589014,409.337944617334,6.33798210560667,33.3540403644309,0.050306647807932,,1298.86533895719,30,192.166287266713,1.57757123,71.9622337803657,2.331136094,3.56724644768013,19.3629342321741,20.3017679495664,NaN,NaN,NaN,NaN,9.42801697545739,1.78875049351162,18.5681876529597,411.266459613116,6.35068533783653,36.4155084462164,0.0470814975029735,,1300.60731765453,29.9991035904283,192.465968894338
13.75,1.433882024,100.708066633313,2.482168506,3.04690217961009,2.08750625726996,100.204715641747,NaN,NaN,NaN,NaN,9.91975714133333,0.140570356999054,14.9338398082107,NaN,6.59437016719958,30.5799986873735,NaN,,1301.27994081394,29.9968999417336,192.319244979384,1.02617597768868,99.1700950779952,4.68246182,3.34417930172267,8.03173022649189,100.412143909132,NaN,NaN,NaN,NaN,9.7585953025,0.543560848420874,12.3492557371423,NaN,7.59927949457718,25.356827333094,NaN,,1298.97205633652,29.9971860994581,194.102564180777,1.451490136,104.989440725595,2.448491044,3.30899989930035,1.55794461205585,84.4642826537293,NaN,NaN,NaN,NaN,12.3132259293859,0.115902572654194,13.3818237735624,135.793646128661,6.59895971523684,28.6033326708018,0.0114792785162203,,1299.4072223906,30,192.359457588575,0.966444754455062,105.018399838802,4.246096186,3.10445924172159,7.16809861851867,81.9457578117708,NaN,NaN,NaN,NaN,16.8390920568333,0.501119545127175,8.56966223352097,47.1952858507199,7.59962239392514,17.6159688626456,0.151881086905243,,1299.40083867478,30,193.61631922923,1.42340286,71.3824696992743,2.232986452,3.15045550459066,20.60497674506,20.0620262703424,NaN,NaN,NaN,NaN,14.2249042638333,1.89334635532388,15.8754448754619,409.246346844053,6.33958634699905,33.4295563513615,0.0503493240871509,,1299.47628360346,30,192.162233261654,1.57757123,72.26163129269,2.331136094,3.48994186851176,19.448165181629,20.5622524169524,NaN,NaN,NaN,NaN,9.73883394803485,1.7938180534603,18.6203723726921,409.32574830763,6.35238303907126,36.5288029888305,0.0475137576312285,,1301.68067053773,29.9996004701274,192.461926791156
13.8333333333333,1.433882024,100.774974005276,2.482168506,3.06432602960542,2.04296475697848,100.286467598493,NaN,NaN,NaN,NaN,9.95968322,0.137629946384299,14.9743413628099,NaN,6.59439480350679,30.6613249101773,NaN,,1301.27222929052,29.9995978659044,192.313708114943,1.04548381563991,99.3880014833064,4.68246182,3.22493009698221,7.68127442139494,100.27867288131,NaN,NaN,NaN,NaN,9.9998398225,0.519740262897083,12.3162334567554,NaN,7.59936302826787,25.293284982233,NaN,,1299.34673407519,29.9935774511996,194.11631341379,1.451490136,105.030116234434,2.448491044,3.31822737013363,1.51139178305733,84.8142233835552,NaN,NaN,NaN,NaN,12.412648076638,0.112600556959774,13.3837523725339,137.918397579914,6.59899997711182,28.6071276536485,0.0109599093612554,,1299.25793817708,30,192.354444720028,0.981686428468929,104.96942748918,4.246096186,3.08594541846565,6.84565372624254,82.506014204834,NaN,NaN,NaN,NaN,17.0974876423333,0.478893261040238,8.6070331883792,47.1475096739642,7.59827060320713,17.6847060700469,0.145195814495627,,1298.77698642652,29.9987921465067,193.626258946938,1.42340286,71.2922501416627,2.232986452,3.08439597743537,20.5263961371275,20.204881007508,NaN,NaN,NaN,NaN,14.7804435943333,1.89275937135391,15.8426361830065,412.550052441035,6.34086378798888,33.3626133158444,0.0497549449306362,,1299.32495817718,30,192.158184002107,1.57757123,72.3596089460593,2.331136094,3.54532669838626,19.4234717733741,20.0627590101712,NaN,NaN,NaN,NaN,9.52068019024034,1.79625451586621,18.6800149492043,412.742771357947,6.35469503536069,36.6585838809174,0.0470612470352491,,1300.67116502071,30,192.457883860205
13.9166666666667,1.433882024,100.958019083802,2.482168506,3.02869702113842,1.99521789584454,100.215846116573,NaN,NaN,NaN,NaN,9.919556771,0.134396720509656,14.8859092765153,NaN,6.59475435147508,30.4838685631274,NaN,,1300.01832021547,30,192.308173538559,1.06446506926953,99.551029885724,4.68246182,3.23029010680163,7.36278891076612,100.282486394205,NaN,NaN,NaN,NaN,10.1616594315,0.498272207129691,12.3030792923965,NaN,7.59895481270395,25.2679360949754,NaN,,1300.71592014961,30,194.129795110687,1.451490136,105.002052060263,2.448491044,3.31618963347512,1.46344299668805,85.1882886581015,NaN,NaN,NaN,NaN,12.3209930281247,0.109110842098416,13.4034834267762,139.071197370675,6.59899997711182,28.645743121684,0.010524058818268,,1300.34108802209,30,192.349441326308,0.996152920874625,104.976683759485,4.246096186,3.04574660507474,6.52628766795315,82.9227662947809,NaN,NaN,NaN,NaN,16.6605426711667,0.456709008209411,8.46903528905561,47.1259635870014,7.59959774492175,17.4310611052604,0.138484971670688,,1299.73631668526,30,193.63536222428,1.42340286,71.4200412819942,2.232986452,3.14918733756082,20.5647217847765,19.9980818410362,NaN,NaN,NaN,NaN,14.7492676003742,1.8968502902058,15.9397878970861,413.232056919485,6.34223212392339,33.5611214928213,0.0497658719130557,,1300.82286790033,30,192.154143728092,1.57757123,72.255211563545,2.331136094,3.51994784059462,19.3620412622378,19.8529072604416,NaN,NaN,NaN,NaN,9.73366587576743,1.79494697780982,18.7422119438418,414.952236943354,6.35637097894287,36.7941546821834,0.0466659030719418,,1299.26286514972,30,192.453851733715
14,1.433882024,100.984653128988,2.482168506,3.01761550140701,1.94059074934467,100.082413458985,NaN,NaN,NaN,NaN,9.91925059033334,0.13069848177139,14.9531979156874,NaN,6.59472134234621,30.6188690497888,NaN,,1299.32208904331,30,192.302636974451,1.08213916311756,99.637829888837,4.68246182,3.28332102162874,7.1228177711352,100.364599693709,NaN,NaN,NaN,NaN,10.2012335516667,0.482376538427072,12.3388716692791,NaN,7.59914185062495,25.3368789686862,NaN,,1302.17928877213,30,194.141919619921,1.451490136,105.009934844354,2.448491044,3.35906947157944,1.42962395351776,85.5847442249595,NaN,NaN,NaN,NaN,12.3714476820925,0.10624681809024,13.3424587514326,134.745209873365,6.5990002348863,28.5263655403736,0.0106140443396363,,1298.57225559886,30,192.344427999241,1.01023890881197,105.014776956006,4.246096186,3.03252963924204,6.22259281201285,83.393603624153,NaN,NaN,NaN,NaN,17,0.435345645027253,8.57655677153991,47.0677370301653,7.59972889739756,17.6286745359623,0.132204144819376,,1299.46906123256,30,193.64408056403,1.42340286,71.5582299134222,2.232986452,3.19990077176886,20.5428392519417,20.1497690221167,NaN,NaN,NaN,NaN,14.6248071356258,1.89967105002986,16.0582728147459,416.784696245351,6.34356888354737,33.8037870348277,0.0492906156464469,,1299.41509808455,30,192.150107973495,1.57757123,72.4377890653466,2.331136094,3.47586834305909,19.3979987614811,19.8656250983869,NaN,NaN,NaN,NaN,9.63555735216667,1.79470084851543,18.5739876190638,413.955977323061,6.35841482412054,36.4280802434272,0.046863086233442,,1300.15090150687,30,192.449825697588
14.0833333333333,1.433882024,101.190734043567,2.482168506,2.800791436322,1.91802079811767,100.320526452054,NaN,NaN,NaN,NaN,10.0803490036667,0.126371225237477,14.8629462886656,NaN,6.59499979019165,30.4378139451962,NaN,"Sample 1.50 mL to AMBR-96DWP-2/C1",1299.0260457125,29.9975841753874,191.485087921263,1.09923254876364,99.8307440879072,4.68246182,3.01780579427094,6.91764048552693,100.170767415689,NaN,NaN,NaN,NaN,10.2416721105,0.454375034715606,12.3739506599455,NaN,7.59927620517064,25.4043640664413,NaN,"Sample 1.50 mL to AMBR-96DWP-2/C2",1300.84384976315,30,193.389468699738,1.451490136,105.014432963425,2.448491044,3.14883635187202,1.39057526400825,85.8037632696552,NaN,NaN,NaN,NaN,12.4028074579256,0.100339664585507,13.3348670770374,138.661301629835,6.59887946955123,28.5115881053248,0.010045746511808,"Sample 1.50 mL to AMBR-96DWP-2/C3",1300.66352694362,29.9991928519163,191.624654872884,1.02411848539792,105.027048814743,4.246096186,2.88991576805075,5.9971672578426,83.7962897948535,NaN,NaN,NaN,NaN,16.6777724375,0.407530156527612,8.55264759677472,47.1386020250935,7.59955041902456,17.5847026394497,0.12649153896993,"Sample 1.50 mL to AMBR-96DWP-2/C4",1299.73729567862,29.9991962401072,192.985191071952,1.42340286,71.4901953471933,2.232986452,2.88930421903711,20.6568204231202,20.2597593588046,NaN,NaN,NaN,NaN,14.6275551528675,1.86852378308446,16.1177463681061,416.649880073265,6.34484428690365,33.9256539410845,0.0496370568420878,"Sample 1.50 mL to AMBR-96DWP-2/C5",1299.28579712601,29.9967831770461,191.525690697275,1.57757123,72.1128191122008,2.331136094,3.31479706582369,19.4318100308884,19.8257721875129,NaN,NaN,NaN,NaN,9.522765172,1.76849909720807,18.7598748171227,417.416813466303,6.3613570913396,36.8322549857194,0.0464644719133063,"Sample 1.50 mL to AMBR-96DWP-2/C6",1299.6681514067,29.998392554896,191.874196989795
14.1666666666667,1.433882024,101.333878365055,2.482168506,3.00812014849629,1.89808652070697,100.246847406081,NaN,NaN,NaN,NaN,9.79920670716667,0.124626562569928,14.9006387749873,NaN,6.59499979019165,30.5134032494893,NaN,,1300.13209797579,30.0005826687893,190.497567386687,1.11520147326181,99.9878726595564,4.68246182,3.25286100408279,6.77062193288938,100.367649111379,NaN,NaN,NaN,NaN,10.4928774385,0.440251503759698,12.2568658650538,NaN,7.59901249284922,25.1791062949176,NaN,,1301.43740609175,30,192.369871435026,1.451490136,104.996214411897,2.448491044,3.35404826947557,1.37443644903727,86.2679024980736,NaN,NaN,NaN,NaN,12.3167040576667,0.0979862568186223,13.3586504223181,136.981013775189,6.59904022421536,28.5581593633652,0.0101029548965306,,1299.20868557683,29.999193131746,190.540413222335,1.03717664227156,105.010201064191,4.246096186,3.07052521489055,5.86165230391628,84.3194000176425,NaN,NaN,NaN,NaN,16.8791970098333,0.389497739424672,8.4967038775748,47.3778443534414,7.59951468360688,17.4819475934597,0.120322539837529,,1302.17038156965,30.0008060601388,191.866283684562,1.42340286,71.9597484686577,2.232986452,3.15639599857162,20.7462309307529,20.684802625543,NaN,NaN,NaN,NaN,14.4922328822992,1.86096736526622,16.0621394169564,418.889785978911,6.34735102218133,33.8115776140735,0.0498074786302934,,1300.29655237665,29.9991929898178,190.348058544896,1.57757123,72.4971552007923,2.331136094,3.53061834279732,19.5314051413289,20.9816870170664,NaN,NaN,NaN,NaN,9.75675135034222,1.75548046051291,18.9385817680179,420.02113276597,6.36374697860399,37.222754409313,0.0459135721903522,,1299.67206582468,30,190.647787660206
14.25,1.433882024,101.399664654763,2.482168506,3.01112688696378,1.83660561229338,100.138537531916,NaN,NaN,NaN,NaN,10.1608448193333,0.122513500047382,14.8986802991662,NaN,6.59499979019165,30.5095559810063,NaN,,1298.3574357957,30.0006207070599,190.49202933386,1.13024774583667,100.090031917927,4.68246182,3.34787857276977,6.37293744310537,100.230018723548,NaN,NaN,NaN,NaN,10.2417770772402,0.427951927437855,12.2411148885498,NaN,7.5968111150058,25.148766490739,NaN,,1299.88576995827,30,192.379497723681,1.451490136,104.984204409648,2.448491044,3.36496549670547,1.31876682913437,86.7036660179984,NaN,NaN,NaN,NaN,12.597795887,0.0971945658261508,13.3601373677239,136.914848100031,6.59916101305304,28.5609504679881,0.00963351072270646,,1299.10303788606,30,190.535395971431,1.04936356080464,105.022937161805,4.246096186,3.06178074980251,5.46892712154922,84.7006827915615,NaN,NaN,NaN,NaN,17.0804445486667,0.379228836721991,8.50829185585866,47.2091335968276,7.59950903298815,17.5031925342022,0.115843587765156,,1301.43079821385,30.0008073323563,191.873166012919,1.42340286,72.1358653440135,2.232986452,3.12203156240689,20.7699344849934,21.0509836599697,NaN,NaN,NaN,NaN,14.7130473785,1.8933921279248,16.1945114431197,415.000393371229,6.34954072500131,34.0834300901785,0.0500483939007615,,1300.1448273941,30,190.344012915067,1.57757123,72.9159039531872,2.331136094,3.54112106358778,19.4924903611714,20.943597428706,NaN,NaN,NaN,NaN,9.97293396999112,1.77807347626913,18.9497486623991,411.542467625425,6.36554853087542,37.2469604051999,0.0473745197908177,,1299.31453311533,29.9991937395083,190.643756567878
14.3333333333333,1.433882024,101.454676161695,2.482168506,2.99104327469061,1.79058363622694,100.085802233541,NaN,NaN,NaN,NaN,9.87943653483333,0.119492651563388,14.9245995429617,NaN,6.59499979019165,30.5617199569826,NaN,,1298.79244696136,30.0007821293243,190.486493050147,1.13846791605658,100.249178539541,4.68246182,3.29218096524562,6.21565263261548,100.230956755983,NaN,NaN,NaN,NaN,10.1497322044265,0.417513369504071,12.3051300808714,NaN,7.59853559268964,25.2718895816764,NaN,,1297.72131891791,30,192.38214744542,1.451490136,104.966751074112,2.448491044,3.33130235706538,1.28938713515016,87.0275466301928,NaN,NaN,NaN,NaN,12.3553696301667,0.0950920024635674,13.4019544654636,137.838297786327,6.59924134078686,28.6427789800222,0.00935862961960581,,1299.60347832696,30.0008041783508,190.530387792539,1.0611055899253,104.996151713981,4.246096186,3.07635497364881,5.27944839704462,85.1634552931123,NaN,NaN,NaN,NaN,16.9192977751667,0.366187993933849,8.59726543527615,47.0487518655277,7.59662743760274,17.6667473050575,0.112211193732318,,1298.33518212971,30.0004053419907,191.87955804,1.42340286,72.4193108896643,2.232986452,3.13164256394211,20.8188703545822,19.4846314835374,NaN,NaN,NaN,NaN,14.052289689,1.89833770819526,16.3239931555183,415.275495880939,6.35185061095102,34.3499967442469,0.0501328914258677,,1300.17634143568,30,190.339965034942,1.57757123,73.476533377037,2.331136094,3.5632719872428,19.5314960221637,20.8740936840774,NaN,NaN,NaN,NaN,9.16025979327109,1.76749433200894,19.0583462099239,403.444773865495,6.36692404284695,37.485276610342,0.0484265931672371,,1298.86706981288,29.9999999999706,190.639689194154
14.4166666666667,1.433882024,101.500413371987,2.482168506,3.04717954670867,1.75388865541766,100.191704666584,NaN,NaN,NaN,NaN,10,0.116989742187563,14.8687251304914,NaN,6.59499979019165,30.4494448615966,NaN,,1301.87830320336,30.0004245227398,190.480957141534,1.15355897609819,100.311188457718,4.68246182,3.27667805751374,5.93007029042854,100.190055678647,NaN,NaN,NaN,NaN,10.0403232988333,0.398493829617822,12.3296738111807,NaN,7.60000579174479,25.3191726326136,NaN,,1298.68662281907,30,192.39158221191,1.451490136,104.997667254269,2.448491044,3.34117254314238,1.25880041332097,87.2737738841963,NaN,NaN,NaN,NaN,12.6503263409545,0.0925807019372675,13.320346402696,134.385598500481,6.59946922291593,28.4831768514165,0.00937023958127824,,1300.47706383572,30,190.525368153727,1.07025880289222,104.996021472084,4.246096186,3.10606026058762,5.02965151715258,85.5147936921697,NaN,NaN,NaN,NaN,17.2811725885,0.348924080914412,8.56779661083127,46.9100215918605,7.59937802684571,17.6126002238663,0.107217410778686,,1302.24916640696,30,191.883339836434,1.42340286,72.0970508998907,2.232986452,3.14552858506203,20.7766391400625,19.4367458353279,NaN,NaN,NaN,NaN,14.339926459395,1.89769718826861,16.3992710818482,416.84724616962,6.35404076561433,34.5052042057944,0.049842936179151,,1299.83450917555,30,190.335920394427,1.57757123,73.774523717844,2.331136094,3.52280080373442,19.6232976311123,20.4493820471922,NaN,NaN,NaN,NaN,9.84898094519334,1.7580988291995,18.9001241378838,392.876404923251,6.36799955368042,37.138656459655,0.0499511337279314,,1299.61495043492,29.9935685164261,190.635580967527
14.5,1.433882024,101.557927352042,2.482168506,3.0217651029422,1.71607728954847,100.182530941503,NaN,NaN,NaN,NaN,9.999972791,0.114565711317645,14.968708940841,NaN,6.5950805476487,30.6501167867939,NaN,,1299.08735312506,30,190.47542296406,1.16880014782774,100.400820305238,4.68246182,3.28898533796185,5.70917848923778,100.194517878752,NaN,NaN,NaN,NaN,9.9594172785,0.383856818102232,12.2163456009532,NaN,7.5998658494213,25.1012259085526,NaN,,1299.94977858,30,192.401322091753,1.451490136,104.972979337987,2.448491044,3.36755921847502,1.22009312227608,87.5643364356532,NaN,NaN,NaN,NaN,12.4827705779593,0.0900667413181619,13.3524594144998,138.801011584631,6.59979883283349,28.5459210270117,0.00879068912433337,,1298.40532717518,30,190.520355703656,1.08052434039601,105.010950445794,4.246096186,3.07343967639027,4.79216088781699,85.8283367651024,NaN,NaN,NaN,NaN,17.1377085424049,0.332449526454715,8.45498585368099,46.7158620230679,7.59927264874766,17.4052599507089,0.102579811303574,,1300.4396228304,30,191.888242176027,1.42340286,71.8904902677901,2.232986452,3.17370100613722,20.6413822004954,19.6719746994216,NaN,NaN,NaN,NaN,15.2542252946429,1.89314485084605,16.2533879993259,421.075500390365,6.35578926436727,34.2045164632106,0.0490236716115975,,1300.40274797613,30,190.331885546045,1.57757123,74.1652716469102,2.331136094,3.57938077615653,19.6704188855237,20.7533061580592,NaN,NaN,NaN,NaN,9.84949287553558,1.75220444126961,19.0637599404459,386.279346222543,6.36954684962451,37.497230550191,0.0509243775228572,,1299.16249024267,29.9970744981932,190.631441419433
14.5833333333333,1.433882024,101.646354235035,2.482168506,3.02354109747244,1.68455038525402,100.170079477697,NaN,NaN,NaN,NaN,9.879399724,0.112446810552898,14.8084871531742,NaN,6.59547327449222,30.3290702055736,NaN,,1300.04084058355,30,190.469890331449,1.18302151109853,100.547989458337,4.68246182,3.27558855707575,5.50485950265394,100.11021094719,NaN,NaN,NaN,NaN,10.1038352716713,0.370012100025197,12.2638196849806,NaN,7.59973182501781,25.1924353201708,NaN,,1298.32974720223,30,192.40999780116,1.451490136,105.02216526491,2.448491044,3.37685021867354,1.20061561889154,87.8626112966618,NaN,NaN,NaN,NaN,12.1207643194795,0.0882781579457592,13.3881802340579,134.135570834989,6.59979876757439,28.6157827204335,0.00895465227612675,,1300.47570619251,29.9958098874098,190.515340523348,1.09251473867013,104.970796382296,4.246096186,3.11189431387777,4.60562161314401,86.131009329455,NaN,NaN,NaN,NaN,17.1705980822701,0.319529369547593,8.49106452723791,46.5259445793668,7.59628006499261,17.4715416260101,0.0989895019362534,,1301.40854297458,30,191.894803532302,1.42340286,71.8457869151151,2.232986452,3.13064577005973,20.7867838262439,19.9613870218711,NaN,NaN,NaN,NaN,14.6560423754621,1.90472986326593,16.4868085785704,419.910471210354,6.35782176327838,34.6864223504666,0.049508192908287,,1299.02037485375,30,190.327864131989,1.57757123,74.5881281711489,2.331136094,3.54681098687986,19.6834846702378,20.7183272867515,NaN,NaN,NaN,NaN,10.2833798880283,1.7471170404093,19.1109196198538,383.045952277554,6.37088969653341,37.6007323037142,0.0513877586234646,,1298.99079336209,29.9908129789429,190.627284660221
14.6666666666667,1.433882024,101.74335580991,2.482168506,3.00283464436844,1.65262396960518,100.082788584382,NaN,NaN,NaN,NaN,9.959942589,0.110312868237224,14.9122930685124,NaN,6.59567869186262,30.5368346713841,NaN,,1300.66670890546,30,190.464357632177,1.19614668605803,100.615611096022,4.68246182,3.24289092624247,5.26420325979667,100.161720863282,NaN,NaN,NaN,NaN,10.3580803278287,0.35394731075499,12.1837443270731,NaN,7.59973905303442,25.0385211538501,NaN,,1300.11978052767,30,192.417568435834,1.451490136,104.98321516128,2.448491044,3.3806351660898,1.17036608508241,88.1915078684075,NaN,NaN,NaN,NaN,12.6013743396594,0.0863123283976457,13.4659079956425,138.114363914957,6.59999990463257,28.7678617344196,0.00847448757131454,,1300.64807006557,29.9997719866846,190.510323126945,1.09913482409549,104.999101116696,4.246096186,3.04391834694788,4.43430120322001,86.4173070036626,NaN,NaN,NaN,NaN,16.8038301758249,0.30769852351704,8.45083822559555,46.3570337026522,7.59777970039643,17.3976460702511,0.0956536398206937,,1297.08344895573,30,191.896194712497,1.42340286,71.9482366799224,2.232986452,3.13198274793036,20.822479499832,20.3984822700742,NaN,NaN,NaN,NaN,14.808073833,1.90731086080242,16.5230054430975,419.740041395569,6.35977346387527,34.76087875305,0.0496081149145787,,1299.07238346241,30,190.323834656587,1.57757123,74.6471176784163,2.331136094,3.52727736195905,19.6437055225635,19.6554393618937,NaN,NaN,NaN,NaN,9.75693590030503,1.73921724324713,19.2242670634272,379.764609731076,6.37180757036845,37.8504313373736,0.0517273140827002,,1301.4697684242,29.9952428857475,190.623114194594
14.75,1.433882024,101.838132299728,2.482168506,3.0060718435452,1.62678836477988,100.231446437275,NaN,NaN,NaN,NaN,10.0401647691667,0.108575834190412,14.9349608491316,NaN,6.59600019454956,30.58227651327,NaN,,1300.11437189398,30,190.458824386477,1.21007291565261,100.653056907806,4.68246182,3.28350632805752,5.08262914054535,100.240414709434,NaN,NaN,NaN,NaN,10.3572810713333,0.341922106450593,12.1566676535301,NaN,7.59959302453123,24.9865812878281,NaN,,1298.36073458361,29.9991965939392,192.425951325877,1.451490136,104.994200347132,2.448491044,3.3650259602986,1.14634005365735,88.4060376663637,NaN,NaN,NaN,NaN,12.4530573424773,0.0844285829056743,13.5116118262494,136.207522163015,6.59999990463257,28.8573465676338,0.00842201397642561,,1299.18511382163,30,190.505315270457,1.10951682377503,105.005399153848,4.246096186,3.07528609917706,4.21646945583066,86.6920585915566,NaN,NaN,NaN,NaN,16.6022286661667,0.292517554844106,8.57751610934396,46.0906014082326,7.59595313822517,17.6304516909872,0.0914805467864325,,1299.24259012439,30,191.901148746813,1.42340286,71.7520962433656,2.232986452,3.19427162382777,20.7563203283738,19.0185968838625,NaN,NaN,NaN,NaN,13.9964916736667,1.90378273925902,16.5533184303173,421.449408423715,6.36220726468643,34.8237068814641,0.0492514034760016,,1298.99682695316,30,190.319806395764,1.57757123,74.3878391341577,2.331136094,3.5273140957978,19.5508146963815,19.947226564433,NaN,NaN,NaN,NaN,9.71535716174901,1.73639055532068,19.2040432497149,383.016798203443,6.37360067928651,37.8058462718687,0.0510451566519035,,1299.11985462574,29.991178736382,190.618943736953
14.8333333333333,1.433882024,101.948217762351,2.482168506,2.95792280181905,1.60113338500205,100.080127346827,NaN,NaN,NaN,NaN,10.0404123516667,0.1068172631759,14.9746788839129,NaN,6.59600019454956,30.6619751494826,NaN,,1299.04130669264,30,190.45328974873,1.2231999864117,100.781712391324,4.68246182,3.21670489030938,4.88583323703101,100.149971509895,NaN,NaN,NaN,NaN,10.3850744833333,0.328660935205209,12.2740285408059,NaN,7.59900784094104,25.2121896925099,NaN,,1300.10753113724,29.9991972910339,192.433533293883,1.45187268109099,105.012855932109,2.448491044,3.34501528092877,1.1245009270858,88.6460790703099,NaN,NaN,NaN,NaN,12.6310038198033,0.0827915558589136,13.4065868190566,135.992550496367,6.60003991520975,28.6517608975984,0.00826973330160599,,1299.8188278015,30,190.500615831298,1.114559692,105.019969306756,4.246096186,3.07689147260711,4.08708809197416,86.9968524509828,NaN,NaN,NaN,NaN,16.6838199668333,0.283491531983057,8.50843600280272,45.8594304198312,7.59515175303678,17.5034433293576,0.089121349154566,,1302.65768972723,30,191.901028487236,1.42340286,71.8641968692898,2.232986452,3.19135322816797,20.8281077580845,20.595428869061,NaN,NaN,NaN,NaN,14.3202876886667,1.91389779701139,16.646425526412,422.858937787765,6.36440021295293,35.0169152347613,0.0492572015034812,,1300.10400900603,30,190.315790506671,1.57757123,74.6977428449386,2.331136094,3.56674605314827,19.6441263126854,20.1397628181083,NaN,NaN,NaN,NaN,10.2351394634157,1.73884030489551,19.3570406617879,379.40628246185,6.37399669070307,38.1438776920533,0.0517819983955689,,1298.65253065718,29.9987851285411,190.614780330119
14.9166666666667,1.433882024,101.956152802814,2.482168506,3.03165610499045,1.57599995638269,100.115046024602,NaN,NaN,NaN,NaN,10.2008934266667,0.105176098360653,14.9133484486685,NaN,6.59616073099599,30.5391795034661,NaN,,1301.70208771899,29.9950261084093,190.447754165085,1.23474426998851,100.847784116944,4.68246182,3.26395839698853,4.69078000393556,100.121394521292,NaN,NaN,NaN,NaN,10.8920541046667,0.315572762059745,12.1278341320471,NaN,7.5990878526455,24.9312314235588,NaN,,1297.86145759097,30,192.439596624255,1.454528704,104.976787305597,2.448491044,3.35196346893963,1.10267623626307,89.0122332905153,NaN,NaN,NaN,NaN,12.1235907942044,0.0813028938477397,13.3081015613891,137.62294902665,6.59995990522407,28.4592744488307,0.00801275146705805,,1299.29235948381,30,190.498320274305,1.12084021538496,104.994554169551,4.246096186,3.08482153410177,3.88423795506542,87.1658858749751,NaN,NaN,NaN,NaN,16.8010411155,0.26943686750609,8.45055614651681,45.6219458789467,7.597833287125,17.3971296150717,0.0851380468663982,,1298.43548427529,30,191.901725274905,1.42340286,71.7653810085927,2.232986452,3.1390046404745,20.8303562363536,19.8839309860381,NaN,NaN,NaN,NaN,14.6851385198982,1.91684532012699,16.5782351072471,424.814947977037,6.3672415220471,34.8753364512275,0.0490340937708733,,1299.38657268907,30,190.311774925906,1.57757123,74.3032865929056,2.331136094,3.52244015144009,19.5855233206857,20.0524409136234,NaN,NaN,NaN,NaN,10.0889029375794,1.73350807104992,19.4703540555098,378.668750216799,6.37443659586926,38.3950368293995,0.0517233134490873,,1301.02613325852,30,190.610599059136
15,1.433882024,102.10790598593,2.482168506,2.99062973041796,1.54805625588949,100.124359756682,NaN,NaN,NaN,NaN,10.1338783238855,0.103259905408766,14.7615444127504,NaN,6.59697596857857,30.2348075366291,NaN,,1302.40732341473,29.9973453211756,190.442220052034,1.24407090797797,100.98228513491,4.68246182,3.23426260549809,4.55470100522837,100.195532961163,NaN,NaN,NaN,NaN,10.5527256786667,0.306404445351272,12.1725430475667,NaN,7.59863305109658,25.0170138157219,NaN,,1299.63072484394,30,192.443373768472,1.454528704,105.00172278418,2.448491044,3.35697772114917,1.07942301430761,89.2122126265218,NaN,NaN,NaN,NaN,12.3108138622415,0.0792732715094024,13.322605936933,132.363986244827,6.59991949484687,28.4876409805227,0.00815770247425517,,1299.39865878512,29.9939848083114,190.493298830539,1.13134170669364,104.99683969229,4.246096186,3.0884546099474,3.78667318780383,87.4627587196873,NaN,NaN,NaN,NaN,16.5626729005,0.262660096327596,8.44323909298439,45.3791032919355,7.57966932442753,17.3836978414604,0.083446675685603,,1302.69855912913,30,191.906958914507,1.42340286,71.6942127679152,2.232986452,3.21406541058476,20.7482756537083,19.8658755359347,NaN,NaN,NaN,NaN,14.6015676338586,1.91378807391921,16.652808589853,427.672533635925,6.36702492057477,35.0300048631105,0.048515000836687,,1300.02632758231,30,190.307768951342,1.57757123,75.2529286437318,2.331136094,3.53878230491153,19.579819625824,21.7784272747928,NaN,NaN,NaN,NaN,9.69261455758927,1.7221225291937,19.4843690548724,372.148127773174,6.3746902930044,38.4261588635359,0.0526181757759905,,1300.83826085952,29.9997160939187,190.606415656764
15.0833333333333,1.433882024,102.078301870956,2.482168506,3.04299141472276,1.52216183354743,100.160460860919,NaN,NaN,NaN,NaN,10.1474798554478,0.101590434295788,14.6647025596366,NaN,6.59700012207031,30.0411982973505,NaN,,1301.16879814481,30,190.436685115953,1.25418712455199,101.016782108765,4.68246182,3.20625677911888,4.36406923974595,100.062586786796,NaN,NaN,NaN,NaN,10.0399293026667,0.293744329180907,12.1795017387743,NaN,7.59911608872863,25.0303852734211,NaN,,1299.14788321554,30,192.447947366657,1.454528704,105.011543755799,2.448491044,3.35658240439318,1.05200389725404,89.3957055679037,NaN,NaN,NaN,NaN,12.359370616232,0.0774529630291097,13.3361197026415,136.105970482694,6.59951853585934,28.5140211293066,0.00772961677968802,,1298.7505303477,29.9991844622459,190.488277362762,1.131505552,105.037377881958,4.246096186,3.05724104883289,3.7556924004813,87.7308449195358,NaN,NaN,NaN,NaN,16.3919896601667,0.260405398667568,8.40396529526561,45.079097878644,7.57579560712601,17.3115904839743,0.0833116003618976,,1298.54250417166,30,191.901879394902,1.42340286,71.9296534541076,2.232986452,3.19834423870722,20.6598032938815,20.994249310747,NaN,NaN,NaN,NaN,14.8162683470765,1.91951159253691,16.8645630366679,434.58747542208,6.36909844655427,35.4703325810976,0.0475428561295847,,1299.09198949367,30,190.303781052959,1.57757123,75.4563726263258,2.331136094,3.53931222190214,19.4892516467378,19.9537066196601,NaN,NaN,NaN,NaN,9.5861754642246,1.70833132175545,19.6263677500696,367.60565430666,6.37399959564209,38.7422881148781,0.053016906156152,,1298.69405430152,29.9954623108596,190.602202034316
15.1666666666667,1.433882024,102.200621757582,2.482168506,2.94794698453689,1.49703236421243,100.140794602258,NaN,NaN,NaN,NaN,10.1204846751667,0.0998659211307283,14.8835534756626,NaN,6.59700012207031,30.4793607904109,NaN,,1301.3618146178,29.9996003524797,190.431150869216,1.26362507565989,101.102121740416,4.68246182,3.22386777563492,4.2051304922424,100.209520828827,NaN,NaN,NaN,NaN,10.0440578518028,0.282999411782986,12.1224399537142,NaN,7.59904328104367,24.920833657561,NaN,,1301.56596826774,30,192.451841399882,1.454528704,105.014497273268,2.448491044,3.34471730423791,1.03420351895578,89.6939523007769,NaN,NaN,NaN,NaN,12.2077327714887,0.0759685500145859,13.3733955564708,133.185674521903,6.59979963358228,28.5869597063093,0.00777167414651049,,1300.70668733484,30,190.483257820985,1.131505552,105.0183185141,4.246096186,3.05860137668191,3.55751932517613,88.0016622136298,NaN,NaN,NaN,NaN,16.9456400676281,0.246618013375431,8.46602111679414,44.7698848516419,7.58392576416474,17.4255313571864,0.0794596274443211,,1300.75602904632,29.9981242760924,191.896512425547,1.42340286,73.1814649897453,2.232986452,3.13810719978743,20.8434768352892,22.3946004740676,NaN,NaN,NaN,NaN,15.2164730218333,1.90252471887906,16.8522102761763,415.835400140985,6.37058569931126,35.4449745972341,0.050131766048488,,1299.40587942639,30,190.299781013791,1.57757123,75.3294938669531,2.331136094,3.47832682332022,19.3509404676127,19.93179296843,NaN,NaN,NaN,NaN,9.79874739594208,1.69755208024728,19.724312916596,368.726403293588,6.37353738764951,38.9610640908788,0.0524812477760052,,1298.774889347,30,190.597986487907
15.25,1.433882024,102.246116931258,2.482168506,2.94455093077622,1.47044556503184,100.04625674926,NaN,NaN,NaN,NaN,10.1559008478302,0.0981146092080235,14.8900951099022,NaN,6.59700012207031,30.4922434291377,NaN,,1299.95651099074,30,190.425616330508,1.27322360024381,101.191412759385,4.68246182,3.20532402937543,4.08305032232811,100.137238322454,NaN,NaN,NaN,NaN,10.0330533121972,0.274829056833457,12.131018246315,NaN,7.5987517399432,24.9373249348205,NaN,,1300.47087961292,30,192.455957246696,1.45488915055717,105.009816363539,2.448491044,3.36436059879065,1.01388651868203,89.9112432364556,NaN,NaN,NaN,NaN,12.4324306949423,0.0745745316441583,13.4355581381856,134.669506783483,6.59989162155825,28.7085059397446,0.00752949905394805,,1301.30424282012,30,190.478521178231,1.131505552,105.00200413441,4.246096186,3.1053186151446,3.33664960680431,88.2375403585523,NaN,NaN,NaN,NaN,16.7929634386493,0.2313464219405,8.40766566394007,44.4775319163253,7.59369461386007,17.3183870773716,0.0750168241838651,,1299.13514396775,29.991204604184,191.891136351583,1.42340286,73.3299769442501,2.232986452,3.147644559541,20.6896754699314,19.5032637962514,NaN,NaN,NaN,NaN,15.0981406103372,1.87581946361061,16.9705715838263,408.820746193341,6.37108037289905,35.6917033943056,0.0506085688209078,,1301.07811014099,30,190.295712889418,1.57757123,75.3749498776287,2.331136094,3.51456788267807,19.3231336184034,19.7488519031509,NaN,NaN,NaN,NaN,9.80807053733333,1.69382115771134,19.8144314481584,368.498377045493,6.37201978686687,39.1629954117249,0.0524377222899893,,1300.70614333653,30,190.593764860815
15.3333333333333,1.433882024,102.262069238452,2.482168506,2.98161632698245,1.4486516525848,100.123995747741,NaN,NaN,NaN,NaN,10.1421199471698,0.0966637460748043,14.9029761413007,NaN,6.59700012207031,30.5180950482217,NaN,,1300.53512560933,30,190.4200716588,1.28254584878112,101.25119027548,4.68246182,3.22211596777642,3.93374635318586,100.060974658841,NaN,NaN,NaN,NaN,9.92330196266666,0.264855254850124,12.1249390526772,NaN,7.59863687402025,24.9256433027631,NaN,,1300.739259599,30,192.459683141456,1.45787892,104.992860005477,2.448491044,3.34118296051946,0.991406158200569,90.0239720032143,NaN,NaN,NaN,NaN,12.3549177732244,0.072886675811961,13.3845267130109,133.881877776884,6.5991409914535,28.6086160325447,0.00741188713296938,,1299.62773410973,30,190.476552116148,1.14576900324462,105.013007670319,4.246096186,3.04637608763194,3.15712131371284,88.4041143016197,NaN,NaN,NaN,NaN,16.4958254828893,0.218889650097306,8.44672404890894,44.2075929932013,7.60028679564403,17.3901323424293,0.0714141554846058,,1299.55518509356,29.9990240350758,191.899509462219,1.42340286,73.2094069188548,2.232986452,3.18067591022988,20.5276604380017,19.8104655918592,NaN,NaN,NaN,NaN,15.2197132046628,1.86345658368341,16.9625689166218,410.136416102797,6.37132159341847,35.6748894451554,0.0500516279332858,,1299.11646324053,30,190.291651769606,1.57757123,75.1181342697226,2.331136094,3.51545632442461,19.2368609976278,19.2595638357095,NaN,NaN,NaN,NaN,9.5814871702294,1.6896882110474,19.8596185772246,370.429767942933,6.37170726103415,39.2643066876375,0.0519326268210796,,1299.948294186,30,190.589558971971
15.4166666666667,1.433882024,102.295703911285,2.482168506,2.98207514653593,1.43295113445925,100.146566190792,NaN,NaN,NaN,NaN,10.1219935267276,0.0956458341538939,14.8522062188228,NaN,6.59712064324106,30.4164295918582,NaN,,1298.6499574723,30,190.414549820153,1.29081737603615,101.290319457486,4.68246182,3.300394551266,3.79668938959983,100.218621635893,NaN,NaN,NaN,NaN,10.0400166707165,0.255601253328471,12.137812129705,NaN,7.59853681025798,24.9504612354985,NaN,,1300.71115094236,29.9995977660305,192.462467804954,1.45787892,104.99658856749,2.448491044,3.34467328377919,0.975188052388636,90.2069143018814,NaN,NaN,NaN,NaN,12.4186414413333,0.071619952394625,13.3458367011008,132.647206736096,6.59940220119075,28.5330122339424,0.00735357095102681,,1303.05855176148,30,190.47152958565,1.16566849303595,104.99849602197,4.246096186,3.06690815874125,3.03782403925099,88.5947790112865,NaN,NaN,NaN,NaN,16.9377209276667,0.210594892057575,8.37602878323116,43.906358112199,7.59018985301499,17.2603240265646,0.0691885518268084,,1298.69530861361,30,191.914360710858,1.42340286,73.2144887174715,2.232986452,3.14063793765762,20.2517221630649,20.4459386281566,NaN,NaN,NaN,NaN,14.3971479205,1.84688464512578,17.1170483471848,414.445112463341,6.37038864656396,35.998183770859,0.0488646899262458,,1299.23777823186,30,190.287597180547,1.57757123,75.0687946626074,2.331136094,3.54699311032032,19.2695255036666,20.423560915289,NaN,NaN,NaN,NaN,9.486174725423,1.69657344270337,19.9595182258818,372.869226498019,6.37002351593672,39.4890824529565,0.0516802002609225,,1300.68982973636,30,190.585360038036
15.5,1.433882024,102.442300000413,2.482168506,2.94142283365669,1.41403342596235,100.11585370221,NaN,NaN,NaN,NaN,10.1188258907724,0.0943705749657547,14.7714064360826,NaN,6.59716144330536,30.2544998850714,NaN,,1299.89871937018,30,190.409018883594,1.29868429352264,101.380281802826,4.68246182,3.24374673916655,3.6483656390987,100.125463704981,NaN,NaN,NaN,NaN,9.75938668261686,0.245778688166651,12.0641933889367,NaN,7.59875835735533,24.8092682115636,NaN,,1299.82937722265,30,192.464724603202,1.45787892,105.000302501466,2.448491044,3.35748349801843,0.951524552810464,90.3959588893429,NaN,NaN,NaN,NaN,12.6552070516667,0.0700503024887966,13.3262868753017,135.694741734251,6.59941475773025,28.494793435419,0.00701242422630801,,1300.26272140589,30,190.466507900099,1.16863062,104.975630982519,4.246096186,3.04783972663753,3.10287985559763,88.8455529566315,NaN,NaN,NaN,NaN,16.9596487323333,0.215117220205331,8.41875269125217,43.6014222428632,7.56457919812927,17.3387389868138,0.071165881961824,,1300.70119455926,30,191.912167654347,1.42340286,73.8874698689609,2.232986452,3.14949479544859,20.3777817607942,20.7424450716058,NaN,NaN,NaN,NaN,14.7187037776667,1.84941315971995,17.1725446336442,409.334643992272,6.36955410387718,36.1144367458432,0.0497856861452907,,1300.15508117053,29.9967848123019,190.283541929707,1.57757123,74.8361675977828,2.331136094,3.59314221378579,19.3194696210812,19.1552059687128,NaN,NaN,NaN,NaN,10.3482957877227,1.70184479831384,20.0843073284573,373.985265131775,6.36783245179738,39.7704632379799,0.051659031577874,,1301.89563063074,30,190.581157864123
15.5833333333333,1.433882024,102.464769304527,2.482168506,2.7426696791194,1.39280792513386,100.030568559607,NaN,NaN,NaN,NaN,10.0802467493333,0.0911978046951545,14.7562200694274,NaN,6.59728178984193,30.2241528528123,NaN,"Sample 1.50 mL to AMBR-96DWP-2/D9",1300.0558825596,29.9987934343612,189.597170523691,1.30666334251029,101.467850784875,4.68246182,2.99528651626859,3.5565399290302,100.012074071224,NaN,NaN,NaN,NaN,9.98433432864131,0.232796476052271,12.2123926351962,NaN,7.5982433713893,25.0936403106349,NaN,"Sample 1.50 mL to AMBR-96DWP-2/D10",1299.484102788,29.9971856947838,191.706695971233,1.45787892,105.049724845163,2.448491044,3.17871793935255,0.93578652513239,90.5340181595183,NaN,NaN,NaN,NaN,12.1809655643333,0.0675419524541067,13.4800995224204,130.530823033485,6.5995849748192,28.7956857636858,0.00716784441893433,"Sample 1.50 mL to AMBR-96DWP-2/D11",1300.5271699441,29.9991611403455,189.977286047982,1.16863062,104.99695716043,4.246096186,3.07052268287054,3.03558160843853,89.0334442600403,NaN,NaN,NaN,NaN,16.8741382455,0.210382304054156,8.44037931281619,43.3103419077026,7.56351711786358,17.3784328193577,0.0700877359911531,,1301.82158601717,30,191.906792892782,1.42340286,73.92904356995,2.232986452,3.16018052155443,20.3363425309886,20.4427273117723,NaN,NaN,NaN,NaN,14.431207707116,1.84505152572479,17.2717326166812,409.803899605339,6.3685592775935,36.3228881653783,0.0496252401476781,,1299.86020856014,29.9963363264649,190.279473946402,1.57757123,74.3541630674033,2.331136094,3.57496838024582,19.3153114640063,19.2536512427048,NaN,NaN,NaN,NaN,9.51719897426235,1.70961344975014,19.9867294231186,379.033345905427,6.36564806305388,39.5504223537319,0.0509597902318793,,1299.89565228104,30.0032225258711,190.576973640481
15.6666666666667,1.433882024,102.525829790634,2.482168506,2.75703957804788,1.41566370194835,100.153676125217,NaN,NaN,NaN,NaN,10.0759133998333,0.0889840958019133,14.9999020099303,NaN,6.59695959303421,30.7128028682992,NaN,"Sample 7.00 mL to CDW Samples 2/A1",1298.91077719965,30.001367680678,185.63792551719,1.31407583109105,101.561648941793,4.68246182,3.0909080804699,3.6106685858683,100.303444690201,NaN,NaN,NaN,NaN,9.85323664769202,0.222073715134633,12.0961384977106,NaN,7.59824493963096,24.8703751890708,NaN,"Sample 7.00 mL to CDW Samples 2/A2",1301.0822608873,30.0012906906492,187.602747589931,1.46032296444928,105.029892060189,2.448491044,3.0854989024636,0.952513039714561,90.932003553057,NaN,NaN,NaN,NaN,12.5248074578333,0.062966374447766,13.2992216588046,135.134432901293,6.59959569801555,28.4420040894403,0.00699090564932539,"Sample 7.00 mL to CDW Samples 2/A3",1299.22257532818,30.0016216325054,185.474315053378,1.16863062,104.96314417558,4.246096186,2.93664125152286,2.9647153160706,89.3301216201968,NaN,NaN,NaN,NaN,16.8795273068333,0.195383825800416,8.40463454656926,43.8223781233117,7.56779296776212,17.312823255546,0.0670763626492622,"Sample 7.00 mL to CDW Samples 2/A4",1300.29342471274,30.0015719140874,188.595095431354,1.42340286,74.0877858536444,2.232986452,2.85194658755046,20.6245417216724,21.9195028096234,NaN,NaN,NaN,NaN,14.1974590735962,1.79548385596333,17.4317631135677,419.037432353782,6.36795978805737,36.6599511760424,0.0496043003590321,"Sample 7.00 mL to CDW Samples 2/A5",1300.26467573956,29.997245585403,186.853338816548,1.57757123,74.0573895707177,2.331136094,3.34417845658295,19.7048229015743,20.0803268369906,NaN,NaN,NaN,NaN,9.84223358536255,1.67121118250883,20.2189418409408,389.396891734816,6.36356855740058,40.075185780236,0.05074013896775,"Sample 7.00 mL to CDW Samples 2/A6",1299.08214471373,30.0031044243697,187.033925718713
15.75,1.433882024,102.644013130949,2.482168506,3.06214601551536,1.42430230427049,100.334178347341,NaN,NaN,NaN,NaN,10.2010149891667,0.0880441778281264,15.1076187033998,NaN,6.59610517624168,30.9294022617023,NaN,,1301.32500054006,30.0165381570031,181.304427918645,1.32056353333249,101.68570794166,4.68246182,3.32491823230058,3.57819327025983,100.333333115709,NaN,NaN,NaN,NaN,9.91891749066667,0.218869230901246,12.1218798091256,NaN,7.59852920571739,24.9197611972445,NaN,,1300.26247116018,30.0132464990713,183.382061097061,1.46274038166035,105.022368444451,2.448491044,3.48717935697864,0.949731704081226,91.4680302081232,NaN,NaN,NaN,NaN,12.3967292978333,0.0634447446394092,13.3251907563556,136.939956697582,6.59972305607163,28.4926529207116,0.00686836543337095,,1300.39531813832,30.0175727254335,181.368216965244,1.16863062,105.005927591592,4.246096186,3.08932069390164,2.91695720840485,89.9621845177815,NaN,NaN,NaN,NaN,16.9997646363333,0.186797149560709,8.46315098894772,44.5389634872426,7.57356553739262,17.4202585399355,0.0637824930115368,,1299.55390221109,30.0179477201747,184.602061566096,1.42340286,75.9699522469899,2.232986452,3.21604293679318,21.0347440478638,22.1827564237675,NaN,NaN,NaN,NaN,14.4795295709544,1.79577700704986,17.6239473193439,417.850029604245,6.36757112053757,37.0665461772273,0.0515205626914608,,1299.8311858712,30.0099004415317,182.977329510153,1.57757123,75.1443481328511,2.331136094,3.56729463627312,20.0535081304063,21.8319008632956,NaN,NaN,NaN,NaN,9.82213604119676,1.68237772889388,20.3400480053573,393.412602227667,6.36188520757819,40.3509343058578,0.0513164808880274,,1299.53394697034,30.018275508647,183.274661682253
15.8333333333333,1.433882024,102.713054691571,2.482168506,3.06579763248424,1.36924870856767,100.090009990904,NaN,NaN,NaN,NaN,10.0072855600066,0.0870016302555733,14.8920721106735,NaN,6.59600019454956,30.4962166714282,NaN,,1300.20564850442,30.0175430648047,181.298895831246,1.32716863602627,101.842127426322,4.68246182,3.2479208478333,3.34132482494004,100.162800824936,NaN,NaN,NaN,NaN,9.99994508683333,0.214481954297503,12.1983556516628,NaN,7.5984470551479,25.0667737107547,NaN,,1299.38203846087,30.0148005226977,183.383126602226,1.464657264,105.006700313404,2.448491044,3.40988557816981,0.895334710170562,91.6885259403524,NaN,NaN,NaN,NaN,12.356007857,0.0626479995912625,13.487502984795,140.328192378326,6.59914925534607,28.8102642234464,0.00638121969120603,,1298.17134048003,30.010076025615,181.365168970163,1.16863062,105.008459363687,4.246096186,3.11025856520967,2.70799495542205,90.0987313160659,NaN,NaN,NaN,NaN,16.6778503346667,0.180419736677598,8.44151100906482,44.0021995249867,7.57892373356378,17.3805400346788,0.0615405881052753,,1301.18413060264,30.0141223708663,184.596689756516,1.42340286,76.0946909348893,2.232986452,3.20527794950921,20.9866004192415,19.9347686709274,NaN,NaN,NaN,NaN,14.7590700576019,1.79524747216097,17.8168699722555,403.877089717173,6.36623521579146,37.4764575980535,0.0519629230923171,,1299.537892466,30.0100002288818,182.973188893602,1.57757123,75.4891199651779,2.331136094,3.58438877120424,20.1833216989195,20.0264268275831,NaN,NaN,NaN,NaN,10.0402067039786,1.70314378307786,20.4180259431222,384.005878255383,6.35874183471401,40.5283247756364,0.0525622156594231,,1299.4684687145,30.0178185241043,183.270462458429
15.9166666666667,1.433882024,102.776591321709,2.482168506,3.0464434016695,1.34019465746134,100.089240843858,NaN,NaN,NaN,NaN,10.0731482296601,0.0851587730135814,14.9319625885712,NaN,6.59608069925488,30.576356136546,NaN,,1300.35801457957,30.0100002288818,181.293364076658,1.3337097924753,101.863757114235,4.68246182,3.27917857887445,3.23459974387885,100.120300215844,NaN,NaN,NaN,NaN,10.2434357075305,0.207674458794135,12.3268597848169,NaN,7.59836459552177,25.3136979078636,NaN,,1297.75320374506,30.0100002288818,183.3841913365,1.464657264,105.008356062825,2.448491044,3.42478914252598,0.874786832896187,91.892958625057,NaN,NaN,NaN,NaN,12.6373501438333,0.0612120761850553,13.3054457799978,140.074660490216,6.59913206492455,28.4541981594736,0.00625066649534302,,1297.32402493506,30.0100002288818,181.360147914438,1.16863062,105.014307253335,4.246096186,3.1144255452044,2.57657234491208,90.3305403146868,NaN,NaN,NaN,NaN,16.717914024,0.171649492145481,8.41268058905379,43.6814576331253,7.58500865073055,17.3275922166432,0.0589841859452666,,1301.03413545857,30.0100002288818,184.591317153912,1.42340286,76.0899182523526,2.232986452,3.23130394667495,20.9674376699476,20.1308582090769,NaN,NaN,NaN,NaN,14.8239975808845,1.79442458773829,17.9448031197304,403.809948983579,6.364542538431,37.7492905757104,0.0519240936665532,,1298.17766784646,30.0074320772195,182.969041309805,1.57757123,75.1714358855231,2.331136094,3.60712014059843,20.2198923735623,19.5545048700418,NaN,NaN,NaN,NaN,9.92331315249136,1.70515748433753,20.4595552208493,383.88512389662,6.35592942031511,40.623279168094,0.0526723893994196,,1299.93485747903,30.0100002288818,183.266246456424
16,1.433882024,102.843438243735,2.482168506,3.06398653029333,1.32014222323034,100.060909437445,NaN,NaN,NaN,NaN,10.0714764977212,0.0838816721733851,14.9279817066804,NaN,6.59636140884729,30.5684275090576,NaN,,1299.42119347494,30.0100002288818,181.287831785988,1.34017406663033,101.981797208556,4.68246182,3.21057419330129,3.12518798432033,100.08064507479,NaN,NaN,NaN,NaN,10.0386793928028,0.200596299565163,12.2255879745713,NaN,7.59812702567689,25.1189320485275,NaN,,1300.46899983706,30.0085269691773,183.385058504623,1.464657264,104.967506003401,2.448491044,3.46278983214924,0.857394873157498,92.1983176344412,NaN,NaN,NaN,NaN,12.4387653256667,0.0599157857415678,13.4746530697981,137.901661997788,6.59908053269025,28.7850354842585,0.00621927937378512,,1300.62538882611,30.0085953043564,181.35511379263,1.16863062,104.965485966012,4.246096186,3.11651096880076,2.44855994153696,90.3906276663344,NaN,NaN,NaN,NaN,16.9590941871269,0.163124227629746,8.4212771037346,43.359659381362,7.59052599607355,17.3433653835923,0.056468989633763,,1298.95055299191,30.0095988486551,184.585943027112,1.42340286,75.8016062127312,2.232986452,3.21882578330592,20.8664266731145,18.9190383544503,NaN,NaN,NaN,NaN,14.3614713073469,1.79116643412335,17.9728427474823,406.56172022841,6.36321308415753,37.8091307995678,0.0513253519582591,,1299.72393196656,30.0008056627381,182.964900305139,1.57757123,74.7761149907096,2.331136094,3.58288077686283,20.1890129122047,19.2589856639871,NaN,NaN,NaN,NaN,9.84169215585981,1.70867393109602,20.6130809412671,387.396899129179,6.35369699578359,40.9749012972996,0.0521156738799822,,1300.34230925134,30.0100002288818,183.262039130018
16.0833333333333,1.433882024,102.893368532127,2.482168506,2.98168951043977,1.29979291454017,100.073131287561,NaN,NaN,NaN,NaN,10.1291720854455,0.0825688924332866,15.0067465522514,NaN,6.59687315313609,30.726489744602,NaN,,1299.09599016581,30.0052902848039,181.282298863271,1.34637514749792,102.031086442828,4.68246182,3.27005660997334,3.02504476552881,100.131990780572,NaN,NaN,NaN,NaN,10.1022692174523,0.194148652701539,12.1384590679974,NaN,7.59816937190081,24.9516208001203,NaN,,1301.06175537216,30,183.385715181762,1.46661465866721,104.983923276953,2.448491044,3.39874510479334,0.834233847556186,92.251772484812,NaN,NaN,NaN,NaN,12.8395294638013,0.0584215613947235,13.4735003666097,140.746925106464,6.59945767764582,28.7826973278988,0.00592742295612414,,1300.09680067547,30,181.351976873848,1.16863062,105.006576332287,4.246096186,2.95944029842616,2.4209761289191,90.625097562869,NaN,NaN,NaN,NaN,16.7996464102065,0.150228244151249,8.49073907924618,43.5493784138878,7.5961588332145,17.470934237164,0.0543977034003832,"Sample 1.50 mL to AMBR-96DWP-2/D12",1299.64851412452,30.0019767251395,183.029559133044,1.42340286,75.5503359968546,2.232986452,2.96773575074966,21.0078937540096,20.4038098538593,NaN,NaN,NaN,NaN,14.6516716781943,1.73717553467993,18.0123510638205,413.184317357814,6.36167221650921,37.8937862743724,0.0507095061647126,"Sample 1.50 mL to AMBR-96DWP-2/E1",1300.66567729798,30.0008975291093,181.427675600797,1.57757123,74.6862370618107,2.331136094,3.37138452322694,20.3959740320089,20.4538412592058,NaN,NaN,NaN,NaN,9.68054467127551,1.66219792238237,20.7434547452809,392.314022926099,6.35254868645839,41.274905631486,0.0519078259633671,"Sample 1.50 mL to AMBR-96DWP-2/E2",1300.91831563522,30.0015202302528,181.741595398429
16.1666666666667,1.433882024,102.934029897131,2.482168506,2.97324874076534,1.28239085357552,100.094107391706,NaN,NaN,NaN,NaN,10.0398582885,0.0814521362856966,14.8680200046331,NaN,6.59742717357103,30.4480385367593,NaN,,1297.94129878033,30,181.276764769247,1.35226253820642,102.085280056792,4.68246182,3.2321073657536,2.91750931662487,100.121528000169,NaN,NaN,NaN,NaN,10.1195044911407,0.187314573407751,12.1884598172207,NaN,7.59819938274667,25.0476723183418,NaN,,1299.86663415425,30,183.386066008748,1.468046436,104.963024677818,2.448491044,3.416766745839,0.818730429309395,92.3689193691084,NaN,NaN,NaN,NaN,12.3845900626811,0.0571446990261637,13.3703310682082,136.190321794711,6.59979873148884,28.581023937024,0.00601509807352614,,1298.63803579514,30,181.348447916082,1.17427742516045,104.998084753944,4.246096186,3.13240386387306,2.26960993024845,90.8796740869218,NaN,NaN,NaN,NaN,16.8297526964951,0.148243559839834,8.55992857593374,43.1588155615985,7.60013075450565,17.5980952950168,0.0521788876706176,,1299.96318146754,30.0071047904484,182.786572436549,1.42340286,76.1321418077482,2.232986452,3.19482183309405,21.083928896456,20.1857750568897,NaN,NaN,NaN,NaN,14.9180102244724,1.79004954617741,18.1846405182576,412.11885586477,6.35974738422981,38.2629960918231,0.0511143106366435,,1300.09900618226,30.0067276181975,181.162674765585,1.57757123,75.0613937721555,2.331136094,3.56927607418626,20.4471761592001,20.1660840323328,NaN,NaN,NaN,NaN,10.2134418865992,1.71059187284384,20.831948690233,390.917710800254,6.35031546072201,41.4791511640176,0.0522699598623141,,1299.3917466129,30.0072399259483,181.459672102872
16.25,1.433882024,102.966229435018,2.482168506,3.01686511017341,1.26723302013103,100.0564510731,NaN,NaN,NaN,NaN,9.94132239614045,0.0804963921227106,15.0236424829543,NaN,6.59800004959106,30.7604827851774,NaN,,1297.32583047707,30,181.271230488887,1.35754072192222,102.119641809936,4.68246182,3.27623781559118,2.8093424115124,100.047927273146,NaN,NaN,NaN,NaN,9.8430908470736,0.180367215587998,12.1178008346856,NaN,7.5986258440184,24.9119504956019,NaN,,1301.23054151443,30,183.385870628669,1.468046436,105.022282358209,2.448491044,3.43642341732611,0.800621085287213,92.4943576345774,NaN,NaN,NaN,NaN,12.2416860335176,0.0559788121562249,13.4102024391085,139.179042386853,6.5998796040085,28.6589806774346,0.00575296098176791,,1299.72872831508,29.995983918143,181.343413566232,1.18703861565469,105.028746570972,4.246096186,3.16050500372223,2.17613229626284,91.0551458661,NaN,NaN,NaN,NaN,16.6081029485049,0.143451088718101,8.47770313131777,42.7538506129076,7.59986897888344,17.4469811136408,0.0508982210307813,,1300.81514304765,30.0004008238623,182.794071032452,1.42340286,75.7669770541284,2.232986452,3.222576696338,21.1767378176793,19.6048145251002,NaN,NaN,NaN,NaN,14.79478369617,1.80189253520893,18.1963391791808,413.33441772115,6.35779481634934,38.2880980441791,0.0512408891539766,,1298.7617450928,30.0020076785294,181.158545160346,1.57757123,74.7606389695036,2.331136094,3.614829981316,20.5044562415556,19.0761208880003,NaN,NaN,NaN,NaN,9.79621793943216,1.7205109996793,20.9544318525031,393.052353883068,6.34912064488088,41.7629162493863,0.0521682235057875,,1299.67250388864,30.0100002288818,181.455473208244
16.3333333333333,1.433882024,103.006532853262,2.482168506,3.02753166688879,1.24595313439768,100.143172316258,NaN,NaN,NaN,NaN,10.1390873190262,0.0791385893520473,15.0173988884381,NaN,6.59804022917283,30.7478638571549,NaN,,1300.24803983984,30,181.265696470494,1.36323746536661,102.196725400812,4.68246182,3.21509121246127,2.69515395837079,100.062853089831,NaN,NaN,NaN,NaN,9.89450842666667,0.173052079391112,12.1075546598132,NaN,7.59791387157009,24.8923423878806,NaN,,1299.67258960529,29.9959875699615,183.385961448006,1.468046436,105.020664835988,2.448491044,3.41477017872904,0.786766553231959,92.6367915402731,NaN,NaN,NaN,NaN,12.4016605275,0.0548719517044362,13.4212450843593,135.670760934114,6.59995973797919,28.6806673660138,0.00580453979279364,,1302.15725297369,29.9995983647792,181.338381416519,1.19374881315665,105.006805467496,4.246096186,3.12963834655342,2.11037293071854,91.1153720706824,NaN,NaN,NaN,NaN,16.6382840526667,0.139113688699888,8.44163009947002,42.421591821717,7.59973388715254,17.3807409547579,0.0497470500174722,,1300.28842182585,29.9995969188677,182.795450668944,1.42340286,75.6806933973519,2.232986452,3.24033686768288,21.2226276809597,19.8300738780752,NaN,NaN,NaN,NaN,15.3103321172232,1.80623479253834,18.1683795000508,413.574573540849,6.35584333018867,38.2280235484256,0.0513153860454283,,1299.53523125288,30,181.154415725729,1.57757123,74.7661761934799,2.331136094,3.61395723010186,20.5246696330193,20.9315506752256,NaN,NaN,NaN,NaN,9.76333304316667,1.72564085552368,21.0404888519002,395.146089079628,6.34745283256326,41.9629473666396,0.0519441692652666,,1299.60396323489,30.0083751453086,181.451287752159
16.4166666666667,1.433882024,103.061042177823,2.482168506,3.00654179317035,1.22817965587469,100.028076108205,NaN,NaN,NaN,NaN,10.161152145,0.078009087445405,14.8195289299531,NaN,6.59869716699502,30.3508580319193,NaN,,1299.05311212961,30,181.260162981105,1.36789442923196,102.159369923139,4.68246182,3.27504571309927,2.61029873557384,100.105662793962,NaN,NaN,NaN,NaN,10.1607447153333,0.167665811115444,12.1605672538935,NaN,7.59850183456302,24.9942277112128,NaN,,1299.31844510627,29.9947127316251,183.385148822067,1.468046436,104.954435118146,2.448491044,3.43561974380631,0.771767791116298,92.741593768182,NaN,NaN,NaN,NaN,12.241397086,0.0539235502227322,13.5029570237357,137.663208904894,6.59991950609088,28.8403946015749,0.00560695734482834,,1301.48693880348,30,181.333339959809,1.19941837797211,105.021639484435,4.246096186,3.16492364415607,2.0532305893683,91.2975844707469,NaN,NaN,NaN,NaN,16.959867206,0.135286402822751,8.49702885253608,42.0949829871291,7.5994389582197,17.482484995745,0.0487755131232032,,1298.24835988323,30,182.795717624529,1.42340286,75.6011042822092,2.232986452,3.23663735458931,21.2673862427188,19.7410130586668,NaN,NaN,NaN,NaN,14.5339910636068,1.81123413259553,18.3508976552002,414.53866327312,6.35381305514064,38.6208874885085,0.0513037573003114,,1299.6378832915,30,181.150289568189,1.57757123,74.5546825812897,2.331136094,3.60988139667707,20.5271446319978,18.6422612927736,NaN,NaN,NaN,NaN,9.65815087618564,1.72504295618826,21.1691994466563,394.741649445789,6.34540873608358,42.2633192922449,0.0520057900712183,,1298.25877511066,30.0000956084555,181.447096746985
16.5,1.433882024,103.047132818257,2.482168506,3.05371232747664,1.21178746882945,100.047434720894,NaN,NaN,NaN,NaN,10.2408364805,0.0769904648704449,14.8464122885348,NaN,6.59891946912723,30.4047486291073,NaN,,1298.56165970174,30,181.254630034697,1.37315555793361,102.256739246044,4.68246182,3.24861086013458,2.51429839658537,100.063256396862,NaN,NaN,NaN,NaN,9.87925303983333,0.161492188237561,12.2028767117794,NaN,7.59805850471411,25.0753095274554,NaN,,1299.5427141507,29.9992587280657,183.384805517838,1.46844282057169,104.960915631301,2.448491044,3.4253941449498,0.757029053683432,92.8529460632792,NaN,NaN,NaN,NaN,12.8390780505,0.0529265890167763,13.4401207964327,138.492323782397,6.60000026934548,28.7173845473564,0.00546849085671934,,1300.5877582682,30,181.328639270841,1.20346932774793,105.002051044778,4.246096186,3.19664960534904,1.98736673854823,91.4363214979565,NaN,NaN,NaN,NaN,16.9283537901667,0.130954174211042,8.40377570470865,41.7537377873216,7.5992806777787,17.311246423632,0.0475966135866426,,1299.05653501383,30,182.794458742172,1.42340286,75.3128203867738,2.232986452,3.25152162523488,21.240740462785,19.617023840329,NaN,NaN,NaN,NaN,14.610971016,1.8149355082751,18.5365494823903,417.966881895393,6.35224929252103,39.0221764644555,0.0508194273650697,,1299.66415629421,30,181.146171917905,1.57757123,74.3010822583136,2.331136094,3.62662164089401,20.5345073811372,19.9521233819041,NaN,NaN,NaN,NaN,10.2781188697941,1.73299051428656,21.2718764001382,399.681443224047,6.34374483434864,42.503691454286,0.0513775793613282,,1299.28466438573,30,181.442922475104
16.5833333333333,1.433882024,103.140341080817,2.482168506,3.01638900297976,1.19356605659582,100.077676280033,NaN,NaN,NaN,NaN,10.0402631431667,0.0758021285187289,14.9745866253732,NaN,6.59899997711182,30.6618369607189,NaN,,1299.80991603013,30,181.249097691288,1.37772406887632,102.286335135564,4.68246182,3.30265532094504,2.44528894416083,100.148975334008,NaN,NaN,NaN,NaN,9.96433860796831,0.157031825557517,12.1720218850468,NaN,7.59831882887756,25.0160382752661,NaN,,1299.18548287223,30,183.383904947134,1.471455086,105.039732078726,2.448491044,3.40617059657012,0.746085446081095,93.00840232927,NaN,NaN,NaN,NaN,12.2765152626667,0.0520454195710418,13.412241796711,135.945285721866,6.59741417076124,28.6628642812158,0.00548933043711262,,1299.89779224558,30,181.326683493368,1.20734390352318,105.009930579328,4.246096186,3.15901142289047,1.92458426274156,91.5738279538859,NaN,NaN,NaN,NaN,17.0711618111667,0.126788830659084,8.4506479609177,41.3935431696725,7.5994010018994,17.3973047685287,0.0464942662683069,,1302.08978932711,29.998798247468,182.792953651485,1.42340286,75.0983182418281,2.232986452,3.20105523367781,21.2556010825919,19.5507693232314,NaN,NaN,NaN,NaN,14.6429303710464,1.82146203142628,18.7015433454282,421.499418125152,6.35086940122997,39.3805680790171,0.0504293715608997,,1301.38054093827,30,181.1420657297,1.57757123,74.2339567113123,2.331136094,3.57624199798394,20.5710655693415,19.6260502221567,NaN,NaN,NaN,NaN,10.1370184380202,1.73664625563247,21.4247837703609,400.175290510816,6.34161428582686,42.8631692354119,0.0514056481903618,,1298.58174486817,30,181.438755081927
16.6666666666667,1.433882024,103.135889086147,2.482168506,2.99662228114156,1.17999936516437,100.051035371694,NaN,NaN,NaN,NaN,10,0.0749513248578111,14.9853050263706,NaN,6.59940264968913,30.6833358583211,NaN,,1300.73118345008,30,181.243563879902,1.38205278767514,102.350344370454,4.68246182,3.26955885596912,2.36112182062726,100.028365441155,NaN,NaN,NaN,NaN,9.71409205269835,0.151666241591737,12.1983674521284,NaN,7.59829373470274,25.0666472480389,NaN,,1300.18575466965,30,183.382690063409,1.471455086,104.998051873538,2.448491044,3.44461565257735,0.730355871365402,93.1773676028946,NaN,NaN,NaN,NaN,12.5579083335,0.0510538180591513,13.4569821867121,138.978107839552,6.59632834034209,28.7504109912962,0.00525542426782093,,1299.30309359716,30,181.321649193843,1.20974548755145,104.981646539381,4.246096186,3.15705302135079,1.87027582142689,91.7218204589491,NaN,NaN,NaN,NaN,16.517583643,0.123221161017581,8.34178779952738,41.039249923404,7.5994827748148,17.1975146744769,0.0455720511442727,,1299.7162390829,30,182.789973029108,1.42340286,75.2213377542736,2.232986452,3.25480293702583,21.2880871133346,20.158380955736,NaN,NaN,NaN,NaN,14.6673785047426,1.82602244625935,18.5615326910447,422.75991286221,6.34871864244055,39.0764574888504,0.0503551035308369,,1300.15204878824,30,181.137970866374,1.57757123,74.1131896636684,2.331136094,3.61682330768129,20.597421506173,20.1959085923547,NaN,NaN,NaN,NaN,9.89476716084311,1.74146854686329,21.4728243951358,402.586339666823,6.33907142384594,42.9764980002168,0.051162823488733,,1300.36404627207,30,181.434588649986
16.75,1.433882024,103.170627682682,2.482168506,3.04290856159028,1.16887580697691,100.046915700322,NaN,NaN,NaN,NaN,10.1609876945,0.0742413523766193,14.9320551026876,NaN,6.59999990463257,30.5764449365955,NaN,,1300.51284146021,30,181.238030833285,1.38640877305956,102.411183645134,4.68246182,3.22697699052446,2.29502131897168,100.130848526405,NaN,NaN,NaN,NaN,9.91961160216667,0.147399823214947,12.2039968656464,NaN,7.59803932999248,25.0775027152071,NaN,,1300.64946937248,30,183.381459960766,1.471455086,105.027058636769,2.448491044,3.42410053549089,0.718614137873717,93.299167349515,NaN,NaN,NaN,NaN,12.79921465,0.0500589072888226,13.4549556148841,134.199119834543,6.5959997177124,28.7466213783982,0.00535661931313077,,1299.42534821792,30,181.316610501044,1.21327446380471,104.986940826429,4.246096186,3.1861053126075,1.81972406970372,91.8491493377932,NaN,NaN,NaN,NaN,16.7822813613333,0.119860302370375,8.32989539514539,40.692457438168,7.59944223127658,17.1756857728686,0.0447183276687096,,1303.33763420888,30,182.78812115305,1.42340286,75.0340741945485,2.232986452,3.27960551945187,21.3325487520336,19.7744012571377,NaN,NaN,NaN,NaN,15.2887799232005,1.83301723696242,18.8645529953121,424.353903525407,6.34734440715281,39.7361052320207,0.0502707899974756,,1298.67412969413,30,181.133878417244,1.57757123,74.1832201673043,2.331136094,3.58611484344402,20.6991959972481,19.6849107799274,NaN,NaN,NaN,NaN,10.304952001172,1.74875382483546,21.5611010661209,401.540049330737,6.33630683424386,43.1856693966689,0.051550262071308,,1299.80817046032,30,181.430426696024
16.8333333333333,1.43740144308798,103.25239347807,2.482168506,2.96300517654213,1.15373202198986,100.078653852331,NaN,NaN,NaN,NaN,10,0.0732454395973485,14.8924497846612,NaN,6.60012011216472,30.4970033694798,NaN,,1299.62199513924,30,181.235818350721,1.39032186988035,102.414003650972,4.68246182,3.26790164989401,2.22323587619013,100.078946382879,NaN,NaN,NaN,NaN,9.95988521183333,0.142832929368465,12.1093731724524,NaN,7.59792469184606,24.8957526070619,NaN,,1300.41407332638,30,183.379893428381,1.471455086,104.996872690491,2.448491044,3.42786849814647,0.705980278697043,93.4380232103106,NaN,NaN,NaN,NaN,12.6606374403861,0.0493221287525005,13.3117467039372,138.0793581047,6.59601675835267,28.4664720039506,0.00511303522330469,,1300.6447643242,30,181.311570637226,1.215806336,105.006239431666,4.246096186,3.12847218418452,1.77261443459455,91.9870760582297,NaN,NaN,NaN,NaN,16.6422932046205,0.116702523307213,8.39900853258956,40.3884438196265,7.59949374831206,17.3025002574229,0.0438884541245021,,1300.77223871002,29.9922469805616,182.785339356471,1.42340286,74.6800109229276,2.232986452,3.290451846227,21.2716473557525,19.2950528139408,NaN,NaN,NaN,NaN,14.9080105005106,1.83509913381149,19.0241254070074,429.238436686034,6.3456583411178,40.085421245591,0.0495600540892188,,1299.53393945832,30.0024889938639,181.129799072082,1.57757123,74.0112781697604,2.331136094,3.64265671809658,20.7047986099545,19.7570498570238,NaN,NaN,NaN,NaN,9.88853506843126,1.75200859691022,21.648301466419,403.86431460732,6.33583335042336,43.3922831325572,0.0512673294349704,,1302.14457500676,30,181.426265024383
16.9166666666667,1.44393865931772,103.293735562531,2.482168506,2.90548471764565,1.14187665277766,100.032733561005,NaN,NaN,NaN,NaN,10.1207683505687,0.0724914430241672,15.1045739695523,NaN,6.60003970276332,30.9233430278812,NaN,,1299.74618671724,30,181.236951669967,1.39412166457117,102.433637602916,4.68246182,3.28188044639256,2.13463025553079,100.014798264772,NaN,NaN,NaN,NaN,9.94119629762284,0.137154108823665,12.006538796753,NaN,7.59810395758085,24.6986051860531,NaN,,1298.31929506365,30,183.37815958307,1.471455086,105.024267072394,2.448491044,3.43313862374382,0.692155899883021,93.5685290116383,NaN,NaN,NaN,NaN,12.5344274612805,0.0482236173415332,13.4475582888422,134.441253501355,6.59618362129346,28.7319766650265,0.00515146702404619,,1300.77629377483,30,181.30653412519,1.215806336,105.014759943609,4.246096186,3.11402542136504,1.72362142489521,92.1259618965578,NaN,NaN,NaN,NaN,16.9632963637964,0.113452149330205,8.37935677888942,40.0379013976746,7.60000875146273,17.2664636757758,0.0430493144246356,,1301.37582347176,29.9981030171792,182.779955423256,1.42340286,74.4333586759747,2.232986452,3.2102960865492,21.309916078125,19.3441637696335,NaN,NaN,NaN,NaN,14.6452504084634,1.83831106140735,19.1146319745832,429.064318764974,6.344231161074,40.2841191742653,0.0496693926246073,,1300.4386382168,30.0059513959118,181.125725991694,1.57757123,73.8582187496205,2.331136094,3.60093861458478,20.7157680869439,20.0976820959008,NaN,NaN,NaN,NaN,10.1124300190536,1.75621328602463,21.7771010521317,405.650867534688,6.33399546220994,43.6990656200692,0.0510683629902555,,1301.81286499254,30,181.422111170176
17,1.44788410474513,103.186436150243,2.482168506,3.14488859544648,1.12679020441523,100.063906382055,NaN,NaN,NaN,NaN,10.503307802598,0.0715769079887481,15.1099956209594,NaN,6.59999890201949,30.9341079420384,NaN,,1300.77248006422,30,181.235293623881,1.3978910127123,102.516448244325,4.68246182,3.23920371045886,2.07116172022126,100.079781633771,NaN,NaN,NaN,NaN,9.73727226321049,0.133048299433703,12.1390078828486,NaN,7.59803916054614,24.9526801528801,NaN,,1298.96129906041,30,183.376394186578,1.471455086,104.972398438018,2.448491044,3.41036296604554,0.678530812028659,93.6458771229394,NaN,NaN,NaN,NaN,12.6783113431667,0.0473500183618422,13.4631775077541,136.254239555407,6.59612905142231,28.7624939582259,0.0049804344121581,,1299.50967029267,30,181.301488688421,1.21907924156976,104.992491405632,4.246096186,3.1838105786923,1.67467055203075,92.1956596443699,NaN,NaN,NaN,NaN,16.8883540452497,0.110227600769533,8.37933833156177,39.6746017943213,7.59785701859668,17.266418545231,0.0422097477470647,,1300.32904807559,30,182.77777542467,1.42340286,74.3039074070242,2.232986452,3.25062195790205,21.2953185811499,19.9106311033957,NaN,NaN,NaN,NaN,16.395693905164,1.84339260862843,19.1810090624598,432.492307000472,6.3425978024327,40.430470675813,0.0492387347355031,,1299.00723744723,30.0004021786266,181.121663756952,1.57757123,73.756252502689,2.331136094,3.65147192327834,20.7404366571316,19.266709126486,NaN,NaN,NaN,NaN,10.7576706856667,1.75979284627709,21.8163562403831,406.993545084706,6.33196690302187,43.7927960960293,0.050961876682427,,1300.88457646997,30.0075774072691,181.417963485815
17.0833333333333,1.453827496,103.270248334499,2.482168506,2.8171464447253,1.12246227090649,100.053372842524,NaN,NaN,NaN,NaN,10.5832940735,0.0703826052491793,14.948841275398,NaN,6.58906300292027,30.610803021584,NaN,"Sample 1.50 mL to AMBR-96DWP-2/F5",1299.70602848646,29.9975903561206,180.448251591231,1.40140850836976,102.541627600907,4.68246182,2.94717516560871,2.03586194134187,100.13042876425,NaN,NaN,NaN,NaN,9.9901971417051,0.126967524576119,12.1172511061117,NaN,7.59796000895162,24.9109042130509,NaN,"Sample 1.50 mL to AMBR-96DWP-2/F6",1298.68027182196,30,182.635686171012,1.471455086,105.01224496602,2.448491044,3.24692443238964,0.675650232465848,93.8031790966926,NaN,NaN,NaN,NaN,12.7634012282735,0.0459976253724699,13.4571246014733,138.266650562483,6.59639289976303,28.750655634679,0.0048975403308164,"Sample 1.50 mL to AMBR-96DWP-2/F7",1300.0169744646,30,180.607126322144,1.219195508,105.001844383195,4.246096186,2.92900245548549,1.65013510439676,92.263261596656,NaN,NaN,NaN,NaN,16.9597581313333,0.106024626530092,8.37891409272316,39.4839950803659,7.59691983029415,17.265615378691,0.041735761462725,"Sample 1.50 mL to AMBR-96DWP-2/F8",1300.45700005938,30.0004044306731,182.131127511849,1.42340286,74.1258635506957,2.232986452,3.01084492183226,21.4182793194182,19.9124385986606,NaN,NaN,NaN,NaN,16.5685542898306,1.82228573968388,19.3128640691299,436.239293225266,6.34129628335533,40.7213307483382,0.0490742994329075,"Sample 1.50 mL to AMBR-96DWP-2/F9",1299.27367218075,30,180.508494296329,1.57757123,73.368475910442,2.331136094,3.39563123815136,20.6720702505972,19.3539867618575,NaN,NaN,NaN,NaN,11.2817008628372,1.73410099891391,21.972429943657,416.286547362983,6.33104002956096,44.1666611771272,0.0496726978557587,"Sample 1.50 mL to AMBR-96DWP-2/F10",1299.76813949943,30.0064917325822,180.835237536551
17.1666666666667,1.453827496,103.275979322235,2.482168506,3.03434979515772,1.12490473834199,100.113230373206,NaN,NaN,NaN,NaN,10.2010453306667,0.0701701003440648,14.8557445415322,NaN,6.58130712867233,30.4235801940489,NaN,,1301.07547684663,30.000500370399,179.436312508849,1.40450681783208,102.605915591818,4.68246182,3.30901315741081,1.99811548527608,100.07884761419,NaN,NaN,NaN,NaN,9.72516083246157,0.122814284233928,12.0361795446161,NaN,7.59811918038123,24.7554164093347,NaN,,1300.21479124303,30,181.57794495348,1.471455086,105.039810953672,2.448491044,3.44691178262583,0.67422830932709,93.972700240177,NaN,NaN,NaN,NaN,12.8408881778987,0.045280729183938,13.5059153491604,137.813594149742,6.59687649377089,28.8463598686411,0.00493816817256763,,1299.2631992089,30,179.497411569128,1.219195508,104.993964330705,4.246096186,3.16505704692523,1.6422971890235,92.6056327290602,NaN,NaN,NaN,NaN,16.3981755315,0.10389448338247,8.41603502500305,39.4969841368191,7.59700012207031,17.3337467076607,0.0412817022690735,,1299.61377975725,30.0023307234548,180.973187924892,1.42340286,74.6544847964928,2.232986452,3.24624272241358,21.555413123226,21.6110027828681,NaN,NaN,NaN,NaN,14.7613985330421,1.81594047110464,19.4851916034496,438.663028508538,6.33874976082416,41.1032982355176,0.0490141556149292,,1300.2593367719,30,179.319581116854,1.57757123,74.0532744576617,2.331136094,3.6506288336068,20.7727515828136,21.9548767160703,NaN,NaN,NaN,NaN,10.3328412599215,1.72475267990159,22.0499525517181,418.674622834079,6.32970285469094,44.3534250110187,0.049686239392652,,1302.12478890463,30.0062805809528,179.615737902992
17.25,1.453827496,103.396014436112,2.482168506,3.02426502211623,1.11334188255258,100.10080787131,NaN,NaN,NaN,NaN,10.0400226981667,0.070023466501912,14.9274490968497,NaN,6.57862185201939,30.5671852879228,NaN,,1300.8119306811,30.0100002288818,179.430781373932,1.40788340163199,102.629356265989,4.68246182,3.30319848607032,1.9041493396573,100.046727672917,NaN,NaN,NaN,NaN,9.8426878425,0.121113405214172,12.0424707330321,NaN,7.59791896951471,24.7675673507641,NaN,,1300.02858483617,30.0032107507182,181.575785929873,1.471455086,105.0011398737,2.448491044,3.43338027304961,0.655367273141093,94.0401501587275,NaN,NaN,NaN,NaN,12.5099759689944,0.0452776025980635,13.3902240344645,138.0057852458,6.59696342950482,28.6200444128858,0.00474913685344542,,1300.4003441334,30,179.492365816266,1.219195508,105.012222895888,4.246096186,3.20167292630734,1.59028435356927,92.670068429046,NaN,NaN,NaN,NaN,16.8390296715,0.103549896091886,8.42477479061104,38.9562497253378,7.59700012207031,17.3497926973429,0.0408215489340581,,1299.27889306019,30.0100002288818,180.967800104348,1.42340286,74.8084224297176,2.232986452,3.27307916917244,21.6289301329996,19.4630298165292,NaN,NaN,NaN,NaN,14.6947185341667,1.84963113477094,19.4753047536675,435.050463148922,6.33699989318848,41.0814116421526,0.0497159378322203,,1301.27909320373,30.0070705384464,179.315522119803,1.57757123,74.2818887629191,2.331136094,3.62180370714217,20.97957830639,19.9762973142741,NaN,NaN,NaN,NaN,10.5217223823489,1.76339169182621,22.2091296980814,411.855973430278,6.32825567458353,44.7389598854872,0.0509408432066274,,1300.40705539384,30.0069742341622,179.611606269482
17.3333333333333,1.453827496,103.426010300664,2.482168506,3.02090797147627,1.09477239668213,100.048318382291,NaN,NaN,NaN,NaN,10.24145264,0.0688376598560393,15.0936814804721,NaN,6.5776366243513,30.9014056991192,NaN,,1300.17156363431,30.0007390621887,179.425248722351,1.41095854623428,102.683504168485,4.68246182,3.24389759454787,1.858381562433,100.135161915276,NaN,NaN,NaN,NaN,10,0.118216148272944,12.1360264014111,NaN,7.59812170596507,24.9469273214782,NaN,,1299.00840322975,30.0008022347496,181.573328594429,1.471455086,104.981296928872,2.448491044,3.44719745485878,0.646292240134918,94.1779262931328,NaN,NaN,NaN,NaN,12.9200368616667,0.0445701252529714,13.3577760109138,135.092608507849,6.5970811414009,28.5563642468803,0.00478847768920923,,1299.42840639277,30,179.487327499018,1.219195508,105.004885670986,4.246096186,3.14881810601821,1.54767759003928,92.8068494087402,NaN,NaN,NaN,NaN,16.7990389348042,0.10074866639803,8.41544142067061,38.60350327215,7.59700012207031,17.3326914105708,0.0400911556542944,,1298.98072893522,30.004545390335,180.962409991436,1.42340286,74.7589812623316,2.232986452,3.205650143074,21.638895783132,19.8483001181559,NaN,NaN,NaN,NaN,14.2590836237608,1.85295156327832,19.7404011294818,436.424860030812,6.33609774449294,41.6726228250166,0.0495822348892859,,1299.01545594998,30.0082040674856,179.311459635138,1.57757123,74.1462115785373,2.331136094,3.62337836936669,20.9395553226598,19.4909917080151,NaN,NaN,NaN,NaN,10.739485655559,1.7640511271541,22.3249363507682,414.398028984696,6.32676143630065,45.0194303900098,0.0505310066255371,,1300.1362227596,30,179.607466066028
17.4166666666667,1.453827496,103.462098406929,2.482168506,3.00626705666913,1.08159053372583,100.104336605218,NaN,NaN,NaN,NaN,10.0403183986667,0.068000003695488,14.9926752342135,NaN,6.5770001411438,30.6981301726974,NaN,,1301.29628937219,30,179.419714997705,1.41373414724805,102.724584634545,4.68246182,3.24019925748151,1.80119690334433,100.072354050303,NaN,NaN,NaN,NaN,9.79895946666667,0.114591191269517,12.0445366968537,NaN,7.59875291416009,24.7715291116781,NaN,,1301.38386675031,30,181.570569648274,1.471455086,105.023588528934,2.448491044,3.43901656587603,0.638621163434689,94.3140061002599,NaN,NaN,NaN,NaN,12.4787736373333,0.0440399352250128,13.3930952422932,135.414754087057,6.59699903980681,28.6254545108013,0.00471664514479101,,1299.91790797581,30.0004014786756,179.482276477791,1.219195508,104.998563867156,4.246096186,3.1677194606548,1.51561613979125,92.8815374139266,NaN,NaN,NaN,NaN,16.658763054677,0.0986573858438313,8.31758456245854,38.3096766697042,7.59700012207031,17.1531822325635,0.0395618502921571,,1300.31945433898,30,180.957019463694,1.42340286,74.521922193242,2.232986452,3.26637657483731,21.6410474542951,19.4574947158513,NaN,NaN,NaN,NaN,14.9355711437392,1.85703502054243,19.68876283069,438.416214091459,6.33320652035506,41.5570523176902,0.0493622316454249,,1300.3876512332,30.0004001486714,179.30740174299,1.57757123,73.9286281515816,2.331136094,3.59832950521738,20.9239673476997,19.7139737981609,NaN,NaN,NaN,NaN,10.5446543386667,1.76563320550347,22.4025638536758,416.150011791007,6.3255054783838,45.2087538584122,0.0502809737443284,,1299.96320376552,30,179.603336430813
17.5,1.453827496,103.467211820663,2.482168506,3.03885500328608,1.06817876186069,99.9900478227182,NaN,NaN,NaN,NaN,10.0408644333333,0.0671641543217609,14.9538863543889,NaN,6.5770001411438,30.6202567934358,NaN,,1297.28136023839,30,179.414181883859,1.416176522,102.712559914451,4.68246182,3.25152000183379,1.76980481911776,100.044024919186,NaN,NaN,NaN,NaN,9.73385302566594,0.112641241149592,12.1598733369505,NaN,7.59185512961535,24.9926916105309,NaN,,1298.75865361564,30,181.567545930107,1.471455086,105.030120630936,2.448491044,3.49205306939481,0.633710482507842,94.3716705593307,NaN,NaN,NaN,NaN,12.8177329629721,0.0437795376512828,13.4914423090942,138.270718005074,6.59703972113244,28.817976075671,0.00458324614283774,,1299.41025204114,30,179.477235060651,1.219195508,105.011598469708,4.246096186,3.15914192293923,1.481415009878,93.0634595803101,NaN,NaN,NaN,NaN,16.7036647925189,0.0964029941051167,8.28307574078649,37.9933601537752,7.59709503168202,17.0898442181798,0.0389913276892354,,1299.93484779263,30,180.951627035552,1.42340286,74.4241209940596,2.232986452,3.21009438770714,21.7050369415926,19.7542373118257,NaN,NaN,NaN,NaN,15.2543507099276,1.86366003914534,19.8240797632329,439.644796868447,6.33200059766591,41.8598379739656,0.04937406215914,,1299.04409411938,30,179.303349811336,1.57757123,73.7125628276244,2.331136094,3.61864069158392,20.891403748032,19.9553705320309,NaN,NaN,NaN,NaN,10.3507689568561,1.76763305923861,22.5489915043781,419.043111679288,6.3230481915733,45.5678246198864,0.0498553422982633,,1298.70594583278,30,179.599209833972
17.5833333333333,1.453827496,103.486487642238,2.482168506,3.04073648743109,1.05574301953436,100.043987738692,NaN,NaN,NaN,NaN,10.1204885796667,0.066392578360454,14.9717025586332,NaN,6.5770001411438,30.6560760212498,NaN,,1299.38505101657,30,179.408645310009,1.416176522,102.761396487806,4.68246182,3.21461065174015,1.73804022067821,100.085102655432,NaN,NaN,NaN,NaN,10.1058133208341,0.110609868869719,12.1025462122744,NaN,7.58995948077174,24.8826937479882,NaN,,1299.87695596912,30,181.56200929506,1.471455086,104.963537367783,2.448491044,3.42975702219813,0.624237784626493,94.5132187962751,NaN,NaN,NaN,NaN,12.8191390103034,0.0430405297247724,13.5365067666221,134.944199147807,6.59717528362194,28.9062896705562,0.00462942789097979,,1301.41059258018,30,179.47218927078,1.219195508,105.016089812977,4.246096186,3.13631653954166,1.45096240857886,93.0820492908958,NaN,NaN,NaN,NaN,16.9597366685,0.0943875290238708,8.43335561015883,37.6732007110933,7.59816955217191,17.3655657755144,0.0385143385274582,,1300.70555511592,30,180.946229525444,1.42340286,74.0147951187292,2.232986452,3.20227634969172,21.6278089301196,19.4031261601459,NaN,NaN,NaN,NaN,14.6776917038106,1.86353145177289,19.9585577927495,443.892124373517,6.33146639256265,42.1624469062569,0.0487239697309979,,1300.29816733312,30,179.29930546328,1.57757123,73.928160851481,2.331136094,3.65622495137822,21.0054310756691,20.3220697382831,NaN,NaN,NaN,NaN,11.4147890531439,1.77456326059819,22.6528331469027,417.486740872594,6.3219567171416,45.8228301179843,0.050315337342617,,1301.41610248063,30,179.595093703962
17.6666666666667,1.453827496,103.536002858579,2.482168506,3.04484079098108,1.05185578731261,100.036528818137,NaN,NaN,NaN,NaN,10.1211350796667,0.0661323427915726,14.8497288760809,NaN,6.5770001411438,30.4114558824574,NaN,,1299.71971400252,30,179.4031136827,1.416176522,102.831074090521,4.68246182,3.26018848489609,1.70542669664398,100.095441952558,NaN,NaN,NaN,NaN,9.960902686,0.108517440447016,12.0766742560581,NaN,7.58999967575073,24.8330984034787,NaN,,1297.21825899761,30,181.556477006239,1.471455086,105.006958525177,2.448491044,3.43056957090704,0.615621999888025,94.5817634173169,NaN,NaN,NaN,NaN,12.6466931315579,0.0425081801717782,13.4699428157605,137.199315551551,6.59759744810638,28.7758063354434,0.00448747627996074,,1299.05757053554,30,179.467144320215,1.219195508,105.011130500988,4.246096186,3.16169297849678,1.42986948352644,93.2217084922607,NaN,NaN,NaN,NaN,16.9599057205,0.0929970909898205,8.3752340151973,37.3127546966445,7.5989804304451,17.2589386862023,0.0383219127783157,,1300.96060838129,30,180.940837731068,1.42340286,73.8485252646288,2.232986452,3.2231739289502,21.5934166838287,20.0651091751279,NaN,NaN,NaN,NaN,14.4284563169285,1.86677095635286,20.0981747053514,447.331926362621,6.32915455097914,42.4770140510264,0.0482716205456765,,1300.43577332855,30,179.29528172574,1.57757123,73.7578090276512,2.331136094,3.6167384998427,20.9789996644577,19.3857812180876,NaN,NaN,NaN,NaN,11.959977462,1.77610845126466,22.6240768592783,419.679172280022,6.32088188147403,45.7523515920245,0.0499896942137302,,1298.79685295378,30,179.590976557289
17.75,1.453827496,103.562657323284,2.482168506,2.99968657141316,1.04888339963765,100.051143791736,NaN,NaN,NaN,NaN,9.95968274433333,0.0659410655761057,15.0549885672916,NaN,6.5770001411438,30.8235324931623,NaN,,1301.06357130331,30,179.397583897046,1.416176522,102.836836294823,4.68246182,3.30184499615986,1.65009419386416,100.030845154018,NaN,NaN,NaN,NaN,10.0389729859284,0.105022743513463,12.0283010379033,NaN,7.59061437192929,24.7403181866218,NaN,,1300.33000919032,30,181.55094903662,1.471455086,105.022895345585,2.448491044,3.40946825378317,0.609703808386657,94.6460624660191,NaN,NaN,NaN,NaN,12.9593957311667,0.0420804261780784,13.4978197528159,136.732213534105,6.59763806387127,28.83039657628,0.00446269069520831,,1299.3084677147,30,179.462110593235,1.219598905367,105.006837093687,4.246096186,3.1136048071888,1.39560941141284,93.3293340825809,NaN,NaN,NaN,NaN,16.9606794891667,0.0907552579458442,8.30321990313203,37.0258474531502,7.59995773608636,17.1267819044565,0.0376924487080373,,1299.09373186071,30,180.935781585453,1.42340286,73.9522920166254,2.232986452,3.2756896725472,21.686078390535,19.6560800023579,NaN,NaN,NaN,NaN,14.8469820423965,1.87305747275178,20.1613890709896,447.071055020578,6.32728647734103,42.6200873117507,0.0485071077530578,,1298.78818414698,30,179.291258600706,1.57757123,73.8321119368634,2.331136094,3.60233048309762,21.0661218130558,20.3135996542842,NaN,NaN,NaN,NaN,10.4758056141329,1.78221075976579,22.8386011975688,419.480888567781,6.31857655443821,46.2825905613817,0.0502220492726338,,1301.28785997414,30,179.586864862453
17.8333333333333,1.453827496,103.566118565971,2.482168506,2.97583377602538,1.03904143009373,100.041655615591,NaN,NaN,NaN,NaN,10.1204830581667,0.065321832888864,14.8962295945079,NaN,6.5770001411438,30.5045669850714,NaN,,1301.15419233214,30,179.392050147151,1.416176522,102.850644094909,4.68246182,3.27431922691077,1.60164023156293,100.035526737446,NaN,NaN,NaN,NaN,10.0012400189049,0.101943789005653,12.041194643352,NaN,7.59221729910691,24.7651295436353,NaN,,1298.95834043284,30,181.545418046598,1.471455086,104.976423731606,2.448491044,3.37451151597843,0.608293185400826,94.6338669845546,NaN,NaN,NaN,NaN,12.638760268,0.0419246367725159,13.3949881068774,134.484298709167,6.59751758430476,28.6290591378577,0.00452416947835478,,1300.60443917738,30,179.457060529382,1.22258468,105.041928461575,4.246096186,3.15867073553644,1.37294217628894,93.3696891960302,NaN,NaN,NaN,NaN,16.8359512004013,0.0892422252648272,8.29806279685473,36.7535377556129,7.59939648588858,17.1173126702377,0.0373550777550012,,1301.32879152869,30,180.933439252562,1.42340286,73.7621083071818,2.232986452,3.22592551022738,21.6708816449315,19.7726266886883,NaN,NaN,NaN,NaN,15.2741020635001,1.87653875642937,20.2813611872731,449.96589345537,6.32521554052881,42.8923114217181,0.0481614112455136,,1299.61865331317,30,179.28723784435,1.57757123,73.5158296578975,2.331136094,3.63614414058588,20.985320899943,19.205168989984,NaN,NaN,NaN,NaN,10.1302274107004,1.78046699138929,22.9799882687891,423.119440794858,6.31650265957385,46.6352420407282,0.049598473110128,,1298.98555858854,30,179.582751487494
17.9166666666667,1.453827496,103.549360334464,2.482168506,3.04676383472309,1.03946308389287,100.018482327703,NaN,NaN,NaN,NaN,10.4825539255,0.0653618625356529,14.9789482127415,NaN,6.57744009476231,30.6705547811535,NaN,,1300.0904917828,30,179.386517688648,1.416176522,102.98728554146,4.68246182,3.27890713436346,1.56209486840236,100.071529364442,NaN,NaN,NaN,NaN,10.0000258988333,0.0993474323563133,12.0355609177057,NaN,7.5936851389238,24.7542359603332,NaN,,1299.5245945594,30,181.539885529661,1.471455086,104.984971263977,2.448491044,3.434926122128,0.604485905687806,94.8233664789946,NaN,NaN,NaN,NaN,12.6383700493333,0.0417592254106951,13.2946484678845,137.766566500975,6.59783931467173,28.4330720295481,0.00438780409403701,,1301.52291728088,30,179.452019585383,1.22308756733343,105.003638119996,4.246096186,3.1654776261886,1.35168764254174,93.4915264417598,NaN,NaN,NaN,NaN,16.4098679844321,0.0878564331063844,8.29557810296649,36.415014131921,7.59989047269036,17.112775832948,0.0371185637958923,,1300.0105791422,30,180.928476842483,1.42340286,73.676748451802,2.232986452,3.33960291481595,21.7219296471353,20.0598058412849,NaN,NaN,NaN,NaN,15.3866086717701,1.88631656174352,20.4360159859986,453.202102914037,6.323170755761,43.2446235976797,0.0479299189646237,,1299.85535636997,30,179.283229648474,1.57757123,73.2234965845003,2.331136094,3.6430636637654,20.9393115270115,19.8935894338497,NaN,NaN,NaN,NaN,10.201480246,1.78161570546813,23.0739701439534,425.608604080684,6.31457576243987,46.870216337016,0.0492005164769839,,1304.1891417344,30,179.578653832803
18,1.453827496,103.567509620887,2.482168506,3.01350841973982,1.03502368464016,100.071947538366,NaN,NaN,NaN,NaN,10.4390879246782,0.0650804487406861,14.9223603144981,NaN,6.57792967240869,30.5571340685185,NaN,,1299.10847323943,30,179.380986317195,1.416176522,102.949740818075,4.68246182,3.23772179713489,1.50556216046256,99.9982153576166,NaN,NaN,NaN,NaN,10.0001299656667,0.095761913259801,12.0232705829363,NaN,7.59587569054545,24.7306581973342,NaN,,1301.3879004653,29.9983943190981,181.534351179559,1.471455086,104.995483146983,2.448491044,3.44007898000796,0.602749152041026,94.8839961651797,NaN,NaN,NaN,NaN,12.6381382898333,0.0414827605897411,13.3660491087791,132.772371385326,6.59787933604115,28.5725974351072,0.00454249053458986,,1299.17439400711,30,179.446972941963,1.225954374,104.969557987041,4.246096186,3.17810147822816,1.32721460329086,93.5427985280261,NaN,NaN,NaN,NaN,16.7473434315,0.0862692133909155,8.34335251412454,36.1418305452249,7.59962687147786,17.2003688943952,0.0367223083916123,,1298.97813447447,30,180.926013822757,1.42340286,73.8906756398714,2.232986452,3.27122453798684,21.8096581044559,20.0446601904716,NaN,NaN,NaN,NaN,15.4367033330941,1.89080943276329,20.44904620499,452.044732133743,6.32167399906317,43.2745031373591,0.0482472890262177,,1300.06277055959,30,179.2792245373,1.57757123,73.2592165843966,2.331136094,3.66779995322816,20.9569929126902,19.5478770463253,NaN,NaN,NaN,NaN,10.2813962048333,1.78497061354229,23.0675532310487,427.992727879943,6.31316219842952,46.8548574787772,0.0489659622424908,,1300.30894720619,30,179.574563951797
18.0833333333333,1.453827496,103.671243664831,2.482168506,2.99350670894554,1.03347826865649,100.046030346405,NaN,NaN,NaN,NaN,10.0844597944885,0.0649599021527941,14.9278721951172,NaN,6.5778454435487,30.5681009482965,NaN,,1299.67839841815,30,179.375454107356,1.416176522,102.93364943972,4.68246182,3.24906335532451,1.46839024654341,100.124854027849,NaN,NaN,NaN,NaN,10.1609136555,0.0934514421000789,12.0926260307193,NaN,7.59802582930655,24.8636687887314,NaN,,1299.98728090247,30,181.528818814864,1.471455086,105.013425003831,2.448491044,3.42762836837479,0.59408358277472,95.0108162132043,NaN,NaN,NaN,NaN,12.8390396950345,0.0410000011324883,13.5195461709225,136.676210092698,6.59791963319087,28.8728930370768,0.00434678469275611,,1299.9164847759,30,179.441924066023,1.22750547587962,105.021578215289,4.246096186,3.15781945261065,1.30461104294912,93.6657085127141,NaN,NaN,NaN,NaN,16.5582856307567,0.084779919566495,8.32317981889757,35.8311089652113,7.59975931900563,17.1633747164904,0.0364098254668775,,1302.94990098288,30,180.922100101002,1.42340286,73.7253605627443,2.232986452,3.22979275561619,21.7372068023059,20.471523326611,NaN,NaN,NaN,NaN,14.9808525109059,1.89035934485414,20.627690028756,454.796442947569,6.32030195892914,43.6838028113188,0.047796346137033,,1299.48921746375,30.0008009647822,179.275218131265,1.57757123,73.0194377927952,2.331136094,3.62215918558907,20.9576366643084,19.999169493049,NaN,NaN,NaN,NaN,10.320545388725,1.78893450281769,23.2005993809257,430.154804356256,6.31187951777615,47.1887878976147,0.0487224774553852,,1299.49045381713,30,179.570478872284
18.1666666666667,1.453827496,103.642287141843,2.482168506,3.02735004002433,1.02999420428974,100.005149034465,NaN,NaN,NaN,NaN,10.1206374141667,0.0647676364270642,15.0015027510305,NaN,6.57711693560345,30.7158791940569,NaN,,1301.87978189332,30,179.369921201859,1.41804600776782,103.008640086717,4.68246182,3.22460886778982,1.43383589096913,100.040777417675,NaN,NaN,NaN,NaN,9.91985458200551,0.0912328550355637,12.0895961673762,NaN,7.59954862806073,24.8579149989477,NaN,,1297.8723459551,30,181.525087970147,1.471455086,104.990734930966,2.448491044,3.42267169204286,0.592965796465383,95.0539518210425,NaN,NaN,NaN,NaN,12.8800185074676,0.0408798156327592,13.5170663459676,135.302248596825,6.59808035580861,28.8681097040086,0.0043853259886444,,1301.30516971591,30,179.43688255243,1.23083673370429,104.987067412293,4.246096186,3.18308897319721,1.29049638720048,93.7185665571116,NaN,NaN,NaN,NaN,16.8802701932433,0.0838394365449568,8.34225958995792,35.532303073091,7.59958285854044,17.1983695968864,0.0363189442440991,,1301.61251823775,30,180.920032950184,1.42340286,73.9194876656477,2.232986452,3.26490480397617,21.5879680240652,19.6632661980428,NaN,NaN,NaN,NaN,15.7486449850637,1.89279843367902,20.7501064115842,463.675087402718,6.31893127492112,43.9655264218975,0.0465697516422448,,1299.84513254546,30.0016072900821,179.271236511036,1.57757123,73.2140332358832,2.331136094,3.59041481854884,21.0220543528766,20.1131482035416,NaN,NaN,NaN,NaN,10.280465722275,1.79252275932059,23.4065467840741,428.73191736907,6.31065540984258,47.7105400744935,0.0490339305788017,,1301.71767941383,30,179.566400580305
18.25,1.453827496,103.639381702808,2.482168506,2.97027011133821,1.02709396850285,100.056290009613,NaN,NaN,NaN,NaN,10.3518990288333,0.0645611669078779,14.9835111983274,NaN,6.5770001411438,30.6798881876954,NaN,,1299.66477880294,30,179.36438852476,1.42183962869308,103.021172495468,4.68246182,3.19678438926073,1.40359728730921,100.030536294925,NaN,NaN,NaN,NaN,10.3856193239945,0.0893108795608365,12.0435038563437,NaN,7.59925336767406,24.7694753479476,NaN,,1298.46175210134,30,181.523350557214,1.471455086,104.996029750639,2.448491044,3.4705125590062,0.593692869067766,95.1441393857513,NaN,NaN,NaN,NaN,12.6785970831645,0.0408797884063707,13.3001692957288,133.617430453072,6.59791948364304,28.4437759642841,0.00444395727384223,,1300.28403336645,30,179.431828132876,1.232635328,104.996644986696,4.246096186,3.17294199126831,1.2732925248142,93.8336905746338,NaN,NaN,NaN,NaN,17.040094299,0.0827035975668156,8.25307990723066,35.2094667842008,7.599493792726,17.0348613155948,0.0361629521346771,,1296.73919971946,30,180.91649659418,1.42340286,73.8608098351453,2.232986452,3.25763012305851,21.5377462233422,20.1408885348696,NaN,NaN,NaN,NaN,15.6155010862697,1.8925355628343,20.8256116348684,466.017966446001,6.31709959686437,44.139747803622,0.0462165970306058,,1300.61254833495,30,179.267278236215,1.57757123,73.2917360040163,2.331136094,3.65161832217141,21.0432682015964,20.4281346906153,NaN,NaN,NaN,NaN,10.604503744187,1.79290813347473,23.5091206379985,427.685482290939,6.30919057882749,47.9717313718523,0.0492033366688381,,1300.46694959818,30,179.562314128606
18.3333333333333,1.453827496,103.674264597087,2.482168506,3.03306318072406,1.02306263607436,100.071967957001,NaN,NaN,NaN,NaN,11.3216725695,0.0643205212541954,14.8491384827939,NaN,6.5770001411438,30.4102918928301,NaN,,1300.85674219714,30,179.358856661176,1.42358357252224,103.01931004063,4.68246182,3.27195281398822,1.37885167751031,100.074513814589,NaN,NaN,NaN,NaN,11.2211576231667,0.0877591598655883,12.0528423311539,NaN,7.59942148106493,24.7873431114766,NaN,,1299.36462251485,30,181.519563324782,1.471455086,105.029863958573,2.448491044,3.45088366831651,0.58196792479636,95.2039954284944,NaN,NaN,NaN,NaN,12.7185975240395,0.0401436500462133,13.4112888450015,136.127462941984,6.59808043054669,28.6609551326554,0.0042752418005209,,1300.25807864168,30,179.426781336548,1.23403221876443,104.975628109093,4.246096186,3.15410774497213,1.25521197739205,93.951063288932,NaN,NaN,NaN,NaN,16.9598842475,0.0815369495356724,8.32392005160618,35.0543869537746,7.59937882777084,17.1647253153651,0.0358079791905245,,1298.811793131,30,180.912423765925,1.42340286,73.6764702942817,2.232986452,3.30648842816491,21.5186681588874,19.4379141160547,NaN,NaN,NaN,NaN,14.7991516633333,1.89266110477114,20.8854977686773,467.567505168572,6.31559373453872,44.2784083311454,0.0460229909940719,,1299.71810807799,30.0008480807839,179.263323135408,1.57757123,73.2678682431231,2.331136094,3.63066678631006,20.9626300698839,19.7795098004673,NaN,NaN,NaN,NaN,10.0031840238986,1.79348188718961,23.6463455476021,432.094663999603,6.30799212847874,48.3236477486811,0.0485164881738477,,1300.98314376811,30,179.558234449226
18.4166666666667,1.453827496,103.719362343911,2.482168506,3.01946220047183,1.02428991708356,100.0152780219,NaN,NaN,NaN,NaN,10.6963433221667,0.0644009945525715,15.0169940617936,NaN,6.57720100522777,30.7470547286755,NaN,,1300.14977667298,30,179.353325318679,1.426363516,103.064811312722,4.68246182,3.271322502269,1.35036260772496,100.032404865143,NaN,NaN,NaN,NaN,10.6835033046667,0.0859442313380303,12.1551262654775,NaN,7.59933225914382,24.9835863718908,NaN,,1300.98743781226,29.9983926460511,181.516880224429,1.471455086,104.958906566501,2.448491044,3.47750185333373,0.583744976062271,95.2373907054417,NaN,NaN,NaN,NaN,12.8787529426272,0.0401208852174125,13.5070636651994,130.831169757348,6.59828180592093,28.8485320264214,0.00446572667389304,,1301.09927647088,30,179.421728552345,1.236043978,105.026396911721,4.246096186,3.13668398355285,1.2449063856401,94.0338541726046,NaN,NaN,NaN,NaN,17.0802233638333,0.0808361655863989,8.32590076000643,34.9139679936737,7.59884933782267,17.1683807349747,0.0356564737702741,,1300.71854122786,30,180.909103767865,1.42340286,73.6652404324232,2.232986452,3.26429892307542,21.4958658147925,20.1738353686779,NaN,NaN,NaN,NaN,14.8839887705999,1.89233134766451,21.1096176211277,468.868014520402,6.31496042814295,44.7993017469412,0.0458463338547289,,1299.57741518901,30.0083434316556,179.259373929316,1.57757123,73.4029725004148,2.331136094,3.65897895214093,20.8337461805788,20.132918592298,NaN,NaN,NaN,NaN,10.785978265028,1.79282897552401,23.7417988383687,439.035311895568,6.30648124258604,48.5693982542038,0.047457126875245,,1301.02575489813,30,179.554178021199
18.5,1.453827496,103.75325612326,2.482168506,2.99677322359388,1.01831930672811,100.011056809363,NaN,NaN,NaN,NaN,10.3391419850017,0.0640000030398369,14.8865250838444,NaN,6.57733909658095,30.4853055531784,NaN,,1299.62027621168,29.9990216116587,179.347792536766,1.42966680597905,103.115272463393,4.68246182,3.20994986786298,1.31729909602584,100.032725106137,NaN,NaN,NaN,NaN,10.0114274031829,0.0838121998064105,12.0601794655902,NaN,7.59897923345636,24.8014170457441,NaN,,1299.35689890937,29.9995933850139,181.514584593142,1.471455086,105.02165604346,2.448491044,3.43625312266337,0.580609596217804,95.3618334927952,NaN,NaN,NaN,NaN,12.5943465856667,0.0399999991059303,13.4548076891746,134.36324293328,6.59843857685558,28.7462062031813,0.00432159670115499,,1301.00387252227,30,179.41667192965,1.236043978,104.997971250429,4.246096186,3.18361642040993,1.22733581621362,94.0832847331709,NaN,NaN,NaN,NaN,17,0.0796804404656788,8.29864057310723,34.6187423716891,7.59919952535749,17.1183743616384,0.0354526835473829,,1298.94449828076,30,180.903700647737,1.42340286,73.9433043004234,2.232986452,3.21713458111676,21.5351086338461,20.7564599544483,NaN,NaN,NaN,NaN,15.1958418347334,1.89314919678074,21.2110917687968,466.86334073516,6.3138449443919,45.0365203252662,0.046127588717985,,1300.53595375048,29.9997027769066,179.255423552326,1.57757123,73.4480579270803,2.331136094,3.60525225610743,20.7619609003474,20.5053618728281,NaN,NaN,NaN,NaN,11.0148181043864,1.7863740552965,23.8803218237101,438.713051896082,6.30384578478652,48.9283198429808,0.0473291024065741,,1300.12013081955,29.9971866981884,179.55012873311
18.5833333333333,1.453827496,103.74625003432,2.482168506,2.79389948862159,1.02356411780287,100.014021994923,NaN,NaN,NaN,NaN,10.3444073244983,0.0633710264732515,14.926160026944,NaN,6.5777053853391,30.5646167947909,NaN,"Sample 1.50 mL to AMBR-96DWP-2/H1",1298.91618675395,29.9920110593069,178.542261587354,1.43194933258338,103.096971085703,4.68246182,2.99023610707208,1.29826849262968,100.037528054745,NaN,NaN,NaN,NaN,10.2299270173171,0.0806517380868953,11.949165660708,NaN,7.59882877625413,24.588793962259,NaN,"Sample 1.50 mL to AMBR-96DWP-2/H2",1299.00522890474,30,180.736066800268,1.47269535577653,104.9951986065,2.448491044,3.23513395431188,0.582238849087281,95.4450164410689,NaN,NaN,NaN,NaN,12.732024062427,0.0391974486944454,13.3848027580987,136.985713875852,6.59872648464851,28.6091907115326,0.00425399453754322,"Sample 1.50 mL to AMBR-96DWP-2/H3",1300.57267561881,30.0032096912407,178.660847979413,1.23765900724483,104.973898867455,4.246096186,3.02619274388655,1.21982783947209,94.1359740817099,NaN,NaN,NaN,NaN,16.9196738385,0.0771001457897902,8.28043589340459,34.5243512752014,7.59920680966166,17.085007626708,0.0352740765575353,"Sample 1.50 mL to AMBR-96DWP-2/H4",1300.00725916923,30,180.170935529536,1.42340286,74.3009359350007,2.232986452,3.00493689138659,21.6222132402412,21.1516094428968,NaN,NaN,NaN,NaN,15.4798705791995,1.85246941833171,21.4318865964404,465.765115830151,6.31311222620728,45.5554313428796,0.0465445040733552,"Sample 1.50 mL to AMBR-96DWP-2/H5",1299.89348771778,29.9907182450741,178.539826196364,1.57757123,73.8910995382602,2.331136094,3.40318192938122,20.888059721804,21.1200419748857,NaN,NaN,NaN,NaN,10.3906077026667,1.75557543570303,24.0453619529587,439.172937989556,6.30574356899915,49.3583769021259,0.04775658050745,"Sample 1.50 mL to AMBR-96DWP-2/H6",1299.88848873131,29.9987948865311,178.899164421049
18.6666666666667,1.453827496,103.790387032343,2.482168506,3.0238213651521,1.02365683738147,100.096756158555,NaN,NaN,NaN,NaN,10.0913617609994,0.0631741529211353,14.8922915104865,NaN,6.57793325077391,30.4966773716885,NaN,,1302.59224821904,30.0022276867549,177.542726599724,1.43341695229758,103.096440297343,4.68246182,3.32950032131442,1.28838049699991,100.109389333247,NaN,NaN,NaN,NaN,10.0776348103333,0.080003852712714,12.0234031385684,NaN,7.59940246768335,24.7309376627443,NaN,,1298.20178639173,30.0020371374203,179.713277996468,1.474552088,104.970682696671,2.448491044,3.45463002291579,0.581979980723339,95.6077421223066,NaN,NaN,NaN,NaN,12.6806602496001,0.0389555890963029,13.4582432505697,136.686570912185,6.59859803710941,28.7529524072519,0.0042704185625406,,1301.71728829234,30.0100002288818,177.615665264647,1.23943315,105.003886109155,4.246096186,3.19265136652843,1.21837955991555,94.3444200824387,NaN,NaN,NaN,NaN,16.6891588918262,0.0767430311631514,8.28594747005654,34.5559030249819,7.59894544442409,17.0951216765294,0.035028448301246,,1297.03755467147,30.0047252930909,179.102283818705,1.42340286,75.5644706640536,2.232986452,3.23746993871323,21.7437232611847,22.489888676304,NaN,NaN,NaN,NaN,14.8955281638596,1.8466750286698,21.4368446369459,461.865258710527,6.3138798070949,45.5671265436331,0.0475803615052603,,1298.9728049039,30,177.45349630441,1.57757123,75.0559916211019,2.331136094,3.60900345250113,21.0142778496315,22.8993351747706,NaN,NaN,NaN,NaN,11.1212654406396,1.73841664572555,24.1198443106252,435.845013312645,6.30599975585938,49.5540700376042,0.0492098609854631,,1299.98023126996,30,177.748027323681
18.75,1.453827496,103.806179052438,2.482168506,2.99572995596394,1.01711438761987,99.9699741491798,NaN,NaN,NaN,NaN,10.1902121016673,0.063281365211312,14.9122726337449,NaN,6.57783930681663,30.5367686545322,NaN,,1301.05831422037,30.0100002288818,177.53719368766,1.436472598,103.168705856694,4.68246182,3.20328560894395,1.25101807250522,100.021407471591,NaN,NaN,NaN,NaN,9.76725383010572,0.0788389718607009,12.0564161519394,NaN,7.59771460759244,24.7942043209803,NaN,,1298.29893809861,30.00359502188,179.71087204188,1.474552088,105.006092009856,2.448491044,3.41519217337748,0.573335186469856,95.6059952997751,NaN,NaN,NaN,NaN,12.4660130378062,0.0391249320059377,13.4124975611879,136.603436533946,6.59871868945881,28.6633144453515,0.0041971670370652,,1299.82186840371,30.0064696975345,177.610614318659,1.24034268037752,104.979182773371,4.246096186,3.18199822253027,1.19410860535458,94.4325671863353,NaN,NaN,NaN,NaN,17.0297285173404,0.0767170068749413,8.31255943911582,34.0682711722853,7.59954582812558,17.1439238613218,0.0350503246568145,,1300.59776778163,30.0049164667064,179.097719372946,1.42340286,76.4712142208644,2.232986452,3.23143119478945,22.0056797237945,22.0753120973156,NaN,NaN,NaN,NaN,15.6076537680585,1.86034714734211,21.5866606791844,438.636011972211,6.31416077770305,45.9214827951131,0.0501860083241173,,1298.95319421092,30,177.449462335658,1.57757123,76.3862632382593,2.331136094,3.58153770458063,21.2627742961195,22.34501701446,NaN,NaN,NaN,NaN,10.6194199567365,1.75199162214622,24.218622875597,404.221555682887,6.3058388046813,49.8139134994176,0.0526114091307883,,1301.46688452243,29.9990013599689,177.743889570458
18.8333333333333,1.453827496,103.770804001693,2.482168506,3.03496678152977,1.01575612955789,100.040691001909,NaN,NaN,NaN,NaN,9.96500365209976,0.0632014769112474,14.8774525589332,NaN,6.57799482389412,30.4669396529832,NaN,,1301.25222273402,30.0100002288818,177.531660680009,1.436472598,103.23096477727,4.68246182,3.23619166277698,1.23656115504112,100.072264457136,NaN,NaN,NaN,NaN,10.0337886282276,0.0779261246376097,12.0287864650236,NaN,7.59850883118734,24.7412695604906,NaN,,1299.13381666314,30,179.705342888536,1.474552088,104.995671794268,2.448491044,3.46907607749443,0.575425852334422,95.71005966257,NaN,NaN,NaN,NaN,12.7589380927195,0.0391206524052076,13.3442603674843,131.278364252377,6.59887953732417,28.5299867356746,0.00438583118397992,,1300.3209546381,30.0008040081735,177.605558453949,1.2428418,105.003384973346,4.246096186,3.18227071749554,1.18658520287058,94.5138163384388,NaN,NaN,NaN,NaN,16.436965231,0.0762145095830964,8.29573221309337,33.7678453823632,7.59874535105442,17.1130442517039,0.0351396635859427,,1298.90098789991,30.0004024575796,179.094881720909,1.42340286,77.894533095323,2.232986452,3.22683629329645,22.2272834008305,22.614984398923,NaN,NaN,NaN,NaN,15.424519430049,1.82754669426377,21.704649275703,405.582853035815,6.3157017768265,46.201599570537,0.0548200951195422,,1299.69871722043,29.9941940792177,177.445334138752,1.57757123,77.7483480075189,2.331136094,3.56991392134625,21.1105247533879,22.7960620878998,NaN,NaN,NaN,NaN,9.87996991537727,1.72029578834183,24.3519870540915,390.654958910254,6.30660924782995,50.1682303698311,0.0540449342617616,,1300.71898004578,29.9899998268307,177.739682703527
18.9166666666667,1.453827496,103.821695880636,2.482168506,2.98145629909162,1.0181002965081,100.079070489523,NaN,NaN,NaN,NaN,9.99469552456692,0.0633614451882651,14.9443034068156,NaN,6.57788465975034,30.6010583678305,NaN,,1298.52253321437,30.0052194768899,177.526129517883,1.43834017485239,103.224186786865,4.68246182,3.23890861650647,1.22008568923305,100.089664852021,NaN,NaN,NaN,NaN,9.79957865416667,0.0768782436034411,12.0626818505155,NaN,7.59889753833356,24.8062438017046,NaN,,1300.92714199717,30,179.701611673368,1.474552088,105.01837909832,2.448491044,3.48802450232951,0.570313737734718,95.7851198916446,NaN,NaN,NaN,NaN,12.4380381369471,0.038856688092337,13.4727362083266,134.718981685839,6.5990801245372,28.7812396314204,0.0042335380862766,,1300.65273622625,30,177.600497814311,1.2428418,105.011914200252,4.246096186,3.18475519757908,1.17019324630854,94.5572625518788,NaN,NaN,NaN,NaN,17,0.075138520239486,8.32430642588105,33.4966149059705,7.59941962851809,17.165441728548,0.0349348594861832,,1300.3959913273,30,179.089473852973,1.42340286,79.981869608299,2.232986452,3.23361941512217,22.1138650236279,25.3351037437567,NaN,NaN,NaN,NaN,14.6529912156638,1.78526293608932,21.925588638346,383.34800597458,6.31916014176471,46.7295990173809,0.0577335757860564,,1301.09746718327,29.9862413722672,177.441113002022,1.57757123,79.8163778852623,2.331136094,3.57454254053287,20.8894834914168,24.4541941582772,NaN,NaN,NaN,NaN,10.65453569408,1.67367160186095,24.3836316486891,370.285016720032,6.31105357892198,50.2517903357068,0.0564411968969111,,1299.04197158846,29.9826566211573,177.735421360382
19,1.453827496,103.892772324129,2.482168506,2.92948148885501,1.01247185208303,100.068954926771,NaN,NaN,NaN,NaN,10.3936849828333,0.0629697276485164,15.0298609007518,NaN,6.57800006866455,30.7729228519593,NaN,,1300.4009679344,30,177.520596213353,1.43986177,103.278823998589,4.68246182,3.22249539680839,1.19712113437678,99.9987907116034,NaN,NaN,NaN,NaN,10.0401422385,0.0754238332106656,12.0338524898581,NaN,7.59866721749318,24.7509471488518,NaN,,1299.35520837998,30,179.697671673623,1.474552088,105.013103830838,2.448491044,3.45024700446343,0.569027252054938,95.8356100512272,NaN,NaN,NaN,NaN,12.7590231332109,0.038682452419169,13.5212194219822,131.266137124206,6.59936099422596,28.8762460702783,0.00433921284099809,,1298.93977448318,30.0012064689016,177.5954408174,1.2457774900551,104.990165641961,4.246096186,3.17628308152587,1.15480685548803,94.6481862296454,NaN,NaN,NaN,NaN,17.2558068516457,0.074142961559225,8.31586414395843,33.3416575543957,7.59832631186011,17.149950459284,0.0346356650385336,,1298.3275651482,29.9987971073053,179.08693061171,1.42340286,87.1534919740901,2.232986452,3.17365568898666,21.6855268081896,50.7505616109096,NaN,NaN,NaN,NaN,15.4565228809945,1.68659467368307,22.0145604875461,335.385255494579,6.3307018807187,46.9439432306033,0.0652563437766011,,1301.43516042657,29.9624811090347,177.436786646691,1.57757123,90.7803736550872,2.331136094,3.58001209887656,20.0923272304786,59.9507395009486,NaN,NaN,NaN,NaN,10.3182832016723,1.52795159551196,24.709939744735,299.994636074838,6.32900529767907,51.1285072248777,0.0695208701996759,,1302.24046285931,29.9505334259285,177.731043730509
19.0833333333333,1.453827496,103.84889949033,2.482168506,2.98531774051022,1.01102601529902,100.078869031771,NaN,NaN,NaN,NaN,10.4496333923333,0.0629101272533903,14.9500037504984,NaN,6.57800093840855,30.6125532203388,NaN,,1300.08547161676,30,177.515062692315,1.44130287631902,103.270070658567,4.68246182,3.24597964191223,1.16977097927735,100.021174531785,NaN,NaN,NaN,NaN,10.0804388341667,0.0737109326470285,11.9870688937665,NaN,7.59905866117441,24.6613242247081,NaN,,1299.15772832095,30,179.693513848142,1.474552088,104.988537295136,2.448491044,3.45514945973058,0.558899887799358,95.8564084259311,NaN,NaN,NaN,NaN,16.0071238026566,0.0380249012633663,13.3530755290028,132.554019667928,6.59912014316519,28.547160178159,0.0042169134147629,,1300.45945531994,30.0033621435432,177.590372421951,1.246269928,105.017837748393,4.246096186,3.19960673481542,1.13870049782675,94.7119570092114,NaN,NaN,NaN,NaN,17.1857180026876,0.0731059630508584,8.26452190888612,33.0740305409265,7.598251775552,17.0558542341206,0.0344287932516625,,1298.60647033112,30,179.082084572846,1.42340286,104.355885156075,2.232986452,2.85953295087899,18.482443082799,45.6234281440152,NaN,NaN,NaN,NaN,15.5829724263382,1.27814728780077,22.4622350679134,173.630871200909,6.3627422046917,48.0300039047214,0.107804717266028,,1299.0344384049,29.9030312714961,177.432075325128,1.57757123,104.914501092568,2.331136094,3.24209970202998,16.0203218451083,38.3264860868431,NaN,NaN,NaN,NaN,10.8743049723772,1.09141442194933,25.0229647122828,148.409995166658,6.35919474304455,51.9807470429507,0.107969858886872,,1299.96923727216,29.9019280815066,177.726190434766
19.1666666666667,1.453827496,103.899782577446,2.482168506,2.99784202823596,1.0010547772466,99.9283539555893,NaN,NaN,NaN,NaN,10.3613388460508,0.0622922969040785,14.9746029922068,NaN,6.57858531765581,30.6619569096953,NaN,,1301.09547588394,30,177.509531472146,1.44327042,103.364468968631,4.68246182,3.26234866477118,1.1487990663539,99.9997417591914,NaN,NaN,NaN,NaN,10,0.0723392824589723,11.9918681481064,NaN,7.59874047908018,24.6705228082811,NaN,,1300.44480655848,30,179.690018692796,1.474552088,104.996837735416,2.448491044,3.4118065019459,0.554878189841999,95.9228314986838,NaN,NaN,NaN,NaN,18.9624337281841,0.0378144440379457,13.4291911552203,134.606969469765,6.59965366904511,28.6960774519656,0.00412226822238087,,1299.7466048373,30.0030578119345,177.58531679046,1.246269928,105.003974198699,4.246096186,3.17646793230867,1.1223494644843,94.8018949098387,NaN,NaN,NaN,NaN,16.9913173830898,0.0720237440427932,8.26242183669259,32.8083658088282,7.59899997711182,17.0519848704436,0.034208924723058,,1300.33603552742,30,179.076674322796,1.42340286,105.060044490206,2.232986452,2.8162753625212,14.0278591132595,33.8087827581501,NaN,NaN,NaN,NaN,15.5168398097646,0.959374628692242,22.4445759140255,155.795875394306,6.38778143301466,47.9867562138367,0.0900638241141547,,1299.75119544113,29.9133086906355,177.427043323809,1.57757123,104.997944318873,2.331136094,3.20875163911361,12.2365425311539,31.4528791897547,NaN,NaN,NaN,NaN,10.6876897230504,0.825802142968184,24.9614834144066,131.214213848673,6.38135724966165,51.8118683793749,0.0932384324213237,,1301.12449844779,29.9132504189267,177.7211029496
19.25,1.453827496,103.884123402493,2.482168506,3.01474625082323,0.996858232946843,100.028617916474,NaN,NaN,NaN,NaN,10.160264196472,0.062019724231572,14.9673414029931,NaN,6.57843820903971,30.6472446309306,NaN,,1300.99584279831,30,177.503999332525,1.44327042,103.34366059326,4.68246182,3.19401917606673,1.12614691623553,100.078319850017,NaN,NaN,NaN,NaN,10.1201063618333,0.0709278188194317,11.9966798862228,NaN,7.59973627819505,24.6797309330102,NaN,,1299.66175344555,30,179.684485457524,1.474552088,105.012098444289,2.448491044,3.45270488497489,0.548630126150538,95.9626513884951,NaN,NaN,NaN,NaN,16.5339553237818,0.0372295330370888,13.343715523333,129.030336043887,6.59995970451079,28.5290187145046,0.00425426467781053,,1301.49465598743,30,177.580252211319,1.246269928,105.000971451161,4.246096186,3.1750699059949,1.10760863732912,94.8675974043843,NaN,NaN,NaN,NaN,16.8883022172435,0.0710839854534889,8.27133938521138,32.5059143799056,7.59968497267825,17.0683191193544,0.0340739322221939,,1302.13569067038,30,179.071263774653,1.45709688478906,105.021511861335,2.232986452,2.80021176908714,12.0174403998539,29.864324489163,NaN,NaN,NaN,NaN,14.9568946762389,0.823852271094934,22.5366173963442,156.594751292711,6.40236332032867,48.2121860119943,0.0767472442671103,,1299.41571095221,29.9480290269667,177.454391702527,1.59346493970777,104.970387954557,2.331136094,3.17341776532931,10.6190990396555,29.7287658923683,NaN,NaN,NaN,NaN,9.9146591550668,0.716525147262051,25.1063487783036,128.887404063213,6.39950453127297,52.2106071050246,0.0823884858928929,,1300.5408120135,29.9371446698353,177.730927957993
19.3333333333333,1.453827496,103.927705575636,2.482168506,2.98317826288091,0.984498421022135,100.029777811197,NaN,NaN,NaN,NaN,10.4179303933106,0.0612407251949761,15.0454672507726,NaN,6.5789999961853,30.8043357878881,NaN,,1299.49657661471,29.9983919505388,177.49846604994,1.44590295151214,103.323243869574,4.68246182,3.18019853588249,1.10478494937308,100.026549448792,NaN,NaN,NaN,NaN,10,0.0695999269697254,11.7860017968785,NaN,7.59825341765951,24.2767275879123,NaN,,1300.81388293167,30,179.681517400035,1.474552088,105.045629149418,2.448491044,3.44529833069382,0.54197884999591,95.9822637397126,NaN,NaN,NaN,NaN,26.0469930449531,0.0368794249649844,13.4118334283672,133.097632396868,6.59999990463257,28.6621075676175,0.00407224015704607,,1301.59763263816,30,177.575185493441,1.24802306222452,105.011500391061,4.246096186,3.18097893860269,1.09056967115779,94.8750019672049,NaN,NaN,NaN,NaN,17.1548038134144,0.0699552073906519,8.25799868042473,32.2323394366537,7.59899902006019,17.0438788122918,0.0338354283160907,,1299.90705887197,30,179.067537364639,1.50739478050878,104.996240066849,2.232986452,2.82269451500183,11.4306414049786,33.5424169557215,NaN,NaN,NaN,NaN,15.636596448,0.784419504539918,22.6779981257218,156.554011201278,6.40040755145505,48.5607648602196,0.0730135809438014,,1298.19074120453,29.9675778079086,177.500261832993,1.64639906830868,105.046522824305,2.331136094,3.14169439091416,10.3359428969271,29.8635852321888,NaN,NaN,NaN,NaN,10.1227253511233,0.696066659777027,25.2430540982433,126.08518404571,6.4003362154438,52.589969029866,0.0819810968933108,,1300.71896418113,29.9614881749047,177.778972179446
19.4166666666667,1.453827496,103.929484981476,2.482168506,2.98413602174897,0.9792968634233,100.0260671689,NaN,NaN,NaN,NaN,10.5993060745176,0.0609198520199522,14.9273588073185,NaN,6.5789999961853,30.5670235733974,NaN,,1298.21607791471,30,177.492933561273,1.44667907,103.366579580871,4.68246182,3.21374757656398,1.08921980695489,100.04052116069,NaN,NaN,NaN,NaN,9.95984061183333,0.0686217439061857,11.9874468971558,NaN,7.5990153233136,24.6620948163671,NaN,,1300.66451183129,30,179.6768326267,1.47657865643691,104.98618639228,2.448491044,3.46944772002814,0.5371064219837,96.0997404843197,NaN,NaN,NaN,NaN,25.9146598203802,0.0364791398201183,13.4208971250356,130.264564554575,6.59903814133266,28.6797509813752,0.00412779018220979,,1299.46326990382,30,177.5720831517,1.249639622,104.989874060057,4.246096186,3.19326531722933,1.07506717444195,94.9486000527205,NaN,NaN,NaN,NaN,17.3694311280714,0.0689656635943929,8.21718050192563,31.9239139428108,7.59807217998724,16.969135570496,0.033675981204916,,1299.96280868041,30,179.063808887539,1.54103896143768,104.976567985537,2.232986452,2.82723737178943,10.7684061270822,36.727137940527,NaN,NaN,NaN,NaN,15.6463028380667,0.739046719597736,22.774255443694,156.002506185566,6.40036130211371,48.798246346398,0.0690263629798106,,1299.82638866408,29.9739209162375,177.529006424653,1.66254991570718,105.024783662017,2.331136094,3.21007604586262,9.85437748970396,36.6526184769697,NaN,NaN,NaN,NaN,10.1591776800433,0.662556921787246,25.1833924890157,122.975509318308,6.39845477065663,52.4240342758611,0.0801288808227751,,1299.97307473803,29.9702729008476,177.790600252139
19.5,1.453827496,103.928106375241,2.482168506,3.03162663036103,0.971473579891527,100.031673087156,NaN,NaN,NaN,NaN,10.1065531259824,0.0604286090218308,14.8883562155377,NaN,6.57903985166773,30.488786132218,NaN,,1300.25738605776,30,177.487400387777,1.44911783342039,103.342938861876,4.68246182,3.27137296324986,1.07157396886275,100.067892152553,NaN,NaN,NaN,NaN,10.0017452276667,0.0675225359507218,11.9114058163621,NaN,7.59629103640727,24.5164520295099,NaN,,1297.58723057994,30,179.67367353815,1.477921782,104.99360037122,2.448491044,3.44921228786611,0.530508870531721,96.1145941665993,NaN,NaN,NaN,NaN,19.6750236931667,0.0360476069482686,13.3978348334028,130.475833514663,6.59680672763565,28.6346278336095,0.00406662743982437,,1301.27903583032,30,177.568420738764,1.249639622,105.030705363734,4.246096186,3.18737424667936,1.06043820137185,95.0078480406846,NaN,NaN,NaN,NaN,17.5595670283475,0.0679997412491785,8.22711660773285,31.6814634906878,7.59856083432768,16.9873084383708,0.0334718939052108,,1300.90399675339,30,179.058395635295,1.56484840933342,104.993645919627,2.232986452,2.80871391949538,10.2598100148503,38.4208061331126,NaN,NaN,NaN,NaN,14.8129377662667,0.704703070838397,22.9174928602028,155.701276703583,6.40024039389835,49.1547750721343,0.0658937794570799,,1300.0302246352,29.9799995422363,177.548015096807,1.68710323415758,105.029263275239,2.331136094,3.22192708146386,9.32183945979153,38.8629756416913,NaN,NaN,NaN,NaN,10.2252434158333,0.626499157916415,25.3584156099237,121.743725970364,6.4003331183297,52.9131071045425,0.0765672689406131,,1299.18220442768,29.9784056860254,177.809554730974
19.5833333333333,1.453827496,103.964586415561,2.482168506,2.96200555034447,0.963888872261338,100.021825305736,NaN,NaN,NaN,NaN,10.2009625966667,0.0599598431636091,14.9692707946557,NaN,6.57908547871931,30.6512272491506,NaN,,1300.33198292201,30,177.48186810002,1.450048764,103.316430046443,4.68246182,3.21249621228649,1.07021793089466,100.013192482269,NaN,NaN,NaN,NaN,10.2436212607969,0.0674757112264666,11.9885388777508,NaN,7.58931835275626,24.6641162012986,NaN,,1299.84316036483,30,179.669145340863,1.477921782,104.964080250996,2.448491044,3.48039016510679,0.524134268406421,96.2134935983519,NaN,NaN,NaN,NaN,12.7756639205,0.0356693823705544,13.4606083231501,132.793345581268,6.59623745194706,28.7574922131908,0.00394702929649729,,1300.21069514942,29.9987946037746,177.563358706407,1.249639622,105.004877542503,4.246096186,3.16780712815602,1.04891832903806,95.0320429423222,NaN,NaN,NaN,NaN,17.3885297583333,0.0672502733744525,8.22553066707545,31.4671970129671,7.59922798231347,16.9843846603377,0.0333335099168159,,1298.4748429479,29.9995989617462,179.052980420209,1.58825918318329,105.007283103877,2.232986452,2.76174636747691,9.83976950809294,44.3367235658922,NaN,NaN,NaN,NaN,15.5971622779383,0.675586059926492,22.8748930917786,155.070194114216,6.40030477003318,49.0480975790729,0.0634521937259827,,1300.02062947276,29.9799995422363,177.566339495267,1.71230124130798,104.974721143895,2.331136094,3.19686829319604,8.83055755999002,46.2130706767875,NaN,NaN,NaN,NaN,9.75344270782549,0.593601494697171,25.4932315685345,120.939173717909,6.40026124800453,53.2919798669903,0.0730124844702744,,1300.11693854451,29.9789878138119,177.829823084128
19.6666666666667,1.453827496,103.979991842814,2.482168506,3.01928037922074,0.955089949612423,99.9920565920835,NaN,NaN,NaN,NaN,10.2868589825242,0.0593966078497301,14.9076840340478,NaN,6.57999992370605,30.5275810620764,NaN,,1299.70832402745,30,177.476334891098,1.450048764,103.474305202155,4.68246182,3.27576007175395,1.06305882893278,100.040795466256,NaN,NaN,NaN,NaN,10.1160770110364,0.0669653999061411,12.0135007688039,NaN,7.58429621259904,24.7119764487317,NaN,,1298.27718450128,30.0028095513957,179.663618000477,1.477921782,105.04014016252,2.448491044,3.44554348143388,0.516201595059679,96.2603957594446,NaN,NaN,NaN,NaN,13.063468351,0.034982454077387,13.4109374655975,127.276074410925,6.59595963812338,28.6603776863088,0.00405838543718475,,1299.35604140357,30,177.558288390437,1.25053428940186,105.020607454495,4.246096186,3.16785856645481,1.03544619992313,95.124063906467,NaN,NaN,NaN,NaN,17.7991684631667,0.0663744299998421,8.18019327253983,31.1998052443078,7.59951131275641,16.9013270927911,0.0331873847142403,,1299.78899902296,30,179.048391538409,1.60783730642502,105.005284130859,2.232986452,2.82733331734826,8.27897284908529,73.2351220168971,NaN,NaN,NaN,NaN,15.6747766923301,0.568420246133288,22.939147566236,153.651397470869,6.40007707515432,49.2088656000059,0.0538648963694083,,1300.74086432828,29.9733760498517,177.581107788514,1.72308290334581,104.986239926775,2.331136094,3.21409781337168,7.1346322788141,75.4239444638082,NaN,NaN,NaN,NaN,9.94113108782086,0.47955259430287,25.5568727969395,118.90124777267,6.40005886014952,53.4717423816935,0.0599661467649449,,1300.32536042763,29.9638045371756,177.835754586808
19.75,1.453827496,103.951403737756,2.482168506,2.97329214075344,0.945841893637009,100.042723531701,NaN,NaN,NaN,NaN,10.5198010046747,0.0588456402273409,15.0360954311219,NaN,6.57980539452361,30.7854437199197,NaN,,1301.21847171505,30,177.470802621759,1.450048764,103.436368246296,4.68246182,3.27096730509155,1.04704377282584,100.042942108348,NaN,NaN,NaN,NaN,10.0402175656667,0.065959791613055,11.9722734858284,NaN,7.57970743063,24.6329564049999,NaN,,1301.60385424188,30,179.658087173282,1.477921782,105.017317495677,2.448491044,3.42892987884089,0.506734164595699,96.226075872192,NaN,NaN,NaN,NaN,12.5584284215,0.0344414738530917,13.4315667656404,131.564043025986,6.59603998378657,28.7008476595141,0.00385192584303695,,1301.20268768404,30,177.553215551639,1.253028794,105.002814953799,4.246096186,3.16939527619315,1.02506882508699,95.1764463941544,NaN,NaN,NaN,NaN,16.9766914065,0.0656990155872451,8.31531625336366,30.8875496866837,7.59822072792764,17.1489582198809,0.0331882251525469,,1300.0196790903,30,179.045537421277,1.61387822199821,104.963934718346,2.232986452,2.83310738941714,5.69307531846531,81.280879483109,NaN,NaN,NaN,NaN,15.6742881207316,0.391215642549003,22.9077528623016,152.031999564379,6.39891972798382,49.130121355722,0.0374388669789259,,1299.30770546601,29.9699993133545,177.582405510418,1.72744998967355,105.021526920156,2.331136094,3.187533571902,4.70233020300458,82.0500075559694,NaN,NaN,NaN,NaN,10.214190189187,0.316188558650271,25.3057725579567,117.295294716659,6.40003975348992,52.7650652893146,0.0400747583420371,,1300.68357385521,29.9599990844727,177.835042456861
19.8333333333333,1.453827496,103.987760578368,2.482168506,3.01715426351264,0.93689500522856,100.044226589265,NaN,NaN,NaN,NaN,10.2372111236345,0.0582769837565919,15.0271914208895,NaN,6.57939763862619,30.7675492785202,NaN,,1298.98915071958,30.000403781865,177.465270996207,1.450048764,103.452418464791,4.68246182,3.20883439826792,1.03584681285774,100.022767367112,NaN,NaN,NaN,NaN,9.67807260052518,0.0652498014473884,11.9223526666886,NaN,7.57720922579801,24.5374515367776,NaN,,1298.10639701826,29.9933049390241,179.65255680062,1.477921782,105.002181900524,2.448491044,3.47909979515398,0.498585582645781,96.2921293150869,NaN,NaN,NaN,NaN,13.0000323285,0.0338183384926029,13.3428884428349,128.4603900907,6.59608018701712,28.5272423661263,0.00388547327758726,,1300.29711918116,29.9983926359895,177.548147480596,1.253028794,104.970605257419,4.246096186,3.17079452812444,1.00579244669298,95.2819364589061,NaN,NaN,NaN,NaN,16.7994034104659,0.0644621641911652,8.2189755709816,30.6607288603634,7.5990564772809,16.97243020613,0.032803657504637,,1300.16863229493,30,179.040119813083,1.613878222,104.997885801869,2.232986452,2.8062109864761,4.1697684495826,82.0462506508384,NaN,NaN,NaN,NaN,15.1145178634277,0.286146633933105,22.7654762255792,148.007291952455,6.39830519678331,48.7766969280104,0.0281707619954755,,1300.13429268849,29.9699993133545,177.57739251918,1.729830756,104.990463961974,2.331136094,3.16751701710827,3.36018079877301,82.6946781370262,NaN,NaN,NaN,NaN,9.865425327,0.225509944465848,25.2982791190563,113.252073468828,6.39990944922782,52.7438915262437,0.0296671270151663,,1299.90430928298,29.9693301164698,177.832367128389
19.9166666666667,1.453827496,103.98238092765,2.482168506,3.05232573521041,0.923389629316564,100.000612356473,NaN,NaN,NaN,NaN,10,0.0574476044684409,14.9927568169091,NaN,6.57971286479554,30.6983527991862,NaN,,1299.71659118833,30,177.45973902686,1.450048764,103.456646979552,4.68246182,3.23718244763241,1.01936594849129,100.046308783488,NaN,NaN,NaN,NaN,9.90336488712164,0.0642535802242544,11.9352960784182,NaN,7.57574763195756,24.5621589975941,NaN,,1298.12234007308,29.9978650959654,179.647029214921,1.477921782,104.990255295835,2.448491044,3.4750836883148,0.486699388455218,96.3470140397124,NaN,NaN,NaN,NaN,12.6779705983333,0.0330804916250883,13.5286333985215,131.250673773079,6.59612066501326,28.8907415860431,0.00370864879773336,,1300.33008054853,30,177.54307357879,1.253028794,105.03518839755,4.246096186,3.16501927281498,0.992411808378404,95.2649873077306,NaN,NaN,NaN,NaN,16.6783050628674,0.0635865054510285,8.25266174083865,30.4163495788461,7.59999972159054,17.0341256624307,0.032627330935653,,1301.12924220366,30,179.034702764306,1.613878222,104.995760096982,2.232986452,2.80600632640141,3.38003976441277,83.2902297745024,NaN,NaN,NaN,NaN,14.7907384074246,0.231978552609873,22.7830022327168,147.99580821577,6.39800024032593,48.8201037028906,0.0228378233629281,,1299.19510064391,29.9732974306673,177.572374853707,1.73216572903764,104.973998810464,2.331136094,3.17522374039979,2.71129856425959,83.8575730816217,NaN,NaN,NaN,NaN,10.152956046269,0.182138067325384,25.3326531677737,113.700771119623,6.40000879834871,52.8401026057592,0.0238485476637089,,1299.00192678838,29.9764815729682,177.82943127537
20,1.453827496,104.011182972389,2.482168506,2.9856923384235,0.914598189183099,100.034720132857,NaN,NaN,NaN,NaN,10.36174416978,0.0568935675515495,14.9108798219229,NaN,6.57999992370605,30.5339520500736,NaN,,1300.46471806681,30.0004018162983,177.454208152639,1.450048764,103.505958981133,4.68246182,3.21826205291995,1.0097017744056,100.053456771127,NaN,NaN,NaN,NaN,9.81576565918651,0.0635995816938247,11.9451680868465,NaN,7.57401655091865,24.5811188697262,NaN,,1299.31440400398,30,179.641500386137,1.477921782,105.014137578335,2.448491044,3.43321802148101,0.48271613229272,96.4455905946255,NaN,NaN,NaN,NaN,12.6811376283333,0.0327855598175667,13.3924162107001,130.297891001584,6.5959997177124,28.624074149041,0.00370864094453249,,1299.68320314465,30,177.538010700355,1.25442885240286,104.98387047346,4.246096186,3.15932525270139,0.975793291331243,95.3074218196036,NaN,NaN,NaN,NaN,16.9603028541667,0.0625102225967166,8.17427298182912,30.1064859159709,7.5992221002555,16.8904853940468,0.0324113224105927,,1301.25603349631,30,179.030614321943,1.613878222,105.00775922073,2.232986452,2.79629549124396,2.92843975585418,83.9242130328034,NaN,NaN,NaN,NaN,14.9437864696477,0.20092652355935,22.8163543819944,147.356903790896,6.39738950372575,48.9026657827896,0.0198731443953268,,1301.33173813881,29.9808443915129,177.567356880142,1.736570144,105.014687362429,2.331136094,3.187145202294,2.35113500632538,84.3478776413569,NaN,NaN,NaN,NaN,9.96696135056436,0.157965409391475,25.2908213073383,113.739304532461,6.39971876125274,52.7233691208531,0.0206714958772438,,1300.05611169493,29.9876405394892,177.828838971464
20.0833333333333,1.453827496,104.011762922004,2.482168506,2.81207013642465,0.907133223635178,99.9702270035015,NaN,NaN,NaN,NaN,10.36125220172,0.055496239669156,14.9452221631941,NaN,6.57995970146504,30.6029346658283,NaN,"Sample 1.50 mL to AMBR-96DWP-3/A9",1301.07603909639,30,176.62058141848,1.450048764,103.56151212513,4.68246182,2.99176197120086,0.98988498295054,100.034561273575,NaN,NaN,NaN,NaN,9.87978979559873,0.0607498169482344,11.9828691356008,NaN,7.57399988174438,24.6533024559439,NaN,"Sample 1.50 mL to AMBR-96DWP-3/A10",1297.64840661648,29.9987973121533,178.831768569103,1.477921782,104.997404243722,2.448491044,3.2799563151667,0.475493296620368,96.3882781919779,NaN,NaN,NaN,NaN,12.8381747345727,0.0314609361675157,13.5134418463445,128.229697875607,6.5957994914637,28.8610154614763,0.00368308643923517,"Sample 1.50 mL to AMBR-96DWP-3/A11",1300.81393968361,29.9906771254396,176.747684471147,1.256456922,104.985751155957,4.246096186,2.99056594344709,0.971977487319741,95.3311431223456,NaN,NaN,NaN,NaN,16.8751679883333,0.0609026554455468,8.20459247072938,30.0298441724437,7.59820056989412,16.9460287578049,0.0323482202240928,"Sample 1.50 mL to AMBR-96DWP-3/A12",1301.82415113212,30,178.279697090103,1.613878222,104.998621938065,2.232986452,2.59309923306466,2.70103478424396,84.2283447006093,NaN,NaN,NaN,NaN,15.5933028464424,0.179190223975399,22.817313592421,147.822315346927,6.39664242163735,48.9052153120927,0.0180972293344987,"Sample 1.50 mL to AMBR-96DWP-3/B1",1300.30456053886,29.9899997711182,176.830190953195,1.73778616977449,105.011273513685,2.331136094,2.96553439140094,2.1627388105492,84.8620770518689,NaN,NaN,NaN,NaN,9.67652725434568,0.140907461743973,25.3880218484768,114.126256627895,6.39915876561308,52.9952605693154,0.0187902293836027,"Sample 1.50 mL to AMBR-96DWP-3/B2",1300.03902282239,29.9903379216995,177.159295796952
20.1666666666667,1.453827496,104.041279675255,2.482168506,3.00477719296873,0.906808962947771,100.14228981702,NaN,NaN,NaN,NaN,10.339731405,0.0554202712098844,14.7628996363598,NaN,6.57999992370605,30.2374913573588,NaN,,1299.41746085336,30,175.649144813403,1.450048764,103.582710410209,4.68246182,3.2187281006145,0.981307187275153,100.073315022371,NaN,NaN,NaN,NaN,10.119648539703,0.0598549703580935,11.8906719564547,NaN,7.5730126832185,24.4768317058362,NaN,,1298.52808981571,30.0045360993757,177.836440369515,1.477921782,105.022583814616,2.448491044,3.45873484530177,0.47140181946306,96.5046746808645,NaN,NaN,NaN,NaN,12.4431765590988,0.031089465884878,13.3273245671297,131.153754244758,6.59608025276436,28.4968312682373,0.00351030977524718,,1301.3490737438,29.9993334567477,175.733862861519,1.256456922,104.978801729869,4.246096186,3.21186538411759,0.970856412704524,95.5775822639114,NaN,NaN,NaN,NaN,16.6431223525,0.0604459047795285,8.21928426527015,30.0297401428527,7.59884354234708,16.9729391761701,0.032258657655263,,1300.30203358658,30.0068287061164,177.227873072432,1.613878222,105.044862000074,2.232986452,2.84292102604797,2.59687408299148,85.1557924157066,NaN,NaN,NaN,NaN,14.5178601795576,0.167170832845773,22.854203205402,148.627760148933,6.39699983596802,48.99678840162,0.0167997225078654,,1300.35755341819,29.9971896717865,175.76332140622,1.739959316,105.013583119659,2.331136094,3.18709138091952,2.0799027188554,85.5951630352163,NaN,NaN,NaN,NaN,9.52887849115432,0.130237186805083,25.270069838796,114.888720078281,6.39780927327969,52.6657270765688,0.0173354295220803,,1297.75148429534,29.999634612632,176.027963137153
20.25,1.453827496,104.083306256332,2.482168506,3.00900195137779,0.891021341928605,99.9604652909145,NaN,NaN,NaN,NaN,10.3834525695,0.0548611000847433,14.9837481034952,NaN,6.57999992370605,30.6803037337351,NaN,,1300.78632676621,30.0008036893429,175.643612882063,1.450048764,103.558140642005,4.68246182,3.24318289227219,0.950133852201275,100.047569795524,NaN,NaN,NaN,NaN,9.9206243765316,0.0592700475427225,12.0364280245728,NaN,7.57199954986572,24.7558797990933,NaN,,1300.00933665632,30.0071193022858,177.830911146264,1.477921782,105.022174757112,2.448491044,3.45799684073912,0.462520250628651,96.6373375121169,NaN,NaN,NaN,NaN,13.0325054746618,0.0309999994933605,13.3516413594345,127.533282879689,6.59608468601374,28.5443357780947,0.00362917101035711,,1300.95989352369,30.0087958374994,175.728789361205,1.256456922,105.010301546454,4.246096186,3.20469589041099,0.952912152958375,95.6065085354684,NaN,NaN,NaN,NaN,16.8468054482634,0.0604023943112053,8.19005411753349,29.6668003213896,7.59939673842677,16.9193897553796,0.0321205649164767,,1299.60042182065,30.0040229023565,177.222452826529,1.613878222,105.013201428573,2.232986452,2.81844201702207,2.36975911824292,85.7203831765717,NaN,NaN,NaN,NaN,14.8542119743122,0.160902522498726,22.8178859772492,148.208590082818,6.39727209448907,48.9064453131603,0.0159891833116336,,1300.13747690167,30,175.758302145571,1.739959316,105.030099020005,2.331136094,3.20803331487837,1.88454861019393,86.172015205414,NaN,NaN,NaN,NaN,9.80433648533333,0.125336396059396,25.4069364936859,114.859478358721,6.39699983596802,53.0487646499065,0.0164072884672784,,1298.8882582738,30,176.022831631096
20.3333333333333,1.453827496,104.084937800425,2.482168506,3.03354251043378,0.891865764029748,100.066352439332,NaN,NaN,NaN,NaN,10.0894802336667,0.0549081551412196,14.9713714727113,NaN,6.57999992370605,30.6554763788112,NaN,,1299.35154888648,30.0049127612999,175.638080958204,1.450048764,103.640453234061,4.68246182,3.28539062223395,0.939688454675072,100.000572020619,NaN,NaN,NaN,NaN,9.9941734154495,0.0585962411412214,11.9268661407278,NaN,7.57199954986572,24.5460967121579,NaN,,1300.42246379796,30,177.825383142766,1.477921782,105.013159163012,2.448491044,3.47403683101432,0.457344524200265,96.577309701287,NaN,NaN,NaN,NaN,12.6791824258333,0.0307231719363183,13.4144235058856,130.952223166566,6.5967613283967,28.6671423254818,0.00349270658663317,,1299.9494847454,30.0056315649283,175.723709275571,1.25737082561236,104.975795728773,4.246096186,3.17389075536995,0.940450559014157,95.6839845769151,NaN,NaN,NaN,NaN,16.9517929157366,0.0596098768235645,8.18495467739669,29.43407153497,7.59949528534399,16.9100463588218,0.031950778996551,,1299.74809112784,30,177.217877108233,1.613878222,105.019740341275,2.232986452,2.82085026136676,2.24320645588939,86.2622442549458,NaN,NaN,NaN,NaN,14.2260078856878,0.152275579343142,22.7889709875445,147.78941610457,6.39771959157859,48.8353189893152,0.0151780394459633,,1300.55522523669,30,175.753282337964,1.739959316,105.03275289431,2.331136094,3.20008019992737,1.79660595715672,86.7026236887541,NaN,NaN,NaN,NaN,9.38638856133333,0.119439904522195,25.2935387766119,114.403682956321,6.39722561652859,52.7306412551224,0.0157038988496535,,1300.11383084161,30,176.017698353445
20.4166666666667,1.453827496,104.051169702302,2.482168506,3.05743243233922,0.877495614185264,99.9827208606236,NaN,NaN,NaN,NaN,10.7133154916667,0.0540416646345955,15.015715462431,NaN,6.5800402282536,30.7444568699523,NaN,,1300.24429696793,30.0003130015455,175.632549976051,1.450048764,103.558039086088,4.68246182,3.24494382371611,0.919137295771786,99.9892955384871,NaN,NaN,NaN,NaN,9.96559816188383,0.0573194389699934,11.9293424825487,NaN,7.57199954986572,24.5507695717094,NaN,,1301.12595264272,30,177.819853231864,1.477921782,104.957892872516,2.448491044,3.43603878649701,0.447985926531483,96.659795256273,NaN,NaN,NaN,NaN,13.0847896735939,0.0300398846971521,13.4201122427809,127.403304799034,6.59663154476308,28.6782651748639,0.00352010129316568,,1301.56491518479,30,175.718636064847,1.259826616,104.962540512454,4.246096186,3.20421692223331,0.932098831913225,95.7045467582008,NaN,NaN,NaN,NaN,16.5314620734521,0.0590787327325591,8.15383914667482,29.2371713629475,7.59784103537945,16.8530791156906,0.0318808248638413,,1300.43289152638,30,177.21497927179,1.613878222,105.012045739329,2.232986452,2.80734820926983,2.13980044894114,86.614434796205,NaN,NaN,NaN,NaN,14.0936993941576,0.14523602067131,22.8060097210967,147.265801842726,6.39779921451624,48.87705084108,0.0145307281030635,,1300.43262174,30,175.74826153138,1.739959316,104.962312385672,2.331136094,3.21134783105376,1.704556515383,87.148828815987,NaN,NaN,NaN,NaN,9.59785665096988,0.113381194882996,25.3708388396599,114.28518723656,6.39799976348877,52.946963202466,0.0149148594577604,,1298.31062413871,30,176.012565934554
20.5,1.453827496,104.07132609877,2.482168506,3.00906524039553,0.876321105852878,100.053242651621,NaN,NaN,NaN,NaN,10.4832311,0.0539541333781738,14.9041821332563,NaN,6.58052355573318,30.5204997935521,NaN,,1299.37104914777,30,175.627019355726,1.450048764,103.637286626274,4.68246182,3.21233669017294,0.904371300527032,100.070624729626,NaN,NaN,NaN,NaN,9.7589313255,0.0564030764588174,11.9079720148385,NaN,7.57231525957733,24.5099102892012,NaN,,1300.14571503203,30,177.814325098714,1.477921782,104.963288006315,2.448491044,3.45258761331523,0.447478972287239,96.7175682386264,NaN,NaN,NaN,NaN,12.8749780149061,0.0300393356309377,13.3983720926283,129.226429895908,6.59657065195231,28.6357834637859,0.00346310578474251,,1300.80340385792,30,175.713553876851,1.259826616,104.963929592519,4.246096186,3.12589177606329,0.920852125751226,95.7005004909433,NaN,NaN,NaN,NaN,16.1829264940479,0.0583748917060959,8.15786893589341,29.27377978542,7.59800004959106,16.8604533176262,0.0314562837347391,,1299.75761180355,30,177.209558468202,1.613878222,104.989279553933,2.232986452,2.85817337261403,2.03939761308694,86.9392229509656,NaN,NaN,NaN,NaN,14.4612432518424,0.138432850117956,22.8623374360452,146.964502838847,6.39800024032593,49.0169452766064,0.0138767757950124,,1298.53483580325,29.9957903891535,175.743241157893,1.739959316,104.951986024121,2.331136094,3.14735514271014,1.62611495930275,87.4389672011591,NaN,NaN,NaN,NaN,9.62173260337071,0.108145174622093,25.3810322218703,113.620317157783,6.39734045757468,52.9756672306053,0.0143134879769676,,1300.70899494496,30,176.00743346199
20.5833333333333,1.453827496,104.072042508618,2.482168506,3.00851049373221,0.870408736581109,99.9963464284325,NaN,NaN,NaN,NaN,10.0790385898333,0.0536065322077374,15.0066381102313,NaN,6.58103995816798,30.7262031235357,NaN,,1300.42516020036,29.9968143304775,175.621489291835,1.450048764,103.65776994326,4.68246182,3.208434998376,0.884885889051796,100.02659311443,NaN,NaN,NaN,NaN,9.77002597925275,0.0551769115975045,11.8666773804455,NaN,7.57351235159439,24.4308900614844,NaN,,1299.12465787155,30,177.808795923349,1.477921782,104.980877527923,2.448491044,3.44191956135778,0.43775809753987,96.7165100217136,NaN,NaN,NaN,NaN,12.8791079508333,0.0293985534775083,13.3123982729723,129.892678061049,6.59694640694419,28.4677156037493,0.00337276417355291,,1300.43911167465,30,175.708482214495,1.259826616,104.967643802034,4.246096186,3.20463393094531,0.909797617005076,95.7538541754542,NaN,NaN,NaN,NaN,17,0.057659673753358,8.13407335779058,29.0675320311453,7.59862187129613,16.8168968210806,0.031299385554709,,1299.33613652016,30,177.20413711615,1.613878222,105.015291291609,2.232986452,2.83992545269383,1.98029491041457,87.1908785710816,NaN,NaN,NaN,NaN,14.277061027,0.134069789038855,22.8257932084726,143.535299875499,6.39845751186716,48.9260985574022,0.0137995030498034,,1299.45794599808,29.995379282841,175.738212827976,1.739959316,105.027567767414,2.331136094,3.18577291280099,1.56500673041413,87.643779589388,NaN,NaN,NaN,NaN,9.6947782311594,0.10393970573997,25.3497083849091,112.443809285566,6.39665124107562,52.8878899556597,0.0139185005377745,,1300.91997117324,29.9974659821006,176.002299509004
20.6666666666667,1.453827496,104.104745624845,2.482168506,3.01645081117416,0.860794768844018,100.021060590934,NaN,NaN,NaN,NaN,10.000210259,0.0529999993741512,15.0393202483279,NaN,6.58136383228136,30.791936313074,NaN,,1301.59809894807,29.9979650929374,175.615959818497,1.450048764,103.677634087775,4.68246182,3.18902694346745,0.869865234974895,100.026341460353,NaN,NaN,NaN,NaN,10.0296676984629,0.0542390082637804,11.935086844614,NaN,7.57399988174438,24.5618303683253,NaN,,1300.11114691216,30,177.80326642302,1.477921782,104.993796482734,2.448491044,3.45451050419153,0.434068625959939,96.7572483505956,NaN,NaN,NaN,NaN,13.2414962069033,0.0290960571420926,13.4487645455628,127.336356432175,6.59691925041287,28.734312266774,0.00340979461313198,,1299.58750124156,30,175.70340115624,1.259826616,104.986290937764,4.246096186,3.20456891710959,0.897504493736004,95.8372264533532,NaN,NaN,NaN,NaN,16.518462310916,0.056864034170439,8.24012673415776,28.8299340967305,7.59899997711182,17.0111193051645,0.0311308863450272,,1298.96453840506,30,177.198714079722,1.613878222,105.033175497422,2.232986452,2.82216496952153,1.91501711814061,87.3736689418253,NaN,NaN,NaN,NaN,14.6790041746846,0.129692448256835,22.7798723451977,144.304388821711,6.39900016784668,48.8122018464477,0.0132705687565826,,1299.55579854876,30,175.733181507936,1.739959316,105.00296979206,2.331136094,3.20426898659772,1.50560247939684,87.9191892123932,NaN,NaN,NaN,NaN,9.70778046638597,0.0999570088033624,25.3138412678106,111.929390249378,6.39703795992574,52.7874567332363,0.0134514720872223,,1298.69247785097,29.9899997711182,175.997159166601
20.75,1.453827496,104.105702760389,2.482168506,3.01183518026123,0.857398935065851,99.9824561855904,NaN,NaN,NaN,NaN,10.2005973858333,0.0527981888022416,14.9784214730444,NaN,6.58130755799869,30.6696190924608,NaN,,1300.26618721436,30,175.610429347963,1.450048764,103.694973550164,4.68246182,3.18448926710449,0.855572182528395,100.082254256361,NaN,NaN,NaN,NaN,10.3837055742785,0.0533347922539603,11.7823344443618,NaN,7.57410312314332,24.2696961778515,NaN,,1298.93678721529,30,177.797736429108,1.477921782,104.992486820687,2.448491044,3.45707967555045,0.429600100041311,96.7915818766252,NaN,NaN,NaN,NaN,12.5592163750967,0.0288630473296799,13.2983475132333,130.860512040488,6.59703961987151,28.4402355519172,0.00328303684491032,,1300.85600260392,30,175.698324450784,1.259826616,104.987612743691,4.246096186,3.21447146728304,0.882858707361027,95.8812225166546,NaN,NaN,NaN,NaN,16.959377557084,0.0559199734310197,8.16851908629939,28.5774833984291,7.59905300391487,16.8799493515429,0.0308937598681083,,1300.38483698491,30,177.19329013828,1.613878222,105.037735999059,2.232986452,2.83417050022041,1.85618227412304,87.7146702941595,NaN,NaN,NaN,NaN,14.7411984185006,0.125651029857698,22.7812684614782,143.941908247771,6.39900016784668,48.8156850536521,0.0128955585931165,,1300.03314872319,30.0004043297875,175.728148021447,1.739959316,104.98940865264,2.331136094,3.13887737569368,1.45552006662665,88.2446523599342,NaN,NaN,NaN,NaN,9.56429762644737,0.0966584329966215,25.2943259972331,112.071058895454,6.39799837987194,52.7328706737206,0.0129876559042123,,1299.43949242643,29.998083289026,175.992019266266
20.8333333333333,1.453827496,104.069355807098,2.482168506,3.05638785518151,0.8444754288729,100.039205350133,NaN,NaN,NaN,NaN,10.0802634471667,0.0520115348451898,14.8152309000747,NaN,6.58196111814464,30.3422064621881,NaN,,1299.44036803086,30,175.604899619254,1.450048764,103.67792133542,4.68246182,3.22783614065379,0.837379196674087,99.9566375385948,NaN,NaN,NaN,NaN,10.3573039095026,0.0522174566334842,11.8131999340581,NaN,7.57499980926514,24.3286789823046,NaN,,1297.8008832311,29.9983962425454,177.792207108511,1.477921782,104.981611432322,2.448491044,3.48982700293115,0.425372927840314,96.8337231085318,NaN,NaN,NaN,NaN,12.8255585267969,0.0284817995663189,13.4317605086229,125.932372882935,6.59709264836884,28.7010153255223,0.00338014738336634,,1301.61831916165,29.9962630868241,175.693244846146,1.259826616,105.006000684084,4.246096186,3.19559650923912,0.875531903790445,95.9287820482004,NaN,NaN,NaN,NaN,16.598511741,0.0554399930357488,8.16144870007662,28.3193053229982,7.599919097325,16.867020265569,0.0309164904816228,,1298.93556372809,30,177.187865054772,1.613878222,105.045607635672,2.232986452,2.84200583008101,1.80056065805202,88.0111625679036,NaN,NaN,NaN,NaN,14.2549270859814,0.12189562489569,22.7672898663436,143.786654098042,6.39900016784668,48.7811333627116,0.0125224104196421,,1300.26113299524,30.0000759566186,175.723115179094,1.739959316,105.004811851443,2.331136094,3.16350715338817,1.40516369719883,88.5746292971359,NaN,NaN,NaN,NaN,10.0428172036005,0.0933026927883638,25.42348506708,111.933555142046,6.39743594347415,53.0948608828736,0.0125535737328261,,1299.70831742335,29.9919547102355,175.986880854906
20.9166666666667,1.453827496,104.128248589851,2.482168506,2.9786836707211,0.840478556837619,99.9935110367391,NaN,NaN,NaN,NaN,10.0801693806667,0.0517367135978174,14.8249176597516,NaN,6.58196012928489,30.3616750777995,NaN,,1298.71420248219,29.9959830988025,175.599369736838,1.450048764,103.736907103285,4.68246182,3.22881956996503,0.82393206386704,100.059482016655,NaN,NaN,NaN,NaN,10.2217502668365,0.0513825119803421,11.9185558505516,NaN,7.57545683816362,24.5301370767181,NaN,,1299.47315603067,29.9971913391413,177.786678484879,1.477921782,105.014584745392,2.448491044,3.44525933650533,0.416916520742679,96.8442110587408,NaN,NaN,NaN,NaN,12.8524264010364,0.027989392281435,13.4627491603742,129.807161933673,6.59702728983028,28.7618206872482,0.0032119219996403,,1299.71805300858,29.9969154478402,175.688164349148,1.26254581467401,105.02520385491,4.246096186,3.17410905186026,0.85850585929367,95.9414346783797,NaN,NaN,NaN,NaN,16.9598871493333,0.0543434358764765,8.17781077782412,28.1191383785559,7.5981839651712,16.8969882357331,0.0305313886143333,,1299.07965370964,30,177.185090038066,1.613878222,105.021891753727,2.232986452,2.819632328652,1.73518749299795,88.629399220267,NaN,NaN,NaN,NaN,14.5936380980697,0.117507575940539,22.7031428755947,144.057770255933,6.39900016784668,48.6223524983802,0.0120448352072189,,1298.47793552674,30.0003250468827,175.718083133431,1.739959316,105.007353455121,2.331136094,3.17888243195748,1.354476168279,89.1262916088452,NaN,NaN,NaN,NaN,9.88218139206619,0.0899263506448194,25.4345585503438,111.88904798399,6.39712027242924,53.1260598044834,0.0121053316555686,,1299.18747731876,29.9912479091129,175.981741372581
21,1.453827496,104.131851423824,2.482168506,3.01363043312758,0.828942786451126,100.034593684693,NaN,NaN,NaN,NaN,10.280924936,0.0510402277793514,14.8522653455795,NaN,6.58200025558472,30.4164497890217,NaN,,1300.09279501342,30,175.593839242469,1.450048764,103.694025623013,4.68246182,3.24275233416582,0.805669346108525,99.9808118258221,NaN,NaN,NaN,NaN,10.0411930336156,0.0502253746970408,11.9566184094517,NaN,7.57653355708436,24.6029804715666,NaN,,1300.32606508822,30,177.781149228855,1.477921782,105.0048400154,2.448491044,3.4708702699487,0.417080299081165,96.8756183448354,NaN,NaN,NaN,NaN,12.8400638541667,0.0279303077154371,13.3510666934457,126.34898023142,6.59744932674108,28.5433105133767,0.00330453615052481,,1300.76756446279,30,175.683085657086,1.26319631,104.996379554548,4.246096186,3.1830990717559,0.854405496389372,95.98398961064,NaN,NaN,NaN,NaN,17,0.0540806312137515,8.24002513242055,27.8981707822033,7.59795985856312,17.0109556721668,0.0306263527398574,,1300.97405450345,30,177.180379844138,1.613878222,105.005436184187,2.232986452,2.8165913106771,1.65739756414768,89.3103565517898,NaN,NaN,NaN,NaN,14.2091567135506,0.112207971199221,22.7777793798754,143.608196237587,6.39967974295152,48.8073849920316,0.0115410279691918,,1300.26356346584,29.9928059373264,175.713050609319,1.739959316,104.992075550728,2.331136094,3.15888231148593,1.28670898812231,89.7941323244258,NaN,NaN,NaN,NaN,9.84730635202271,0.0853780296040387,25.3425465198986,110.956086700463,6.39699983596802,52.8676689107536,0.0115965564412213,,1299.64891842525,29.9999397144708,175.976599848431
21.0833333333333,1.453827496,104.150572961303,2.482168506,2.99801774832643,0.827709575228818,100.005668441682,NaN,NaN,NaN,NaN,10.6169723058333,0.0509601855322139,15.0281087095043,NaN,6.58200025558472,30.7698158153966,NaN,,1301.0346711072,30,175.588308777234,1.450048764,103.714692249882,4.68246182,3.21162559602719,0.791205917857198,100.054807396841,NaN,NaN,NaN,NaN,9.91891933171769,0.049349618788524,12.0024837964422,NaN,7.57699966430664,24.6908585507278,NaN,,1299.90584621825,30,177.775621215651,1.477921782,105.004976327536,2.448491044,3.48667508057063,0.408616328010459,96.8942589886397,NaN,NaN,NaN,NaN,13.0401885638333,0.0273962211864668,13.3545204486024,128.316877439825,6.59803757015914,28.5499535552568,0.00318494404116113,,1298.18203108215,30,175.677999036336,1.26319631,105.019787526622,4.246096186,3.19374515815178,0.848747400491596,96.0572010684855,NaN,NaN,NaN,NaN,17.1609683171667,0.0537224453160602,8.17883488034669,27.9035651736692,7.59800004959106,16.8988528923651,0.0304182361376427,,1298.27316435299,30,177.174952763639,1.613878222,105.012158343216,2.232986452,2.78640045030128,1.5770207525069,89.9208261438876,NaN,NaN,NaN,NaN,14.3085920830378,0.106779207003315,22.7498462062313,143.609309465045,6.40000009536743,48.7378736892595,0.0109815619553928,,1299.43678519504,29.994748712667,175.708018717979,1.739959316,105.009314945651,2.331136094,3.16622919326114,1.2148421601994,90.1552496964176,NaN,NaN,NaN,NaN,9.50843891841193,0.0805089495359703,25.4529569526919,108.791119866973,6.3974318081609,53.1780868696003,0.011167461420823,,1301.53723977322,30,175.971455103818
21.1666666666667,1.453827496,104.154012329569,2.482168506,2.9698993759424,0.816234064252885,99.9798543941342,NaN,NaN,NaN,NaN,10.7482226971667,0.0502376199681777,14.956685959749,NaN,6.58200025558472,30.6258485947052,NaN,,1300.0394390561,30,175.582777503402,1.450048764,103.705372155616,4.68246182,3.2508023727339,0.774050615260266,100.000662126719,NaN,NaN,NaN,NaN,10.1205971046667,0.0482728190164526,11.8525634841212,NaN,7.57800745569222,24.4038917252996,NaN,,1300.23773933346,30,177.77009367295,1.477921782,105.009878077077,2.448491044,3.45246840572147,0.402297172412356,96.9175389161104,NaN,NaN,NaN,NaN,12.6793868426667,0.0270000007003546,13.3757173175743,129.752846361122,6.59804058879724,28.5914126254493,0.00310054066225306,,1297.0593900557,30,175.67292165038,1.26319631,105.008993677014,4.246096186,3.15790760035087,0.837585473094889,96.0619263152547,NaN,NaN,NaN,NaN,16.9902029412812,0.0530000512972568,8.06579122548401,27.6586337446089,7.5972844013348,16.6919402286426,0.0302832950490707,,1299.16299834855,30,177.169524056281,1.613878222,104.991874707346,2.232986452,2.8064913013042,1.50728207472717,90.1347115763396,NaN,NaN,NaN,NaN,14.7209361636752,0.10188119465207,22.7381104075957,140.619691285622,6.40000009536743,48.7087662919136,0.0107197213510994,,1299.88629106092,30,175.702983973222,1.739959316,105.017464384947,2.331136094,3.22262596236124,1.16335224143697,90.5670789740548,NaN,NaN,NaN,NaN,9.63850709923203,0.0771264001277303,25.3992994951205,109.953649319092,6.39799976348877,53.0270197978572,0.0105808074783163,,1302.69691385007,30,175.966306473898
21.25,1.453827496,104.144895683701,2.482168506,2.98113775071,0.816093414093474,100.034180926362,NaN,NaN,NaN,NaN,10.8927303783574,0.0502286048258596,14.9295493372433,NaN,6.58200025558472,30.5714097833659,NaN,,1299.15697116963,30,175.577245837124,1.450048764,103.754977634158,4.68246182,3.19717643586953,0.761455588868269,100.016672823053,NaN,NaN,NaN,NaN,10.0401521295,0.0474771468183841,11.8096223764552,NaN,7.57816057336123,24.3218356992257,NaN,,1299.36627900057,30,177.764566374871,1.477921782,105.02115431442,2.448491044,3.4491034428505,0.402693438227497,97.0256921906421,NaN,NaN,NaN,NaN,12.8486986412279,0.0269196048408434,13.4127542065289,124.162328772561,6.59800004959106,28.6640395270511,0.00324576429772994,,1300.01607376015,30.0052216568598,175.667835141063,1.26319631,104.982108039035,4.246096186,3.16719887639076,0.826654726349453,96.1186426364954,NaN,NaN,NaN,NaN,17.0088814935522,0.0523166221211248,8.10023076548343,27.4466081414407,7.59700012207031,16.7549441230907,0.0301187204426342,,1301.77090745308,30,177.164095388073,1.613878222,105.021153186771,2.232986452,2.80654632039389,1.45133473903913,90.2912918278554,NaN,NaN,NaN,NaN,14.5731845441667,0.0980115099767839,22.7773650671575,139.741361209768,6.40000009536743,48.8061716034795,0.0103858216365124,,1300.4991795571,30,175.697939749293,1.739959316,104.978335858027,2.331136094,3.14603034094763,1.1213493522329,90.7031591659867,NaN,NaN,NaN,NaN,9.55916165183334,0.0743751412948275,25.3759631075656,110.241564984259,6.39799976348877,52.961785473316,0.0101721006862626,,1300.0143835955,30,175.961160701275
21.3333333333333,1.453827496,104.146715392156,2.482168506,3.00171403476113,0.811454758554441,100.049949682786,NaN,NaN,NaN,NaN,10.5597347065044,0.0499599727999393,15.0206002945776,NaN,6.58248497925626,30.7542930760301,NaN,,1297.65731020048,30,175.571715675098,1.450048764,103.747387621125,4.68246182,3.21776160364291,0.749985367138167,99.996971743685,NaN,NaN,NaN,NaN,10.0003348871667,0.0467623530608711,11.868271361054,NaN,7.57903646782618,24.4339480483059,NaN,,1299.89055400768,30.0056517312642,177.759038023944,1.477921782,105.028349013268,2.448491044,3.47914270324352,0.39458682339028,97.0036890111309,NaN,NaN,NaN,NaN,12.6300645641054,0.0264480332230467,13.4922208918522,128.154070376517,6.59804035078735,28.8194022035382,0.00307917681008805,,1299.90784099631,30.001206297236,175.662747029054,1.26319631,105.025738192195,4.246096186,3.17707852103766,0.820282219328314,96.1689416189114,NaN,NaN,NaN,NaN,17.0402386173333,0.0518915625543305,8.14778182719381,27.2999511943303,7.59700012207031,16.8419806751254,0.0300474603679097,,1302.48732246638,30,177.15866609652,1.61487433278298,105.01302935578,2.232986452,2.79123421517755,1.41584586328133,90.40131969355,NaN,NaN,NaN,NaN,14.1822395122374,0.0955939954583399,22.6391674590925,139.433090919971,6.40004009475543,48.4645077870497,0.0101542658659474,,1299.24670524946,30,175.693832466858,1.739959316,104.978817559724,2.331136094,3.18521466993677,1.08546022634875,90.8539267747814,NaN,NaN,NaN,NaN,9.81899134116667,0.0720142462218967,25.3340941355733,110.073288456254,6.39761858441651,52.8446836898884,0.0098618586863549,,1300.09925526582,30,175.956017870489
21.4166666666667,1.453827496,104.21363437661,2.482168506,3.03097923056296,0.805259250369516,99.9778795818612,NaN,NaN,NaN,NaN,10.1893581883351,0.049558733365806,14.9918499118676,NaN,6.58300018310547,30.6964748264525,NaN,,1300.02707674321,30,175.566185365407,1.450048764,103.76675656418,4.68246182,3.2186483861796,0.74092691292552,100.063493623915,NaN,NaN,NaN,NaN,10.0000259866667,0.0462004410837441,11.8380032340993,NaN,7.57999992370605,24.3760881650955,NaN,,1300.29946031611,30.0019686168327,177.75351049148,1.477921782,104.999020965932,2.448491044,3.43719544221239,0.389277426344568,96.9986335143381,NaN,NaN,NaN,NaN,12.6396449486667,0.026080170397916,13.316649004317,127.458497671887,6.59820093906119,28.4760014560323,0.00305709192906739,,1300.91970352583,30,175.657667149517,1.26319631,104.990784722495,4.246096186,3.18533094809404,0.808847914022785,96.2027979564942,NaN,NaN,NaN,NaN,17.0802277365,0.0511744992801265,8.15415400972462,27.2056947865993,7.59700012207031,16.853647380103,0.0297308633229206,,1301.14927246283,30,177.153236491328,1.616780444,104.986638211542,2.232986452,2.76288679823069,1.38581272551274,90.4840426635489,NaN,NaN,NaN,NaN,14.5803869582701,0.0935614989680803,22.6919927616631,139.12561286037,6.39937941792226,48.5950117036868,0.00996079668235826,,1299.43200072884,30,175.690750159212,1.739959316,105.00803602121,2.331136094,3.14834824617701,1.0604152635293,91.0566206851667,NaN,NaN,NaN,NaN,9.49830089645087,0.0702470925558054,25.4088703992809,108.589519461217,6.39646213227549,53.0537452478477,0.00976847229754749,,1300.5183227519,30.0004023120013,175.950870632045
21.5,1.453827496,104.169672047183,2.482168506,3.02672484587925,0.801427253216339,99.995728487398,NaN,NaN,NaN,NaN,10.0449666886364,0.0493212822460985,14.8762830829731,NaN,6.58291973221924,30.4645348199668,NaN,,1301.20617504664,30,175.560653413631,1.450048764,103.84170833622,4.68246182,3.10271383376675,0.725414595993531,100.037336570197,NaN,NaN,NaN,NaN,10.0804627805,0.0452075351299284,11.8578796268757,NaN,7.5805109872952,24.4140647150471,NaN,,1299.31707032477,30,177.747981186,1.477921782,105.016463184726,2.448491044,3.48416622018115,0.388829183367107,97.0407282696438,NaN,NaN,NaN,NaN,12.9020010019797,0.0260000005364418,13.5136148136779,124.468237378082,6.59832172951692,28.8614301034468,0.00312483319439901,,1298.74352161935,29.997365013853,175.652574585349,1.26319631,104.98553563165,4.246096186,3.16061362528801,0.804228077804733,96.2213732549269,NaN,NaN,NaN,NaN,16.8619123121667,0.0508796322936789,8.16574086098434,26.9903108734965,7.59700012207031,16.8748620581185,0.0297968537752578,,1300.18151250564,30,177.147806605996,1.616780444,105.016349671075,2.232986452,2.79382946342386,1.35417713097178,90.7093151052269,NaN,NaN,NaN,NaN,14.3756560991591,0.0913836275653683,22.7038200047687,138.72923177871,6.39932148939218,48.6243055483867,0.00976128026253603,,1300.26240445927,30,175.685703322974,1.739959316,105.003121442753,2.331136094,3.17367680056089,1.0284643503532,91.1211346501038,NaN,NaN,NaN,NaN,9.22407302867716,0.0681853959669632,25.4248352030835,109.752780843897,6.39706522948642,53.0987801065084,0.00937167486293202,,1300.28129275591,30,175.945722029869
21.5833333333333,1.453827496,104.158118607804,2.482168506,2.81947259434749,0.799936818522199,100.029832318275,NaN,NaN,NaN,NaN,10.2828245783748,0.0486485356670842,14.8960321130744,NaN,6.58292012685347,30.5041536487684,NaN,"Sample 1.50 mL to AMBR-96DWP-3/C5",1299.97856115027,29.9979910815039,174.709685658022,1.450048764,103.75055159758,4.68246182,3.0455002487488,0.72492866578702,99.9752002074364,NaN,NaN,NaN,NaN,10.1202955955,0.0441063531519856,11.910152382279,NaN,7.58185365439998,24.5141163245396,NaN,"Sample 1.50 mL to AMBR-96DWP-3/C6",1299.59692744607,29.9975910489331,176.912347432541,1.477921782,104.929415041559,2.448491044,3.24712358041252,0.389649383892483,97.0951459046993,NaN,NaN,NaN,NaN,12.6774698769298,0.0255397265951637,13.3501243823045,127.785278987613,6.59850075398671,28.541457367286,0.00306336910093649,"Sample 1.50 mL to AMBR-96DWP-3/C7",1299.41501790902,29.9909908158142,174.833655328893,1.26319631,105.019905039155,4.246096186,3.03646060173387,0.798149217507165,96.2985870547396,NaN,NaN,NaN,NaN,16.9375572728333,0.049552966772627,8.12471382504579,26.8914497568216,7.59712040077664,16.7997513039686,0.0296442851584135,"Sample 1.50 mL to AMBR-96DWP-3/C8",1298.24281294504,30,176.374673482893,1.616780444,105.01108210467,2.232986452,2.56453405161598,1.3300096494878,90.8976564006932,NaN,NaN,NaN,NaN,14.7464569644568,0.0875941293141355,22.7465472977693,139.090597928806,6.39875971999559,48.72980717084,0.00954432874098915,"Sample 1.50 mL to AMBR-96DWP-3/C9",1299.18790656,30,174.994370823238,1.74400661021575,105.025975722347,2.331136094,3.06293952323328,1.00844533783125,91.2919508164979,NaN,NaN,NaN,NaN,9.25002372587197,0.0653425784635367,25.4273263000648,110.837401441407,6.39913295555428,53.1057006441073,0.00907244401873508,"Sample 1.50 mL to AMBR-96DWP-3/C10",1298.07428886031,30,175.277770348255
21.6666666666667,1.453827496,104.23455122758,2.482168506,2.97131622774038,0.80366218595136,100.109401280533,NaN,NaN,NaN,NaN,10.0785004169586,0.0489097802992159,14.9376281940123,NaN,6.5828798065524,30.5878006675465,NaN,,1298.90419139616,30.001080532031,173.755594021118,1.450048764,103.755673958317,4.68246182,3.34507037299292,0.721869693168493,100.129748452674,NaN,NaN,NaN,NaN,10.1606942145,0.043944917060319,11.9213821385135,NaN,7.58310228343856,24.5355659337645,NaN,,1300.75572214237,30,175.942928837735,1.477921782,104.979940576753,2.448491044,3.46632200928835,0.388375293648771,97.1724086934406,NaN,NaN,NaN,NaN,12.858226649263,0.0252010076526433,13.3073869871394,126.751588640914,6.59900032523292,28.4578554094387,0.00310862013247143,,1300.76885449715,30,173.848400191163,1.26319631,105.050278125709,4.246096186,3.19096400128405,0.793617494476034,96.4135708436701,NaN,NaN,NaN,NaN,16.959455159,0.0489728630283565,8.16509625915657,26.952486505863,7.59708051239842,16.8736857556604,0.0293128870937463,,1300.34882932019,30.0069349699652,175.342943078718,1.616780444,105.016881784136,2.232986452,2.82521339568247,1.31639822481385,91.3763704324038,NaN,NaN,NaN,NaN,14.0392973081586,0.0856095043859034,22.719871445019,139.879728063373,6.39916764662673,48.6641099094027,0.00932970011304835,,1299.66171224063,30.0020065173912,173.881604855072,1.753126444,105.006299543856,2.331136094,3.19026401405004,0.993632561710217,91.8075121636803,NaN,NaN,NaN,NaN,9.63403699233334,0.0634436550075454,25.3428146752899,111.582253761343,6.39786597371762,52.8684067433143,0.00878478164631253,,1300.03670684848,30.0056616625255,174.15459972312
21.75,1.453827496,104.255413357818,2.482168506,3.03931184977101,0.800560066479489,99.9933458659308,NaN,NaN,NaN,NaN,10.0002970745854,0.0487589001379773,15.0163177904659,NaN,6.58300018310547,30.7458995765886,NaN,,1301.27043078657,30.0084021187838,173.750063184824,1.450048764,103.864369649403,4.68246182,3.21681090854794,0.706784930964848,99.997824514867,NaN,NaN,NaN,NaN,10.3610095256667,0.0436206495386637,11.8062872068503,NaN,7.58397816874984,24.3154621516954,NaN,,1299.4154983261,30,175.937403130914,1.477921782,105.000405803651,2.448491044,3.46784751851335,0.379000930508096,97.1941435910255,NaN,NaN,NaN,NaN,12.7578238663274,0.0251203094769159,13.242304017376,127.999720073686,6.59899997711182,28.3309976680061,0.00296105353091706,,1301.12096544489,30,173.84330791436,1.26319631,104.999050001324,4.246096186,3.18980606800193,0.783805034571037,96.479849826554,NaN,NaN,NaN,NaN,17,0.0490502232009765,8.16062690772386,26.6329235420283,7.59797041764025,16.8655125307396,0.0294301246886892,,1301.09537146571,30.0100002288818,175.337509350333,1.616780444,105.018674816486,2.232986452,2.796042409988,1.27264290968478,91.7659636710998,NaN,NaN,NaN,NaN,13.9148504280703,0.0849586489894857,22.7080346592464,139.392246107083,6.39996023649575,48.6349192392907,0.00912995580854221,,1301.71829922365,30,173.876554742489,1.753126444,105.043473463533,2.331136094,3.2101628767544,0.968782536554195,91.9160223535729,NaN,NaN,NaN,NaN,9.15588410041998,0.0635655448306116,25.3525757670159,110.790937976546,6.3974413655028,52.8958253828133,0.00874706722773894,,1298.97926829348,30.0035715562812,174.149456265695
21.8333333333333,1.453827496,104.241956394544,2.482168506,2.99282782373459,0.790938589804605,99.9796654156686,NaN,NaN,NaN,NaN,10.2401136885812,0.0481759371942813,15.016776511147,NaN,6.58300018310547,30.7473626937814,NaN,,1299.68097960988,30.0081911369401,173.744531786115,1.450048764,103.847946410006,4.68246182,3.21888880116559,0.697087834024373,100.020412003996,NaN,NaN,NaN,NaN,10.0000536883333,0.0430258737023802,11.7439991605814,NaN,7.58495933482921,24.1964989028303,NaN,,1298.96409689388,30,175.931875175263,1.477921782,104.97735710188,2.448491044,3.46253414011592,0.377821358891509,97.3540110787894,NaN,NaN,NaN,NaN,12.759565544,0.025000000372529,13.4304332391062,125.155868762263,6.59912015437866,28.6984067194716,0.00302242877788146,,1299.95204043294,30,173.83822190994,1.26319631,104.977839767,4.246096186,3.16931847407854,0.783472715477487,96.5073621087809,NaN,NaN,NaN,NaN,17.1609208421667,0.0490247726428973,8.16034616147093,26.3877811609028,7.59808061804877,16.8650327409519,0.0296907672374047,,1301.201029656,30.0096378706883,175.332076321166,1.616780444,105.023566066312,2.232986452,2.83448234035672,1.24675242464554,91.8036216492419,NaN,NaN,NaN,NaN,14.0463919863143,0.0831993652233241,22.6047880363173,139.035694868187,6.40000009536743,48.380004367726,0.00896716498731048,,1300.30384169135,30,173.871503571084,1.753126444,105.001825262896,2.331136094,3.19443560683684,0.947049725464901,92.1313228943925,NaN,NaN,NaN,NaN,9.32609388541335,0.0621255710785662,25.3459501539183,110.657698138415,6.39668251951534,52.8784744563943,0.00855955135404026,,1298.69504762344,30,174.144307025629
21.9166666666667,1.453827496,104.243061544101,2.482168506,2.96217974117652,0.791155727379563,100.033914036171,NaN,NaN,NaN,NaN,10.1605671415,0.0482009183585928,14.9667339374846,NaN,6.58291970424794,30.6461118643992,NaN,,1301.64648233457,30,173.739000820657,1.450048764,103.833551217287,4.68246182,3.2595694614011,0.686286712584246,100.059979702731,NaN,NaN,NaN,NaN,10.119194557581,0.0423617151443047,11.8475213429053,NaN,7.58517025549597,24.394278991202,NaN,,1298.56212075969,30.0049171712525,175.926347817589,1.477921782,105.013269746421,2.448491044,3.46009410749404,0.375933562393793,97.2295474573353,NaN,NaN,NaN,NaN,13.0810689633333,0.0248796122356292,13.3914342281477,125.83143567964,6.59912056160548,28.6221400137066,0.00298821483054394,,1300.40750358305,30,173.833123682022,1.26319631,105.013284303259,4.246096186,3.19590535629088,0.772976148953972,96.5621343097734,NaN,NaN,NaN,NaN,17,0.0483651356332995,8.16423046899655,26.1661428886064,7.59868080778781,16.872120243795,0.0295410433610799,,1301.61894337833,30.0079710288848,175.326643465264,1.616780444,105.024562164733,2.232986452,2.83575150685784,1.21645455483646,91.9528037132331,NaN,NaN,NaN,NaN,14.0491810258296,0.0812075166956102,22.7814830910483,139.601678324491,6.39948385860143,48.816287756606,0.00871477270262894,,1300.2885868293,30,173.866453548768,1.753126444,104.984393735917,2.331136094,3.21871408656041,0.915887002929948,92.3075681347003,NaN,NaN,NaN,NaN,9.160739125,0.060134807094998,25.382154059401,111.53366348274,6.39532500581652,52.9787533571897,0.00821197608069529,,1300.80751693485,30,174.139162081051
22,1.453827496,104.246516433574,2.482168506,3.00988505701189,0.784195308726823,100.025246930131,NaN,NaN,NaN,NaN,10,0.0477593424981929,14.9647055620394,NaN,6.58312000046511,30.6424060458837,NaN,,1299.97001057668,30,173.733469870714,1.450048764,103.912134248069,4.68246182,3.2243706522635,0.679265838518422,99.977894201071,NaN,NaN,NaN,NaN,10.0120091015633,0.0419223651645415,11.9652231357218,NaN,7.5857123925306,24.61955017617,NaN,,1299.88446588881,30.0055887499334,175.920821816403,1.477921782,104.991070507276,2.448491044,3.47344475299876,0.37283929029022,97.3059522999317,NaN,NaN,NaN,NaN,12.7588241818333,0.0247184413353779,13.364102740527,128.466959943824,6.59948144589496,28.5687125649131,0.00290232119819375,,1300.20620442929,30,173.828035758125,1.26319631,104.999297301423,4.246096186,3.17801768940284,0.764161528162791,96.5348562763615,NaN,NaN,NaN,NaN,17,0.0477993944202047,8.25469437560556,25.9725573100911,7.59899997711182,17.037849053471,0.029421783626615,,1298.41130489057,30.0032102987379,175.321209020642,1.616780444,104.989685664756,2.232986452,2.81540055388478,1.19432077051993,91.9821521231167,NaN,NaN,NaN,NaN,13.871204789837,0.0797279528118772,22.7487111000704,139.291608814606,6.39995448061513,48.7351313817639,0.00857579950926443,,1300.54054801024,30,173.861400641716,1.753126444,105.030187742043,2.331136094,3.22679068425516,0.897824929213719,92.3958333682786,NaN,NaN,NaN,NaN,9.269001942,0.0589295641437632,25.3438599919899,111.301978334131,6.39477051468154,52.8714885731946,0.00806665913955018,,1300.03673125525,30,174.134018804988
22.0833333333333,1.453827496,104.291071063563,2.482168506,2.98638532812629,0.783621089723744,100.020264722111,NaN,NaN,NaN,NaN,10.7716238755,0.0477187342607315,15.0333366638036,NaN,6.58308115756186,30.7800094765814,NaN,,1300.29750175232,30,173.727938591847,1.450048764,103.85431656304,4.68246182,3.2255424244097,0.673460482919254,100.02405035294,NaN,NaN,NaN,NaN,10.2261840673822,0.0415536114111455,11.8210073387228,NaN,7.58592464746457,24.3437030798807,NaN,,1301.91332353024,30.0075301839302,175.915293328441,1.477921782,104.969093238504,2.448491044,3.48251321615721,0.37120145126217,97.3982761860644,NaN,NaN,NaN,NaN,12.9226674389153,0.0245228744956554,13.4838702754028,122.81783333604,6.59963745345233,28.8030530681951,0.00302495473641503,,1300.20271638623,30,173.822942721951,1.26319631,105.007466136817,4.246096186,3.18787515152466,0.755511375567096,96.6075659075898,NaN,NaN,NaN,NaN,16.8798136256667,0.0472462200561561,8.16783955436139,25.8048301790607,7.59915136854628,16.8787089237496,0.0292778697658226,,1299.08307124513,29.9912601630273,175.315773552828,1.61891528893201,105.051202398815,2.232986452,2.80690659943502,1.17054083602478,92.0438239401811,NaN,NaN,NaN,NaN,13.9608715201667,0.078223317613554,22.7062439424106,141.074593821125,6.40006688435615,48.6304480615645,0.00829729405069663,,1300.18236243685,30,173.858419853075,1.753126444,105.02376291243,2.331136094,3.19849119878689,0.872284470814028,92.4744896260713,NaN,NaN,NaN,NaN,9.654044658,0.0572533111635173,25.3883259411988,111.519440095738,6.39313172194628,52.9964469785972,0.00782186218058072,,1301.90391822949,30,174.128874340801
22.1666666666667,1.453827496,104.204917618419,2.482168506,2.98909363751138,0.784529744695921,99.9830272164421,NaN,NaN,NaN,NaN,10.6382540896667,0.0477992120154907,14.9021157362752,NaN,6.58304025703356,30.5163386918973,NaN,,1299.07130963785,30,173.722407590641,1.450048764,103.876931955487,4.68246182,3.21896313397979,0.663432662540124,100.057341311304,NaN,NaN,NaN,NaN,9.96397316897345,0.040960088375603,11.7650272230991,NaN,7.586359255678,24.2366516097673,NaN,,1298.89885115938,30.0056596883434,175.909767752221,1.477921782,104.9746205379,2.448491044,3.43237120399222,0.36412960989771,97.3266965535428,NaN,NaN,NaN,NaN,12.7944322045916,0.0241206321317227,13.5433004043722,126.738354559473,6.59963875446169,28.9194593742956,0.00287326348681937,,1300.39179985119,30,173.817848168841,1.26339192195663,105.002220375925,4.246096186,3.21170349220147,0.75163094135018,96.6264812623893,NaN,NaN,NaN,NaN,16.9596970293333,0.0469997066162232,8.12362568982638,25.5908012261063,7.59997272467603,16.7977746941138,0.0293713474516046,,1298.84734542365,29.9899997711182,175.310474539823,1.62353016127323,105.010574343008,2.232986452,2.81808760965869,1.15422896519015,92.2236985033264,NaN,NaN,NaN,NaN,14.0001577566667,0.0770960817313165,22.6977819803936,140.631437491367,6.40001375450548,48.6092089066987,0.00820749316844421,,1300.75144520218,30,173.857991105313,1.753126444,105.053935856456,2.331136094,3.22065303607424,0.857725720147705,92.6244212772866,NaN,NaN,NaN,NaN,9.0803593335,0.0562555353627696,25.3380254434182,110.877539201918,6.39265694796054,52.8550243645933,0.00773685328971862,,1298.21266886265,30,174.123728900632
22.25,1.453827496,104.236522354142,2.482168506,3.01737868208474,0.777133645202293,100.001397559492,NaN,NaN,NaN,NaN,10.5627182907901,0.04735602417368,14.972455199645,NaN,6.58376452778199,30.6575142744104,NaN,,1300.37793594671,30,173.716880053619,1.450048764,103.916647576167,4.68246182,3.17602131395645,0.660493278431038,100.015069874605,NaN,NaN,NaN,NaN,9.87957005016667,0.0407593921025478,11.8072503644236,NaN,7.58735630496215,24.3173236530243,NaN,,1298.75653356253,29.9952340373666,175.904241164533,1.477921782,105.015431110576,2.448491044,3.45724235683464,0.363465048233758,97.394011477511,NaN,NaN,NaN,NaN,12.6932720418496,0.0240401584710321,13.4607244308385,125.328149527557,6.59963874514004,28.7577484913828,0.00290304819296762,,1300.60254513915,30,173.812759327779,1.26611801,105.001217570875,4.246096186,3.22401530459093,0.747891076221038,96.6235426686197,NaN,NaN,NaN,NaN,16.7994050361667,0.0467591259654211,8.16726699477161,25.3622527333105,7.5995066538541,16.8777107389888,0.0294888388348224,,1300.79585092271,29.9918386491558,175.307822354267,1.623578266,104.992109441655,2.232986452,2.85090474046212,1.13824364821207,92.2059654891436,NaN,NaN,NaN,NaN,13.9399796566603,0.07606034057171,22.7694289824574,140.633143793731,6.39945820665413,48.7866260689696,0.00809370178281292,,1299.40961274939,29.9959816616813,173.853060923616,1.753126444,105.016036741232,2.331136094,3.20077123420731,0.84269799704295,92.70333963889,NaN,NaN,NaN,NaN,9.21849157802875,0.0552591228689088,25.2600539387273,110.306577942616,6.39153546899355,52.637856630512,0.00764075828513985,,1301.43631110233,30.0002278109704,174.118579205264
22.3333333333333,1.453827496,104.240116212498,2.482168506,2.99034649500011,0.775475422270527,99.9784044113505,NaN,NaN,NaN,NaN,10.1930941792099,0.0472410104657652,14.9284521326183,NaN,6.58400011062622,30.5692005101506,NaN,,1299.96821495265,30,173.711351409114,1.450048764,103.921900870326,4.68246182,3.21104047669679,0.65015139127827,100.007657639609,NaN,NaN,NaN,NaN,10,0.0401248568802946,11.8943947152726,NaN,7.58799982070923,24.4839763331096,NaN,,1300.84355105139,29.9899997711182,175.898714866935,1.477921782,104.945595030801,2.448491044,3.52528402837619,0.362401233864298,97.4105677858389,NaN,NaN,NaN,NaN,12.7067938998102,0.0240000002086163,13.4543960522186,126.389088466862,6.59937311297736,28.7455092691027,0.00286774429203305,,1300.73896136919,29.9973413156389,173.807662921114,1.26611801,105.017656590631,4.246096186,3.20735543980582,0.742496456587036,96.6501561173282,NaN,NaN,NaN,NaN,16.6380486026667,0.0464178541042503,8.12650868579195,25.1998881168612,7.59999990463257,16.8030339609071,0.0294644789732539,,1301.18954781425,29.9987906665862,175.302385706094,1.623578266,105.030918832536,2.232986452,2.78003198578576,1.11845355762641,92.3754648904642,NaN,NaN,NaN,NaN,14.2613341683397,0.0747033477217265,22.6923889909755,140.447705102218,6.39900016784668,48.5957625968558,0.00796347050643171,,1299.32286783546,30,173.848014160366,1.753126444,105.013762469713,2.331136094,3.2146610464223,0.825279638788219,92.7847790920423,NaN,NaN,NaN,NaN,9.58546864547125,0.0541435609901327,25.2556759833501,110.606433659884,6.3938963710504,52.6250777861846,0.00746212713496813,,1300.29074521975,29.9900006059926,174.113432241088
22.4166666666667,1.453827496,104.252511863348,2.482168506,2.98885335389372,0.771580330943591,100.052420764498,NaN,NaN,NaN,NaN,10.3947699448715,0.0469999983906746,14.930562135709,NaN,6.58404032344875,30.5734627009581,NaN,,1299.46883734992,30,173.705821814239,1.450048764,103.966926391382,4.68246182,3.19991224786184,0.639437263059069,100.048713449517,NaN,NaN,NaN,NaN,9.98617273205883,0.0394510330859782,11.8634763819093,NaN,7.58866910840524,24.4248388106615,NaN,,1300.3665740306,29.9900044752819,175.89318751229,1.477921782,105.007731802967,2.448491044,3.47400681529206,0.361954829122345,97.4961139413086,NaN,NaN,NaN,NaN,12.6968608579288,0.0240000002086163,13.3411601834916,128.962097237566,6.59994342266202,28.5239100057805,0.00280669066892247,,1300.59121098899,29.997026489145,173.802578279619,1.2672491267867,104.99407997631,4.246096186,3.21181208276853,0.735263038621298,96.7481128923187,NaN,NaN,NaN,NaN,16.5578825278333,0.0459597022493624,8.16125398223617,24.9970234009464,7.59970416725461,16.8666468298998,0.0294145401108825,,1299.71893686597,30,175.298010029558,1.623578266,104.986838619109,2.232986452,2.80358108243636,1.1034644904262,92.4395351743925,NaN,NaN,NaN,NaN,14.2811777673333,0.0737184254666574,22.6311745066484,140.380882226231,6.39900016784668,48.4447351128528,0.00786054397402997,,1299.97780934765,30,173.842967692596,1.753126444,105.035692768859,2.331136094,3.19352555498567,0.814548201385853,92.8448287289564,NaN,NaN,NaN,NaN,8.91976405633334,0.0534298939783558,25.3646639147923,110.942749613011,6.39326933576958,52.9297100869216,0.00734272475374467,,1300.19036179513,29.9981137998893,174.108285049612
22.5,1.453827496,104.302237629905,2.482168506,2.9844369746234,0.771169032365356,100.021150266399,NaN,NaN,NaN,NaN,10.3177262979255,0.0469599824337307,14.9440667648848,NaN,6.58400011062622,30.600727504503,NaN,,1300.92957199166,30,173.700291682592,1.450048764,103.941022240542,4.68246182,3.23172390948056,0.635983031005569,99.9902439822804,NaN,NaN,NaN,NaN,10.1162334357237,0.0392406764976517,11.8873479865447,NaN,7.58916013843334,24.4704301597748,NaN,,1301.05094290205,29.9998560676013,175.887659346268,1.48121635980601,105.012272137402,2.448491044,3.48702009298969,0.363284473194879,97.4604635336225,NaN,NaN,NaN,NaN,13.6292204796003,0.0240000002086163,13.387813910366,123.374171008596,6.59998473329059,28.6150273786036,0.00294718593901969,,1299.5731321372,29.9971886250809,173.800652367461,1.269487704,105.013752180346,4.246096186,3.22842068489667,0.735493026988166,96.7483487870719,NaN,NaN,NaN,NaN,16.4675959603333,0.0459597726127428,8.19916778600135,24.752286660475,7.59899997711182,16.9360839950687,0.0297149582557922,,1301.84038873527,30,175.294877901738,1.623578266,104.988674605662,2.232986452,2.82205517079627,1.09115841666446,92.4660846013542,NaN,NaN,NaN,NaN,14.0960447236171,0.0729025771183525,22.6708153740315,140.199581803279,6.39916680585001,48.5424900053957,0.0077828697973125,,1299.1520184634,30,173.837922454372,1.753126444,105.000513983557,2.331136094,3.16831811132329,0.820352340910039,92.2775204687872,NaN,NaN,NaN,NaN,9.120822631,0.0538495260925386,25.2903645879571,111.521915623808,6.3928363816827,52.7217675199294,0.00735610248990406,,1299.0947639852,30,174.103140032416
22.5833333333333,1.453827496,104.332599483927,2.482168506,2.94279984687551,0.769253056294943,100.026849149109,NaN,NaN,NaN,NaN,10.2940696638697,0.04683947579986,15.020778225775,NaN,6.58400011062622,30.7548334410784,NaN,,1298.98756489892,30,173.694760582319,1.450048764,103.907853531927,4.68246182,3.20986442292198,0.632009122707328,100.003358527543,NaN,NaN,NaN,NaN,11.3222425608841,0.038999888969667,11.8421336537439,NaN,7.58990092764827,24.3839732862782,NaN,,1298.82432346542,30.0029807555025,175.882131768285,1.48479063698562,105.014666379484,2.448491044,3.48950549626928,0.355088757730415,97.5020825653161,NaN,NaN,NaN,NaN,14.1699621749709,0.023507134519496,13.4583272658064,126.820573477305,6.59981404108446,28.7531140569659,0.00280013931301203,,1300.40681368183,30,173.799189667549,1.269487704,105.02562792069,4.246096186,3.19573468009992,0.72653670030598,96.7911134546935,NaN,NaN,NaN,NaN,16.2864325505,0.045392380741258,8.11666232339856,24.6672165143305,7.59895997513851,16.785044241347,0.0294542326949256,,1298.39806918938,30,175.289438321684,1.62901053244939,104.994516998886,2.232986452,2.84013801700935,1.07062199239349,92.545042951752,NaN,NaN,NaN,NaN,14.2650638733829,0.0715162767462818,22.6407552791391,140.037986915168,6.40008036002765,48.4685782168479,0.00764521844655994,,1300.03769284343,30,173.838173602907,1.753126444,104.984425271423,2.331136094,3.20109480906015,0.844189783727999,92.6706831770082,NaN,NaN,NaN,NaN,9.28151918083334,0.0554021092410401,25.3329017939718,111.084480145588,6.39204006243418,52.8408895225579,0.00760007903349239,,1300.83193090084,30,174.097997200632
22.6666666666667,1.453827496,104.291744827941,2.482168506,2.97181611264224,0.764881092724118,100.017490550913,NaN,NaN,NaN,NaN,10.4017615025792,0.0465784700047397,15.048948815222,NaN,6.58408044484315,30.8113628133367,NaN,,1299.62091263043,29.9971894129056,173.689229329664,1.450048764,103.966424417055,4.68246182,3.21685649161867,0.623887247521036,100.042974698761,NaN,NaN,NaN,NaN,11.1488628583333,0.038505940890257,11.8961090251546,NaN,7.59033342814069,24.487173172455,NaN,,1301.0623025402,30.0100002288818,175.876605483312,1.487738694,105.012751918528,2.448491044,3.4805325012021,0.353181406950165,97.5258805022572,NaN,NaN,NaN,NaN,12.8771486667953,0.0233584074409891,13.5107319771522,125.43309680953,6.59923175701203,28.8557172612387,0.00281875141664218,,1300.65049003447,30,173.797116710531,1.269487704,104.966091084287,4.246096186,3.21927005551838,0.721879655624989,96.817636188128,NaN,NaN,NaN,NaN,16.7184809561667,0.0451152578203053,8.05980360668167,24.6143067631286,7.59876404540642,16.6810187587504,0.0293279388275371,,1299.79120115694,30,175.283998638031,1.630337132,104.998801268394,2.232986452,2.82799685229042,1.06191046881405,92.6943849411058,NaN,NaN,NaN,NaN,14.0405530323333,0.0709244228983589,22.6513945288108,140.314620578565,6.40000009536743,48.4946691102038,0.00756817290345988,,1299.40460950365,30,173.834588603685,1.753126444,105.019163597305,2.331136094,3.17615894213773,0.822036419534483,93.0797795223963,NaN,NaN,NaN,NaN,9.19904224090261,0.053928130819126,25.3968633411692,110.70941936263,6.3916758849293,53.0205173553084,0.00742570611538583,,1300.69361157976,30,174.092853521242
22.75,1.453827496,104.334572524079,2.482168506,3.0047265557349,0.764057207823637,100.030372749849,NaN,NaN,NaN,NaN,10.4027936165874,0.0465362597966104,14.931110454556,NaN,6.58473726347515,30.574510876669,NaN,,1301.1500130067,30,173.683698804656,1.450048764,103.971210248162,4.68246182,3.22097098796637,0.619288382700691,99.9767365128391,NaN,NaN,NaN,NaN,10.2791349269005,0.0382008839920428,11.8532702671984,NaN,7.59075839313981,24.4052841895812,NaN,,1297.58191527008,30.0100002288818,175.871078303567,1.487738694,104.982960602457,2.448491044,3.51036074195486,0.355991359121264,97.5570627392266,NaN,NaN,NaN,NaN,12.9923640833714,0.0235305649437685,13.4626911879826,124.021577983189,6.59908044951981,28.7615748433582,0.00287103160733657,,1300.28546663176,30,173.792015493863,1.269487704,105.022684924384,4.246096186,3.17161563610886,0.718273848469558,96.9181999959559,NaN,NaN,NaN,NaN,17.0001559693333,0.0448828507156144,8.08867801537485,24.4579830189794,7.59895440960471,16.7338180996472,0.0293677641618067,,1299.52779306208,30,175.27856092394,1.630337132,104.998613306447,2.232986452,2.82930435681716,1.04598800252411,92.7426312802272,NaN,NaN,NaN,NaN,14.1606706753333,0.0699310575026719,22.5873711927745,141.46926662096,6.40000009536743,48.3368875262891,0.00739549068145409,,1299.79892504282,30,173.829543534239,1.753126444,105.022862437571,2.331136094,3.14606917169776,0.783794568900278,93.2403410101214,NaN,NaN,NaN,NaN,8.96200441176406,0.0513800148426562,25.3330443307036,110.185630882942,6.39039242365398,52.8410822979948,0.00711399361655722,,1300.1947748255,30.0006703180252,174.087704357101
22.8333333333333,1.453827496,104.340194145194,2.482168506,3.02046677032839,0.761845688614987,100.049333284481,NaN,NaN,NaN,NaN,10.6509437211667,0.0463890606973293,14.9949292968785,NaN,6.58495990570195,30.7027107579156,NaN,,1301.93629246113,30,173.678168274419,1.450048764,104.011761548513,4.68246182,3.18011868235768,0.614598943880009,100.063997407017,NaN,NaN,NaN,NaN,10.2032243465995,0.0379142592912335,11.7068044051197,NaN,7.5910409548513,24.1255511409664,NaN,,1299.92842903433,30.003561787516,175.865550474286,1.487738694,105.017241139264,2.448491044,3.45732088590624,0.348466764798874,97.591755528856,NaN,NaN,NaN,NaN,12.8324476549359,0.023075704489809,13.2663135462886,127.194617369218,6.59951636028604,28.3777018858425,0.00273969185626747,,1300.85838952998,30,173.786922950816,1.269487704,105.004187424264,4.246096186,3.19582771613176,0.710349027300301,96.8647240528526,NaN,NaN,NaN,NaN,16.7189867271667,0.0443703526076862,8.10559139409355,24.4412625424523,7.59947144151879,16.7647600171854,0.0290634267578227,,1298.55987233143,30,175.273119672549,1.63192193694249,105.043702847196,2.232986452,2.80855302772116,1.03070635006841,92.7990816383591,NaN,NaN,NaN,NaN,14.0407068026667,0.0689988879101455,22.6181643419075,143.777285820375,6.40004007014955,48.4127464630299,0.00716876479192991,,1300.16288178066,30,173.826023198375,1.753126444,104.994048052351,2.331136094,3.16683440646551,0.765867089131343,93.2344465474681,NaN,NaN,NaN,NaN,8.97755360622119,0.0502546370768445,25.2883951868166,110.975313850639,6.38926350949767,52.7164466125254,0.0069013309634461,,1300.61220663047,30.009606687638,174.082557791842
22.9166666666667,1.453827496,104.320303652644,2.482168506,2.96522266023199,0.755313700743025,99.9709922686754,NaN,NaN,NaN,NaN,10.7190665468333,0.046000000089407,14.8694873863825,NaN,6.58496008972961,30.4509430492184,NaN,,1300.99575642592,30,173.672638283486,1.450048764,103.989424162611,4.68246182,3.22777580473243,0.606839939275148,99.9867454649,NaN,NaN,NaN,NaN,10.0002368163333,0.0374398957516802,11.8156789116033,NaN,7.59191929551522,24.3334447416389,NaN,,1300.13235723465,30,175.860022652552,1.48824545569257,105.034579615951,2.448491044,3.46973930305769,0.348619118132892,97.5799935560409,NaN,NaN,NaN,NaN,12.9279697503975,0.0230000000447035,13.4648737025152,121.892802124731,6.60004000782271,28.7660898783056,0.00286186297701136,,1300.80134662883,30,173.782263454135,1.269487704,105.031739456051,4.246096186,3.18124434939674,0.705794199651056,96.9325837236313,NaN,NaN,NaN,NaN,16.6785540441667,0.0440803696884554,8.12626225106311,24.2393027213629,7.59987925543093,16.8025925360348,0.0291179054142713,,1301.19420668879,30,175.267679026621,1.635295458891,105.003347996551,2.232986452,2.81679491651658,1.02337806575985,92.8424038007502,NaN,NaN,NaN,NaN,13.7995489935,0.0684964966503177,22.549810254019,143.632072847939,6.39981739793683,48.2446860455243,0.00712497158977636,,1300.10856700161,30,173.824361352416,1.753126444,105.00679642394,2.331136094,3.17640018133374,0.755871413518008,93.2285944972839,NaN,NaN,NaN,NaN,8.86222923011215,0.0495793500129201,25.3167050305179,110.615170259951,6.3903001770309,52.7953353870216,0.00683448110056503,,1299.32474951989,30.0074013481845,174.07741281677
23,1.453827496,104.303493719729,2.482168506,2.97715719164582,0.755845875014953,99.952644400705,NaN,NaN,NaN,NaN,10.5531755429353,0.0460401575481901,15.00321585227,NaN,6.58500003814697,30.7193590493111,NaN,,1301.46877784797,30,173.667109136901,1.450048764,103.982199908979,4.68246182,3.1868219377894,0.603096583817973,100.046721410022,NaN,NaN,NaN,NaN,10.3940123491667,0.0372072104324204,11.8054133101939,NaN,7.59199953079224,24.3138448081464,NaN,,1299.84390998873,30,175.854495502107,1.49227186363086,105.034070430751,2.448491044,3.42965694459305,0.348383173602949,97.656286687414,NaN,NaN,NaN,NaN,12.7849337991928,0.0230402360877987,13.5145329421335,125.728688945723,6.60004003167098,28.8631513567056,0.00277109875286732,,1299.47730221971,29.9905069064334,173.781189050226,1.269487704,104.975110669821,4.246096186,3.23271470405196,0.701500986370164,96.9213330733787,NaN,NaN,NaN,NaN,16.5983300498333,0.0438175677315498,8.12143057701728,24.0359965139771,7.59997851644511,16.7937414393409,0.0291855602898245,,1300.94631682008,30,175.262237340016,1.637115476,104.972590967935,2.232986452,2.81945579730943,1.00956535010924,92.9618621412985,NaN,NaN,NaN,NaN,14.1784750509513,0.0675807884954259,22.6471233233446,143.118124061638,6.39937974499272,48.4841233056431,0.00705406039282576,,1299.14077521622,30,173.821213829765,1.753126444,104.992345275642,2.331136094,3.1682146217012,0.74982405137238,93.3953415828782,NaN,NaN,NaN,NaN,9.0004150036167,0.0492008035933921,25.3735809821964,110.801257110466,6.39172764388334,52.9546556979185,0.00676748735143585,,1301.74560660183,30.0012017821055,174.072266748909
23.0833333333333,1.453827496,104.30103391148,2.482168506,2.78860423023493,0.758818561834664,100.02365836744,NaN,NaN,NaN,NaN,10.5275733957314,0.0456426974312029,14.9997707470085,NaN,6.58500003814697,30.7123947668759,NaN,"Sample 1.50 mL to AMBR-96DWP-3/E1",1299.84473517798,30,172.899437494776,1.450048764,104.052815635743,4.68246182,3.03080952043741,0.602865348444702,100.029979998369,NaN,NaN,NaN,NaN,10.2208645801364,0.0365010628331773,11.8010268821419,NaN,7.59234978435462,24.3054967725663,NaN,"Sample 1.50 mL to AMBR-96DWP-3/E2",1299.08430172057,29.9964955692968,175.136430156414,1.49588624135898,105.028483029013,2.448491044,3.25929014343897,0.349421782545774,97.6135060203135,NaN,NaN,NaN,NaN,12.7151889101005,0.022754945926576,13.4877296188499,123.36772259394,6.60002205237587,28.8107568968434,0.00282586098758611,"Sample 1.50 mL to AMBR-96DWP-3/E3",1299.57338193462,29.9974434499035,173.322132420892,1.269487704,104.992649718447,4.246096186,3.00899210777734,0.701845261204377,96.9009856124079,NaN,NaN,NaN,NaN,16.6381875405,0.04332698067597,8.12150911873968,23.9387035313066,7.59998140086307,16.7938814485118,0.029333423851648,"Sample 1.50 mL to AMBR-96DWP-3/E4",1298.84109141245,30,174.847987349612,1.637115476,105.042440647145,2.232986452,2.60349887921467,1.00197757140004,93.1581872007249,NaN,NaN,NaN,NaN,14.223465368382,0.0664004986370877,22.6226199030353,143.069944849997,6.39975936085311,48.4238157522723,0.00700277590575781,"Sample 1.50 mL to AMBR-96DWP-3/E5",1298.84077398855,29.9970564404422,173.454655787198,1.753126444,104.986789084022,2.331136094,2.96195859746372,0.743509939440828,93.4624674176762,NaN,NaN,NaN,NaN,9.04091813149714,0.0482380787572082,25.3169583562335,110.896150468699,6.39526516913935,52.7963237050182,0.00669649747292145,"Sample 1.50 mL to AMBR-96DWP-3/E6",1299.68416661626,29.9922610351621,173.755601867222
23.1666666666667,1.453827496,104.395905772668,2.482168506,2.9544348600241,0.762657828935672,100.134775306186,NaN,NaN,NaN,NaN,10.1917134145,0.0457548978501041,14.9448153413962,NaN,6.58500003814697,30.6021664255561,NaN,,1299.76308459251,30.001607766168,171.862051637386,1.450048764,104.087392562769,4.68246182,3.25031279234961,0.602445784251795,100.068133596868,NaN,NaN,NaN,NaN,9.98677540386362,0.0362690290838592,11.7784098557717,NaN,7.59299945831299,24.2622803785497,NaN,,1300.59017177629,29.9982797372805,174.049441936866,1.50432572706533,104.997169643707,2.448491044,3.43057491734285,0.353163465542928,97.7569924116793,NaN,NaN,NaN,NaN,13.0987224402066,0.0227628006792835,13.4722892051288,119.34932279787,6.587877541024,28.7803784633794,0.00285442431701113,,1300.43486002052,30.0016129500633,171.988972288032,1.27144396033379,104.993781749295,4.246096186,3.20904862020423,0.710287373033145,97.1310890900731,NaN,NaN,NaN,NaN,16.746188035534,0.042710455843752,8.00842043955315,24.0467095524163,7.59866912977444,16.5870522230889,0.0296794288654889,,1301.48969841738,30.0085611553964,173.459242306168,1.637115476,105.001491160378,2.232986452,2.83274235261842,1.01005582184712,93.7484516506197,NaN,NaN,NaN,NaN,14.7149489989142,0.0643330951040663,22.586548206261,143.865619506723,6.39999937492316,48.334953177803,0.00701355106506691,,1299.49329624855,29.9969037237885,172.017136178705,1.753126444,104.96606991861,2.331136094,3.20844549777722,0.749345045672407,93.9567583494531,NaN,NaN,NaN,NaN,9.07545282286662,0.0462875491607876,25.3635415217951,111.726609267027,6.39454439731171,52.9265547563285,0.00657980525207896,,1299.49505071646,29.9988868738615,172.267976837248
23.25,1.453827496,104.404954238307,2.482168506,2.94588414616477,0.762113649215405,100.01879862824,NaN,NaN,NaN,NaN,10.7739024485,0.0459193656740172,14.9535353539482,NaN,6.58522576730841,30.6196157421355,NaN,,1299.47787042135,30.0024163053652,171.856521126404,1.450048764,104.07603736351,4.68246182,3.18725643765962,0.596262316185452,100.042599237669,NaN,NaN,NaN,NaN,9.99984082016667,0.0364022732279128,11.8534611067841,NaN,7.59341933064857,24.4056781090168,NaN,,1298.45062859611,30,174.04391284292,1.504587164,104.973169973607,2.448491044,3.48739575270106,0.351474172599753,97.8559803096805,NaN,NaN,NaN,NaN,12.7175032096667,0.0230000000447035,13.6009287587272,126.135572812842,6.57846392644451,29.0325573521111,0.00278738263748201,,1300.95219587312,30.0097579963443,171.984271157498,1.272896354,105.000327005394,4.246096186,3.17377150445668,0.703148504311985,97.1329489462775,NaN,NaN,NaN,NaN,16.6855201777994,0.0434488339393322,8.03294087804041,23.7651161893386,7.59368587593257,16.6318542985311,0.0295877167744323,,1300.2463222953,30.0100002288818,173.455321169865,1.637115476,105.008776131084,2.232986452,2.81039696016891,0.989508119495225,93.9190088806577,NaN,NaN,NaN,NaN,13.8816831114662,0.0653953552426944,22.6499196057923,141.550722463186,6.40000009536743,48.4911961069877,0.00699065971150294,,1299.46090457603,30,172.012091289031,1.753126444,105.004975667429,2.331136094,3.22906482742052,0.716331344621522,94.1197509751561,NaN,NaN,NaN,NaN,8.99854071766202,0.0464855699644052,25.3810488728517,111.091991879847,6.39323745164218,52.9758065188628,0.00644905568965258,,1299.24079128828,30,172.262831033128
23.3333333333333,1.453827496,104.391968071777,2.482168506,3.01488749729003,0.750975691920009,99.9881453109373,NaN,NaN,NaN,NaN,10.0402302806667,0.0452565735279947,15.0118417205863,NaN,6.5858802107593,30.7366734177531,NaN,,1299.24817871931,30,171.850990821865,1.450048764,104.062576537278,4.68246182,3.2060508895277,0.589477859017176,99.9993866070006,NaN,NaN,NaN,NaN,10.0415986178088,0.0359999984502792,11.7437638109646,NaN,7.59387922709083,24.1960610408931,NaN,,1300.72112760963,30.0005364503928,174.038385661015,1.504587164,104.972018199425,2.448491044,3.47174219649473,0.351761107286087,97.9395552414358,NaN,NaN,NaN,NaN,12.6868197308892,0.0229594573363914,13.6162118514895,121.780711126472,6.57537477105838,29.0629142395419,0.00288980066142764,,1300.11538379036,30.0063245505975,171.979165763896,1.272896354,105.009751993271,4.246096186,3.22094287523725,0.711493394732944,97.230032481662,NaN,NaN,NaN,NaN,16.2065074246255,0.0439595241975053,8.11949701894681,23.6043593031774,7.59067221246996,16.7902307809723,0.0301424517193676,,1299.1371031951,30.0095961089174,173.449877826585,1.637115476,104.994652927068,2.232986452,2.80476679975979,0.975367201758977,93.9276117563635,NaN,NaN,NaN,NaN,14.0135332811355,0.0644408510544876,22.702527686923,140.955535138099,6.40000009536743,48.6208060417704,0.00691969383184379,,1299.04615311182,30,172.007043154614,1.753126444,104.986307181263,2.331136094,3.20519678794728,0.705164508884537,94.2052227755542,NaN,NaN,NaN,NaN,9.04553812669086,0.045764480327326,25.293841779742,111.35375925004,6.39283641938228,52.7317016106547,0.00633264667325996,,1300.08395051307,30.0051304803427,172.257684822862
23.4166666666667,1.453827496,104.444478625497,2.482168506,2.98115477922356,0.7543941728102,100.050465780073,NaN,NaN,NaN,NaN,10.1609929431667,0.0454564363294414,14.9240817362109,NaN,6.58530187259315,30.5604674814321,NaN,,1298.2106620783,30,171.845460518923,1.450048764,104.078041020395,4.68246182,3.25095649244046,0.589527298634021,99.9999724015914,NaN,NaN,NaN,NaN,9.9187730426912,0.0359999984502792,11.8582452413409,NaN,7.59489165306925,24.4147651741589,NaN,,1299.33691246608,30.004291372743,174.032859940568,1.504587164,105.007666615349,2.448491044,3.46730312869158,0.337338819774845,97.9398527870032,NaN,NaN,NaN,NaN,12.7038129047237,0.0220750362434235,13.4459160511345,126.183910240793,6.57324138395961,28.7287203916599,0.00267350185234767,,1299.35373917082,30.0000544193644,171.974065497771,1.272896354,104.98092297374,4.246096186,3.19406550130006,0.70452124363946,97.2649199499292,NaN,NaN,NaN,NaN,16.9549940483745,0.0435225657342821,8.09221585385166,23.4252517364106,7.58956505659462,16.7403058617168,0.0300748963317107,,1299.74395257499,30.0048150325031,173.4444337316,1.637115476,105.013247258577,2.232986452,2.81446623724719,0.957033568130669,93.9769465655501,NaN,NaN,NaN,NaN,14.0753543725088,0.0632430082142215,22.5543717891736,141.341131180551,6.40000009536743,48.2559025444495,0.00677112022035845,,1300.18654172622,30,172.001995950182,1.753126444,104.979742970065,2.331136094,3.16807134644785,0.690284892297675,94.3003404958926,NaN,NaN,NaN,NaN,8.95985212466666,0.0448114312711576,25.3183594649614,111.556516176182,6.39169875286302,52.8000389113907,0.00618784682732989,,1299.27165306973,30.0084151873309,172.252538973323
23.5,1.453827496,104.51810209941,2.482168506,3.00793754296458,0.749947269859199,99.9802674065259,NaN,NaN,NaN,NaN,10.0400977715,0.0451464173385847,14.8956918237,NaN,6.58520114668589,30.5035602351983,NaN,,1301.41853157137,30,171.839927865237,1.450048764,104.104692113286,4.68246182,3.22284471499841,0.586392654319236,100.07349534038,NaN,NaN,NaN,NaN,9.83937962166667,0.035797267917998,11.7141412774959,NaN,7.59508183513,24.1395552660614,NaN,,1300.53936721959,30,174.027332922828,1.504587164,105.005327415025,2.448491044,3.47096727018219,0.337225599058797,97.9690395072529,NaN,NaN,NaN,NaN,12.7648897635538,0.0219999998807907,13.5778376102197,121.859614626819,6.57207534647014,28.9872194755942,0.00276993680664324,,1301.05251340078,30.0047770666753,171.968963144133,1.272896354,104.981734227956,4.246096186,3.21490712993754,0.69736193179126,97.277150576517,NaN,NaN,NaN,NaN,17,0.0430804546686451,8.11371464004763,23.0670380222027,7.58938756419295,16.7796253228309,0.0302321336018041,,1301.02671204415,30,173.438990224187,1.65634979793746,104.994991247919,2.232986452,2.8975004517165,0.976558093597028,93.8527042734925,NaN,NaN,NaN,NaN,13.7973769918087,0.06452580156698,22.3557226551792,141.449518568751,6.40048269905381,47.7709319702494,0.00690386522132948,,1300.02588524398,29.9237647016111,172.015367314451,1.753126444,105.022003931673,2.331136094,3.19325052147864,0.679541606147216,94.4502294124266,NaN,NaN,NaN,NaN,8.87905563425105,0.0440803220693589,25.2698027831527,110.792434690917,6.3919250540765,52.6646161996115,0.00613456478958097,,1300.01062305039,30.002356009721,172.247392413957
23.5833333333333,1.453827496,104.407511677718,2.482168506,2.95247744512157,0.747022596244041,99.9938141061634,NaN,NaN,NaN,NaN,10.8073606981667,0.0450000017881393,15.0925731372605,NaN,6.58500003814697,30.8990160316003,NaN,,1300.05154613896,30.0028185283928,171.834394495839,1.450048764,104.145747313591,4.68246182,3.20436798776026,0.575731768373373,100.008396827419,NaN,NaN,NaN,NaN,10.0401216783333,0.035153875637411,11.7351631201086,NaN,7.59595941608898,24.1796745546451,NaN,,1301.24513584818,29.9940026362294,174.021806118476,1.504587164,105.009993691712,2.448491044,3.46013021175288,0.335341899510387,97.9935184719806,NaN,NaN,NaN,NaN,13.0399144035,0.0219192621917234,13.5830743274024,124.939122979515,6.57270107628175,28.9974609993514,0.0026842575985728,,1298.52454475164,30.0012060262748,171.963855193395,1.272896354,104.985202645049,4.246096186,3.21896615645548,0.695837353561861,97.3286239515598,NaN,NaN,NaN,NaN,16.7988724936667,0.0429763562774595,7.98943675424025,22.8802234853568,7.58963928103992,16.5523086177899,0.0304120949049693,,1301.15913947859,30,173.433545907494,1.68356751387864,104.98780468676,2.232986452,2.99117309948334,0.979466545173092,93.8577639273447,NaN,NaN,NaN,NaN,13.7181624728333,0.064753725748774,22.2936701689376,141.337209391216,6.39999999342799,47.618558991445,0.00692998334736144,,1299.13638123487,29.8528118755799,172.038152542701,1.753126444,105.005786610243,2.331136094,3.20587261027409,0.674881074344442,94.4601990477146,NaN,NaN,NaN,NaN,8.87969514658228,0.0437823882594124,25.2624177159035,111.347095971709,6.39131415965021,52.643755157845,0.00606116144853193,,1301.05126948549,30.0042087364756,172.242242287129
23.6666666666667,1.453827496,104.399488170463,2.482168506,2.97598013020741,0.747557940364395,100.004042361852,NaN,NaN,NaN,NaN,10.7544074828271,0.0450404616292421,14.9991083025629,NaN,6.58568174691249,30.711064884857,NaN,,1299.34456121745,30,171.828864502658,1.450048764,104.100714113422,4.68246182,3.2200065076211,0.57339958348721,99.9490494121417,NaN,NaN,NaN,NaN,10.0802929436667,0.0350070283351128,11.7055185210304,NaN,7.5959997177124,24.1230703463953,NaN,,1299.54968903072,29.9947281772653,174.016279458924,1.504587164,104.991885345458,2.448491044,3.48289576974695,0.330795762676235,98.0398539870091,NaN,NaN,NaN,NaN,12.7588599191667,0.0215978057316469,13.4365110924537,122.898180806358,6.57313198324798,28.7104771176882,0.00269588253358916,,1300.20740173457,30,171.95875500063,1.272896354,105.012356270789,4.246096186,3.17806407219781,0.688673360347209,97.3598055149389,NaN,NaN,NaN,NaN,16.298109538,0.042523213980727,8.02912058501523,22.6995045414525,7.59000015258789,16.6248697304079,0.0303386588916666,,1300.57207802961,30,173.42809985614,1.69053163307508,105.006686275646,2.232986452,2.80866023503324,0.953920456554927,93.943864911446,NaN,NaN,NaN,NaN,13.8789629995,0.0630452255023392,22.189569348534,141.143966235312,6.3990860520909,47.3660211210861,0.00675850644828793,,1299.44755293123,29.8878696979504,172.040201570932,1.753126444,104.970917175393,2.331136094,3.19050247093611,0.665261869301635,94.5587304393904,NaN,NaN,NaN,NaN,9.00062521583333,0.0431726446577864,25.2220100971491,111.077424129525,6.39356227837995,52.5316093678664,0.00598974188107933,,1300.26751392563,30,172.237095009347
23.75,1.453827496,104.387346701559,2.482168506,3.04110364123757,0.744796836836228,100.043486094477,NaN,NaN,NaN,NaN,10.8414781092262,0.0448797440512639,15.0140386486308,NaN,6.5859597178564,30.7410797359406,NaN,,1300.15026537515,30,171.823334852142,1.450048764,104.125921739406,4.68246182,3.19166009156203,0.570390944396016,100.02165139021,NaN,NaN,NaN,NaN,9.91923928066667,0.0348140510497318,11.7019612395426,NaN,7.59642691762786,24.1163848017893,NaN,,1301.62278910307,30,174.010752400302,1.504587164,105.021118168129,2.448491044,3.4822577291591,0.322268211562312,98.0344685063793,NaN,NaN,NaN,NaN,13.0631924905063,0.0210168213698542,13.549013467607,121.600339210481,6.57303983666977,28.9307245964635,0.00265076392290757,,1299.64677803305,29.9991965498326,171.953640030341,1.272896354,104.976093221324,4.246096186,3.2029995963361,0.682914726313801,97.3578045395102,NaN,NaN,NaN,NaN,16.9378854143333,0.042161232653837,8.02881321427562,22.5667857270392,7.59000015258789,16.6243421165227,0.0302621163446373,,1301.32672751767,30,173.422652189996,1.691147448,104.966412487788,2.232986452,2.85435311817351,0.934507233506947,93.8782140454022,NaN,NaN,NaN,NaN,13.6701758025,0.0617505680734381,22.1628854628038,140.626897410792,6.39864405584611,47.3015341908269,0.00664533347351681,,1299.48054401624,29.9292293720459,172.035837671531,1.753126444,104.988068405304,2.331136094,3.28695410639612,0.656725460911285,94.6292672586591,NaN,NaN,NaN,NaN,8.87945881433334,0.0426217007824464,25.1760274016182,111.565223559048,6.39328602343598,52.4037386574511,0.00588652383947472,,1302.34526572341,29.9935199709523,172.231949142268
23.8333333333333,1.453827496,104.383625210902,2.482168506,3.02821055295456,0.746030860110804,99.963310867022,NaN,NaN,NaN,NaN,10.2108665312393,0.0449596999449654,15.0666370571029,NaN,6.58600040333879,30.8469457920996,NaN,,1300.58594817924,30,171.817806854714,1.450048764,104.103810745578,4.68246182,3.20670820288885,0.569626936061,100.007813463002,NaN,NaN,NaN,NaN,9.83863769433333,0.0347837665223268,11.8142711426678,NaN,7.59687893080758,24.330724785071,NaN,,1298.49355550625,30,174.005225193647,1.504587164,104.974049572411,2.448491044,3.45512974195975,0.3225718470497,98.0122478242309,NaN,NaN,NaN,NaN,12.7762776741604,0.0210804716174016,13.5309955447647,124.322537874815,6.57271940859934,28.8954574378147,0.00259467137445999,,1300.65334683015,29.9995982856824,171.948533306815,1.272896354,105.022436272985,4.246096186,3.21742900561731,0.67918479052796,97.4159198117328,NaN,NaN,NaN,NaN,17,0.0419216844004116,8.02986231378654,22.3730649374518,7.59004042495577,16.6262591242403,0.0303595216348514,,1298.00999971408,29.9987880794553,173.417205427805,1.691147448,105.021250010804,2.232986452,2.87372172682947,0.923725344749938,94.012858686482,NaN,NaN,NaN,NaN,13.8873703513333,0.0610000006854534,22.1073196410097,140.128811144743,6.3974745078541,47.1669940123789,0.00659197666010656,,1299.43313826433,29.9592966078829,172.030788293571,1.753126444,104.984194916931,2.331136094,3.17902773946281,0.648318884149674,94.685347102174,NaN,NaN,NaN,NaN,9.36660542364197,0.0420415483555726,25.2471205922,110.39944833017,6.39456397873786,52.6012900253947,0.0058728402428041,,1300.88771152603,29.9980408106521,172.226801322845
23.9166666666667,1.453827496,104.32287487549,2.482168506,3.19557152988471,0.74405147884919,100.026256785439,NaN,NaN,NaN,NaN,10.4828862842075,0.0448791502767272,15.1117343650722,NaN,6.58636106330308,30.9375824428463,NaN,,1299.09582993977,30,171.812281064006,1.450048764,104.105438322852,4.68246182,3.23120697407607,0.567792939775823,100.012832759993,NaN,NaN,NaN,NaN,9.959802792,0.034665710027382,11.721254360101,NaN,7.59699964523315,24.153121950308,NaN,,1300.27243842327,29.9967855495121,173.999698139365,1.504587164,105.012505498055,2.448491044,3.46523092715929,0.322484830078392,98.0080234223689,NaN,NaN,NaN,NaN,12.806560701194,0.0209999997168779,13.5470582507247,119.15479607139,6.57271991274387,28.9268270053965,0.00270879515301139,,1299.76348182668,29.9999089955148,171.943424152718,1.272896354,105.004936139576,4.246096186,3.20398835257744,0.675147386161562,97.4640463102841,NaN,NaN,NaN,NaN,16.636697545,0.0416744768164468,8.04699098873377,22.2599219650915,7.59000015258789,16.6575484004226,0.0303299646834896,,1299.33868040915,30,173.411757485775,1.691147448,105.030651198531,2.232986452,2.93425598832492,0.917971910763218,94.1537283132513,NaN,NaN,NaN,NaN,14.1237120982518,0.0606005200613844,22.1128169097313,139.968565339917,6.39567795647779,47.1801977687006,0.00655841102765768,,1299.3878414431,29.9784124770404,172.025735918158,1.753126444,104.998000134558,2.331136094,3.20996263267221,0.63487388089213,94.7362121572909,NaN,NaN,NaN,NaN,8.83385714169136,0.0411603678782343,25.2987574456404,109.890186358602,6.39376328406681,52.7452913280228,0.00577809148273223,,1299.34915325857,29.9991958169158,172.221650710803
24,1.453827496,104.398924625743,2.482168506,3.04229245909296,0.739929241514481,99.9888456053057,NaN,NaN,NaN,NaN,10.0400922908333,0.0445979622263109,15.0392996442127,NaN,6.58677920377825,30.7918691311771,NaN,,1300.39993174053,30.0012095539138,171.806754138804,1.450048764,104.100004713117,4.68246182,3.21721796631886,0.556822383846825,100.011267330425,NaN,NaN,NaN,NaN,10.010349031779,0.034000001847744,11.6924156611286,NaN,7.59699964523315,24.098074228096,NaN,,1301.34606302834,29.9995985474034,173.994172591782,1.504587164,104.999332995616,2.448491044,3.48228530793496,0.321771265886827,98.0157642229507,NaN,NaN,NaN,NaN,12.9190367519819,0.0209999997168779,13.5149142516414,122.714290600142,6.57207131344647,28.8638394043756,0.00262234054862493,,1301.06030198346,29.9976797212549,171.938307592529,1.272896354,105.015661935261,4.246096186,3.20026244350404,0.670895638580699,97.4675245185557,NaN,NaN,NaN,NaN,16.5199216738333,0.0413989457199537,8.07987630779023,22.2900032304745,7.59004037110884,16.7177175074752,0.0300994151171302,,1299.76005194839,30,173.406309004186,1.691147448,105.029344771932,2.232986452,2.83642925089969,0.902589608841746,94.2399677435445,NaN,NaN,NaN,NaN,14.5111486380815,0.0595649180566489,22.0568025883675,139.614515016344,6.39408974722818,47.0452111981854,0.00646484633372425,,1298.51601670174,29.9871641217051,172.020682407182,1.753126444,104.971649586214,2.331136094,3.21429993465244,0.634852700123613,94.6698153581485,NaN,NaN,NaN,NaN,8.9598309795,0.0411606966473425,25.3367438081762,109.953865788994,6.39289075508355,52.8519181589603,0.00577433501496649,,1299.43604940543,30,172.216499834034
24.0833333333333,1.453827496,104.410680359103,2.482168506,2.9502653712577,0.737462916589678,100.041455976117,NaN,NaN,NaN,NaN,10,0.0444367280167084,15.0027556002597,NaN,6.58690739508489,30.7184503602015,NaN,,1303.60946594638,30,171.801226031662,1.450048764,104.143924225628,4.68246182,3.19317327939598,0.558179303089114,100.069808643488,NaN,NaN,NaN,NaN,9.86888303522104,0.0340801835995364,11.8030799172938,NaN,7.59780716571643,24.3093371443988,NaN,,1297.3305644321,30,173.98864722299,1.504587164,104.99684956768,2.448491044,3.45316820118034,0.322441830014785,98.0340149628008,NaN,NaN,NaN,NaN,12.7108865258241,0.0209999997168779,13.4027347349408,119.607183711462,6.57204053045782,28.6442770195462,0.00269951072420389,,1301.61281120233,30,171.933198122266,1.272896354,104.97868515152,4.246096186,3.19235109084219,0.668929007021212,97.4542348351371,NaN,NaN,NaN,NaN,16.807026307,0.0412842612176057,8.09823188471413,22.2528143619622,7.59000015258789,16.7513004388962,0.0300606051710269,,1300.79244964299,30,173.400860652875,1.691147448,105.051124473357,2.232986452,2.88249183102884,0.891123827036419,94.3103228505756,NaN,NaN,NaN,NaN,14.0082902600952,0.0587984000523122,22.0917531740787,139.640248243543,6.39256942714016,47.1293566676333,0.00638158014162945,,1299.25875977711,29.9910884239016,172.015627593727,1.753126444,105.019327661576,2.331136094,3.22047409398507,0.632665505017367,94.7971956933944,NaN,NaN,NaN,NaN,8.960715912,0.0410148003648122,25.4156774748086,110.234263240888,6.39317425609997,53.0728995898161,0.00573945688623583,,1303.50576869516,30,172.211349549044
24.1666666666667,1.453827496,104.400193732801,2.482168506,2.95187010652895,0.734600518446624,99.9745192704674,NaN,NaN,NaN,NaN,10,0.0442700682997231,15.0463247109301,NaN,6.58689138332502,30.8060894473659,NaN,,1300.28192528354,30,171.79569808887,1.450048764,104.19141248326,4.68246182,3.18798052997996,0.556424349166362,99.9690995950255,NaN,NaN,NaN,NaN,10.2805282431667,0.0339595477152615,11.7494767262226,NaN,7.59799957275391,24.2069578578845,NaN,,1300.9981032723,29.9995975187898,173.983120560339,1.504587164,105.003722160468,2.448491044,3.46942329057219,0.322088582239905,98.0568442344259,NaN,NaN,NaN,NaN,13.0709112098067,0.0209999997168779,13.4405135938737,121.065133202949,6.57220054232694,28.7182034471207,0.00266084607138369,,1300.87144700226,30,171.928077977039,1.272896354,105.002476852986,4.246096186,3.22319558475157,0.661955211860622,97.5300033850257,NaN,NaN,NaN,NaN,16.6707332861667,0.0408517907467996,8.07928600221051,22.0761970820555,7.58981261432479,16.7166219421296,0.0299848140671155,,1301.65874495882,30,173.395413003949,1.691147448,105.021096718229,2.232986452,2.87522733739823,0.878000044531169,94.465335057454,NaN,NaN,NaN,NaN,14.5793671204874,0.0579322184217462,22.0127246197373,139.390025352125,6.39109258767514,46.9389363732283,0.00629887763371927,,1299.74372883087,29.9985641913035,172.010572497419,1.753126444,105.013300717065,2.331136094,3.19920687361822,0.620076931412164,94.9232524824966,NaN,NaN,NaN,NaN,9.00015673783333,0.0402011268851446,25.3596218068019,110.419904177749,6.3939995765686,52.9156112089201,0.0056158949306167,,1300.01557449479,30,172.206199088363
24.25,1.453827496,104.428052151637,2.482168506,2.9401072744575,0.730347251796889,100.051971720908,NaN,NaN,NaN,NaN,10.1204257388333,0.0439999997615814,15.0169574441661,NaN,6.58699989318848,30.7469511048268,NaN,,1301.23895720675,30,171.790169817486,1.450048764,104.154628224786,4.68246182,3.23976965620791,0.550421074520594,100.012340567084,NaN,NaN,NaN,NaN,10.0403236406667,0.0335958011062418,11.6378485348446,NaN,7.5980399198882,23.9940183962193,NaN,,1299.70100038117,30,173.977593423236,1.504587164,104.998416707603,2.448491044,3.47563856203017,0.321831141344178,98.0861874111419,NaN,NaN,NaN,NaN,12.4066109936134,0.0209999997168779,13.3760392164624,122.586198366463,6.57250941615096,28.5920964377973,0.00262713976845188,,1299.39499697578,30,171.922968751165,1.272896354,105.014194455715,4.246096186,3.2137237641351,0.661087915822457,97.5252738657801,NaN,NaN,NaN,NaN,16.7988537260033,0.0407864928443022,8.12987889207992,21.8665037554151,7.58964265764676,16.8092359799257,0.0302334150108574,,1302.28065731593,30.0022308464072,173.389964261337,1.691147448,105.012895309154,2.232986452,2.90194668620428,0.868354923975606,94.5762880132749,NaN,NaN,NaN,NaN,14.3050966701523,0.0572977147735638,21.9719184332058,139.166610461322,6.39058005360784,46.8408313187053,0.00623967070615879,,1299.73580449691,29.990799180979,172.005517769514,1.753126444,105.031955018736,2.331136094,3.16098317152485,0.616841766954045,95.0547537489587,NaN,NaN,NaN,NaN,9.11960617427337,0.0399858428988399,25.2751456446866,110.720083247113,6.3939995765686,52.6792461339558,0.00557125605169918,,1301.57488906383,30,172.201047452872
24.3333333333333,1.453827496,104.46827348592,2.482168506,2.96996498840702,0.731893877648134,99.9627682851786,NaN,NaN,NaN,NaN,10,0.0440805946059112,14.9879408317242,NaN,6.58699989318848,30.6886592925834,NaN,,1299.62592192798,30,171.784639957056,1.450048764,104.16451177102,4.68246182,3.24582859645081,0.544731627958628,100.019243173654,NaN,NaN,NaN,NaN,9.91950992516667,0.0332495203777206,11.6405385929749,NaN,7.59839033314517,23.999132606083,NaN,,1299.53783003945,30.001083818578,173.97206624878,1.504587164,104.985868632818,2.448491044,3.4838967381302,0.322821631914244,98.1016355603683,NaN,NaN,NaN,NaN,12.6154736291967,0.0209999997168779,13.4259022043624,117.663582160084,6.57221476958343,28.6895620629557,0.00274487336495608,,1301.17454573111,30,171.917849107596,1.272896354,105.032994488906,4.246096186,3.19266416917781,0.657408342629364,97.6063076900027,NaN,NaN,NaN,NaN,16.2190413664967,0.0405405654159171,8.09407682663699,21.6419269959648,7.58899974822998,16.7436965765869,0.0303790493489714,,1301.17591668337,30.0082240368806,173.384512952914,1.691147448,104.955321495557,2.232986452,2.80839472473437,0.851795936794695,94.5893376352267,NaN,NaN,NaN,NaN,14.9894681550984,0.0562235146923667,21.9312057617893,139.159658469488,6.38937244040416,46.7431172840076,0.00612106935090264,,1300.210264007,29.996554051167,172.000462832069,1.753126444,105.007549578299,2.331136094,3.22059441392269,0.602184242461861,95.0247711983396,NaN,NaN,NaN,NaN,9.04080168072663,0.039040219773508,25.2467341169538,110.652311784154,6.39440196786747,52.600091685016,0.0054421929860983,,1298.71551304057,30,172.195896803839
24.4166666666667,1.453827496,104.465720619531,2.482168506,2.95295297643506,0.73111273173042,100.030604843009,NaN,NaN,NaN,NaN,10.0819090566388,0.0440405832184926,14.986299163665,NaN,6.58699989318848,30.6853587263803,NaN,,1301.13417837871,30,171.779110233879,1.450048764,104.163874998181,4.68246182,3.22923677424952,0.54319736615914,100.032398030625,NaN,NaN,NaN,NaN,10.0401881890678,0.0331610585317469,11.732303842161,NaN,7.59883860664602,24.1743795419232,NaN,,1300.18581530277,30.0075968337151,173.966540537523,1.504587164,105.009867261967,2.448491044,3.47154739847643,0.321293695322294,98.1052357449822,NaN,NaN,NaN,NaN,12.9840122133832,0.0209602556796473,13.3915168874758,122.181728614233,6.57200002670288,28.6223130588803,0.00262978495039594,,1300.6389404018,30,171.912733089073,1.272896354,105.016106693549,4.246096186,3.20408049767518,0.650112893917857,97.5977019347421,NaN,NaN,NaN,NaN,16.8671066598895,0.0400925377808544,8.03765058829457,21.5148697114861,7.58895950657838,16.6404779207229,0.0302170103040175,,1302.19983739029,30.0032201521884,173.379060969316,1.691147448,105.01037936267,2.232986452,2.83474523014966,0.839453657660925,94.7326107634681,NaN,NaN,NaN,NaN,15.1396952719996,0.0553898319711595,21.9435288598449,139.059676705799,6.38791986615988,46.7725200857933,0.00603664259304454,,1299.96045026911,30,171.995409948423,1.753126444,105.010157654057,2.331136094,3.18078121938062,0.602547482349361,95.1194312362818,NaN,NaN,NaN,NaN,9.080436495,0.039041130455611,25.2942781608842,109.529531346421,6.39391878153099,52.7328895877689,0.00550207320596923,,1297.71591789146,30,172.190745980347
24.5,1.453827496,104.408654511174,2.482168506,2.99721787319928,0.730394453746083,100.048989240858,NaN,NaN,NaN,NaN,10.3207190258612,0.0439999997615814,15.0749881345727,NaN,6.58699989318848,30.8637020584484,NaN,,1299.89352401699,30,171.77358016411,1.450048764,104.152749171677,4.68246182,3.2180232457429,0.539934991058189,99.9810865007138,NaN,NaN,NaN,NaN,9.91959412793223,0.0329601194702656,11.8066273692111,NaN,7.59851741244782,24.3161080153988,NaN,,1301.39245170663,30.0009788464668,173.961014063679,1.504587164,105.011487461056,2.448491044,3.47838974869621,0.320476927497186,98.1876089156864,NaN,NaN,NaN,NaN,12.6793545230314,0.020838651635147,13.3650619343907,117.537612630173,6.57244234195988,28.5705589587123,0.00273027435499372,,1301.82889057398,30,171.907617310507,1.272896354,105.009685618615,4.246096186,3.24322427844557,0.649043725693552,97.6196691195475,NaN,NaN,NaN,NaN,17.2285309524439,0.0400283249886114,8.01020912078465,21.3716173639432,7.58899974822998,16.5903063282093,0.0303695005979773,,1302.16668508424,29.9931102742337,173.37360972622,1.691147448,105.048153698876,2.232986452,2.82017532663417,0.836964733178624,94.7164499798865,NaN,NaN,NaN,NaN,13.7606745605004,0.0552009613050696,21.8872750757883,138.799178908982,6.38578139132707,46.6377389853118,0.00603004311504263,,1300.06388413805,30,171.990354495334,1.753126444,104.989453866037,2.331136094,3.20893680057388,0.597690730441781,95.1704605848794,NaN,NaN,NaN,NaN,9.0051496150825,0.0387244333527466,25.3385084569649,109.365571690038,6.39415957131746,52.8565456306886,0.0054651535883406,,1303.62784099863,30,172.185592256991
24.5833333333333,1.453827496,104.396899314196,2.482168506,2.88198966525289,0.733936593496943,99.9147047868908,NaN,NaN,NaN,NaN,10.2411783558333,0.0442211152947657,14.8738257241455,NaN,6.58935179210464,30.4600197425024,NaN,"Sample 1.50 mL to AMBR-96DWP-3/F9",1299.48822060796,29.972664276001,170.96503573828,1.450048764,104.176320886786,4.68246182,3.02357179711157,0.542201236422821,100.0378833077,NaN,NaN,NaN,NaN,9.99947811983333,0.0323710254051577,11.8272002555232,NaN,7.59913332293354,24.3554289065448,NaN,"Sample 1.50 mL to AMBR-96DWP-3/F10",1299.08804814348,30,173.202423182819,1.504587164,105.013767898697,2.448491044,3.33357087137405,0.323209060295311,98.1286807543355,NaN,NaN,NaN,NaN,12.9096492692528,0.0206409640205765,13.4146424393142,120.309262006659,6.57181437082478,28.6675957693404,0.00269159374062079,"Sample 1.50 mL to AMBR-96DWP-3/F11",1298.93057274436,29.9914837957871,171.198157128004,1.272896354,105.029644082074,4.246096186,3.01980044479175,0.650099140245856,97.6000115933212,NaN,NaN,NaN,NaN,16.8393367218333,0.0391125772181795,8.02158710764009,21.3161181090814,7.58964436612063,16.6110932834604,0.0305092329348494,"Sample 1.50 mL to AMBR-96DWP-3/F12",1299.79601886672,29.9908579772077,172.714712416428,1.691147448,104.997539213178,2.232986452,2.61728219001205,0.827187248155555,94.7429122815509,NaN,NaN,NaN,NaN,14.767532977,0.0536089277696827,21.9063777869612,139.17790350555,6.38339953528709,46.6833813089202,0.00593381100806048,"Sample 1.50 mL to AMBR-96DWP-3/G1",1300.05437043661,29.9983897073292,171.380710288736,1.75323878941667,104.992690997733,2.331136094,3.0738825328583,0.588043308294753,95.2612175617033,NaN,NaN,NaN,NaN,8.88223702237307,0.0374473750930287,25.2419315000831,110.324194572604,6.39676811740912,52.5867252875973,0.00535140647127859,"Sample 1.50 mL to AMBR-96DWP-3/G2",1300.91501170147,29.9938644241293,171.622058898759
24.6666666666667,1.48226268550979,104.510873210787,2.482168506,3.04607213131818,0.745092444034986,100.184492204088,NaN,NaN,NaN,NaN,10.3370816463333,0.0451605338141046,14.4024901593275,NaN,6.59967801443459,29.5186740298948,NaN,,1299.44730141847,29.8464271991012,169.996000086547,1.450048764,104.289527710991,4.68246182,3.24065028276698,0.543063199044262,100.125613825577,NaN,NaN,NaN,NaN,9.99992184966667,0.0323027576224408,11.6739010496736,NaN,7.59999990463257,24.0627290192122,NaN,,1299.45473633312,30,172.155963199891,1.504587164,105.051281593916,2.448491044,3.56777691079739,0.330540875419634,98.3283763684943,NaN,NaN,NaN,NaN,12.1169252470432,0.0216007520704665,13.0442117982945,119.814510667926,6.57657408624632,27.9449899484086,0.0027816864863716,,1299.81107702309,29.8527233345699,170.103379283172,1.272896354,104.994337896063,4.246096186,3.21089065276793,0.654990823571625,97.8412684494818,NaN,NaN,NaN,NaN,16.8389477363333,0.0392774460691906,8.02256294550953,21.3520277573543,7.59016106197512,16.6128759262224,0.0307293923100938,,1300.54747420839,30.0010867498629,171.568705504088,1.691147448,104.976219715837,2.232986452,2.92781196808936,0.823358269899518,95.0368513431877,NaN,NaN,NaN,NaN,14.5203419803221,0.0529899731857675,21.8738804627923,140.11499694668,6.3831605985188,46.6055340775778,0.00582567153325445,,1298.83585759572,30,170.186241513212,1.79787240450116,105.037637186467,2.331136094,3.3682047453391,0.600542915228058,95.3363019267451,NaN,NaN,NaN,NaN,9.29968373752234,0.0391683735040448,25.0451556105152,111.479296381556,6.40381049886289,52.0423651483571,0.00552511239769708,,1300.38788093419,29.8620289247072,170.424758680397
24.75,1.501568074,104.505236322556,2.482168506,3.05434370065599,0.758218102718845,100.020609977981,NaN,NaN,NaN,NaN,10.3181453596747,0.0452012184013256,14.4162444235446,NaN,6.58608326783871,29.5463658943638,NaN,,1300.66205990099,29.8634028168409,170.010735831569,1.45128290870485,104.252139855777,4.68246182,3.22321647634107,0.542982497398433,100.032714443393,NaN,NaN,NaN,NaN,9.9634222476979,0.0327996693056613,11.7687100515036,NaN,7.60004017082923,24.2437127005746,NaN,,1300.95802705827,30.0020106429722,172.151608220682,1.504587164,105.024014526646,2.448491044,3.54868853944474,0.327380668232546,98.3862466810588,NaN,NaN,NaN,NaN,12.7653977937481,0.0210801737525194,12.9898903410927,120.284931758925,6.57635778795014,27.8394425165884,0.00272245287399765,,1301.01965521975,29.8451042639124,170.098254497905,1.272896354,104.977609380421,4.246096186,3.2277550237229,0.649588833911245,97.8609327106405,NaN,NaN,NaN,NaN,17.4327406516667,0.0396377381179825,7.95337449178272,21.1720380666769,7.59028136132195,16.4864129251552,0.0306815226615585,,1299.4556969804,30.0080194903404,171.563253738219,1.691147448,104.993221509157,2.232986452,2.87811579391395,0.811993806399838,95.0588422114693,NaN,NaN,NaN,NaN,14.4680350633446,0.0529999205191705,21.8540178762356,139.790911894876,6.38299989700317,46.5580365424581,0.00580863920073571,,1298.63190219078,30.0010661321079,170.181186243685,1.820052852,105.017510206063,2.331136094,3.31004719167898,0.613216808499473,95.4588543829204,NaN,NaN,NaN,NaN,9.92073210585543,0.0393332534694989,25.0902580287737,111.382147870483,6.39577562875341,52.1661325116894,0.00550592898271357,,1300.79406276546,29.8570080432291,170.443060784524
24.8333333333333,1.501568074,104.54770340688,2.482168506,3.03644551705174,0.750560007080379,100.031881789323,NaN,NaN,NaN,NaN,10.3881994009694,0.0447543154707428,14.0848553417134,NaN,6.58081061889801,28.8887867716341,NaN,,1300.28856508036,29.9106912995728,170.005207023728,1.45404791555018,104.247116959471,4.68246182,3.26338600633632,0.537671811155467,99.9807766726346,NaN,NaN,NaN,NaN,9.91590297563543,0.0324834157531283,11.7003662598354,NaN,7.60004017034943,24.1132728039708,NaN,,1299.14079916968,30.0007677122728,172.148841137131,1.504587164,104.987345761715,2.448491044,3.52231447365593,0.324975124150417,98.412566629308,NaN,NaN,NaN,NaN,12.6627226745795,0.0209598870671363,12.8760724804428,122.364662015174,6.57446625008422,27.6183329495933,0.00265721988766415,,1300.29013458493,29.9007549933677,170.093139161048,1.272896354,104.993233264198,4.246096186,3.22650719206576,0.644633157894639,97.9455274440045,NaN,NaN,NaN,NaN,16.8651799689404,0.0393321549407541,8.0250429930814,21.0640592316699,7.59000015258789,16.6174083357854,0.0306034056160851,,1297.51976237149,30.0100002288818,171.557802426397,1.691147448,104.996407707218,2.232986452,2.88226675434674,0.797744148464816,95.1593421139723,NaN,NaN,NaN,NaN,15.0810933757119,0.052054307632674,21.8938109545218,139.665508320956,6.38139043147731,46.6534002584816,0.0057118174759182,,1299.51519803125,30.0061795371513,170.176130048169,1.820052852,105.025044632977,2.331136094,3.2652055790949,0.592082848173127,95.5484567111557,NaN,NaN,NaN,NaN,9.3566921165,0.0379774485775684,24.9502388181202,111.137404558801,6.39232144814884,51.7814472697004,0.00532763263622229,,1300.4487176245,29.9070101494449,170.437908081671
24.9166666666667,1.501568074,104.565966662232,2.482168506,3.11531471889667,0.73678527993388,99.9987821664859,NaN,NaN,NaN,NaN,10.3595473428321,0.0439158160805349,14.179479510538,NaN,6.57824330862895,29.0760538844341,NaN,,1300.29941755872,29.9464428493715,169.999677823431,1.45891820844912,104.274971718106,4.68246182,3.23622399103528,0.536321684523535,100.013887546178,NaN,NaN,NaN,NaN,9.91948812783333,0.0323981665416388,11.7555227981534,NaN,7.59948523744415,24.2185093990802,NaN,,1300.89373263775,30.0087939627482,172.148185839344,1.504587164,105.016019935652,2.448491044,3.50953963814003,0.32203956842974,98.373783309686,NaN,NaN,NaN,NaN,12.2906224433449,0.0207184639300225,12.7825639188299,118.641921840429,6.57230616495099,27.4369846717394,0.00271500901592128,,1298.95161892362,29.9423925421195,170.088016472016,1.272896354,104.991253972041,4.246096186,3.19256999624502,0.641869628985673,97.8950825780349,NaN,NaN,NaN,NaN,16.7832686813929,0.0391606312151275,7.9559078156432,20.8766339956216,7.59000015258789,16.4910505379959,0.0307461374737595,,1299.80884334781,30.0100002288818,171.55234966464,1.691147448,104.96890960576,2.232986452,2.91310268459792,0.79260343224862,95.1783011125838,NaN,NaN,NaN,NaN,15.3354634067881,0.051718019369054,21.8753005048,139.504296040586,6.38008510369185,46.6097204232452,0.0056815726807156,,1300.23156889245,30.0004008644486,170.171071811928,1.820052852,105.02131934861,2.331136094,3.27904892126401,0.583860272670368,95.6256794409982,NaN,NaN,NaN,NaN,9.00909101737458,0.0374252926559933,24.968880737147,110.142311463997,6.38883759813915,51.8322523454877,0.00530235477360107,,1299.70236916617,29.9472476443899,170.432753213443
25,1.501568074,104.605456618596,2.482168506,3.06081136541027,0.730970054047504,100.02146859938,NaN,NaN,NaN,NaN,10.0462973266906,0.0435691613714857,14.228411002065,NaN,6.57656050590385,29.1730367107385,NaN,,1300.03408752884,29.9655832011373,169.994147872905,1.459885154,104.31199274081,4.68246182,3.2399355749316,0.539885802803603,100.019651203811,NaN,NaN,NaN,NaN,10.2816953651667,0.0326033560796002,11.7774754555932,NaN,7.59908004334639,24.2604145267472,NaN,,1299.33987798206,30.0049134415838,172.143694518571,1.504587164,105.015937459844,2.448491044,3.57526927088236,0.321972711822529,98.4218980384305,NaN,NaN,NaN,NaN,13.080067084,0.0207594512807611,12.7690898144537,122.019583482021,6.5706587711429,27.4109190503288,0.00263882089636047,,1299.86414616812,29.965817300763,170.082896871607,1.272896354,104.928711786371,4.246096186,3.1972270546738,0.639169101054255,97.9014684934006,NaN,NaN,NaN,NaN,16.879482456,0.0389999746365694,7.93898766064482,20.7297864149317,7.59000015258789,16.4601291642265,0.0308334842872699,,1302.36513099603,30.0100002288818,171.546896480193,1.691147448,105.043809996866,2.232986452,2.88466564271025,0.783528589314889,95.2337290476198,NaN,NaN,NaN,NaN,14.5712208847582,0.0511055763765176,21.9027078550835,139.483370656411,6.3778024935645,46.6746740805808,0.00561736062315237,,1299.35385099698,30,170.166014245005,1.820052852,105.038083342804,2.331136094,3.29066140804971,0.571311091771999,95.5947055611201,NaN,NaN,NaN,NaN,8.81233427295875,0.0366312244726594,24.8987372166777,110.966369328519,6.38577820165164,51.640068002374,0.00514860692131226,,1299.85092150302,29.9657037449923,170.427599064839
25.0833333333333,1.501568074,104.579891339994,2.482168506,2.98898019425672,0.723615859924089,99.9817956752605,NaN,NaN,NaN,NaN,10.3224824366667,0.0431203621825195,14.1873135722422,NaN,6.57540828405089,29.0918180011369,NaN,,1300.04664123529,29.9813945915231,169.988616510958,1.459885154,104.319490314557,4.68246182,3.2670797513687,0.531320508820118,100.001883801323,NaN,NaN,NaN,NaN,9.959966178,0.032079669586462,11.637923659856,NaN,7.59918145065216,23.9942371601499,NaN,,1298.90988006748,30,172.138166982882,1.504587164,104.991506425268,2.448491044,3.56574982269718,0.318883326955299,98.4436314527798,NaN,NaN,NaN,NaN,12.71789453,0.0205022977493904,12.7600519277111,118.096532584763,6.56946330617375,27.3935210613458,0.00270335109339478,,1299.08645834498,29.9769809674899,170.077775741504,1.272896354,104.999280742988,4.246096186,3.23258636665486,0.634725218976154,97.9914404165818,NaN,NaN,NaN,NaN,17.0276280311272,0.0387203811019347,8.02007088749407,20.7559301642914,7.59020100764185,16.6083125783886,0.0305817298069948,,1301.77167657354,30.0022723541205,171.541444958006,1.691147448,104.975927187591,2.232986452,2.855523191137,0.776226234479342,95.2937380391417,NaN,NaN,NaN,NaN,14.5688646444085,0.0506416547020009,21.7348658463975,139.366554185971,6.37506367964321,46.2734279045447,0.00556969936680661,,1300.19817249523,30,170.160955762281,1.820052852,104.974153679032,2.331136094,3.22759681392146,0.562580473585868,95.6195988393362,NaN,NaN,NaN,NaN,9.04773247379667,0.0360801408755255,24.9365397426769,110.530887472478,6.38362821479402,51.74376571402,0.00509013292258959,,1299.62862767063,29.9809148200549,170.422445264997
25.1666666666667,1.501568074,104.580194539841,2.482168506,2.98434889187427,0.721307067687547,100.053954270241,NaN,NaN,NaN,NaN,10.0804038888333,0.0430000014603138,14.2270176407578,NaN,6.57434985944232,29.1703526573218,NaN,,1300.61271826099,29.9892001888163,169.983086326564,1.459885154,104.272890348722,4.68246182,3.25836362944563,0.52975321638272,100.014573349101,NaN,NaN,NaN,NaN,10,0.0320000015199184,11.6929735090527,NaN,7.59995966390666,24.0991122279368,NaN,,1300.77888803755,30,172.132638890194,1.504587164,104.993808873857,2.448491044,3.5783133709672,0.315447159034476,98.4544978764455,NaN,NaN,NaN,NaN,12.9238309850291,0.0203215586451433,12.7214411203729,120.665174848309,6.5677737516181,27.3186838448209,0.00261444667971891,,1301.55866250981,29.985328631085,170.072649421232,1.272896354,104.994382776063,4.246096186,3.23596313848091,0.635459895061213,98.006144816512,NaN,NaN,NaN,NaN,17.2129743243728,0.0387582865037126,8.0319931453262,20.6637747283022,7.59004015399574,16.6301316167839,0.0307533110453383,,1299.93642110019,30,171.535991878375,1.691147448,104.975241883267,2.232986452,2.92658829443885,0.770549612529719,95.4271109186593,NaN,NaN,NaN,NaN,15.2409145451667,0.0502683045394425,21.7895773427276,139.336888521894,6.37339783521101,46.4039416609943,0.00553012577866573,,1299.63053463832,29.9931766796685,170.155898111263,1.820052852,104.996984464401,2.331136094,3.3030902402115,0.560099178776457,95.7287638327803,NaN,NaN,NaN,NaN,9.07262074420333,0.0359143673791242,24.7657236311425,110.150176419872,6.38167353413204,51.2781149067539,0.00508522378053367,,1300.62869639989,29.9932153481286,170.417292997169
25.25,1.501568074,104.550445505198,2.482168506,3.05384604018053,0.721446258171389,99.9523012482152,NaN,NaN,NaN,NaN,10.1013825748333,0.0430000014603138,14.1510764086215,NaN,6.57281782710213,29.020026621185,NaN,,1298.55587200264,29.9908006699989,169.977556400317,1.46225892149051,104.252125654313,4.68246182,3.22958091586225,0.529687865230575,100.026929571116,NaN,NaN,NaN,NaN,9.839124405,0.0320000015199184,11.6225891830903,NaN,7.59934282085598,23.9649076382708,NaN,,1299.68045804122,30.0007985843912,172.129418454135,1.504587164,104.988563508593,2.448491044,3.55291397245329,0.314691655925257,98.4983845151839,NaN,NaN,NaN,NaN,12.8756802493042,0.0202814333330958,12.6827625865395,121.223123519888,6.56651955667318,27.2437865718952,0.00259676974509342,,1300.50033416294,29.9985106112497,170.06753286679,1.272896354,104.974613988667,4.246096186,3.25138896537508,0.63083121757779,97.9757916889014,NaN,NaN,NaN,NaN,17.6027316425,0.0384756589518891,7.9562936199555,20.530489497915,7.59012059436273,16.4917476104566,0.0307267841157338,,1301.11403426199,30,171.530538309377,1.691147448,105.019377324057,2.232986452,2.87026146400137,0.765436473111582,95.4031616380596,NaN,NaN,NaN,NaN,15.6009675871667,0.0499244990183994,21.7565070201112,139.365463043399,6.37126335044581,46.3251084434458,0.00549229822993192,,1299.86717026022,29.9959792812352,170.150840598174,1.820052852,105.017270668478,2.331136094,3.27173967805479,0.548681265299243,95.8003150389163,NaN,NaN,NaN,NaN,9.11709976489587,0.0351654413424236,24.8677221529395,110.107559271154,6.38000357990067,51.555420677695,0.00498363396610048,,1299.96082544255,30,170.412137191697
25.3333333333333,1.501568074,104.591622635279,2.482168506,2.99408733005985,0.721313874966955,100.02902569843,NaN,NaN,NaN,NaN,10.9194707471667,0.0430000014603138,14.2844361067251,NaN,6.57200002670288,29.2841214810615,NaN,,1299.79473919583,29.9924130518925,169.972027455074,1.463293804,104.304021860756,4.68246182,3.26204378651961,0.529676438302748,100.046078974158,NaN,NaN,NaN,NaN,10.1096331534262,0.0320000015199184,11.7598437024717,NaN,7.59899950027466,24.2267795462657,NaN,,1299.67880102749,30.000406235416,172.124997939774,1.504587164,104.984075308681,2.448491044,3.54983554013522,0.313145760074606,98.4558687919154,NaN,NaN,NaN,NaN,12.7594175448333,0.0201207602865927,12.6581405348749,116.411110528979,6.56587028913892,27.1962110979702,0.00269122988873874,,1299.11487873168,29.9995997123684,170.062405741731,1.272896354,104.988138866772,4.246096186,3.22555443247794,0.625194870111629,97.9985612003165,NaN,NaN,NaN,NaN,16.7185303008333,0.0381202119092232,8.05448180879841,20.4160745822227,7.59000015258789,16.6712444409887,0.0306226951141253,,1300.95987259524,30,171.525084586491,1.691147448,105.012085646371,2.232986452,2.92182856109525,0.753469609817482,95.4608622999754,NaN,NaN,NaN,NaN,15.5960446278913,0.0491229157107067,21.7525024413078,138.953977591404,6.36676606113091,46.3155832489706,0.00542242454540282,,1299.48203572714,30,170.145780948502,1.820052852,104.993660584194,2.331136094,3.24487898698414,0.545698340328596,95.8712516747907,NaN,NaN,NaN,NaN,9.1639484667708,0.0349599480848828,24.8093020618273,109.400074976401,6.37832545778318,51.3964611432941,0.00498882584114459,,1300.42967955171,29.9987968410808,170.406981423137
25.4166666666667,1.501568074,104.640368679338,2.482168506,3.04101180865796,0.717563417287091,100.033172561787,NaN,NaN,NaN,NaN,10.2245926766667,0.0427589559771555,14.1287946538393,NaN,6.57143879615373,28.9757489313611,NaN,,1300.25639892053,29.9912047791197,169.966497158397,1.463293804,104.2882405272,4.68246182,3.25300778693582,0.525079790106649,99.9871779083599,NaN,NaN,NaN,NaN,9.89052702890717,0.0317189561735316,11.6759100128194,NaN,7.59899950027466,24.0666142260194,NaN,,1297.7005840965,30,172.119472934033,1.504587164,105.007104123094,2.448491044,3.57234521891482,0.312445992291721,98.5274799631993,NaN,NaN,NaN,NaN,12.9993746375,0.0201202874791819,12.768463988465,120.294468398633,6.5649181253127,27.4097048833392,0.00259736808271859,,1300.79259269061,30,170.057281023364,1.272896354,104.999799450964,4.246096186,3.21123335753336,0.627123653696603,97.9819110110202,NaN,NaN,NaN,NaN,16.6386119538333,0.0382412094984313,8.02181186997388,20.2456160352298,7.59000015258789,16.6115027289623,0.0309791737585806,,1299.01135601745,30,171.519630192645,1.691147448,105.012209886392,2.232986452,2.88737588530332,0.754115369434107,95.5699728332034,NaN,NaN,NaN,NaN,17.7082564266914,0.0491582437800835,21.6902580395776,138.720558276505,6.36800003051758,46.1673920588473,0.00543623185591776,,1299.71615711526,30,170.140720442614,1.820052852,104.968217109791,2.331136094,3.27529625576739,0.537301545395956,95.903931462794,NaN,NaN,NaN,NaN,10.2731666473643,0.0344510929319597,24.7887374432786,109.972672894169,6.37720925217229,51.3404135374725,0.00488614632574898,,1298.48952045596,30,170.401825739389
25.5,1.501568074,104.558041157922,2.482168506,3.05699655887764,0.721442653164048,99.9919193385077,NaN,NaN,NaN,NaN,10,0.0430000014603138,14.0689841279603,NaN,6.57102701846106,28.8573846913867,NaN,,1300.24679090453,29.9904031659943,169.960966569164,1.463293804,104.341158343875,4.68246182,3.21783315570494,0.521873895201094,100.011062653899,NaN,NaN,NaN,NaN,10.0801780208333,0.0315171230395058,11.6413544073579,NaN,7.59899950027466,24.0006758499854,NaN,,1302.29565408414,30,172.113947805925,1.504587164,105.029505212558,2.448491044,3.52286957172477,0.312681905978755,98.5344051154898,NaN,NaN,NaN,NaN,12.962598340477,0.0200803121112961,12.6667406764272,116.603089280343,6.56368466789758,27.2129028425422,0.00268551813601994,,1298.99270847006,30,170.052156284269,1.272896354,105.0019027833,4.246096186,3.23442185741588,0.623482218701808,97.9533440384342,NaN,NaN,NaN,NaN,16.6496374911667,0.0379999987781048,8.04703755690189,20.156730068185,7.59000015258789,16.657663490454,0.0309319625185561,,1301.46258968645,29.9928806421729,171.514174697167,1.691147448,105.008203486536,2.232986452,2.87183138792616,0.742709609083857,95.4666123076324,NaN,NaN,NaN,NaN,15.7571208782507,0.0484134081137956,21.7675643392005,138.447539553481,6.36509758259133,46.3513902712376,0.00536452276471046,,1299.31976260604,30,170.135659500605,1.820052852,104.997914318527,2.331136094,3.29700795772182,0.531142404898455,96.0189590230691,NaN,NaN,NaN,NaN,10.860954936438,0.0340402321920994,24.694864329381,109.921823068659,6.37617372199776,51.0861919421376,0.00483264576089241,,1301.31398214381,29.9999991803699,170.396671035879
25.5833333333333,1.501568074,104.596203691584,2.482168506,3.01486064452501,0.717217529561199,100.001349851553,NaN,NaN,NaN,NaN,10.163237207,0.0427519950128378,14.0467832546758,NaN,6.5701534698083,28.813542519828,NaN,,1298.86264671956,29.9900658124768,169.955438620784,1.463293804,104.335249115684,4.68246182,3.23347710389039,0.513303184930002,100.003952722447,NaN,NaN,NaN,NaN,10.0400560745,0.0309999994933605,11.6952013900847,NaN,7.59891935601437,24.1033707746828,NaN,,1301.91893675481,29.9944273959062,172.108421817019,1.504587164,104.994510909218,2.448491044,3.53164025266193,0.31094682099542,98.5331588476631,NaN,NaN,NaN,NaN,13.3283265587848,0.0199999995529652,12.6787754396386,118.541435219668,6.56363257998548,27.2360699504669,0.00262342167563516,,1300.85689113827,30,170.047022259781,1.272896354,105.016666260588,4.246096186,3.23393876528067,0.620796153144569,98.0525594041942,NaN,NaN,NaN,NaN,16.787751914,0.0378392940434329,7.96159225693792,19.9821812156925,7.59000015258789,16.5014281706704,0.0310704890547041,,1300.51499960916,29.9899997711182,171.508718543955,1.691147448,104.981708806528,2.232986452,2.9602642757524,0.737127854850799,95.5395727701917,NaN,NaN,NaN,NaN,15.000309405,0.0480400045345292,21.770130332999,138.146655870013,6.36505536677532,46.3576510788731,0.00533584398935384,,1300.30651035711,30.0004011333927,170.130597790669,1.820052852,105.022317258354,2.331136094,3.28221316240259,0.528874617402476,96.0305625333564,NaN,NaN,NaN,NaN,9.5803807933643,0.0338794322657366,24.6883826595095,109.380730353554,6.37505750383831,51.0684497152646,0.00483569241721562,,1298.866551919,29.9913805201477,170.391514617432
25.6666666666667,1.501568074,104.656815300579,2.482168506,3.00675008802751,0.719894433089672,99.9970979156185,NaN,NaN,NaN,NaN,10.6799575065,0.0428861159533963,14.1400898507084,NaN,6.56972034311894,28.9980405436665,NaN,,1300.36534508889,29.999963218406,169.949908207646,1.463293804,104.339206949784,4.68246182,3.23540835424632,0.513332073840331,100.018483023616,NaN,NaN,NaN,NaN,9.91919508616667,0.0309999994933605,11.6279427897316,NaN,7.59895938695392,23.9751489611596,NaN,,1301.77101006129,29.9983553249856,172.102895429466,1.504587164,104.971904220165,2.448491044,3.54758009757505,0.312104005597594,98.5241758613203,NaN,NaN,NaN,NaN,13.1109127350715,0.020080181301608,12.7286377197821,118.743998542257,6.5647887606247,27.3325630155363,0.00263089430693692,,1301.00093490788,29.9975900452668,170.041899778924,1.272896354,105.010811699134,4.246096186,3.17886148664241,0.618003666222075,98.0548749424998,NaN,NaN,NaN,NaN,16.5579874364921,0.037658351861647,7.98137698033255,19.9316240938076,7.59086385009037,16.5375946259815,0.0310078208289569,,1299.89112187733,29.9899997711182,171.50326138834,1.691147448,105.012606744482,2.232986452,2.90867493411094,0.73445847434244,95.5934724723809,NaN,NaN,NaN,NaN,14.7581775226667,0.0478393948845204,21.6690402330544,137.654379381339,6.36547481408142,46.1170829216328,0.00533551495069799,,1299.2710892509,30,170.125533918316,1.820052852,105.035580095696,2.331136094,3.28999419005705,0.524921333606374,96.0707068537029,NaN,NaN,NaN,NaN,9.63892770461653,0.0336250653694151,24.6360886533652,109.631817683358,6.37466499252496,50.9273136304294,0.00478869913300996,,1301.05918514986,29.9997783005147,170.386356145572
25.75,1.501568074,104.585223560284,2.482168506,3.06428507986752,0.718275957145391,100.021330221676,NaN,NaN,NaN,NaN,10.4764050123333,0.0427988453484935,14.0506053829462,NaN,6.56900024414063,28.8210382571271,NaN,,1298.34801571175,30,169.944376464074,1.463293804,104.34374164265,4.68246182,3.21699093595205,0.513415830011196,99.9972814840609,NaN,NaN,NaN,NaN,10,0.0309999994933605,11.7119853507042,NaN,7.59899950027466,24.1354509798298,NaN,,1298.91680273498,30,172.097369135967,1.504587164,104.950687463301,2.448491044,3.5038947125977,0.311441870235786,98.5836758855235,NaN,NaN,NaN,NaN,13.0398630065,0.0199999995529652,12.669045409011,115.647541929424,6.56586454119865,27.2172898607781,0.00269399539942138,,1299.14651147465,29.9995971891806,170.036766294243,1.272896354,105.010004957375,4.246096186,3.20717683879873,0.61316049881554,98.0842197199443,NaN,NaN,NaN,NaN,16.7189728461746,0.0373616452859905,8.04824666472998,19.8093680421751,7.59100008010864,16.6598508022003,0.0309530578492877,,1300.90602108719,29.9961812616147,171.497803355802,1.691147448,104.975260153303,2.232986452,2.87876725930224,0.722442883111691,95.71246977087,NaN,NaN,NaN,NaN,14.7184263548333,0.0470641229454598,21.5890831252202,137.514255908124,6.36633473874509,45.9269300493125,0.00525357871788027,,1299.97731682633,30.0004042719378,170.12046946452,1.820052852,104.981270573944,2.331136094,3.27225560364437,0.515024200729204,96.1735418660045,NaN,NaN,NaN,NaN,9.79807766521681,0.0330017814515761,24.6445066157329,109.706506305171,6.37399959564209,50.9500389794231,0.00469508885087986,,1301.0378795811,29.9972066837784,170.381199174689
25.8333333333333,1.501568074,104.569910640362,2.482168506,3.08120597688086,0.715431116212556,100.009695631807,NaN,NaN,NaN,NaN,10.9196560533333,0.0426500746460027,13.9593097702742,NaN,6.56880973579587,28.6408660398243,NaN,,1300.82592532519,30,169.938848129953,1.463293804,104.336937616177,4.68246182,3.27819630772516,0.508009664850091,100.007406188704,NaN,NaN,NaN,NaN,10,0.0306779801324069,11.6205969277317,NaN,7.59899950027466,23.9611140825646,NaN,,1300.19851449143,30,172.091842964565,1.504587164,104.983886263135,2.448491044,3.46927489147308,0.310765383780077,98.5234109404781,NaN,NaN,NaN,NaN,13.2571375540061,0.0199999995529652,12.6913199337443,119.176812426439,6.5659196895542,27.2603510848552,0.00260771850799785,,1300.54115861525,30,170.031638244973,1.272896354,104.992814002726,4.246096186,3.22114363229498,0.607884731079426,98.122162572913,NaN,NaN,NaN,NaN,17,0.0370402269023365,8.05166916097548,19.6375821841885,7.59100008010864,16.6661127791359,0.0309561108916444,,1299.9853329912,30,171.492345918397,1.691147448,105.021274647593,2.232986452,2.92395908859195,0.714287177915151,95.7774285807171,NaN,NaN,NaN,NaN,15.0381737862228,0.0465178685615189,21.636873943456,137.378746880251,6.36252811585827,46.040368170496,0.00519939633643167,,1299.8896498406,29.9995900174098,170.115405577499,1.820052852,104.968168576053,2.331136094,3.26988110458817,0.512340559859453,96.1974780213564,NaN,NaN,NaN,NaN,9.83961957183333,0.0328332859172972,24.6634036831074,109.557391010573,6.37319131767605,51.0014898023272,0.00467711035533302,,1299.9688956791,29.9991807699355,170.376043704828
25.9166666666667,1.501568074,104.609773776053,2.482168506,3.00260298779363,0.712816827720056,99.9689850773071,NaN,NaN,NaN,NaN,10.090817013,0.042480779153535,13.9488172581496,NaN,6.56721138579624,28.6201230620198,NaN,,1301.15441320137,30,169.93331999625,1.463293804,104.380392737248,4.68246182,3.18635081533883,0.506194932307276,99.9996832267889,NaN,NaN,NaN,NaN,9.96000959233333,0.0305580225574187,11.605870153962,NaN,7.59899950027466,23.9330911886931,NaN,,1300.02050332904,30,172.086316347788,1.504587164,105.001628893375,2.448491044,3.51615634781271,0.311508172362442,98.536625727449,NaN,NaN,NaN,NaN,13.0638736319938,0.0199999995529652,12.601498818633,116.040036423798,6.56621302929443,27.0866807455229,0.00268806657035822,,1301.272093296,30.0004011209707,170.026512397444,1.272896354,104.987904569671,4.246096186,3.20547685372874,0.607205956695101,98.078073462825,NaN,NaN,NaN,NaN,16.9667325896667,0.0370000004768372,8.01914166237051,19.464444417866,7.59096233714243,16.6066250559199,0.0311960840266529,,1297.82291708368,30.0020743168162,171.486888755181,1.691147448,104.970024389516,2.232986452,2.85651092019243,0.708672623631174,95.6638059885453,NaN,NaN,NaN,NaN,15.5679986599439,0.0461536447027388,21.6440799219735,137.11879199387,6.36166419238672,46.057441175954,0.00516831677093633,,1299.15804406809,30,170.110340197908,1.820052852,105.01667873367,2.331136094,3.24899030398341,0.50339508969996,96.3118098388175,NaN,NaN,NaN,NaN,9.67847660633333,0.032240835658305,24.6696122770117,109.277329172289,6.37223645519578,51.0177529697889,0.00460766657017273,,1300.13863668753,30,170.370887797893
26,1.501568074,104.582729594173,2.482168506,3.01209130456784,0.71719507154065,100.036042286941,NaN,NaN,NaN,NaN,10.0802485693333,0.0427439878403676,14.0303815411327,NaN,6.56699991226196,28.7810873745368,NaN,,1301.32427602248,30,169.927790794584,1.463293804,104.323234875169,4.68246182,3.25076272321302,0.50111115348001,100.012257410719,NaN,NaN,NaN,NaN,9.879344945,0.0302628429471978,11.6853749600363,NaN,7.59929529278035,24.0846240903096,NaN,,1300.03341424168,30,172.080789055293,1.504587164,105.016550976134,2.448491044,3.529888782337,0.310122679801812,98.5761755986677,NaN,NaN,NaN,NaN,13.1590267460853,0.0199196787962996,12.6169399017915,116.806881007854,6.56663761273208,27.1164906736325,0.00265549164154517,,1300.72972633708,30.0085077182584,170.021374685098,1.272896354,104.973161148783,4.246096186,3.22049647243038,0.605290102332873,98.0975905077706,NaN,NaN,NaN,NaN,17.1902325768333,0.0368797177514111,8.00551171009465,19.3414554422807,7.59027185374826,16.5817054624058,0.0312951359463991,,1300.76372764438,30.0087995116285,171.481431320925,1.691147448,105.01752019809,2.232986452,2.89276311377338,0.70349602688511,95.7588901306123,NaN,NaN,NaN,NaN,15.7588194388333,0.0457997863496838,21.8362969931184,136.940004248514,6.35988466775343,46.5158086158425,0.0051372507273007,,1300.57989654508,30.0012069296821,170.105275233798,1.820052852,104.965845489709,2.331136094,3.27651264132532,0.499414204437731,96.3175027527694,NaN,NaN,NaN,NaN,9.51860961183333,0.0320000015199184,24.5532036460198,109.399905674521,6.37223756884372,50.7044495786546,0.00456600218146172,,1299.42156310324,30,170.365731477209
26.0833333333333,1.501568074,104.586173225974,2.482168506,2.85688373620938,0.713773185685877,99.9217255254414,NaN,NaN,NaN,NaN,10.4594367958333,0.0422597257224409,13.9496439057798,NaN,6.56654059569346,28.6216638641586,NaN,"Sample 1.50 mL to AMBR-96DWP-3/H5",1301.21928579369,29.9975918956308,169.105214926578,1.46618586363158,104.387729207969,4.68246182,3.09450420021424,0.499363628108918,99.9790976859126,NaN,NaN,NaN,NaN,10.040376381,0.030102280435968,11.5489946569714,NaN,7.60021126333101,23.8248803660342,NaN,"Sample 1.50 mL to AMBR-96DWP-3/H6",1299.14837662577,29.977957905535,171.27666447752,1.504587164,105.012680221654,2.448491044,3.2644020105709,0.311239372137291,98.541254651729,NaN,NaN,NaN,NaN,13.2001325117374,0.0195545293681136,12.5792717188781,119.277764697736,6.56663825735084,27.0437272346243,0.00260393962070642,"Sample 1.50 mL to AMBR-96DWP-3/H7",1300.5847833119,30.0018907782988,169.234653910945,1.272896354,104.984285820123,4.246096186,3.04954978602927,0.607757949440858,98.099222929695,NaN,NaN,NaN,NaN,16.7621154238333,0.0364389476381351,7.99439350991011,19.2964821353229,7.59004476768784,16.5613852573622,0.0315184961642589,"Sample 1.50 mL to AMBR-96DWP-3/H8",1299.14039098134,30.005592942006,170.735414492081,1.691147448,104.919738424302,2.232986452,2.81062825864757,0.706969925908606,95.7766618191246,NaN,NaN,NaN,NaN,15.9684277896667,0.0448815094198575,21.7096448487636,137.116286167766,6.36075936279822,46.2134772172097,0.00513269115823589,"Sample 1.50 mL to AMBR-96DWP-3/H9",1299.05768554756,30,169.380274965845,1.820052852,104.981812215495,2.331136094,3.10559634515594,0.500813308722647,96.361808843098,NaN,NaN,NaN,NaN,11.4710872605,0.0313015477289762,24.6542443662818,109.553324716424,6.37283891486379,50.9764509498243,0.00454984893397429,"Sample 1.50 mL to AMBR-96DWP-3/H10",1300.52694415655,30.0000013751948,169.708584926688
26.1666666666667,1.501568074,104.585261538428,2.482168506,3.0819192318527,0.71294643057841,100.105214884017,NaN,NaN,NaN,NaN,10.3847928411667,0.0421203219857627,13.9329672509755,NaN,6.56685722026745,28.5887670704464,NaN,,1301.04075266288,30,168.122733471203,1.49160857184789,104.388322768143,4.68246182,3.32751847449634,0.535688269136017,100.120076491974,NaN,NaN,NaN,NaN,9.9999092195,0.0340260175079678,11.07649115457,NaN,7.59978837040677,22.9279193771832,NaN,,1303.15989180838,29.8426328559243,170.303682263012,1.504587164,104.998139517065,2.448491044,3.53643224302142,0.311506066130445,98.6194737435054,NaN,NaN,NaN,NaN,13.0035301960107,0.0195616285237773,12.6627710050015,118.288997297973,6.5667990353001,27.2051165464311,0.00261487535441982,,1300.15584865481,29.9936118293564,168.217109954225,1.272896354,105.030316607047,4.246096186,3.21407618404328,0.613244131397865,98.3608066116713,NaN,NaN,NaN,NaN,16.8467958533709,0.0368457019490138,7.92872408308267,19.3660553299462,7.59075344123195,16.4413690329823,0.0317549534478599,,1300.47687100416,30.0051696210555,169.67651525677,1.691147448,105.032756638895,2.232986452,2.88452017274006,0.704405025157274,95.946997699861,NaN,NaN,NaN,NaN,15.3400332938333,0.044153356646539,21.6586038117308,137.855024417054,6.36041420686667,46.0919211327923,0.0050184603620493,,1299.86702906742,30,168.301143423503,1.820052852,104.994734954659,2.331136094,3.28797303157389,0.496333967589749,96.4367268826575,NaN,NaN,NaN,NaN,11.8102079308333,0.0301923926046703,24.5739200188611,110.42433803709,6.37299966812134,50.7600252492633,0.00438774941781833,,1300.30289364461,30.0008008388593,168.561419225138
26.25,1.501568074,104.60460815818,2.482168506,3.05891814070062,0.712270689248915,99.9994298536653,NaN,NaN,NaN,NaN,10,0.0419999994337559,13.8892640732857,NaN,6.56670869278184,28.5026722798606,NaN,,1300.52884991585,30,168.117204771885,1.49974016412529,104.408784472255,4.68246182,3.28348153155373,0.582920552024697,100.023178751608,NaN,NaN,NaN,NaN,9.91969814333333,0.0348394691803779,11.0738665412219,NaN,7.59866853624925,22.9228999731015,NaN,,1301.00960744078,29.8598951339906,170.30658837586,1.504587164,105.013722783167,2.448491044,3.50712290273377,0.299412153653722,98.6098416073458,NaN,NaN,NaN,NaN,13.3544402820864,0.0190400603696189,12.6752551695312,119.051953191372,6.56691981143436,27.2292673760922,0.0025151585110039,,1299.0864154187,30,168.211974031927,1.272896354,104.992436107445,4.246096186,3.21607393965697,0.613856281636187,98.4595315758065,NaN,NaN,NaN,NaN,16.8714778081291,0.0369923937290508,7.98211333872804,19.1859529650845,7.59063862660859,16.538948269644,0.0319952279085532,,1300.74100690678,30.0028538665516,169.671055076094,1.691147448,104.963998240477,2.232986452,2.85044071142678,0.686641915755876,96.0378830864415,NaN,NaN,NaN,NaN,16.7172247728409,0.0442104513702647,21.681356749981,137.635172041139,6.35858663315673,46.1460852578056,0.00498884799179425,,1300.29831808166,30,168.296074250457,1.820052852,104.939771671289,2.331136094,3.24845791398765,0.480777629211093,96.5251361293547,NaN,NaN,NaN,NaN,10.692866681,0.0304655511876323,24.6494435200616,109.641224619961,6.3727326896983,50.9633399157531,0.00438564502718403,,1299.78182032888,30,168.556261811893
26.3333333333333,1.501568074,104.605004913601,2.482168506,3.0717848840459,0.712413634342245,99.9677039839987,NaN,NaN,NaN,NaN,10.8121257874428,0.0419999994337559,13.892044895481,NaN,6.56624145324115,28.5081836042222,NaN,,1300.16404602606,30.001267611871,168.111675921886,1.50053574,104.423052282321,4.68246182,3.3156133201713,0.579153792007702,100.013536330685,NaN,NaN,NaN,NaN,9.96497197556529,0.0346040061172659,11.0781561982263,NaN,7.59860162671316,22.9310283690267,NaN,,1299.20828974389,29.9096516977904,170.301925588977,1.504587164,105.023265758508,2.448491044,3.521330751991,0.303780974031922,98.6638153092191,NaN,NaN,NaN,NaN,13.2364588348189,0.0192808793530922,12.5767801259345,116.425039216513,6.56671884991346,27.0389252263614,0.00261418527813235,,1299.69684220368,30,168.206843820431,1.27323756424189,105.000198584968,4.246096186,3.28405714752102,0.621863523508552,98.2628171245258,NaN,NaN,NaN,NaN,16.9598988056667,0.0374701998651925,7.9196588981038,19.048075809665,7.59433498109688,16.4249756001409,0.0326483232850407,,1302.17642238005,29.9506428658005,169.665870839904,1.691147448,105.003804627755,2.232986452,2.85716582481538,0.680853171676662,96.0345949671694,NaN,NaN,NaN,NaN,17.5717951672533,0.0438390143571473,21.7103128568598,137.379390722911,6.35825515822419,46.2151700397555,0.00495599411204236,,1300.67810603081,30,168.291006657765,1.820052852,105.049563164095,2.331136094,3.32261850744283,0.473773709330946,96.5489633631932,NaN,NaN,NaN,NaN,9.77717553816667,0.0300144941041228,24.6937399512817,110.280451906049,6.37125483980968,51.0834892221379,0.00429631611568401,,1301.67407836213,30,168.551104141736
26.4166666666667,1.501568074,104.604390781443,2.482168506,3.07710978657232,0.714166129119851,100.045082480829,NaN,NaN,NaN,NaN,10.8409444392894,0.0421205960604848,13.8359658475651,NaN,6.56620067912381,28.3976000848932,NaN,,1299.38351910564,30.0100002288818,168.106148189373,1.50053574,104.441012047468,4.68246182,3.3406053314911,0.567011918138515,99.9796229034193,NaN,NaN,NaN,NaN,10.0723049968383,0.0338792956095031,10.9917643486615,NaN,7.59784662350778,22.767619435279,NaN,,1301.4828987505,29.9419627407713,170.296399357058,1.504587164,104.995469547866,2.448491044,3.55801553672819,0.300504391689654,98.6689113620279,NaN,NaN,NaN,NaN,13.3730983172614,0.0190804558002402,12.6555095536885,116.75569314203,6.56671869321248,27.1910869316876,0.002574291417511,,1299.9715606265,30.0038952913282,168.201701357131,1.28517304417867,105.013095357942,4.246096186,3.30325758787949,0.640508698639936,98.2846128513441,NaN,NaN,NaN,NaN,16.8158008894826,0.0385861665545053,7.69719635780239,18.9020590663264,7.59946686152561,16.018870365883,0.0338865685737582,,1300.41811066997,29.8436975792268,169.672142176658,1.691147448,104.991645362029,2.232986452,2.88032720380772,0.671603251879751,96.0705113956244,NaN,NaN,NaN,NaN,16.9516952111107,0.0432166587393428,21.6450341333985,137.226409916161,6.35744620350683,46.0598967448991,0.00489412531094031,,1301.37967949267,30,168.285936685201,1.820052852,104.982643013622,2.331136094,3.30001303104202,0.464187843264258,96.5777318592394,NaN,NaN,NaN,NaN,9.86057485204142,0.0294207914915655,24.5370179484635,110.995922503614,6.37058070325963,50.6612935101376,0.00418220857544149,,1300.1289649389,29.9947803519595,168.545945277809
26.5,1.501568074,104.692032552833,2.482168506,3.09264130564886,0.712664819308699,100.026836006186,NaN,NaN,NaN,NaN,10.4800906638871,0.0419999994337559,13.9461002027361,NaN,6.56599998474121,28.614676941559,NaN,,1298.5629651612,30.0076115951616,168.100619381854,1.50053574,104.407541241111,4.68246182,3.24020373826179,0.552385042999641,99.9523589553715,NaN,NaN,NaN,NaN,9.68142336309639,0.0329999998211861,10.9349533168065,NaN,7.59692570662246,22.6602836681559,NaN,,1300.14515194512,29.9626723725147,170.290872281278,1.504587164,105.007382250888,2.448491044,3.53941076732542,0.299016133139806,98.6377616726882,NaN,NaN,NaN,NaN,13.0807757061318,0.0190402778366546,12.5716794330745,121.337964688261,6.5668238745773,27.0290678620036,0.00246456972637465,,1299.3724472199,30.0017287438711,168.19657243819,1.29124901767748,104.966796271461,4.246096186,3.39851726744515,0.647130396024643,98.3440240307644,NaN,NaN,NaN,NaN,16.6218790513507,0.0389999965350744,7.66322275848684,18.9169729609932,7.59889969629345,15.9569455676598,0.0342100114538126,,1301.41291922769,29.8742833442229,169.672960081338,1.691147448,105.034857225333,2.232986452,2.85774493016106,0.66951211484861,96.0946431449736,NaN,NaN,NaN,NaN,14.9195041832971,0.0430807054808857,21.6871734452956,137.067440026624,6.35692393719134,46.1598602347079,0.00488454723074795,,1299.7288528222,30,168.280865289246,1.820052852,105.014482400065,2.331136094,3.33939500121595,0.460010421612466,96.6526495742456,NaN,NaN,NaN,NaN,9.95954352512525,0.0291605169300126,24.414897548685,111.013016184067,6.36999988555908,50.3345550302412,0.00414403684048382,,1300.14453380503,30,168.540789642625
26.5833333333333,1.501568074,104.633723961689,2.482168506,3.05080642660886,0.712655766198827,99.9483953091402,NaN,NaN,NaN,NaN,10.2280592677749,0.0419999994337559,13.9788316356518,NaN,6.56572520811242,28.6794019200626,NaN,,1299.94376611417,30.0059651468316,168.095088227576,1.50053574,104.420230340144,4.68246182,3.30896083696119,0.550256627650503,100.050294285794,NaN,NaN,NaN,NaN,9.7989591405,0.0328786903271824,10.8738515375825,NaN,7.59553111385359,22.5448883750864,NaN,,1300.34817851591,29.9779030785815,170.285346014465,1.504587164,105.012688261837,2.448491044,3.55841127808575,0.302485657428096,98.6635606869159,NaN,NaN,NaN,NaN,13.4622068888101,0.0192003649583949,12.6267955670284,116.394536502846,6.56769818794847,27.1355839339001,0.00260116426198007,,1300.31261626227,30.0003989098334,168.191443978046,1.292919738,105.046783188088,4.246096186,3.301705919508,0.646790535382729,98.3280675164807,NaN,NaN,NaN,NaN,16.4624783055,0.0389599879970667,7.65779408105916,18.8968249776974,7.59869862601527,15.9470564333186,0.0342275936318312,,1300.04454894365,29.9178942099822,169.669236911689,1.691147448,105.028640489264,2.232986452,2.83607405749193,0.666509760814466,96.1968960067216,NaN,NaN,NaN,NaN,15.0793461235758,0.0428794806047385,21.5682589436758,137.037738669481,6.35821624230579,45.8775784534428,0.00486370211556741,,1301.62352381209,30.0012054223526,168.275793192538,1.820052852,105.000888363166,2.331136094,3.26678816394463,0.45857052861387,96.6652912565965,NaN,NaN,NaN,NaN,9.87027766716666,0.0290400798533589,24.5190516669242,109.623421007385,6.36999988555908,50.6129397141222,0.00418391207701274,,1301.77509407093,30,168.535631998234
26.6666666666667,1.501568074,104.626471659744,2.482168506,2.9482056136688,0.712617370684707,100.012849914115,NaN,NaN,NaN,NaN,10.0777600103167,0.0419999994337559,13.9913510971049,NaN,6.56500005722046,28.7040044694047,NaN,,1301.09704153724,30.0012669787982,168.089558173172,1.50053574,104.408121577153,4.68246182,3.38885963788783,0.540486597210884,100.022415678633,NaN,NaN,NaN,NaN,9.91977563966667,0.0322945914650485,10.8576118939175,NaN,7.5942538047422,22.5142419604402,NaN,,1299.56183113352,29.9894649443423,170.279819143591,1.504587164,104.9960260159,2.448491044,3.56349461292615,0.298769108701567,98.6834455913493,NaN,NaN,NaN,NaN,13.3407000812594,0.0189999993890524,12.5170205299028,119.734855076713,6.5672571156472,26.9235297354987,0.00249533854744093,,1299.85394060784,30.0077969855114,168.186309303038,1.292919738,105.04034266406,4.246096186,3.33909028871056,0.638941564249661,98.3211666265912,NaN,NaN,NaN,NaN,16.7746492051667,0.0384773997069246,7.62753418380564,18.8593900383139,7.59965408636053,15.8919301816185,0.0338813050773851,,1299.61258943199,29.9514713007973,169.66377408129,1.691147448,104.973755467023,2.232986452,2.84866573523344,0.654437193633575,96.2322816882277,NaN,NaN,NaN,NaN,15.9798547725888,0.0421084797739305,21.6773720433588,137.074167227634,6.35793732216749,46.1371066418663,0.00477433054932126,,1299.69659590575,30.0008026274569,168.270721779952,1.820052852,104.955887610759,2.331136094,3.25884763366924,0.453318525224687,96.7577132371721,NaN,NaN,NaN,NaN,9.9686399365,0.0287134317166705,24.4371412480772,109.44367311035,6.36999988555908,50.3939509568066,0.00414249679610638,,1300.5385613504,30,168.530470955322
26.75,1.501568074,104.593156751451,2.482168506,3.04390521172083,0.711686078701161,100.032146190597,NaN,NaN,NaN,NaN,10.774447636789,0.0419598220978399,13.7983543742319,NaN,6.56469317732816,28.3235516245087,NaN,,1301.28061094302,30,168.084028915477,1.50053574,104.427967251699,4.68246182,3.34833546498431,0.530211209670726,99.9979756080471,NaN,NaN,NaN,NaN,9.87940886666667,0.0316788143913132,10.9420949470974,NaN,7.59325788290945,22.6737654860126,NaN,,1301.58117322475,29.9899997711182,170.274293541777,1.504587164,105.036454102196,2.448491044,3.45255223190536,0.29936011072448,98.7213530903191,NaN,NaN,NaN,NaN,12.7991877657986,0.0189999993890524,12.5265884796476,116.526526372716,6.56775892688766,26.9420149846133,0.00257384654070719,,1300.92876427653,30.0010417073022,168.18118055598,1.29592052002406,105.035453961222,4.246096186,3.26023421191931,0.634698541366871,98.3602897253269,NaN,NaN,NaN,NaN,16.7985727798333,0.0382296213522806,7.58216237395876,18.8811916879042,7.5982575206484,15.8093033022838,0.0336160828115164,,1301.25665632977,29.9726029668994,169.661245203341,1.691147448,105.00193708047,2.232986452,2.90704311298544,0.647636778528882,96.2324814794979,NaN,NaN,NaN,NaN,16.9170753078275,0.0416784842332584,21.7099440074995,136.95286690269,6.35959333537344,46.2140891001762,0.00472890466977447,,1300.36731148942,30.0004061379555,168.265651700079,1.820052852,104.948270493553,2.331136094,3.29420994107342,0.442934194632233,96.7742705053029,NaN,NaN,NaN,NaN,10.363105861,0.0280759434685459,24.5473643917802,110.254935433115,6.37000439105049,50.6888251323592,0.00401785254608554,,1301.61721921183,30,168.525314363939
26.8333333333333,1.501568074,104.650042506986,2.482168506,3.00274825314284,0.711082780427848,100.023792589442,NaN,NaN,NaN,NaN,10.1999863238333,0.0419190663275731,13.8603484887463,NaN,6.56369648010109,28.4456144520267,NaN,,1301.71297946863,30,168.078500983552,1.50053574,104.429431103623,4.68246182,3.32566485215581,0.520509362757831,100.000101961262,NaN,NaN,NaN,NaN,10.0250049325102,0.0311010716053552,10.8514229569183,NaN,7.59130739886574,22.5025749390673,NaN,,1300.74167515127,29.998987953485,170.268767098515,1.504587164,104.989723946195,2.448491044,3.55418017413503,0.299170693232126,98.7540968995156,NaN,NaN,NaN,NaN,13.562379221,0.0189999993890524,12.5391908981955,117.366923983667,6.56698912224281,26.9664270084682,0.00254964961636907,,1299.69679146718,30,168.176038540088,1.296289432,105.034676357549,4.246096186,3.31710418312352,0.632410456498258,98.4012134787987,NaN,NaN,NaN,NaN,16.9193752588333,0.038080569816053,7.56410981316897,18.7533898018874,7.59800004959106,15.7764213987955,0.033722660341126,,1299.090305529,29.9876624521774,169.65621898865,1.691147448,105.006467579331,2.232986452,2.82862439626332,0.644733027065731,96.2952704000431,NaN,NaN,NaN,NaN,16.3199278043391,0.0414784716713602,21.5917676303009,136.946147252879,6.3560041996368,45.9333447064465,0.00470793561769503,,1299.88346253025,30,168.260581027293,1.820052852,104.978635856351,2.331136094,3.25204240573382,0.442379160224463,96.8065194800562,NaN,NaN,NaN,NaN,10.9627312486667,0.028044879368579,24.4308086969115,110.703105612175,6.3695132354896,50.3769266774723,0.00399651729850319,,1300.17311524876,30,168.520159294474
26.9166666666667,1.501568074,104.645983188005,2.482168506,3.0512438628975,0.709463595453265,99.9650184940697,NaN,NaN,NaN,NaN,10.0803299931667,0.0418216459561586,13.9578437651093,NaN,6.56328129845017,28.6378603836314,NaN,,1299.27087263001,29.9983919350402,168.072971845012,1.50053574,104.398481092168,4.68246182,3.32870365499297,0.51879896219884,100.002817684595,NaN,NaN,NaN,NaN,9.8959088294697,0.0309999994933605,10.8526192724314,NaN,7.58958734661187,22.5048386497568,NaN,,1300.61823538003,30,170.263241468755,1.504587164,105.004854086856,2.448491044,3.52884731458845,0.297400751962227,98.7378973393402,NaN,NaN,NaN,NaN,13.4393867730944,0.0189196566817165,12.5455508907061,120.005071090319,6.56712569434521,26.9786262087145,0.00247831022458669,,1300.1465351718,30.000401803483,168.170909833113,1.296289432,105.010649307905,4.246096186,3.26556220504265,0.622431752018658,98.3796091673834,NaN,NaN,NaN,NaN,16.6784901188333,0.0374786350959304,7.51010872229749,18.5586257207192,7.59739845097414,15.6781462259895,0.033542943647912,,1299.78792710557,29.9899997711182,169.650755668448,1.691147448,105.022560953117,2.232986452,2.9109392106143,0.634882892517279,96.3401415165953,NaN,NaN,NaN,NaN,16.433745731,0.040839101250916,21.6292418653698,136.899979982425,6.35895526354528,46.0221598659225,0.00463757726260633,,1299.74446084916,30.0016059522398,168.255509099212,1.820052852,104.991046365162,2.331136094,3.26562396519104,0.442762076933949,96.8661516510339,NaN,NaN,NaN,NaN,11.2306871551667,0.0280402573417431,24.4839768489081,109.588666354664,6.37016043156115,50.5190245773453,0.00404121274980234,,1300.25957729155,30,168.515003656484
27,1.501568074,104.682151003159,2.482168506,3.01851978755228,0.704227278732705,100.008643733718,NaN,NaN,NaN,NaN,10.0939978596667,0.0414957610455628,13.9579271066775,NaN,6.56300020217896,28.6380137251028,NaN,,1299.64765811722,30,168.067442008611,1.50053574,104.417335448193,4.68246182,3.3391909678096,0.516147739508612,99.9738879902211,NaN,NaN,NaN,NaN,9.92771451788145,0.0308394436153767,10.8434337051264,NaN,7.58899974822998,22.4874977003414,NaN,,1300.22328551767,29.995181959648,170.257716352612,1.504587164,105.003468995747,2.448491044,3.48887311940375,0.297929583051989,98.7065269223285,NaN,NaN,NaN,NaN,13.6794816527832,0.0188797464555081,12.597737753779,114.307118614453,6.56847938314251,27.0793898911948,0.00260823814360627,,1299.62973344084,30,168.165772820079,1.296289432,105.018288171468,4.246096186,3.26533409836405,0.618476988050262,98.342525362537,NaN,NaN,NaN,NaN,16.7937756271667,0.0372407884304689,7.5379685049167,18.4959438815591,7.59700012207031,15.7288508129786,0.033438714559155,,1299.9546493996,29.9951759028477,169.645292716129,1.691147448,104.991756373565,2.232986452,2.88179408222607,0.632890163961756,96.3758757985099,NaN,NaN,NaN,NaN,18.3471816178272,0.04071900937521,21.5383264660903,136.812996519351,6.35928663309143,45.8066448659697,0.00462595713154955,,1300.53929805396,30.0004032714833,168.250437767948,1.820052852,104.986114566006,2.331136094,3.22042556946425,0.438547143166788,96.9032115291019,NaN,NaN,NaN,NaN,10.4960731805,0.0277697538516936,24.4198216737651,109.401053866135,6.37036157622528,50.3476371395878,0.00400870300765777,,1299.85211319462,30,168.509842600918
27.0833333333333,1.501568074,104.584279901578,2.482168506,3.03618006512258,0.707450728353602,99.9879116122225,NaN,NaN,NaN,NaN,10.1870444746667,0.0417078822416167,13.8586874758705,NaN,6.56300020217896,28.4424328890177,NaN,,1301.44133090683,30,168.061911780243,1.50053574,104.456124854427,4.68246182,3.35282883851256,0.506784425833832,100.049016798027,NaN,NaN,NaN,NaN,9.62913120213866,0.0302748294804959,10.7963471834026,NaN,7.58831401852409,22.3986976363035,NaN,,1300.74521349087,30,170.252190675687,1.504587164,105.010788358549,2.448491044,3.52362187371606,0.297678598165002,98.7818779694896,NaN,NaN,NaN,NaN,13.8044677211224,0.018919506684192,12.6140121092702,118.748838843042,6.56887936378402,27.1108544811521,0.00250682297212874,,1299.63905302696,30,168.160635660611,1.296289432,105.018142116875,4.246096186,3.28885366853248,0.611150475661704,98.3235226352735,NaN,NaN,NaN,NaN,17.5264334255,0.0367975239559916,7.52081304283889,18.3452138364656,7.59704016578076,15.6976166467781,0.033313882433529,,1299.78389830811,30,169.639829499379,1.691147448,104.968866857906,2.232986452,2.91170854600443,0.624930729467557,96.4588775575764,NaN,NaN,NaN,NaN,20.1994832233395,0.0402089086544634,21.5325696830952,136.723774473738,6.35608057352329,45.7932169230104,0.00457074237290159,,1300.38745453235,30.0040182102324,168.245367113078,1.820052852,104.987363369074,2.331136094,3.28755276190999,0.426155211570685,96.8816312257833,NaN,NaN,NaN,NaN,10.8941498668333,0.0270000007003546,24.4523966802824,110.189688882549,6.3692512999801,50.4349208360087,0.00386767279209205,,1299.70603575948,30,168.504684076315
27.1666666666667,1.501568074,104.668398551423,2.482168506,2.99074978099924,0.698348229275781,100.015466247352,NaN,NaN,NaN,NaN,10.0804423573333,0.0411620550610705,13.9133759806402,NaN,6.5627909295265,28.5501575545351,NaN,,1301.43413118684,29.9987354979452,168.056384734909,1.50053574,104.448164792491,4.68246182,3.33039900908474,0.500952585325267,99.999389143773,NaN,NaN,NaN,NaN,9.75898239083333,0.0299198888198166,10.7667848538769,NaN,7.58755846300182,22.3429508818566,NaN,,1300.22334141818,30.0047612621465,170.246663699949,1.504587164,105.004696562641,2.448491044,3.50224469707749,0.296597010255647,98.7665459783229,NaN,NaN,NaN,NaN,13.0434354711667,0.0187996305320427,12.5354534673026,114.606245420088,6.56911052569046,26.9591741606906,0.0025920668981803,,1298.02150169134,30,168.155501542497,1.296289432,104.995318009444,4.246096186,3.30566211207003,0.606722495570911,98.3658447731917,NaN,NaN,NaN,NaN,16.28905691,0.0365328056220049,7.49645893105949,18.2611516019427,7.59620905950086,15.6533009019634,0.0332246839859828,,1300.5719910473,30,169.63436630526,1.691147448,104.975498617609,2.232986452,2.8482614057338,0.621231331993737,96.4196134969686,NaN,NaN,NaN,NaN,19.0027835445,0.0399599020020447,21.5866345724574,136.549176652889,6.35942937536386,45.9211365043628,0.00454950723748752,,1298.34104759515,30.0008041511201,168.240296007538,1.820052852,104.952500155685,2.331136094,3.26181641923477,0.425450323582474,96.9191868880402,NaN,NaN,NaN,NaN,10.9520762971667,0.0269597492839235,24.439855304619,110.307445149715,6.36899948120117,50.4012213814266,0.00385729786888602,,1299.05709017747,30,168.499527340308
27.25,1.501568074,104.661327995494,2.482168506,3.02565406416767,0.697015297340726,100.02179087579,NaN,NaN,NaN,NaN,10.1203029863333,0.041076439555244,13.8786939576305,NaN,6.56268706897018,28.4818176334646,NaN,,1300.29492934854,29.9952398372844,168.050855435083,1.50053574,104.425364380582,4.68246182,3.24078091084589,0.498169293565397,100.022141981775,NaN,NaN,NaN,NaN,10,0.0297636051773664,10.7954536253358,NaN,7.58691671186241,22.3969872586494,NaN,,1299.60748611668,30.0028219765527,170.241137860714,1.504587164,104.97419956837,2.448491044,3.51844288775114,0.298580513459162,98.7809139500349,NaN,NaN,NaN,NaN,13.752062602,0.0189600167846654,12.5561859165976,117.054322437302,6.56927874901518,26.9991504696326,0.00255111164255698,,1300.52333430289,30.0006916270881,168.15035835237,1.296289432,105.010363052267,4.246096186,3.28902594749595,0.606305880368185,98.4126928864854,NaN,NaN,NaN,NaN,16.6665405113102,0.0365049097115388,7.52432670487676,18.1428463570044,7.59660239343627,15.7040155643362,0.0334188284198814,,1298.46541534823,29.9975899414244,169.628903787602,1.691147448,104.964308124849,2.232986452,2.88327639801636,0.613397698924343,96.5172949427348,NaN,NaN,NaN,NaN,16.6992481485135,0.0394569412159419,21.5601416965597,136.163543851565,6.35417884324053,45.8583503768424,0.00450484291182532,,1298.50211394891,30,168.235224874789,1.820052852,104.974220067349,2.331136094,3.22872391005258,0.420454352716319,96.964842685323,NaN,NaN,NaN,NaN,10.9598224776667,0.0266388954458052,24.3883765959088,110.131517783119,6.36899948120117,50.263919450086,0.00381800933918822,,1301.43806854677,30,168.494370669332
27.3333333333333,1.501568074,104.656402204179,2.482168506,3.00623191683002,0.699781236344466,99.9699255476188,NaN,NaN,NaN,NaN,10.0399677218333,0.0412390994160821,13.8871773443774,NaN,6.56400079076546,28.4985780543505,NaN,,1298.78201012863,30,168.045326039506,1.50053574,104.422344546437,4.68246182,3.39677511306041,0.489320218708502,99.951767724553,NaN,NaN,NaN,NaN,10.0721344366667,0.0292405338766284,10.7744682906444,NaN,7.58600719431521,22.3574291202229,NaN,,1300.96238916479,30.0075881423365,170.235613093945,1.504587164,105.01658191922,2.448491044,3.48171395351508,0.295915073158745,98.7507447906658,NaN,NaN,NaN,NaN,13.2771445461667,0.0187588554636925,12.5521988328095,114.910352024298,6.56981358788409,26.9914445986498,0.0025785568112215,,1299.53839471923,29.9954424033373,168.145223927562,1.296289432,105.021996321814,4.246096186,3.29092134518399,0.59668046730513,98.4085377897512,NaN,NaN,NaN,NaN,16.5183214616898,0.0359157194180556,7.51729714916262,18.0700430971723,7.5959997177124,15.6912261137709,0.0330209262822105,,1298.81673140707,30,169.623440098219,1.691147448,104.986794811345,2.232986452,2.86055768870927,0.604665510124275,96.4231760807103,NaN,NaN,NaN,NaN,18.2752637121531,0.0388794204618001,21.4681714672799,136.112511930533,6.35281566489031,45.6408273833923,0.00444239378685296,,1299.35449178861,30,168.23015180703,1.820052852,105.01216955259,2.331136094,3.27361458608628,0.41646754561183,97.0346908491725,NaN,NaN,NaN,NaN,10.9816246561667,0.0263835905611767,24.4891969094428,110.467053586149,6.36899948120117,50.5331320713035,0.00377060031859078,,1301.01743551655,30,168.48921338389
27.4166666666667,1.501568074,104.64170414169,2.482168506,3.09309165866663,0.696568670894982,100.018220273394,NaN,NaN,NaN,NaN,10,0.0410461211982798,13.835400268458,NaN,6.56479914664986,28.3964359003258,NaN,,1298.74157189849,30,168.039796305244,1.50053574,104.428460035349,4.68246182,3.33424337693407,0.485426807215219,100.051892340192,NaN,NaN,NaN,NaN,10.1286159246667,0.028999999165535,10.6808344688218,NaN,7.58549000411098,22.1810386968297,NaN,,1299.90582122167,30.0012870767682,170.230088921119,1.504587164,104.999516914068,2.448491044,3.49702426117649,0.294336347125119,98.8553592163718,NaN,NaN,NaN,NaN,13.6789589006667,0.0186579992601609,12.5505735547849,114.756872069575,6.57004573958752,26.9883594647388,0.00256581964599845,,1300.52916363911,29.9990488000276,168.140076032839,1.296289432,104.98656338481,4.246096186,3.2784280016396,0.595702237005577,98.3619525495007,NaN,NaN,NaN,NaN,17.0003141263333,0.0358593699582209,7.47658053146081,17.9117246897369,7.59566260297466,15.6171606273255,0.0332580407180297,,1300.61902928721,30,169.617975088248,1.691147448,105.016258172651,2.232986452,2.82361981644875,0.606334860669079,96.561233427635,NaN,NaN,NaN,NaN,18.9177057078333,0.0390000008046627,21.5215737449127,136.809108341637,6.35605776468816,45.7670616723881,0.00443199064324025,,1298.89326608381,30,168.225079309534,1.820052852,105.044182357439,2.331136094,3.28384696923262,0.410826002842582,97.0897833341794,NaN,NaN,NaN,NaN,10.649714760894,0.0260000005364418,24.3730084158986,109.672590614811,6.36899948120117,50.222962523908,0.00374666332868945,,1299.22242587214,30,168.48405336224
27.5,1.501568074,104.641325539273,2.482168506,3.05781349762594,0.696258579991147,100.030074436821,NaN,NaN,NaN,NaN,10,0.0410401218260005,13.8064493745614,NaN,6.56500005722046,28.3394423515191,NaN,,1302.36605953846,30,168.034268185691,1.50053574,104.478580080773,4.68246182,3.31971427628293,0.485641280849108,100.018836284859,NaN,NaN,NaN,NaN,9.91954771083333,0.028999999165535,10.6697323040346,NaN,7.58477593019477,22.1601314319404,NaN,,1298.90890466349,30,170.224562406618,1.504587164,105.018346611605,2.448491044,3.45641239526867,0.29123797343155,98.8553876910568,NaN,NaN,NaN,NaN,13.7346775400871,0.0184978933389175,12.474290135264,118.109204673377,6.57077560332551,26.8410839205986,0.00246585749373992,,1300.37296867731,30,168.13493821288,1.296289432,105.027420267397,4.246096186,3.28883842673278,0.595321521590432,98.4690737150699,NaN,NaN,NaN,NaN,16.4661267891667,0.0358268760178273,7.48270139222998,17.7727694043846,7.59496055294029,15.6282834477205,0.0334967816397395,,1299.11489392671,30,169.612511022289,1.691147448,104.974469680991,2.232986452,2.85847582076445,0.60247310043035,96.5807944896511,NaN,NaN,NaN,NaN,19.0249752358333,0.0387507441336973,21.5785269962805,136.685252097235,6.3580002784729,45.9018894341018,0.00440773377647963,,1300.31458925593,29.9992154605753,168.220007662603,1.820052852,105.034328815587,2.331136094,3.19601117922344,0.408052710418039,97.1114644413293,NaN,NaN,NaN,NaN,10.9494049622727,0.0258421122096971,24.3007179771557,110.526807142224,6.36871262003066,50.0310549518102,0.00369224117290789,,1296.60442900176,29.9983970811729,168.478893680056
27.5833333333333,1.501568074,104.675545253881,2.482168506,2.87752845451683,0.699835973913034,99.9356022169328,NaN,NaN,NaN,NaN,10.1610748441618,0.0409198000792396,13.7855478918955,NaN,6.56554832756786,28.2983777241303,NaN,"Sample 1.50 mL to AMBR-96DWP-4/B1",1299.81211212371,29.9965216283066,167.201089578379,1.50053574,104.408707689537,4.68246182,3.10348343285798,0.484239051718692,99.9639916186429,NaN,NaN,NaN,NaN,9.99958570216346,0.0282580490632029,10.7167248838049,NaN,7.58403994973245,22.2486532791182,NaN,"Sample 1.50 mL to AMBR-96DWP-4/B2",1300.60662032415,29.9963925750095,169.40909606683,1.504587164,104.984708136277,2.448491044,3.29715062246757,0.287016785501738,98.7682835150719,NaN,NaN,NaN,NaN,13.1013945284617,0.0181440538620853,12.5010550922819,112.10452794916,6.57098329920508,26.8927309296513,0.00254555180949834,"Sample 1.50 mL to AMBR-96DWP-4/B3",1300.2533212377,29.9954546345589,167.337771477928,1.296289432,105.048334423527,4.246096186,3.13661782595758,0.586261834867889,98.4226926369485,NaN,NaN,NaN,NaN,16.2807692695,0.034841584485166,7.39394822983782,17.6872718279209,7.59410785325838,15.4668787550044,0.0331600011194269,"Sample 1.50 mL to AMBR-96DWP-4/B4",1299.78107854841,29.9963004499476,168.850170341965,1.691147448,104.999510622931,2.232986452,2.64721374242477,0.596721049583421,96.6101338572134,NaN,NaN,NaN,NaN,18.4574491964408,0.0378363910269986,21.4763802591453,137.097547203238,6.35909459633465,45.6603024861724,0.00435324260181463,"Sample 1.50 mL to AMBR-96DWP-4/B5",1300.80989699987,29.9919025891126,167.536860325929,1.820052852,104.914843007461,2.331136094,3.09207260290761,0.402142351725281,97.1056375701663,NaN,NaN,NaN,NaN,11.9668631535,0.0251490087124849,24.3464940978328,110.877709413548,6.36852410527039,50.152612489351,0.00365183575095782,"Sample 1.50 mL to AMBR-96DWP-4/B6",1301.60155695991,29.9968255679874,167.809834267152
27.6666666666667,1.501568074,104.637458280888,2.482168506,3.00240475973361,0.703211631987757,100.053171359737,NaN,NaN,NaN,NaN,10.3601120230049,0.0410001673969396,13.8028553299901,NaN,6.56636100518482,28.3324156388029,NaN,,1299.3458327887,29.9996910775212,166.229211196651,1.50053574,104.461136543555,4.68246182,3.25532225495851,0.485693907016888,100.04182002792,NaN,NaN,NaN,NaN,10.2169368556699,0.0281367194371853,10.6537475646168,NaN,7.58358186861623,22.130028449275,NaN,,1300.56155259383,30,168.419512999783,1.504587164,105.045140035282,2.448491044,3.62506372688511,0.287202815488471,98.8986968904581,NaN,NaN,NaN,NaN,13.4266287392845,0.0179999992251396,12.5772344111544,115.485623977475,6.57165227690488,27.0398003340829,0.00243750977852296,,1298.77813930611,29.9957221280895,166.33065079654,1.296289432,105.052033467507,4.246096186,3.28313984876249,0.589330772693893,98.4322477070971,NaN,NaN,NaN,NaN,16.2812920543333,0.0351161027371234,7.41183150192794,17.7171824488043,7.59379889564689,15.4993985463044,0.033314562998448,,1301.09710814003,30.000937360989,167.807577515806,1.691147448,105.005893605465,2.232986452,2.8997612777712,0.595923009749164,96.7419196298393,NaN,NaN,NaN,NaN,19.8260313253925,0.0375199158600114,21.5491092745619,137.961541007317,6.35710270967784,45.8323075865306,0.00432225457986125,,1299.43310090529,29.9972356008877,166.415864937827,1.820052852,104.998808951059,2.331136094,3.31021935779572,0.399412458040114,97.267035505118,NaN,NaN,NaN,NaN,11.1178919558333,0.0250020011830236,24.2974196854515,111.06245539621,6.36891916149211,50.0224305659405,0.00371024279622568,,1300.26354779132,29.9999589622897,166.674581507426
27.75,1.501568074,104.662794534916,2.482168506,3.06491977517734,0.703328331783099,100.009644766028,NaN,NaN,NaN,NaN,10.5006383385,0.0410000011324883,13.8601724609806,NaN,6.56599998474121,28.4453054291277,NaN,,1297.86889560269,30.004192537424,166.223682553844,1.50053574,104.494449805447,4.68246182,3.32417557934414,0.480399362730759,100.057095245471,NaN,NaN,NaN,NaN,10.0644764163333,0.0283848960873249,10.6942872679923,NaN,7.58295929559179,22.206355722809,NaN,,1301.63894715262,30.0016027200492,168.413986933933,1.504587164,105.006663947514,2.448491044,3.53883731401008,0.289140696743615,98.8354635396123,NaN,NaN,NaN,NaN,13.0776021049301,0.0181208367532797,12.6154546231277,115.453154193396,6.57292923358078,27.1136315587835,0.00250770945081323,,1301.35092749176,30,166.32551208409,1.296289432,105.019868433744,4.246096186,3.305193154763,0.589480859784864,98.4131684491068,NaN,NaN,NaN,NaN,16.3612944831667,0.0350831744947073,7.41377291385085,17.6024360391668,7.5935576936718,15.5029260559076,0.0334888665886043,,1301.98219499854,30.000760862576,167.802109766209,1.691147448,105.008271286494,2.232986452,2.87710427697129,0.587412162599603,96.7076335854697,NaN,NaN,NaN,NaN,20.7968265647939,0.0373603841316408,21.5317016206391,137.828279890527,6.35515872927746,45.7909777734699,0.00426193069956609,,1299.47805322619,30,166.41079134436,1.820052852,104.97619365218,2.331136094,3.24642366078008,0.396469653947424,97.2973031977632,NaN,NaN,NaN,NaN,10.4459832219765,0.0248483720986517,24.4385995353524,111.296487936521,6.3690803506932,50.3978200434695,0.00356289315539268,,1301.47239157457,30,166.669424133951
27.8333333333333,1.501568074,104.65034731733,2.482168506,3.0908646844364,0.703164793355677,100.049343585907,NaN,NaN,NaN,NaN,10.5180803008333,0.0410000011324883,13.7982013729707,NaN,6.56578402350957,28.3232132354079,NaN,,1299.32867172916,30,166.218153214507,1.50053574,104.488738002787,4.68246182,3.29757046790785,0.473885462249984,99.9625214325636,NaN,NaN,NaN,NaN,9.91949906716667,0.0280008727932268,10.6384651969162,NaN,7.58295203590001,22.1013079666897,NaN,,1298.11294021176,30.0004025960878,168.408460683309,1.504587164,104.996048472108,2.448491044,3.45931980110074,0.287215735251943,98.8843333093151,NaN,NaN,NaN,NaN,13.0425041139032,0.0179999992251396,12.5673287782456,115.188007268874,6.57332197715229,27.020676532034,0.00249377275382661,,1299.32426061994,29.9943645740183,166.32036209347,1.296289432,105.077121777495,4.246096186,3.31760479491677,0.58763975359215,98.5147220497978,NaN,NaN,NaN,NaN,16.6384380701667,0.0349598645506914,7.42655599107363,17.4531827077796,7.59299993515015,15.5261764742414,0.0336721022388464,,1302.16959505694,30,167.79664196523,1.691147448,104.999822279058,2.232986452,2.89684819653059,0.582449553218527,96.7375819828859,NaN,NaN,NaN,NaN,22.2650898157061,0.0370402421331439,21.4881184189776,137.472573746269,6.35491623810006,45.6880050557943,0.00423684921862589,,1299.75436387164,30,166.405717914432,1.820052852,105.01397785166,2.331136094,3.2623208949196,0.39420715958308,97.3055070882675,NaN,NaN,NaN,NaN,11.3824373578568,0.024710206868385,24.3607302202886,112.070683382679,6.3690900777058,50.1906435844401,0.00351775404618634,,1300.14419112598,30,166.6642674835
27.9166666666667,1.501568074,104.647122710048,2.482168506,3.05089250151594,0.70129474436637,99.9265054590514,NaN,NaN,NaN,NaN,10.7604562817536,0.0408800021178038,13.8900804657801,NaN,6.56504060176392,28.504195012276,NaN,,1300.81274717663,30.0005163616192,166.21262510335,1.50053574,104.473982348587,4.68246182,3.30413643976888,0.4737770221613,100.007262489684,NaN,NaN,NaN,NaN,9.879157796,0.0280000008642673,10.6316301186354,NaN,7.58199977874756,22.0884360116257,NaN,,1299.17526379577,30,168.402934677219,1.504587164,105.000795304731,2.448491044,3.55946610641125,0.291210674758766,98.8331631804,NaN,NaN,NaN,NaN,13.274880540142,0.0182341934475024,12.5416105142244,113.756452930381,6.57491635300326,26.9710191056928,0.00256507598549335,,1300.76917283242,29.9988001487115,166.31521831689,1.296289432,104.983211949362,4.246096186,3.26922951208301,0.586175144390868,98.5318625111604,NaN,NaN,NaN,NaN,16.6390548751667,0.0348893162042467,7.38026625472197,17.4251906876263,7.59288801125256,15.4420157955459,0.0336393461366495,,1301.17424628305,30,167.791174063364,1.691147448,104.973527214681,2.232986452,2.88375560935741,0.581803465884006,96.784590571487,NaN,NaN,NaN,NaN,21.8152247888333,0.0370000004768372,21.5118824158259,137.445305727044,6.35348053409191,45.7441092062133,0.00423298388051252,,1300.14969503093,30,166.400643829172,1.820052852,104.968835766017,2.331136094,3.28166037186671,0.390721059495943,97.3266514994982,NaN,NaN,NaN,NaN,11.7589384548333,0.0244924865385077,24.4811498416506,112.263477501698,6.36882811543489,50.5114895320651,0.00348080478555618,,1298.37187384697,30,166.659112483145
28,1.501568074,104.672912851912,2.482168506,3.02278225667778,0.70319058770395,100.054988310612,NaN,NaN,NaN,NaN,10.4790719968366,0.0410000011324883,13.8223500981374,NaN,6.56459219280097,28.3707742111384,NaN,,1300.65527406893,30.0026957610338,166.207097301528,1.50053574,104.453465873898,4.68246182,3.2346979972802,0.472336441030989,99.988283515327,NaN,NaN,NaN,NaN,9.91528767483079,0.0279193509227144,10.5819231469696,NaN,7.58151906742601,21.994913665936,NaN,,1299.84699907791,30,168.397410064171,1.504587164,104.982823093825,2.448491044,3.54048791773348,0.287616742867614,98.8898640023953,NaN,NaN,NaN,NaN,13.2081904261913,0.0180067919334443,12.5758907417444,113.764594633164,6.57742292175868,27.0372684374292,0.00252884422932592,,1299.0207920276,30.0031399837169,166.31006247421,1.296289432,105.009988461981,4.246096186,3.28746069914909,0.580033624522742,98.501246773189,NaN,NaN,NaN,NaN,16.7593391201667,0.0345208634844541,7.35951325549788,17.2986416288837,7.59201258056545,15.40430072673,0.0335307929874447,,1299.22575820297,30,167.785707850404,1.691147448,105.015521740556,2.232986452,2.81942395998648,0.577310960365671,96.8268629679507,NaN,NaN,NaN,NaN,21.1562624833333,0.036719188379423,21.5061126401307,137.606619220881,6.35485529362934,45.7305826163921,0.00419539555042198,,1299.32383916276,30.0004012961264,166.395570884805,1.820052852,105.030603525839,2.331136094,3.27299508003824,0.382927597943396,97.3970868256747,NaN,NaN,NaN,NaN,11.5363817406015,0.0240000002086163,24.3328850446627,111.948936985727,6.36863873466518,50.1163921189028,0.00342106742490739,,1300.18319542628,30,166.653956979903
28.0833333333333,1.501568074,104.729793198576,2.482168506,3.09633311995631,0.699984025620911,100.022387744244,NaN,NaN,NaN,NaN,10.6339318052432,0.0407989684465847,13.8432701493206,NaN,6.56476513658506,28.4119533412231,NaN,,1301.64297548836,30,166.201568872421,1.50053574,104.515172520775,4.68246182,3.22138291267766,0.469290756494789,100.045817386336,NaN,NaN,NaN,NaN,9.76348644000254,0.0277266416188371,10.5938939451199,NaN,7.58108016536428,22.0174158235634,NaN,,1300.26226501572,30,168.39188465301,1.504587164,104.964031982593,2.448491044,3.49990604855956,0.287405880297971,98.8744169318126,NaN,NaN,NaN,NaN,13.7641497115929,0.0179999992251396,12.5982637216418,113.691187552713,6.57934926107342,27.0805040172895,0.00253257230233586,,1299.78609396282,30.0024822076802,166.304917434293,1.296289432,104.93541574542,4.246096186,3.32235724401685,0.579138263371538,98.4866031165958,NaN,NaN,NaN,NaN,16.3737089521667,0.0344814154502212,7.35588136477014,17.3006788542197,7.5910796449767,15.3976993143375,0.0334778622475648,,1300.39944913077,30,167.780242065413,1.691147448,104.994430717887,2.232986452,2.81934066591307,0.577217839910107,96.8701183328644,NaN,NaN,NaN,NaN,20.1324412517358,0.0366985922400172,21.4536450942056,137.477680276065,6.35213287994627,45.6066047072156,0.00419861406472525,,1301.56844143811,29.9987932990981,166.390497045959,1.820052852,104.999608525047,2.331136094,3.28284101303466,0.3823339465592,97.3639862999273,NaN,NaN,NaN,NaN,12.0262612879985,0.0239599723390552,24.357281422295,112.189457156769,6.3684198273084,50.1811322214597,0.00340853258273154,,1299.20186200437,29.9983957165284,166.648799488494
28.1666666666667,1.501568074,104.630273391134,2.482168506,3.07641002187712,0.699854312544807,99.9685299044065,NaN,NaN,NaN,NaN,10.9619132275,0.0407990170685166,13.9096324907523,NaN,6.56500005722046,28.5427378282261,NaN,,1302.09432690641,30,166.196039529186,1.50053574,104.475742780302,4.68246182,3.28287512516806,0.470341155394829,100.007025216725,NaN,NaN,NaN,NaN,10,0.0277911915319973,10.6344026417916,NaN,7.58103998412846,22.0936247016283,NaN,,1300.50136712464,30,168.386358253552,1.504587164,104.994624147294,2.448491044,3.58474098994678,0.287693800900869,98.9324088141341,NaN,NaN,NaN,NaN,13.4813285590738,0.0179999992251396,12.5038763653318,112.506865364871,6.57986482960928,26.8981805637077,0.00255790749133176,,1301.42964957799,29.9987964747191,166.299761297918,1.296289432,104.987618037176,4.246096186,3.26649242816262,0.574433100981658,98.5153056802636,NaN,NaN,NaN,NaN,16.1404024698333,0.0342008409589049,7.35612940031894,17.3948336743679,7.59087930785921,15.3981488471828,0.0330233754522858,,1301.09957572721,30,167.77477846372,1.691147448,104.988940230362,2.232986452,2.85972498082107,0.567414738054057,96.8654308367771,NaN,NaN,NaN,NaN,20.6863214662642,0.0360804506039865,21.4843810113014,137.409049690902,6.35375532160526,45.6791377782763,0.00412938141077662,,1300.0305366463,30,166.385422213863,1.820052852,105.009749938245,2.331136094,3.27921416327508,0.381589713189777,97.4580096044122,NaN,NaN,NaN,NaN,11.3399094247334,0.0239058029895496,24.3518431509368,111.421229189357,6.36799963342951,50.1667353896542,0.00342511345697648,,1300.56384213176,30,166.643642977383
28.25,1.501568074,104.682303612499,2.482168506,2.99851115856416,0.701908270149512,100.049156447455,NaN,NaN,NaN,NaN,10.9573073418944,0.0409195378842585,13.8553230358456,NaN,6.56500005722046,28.4357700277393,NaN,,1300.80690116947,30,166.190512291108,1.50053574,104.570658287273,4.68246182,3.27414896305565,0.463152832191175,99.9860583141604,NaN,NaN,NaN,NaN,9.999962685,0.0273562859719385,10.6265254111823,NaN,7.58087867109984,22.0788084716646,NaN,,1300.01778454217,30,168.380832339827,1.504587164,104.98099835543,2.448491044,3.50103687936212,0.287089501997503,98.9489114417175,NaN,NaN,NaN,NaN,13.3004904941667,0.0179999992251396,12.503607495934,115.997846904945,6.58116109800318,26.8976705410149,0.00247502103352332,,1301.08301712086,30,166.294614414833,1.296289432,104.971864625599,4.246096186,3.26153325511043,0.574560196714255,98.5236498875356,NaN,NaN,NaN,NaN,16.4223992751602,0.0342005385670852,7.34223589051109,17.2444084566505,7.58996523141689,15.372912407178,0.0333187877611999,,1300.2485316329,30,167.769312662691,1.691147448,104.995725413545,2.232986452,2.84540301861809,0.566163845946486,96.8145770368847,NaN,NaN,NaN,NaN,20.2308324451667,0.0359999984502792,21.4468879127249,137.273977403166,6.35381849302261,45.5907148525125,0.00412433653780178,,1300.43609754662,30.000528733696,166.380348413247,1.820052852,105.022854554705,2.331136094,3.26871450261535,0.378858771579318,97.4504848347519,NaN,NaN,NaN,NaN,12.2229350653333,0.0237321722816758,24.4001086158684,111.72089135315,6.36734834636769,50.2951472134774,0.00339161033217591,,1301.35720937669,30,166.638484967174
28.3333333333333,1.501568074,104.726499149853,2.482168506,2.94318324362277,0.693140285336052,99.9850096023028,NaN,NaN,NaN,NaN,10.4403276859389,0.0403971232763905,13.9388381675841,NaN,6.56500005722046,28.6004474979906,NaN,,1300.19737145307,29.9951746357504,166.184983974129,1.50053574,104.52213370036,4.68246182,3.27579466324965,0.46108707699481,100.011749393906,NaN,NaN,NaN,NaN,10.0002585158333,0.0272373286205171,10.6173650834199,NaN,7.58001389608259,22.0615682740834,NaN,,1299.904001218,30,168.375303993267,1.504587164,104.974884365163,2.448491044,3.51962115980767,0.288751715716436,98.9210886800998,NaN,NaN,NaN,NaN,13.3013153418333,0.0180402255028999,12.5031085345685,110.145088886493,6.58225350441422,26.8966668851656,0.00262329749590824,,1300.51857141455,30,166.289460781187,1.296289432,104.992011080481,4.246096186,3.24948733819463,0.572695065345619,98.5341007191088,NaN,NaN,NaN,NaN,16.2414411898398,0.0340801571925813,7.34283984857998,17.1456555105907,7.58899974822998,15.374001928378,0.0334021918547262,,1299.8655628127,30,167.763846996041,1.691147448,105.030046905665,2.232986452,2.86661045464641,0.568340362105626,96.9540427842786,NaN,NaN,NaN,NaN,21.236795358,0.0361208959351178,21.4949496247337,137.19288569836,6.35224679639479,45.7041428201658,0.00414264847970745,,1299.28935490205,30.0050959229575,166.375273521374,1.820052852,104.995537634453,2.331136094,3.2396212547833,0.377971720626564,97.4350960872565,NaN,NaN,NaN,NaN,12.4776285646667,0.0236780918528514,24.2800776421292,111.612892853328,6.3670401023851,49.9763595520596,0.00338673527646836,,1298.18206558405,30,166.633326913423
28.4166666666667,1.501568074,104.672508988087,2.482168506,2.97075322339115,0.703510256531233,99.9814054229533,NaN,NaN,NaN,NaN,11.6282216941667,0.0410000011324883,13.9672115520013,NaN,6.56435698960056,28.656418980963,NaN,,1298.74753540047,30,166.179454444533,1.50053574,104.528450789206,4.68246182,3.3256375434323,0.458728491771965,99.9998130398662,NaN,NaN,NaN,NaN,10.8622303798333,0.0270976248374107,10.6289619672152,NaN,7.58004011837223,22.0833805343136,NaN,,1301.0567896469,30,168.369777329051,1.504587164,105.002068717409,2.448491044,3.60216249925391,0.28994718853862,98.8995007058385,NaN,NaN,NaN,NaN,13.5340969471667,0.0181612109575643,12.5677155178616,114.641245218517,6.58445311730238,27.0213933097915,0.002529341139726,,1300.60153772826,30,166.284306838751,1.296289432,105.00570841064,4.246096186,3.3181431660202,0.570808516832779,98.5766797281393,NaN,NaN,NaN,NaN,16.9768239353333,0.0339624158491622,7.33375174877522,17.0476026028864,7.58891969869533,15.3574930846036,0.0334835553622138,,1300.39067835621,29.999597802658,167.758380277675,1.691147448,105.009211208509,2.232986452,2.86944952662163,0.559467226623884,96.8985334296244,NaN,NaN,NaN,NaN,23.9271858325,0.0355553743595778,21.4319560105894,137.22969089766,6.3500380966892,45.5560437785129,0.00407686907586367,,1300.06890400676,30,166.370197204128,1.820052852,105.005313388599,2.331136094,3.28995023829761,0.37409755126879,97.4073804768734,NaN,NaN,NaN,NaN,12.1569246066667,0.0234378074839657,24.3056569222091,111.69069071518,6.36699962615967,50.0442711515095,0.00334965831586097,,1299.14207071121,29.9955805239486,166.628169033759
28.5,1.501568074,104.702747863274,2.482168506,2.95785531153753,0.701735052957545,100.00567619377,NaN,NaN,NaN,NaN,11.4166613948333,0.0408990210663467,13.8489964460761,NaN,6.56477846437751,28.4232928831146,NaN,,1300.61660355947,30,166.173926161405,1.50053574,104.520882193012,4.68246182,3.31128388327336,0.457076574546816,100.016233445092,NaN,NaN,NaN,NaN,11.1876393491667,0.0270000007003546,10.5763895892883,NaN,7.57999992370605,21.9844940619962,NaN,,1301.42921547815,30,168.364249535771,1.504587164,104.970280428815,2.448491044,3.52859916769196,0.287399360820397,98.9181381950701,NaN,NaN,NaN,NaN,13.2294993015,0.0179600550224942,12.4990159678692,110.919392813653,6.58412581662123,26.8888400902137,0.00259495298633969,,1298.65024989144,30,166.279156452221,1.296289432,105.015616066508,4.246096186,3.25882988252529,0.570157833613666,98.5535618839654,NaN,NaN,NaN,NaN,17.5223332953473,0.0339174555365059,7.33768019624463,16.9472785334093,7.58811398968891,15.3646285315209,0.033643367327546,,1300.23060548825,30,167.752912567827,1.691147448,105.007054917089,2.232986452,2.8181239475966,0.555019545527809,96.9594033390625,NaN,NaN,NaN,NaN,21.6985436185,0.0352809016691676,21.3903697044491,137.181328330439,6.35032299126793,45.4574918534991,0.00404589143349806,,1300.27839713855,29.9995981935203,166.365122162896,1.820052852,104.988216814219,2.331136094,3.19260500612937,0.366948943449888,97.4844789742106,NaN,NaN,NaN,NaN,11.469692320972,0.0230000000447035,24.2463926858797,112.360153836282,6.36703960879305,49.8873396507181,0.00326593067055658,,1299.54486739361,29.9999242480793,166.623013170169
28.5833333333333,1.501568074,104.681465646771,2.482168506,2.98784059314879,0.698175759403888,100.03297297156,NaN,NaN,NaN,NaN,10.7994707408333,0.040699381319766,13.9542629220982,NaN,6.56445799335685,28.6308356325282,NaN,,1299.44381778525,29.9987964908662,166.168397144839,1.50053574,104.502765778463,4.68246182,3.26872965066493,0.457021966661674,100.005645911421,NaN,NaN,NaN,NaN,10,0.0270000007003546,10.5873150315296,NaN,7.57986972026321,22.0050536541759,NaN,,1301.29109309401,30,168.358723367881,1.504587164,105.008338022547,2.448491044,3.52125727082633,0.287721850261715,98.9513066709401,NaN,NaN,NaN,NaN,13.1641523653333,0.0179999992251396,12.5170336031123,112.689661023878,6.5849944326505,26.9236001752012,0.00255362331042762,,1300.17806098364,30,166.273996337454,1.296289432,105.017017502983,4.246096186,3.25053255382948,0.570938723271423,98.5524914738752,NaN,NaN,NaN,NaN,17.634841950986,0.0339599549735559,7.31225742185341,16.9036555340288,7.58799982070923,15.3184453970908,0.0337766585826981,,1298.01469558319,29.9963873601835,167.747444237659,1.691147448,104.999176436118,2.232986452,2.93350364080811,0.55568048377383,96.9633428537165,NaN,NaN,NaN,NaN,25.3354641358333,0.0353211630791075,21.4668504169584,137.214670875455,6.3527174868092,45.6377099391639,0.00404972615727013,,1299.87528307698,30,166.36004695963,1.820052852,104.978409157564,2.331136094,3.26594855547633,0.367655984075892,97.5407810650826,NaN,NaN,NaN,NaN,13.509067210528,0.0230401666106206,24.3241234006168,112.09963507332,6.36644571316278,50.0930898240996,0.00327989079471338,,1299.2402248571,30.0000741110115,166.617857684531
28.6666666666667,1.501568074,104.731914718517,2.482168506,3.01407350337644,0.700307174328868,99.9766890267473,NaN,NaN,NaN,NaN,10.9600029053333,0.0407991062096972,13.9647402941392,NaN,6.56500005722046,28.6516460828921,NaN,,1299.40584789416,30,166.162868547795,1.50053574,104.516132989163,4.68246182,3.26826767921297,0.456794553151573,100.002402832282,NaN,NaN,NaN,NaN,10.000113616,0.0269917399425372,10.5658535819797,NaN,7.57899951934814,21.9646817993066,NaN,,1298.5498304152,30.0004018556809,168.353198786525,1.504587164,105.033754378995,2.448491044,3.51111082390657,0.288938609882744,98.9917896070806,NaN,NaN,NaN,NaN,13.3629469538296,0.0180401767132252,12.5401039579434,110.269943686137,6.58411169968599,26.9681029144566,0.00262534717360019,,1300.71696759163,30,166.268841706465,1.296289432,105.026593394454,4.246096186,3.2635801227707,0.568983112822721,98.5889675884867,NaN,NaN,NaN,NaN,17.2828468355,0.0338368020874295,7.35758625239778,16.8414100922228,7.58768418469811,15.4007947041662,0.0337871895216891,,1300.12293944372,30,167.741975279456,1.691147448,105.022181585844,2.232986452,2.81642890657639,0.550767718417389,97.0831680639771,NaN,NaN,NaN,NaN,25.1926283646667,0.0350000001490116,21.4261935739633,137.380575789304,6.35279935004022,45.5418324691678,0.00400906758323701,,1298.15447439818,30.0018990440837,166.354971712681,1.820052852,104.977603847383,2.331136094,3.19270609377979,0.367064486333248,97.5937046345498,NaN,NaN,NaN,NaN,15.4816191363333,0.0230000000447035,24.3623286261942,111.342637492657,6.36593219543275,50.1947278356592,0.00329725338465188,,1299.81278480289,30,166.612702375641
28.75,1.501568074,104.705731950801,2.482168506,3.06088488205027,0.697435711347368,100.031680136387,NaN,NaN,NaN,NaN,10.9196414605,0.0406403641182772,13.8616639226108,NaN,6.56504037364931,28.4482334366136,NaN,,1299.31837234484,30,166.157338336622,1.50053574,104.521324347161,4.68246182,3.26306618952944,0.454552543100423,100.023189968672,NaN,NaN,NaN,NaN,9.87965886833333,0.0268477772656999,10.5212189161457,NaN,7.57895924487592,21.8808020791775,NaN,,1298.40502298384,30.0004038451614,168.347672290941,1.504587164,105.01568265907,2.448491044,3.55513372191325,0.287959908261025,98.8950412423285,NaN,NaN,NaN,NaN,13.9589403530037,0.0179999992251396,12.6133598777042,112.048321392718,6.5861602053035,27.1095920915105,0.00257052405213246,,1301.11332562791,30.0007588857724,166.263676258498,1.296289432,105.010581258685,4.246096186,3.29273256114429,0.56900693889249,98.5491947546792,NaN,NaN,NaN,NaN,17.039925795,0.0338416931928378,7.36455427180718,16.9060378850203,7.58692879973615,15.4134554349595,0.0336576348908581,,1300.508826039,30,167.736506383952,1.691147448,105.017984007234,2.232986452,2.84687987032454,0.550774529234294,97.0455911475481,NaN,NaN,NaN,NaN,22.5858411972432,0.0350000001490116,21.46312156783,137.058336058204,6.34990614354173,45.629005823042,0.00401854267118477,,1299.7671955589,30.0009099507743,166.349895880368,1.820052852,105.059297589098,2.331136094,3.28110094655348,0.364703441661274,97.5149198038555,NaN,NaN,NaN,NaN,14.9356969439867,0.0228396763435911,24.4145167556749,111.911612293089,6.36535992452322,50.3337152560897,0.00325905453691976,,1301.12630598004,30,166.607545248555
28.8333333333333,1.501568074,104.691490251876,2.482168506,3.00779394946462,0.69780442484142,99.9996645991308,NaN,NaN,NaN,NaN,10.1522382893333,0.0406694415225979,13.806210671415,NaN,6.56479949000331,28.3389756924308,NaN,,1299.49826590857,30,166.151810050547,1.50053574,104.557100341689,4.68246182,3.21416036608471,0.455017761127315,99.9640902069983,NaN,NaN,NaN,NaN,10,0.0268795116049382,10.6332078733869,NaN,7.57884125588312,22.0913868099392,NaN,,1300.33676022179,30,168.342146932677,1.504587164,105.031273598229,2.448491044,3.52630788830617,0.287835248146111,98.9610557702308,NaN,NaN,NaN,NaN,13.1225137246432,0.0179999992251396,12.5841699055692,112.855006051178,6.58575999930265,27.0532222071802,0.00255283556475505,,1300.66417865159,30.0012510794393,166.258523721405,1.296289432,104.982857245221,4.246096186,3.34059164181896,0.570242602366104,98.6140204685801,NaN,NaN,NaN,NaN,16.8799313145,0.0339197252718925,7.27871889208979,16.822219031685,7.58599996566772,15.2575539633747,0.033898109576159,,1299.42784652212,30,167.731038239767,1.691147448,104.967547323066,2.232986452,2.85673178591606,0.54427353049414,97.0409887281237,NaN,NaN,NaN,NaN,24.6929994188702,0.034598354658301,21.394670274325,137.052314270797,6.35141055280819,45.4675087164684,0.00397129349756691,,1299.42962419286,30,166.344820480486,1.820052852,104.987646014858,2.331136094,3.22976179369505,0.360377233792702,97.5618291834944,NaN,NaN,NaN,NaN,12.1530694733467,0.0225778688028441,24.2481107918712,112.094678341814,6.36514041454703,49.8918661806154,0.00321529327743055,,1300.56868214644,30,166.602387275362
28.9166666666667,1.501568074,104.729788312588,2.482168506,3.00231048682484,0.694239220372477,99.9958093213776,NaN,NaN,NaN,NaN,10.8440042035,0.0404505028381506,13.871330096702,NaN,6.56423682439001,28.4672591267654,NaN,,1301.87142949853,30,166.146281759837,1.50053574,104.54478844741,4.68246182,3.30117386377208,0.45645711770444,100.014189861908,NaN,NaN,NaN,NaN,9.99751900859061,0.0269576201453318,10.5995708707527,NaN,7.57887659164733,22.0281175420228,NaN,,1301.73053187095,30,168.336620079808,1.504587164,105.01755309423,2.448491044,3.51442592935327,0.287889775380709,98.9696686045784,NaN,NaN,NaN,NaN,13.4804521151901,0.0179999992251396,12.5086195554439,112.626697886364,6.5865761138882,26.9073044316919,0.00255669686332369,,1298.83100792033,30,166.25336433947,1.296289432,104.952105678773,4.246096186,3.24225550145821,0.562839477010153,98.6126781607191,NaN,NaN,NaN,NaN,17,0.033495722613295,7.37255689585055,16.7009760641201,7.58549520787684,15.4279989301551,0.0337011742002157,,1299.67667843029,30,167.725571636137,1.691147448,104.991836874705,2.232986452,2.81956141594647,0.542856934397532,97.1808132856527,NaN,NaN,NaN,NaN,25.4721826375078,0.0344991811137706,21.3683951599929,136.954887305565,6.35031516495117,45.4057076818728,0.00396378644037315,,1299.7639089072,30,166.339745816062,1.820052852,105.009694980136,2.331136094,3.26030033716583,0.36256639398647,97.632299984331,NaN,NaN,NaN,NaN,13.9428376819531,0.022698971233861,24.2756790826134,110.842247855087,6.36550107804835,49.964754763362,0.00327186869833396,,1299.94070615749,29.9935760795349,166.597228341424
29,1.501568074,104.691016329812,2.482168506,3.01494737315283,0.69921286012973,99.9901694594362,NaN,NaN,NaN,NaN,10.8356968391048,0.0407506783979578,13.8782956892665,NaN,6.5640404451273,28.4811087567534,NaN,,1301.71331017384,29.9919741070161,166.140753150507,1.50053574,104.579388901986,4.68246182,3.32284724397719,0.452076628549297,100.011568735764,NaN,NaN,NaN,NaN,9.88218641474272,0.0266921822091966,10.6354748055035,NaN,7.57887802418277,22.0956580456696,NaN,,1298.68341402155,30,168.331092552782,1.504587164,104.984770695238,2.448491044,3.50849094082131,0.286800304415925,98.9627351092242,NaN,NaN,NaN,NaN,13.3848818211667,0.0179599501258391,12.4366818050205,114.575981224756,6.587742092855,26.7685996590754,0.00250324317290075,,1300.88077060651,30,166.24821375624,1.296289432,104.998771857696,4.246096186,3.32442285004501,0.559199747043958,98.6076119081508,NaN,NaN,NaN,NaN,17.0400304371667,0.0332607458114352,7.32301005003601,16.5359801577005,7.58483940928657,15.3379847367645,0.0338182252922845,,1300.42952914422,30,167.720105523598,1.691147448,104.990470911404,2.232986452,2.85769926928754,0.540999098357021,97.1482062843729,NaN,NaN,NaN,NaN,21.118473191212,0.0343607894230857,21.4040790501473,136.005743862908,6.34856301292423,45.4896742687731,0.0039778404251595,,1300.91900052849,30,166.334668998892,1.820052852,105.027455029333,2.331136094,3.23513197392112,0.361116055713453,97.5369498461918,NaN,NaN,NaN,NaN,12.7060143398802,0.0226244924061537,24.2615745863649,112.569045546617,6.36499977111816,49.927340525838,0.00320808038760673,,1300.42316004584,30,166.592071051356
29.0833333333333,1.501568074,104.661114215721,2.482168506,2.81780738910115,0.705706247284125,99.9582377343918,NaN,NaN,NaN,NaN,10.6421458930619,0.0405684378277972,13.9130264132316,NaN,6.56400012969971,28.5495089161469,NaN,"Sample 1.50 mL to AMBR-96DWP-4/C9",1301.06510903067,29.9983952306373,165.293011953509,1.50053574,104.503227870921,4.68246182,3.02575900135653,0.459286508782716,99.9803608147768,NaN,NaN,NaN,NaN,9.97376013104809,0.0264803940476298,10.5346668247522,NaN,7.57869300013809,21.9060553554493,NaN,"Sample 1.50 mL to AMBR-96DWP-4/C10",1300.51258131095,29.9957205594225,167.500200617582,1.504587164,104.998853962528,2.448491044,3.31397122438362,0.290109102703205,98.9443436978219,NaN,NaN,NaN,NaN,13.3358865138513,0.0177187869699935,12.4534334678417,108.582437872981,6.58904063956281,26.8008604504661,0.00265461870218541,"Sample 1.50 mL to AMBR-96DWP-4/C11",1299.89517959923,30.0004024286257,165.439581754931,1.296289432,104.999942657403,4.246096186,3.09408166334302,0.571160540175498,98.5526257152896,NaN,NaN,NaN,NaN,17.1204231685,0.0332214636260072,7.30803578496157,16.5315960384583,7.58451859466383,15.3107783203019,0.0344626861910994,"Sample 1.50 mL to AMBR-96DWP-4/C12",1300.47815789572,29.9966305307757,166.946963919404,1.691147448,105.00169997268,2.232986452,2.60753821651057,0.538300156046372,97.0714761427731,NaN,NaN,NaN,NaN,22.7233486161314,0.0335071048462654,21.3720726904801,136.354756931183,6.35025709028083,45.4142837981957,0.00394866517840573,"Sample 1.50 mL to AMBR-96DWP-4/D1",1299.68389191082,29.9950612339349,165.640820275822,1.820052852,105.009897875146,2.331136094,3.02430919684084,0.354736995062611,97.6406065966939,NaN,NaN,NaN,NaN,13.1224627431112,0.0218304876186715,24.2796862690343,111.327860090852,6.36533061313191,49.975350997358,0.00318106235859451,"Sample 1.50 mL to AMBR-96DWP-4/D2",1299.10737530023,29.997090876542,165.912448191306
29.1666666666667,1.501568074,104.677249382807,2.482168506,3.00918639964481,0.706993688308399,100.052912743786,NaN,NaN,NaN,NaN,10.879527943,0.0405114772414683,13.9745476292395,NaN,6.56416078935087,28.670928056539,NaN,,1301.16977174179,30.005925188642,164.335699357825,1.50053574,104.548126342527,4.68246182,3.33928117896179,0.457267189523864,100.052308702065,NaN,NaN,NaN,NaN,10.4279173012852,0.0263041303474726,10.6125313145492,NaN,7.57816060576155,22.052494349194,NaN,,1301.98095120568,29.9998626859601,166.526039034435,1.504587164,104.999278115723,2.448491044,3.53534915167523,0.290405938461721,99.0178374375357,NaN,NaN,NaN,NaN,13.5787903626487,0.0179028829526012,12.511529833786,111.98288513817,6.5882839103578,26.9129334778205,0.00254062872374671,,1297.90831445244,30,164.44389819004,1.296289432,105.001167541815,4.246096186,3.28661851719907,0.573792866390606,98.6844659934164,NaN,NaN,NaN,NaN,17.4008101417078,0.0332809780816751,7.27983383805133,16.5425533547312,7.58462670661989,15.2595698929184,0.0343792578118385,,1300.44051819263,29.9973505390784,165.915165605136,1.691147448,104.989149938512,2.232986452,2.87661398621039,0.538140263425044,97.1573042595127,NaN,NaN,NaN,NaN,22.1696481763686,0.0332495582470973,21.3693406260776,137.029192072713,6.35159020198004,45.4080762223198,0.0039310126557515,,1298.58958907167,29.9977131579262,164.530509735172,1.820052852,104.99464697536,2.331136094,3.25474876269645,0.354650088792249,97.7144424518908,NaN,NaN,NaN,NaN,12.9707269957221,0.02160799854587,24.2150517562632,111.543668382812,6.36519083728949,49.8044450726793,0.00315343491602277,,1299.76274610387,29.9960806578004,164.787757882142
29.25,1.501568074,104.712224570801,2.482168506,3.03639399446569,0.701441459012999,100.013396017609,NaN,NaN,NaN,NaN,10.9196912891667,0.0404380449931539,13.9512818755117,NaN,6.56404025295989,28.6248987234081,NaN,,1299.84120203265,30.0100002288818,164.330171960861,1.50053574,104.497698368066,4.68246182,3.31440945510392,0.456400280651942,100.028499325205,NaN,NaN,NaN,NaN,10.0804352175,0.0266793569256169,10.5644603407274,NaN,7.57799959182739,21.9620739269146,NaN,,1300.78200561381,30,166.520513593648,1.504587164,105.007893824326,2.448491044,3.48951962614168,0.291117141199664,99.0035982561599,NaN,NaN,NaN,NaN,13.4385819514614,0.0179769580933115,12.4992840410902,111.112455972865,6.58951583317595,26.8893601691329,0.00262418173908216,,1301.4907693853,30,164.438743850047,1.296289432,104.924974877943,4.246096186,3.22777445854013,0.568463649333074,98.7377714366657,NaN,NaN,NaN,NaN,16.6806050969589,0.0334497074825429,7.24970789592565,16.338031305849,7.58404037807129,15.2048678541635,0.0347946174186594,,1299.22483459629,30,165.909697125046,1.691147448,105.030497092906,2.232986452,2.87781195929841,0.531328659423944,97.2754992890561,NaN,NaN,NaN,NaN,20.4628377906417,0.0333514917084832,21.3767172045836,136.736063515388,6.34846191108293,45.4256492682215,0.00388579281138832,,1299.79190722686,30.0004016428777,164.525428658623,1.820052852,104.97191425209,2.331136094,3.29061859376422,0.352311190410775,97.6903210576422,NaN,NaN,NaN,NaN,13.4510719771302,0.0218437311968065,24.3088379178345,113.608201267188,6.36455809700619,50.0527756191972,0.00310121863254108,,1300.03794499298,30.0080485710746,164.782602649101
29.3333333333333,1.501568074,104.708330243678,2.482168506,2.98793809161674,0.70547609837388,99.982448158015,NaN,NaN,NaN,NaN,10.9600260243333,0.0406566704277048,13.884577702086,NaN,6.56400012969971,28.4933899749903,NaN,,1300.2937020499,30.0061642136727,164.324643156854,1.50053574,104.562835760594,4.68246182,3.23803338386019,0.453447801300998,100.001012833899,NaN,NaN,NaN,NaN,10.0804815541667,0.0265023267887869,10.4530384331916,NaN,7.57774258525789,21.7527192940661,NaN,,1300.328217374,30,166.514989242059,1.504587164,104.99898743856,2.448491044,3.51397143968681,0.290586059354961,99.0215595995276,NaN,NaN,NaN,NaN,13.318087997304,0.0179598129254055,12.4939178569042,112.499181909854,6.59104689310638,26.8789974310828,0.00258352712388818,,1300.27910647847,30.0033059919064,164.433578612015,1.296289432,104.981453883931,4.246096186,3.26804586723421,0.568943291379512,98.6678553725225,NaN,NaN,NaN,NaN,17.0448003756667,0.0334735893797741,7.26101276572546,16.3680914116181,7.58391977473523,15.2253900988237,0.0347591746332264,,1300.19173771958,30,165.904229994112,1.691147448,105.0201128594,2.232986452,2.86732796033212,0.527644371189541,97.2196037391258,NaN,NaN,NaN,NaN,24.6299013079503,0.0331208209877034,21.3535239384256,136.832724127226,6.34963897277809,45.3707141677015,0.00385612277221319,,1299.4134614249,30,164.520346221039,1.820052852,104.989795877173,2.331136094,3.28784326770141,0.346479613271613,97.6898923509169,NaN,NaN,NaN,NaN,16.0826038165646,0.0214757167948905,24.304275036573,113.189934862014,6.36432336421988,50.040572061696,0.00306114660403801,,1300.72441505081,30.0100002288818,164.777448388798
29.4166666666667,1.501568074,104.746532112854,2.482168506,3.04167961223307,0.702505608351486,100.026905351932,NaN,NaN,NaN,NaN,10.879965968,0.0404814838275237,13.8563939542374,NaN,6.56400012969971,28.4377984333536,NaN,,1299.45409082437,30,164.319113954242,1.50053574,104.596546912038,4.68246182,3.23765846490233,0.447113641584542,100.004964412337,NaN,NaN,NaN,NaN,9.99899443360965,0.0261195197669681,10.5608270207992,NaN,7.57720079798389,21.9552499923038,NaN,,1300.33399681662,30,166.509463381505,1.504587164,104.999203682082,2.448491044,3.53090586079615,0.290318474527566,99.0321702033309,NaN,NaN,NaN,NaN,13.2782562467885,0.0179598789562933,12.5174018727908,114.238126679604,6.59130471429762,26.9243071967392,0.0025414017863771,,1299.85457907107,30.0079398344225,164.428423194244,1.296289432,105.002940148011,4.246096186,3.24912140923735,0.562541984487755,98.6948598580653,NaN,NaN,NaN,NaN,17.4366930991667,0.0330802436828046,7.29413801630738,16.2476498615811,7.58311535232981,15.2855381050981,0.0346231922740231,,1300.32878733181,30,165.898760823728,1.691147448,104.992974495178,2.232986452,2.85651789717631,0.526293460768691,97.2381099394168,NaN,NaN,NaN,NaN,25.5683644217522,0.0330403862716981,21.3716795339857,136.56073701989,6.34795227306346,45.4133575083012,0.00385392168385461,,1299.50413246799,30,164.515264244513,1.820052852,104.988854003592,2.331136094,3.2529513705816,0.351175263940773,97.7344580304367,NaN,NaN,NaN,NaN,13.5150479126385,0.0217653933286273,24.2735491499138,113.341319872172,6.36411655528843,49.95912435212,0.00309896238543972,,1299.28115336374,30.0063551573851,164.772292925894
29.5,1.501568074,104.713062277411,2.482168506,2.99923279427745,0.69708780452085,100.02131660098,NaN,NaN,NaN,NaN,10.9197050093333,0.0401758228417466,13.9552805311216,NaN,6.56399955796535,28.632833905883,NaN,,1299.89029761888,30.000403521784,164.313584830333,1.50053574,104.556865574374,4.68246182,3.36848689027994,0.448523001759504,100.011216545957,NaN,NaN,NaN,NaN,9.84032341405702,0.0262019138734283,10.5623865045579,NaN,7.57699966430664,21.9581664676328,NaN,,1299.00540084047,30,166.503936106604,1.504587164,105.022351367293,2.448491044,3.46882471302381,0.291984758640643,99.0310632360972,NaN,NaN,NaN,NaN,13.5182254614038,0.0179999992251396,12.4929075754415,108.80269143311,6.59083457232915,26.8769990510887,0.00268562184413969,,1299.63637810858,30.0044223392053,164.423260133399,1.296289432,104.998746307341,4.246096186,3.29618760476369,0.561799365789321,98.6946553071764,NaN,NaN,NaN,NaN,16.7996442766667,0.0330373514120478,7.31294626391166,16.0897762802959,7.58260143171488,15.3196972577758,0.034916942341596,,1300.0176712439,30,165.893290501839,1.691147448,105.006532035409,2.232986452,2.85471667188246,0.525739825028608,97.230010594788,NaN,NaN,NaN,NaN,23.6055664899892,0.0329999998211861,21.2677868987561,136.759754648799,6.34892551429672,45.1694919833389,0.00384426158868074,,1299.7539321254,30,164.510182378165,1.820052852,105.011956568882,2.331136094,3.30353198260229,0.352947820934051,97.6728542617832,NaN,NaN,NaN,NaN,13.6463121732897,0.0218715810491163,24.3071716800977,113.541561240819,6.36399984359741,50.0483178397388,0.00310889444266314,,1300.56931075654,30.0028876965672,164.767138159088
29.5833333333333,1.501568074,104.791066671695,2.482168506,3.05522374377964,0.703871029661632,99.9685368109226,NaN,NaN,NaN,NaN,10.9199037658333,0.040546460443197,13.8834358825488,NaN,6.56436146710415,28.4911119792456,NaN,,1301.26360915707,30.0003994117916,164.308055353906,1.50053574,104.528937831436,4.68246182,3.30827067411806,0.444929637223548,99.9902305381018,NaN,NaN,NaN,NaN,9.83949558083333,0.0260000005364418,10.517050978529,NaN,7.5767540578093,21.8729736778026,NaN,,1300.56085206455,30,166.498410538914,1.504587164,105.031798540527,2.448491044,3.4727323859037,0.291289812667514,99.0064185144381,NaN,NaN,NaN,NaN,13.7160958883756,0.0179999992251396,12.5378030742478,112.753252068014,6.59148177288797,26.9636565409305,0.00258363477107825,,1300.54909408368,29.9992172957274,164.418094304681,1.296289432,104.987549652174,4.246096186,3.22258422758539,0.56271408716577,98.6726841230035,NaN,NaN,NaN,NaN,16.8490927383194,0.0330827364798564,7.33524770617669,15.9764134852026,7.58199977874756,15.3602158327409,0.0352251228198113,,1298.60712321,29.99517804343,165.887819995513,1.691147448,104.978977979811,2.232986452,2.82412918235209,0.524395566621262,97.2866873539491,NaN,NaN,NaN,NaN,27.0590884088644,0.0329198481265093,21.374575262323,136.769486594901,6.3497413234632,45.4201539408414,0.0038341588646888,,1300.67978048545,30,164.505101071243,1.820052852,105.036138419051,2.331136094,3.23122619104105,0.355111651214442,97.731548474077,NaN,NaN,NaN,NaN,13.349554534877,0.0219999998807907,24.3061982953518,113.52364507869,6.36391950756603,50.0458367834786,0.00312849338280265,,1299.94627679306,30,164.7619811879
29.6666666666667,1.501568074,104.706840411877,2.482168506,2.94857624632633,0.695501341739618,100.025232477076,NaN,NaN,NaN,NaN,11,0.0400806181164757,13.9544728963274,NaN,6.563839098177,28.6311832325655,NaN,,1299.5272340697,30.0008070377579,164.302525403137,1.50053574,104.545120510007,4.68246182,3.28340302789118,0.444896080272267,99.989054307151,NaN,NaN,NaN,NaN,9.68437947154168,0.0260000005364418,10.4815745734424,NaN,7.57599973678589,21.8063021622022,NaN,,1300.19215762874,30,166.492886383616,1.504587164,105.004449600462,2.448491044,3.57969627384613,0.291579275604223,99.0404295839114,NaN,NaN,NaN,NaN,13.4870337562695,0.0179999992251396,12.4684195131791,111.053631062365,6.59350083408922,26.8297929412269,0.00263022081988009,,1298.75756101572,29.9971656496884,164.412936122806,1.296289432,105.000928888793,4.246096186,3.28425769851078,0.562040378386717,98.6885870699871,NaN,NaN,NaN,NaN,17.5118584418473,0.0330388971719872,7.33269025090542,15.8749443777443,7.58187937219584,15.3555636105631,0.0354049751049043,,1300.77502918218,30,165.882347984569,1.691147448,104.946024396877,2.232986452,2.9086044560699,0.523531373694454,97.3098789697813,NaN,NaN,NaN,NaN,27.5151579521356,0.0328796400801454,21.2826901312622,136.653624741604,6.34922171360896,45.2042983062085,0.0038310789548436,,1298.07793174442,30,164.50002086009,1.820052852,105.008005162584,2.331136094,3.24811164036029,0.351125296733865,97.759678022624,NaN,NaN,NaN,NaN,15.0111716328333,0.0217586696879003,24.2367398479606,113.708254877061,6.36399984359741,49.861740876402,0.00308805087557572,,1299.64634144093,29.9939745462698,164.756825225446
29.75,1.501568074,104.73020791804,2.482168506,2.99379362187332,0.698433380212446,100.006569769686,NaN,NaN,NaN,NaN,10.992521743349,0.0402405230115316,14.062254025146,NaN,6.56391977205422,28.8440841168707,NaN,,1300.53297194668,29.9979510482893,164.29699642193,1.50053574,104.543497067053,4.68246182,3.2841597356613,0.444937746998523,100.026234374291,NaN,NaN,NaN,NaN,9.87490335662499,0.0260000005364418,10.469875143716,NaN,7.57535994263071,21.7843452794141,NaN,,1301.71650527544,30,166.487361570427,1.504587164,105.024033505009,2.448491044,3.53831737291108,0.291778571046644,99.0349272425887,NaN,NaN,NaN,NaN,13.6306190302305,0.0179999992251396,12.3828228966841,110.237113525816,6.59666289381481,26.6648056656609,0.0026474973997584,,1299.5478215178,30,164.40776581285,1.296289432,104.979920244461,4.246096186,3.32246165115188,0.561356100727026,98.712528459971,NaN,NaN,NaN,NaN,17.0404545528718,0.0330013257986718,7.31330715316547,15.7050932298522,7.5809432180935,15.3203521637619,0.0357516062219656,,1299.94191107255,30.0012010054982,165.876876561319,1.691147448,105.00713293861,2.232986452,2.77510595197422,0.516383968147853,97.3138215630442,NaN,NaN,NaN,NaN,27.010534652211,0.032414094569484,21.3583376965405,136.492629612611,6.34886161351803,45.3821354833952,0.00378321107706653,,1299.87906029856,30.0022322436542,164.494941332917,1.820052852,105.000742799276,2.331136094,3.24265370737923,0.343670352646913,97.8025565483858,NaN,NaN,NaN,NaN,14.7755228005,0.0212981571729164,24.2133527037603,113.645896208087,6.36403988957987,49.800055554684,0.00302436310522016,,1300.98450648197,29.9943837071279,164.751670519525
29.8333333333333,1.501568074,104.72960730893,2.482168506,3.00543464525011,0.696161205100688,99.988479408598,NaN,NaN,NaN,NaN,10.8411229890587,0.040120151871593,14.0338438015658,NaN,6.5634774866119,28.7879101996049,NaN,,1298.887815218,29.997235889671,164.291468348593,1.50053574,104.58785623744,4.68246182,3.22986476327054,0.445784195741513,100.019336625616,NaN,NaN,NaN,NaN,9.9597794915,0.0260402162555337,10.5213190011184,NaN,7.57424316426134,21.8810330930352,NaN,,1299.21985095552,29.9935817993208,166.481836396897,1.50578391395655,105.002912299806,2.448491044,3.55163156904301,0.28932298134866,99.0471617240883,NaN,NaN,NaN,NaN,13.2477436198333,0.0178798660650474,12.4507305147268,112.878850631784,6.5991635419884,26.7956853329525,0.00256324183772521,,1299.18762793634,30.0044324655788,164.403738419388,1.296289432,105.018372810508,4.246096186,3.26471704823093,0.561516700973097,98.8207277980125,NaN,NaN,NaN,NaN,17.8655997876282,0.0329999155814368,7.26556172123422,15.6652956556153,7.58003945777195,15.2336503645642,0.0358447933881061,,1298.3023937741,30.0003998735855,165.871404943785,1.691147448,105.005960606688,2.232986452,2.8555090044733,0.514314067965289,97.3521534880786,NaN,NaN,NaN,NaN,26.4347971435055,0.0322602254201281,21.2192112113889,135.517526464293,6.34867926128067,45.055464911101,0.00379516611418054,,1299.04329942238,30.0057916367453,164.489857972488,1.820052852,104.990222771087,2.331136094,3.30405607824639,0.340107809589997,97.8441217807358,NaN,NaN,NaN,NaN,14.5256005021498,0.0210804451689142,24.361571370118,113.928639729533,6.36408032145102,50.1929255398993,0.00298558915257461,,1299.86039064785,29.9995995323842,164.746515597307
29.9166666666667,1.501568074,104.706080783673,2.482168506,3.00523454321035,0.694797018673643,100.008283845792,NaN,NaN,NaN,NaN,10.9654388470923,0.0400400329615611,13.9368952436581,NaN,6.56300020217896,28.5965456819012,NaN,,1299.83647648672,30,164.285940225605,1.50053574,104.563460352363,4.68246182,3.29236267569579,0.44440343247651,99.9793931424586,NaN,NaN,NaN,NaN,10.0690055495462,0.0259599121463708,10.4659296939059,NaN,7.57399988174438,21.7769654373018,NaN,,1300.80125992607,30,166.47630998725,1.51456415150272,104.997114573154,2.448491044,3.53290483916132,0.292175223898126,99.0464945443597,NaN,NaN,NaN,NaN,13.073820112982,0.0179999992251396,12.5583082806165,107.613570792872,6.59941208145114,27.0032413025454,0.00271734641040002,,1300.42828318224,30.0048210440273,164.407074071602,1.296289432,104.97075888383,4.246096186,3.2636967692874,0.561442048748179,98.7470091720536,NaN,NaN,NaN,NaN,17.9599558025,0.0330000649407827,7.3036957586129,15.6026693824028,7.57996014571226,15.3029037219093,0.0359841266199946,,1300.38622085389,30,165.8659319007,1.691147448,104.98520814377,2.232986452,2.85156258950767,0.51311605438645,97.3492156361976,NaN,NaN,NaN,NaN,25.4121135592168,0.0321811553026583,21.2814694640137,135.453905155073,6.34794749339591,45.2014109689907,0.00378813011841249,,1300.6093052276,30.0003984232763,164.484771736782,1.820052852,104.983455502882,2.331136094,3.24044443933239,0.338727014173738,97.8822843789897,NaN,NaN,NaN,NaN,14.0031002461441,0.0210001911663924,24.1921101627236,113.96939830156,6.36351736832024,49.7439634629657,0.00297257021745489,,1301.08904164293,30,164.741362510952
30,1.501568074,104.703233709786,2.482168506,3.01841048882886,0.700434033970429,99.9763637651645,NaN,NaN,NaN,NaN,10.6366405527563,0.0403616098514206,13.879181855156,NaN,6.56308064244062,28.4826923484757,NaN,,1300.67548722902,30,164.280412133538,1.50053574,104.597843520544,4.68246182,3.2394516939487,0.445121678996664,99.9771757999363,NaN,NaN,NaN,NaN,9.97072839778713,0.0260000005364418,10.4686177576975,NaN,7.57397385839489,21.7820248509631,NaN,,1300.31422255152,30,166.47078437913,1.52995293250089,104.959330573368,2.448491044,3.49178550791537,0.291330450122915,99.0602920200198,NaN,NaN,NaN,NaN,13.6079043818513,0.0179999992251396,12.4917715722369,111.64868454944,6.59901757947873,26.8748224743473,0.00260959395350676,,1301.04803359167,30,164.417430461595,1.296289432,105.017552536635,4.246096186,3.30399305729947,0.560202986916033,98.7623326135938,NaN,NaN,NaN,NaN,17.9456917856667,0.0329195739234751,7.25767377765136,15.4554803079666,7.57942365170025,15.219336628827,0.0362555044319221,,1299.65476100858,30,165.860459220704,1.691147448,105.020244564179,2.232986452,2.81529091539546,0.510921284853122,97.4711835368085,NaN,NaN,NaN,NaN,26.0042934089001,0.0320405426191498,21.2205815409753,135.47504210816,6.34812850073668,45.0586503891853,0.00377134200979354,,1299.12267654042,30.0033192012214,164.479686386269,1.820052852,105.037364479006,2.331136094,3.31086882891769,0.337565301764864,97.9285110982517,NaN,NaN,NaN,NaN,12.5200894181518,0.0209196661148769,24.2238965427899,113.931221191066,6.3631077191328,49.8281714542466,0.00296326988925693,,1298.74457551631,30.0004773058044,164.736208880348
30.0833333333333,1.501568074,104.746771146786,2.482168506,3.02939487152375,0.694900802086574,100.020539953062,NaN,NaN,NaN,NaN,10.2102966094104,0.0400401568254787,13.9099379209469,NaN,6.5629196099802,28.5435026485614,NaN,,1300.44050172931,29.9951794730661,164.274884498758,1.50053574,104.555960813238,4.68246182,3.18250522396628,0.445113046498789,100.051691103569,NaN,NaN,NaN,NaN,10.0002110835,0.0260000005364418,10.4472513950607,NaN,7.57295947611761,21.7418756913153,NaN,,1299.01775753871,30,166.465258011754,1.534758586,104.969628867117,2.448491044,3.48105904354009,0.29122655010493,99.0889564495269,NaN,NaN,NaN,NaN,13.3207528609166,0.0179599230498851,12.4607618055856,108.905724339862,6.59684489519467,26.8150312911034,0.0026791609003658,,1298.97605242298,29.9995985957161,164.417279114307,1.296289432,105.060990469926,4.246096186,3.29793525365892,0.558403638652807,98.8102487545666,NaN,NaN,NaN,NaN,17.2514529735,0.032799224818583,7.31937349906158,15.4003552857378,7.5789999961853,15.3313858006465,0.0362601066559641,,1300.23329972636,29.9938773156411,165.854985394943,1.691147448,105.019107437235,2.232986452,2.86600919139189,0.509028572351049,97.2898376318859,NaN,NaN,NaN,NaN,24.8150538936103,0.0319196902254966,21.2338857577487,135.482938630851,6.34752791107557,45.0898570154391,0.00375714135656645,,1300.06381109356,30.0039087653675,164.474600254401,1.820052852,105.025278402,2.331136094,3.24052576256692,0.334315487402136,97.9189648377274,NaN,NaN,NaN,NaN,13.7381468222156,0.020719161768345,24.2601542942493,114.612833058845,6.36316435228444,49.9235936309836,0.00291705321096971,,1300.92409016415,30.0015269907426,164.731054043212
30.1666666666667,1.501568074,104.772129096522,2.482168506,3.00980368879064,0.695787257406405,100.030343270744,NaN,NaN,NaN,NaN,10.3455139408333,0.0400803543631079,13.9397550029526,NaN,6.56287946648584,28.6022845629152,NaN,,1299.87291480975,30,164.269355363407,1.50053574,104.606239582012,4.68246182,3.24983216774464,0.443719607367938,100.005622842368,NaN,NaN,NaN,NaN,10.3219960658333,0.0259199419736525,10.4351274398784,NaN,7.57287914155379,21.7190826637198,NaN,,1299.69854865586,30,166.459731921135,1.534758586,104.984683620529,2.448491044,3.38602070071331,0.288492817160286,99.09400917743,NaN,NaN,NaN,NaN,13.5051432605475,0.0177981576206817,12.569080322574,109.533472125868,6.59435348619124,27.0240972133372,0.00263414688672363,,1300.24075900957,30,164.412106447235,1.296289432,105.020306461871,4.246096186,3.33473118233869,0.558353028253489,98.8462721191852,NaN,NaN,NaN,NaN,17.8379873798333,0.0327992223007539,7.40497826358479,15.6328091908402,7.57835100262461,15.4869292247374,0.0357175881637486,,1299.33723556255,29.990871528239,165.849509988603,1.691147448,105.039593800901,2.232986452,2.79002792320446,0.507881020593874,97.4625394843026,NaN,NaN,NaN,NaN,26.8219974191443,0.031839086939483,21.2617019802532,135.514576609838,6.35019261094363,45.1550565188166,0.0037478005391558,,1299.12304484795,30,164.469513885839,1.820052852,105.009750140278,2.331136094,3.30125761094233,0.334262147069261,97.9227819621138,NaN,NaN,NaN,NaN,14.3128207095914,0.0207186013497531,24.2532272016759,114.392659583131,6.36399984359741,49.9053770270837,0.00292276496853204,,1299.976681612,30,164.725901319192
30.25,1.501568074,104.748893256158,2.482168506,2.97445088093479,0.695055743204117,99.9744259453356,NaN,NaN,NaN,NaN,10.2966186438333,0.0400400443317508,14.0663773708288,NaN,6.56291999092026,28.852252759414,NaN,,1302.05099061029,30,164.263826069993,1.50053574,104.56211406202,4.68246182,3.24606878408415,0.444098009214235,99.997547986867,NaN,NaN,NaN,NaN,10.321278734,0.0259454979871368,10.4696222842399,NaN,7.57238321423034,21.7838580777017,NaN,,1299.8637455827,30,166.454206118638,1.534758586,105.005890245428,2.448491044,3.49832795735329,0.290039620053732,99.1251279106552,NaN,NaN,NaN,NaN,13.627711748536,0.0179196685621001,12.5332236150076,112.031836280626,6.5929470465177,26.9548230614966,0.00258901702341837,,1299.2641608191,30.0043976379821,164.40694385842,1.296289432,105.00505153488,4.246096186,3.26423246607159,0.561036951857167,98.7746601320026,NaN,NaN,NaN,NaN,18.0400610915,0.0329599560320432,7.37863510489249,15.4915705826081,7.57795981798343,15.439056299804,0.0362206095454858,,1298.91670777505,30,165.844035926267,1.691147448,105.002978914439,2.232986452,2.81609213441474,0.505260653055803,97.443290133365,NaN,NaN,NaN,NaN,23.6618785705453,0.0316786982031133,21.230225203283,135.622964731544,6.34620010869873,45.0812446985961,0.00372548064908592,,1299.51527215784,29.9987958772421,164.464426797555,1.820052852,105.008476465679,2.331136094,3.25846968417848,0.329703110893193,97.9443446886486,NaN,NaN,NaN,NaN,13.9562891464141,0.020444735418221,24.1380259146793,114.767060141569,6.36323976050803,49.6017307031988,0.00287292969794672,,1300.02497126459,30.0011658408017,164.720748987907
30.3333333333333,1.501568074,104.682639868852,2.482168506,2.88530188550263,0.695587257365013,100.013288342043,NaN,NaN,NaN,NaN,10.3385554306667,0.0400805092632551,14.0712982695331,NaN,6.56229980490659,28.8619955633732,NaN,,1299.32883716754,30,164.258296641828,1.50053574,104.563126054237,4.68246182,3.22856961711697,0.439830031372516,99.9795543746463,NaN,NaN,NaN,NaN,10.2413897688333,0.0256937849619538,10.5069928458203,NaN,7.57165887233215,21.8540750075416,NaN,,1299.59331274258,30,166.448681782865,1.534758586,105.037954518878,2.448491044,3.50937541856055,0.289971335418403,99.1097428659921,NaN,NaN,NaN,NaN,13.709627084,0.0178392907574741,12.4943339775071,106.158588492895,6.59276233590802,26.8797525254923,0.00273314819329506,,1299.79710550162,29.9919483201604,164.401771457694,1.296289432,105.030952781609,4.246096186,3.25858528460779,0.558249329815625,98.8094441903413,NaN,NaN,NaN,NaN,17.8793720715,0.032799303896282,7.34906498888267,15.4514599863505,7.57707759873149,15.3853144880135,0.0361299800437028,,1299.73602782994,30,165.83856272101,1.691147448,105.014866010051,2.232986452,2.85737724568748,0.507190133594576,97.3944482725774,NaN,NaN,NaN,NaN,25.4312980347101,0.0317989490493081,21.1303940290719,135.376130935094,6.34833651827263,44.848028058101,0.00374651870318031,,1299.03763563451,30,164.459341033092,1.820052852,105.010469936512,2.331136094,3.22276125836741,0.330402237496794,97.9289434159551,NaN,NaN,NaN,NaN,13.4303856645,0.0204786560063985,24.1885091588569,114.389910108018,6.36236505532867,49.7344556280938,0.00288877535350737,,1298.95858819787,30.0008435206829,164.715597176059
30.4166666666667,1.501568074,104.699337712481,2.482168506,2.9709882584196,0.69635880064756,99.979205530949,NaN,NaN,NaN,NaN,10.7591108077716,0.0401339405351415,14.1877257758049,NaN,6.56203997048178,29.0924403204602,NaN,,1298.6937220133,30,164.25277015067,1.50053574,104.578003758888,4.68246182,3.30731685256451,0.443048101316734,100.038654663623,NaN,NaN,NaN,NaN,10.1604053633333,0.0258794397380137,10.5543896378157,NaN,7.57145078708301,21.9431936196143,NaN,,1300.02924025476,29.9971285793682,166.443156335539,1.534758586,105.011689651936,2.448491044,3.47042778327574,0.28715739844952,99.1104726056164,NaN,NaN,NaN,NaN,13.4067917636667,0.0177194622433643,12.4684571968913,110.601221842764,6.59231480162443,26.8298365876821,0.00259668144827056,,1299.00088473004,29.9956182584822,164.396598659977,1.296289432,104.983751753006,4.246096186,3.28243520282253,0.559048461062255,98.7759826149886,NaN,NaN,NaN,NaN,17.4829043273333,0.0328448322674413,7.41545236317047,15.4528412484339,7.57688557955697,15.5059715428124,0.0361817157555673,,1299.74681126919,30.0071491474414,165.833089200226,1.691147448,105.014041093677,2.232986452,2.77722050399104,0.502328789511966,97.4980780104338,NaN,NaN,NaN,NaN,26.24335615849,0.0314870407632092,21.252532616997,135.009205381348,6.34605693939061,45.1334872060395,0.00372067504103809,,1300.28159793461,30.0002980811125,164.454254026291,1.820052852,105.0069375933,2.331136094,3.24393099684699,0.325254750016486,98.0389049623789,NaN,NaN,NaN,NaN,13.2566779736667,0.020160950116847,24.1791206473569,114.608390865047,6.36216043484915,49.7098129331842,0.00283815637276298,,1300.28071640577,30,164.710444408999
30.5,1.501568074,104.722303904632,2.482168506,2.96076330028869,0.695449063659854,100.01047683591,NaN,NaN,NaN,NaN,10.5969348662284,0.0400666309001916,14.1044402190395,NaN,6.56190941115615,28.9274824842667,NaN,,1300.42884981586,30,164.247242927665,1.50053574,104.607767214035,4.68246182,3.26869840684507,0.441836671393428,99.9621489209938,NaN,NaN,NaN,NaN,10.0402541621667,0.0257978043647993,10.3337462432766,NaN,7.57124254092497,21.5289151229252,NaN,,1299.54259179215,29.9984552907636,166.43762982613,1.534758586,104.969690991009,2.448491044,3.45907725621438,0.28441967351897,99.0811386436982,NaN,NaN,NaN,NaN,13.5184346753333,0.0175182455728449,12.3696157391802,107.104158983922,6.58811227678614,26.6393734807404,0.00265919518940138,,1300.49594885451,30,164.391431602149,1.296289432,105.033695798744,4.246096186,3.28848506547927,0.55064015142105,98.8459682630047,NaN,NaN,NaN,NaN,17,0.0323524294547367,7.35512844375595,15.5217304961583,7.5765530747627,15.3963333826609,0.0354753838473101,,1299.80384164876,30.0008881862977,165.827616647638,1.691147448,105.013950957064,2.232986452,2.83789601371357,0.495848640291742,97.5007432605314,NaN,NaN,NaN,NaN,23.2405783855387,0.0310808751395287,21.2090384789026,135.060718635447,6.34857630263798,45.0317105278665,0.00367130692507765,,1299.58820551426,30.0063940021959,164.449166902078,1.820052852,104.986742661957,2.331136094,3.22483913548862,0.323376762832283,97.9776319004367,NaN,NaN,NaN,NaN,14.759372343767,0.0200402172632241,24.267949759781,114.067455417171,6.36216031764415,49.9442232013353,0.00283553834036245,,1299.74066307446,30,164.705291099951
30.5833333333333,1.501568074,104.74304377964,2.482168506,2.789660693464,0.697562646097194,99.9968846380801,NaN,NaN,NaN,NaN,10.7184149001667,0.039919504290003,14.1149131163122,NaN,6.56112179710452,28.9482013036041,NaN,"Sample 1.50 mL to AMBR-96DWP-4/E5",1299.82789116974,29.9959355487776,163.456312993285,1.50053574,104.599979888389,4.68246182,3.07710734324003,0.444691136154112,99.9958224687255,NaN,NaN,NaN,NaN,10.0339820507437,0.0254010574327674,10.4065797333681,NaN,7.57191897266415,21.6655055399194,NaN,"Sample 1.50 mL to AMBR-96DWP-4/E6",1298.99578502289,30.0040127091682,165.665450351679,1.534758586,104.96877684503,2.448491044,3.29848589867399,0.289606757205344,99.0594170071246,NaN,NaN,NaN,NaN,13.5988168656667,0.0174062897340282,12.4639567738143,108.445315137114,6.58981219780589,26.8211733423399,0.00266298304811923,"Sample 1.50 mL to AMBR-96DWP-4/E7",1301.99323131227,29.9960731584405,163.639310084634,1.296289432,105.000852599913,4.246096186,3.04941778545519,0.552125938529868,98.8019584077422,NaN,NaN,NaN,NaN,17.2404754125,0.032330673300127,7.38905944573735,15.5306224759905,7.57604905859849,15.4579972753784,0.0355934965637135,"Sample 1.50 mL to AMBR-96DWP-4/E8",1301.33938532954,29.9971875244574,165.095125587274,1.691147448,105.026369971689,2.232986452,2.65480464461809,0.497454204334854,97.3397125845769,NaN,NaN,NaN,NaN,22.1768564573825,0.030655157194544,21.1933875761768,135.486433533466,6.34488800809391,44.9950213097413,0.00365887573112409,"Sample 1.50 mL to AMBR-96DWP-4/E9",1299.55216381179,29.9962960390527,163.735650239799,1.820052852,104.974637914317,2.331136094,3.0249449628122,0.324525246752105,97.9699008564569,NaN,NaN,NaN,NaN,14.9949899382962,0.0198196252600662,24.2602006296803,114.264371943207,6.36266208675126,49.9237031428917,0.0028330220645239,"Sample 1.50 mL to AMBR-96DWP-4/E10",1300.30305020842,30.00281090378,164.069437455163
30.6666666666667,1.501568074,104.743523267591,2.482168506,3.01496680142606,0.70188810999924,100.046308257777,NaN,NaN,NaN,NaN,10.8395006,0.0399999991059303,14.1853231414157,NaN,6.56184366782172,29.0876306200907,NaN,,1298.27881430453,29.9956227241211,162.442186970235,1.50053574,104.542644589765,4.68246182,3.22897909194047,0.44812600361848,100.078361860757,NaN,NaN,NaN,NaN,10.0865503587563,0.0253640012934405,10.4140802474436,NaN,7.57283644043129,21.6796084336563,NaN,,1300.84399205536,30,164.632579052901,1.534758586,104.975810944443,2.448491044,3.50492880579492,0.292248632437073,99.1947592185826,NaN,NaN,NaN,NaN,13.3568615131195,0.01724074199825,12.5132471181177,109.14588520464,6.58964245526609,26.9162869888534,0.00265350792477461,,1299.73921368685,29.998706273903,162.587088525924,1.296289432,104.958503940854,4.246096186,3.27284428488197,0.551424633710052,98.805539687195,NaN,NaN,NaN,NaN,17.5849866906667,0.0321205011415109,7.452015322672,15.5628017111787,7.57569624656739,15.5724592810334,0.0355872387826515,,1301.00076770881,30,164.022669756871,1.691147448,105.0130570683,2.232986452,2.84528988356787,0.495268740805801,97.6013385565615,NaN,NaN,NaN,NaN,22.4004517909965,0.0302410193317873,21.1887273123761,136.470408239308,6.34520044416051,44.9841480324902,0.00357574043993955,,1301.68826109919,29.9899997711182,162.644990245433,1.820052852,104.986857670016,2.331136094,3.25895162395865,0.325106415035874,98.0380160298869,NaN,NaN,NaN,NaN,14.2137292447701,0.0194978594344914,24.2238832544882,114.40095215565,6.36274269698067,49.8277451732979,0.00280328180756936,,1301.10613430919,30.0040169659606,162.900986314899
30.75,1.501568074,104.790474209866,2.482168506,3.00287754566918,0.700719084565584,100.003946990532,NaN,NaN,NaN,NaN,10.8428505048333,0.0399196711275529,14.1541178412279,NaN,6.5614807058205,29.0258586841241,NaN,,1299.41355889326,30,162.436658617933,1.50053574,104.585001993936,4.68246182,3.28881927718593,0.43924129755002,100.043568341846,NaN,NaN,NaN,NaN,9.94836792312892,0.0253884832034592,10.4364875438558,NaN,7.57267819281829,21.7216341553467,NaN,,1301.02908912941,30,164.627056463451,1.534758586,104.989305334946,2.448491044,3.48143269145133,0.281232608131733,99.1675314956926,NaN,NaN,NaN,NaN,13.6107009378805,0.0171205290991265,12.5715755231937,107.538401249231,6.5944296379147,27.0288533750812,0.00261781492173528,,1300.08372635575,30,162.581910327484,1.296289432,105.006902267419,4.246096186,3.25817132118399,0.557608251844051,98.8672460348962,NaN,NaN,NaN,NaN,17.6783295528333,0.0324014520196709,7.44379216597086,15.4549287800561,7.57499980926514,15.5574989044275,0.0360802909296389,,1299.41606281765,30.0008026441706,164.017196796396,1.691147448,105.049293781902,2.232986452,2.8564263015458,0.490096700950347,97.5530123174384,NaN,NaN,NaN,NaN,21.2558724049651,0.0303763246143483,21.1965871198974,136.770201024664,6.34531410048795,45.0025774351817,0.00358336363052761,,1301.15624968832,29.9969709823562,162.63990224194,1.820052852,105.004029635652,2.331136094,3.28613492043077,0.318760395469856,98.058999896747,NaN,NaN,NaN,NaN,14.2653482005,0.0195465931149794,24.2284608620725,116.323063050965,6.36199951171875,49.8401386647887,0.00274064454928748,,1300.25463162125,30.0020091225474,162.895833864303
30.8333333333333,1.501568074,104.748717474705,2.482168506,3.02747651366663,0.702148045968252,99.9993384423426,NaN,NaN,NaN,NaN,10.8759339221667,0.0399999991059303,14.1329632052249,NaN,6.56099987030029,28.983957873538,NaN,,1300.19754314578,30,162.431129386057,1.50053574,104.590288633857,4.68246182,3.21629902435541,0.439117003930109,99.9405148102206,NaN,NaN,NaN,NaN,10.0518364075377,0.0253723117667015,10.4596167075877,NaN,7.57239689599695,21.7650678780206,NaN,,1298.4903301063,30,164.621532947175,1.534758586,105.002322064502,2.448491044,3.49274891219221,0.27876015311002,99.1748610216822,NaN,NaN,NaN,NaN,13.6080015541081,0.0170402158298909,12.5016558420417,114.223608156119,6.59242561332206,26.8938803408506,0.00244050145539481,,1299.66417012469,30,162.576745060812,1.296289432,104.998544279199,4.246096186,3.2791272804057,0.552131114183519,98.8754256205731,NaN,NaN,NaN,NaN,17.248604114,0.0320803175706494,7.41170873146565,15.4186942116662,7.57482429097801,15.4991642663312,0.0358098758480349,,1300.59210706181,29.9983995559846,164.011722946589,1.691147448,104.992604431844,2.232986452,2.8157013153577,0.490960490834889,97.6531132686358,NaN,NaN,NaN,NaN,20.3410108371173,0.0304377857403238,21.2268027860198,136.837672960402,6.3450663253155,45.0732312658293,0.00358794536452877,,1299.70620724937,30,162.634814557667,1.820052852,104.985642081608,2.331136094,3.23234084032413,0.321060414744936,98.026756376968,NaN,NaN,NaN,NaN,13.92033833,0.019692314048934,24.2466098820713,116.103597411668,6.3615092475643,49.887799611554,0.00276541262170835,,1301.22721977098,30.0040139322762,162.890684100646
30.9166666666667,1.501568074,104.728405616459,2.482168506,2.98878084213396,0.702115603121014,99.9762286584496,NaN,NaN,NaN,NaN,10.9197070055,0.0399999991059303,14.0657107605413,NaN,6.56099987030029,28.8509933884859,NaN,,1300.08019959177,30.0004001149627,162.425600802831,1.50053574,104.596305048113,4.68246182,3.30615354797151,0.439641319020595,100.014700869814,NaN,NaN,NaN,NaN,10,0.0254003945878462,10.4500835618451,NaN,7.57187122670447,21.7471771474881,NaN,,1302.38944590745,30.0004028424651,164.616007735145,1.534758586,104.989718744342,2.448491044,3.5608015871397,0.280999832367233,99.1494769399561,NaN,NaN,NaN,NaN,13.2002390160653,0.0171203570344188,12.4342998296778,108.888291429274,6.59017786386701,26.7639910765963,0.00258522004225085,,1299.7639601079,30,162.571580727618,1.296289432,104.933287249458,4.246096186,3.27690856605228,0.552659153948373,98.917006950622,NaN,NaN,NaN,NaN,16.9344931525,0.0321203562029677,7.36141959554187,15.243259881232,7.5742009743576,15.4077689025024,0.0362562531673797,,1301.10844890719,30,164.006250070482,1.691147448,105.019526548492,2.232986452,2.84680557071887,0.486274556859476,97.5372815525591,NaN,NaN,NaN,NaN,22.924133281,0.0301496122658045,21.1438572846012,136.992558257481,6.34699900712947,44.8792348278809,0.00354970549803059,,1298.27379560017,30.006901100665,162.629728357946,1.820052852,105.034542205829,2.331136094,3.21739531960707,0.317734503074252,98.0433184894172,NaN,NaN,NaN,NaN,15.0943723366667,0.019471557554611,24.2408477714346,115.451835958947,6.360999584198,49.8725471490937,0.00275254075681152,,1297.55920428284,30,162.885531457533
31,1.501568074,104.750197885835,2.482168506,3.00037518730576,0.701041914298319,100.054391315471,NaN,NaN,NaN,NaN,11,0.0399345553992149,14.1192076933642,NaN,6.56099987030029,28.9567507985247,NaN,,1301.30256583177,30,162.420072432126,1.50053574,104.595268659194,4.68246182,3.26904331011149,0.435508673851859,100.004785040729,NaN,NaN,NaN,NaN,9.95987717933333,0.0251604725166539,10.3817336394589,NaN,7.57413122370404,21.6188937955263,NaN,,1300.52050745834,30,164.610482752651,1.534758586,104.991009138176,2.448491044,3.55374392920792,0.2805445344187,99.1960873495822,NaN,NaN,NaN,NaN,13.5745157348266,0.0171206241761317,12.4892019558951,111.579629191885,6.59015709176135,26.8698934873106,0.00251451468030768,,1299.66373627753,30,162.566408692903,1.296289432,105.011913122307,4.246096186,3.29141084388405,0.552887637871941,98.8957819748995,NaN,NaN,NaN,NaN,17.4018481548333,0.032120204309559,7.42110704455127,15.113523513619,7.57399988174438,15.5162545009261,0.0365833352667789,,1299.95585211448,30,164.000777797417,1.691147448,104.995279105312,2.232986452,2.9164322092145,0.486306301599377,97.5222390195759,NaN,NaN,NaN,NaN,25.2846196786437,0.030160797987638,21.222306038878,137.212885506913,6.34786248391821,45.0627723421669,0.00354416209607888,,1300.04371518222,30.0035342736212,162.624643051181,1.820052852,105.007488299566,2.331136094,3.21086790365575,0.31921310141601,98.0822821577608,NaN,NaN,NaN,NaN,15.8301293786126,0.0195633460042254,24.2694401657756,115.785292226105,6.36039798176868,49.9482264526455,0.00275750598610883,,1299.56008439292,30.0007986857817,162.880377992394
31.0833333333333,1.501568074,104.788923077022,2.482168506,3.06235944752219,0.701976598296887,100.00686021396,NaN,NaN,NaN,NaN,10.6570416515,0.0399849640215245,14.0271364305191,NaN,6.5609374062233,28.7747793197027,NaN,,1300.59491777246,30,162.414543745177,1.50053574,104.594904665852,4.68246182,3.25823313038051,0.440994266703975,99.9994164604537,NaN,NaN,NaN,NaN,10.2812248908333,0.025482133426902,10.3800526719003,NaN,7.56819920151544,21.6157522030481,NaN,,1300.99445802442,29.9990433035818,164.60495826754,1.534758586,104.974240910486,2.448491044,3.49077034857538,0.28098224446744,99.1460399171509,NaN,NaN,NaN,NaN,13.0670730678333,0.0171308049880181,12.487200029629,110.265223113258,6.59337240436312,26.8660392834357,0.00255288648625692,,1298.54745445717,30,162.561244372128,1.296289432,105.030300190894,4.246096186,3.26412480113776,0.554499716983776,98.9134289486647,NaN,NaN,NaN,NaN,16.9597193648333,0.0322000798213717,7.33003851559517,15.0148557243315,7.57391954886094,15.3507483279114,0.0369306622431707,,1299.84906571225,30,163.995302925841,1.691147448,105.020858869517,2.232986452,2.88196286684478,0.48377405030568,97.6013123017437,NaN,NaN,NaN,NaN,23.2736570330447,0.0299999993294477,21.1645230730456,137.280772965117,6.34752819929123,44.9276335204095,0.00352397650397262,,1299.47076366854,29.9983957326204,162.619558519293,1.820052852,105.020938869017,2.331136094,3.26729545969335,0.31522805163347,98.136819571142,NaN,NaN,NaN,NaN,14.1663792172207,0.0193178707389889,24.2329562536595,115.689735308565,6.36023861964663,49.8518569180846,0.00272533355171053,,1300.48989730043,30,162.875225477918
31.1666666666667,1.501568074,104.770352418076,2.482168506,3.02241967258962,0.7014353214795,100.003614970861,NaN,NaN,NaN,NaN,10.2407966858333,0.0399597404668191,14.037200009746,NaN,6.56016046013069,28.7945503485877,NaN,,1300.48774587562,30,162.40901509493,1.50053574,104.591833857048,4.68246182,3.26081631616095,0.434054568610191,100.013661228877,NaN,NaN,NaN,NaN,9.9597837925,0.0250803511150328,10.4452334708616,NaN,7.56989507302035,21.7380611365242,NaN,,1299.21336313471,29.9985523277745,164.599434371526,1.534758586,105.007602406972,2.448491044,3.49996346200193,0.2834251569169,99.2019680261074,NaN,NaN,NaN,NaN,13.4318411621697,0.0172706690782309,12.5130478509087,109.362104921066,6.59592049855404,26.9161321336212,0.00259298074591039,,1299.84241478982,30,162.55606880898,1.296289432,104.984780536915,4.246096186,3.27639887870104,0.550929335349035,98.9105082903655,NaN,NaN,NaN,NaN,17.2467120422227,0.0320000015199184,7.39657508362321,14.9177823364873,7.57364294459269,15.4716547924259,0.0369312921273812,,1300.47862422996,30,163.989827184595,1.691147448,105.012906718728,2.232986452,2.88065081648446,0.483840901061917,97.6636528299523,NaN,NaN,NaN,NaN,23.2843709865634,0.0299999993294477,21.1044460905775,137.290249551526,6.34548338802996,44.7873539338919,0.00352422095587597,,1300.50979137973,30,162.614473285847,1.820052852,104.985728718397,2.331136094,3.29212498281748,0.311862561263257,98.1221075358999,NaN,NaN,NaN,NaN,13.7990036001667,0.0191227928715132,24.3328819391429,116.255882296006,6.35999965667725,50.1165684016256,0.00268278645137596,,1299.4609771369,30,162.870072483713
31.25,1.501568074,104.796182963324,2.482168506,3.05155968440471,0.700989462621736,99.9763179210959,NaN,NaN,NaN,NaN,10.3764491636667,0.0399196614167361,14.1497129650427,NaN,6.56028036384753,29.0172587310589,NaN,,1299.43946730739,30,162.403486040871,1.50053574,104.625216044234,4.68246182,3.28625727712238,0.434144951246152,99.9918875287695,NaN,NaN,NaN,NaN,10.2890443893333,0.025080429239379,10.4087785154706,NaN,7.56975853444561,21.6696574131852,NaN,,1299.16267466396,30,164.593910336513,1.54151546895478,104.9812291224,2.448491044,3.52437214393772,0.281757003712289,99.1576420902669,NaN,NaN,NaN,NaN,13.1709311538303,0.0171664455311306,12.5270891758493,109.207410066862,6.59865325983747,26.9429911748165,0.00258486971961014,,1299.98793368703,30,162.557255870199,1.296289432,105.007568050356,4.246096186,3.2512681401926,0.552480339959246,98.9523523487184,NaN,NaN,NaN,NaN,17.1150740681106,0.0320804881801929,7.43441513402733,14.7997410248749,7.57327603490867,15.5404668485845,0.0373310137205695,,1299.39204859184,30,163.984351996328,1.691147448,104.979446272657,2.232986452,2.83122757528294,0.483824486298946,97.6660291000759,NaN,NaN,NaN,NaN,22.6243204734148,0.0299999993294477,21.1859470668737,137.230508328423,6.34590591083366,44.9776153885071,0.00352563759865117,,1300.79122702561,30,162.609387892498,1.820052852,104.994312514145,2.331136094,3.32464951111197,0.317178606021824,98.1336145127256,NaN,NaN,NaN,NaN,15.35539422,0.0194416354981089,24.2688781132449,115.442878960535,6.36003965506598,49.9471774341732,0.00274798108360118,,1301.34705326873,29.9936772677922,162.864922351836
31.3333333333333,1.501568074,104.800517116136,2.482168506,2.98311474271818,0.702416247796213,100.034204342101,NaN,NaN,NaN,NaN,10.7887293155,0.0399999991059303,14.1359692526418,NaN,6.56004006337392,28.9899154633931,NaN,,1298.98635418811,30,162.397956009474,1.50053574,104.633153935279,4.68246182,3.26163449595844,0.432784837445198,100.003065450292,NaN,NaN,NaN,NaN,10.1127871671667,0.025000000372529,10.4480948562581,NaN,7.57162587645833,21.7434595352154,NaN,,1301.63439420276,30,164.588385698585,1.56032066935398,104.993044598672,2.448491044,3.48870426217842,0.285460115269047,99.1729106075925,NaN,NaN,NaN,NaN,12.9999271153333,0.0173955522102645,12.5730964585685,109.036859131896,6.59487133730172,27.0317940953086,0.00261918149266641,,1298.97199588582,30,162.571147008828,1.296289432,105.030707839893,4.246096186,3.26329234287357,0.553114362159598,98.9127946482378,NaN,NaN,NaN,NaN,17.1204174381667,0.0321115405196102,7.42106353770019,14.7369985811192,7.57295976533587,15.5161791793372,0.0375330540536586,,1299.6191607356,30,163.978875815859,1.691147448,105.006974911281,2.232986452,2.84234999833001,0.48244195839075,97.5439201461169,NaN,NaN,NaN,NaN,23.4465998846667,0.0299198474181431,21.2231269531598,137.316335471527,6.34557583819603,45.064609110435,0.00351336339637195,,1299.97264239628,30,162.604303668477,1.820052852,104.987757322648,2.331136094,3.23937153230262,0.309746053742374,98.1699332200746,NaN,NaN,NaN,NaN,13.1664250656667,0.0189999993890524,24.2992367668609,116.799090677491,6.35999965667725,50.0274522506647,0.0026520996343118,,1299.77686388735,29.9990848279042,162.859771185092
31.4166666666667,1.501568074,104.808912070566,2.482168506,2.96855945751324,0.702571831926378,100.012217358232,NaN,NaN,NaN,NaN,10.5693159511667,0.0399999991059303,14.0752431416715,NaN,6.56011864841782,28.8697569830025,NaN,,1301.61742268755,30,162.392425484819,1.50053574,104.664699541658,4.68246182,3.21737243194197,0.432949246910701,100.023261459836,NaN,NaN,NaN,NaN,10,0.025000000372529,10.3611969338769,NaN,7.57596294981137,21.5803802578051,NaN,,1301.29205237083,29.9983892549205,164.582859779677,1.561540836,105.018918754612,2.448491044,3.50592838428971,0.283679731647041,99.2386769580461,NaN,NaN,NaN,NaN,13.3951660028333,0.0173123833756612,12.6105607035419,111.952098268977,6.59319860875186,27.104184681434,0.00253402332358956,,1300.12322771552,30,162.567337074913,1.296289432,105.004715874849,4.246096186,3.26687425216021,0.549299494028681,98.9150651571276,NaN,NaN,NaN,NaN,17.3212736281667,0.0318884252438308,7.39980707095747,14.6203173702497,7.5722477727363,15.4775271757076,0.0375709697401635,,1297.91273676613,30,163.97339868432,1.691147448,105.02546957263,2.232986452,2.89596895815588,0.480147799158231,97.7027390408455,NaN,NaN,NaN,NaN,23.0199931902718,0.0297749202369928,21.2124178442706,137.425765459776,6.34357587614259,45.0396087929962,0.00349388230993759,,1299.37748847262,30.0024151426213,162.59921958181,1.820052852,105.008254448082,2.331136094,3.21734103645844,0.31120398879584,98.1233586738195,NaN,NaN,NaN,NaN,14.7678548620242,0.0190806904232787,24.1151151524621,116.353707352658,6.36016014259817,49.5415873847012,0.00267474620349965,,1299.2301028635,30,162.854622328875
31.5,1.501568074,104.793419173961,2.482168506,3.00896954402504,0.702376003435144,99.960052295645,NaN,NaN,NaN,NaN,11,0.0399999991059303,14.0833234194073,NaN,6.56084871067642,28.8858460500965,NaN,,1299.72258569754,29.9972239670913,162.386895654216,1.50053574,104.628709315702,4.68246182,3.24719079005077,0.43286236494063,99.9550561162421,NaN,NaN,NaN,NaN,10.1202435988333,0.025000000372529,10.3882960256163,NaN,7.57412414647872,21.6312241850346,NaN,,1300.20667422508,30,164.577333333647,1.561540836,105.045578294528,2.448491044,3.5088683906587,0.28418732259218,99.1829821001683,NaN,NaN,NaN,NaN,13.7583696678333,0.0172777796058282,12.4544430268552,106.270931577372,6.59440771498643,26.8028373729851,0.00267604220579909,,1299.56040908245,30,162.562160900234,1.296289432,105.026807697353,4.246096186,3.29397073020321,0.552711672869421,98.9082652936337,NaN,NaN,NaN,NaN,17.0001792011389,0.0320804397137752,7.4400259483041,14.5632441572991,7.57197604800363,15.5506508081258,0.0379526340453818,,1299.90657306775,30,163.967921470967,1.691147448,104.99236080436,2.232986452,2.82811536986587,0.481069096961817,97.6664311171133,NaN,NaN,NaN,NaN,20.8491271735754,0.0298238121759633,21.0942955153941,137.304224633305,6.34690435101556,44.7635812812333,0.00350368891840263,,1299.55845383071,30.0020079464478,162.594134543715,1.820052852,105.031860527599,2.331136094,3.23906500930369,0.310049010091502,98.1034957655053,NaN,NaN,NaN,NaN,15.0556894994788,0.0189999993890524,24.1537438941686,115.81790107476,6.36086075456449,49.6429114679541,0.00267770449001932,,1300.33184742676,29.9995962984069,162.849470982047
31.5833333333333,1.501568074,104.78142576741,2.482168506,2.93545381593701,0.701025643148879,99.9895352559833,NaN,NaN,NaN,NaN,11,0.0399194429952738,14.089253435025,NaN,6.56039903887809,28.8974869382984,NaN,,1299.73886307289,29.9999628066705,162.381366966678,1.50053574,104.599585471907,4.68246182,3.24589495537682,0.432859382292775,100.038128367168,NaN,NaN,NaN,NaN,10.0689646215335,0.0249999113640144,10.4973516378091,NaN,7.57283858490719,21.8359387141298,NaN,,1298.29430757657,30.0004161534611,164.57180780412,1.561540836,104.962793451549,2.448491044,3.51871839067224,0.283593668160888,99.2335239840933,NaN,NaN,NaN,NaN,13.7583396176968,0.0172936029648469,12.548868787221,110.641633343166,6.59339921441107,26.9850759087638,0.00256327670445283,,1300.06055805659,29.9993627809522,162.556984633845,1.296289432,105.031372254525,4.246096186,3.25355421974725,0.551533998991608,98.9310471373197,NaN,NaN,NaN,NaN,17.0399295583611,0.0320178890864962,7.40228743193856,14.7252878908509,7.57176440600573,15.4820508999119,0.0374561751786073,,1299.75381240763,30,163.962444146909,1.691147448,104.984766650454,2.232986452,2.80390622986805,0.477370711002057,97.8023477021908,NaN,NaN,NaN,NaN,20.4756915378195,0.0295992850131998,21.1676711053733,136.970074151324,6.34644884935358,44.9350015361399,0.00348521440816583,,1299.87404928607,30.0097952075743,162.589048799125,1.820052852,104.983110540742,2.331136094,3.21149819189133,0.310003042805322,98.2161948532869,NaN,NaN,NaN,NaN,13.3417234128303,0.0189999993890524,24.2462116903684,115.930109223666,6.360999584198,49.8869067822394,0.00267426295873165,,1298.67122050965,30,162.844316958036
31.6666666666667,1.501568074,104.797230709653,2.482168506,2.97473069670256,0.702511180601241,100.023656968406,NaN,NaN,NaN,NaN,10.9598386513333,0.0399999991059303,14.1144798000016,NaN,6.56024180215332,28.9474241481133,NaN,,1300.37419071437,30,162.375837324847,1.50053574,104.651600578653,4.68246182,3.26113267034128,0.432960119419418,99.9998395267306,NaN,NaN,NaN,NaN,10.0108119944665,0.025000000372529,10.4567340645692,NaN,7.57006010880014,21.7596637786221,NaN,,1298.33859995193,30.0036078669553,164.566283088383,1.561540836,105.014384129047,2.448491044,3.49158803982837,0.286339614928203,99.2253686442188,NaN,NaN,NaN,NaN,13.5173807679699,0.0174022618138706,12.5110063784114,105.375248530837,6.59315548199763,26.9119390860789,0.00272207412924592,,1299.49659691633,29.9921896663164,162.551809641275,1.296289432,105.006007167261,4.246096186,3.29429856412604,0.551698573834056,98.950055227532,NaN,NaN,NaN,NaN,17.0403950268333,0.0320222493748279,7.3657920514276,14.6328981921581,7.57105315270179,15.4157046557845,0.0377027114093347,,1302.74634255994,30,163.956966262755,1.691147448,105.006753952285,2.232986452,2.86364064053337,0.479871850247243,97.6509275570169,NaN,NaN,NaN,NaN,23.5893008983565,0.0297580847796939,21.1504126002031,137.496684212662,6.34292556358174,44.894791246119,0.00349007470158899,,1300.32378226423,30.0050928456766,162.583964758872,1.820052852,105.018996002049,2.331136094,3.2436999037429,0.309328537019121,98.1926098187194,NaN,NaN,NaN,NaN,12.9322805774675,0.0189599684758242,24.1779475668,116.022868516673,6.36023052845129,49.7073257399006,0.00266680378301837,,1299.34715226138,30,162.839165902758
31.75,1.501568074,104.795112830527,2.482168506,3.05199536541937,0.70257946839345,99.9908916661222,NaN,NaN,NaN,NaN,10.3553284285542,0.0399999991059303,14.1713076767266,NaN,6.56012033930733,29.0599198377186,NaN,,1301.32767921913,29.998131073308,162.370307400473,1.50053574,104.61021915822,4.68246182,3.33278926800396,0.432818381265186,99.9764099440237,NaN,NaN,NaN,NaN,10,0.025000000372529,10.4405968900836,NaN,7.5692039337264,21.7293564712604,NaN,,1298.59343527276,30.0040245201208,164.560757218161,1.561540836,105.011649894913,2.448491044,3.44725356204454,0.287293002413216,99.186003682713,NaN,NaN,NaN,NaN,13.6664187991275,0.0174951725962064,12.5351714046251,108.912181383765,6.58954296854441,26.9586556761827,0.00263821994774811,,1300.79165360602,30.0005210175215,162.546624910878,1.296289432,105.001763789562,4.246096186,3.24199103211742,0.550489556759745,98.9590492274749,NaN,NaN,NaN,NaN,17.0402131315,0.0319600743361705,7.38347051769474,14.540364109734,7.57106767691891,15.4478339618892,0.037859993071383,,1299.98863361237,30,163.951489957031,1.691147448,105.027778425764,2.232986452,2.83917363566677,0.479368141312245,97.6737279250133,NaN,NaN,NaN,NaN,20.0256140671435,0.0297228097204805,21.1576574130598,137.674794708041,6.3428503658756,44.9116320834678,0.00348188627531476,,1299.56354590214,30,162.578880587531,1.820052852,105.020181037557,2.331136094,3.21926734495879,0.309261938719554,98.2173587201785,NaN,NaN,NaN,NaN,12.8969103186991,0.0189597341951191,24.2485258850409,116.702207493557,6.35999457078685,49.8928723703806,0.00265058751390005,,1299.9115808061,30,162.83401391645
31.8333333333333,1.501568074,104.748461231896,2.482168506,3.03015914596926,0.70239823349277,100.00609301082,NaN,NaN,NaN,NaN,10.6982270879458,0.0399999991059303,14.0628297186673,NaN,6.56004020490466,28.8452057651423,NaN,,1299.62110403557,29.9918177667529,162.364777932985,1.50053574,104.64033914825,4.68246182,3.28281129456336,0.432944390004296,100.050205403699,NaN,NaN,NaN,NaN,10.0004424,0.025000000372529,10.4173687801397,NaN,7.57259072068033,21.6857543070897,NaN,,1299.83638923857,29.9987938347487,164.555231362044,1.561540836,105.002462610525,2.448491044,3.52199461337093,0.286538550480288,99.2008434599508,NaN,NaN,NaN,NaN,13.5705727782058,0.0174299614878162,12.601218667781,106.404998829734,6.58873456151448,27.0861366738325,0.00269784579458995,,1299.77837161774,30.0091980311764,162.541450610652,1.296289432,104.970655716386,4.246096186,3.27832271226804,0.549268908437937,98.9860533485644,NaN,NaN,NaN,NaN,17.2030843515,0.0318794918646991,7.31517304542918,14.4547483906401,7.57023369674683,15.3237453991957,0.0379995966204375,,1300.44978950431,30,163.946012995731,1.691147448,105.019569820618,2.232986452,2.84553016937974,0.473412821942856,97.7678690657816,NaN,NaN,NaN,NaN,23.0794711695,0.0293548494158985,21.0550149203168,137.683901562614,6.34588114475067,44.6721151462907,0.00343839318235857,,1300.26117603089,30,162.573796650682,1.820052852,104.992079815007,2.331136094,3.19390288569813,0.307191602273128,98.2912728215194,NaN,NaN,NaN,NaN,14.7712190694793,0.018839303811879,24.1466716131497,116.848738180249,6.35928629045478,49.624334153945,0.00262915026727429,,1299.66724313305,30,162.828865892966
31.9166666666667,1.501568074,104.730169216277,2.482168506,2.99901198483885,0.702055155371653,100.015198970439,NaN,NaN,NaN,NaN,10.080373671,0.0399999991059303,14.1155838782888,NaN,6.56021705180983,28.9495499385523,NaN,,1297.76265396801,30,162.359250952879,1.50053574,104.604666420189,4.68246182,3.32178198135408,0.43285687755281,100.003271132154,NaN,NaN,NaN,NaN,9.91980819016666,0.025000000372529,10.3784054982092,NaN,7.57085773272061,21.6126445126394,NaN,,1300.24745268143,30,164.549706167343,1.561540836,104.986558686991,2.448491044,3.46664480726089,0.284646787248561,99.1953929096992,NaN,NaN,NaN,NaN,14.4846257795,0.0173235636767245,12.5825393022823,107.730931688354,6.59001838135889,27.0500179161476,0.00264251460482094,,1300.77470844759,30.0047548453823,162.53626577841,1.296289432,105.002425388287,4.246096186,3.22119340671738,0.549030658234808,98.9514065607362,NaN,NaN,NaN,NaN,17.9194725495,0.0318795965460779,7.38545038657018,14.3504426273841,7.56968111162973,15.4514419215853,0.0382591425954362,,1301.07585988393,30,163.940538183089,1.691147448,104.999568361791,2.232986452,2.83038630526309,0.473765934019146,97.8329540712674,NaN,NaN,NaN,NaN,26.1239916269266,0.0293928983940095,21.0422611692858,138.488878768762,6.34503181004095,44.6423253794232,0.00342093679149971,,1300.19933389174,30,162.568713980525,1.820052852,105.002927638743,2.331136094,3.30710981006895,0.308671664962391,98.2063015508908,NaN,NaN,NaN,NaN,14.5154448680473,0.0189195737483696,24.0945893665033,116.125144559402,6.35919033926005,49.4874101120647,0.00265829290276249,,1298.23993275142,30,162.823716102015
32,1.501568074,104.776615471365,2.482168506,3.02900037550178,0.702388081309145,99.9858585574109,NaN,NaN,NaN,NaN,10.6418024270617,0.0399999991059303,14.1126015129464,NaN,6.56030572134767,28.943677382298,NaN,,1299.59704295664,30,162.353723616726,1.50053574,104.667953390251,4.68246182,3.18786372009019,0.435072574775344,99.9980096336314,NaN,NaN,NaN,NaN,10.8482012818333,0.0251208190639994,10.3930353508915,NaN,7.56907987498073,21.6401064934896,NaN,,1298.65169105333,30,164.544181632234,1.561540836,104.945529446298,2.448491044,3.4689902547931,0.286185573861892,99.2507791768161,NaN,NaN,NaN,NaN,14.9599752546667,0.0174362976785526,12.5086995065983,108.734416418971,6.59051359095172,26.9074894892834,0.00263534920755065,,1298.24729232458,30,162.531094239126,1.296289432,104.969620471314,4.246096186,3.25962044851951,0.547296811833966,98.9683810398492,NaN,NaN,NaN,NaN,17.9982738842652,0.031758229981122,7.29898323246113,14.2906879038601,7.56899804131284,15.2943392754559,0.0382974780654974,,1300.85088569408,30,163.935060941858,1.691147448,105.02636092519,2.232986452,2.83062355849917,0.471706414811276,97.7815048040561,NaN,NaN,NaN,NaN,22.6933549485806,0.0292505709018668,20.9685330243055,138.250771281298,6.34257615433951,44.4708784687704,0.00341197616538147,,1299.88473568331,29.9965052445682,162.563632267157,1.820052852,105.029426069315,2.331136094,3.2342436792797,0.309478494461359,98.2672721624242,NaN,NaN,NaN,NaN,14.10903562364,0.0189598093437981,24.1979486281838,115.942961822028,6.35995936587421,49.759327932837,0.00266993820845429,,1299.37354583604,30,162.818562922539
32.0833333333333,1.501568074,104.781298378713,2.482168506,3.00591373373148,0.702550972874287,99.9684754158845,NaN,NaN,NaN,NaN,10.8508561614383,0.0399999991059303,14.0866092175027,NaN,6.55963316592751,28.8922131809972,NaN,,1299.26862064277,30,162.348194975406,1.50053574,104.620301822227,4.68246182,3.26446174447867,0.432891647343075,100.012448556434,NaN,NaN,NaN,NaN,10.7594306821667,0.025000000372529,10.3161726734805,NaN,7.56960141569045,21.4959435876058,NaN,,1301.43739774765,30,164.538655775744,1.561540836,105.043987856574,2.448491044,3.49006760250371,0.28841753305768,99.1991405450326,NaN,NaN,NaN,NaN,13.7315901837029,0.0175261678352204,12.5584410616717,105.456373780107,6.58745424073148,27.0035323023577,0.00273659098547395,,1299.42160311278,30,162.525910849201,1.296289432,105.020419723177,4.246096186,3.2858230105989,0.54660562127441,98.9985002026914,NaN,NaN,NaN,NaN,17.0902684210681,0.0317187252177302,7.30880322240346,14.1689673098381,7.56809017879977,15.3121711623014,0.0385778222175345,,1299.48972365336,30,163.929583683307,1.691147448,105.007393109746,2.232986452,2.8313431630766,0.467457127612979,97.8770402538767,NaN,NaN,NaN,NaN,22.0188442468197,0.028999999165535,20.9581749012611,138.602859068524,6.3457165686797,44.4470475770021,0.00337264841376292,,1298.7072041605,29.9974609487271,162.558549826464,1.820052852,105.013733508681,2.331136094,3.29223146039364,0.308855838171456,98.2377631448569,NaN,NaN,NaN,NaN,15.2752430154619,0.0189196194157104,24.1093454043992,115.65047494944,6.3599800756262,49.5261258346212,0.00267117682221287,,1298.85892226184,30,162.813409601568
32.1666666666667,1.501568074,104.744992178341,2.482168506,3.04169479973134,0.701764453873608,100.025642568095,NaN,NaN,NaN,NaN,10.9190050953333,0.0399597570839575,14.1138501695066,NaN,6.55900001525879,28.9461496113814,NaN,,1301.21722691102,30,162.342666283534,1.50053574,104.672478350079,4.68246182,3.24105325779373,0.432303074705841,100.002174728121,NaN,NaN,NaN,NaN,10.2324944893579,0.0249596550207492,10.346352469426,NaN,7.57162809398768,21.5525574503153,NaN,,1298.28918515695,30,164.533131140266,1.561540836,105.016724534818,2.448491044,3.45640937645559,0.283207134428316,99.2514289497027,NaN,NaN,NaN,NaN,13.3059408929128,0.0172414768737192,12.6146519277516,109.05957553847,6.58604685393497,27.1121322036873,0.00259671707311516,,1300.74064723377,30,162.520730788476,1.296289432,105.011292893312,4.246096186,3.22478123825385,0.551441861387865,98.9725587568796,NaN,NaN,NaN,NaN,17.3619380285,0.0320000015199184,7.33672298109987,14.3563948123555,7.56795947399694,15.3628895455058,0.0384117146780673,,1299.72453562028,29.9953648649075,163.924105888106,1.691147448,105.015940238272,2.232986452,2.83894791768339,0.468717057806987,97.8281635209874,NaN,NaN,NaN,NaN,19.4370937241731,0.0290803717235424,20.8898228514032,138.768666667164,6.3439100425836,44.2883278414235,0.00337768826678695,,1299.62326383761,30,162.553469338322,1.820052852,105.023665682406,2.331136094,3.24356542321351,0.310084106371196,98.2893400807894,NaN,NaN,NaN,NaN,14.6919062848715,0.0189999993890524,24.1067228279287,116.14099570303,6.35912025918047,49.5192080163112,0.00267021489116265,,1300.71624169032,30.0008058304036,162.808256414636
32.25,1.501568074,104.79736548932,2.482168506,2.97839023112396,0.702537481522408,99.9773975527685,NaN,NaN,NaN,NaN,10.7997388791667,0.0399999991059303,14.0662694833935,NaN,6.55900001525879,28.8520822634443,NaN,,1298.89290558389,30,162.337138263419,1.50053574,104.676604971328,4.68246182,3.17647185642878,0.433087118336935,99.9941744617271,NaN,NaN,NaN,NaN,9.96911103054416,0.025000000372529,10.3952533649956,NaN,7.57132976444045,21.644286533877,NaN,,1299.29346028928,30,164.527604794386,1.561540836,104.966125199653,2.448491044,3.48432794354232,0.286390734143627,99.215731888919,NaN,NaN,NaN,NaN,13.2367099422073,0.0173830438727992,12.6257917495202,103.239317065473,6.58499135294817,27.1336631582041,0.00277775111428971,,1301.08709123555,30,162.515547733396,1.296289432,104.964692570598,4.246096186,3.24285040783585,0.549940233032827,98.9954542563158,NaN,NaN,NaN,NaN,17.0802409834499,0.0319197056044325,7.36346408539673,14.2387330764194,7.56717930372686,15.4114763255972,0.0386229787465308,,1298.95493035454,29.9972335166901,163.918628040122,1.691147448,104.98807811363,2.232986452,2.83015680996901,0.467951205907581,97.8748799439565,NaN,NaN,NaN,NaN,23.6569128009202,0.0290403679309853,20.8800488076404,138.9339030286,6.34668590578629,44.265694284859,0.00336816362169817,,1300.30251625086,30,162.548388692481,1.820052852,104.973353796345,2.331136094,3.20586594036773,0.309129751037055,98.2796856441782,NaN,NaN,NaN,NaN,15.9719411513333,0.0189598387818029,24.1562019744241,116.859775784353,6.35899972915649,49.6492973731401,0.00264548106301068,,1300.59298607247,30,162.803107460568
32.3333333333333,1.501568074,104.772285466426,2.482168506,2.983816704554,0.702600724765956,100.014803415609,NaN,NaN,NaN,NaN,11,0.0399999991059303,14.0010811905771,NaN,6.56006597379232,28.723230170054,NaN,,1298.42013451274,30,162.3316094244,1.50053574,104.619777213277,4.68246182,3.23861172496459,0.432994167846391,100.037540825524,NaN,NaN,NaN,NaN,10.2005470844313,0.025000000372529,10.4774666048177,NaN,7.56685065733809,21.7986435193538,NaN,,1299.05023682449,30,164.522078663369,1.561540836,104.953335628296,2.448491044,3.4932695987449,0.289787652267781,99.2675364103137,NaN,NaN,NaN,NaN,13.4195484687893,0.017638451517701,12.5832704335833,107.2101833691,6.58572858103801,27.0514609335366,0.00270349834686585,,1299.65213981263,30,162.510361487676,1.296289432,104.987357180971,4.246096186,3.2471794812754,0.550041016078762,98.9990343887433,NaN,NaN,NaN,NaN,17.2816990258834,0.0319197586303019,7.3610430857501,14.1232672427927,7.56690822802132,15.4070752275807,0.0389462528742092,,1301.45783486242,29.999360223192,163.913151617031,1.691147448,105.028413947303,2.232986452,2.83902917205466,0.468131267165856,97.9037126215966,NaN,NaN,NaN,NaN,20.8956450081369,0.0290402896514725,20.9302616906666,138.93968284067,6.3421830131428,44.382100366355,0.00336930738272699,,1298.86878708184,30,162.543309176973,1.820052852,105.016819671272,2.331136094,3.18019367677895,0.309921582561156,98.3387940534445,NaN,NaN,NaN,NaN,15.4403632688796,0.0189999993890524,24.2332205925413,116.848654484794,6.3596829804047,49.8526223806724,0.00265272450423328,,1299.86542507396,30,162.797959747341
32.4166666666667,1.501568074,104.795004312071,2.482168506,2.98179414099517,0.703332319802385,100.029498113597,NaN,NaN,NaN,NaN,10.7739501047507,0.040040133604765,14.028066205368,NaN,6.56142755871118,28.7765439898287,NaN,,1300.41354551238,30,162.3260806536,1.50053574,104.619255991219,4.68246182,3.20205346769406,0.43294073481814,99.9407748421728,NaN,NaN,NaN,NaN,10.1386891400244,0.025000000372529,10.3535315813683,NaN,7.56749641949538,21.5660503525624,NaN,,1299.73922767527,30,164.516553556019,1.561540836,104.970528253313,2.448491044,3.44241164283836,0.29540037201454,99.2770369195197,NaN,NaN,NaN,NaN,13.6944679227209,0.017919627079783,12.5807632911168,102.375957422565,6.58312940867566,27.0466238694692,0.00288986212163301,,1301.52067123524,30,162.505176206904,1.296289432,105.018314065761,4.246096186,3.27268574456553,0.549506100553919,99.019271014579,NaN,NaN,NaN,NaN,17.0401862926667,0.031879545616308,7.28275040386246,14.0840135002842,7.56628163443797,15.264883601225,0.0390174257288012,,1299.46968222334,30.0000815915785,163.907674171612,1.691147448,104.999224171036,2.232986452,2.8783863951626,0.467959359526196,97.8339096010557,NaN,NaN,NaN,NaN,25.1379596009429,0.0290358176361202,20.9917315874447,138.962285441734,6.3454416722542,44.524801444846,0.00336753154733222,,1298.67029934699,30,162.538228818573,1.820052852,105.005587502143,2.331136094,3.23380114919415,0.307382589474271,98.3353380356457,NaN,NaN,NaN,NaN,17.4736890827871,0.0188452499658301,24.1689606238455,117.013226533538,6.35899972915649,49.6830411627633,0.00262722851752902,,1300.18171290378,30,162.79281051747
32.5,1.501568074,104.755498303537,2.482168506,3.01323231340541,0.704682010903508,99.9922286351844,NaN,NaN,NaN,NaN,10.4617859480604,0.0401205751258063,13.8977508925486,NaN,6.56242154203856,28.519345759032,NaN,,1299.59268075977,29.9963803726785,162.320551308427,1.50053574,104.592644857563,4.68246182,3.31640786456916,0.433505446776961,100.03057580271,NaN,NaN,NaN,NaN,10.3848134651423,0.0250401610961119,10.3442743913966,NaN,7.56989457624719,21.5486392069256,NaN,,1300.07272781205,30,164.511029779122,1.561540836,105.009335507914,2.448491044,3.48169134119455,0.28998342988376,99.2543361603479,NaN,NaN,NaN,NaN,13.4768559166667,0.0176324865959463,12.5660152323984,106.683405351965,6.58233356735288,27.0181050467256,0.00271879674903111,,1298.99885092147,30,162.499987323007,1.296289432,105.014243996372,4.246096186,3.27001845589613,0.548747501585113,99.0625307096568,NaN,NaN,NaN,NaN,17.6034982545,0.0318392830467138,7.31811901732521,14.0398594724889,7.56555282369483,15.3291042515997,0.0390853095635291,,1300.05008360216,30.0027341866114,163.902196264049,1.691147448,104.988839807188,2.232986452,2.87146446068974,0.467260805228245,97.8755621304812,NaN,NaN,NaN,NaN,24.8457662086827,0.0290044135110444,20.9786977911027,139.238921607914,6.34372642159758,44.4945464421286,0.00335582600650475,,1299.51897424907,29.9972154738787,162.533150695479,1.820052852,104.993749150673,2.331136094,3.2316549705116,0.306384516309817,98.3460415544046,NaN,NaN,NaN,NaN,18.803022627,0.0187932386086852,24.1850324934717,117.690368521619,6.35943597625717,49.7252343261803,0.00260340774889052,,1300.58278099493,30,162.787663047977
32.5833333333333,1.501568074,104.809701557287,2.482168506,2.9225045373056,0.703310080159967,100.028744455981,NaN,NaN,NaN,NaN,10.2215493241889,0.0400401971770383,13.9710688277793,NaN,6.56300020217896,28.6639780220032,NaN,,1301.1352126715,29.9923667756534,162.315022544075,1.50053574,104.620415159299,4.68246182,3.24777691201514,0.432824759854795,100.012702960517,NaN,NaN,NaN,NaN,10.2895323938333,0.025000000372529,10.3456484042368,NaN,7.56701970497873,21.5512027890766,NaN,,1300.17904547015,30,164.505507239578,1.561540836,105.00980112908,2.448491044,3.49136290837479,0.290114679725567,99.2807759737848,NaN,NaN,NaN,NaN,13.5989631273333,0.0175983596492173,12.6259038565856,102.733075177792,6.58312326757396,27.1338665914149,0.0028300553148482,,1300.1143845533,30,162.494801679503,1.296289432,105.028398552342,4.246096186,3.28073217996446,0.54851100913275,99.0448598127924,NaN,NaN,NaN,NaN,18,0.0318061803552003,7.30918692880162,13.9065276241389,7.56508489861023,15.3128738699068,0.0394442073125915,,1299.7655684583,30,163.896717060002,1.691147448,105.021311295016,2.232986452,2.80723748043471,0.467363540329172,97.8658007056969,NaN,NaN,NaN,NaN,23.506271322484,0.028999999165535,20.9391700971758,139.486394917067,6.34534487717713,44.4028061950342,0.00335060412157514,,1299.52820470802,29.9959521274137,162.528072392719,1.820052852,105.022880373158,2.331136094,3.2621066653784,0.304912492192525,98.4033371658005,NaN,NaN,NaN,NaN,16.2247935904301,0.0186889721240711,24.2039091109537,116.985981901548,6.35989013349848,49.7750294648133,0.0026067435235347,,1300.12444873713,29.9963836124327,162.782515484631
32.6666666666667,1.501568074,104.799301588406,2.482168506,2.93662993763408,0.707031408866198,100.002025401164,NaN,NaN,NaN,NaN,10.492475833,0.0402526376553934,14.0214738039065,NaN,6.56300020217896,28.7634702137716,NaN,,1302.60468120496,30,162.309494495362,1.50053574,104.650219614959,4.68246182,3.25008684490961,0.433089151407107,99.9777999915509,NaN,NaN,NaN,NaN,10.4410676412598,0.025000000372529,10.3919357472006,NaN,7.57137653069675,21.638044122338,NaN,,1300.07877035831,30,164.499982839191,1.561540836,105.00991621676,2.448491044,3.48154690203676,0.292324891831417,99.2731702824609,NaN,NaN,NaN,NaN,13.7219316,0.0177646180190249,12.558097836218,105.983276265303,6.58203822868311,27.0028794151631,0.00275829472483858,,1299.96915428776,30.003654209054,162.489609417388,1.296289432,105.012832645149,4.246096186,3.22848202739002,0.551638222471763,99.0187241100762,NaN,NaN,NaN,NaN,17.9597322545,0.0319911289374382,7.32570562789359,13.8294045473991,7.5646870085668,15.3428922414352,0.039889221984564,,1299.76002617533,30,163.891236758689,1.691147448,104.97975179996,2.232986452,2.84860023010851,0.467881189766202,97.8802376355083,NaN,NaN,NaN,NaN,22.9992280458333,0.0290400591456013,20.9797139278403,139.314309811043,6.34451855622888,44.4968824731361,0.00335847923990067,,1299.75067052939,30,162.522994100224,1.820052852,104.974868639328,2.331136094,3.29930746229437,0.300025156732239,98.3609369131727,NaN,NaN,NaN,NaN,15.7711742610699,0.0184017670324945,24.1683139777705,117.444587932254,6.35920092362818,49.6812067307045,0.00255472669748875,,1300.34965035658,30,162.777367266983
32.75,1.501568074,104.821917129562,2.482168506,2.99773585931434,0.705490449490154,99.9979971931101,NaN,NaN,NaN,NaN,10.1507427305,0.0401489458693014,14.0008869958488,NaN,6.56304586779491,28.7228346688608,NaN,,1299.97318138682,30.000403464911,162.303965156759,1.50053574,104.598943991357,4.68246182,3.21920991309316,0.432895098745342,100.016069598769,NaN,NaN,NaN,NaN,10.0737192930735,0.025000000372529,10.4103709279282,NaN,7.57880303678918,21.6726498669582,NaN,,1299.86233980838,30.0003877139705,164.494458409339,1.561540836,104.98286152192,2.448491044,3.46874498354459,0.293424901760144,99.2534491466822,NaN,NaN,NaN,NaN,13.4736740068333,0.0178093057618831,12.5119094991365,103.709934440592,6.58058078347648,26.9136955245728,0.00283547368790832,,1299.32962667475,30.006801134886,162.48442569581,1.296289432,105.055870719903,4.246096186,3.29950901797539,0.550548392034451,99.0683596371117,NaN,NaN,NaN,NaN,17.2097856605,0.0319209761810312,7.27089753959007,13.848284989079,7.56420138264265,15.2433359736774,0.0397570529850117,,1299.42330244119,30,163.885756747646,1.691147448,104.963342767602,2.232986452,2.82079225285476,0.465814262088663,97.8646986847709,NaN,NaN,NaN,NaN,23.9855564066667,0.0289192816678193,20.9758038730279,139.456257756334,6.3434005392058,44.4879306660509,0.00334022551837975,,1299.22577306152,30.002416513545,162.517917956568,1.820052852,105.044980666448,2.331136094,3.19877171027497,0.297875256232361,98.3203783329953,NaN,NaN,NaN,NaN,15.8161639871191,0.0182606984864906,24.0882903840284,117.329698744202,6.35899972915649,49.4710446846198,0.00253953492963418,,1299.38588982548,30.0020105606004,162.772220921542
32.8333333333333,1.501568074,104.744029721138,2.482168506,3.04745263766442,0.7040249210132,99.9778391800537,NaN,NaN,NaN,NaN,10.0806771428333,0.0400799626514807,13.9728027799496,NaN,6.56400012969971,28.6673643961895,NaN,,1299.44872234178,30.002012596912,162.298435880765,1.50053574,104.69571410847,4.68246182,3.21576698585415,0.433767874851996,100.02405653386,NaN,NaN,NaN,NaN,10.6743384345955,0.0250401751296141,10.3952781567692,NaN,7.58573332953326,21.6443042426298,NaN,,1301.00271952295,30.0024287991212,164.488935107543,1.561540836,105.002752789086,2.448491044,3.42530325206218,0.289006060678972,99.2088988805347,NaN,NaN,NaN,NaN,13.7585362345,0.0175474759877176,12.5713282348877,104.348609402261,6.58081908516782,27.0283938441366,0.00276976902532729,,1299.05473431279,30,162.479231625993,1.296289432,105.008283426073,4.246096186,3.30568254738423,0.551802474760667,99.1071393921026,NaN,NaN,NaN,NaN,17.5622411183333,0.0320000015199184,7.27720957054886,13.8918915458009,7.56365663062862,15.2548195075158,0.0397228693058171,,1300.57541161223,30.0004016915738,163.880276333948,1.691147448,105.005981275106,2.232986452,2.79567651668336,0.467303963526383,97.9655156957505,NaN,NaN,NaN,NaN,26.8590716547759,0.028999999165535,20.945550676703,139.413294345548,6.34167427064478,44.4176098391486,0.0033519386624365,,1300.45844483335,30,162.512840605526,1.820052852,105.032490050934,2.331136094,3.23997842326974,0.299194417512859,98.4106111460689,NaN,NaN,NaN,NaN,15.8132066328809,0.0183419923612442,24.066268826657,117.499715613328,6.35894537052215,49.4131624177884,0.00254660983956623,,1301.96114494411,30,162.767070447889
32.9166666666667,1.501568074,104.785289158709,2.482168506,2.96728949163863,0.705361877314107,100.005541315241,NaN,NaN,NaN,NaN,10.0756168265,0.0401610354317791,13.9525182370004,NaN,6.56352573843456,28.6273186166435,NaN,,1299.83005731265,30.0016067011736,162.292909136747,1.50053574,104.692383806377,4.68246182,3.23284124529835,0.433217550715086,99.9915568667893,NaN,NaN,NaN,NaN,10.0091477504045,0.025000000372529,10.3331234272994,NaN,7.59191298792784,21.5277367291899,NaN,,1300.85410483248,29.9983859430497,164.483408526926,1.561540836,105.053339403102,2.448491044,3.45010819334758,0.296594108220798,99.2250491177582,NaN,NaN,NaN,NaN,13.3971203941667,0.017999970070689,12.589710279185,104.500792497521,6.58023357203112,27.0638710715669,0.00284296737745335,,1300.30696491449,30,162.474045389202,1.296289432,105.007343416482,4.246096186,3.27322874359673,0.551090650348533,99.0777406212775,NaN,NaN,NaN,NaN,17.080544724,0.0319600933952091,7.2560250261575,13.8406937149951,7.5629997253418,15.2163393308617,0.0398173545045045,,1297.63408962948,30.0004011669001,163.874796506292,1.691147448,105.035717189319,2.232986452,2.74724187467374,0.465758483492524,97.9150627224675,NaN,NaN,NaN,NaN,23.6379165151033,0.0288792950725793,20.8836676298155,138.569127509927,6.34298692870648,44.2740965512291,0.00336125349910084,,1300.35246957967,29.9983973530863,162.507760750503,1.820052852,105.002788651456,2.331136094,3.24507633350343,0.29729949627238,98.3579403237063,NaN,NaN,NaN,NaN,14.1262526908333,0.01823963431836,24.1229163534783,118.505188077955,6.35799980163574,49.5618913468735,0.00250875609804649,,1300.12721134937,30,162.761924133369
33,1.501568074,104.819538693851,2.482168506,2.97979038288647,0.707750710068535,100.04063933334,NaN,NaN,NaN,NaN,10.6778271131667,0.0402810313829574,14.0145945583814,NaN,6.56323859630541,28.7500621913252,NaN,,1300.32821231709,30,162.28738109048,1.50053574,104.643250300191,4.68246182,3.28386304189453,0.433709242641276,100.005060212661,NaN,NaN,NaN,NaN,10.4026712456667,0.025040269963463,10.382206456334,NaN,7.59559739133633,21.6197948369919,NaN,,1299.13194193803,30,164.477883235725,1.561540836,105.01206742451,2.448491044,3.44538079136024,0.292699205686145,99.2691675966817,NaN,NaN,NaN,NaN,13.6141260167056,0.0177586192366804,12.4709408213418,103.605576780438,6.58105525044991,26.8346845981903,0.00282617973518655,,1299.96360386683,30,162.468848482298,1.296289432,104.972388441258,4.246096186,3.27478591250931,0.552979687482004,99.0532793398431,NaN,NaN,NaN,NaN,17.694168497,0.0320789370040946,7.26384363556329,13.7242180433881,7.5629997253418,15.2305487549928,0.0402931109338976,,1301.29762949195,30,163.869317593246,1.691147448,104.980941217492,2.232986452,2.84079899182607,0.465103201202757,97.8672421309382,NaN,NaN,NaN,NaN,23.7470889235605,0.0288410010442371,20.8508932984011,138.252505795473,6.34411047006111,44.1982992628712,0.0033641525836717,,1300.13185389837,29.9958873528313,162.502678563097,1.820052852,104.995839972563,2.331136094,3.23351579396913,0.298579756795753,98.4160287162464,NaN,NaN,NaN,NaN,16.212706543,0.0183267707305939,24.202256340877,119.091730841995,6.35799980163574,49.7706919966208,0.00250749607595807,,1301.03628546848,30,162.756781721258
33.0833333333333,1.501568074,104.812308800053,2.482168506,3.0197086687688,0.70671483834526,99.9763249067091,NaN,NaN,NaN,NaN,10.8791672841667,0.0402257210048679,13.9947252775001,NaN,6.56300020217896,28.7106993064718,NaN,,1299.60797940991,30,162.281852288263,1.50053574,104.70762742326,4.68246182,3.2446318683828,0.435302287783577,100.00483169122,NaN,NaN,NaN,NaN,10.160761745,0.0251203290439191,10.3846177288328,NaN,7.59751652893926,21.6243221000276,NaN,,1300.97758238037,30,164.472357442762,1.561540836,105.034824981158,2.448491044,3.50339615872226,0.296145032094754,99.3009857225501,NaN,NaN,NaN,NaN,13.9044051897711,0.0179999992251396,12.5798899607568,106.920558692168,6.58076266677049,27.0449243126068,0.00276996037369566,,1299.8052108366,29.9986892267545,162.463661456336,1.296289432,105.011891323896,4.246096186,3.25863827571399,0.552642224266028,99.0202399186782,NaN,NaN,NaN,NaN,17.5926807908333,0.0320414782558319,7.24285375440162,13.5914243918536,7.56259292960852,15.1924389899183,0.0406615722526692,,1299.87111109464,30,163.863839164343,1.691147448,105.002480756068,2.232986452,2.75682391706432,0.465778439586766,97.9293408924594,NaN,NaN,NaN,NaN,25.0340943840921,0.0288764547817978,20.9368561220238,138.091078975369,6.34137626980756,44.3973992809115,0.00337297467461884,,1300.25165168458,29.9988851589516,162.497596856462,1.820052852,105.016870250762,2.331136094,3.26146412417263,0.297483219855029,98.4470985528402,NaN,NaN,NaN,NaN,16.7276618952434,0.0182385996602493,24.1944829332767,117.58175826619,6.35799980163574,49.7503524673337,0.00253078534987319,,1299.947363132,30,162.751637213227
33.1666666666667,1.501568074,104.780428605245,2.482168506,2.99216630882567,0.708018609638458,99.999815821195,NaN,NaN,NaN,NaN,10.8394345271667,0.0402979996786779,14.061974358984,NaN,6.56295990151431,28.8435458211063,NaN,,1299.09336955106,30.0004028542804,162.276323250463,1.50141143978767,104.693277621908,4.68246182,3.29638288532868,0.433255757890016,99.9792274443532,NaN,NaN,NaN,NaN,10.3742533115911,0.025000000372529,10.3753237545135,NaN,7.59956348195189,21.6069174993849,NaN,,1298.62376326191,30,164.467645586665,1.561540836,105.000136695961,2.448491044,3.46474354452802,0.293609426086239,99.291712540604,NaN,NaN,NaN,NaN,13.4674050294938,0.0178016030986916,12.6190139514458,102.450412880073,6.57984562306463,27.1205306159774,0.00286716771646256,,1300.12099214844,29.9956693773089,162.458471477149,1.296289432,104.970066515388,4.246096186,3.22492187110036,0.551117950643355,99.0517740723577,NaN,NaN,NaN,NaN,17.4410658493333,0.0319596743426932,7.24371268631996,13.5130702592362,7.56199979782104,15.1939902314666,0.0407844537702977,,1300.83445739428,29.9975925720346,163.858359298903,1.691147448,104.997124464644,2.232986452,2.80858518995484,0.464584299982429,97.8874208591744,NaN,NaN,NaN,NaN,26.2737939734275,0.0287985736248703,21.021402622472,137.624488904038,6.34336054917704,44.5938280064028,0.00337579066197013,,1300.90179761393,29.9995983096696,162.492514389337,1.820052852,105.022103160327,2.331136094,3.20760109179284,0.296687988586941,98.4585845800043,NaN,NaN,NaN,NaN,13.6615872707566,0.0181936874615542,24.1289757934489,118.059502248024,6.35731742702466,49.5779564005275,0.00251312319184271,,1299.60604640183,30,162.74649030361
33.25,1.501568074,104.763265970046,2.482168506,3.01468144395772,0.708206590922538,99.9976303310063,NaN,NaN,NaN,NaN,10.919453424,0.0403215127578284,13.9521683318936,NaN,6.56291962303331,28.6267005790808,NaN,,1301.58711046303,30,162.270795146178,1.503535352,104.663670807825,4.68246182,3.22673031468265,0.433231727041221,100.013621704725,NaN,NaN,NaN,NaN,10.0684573425756,0.025000000372529,10.3529064914022,NaN,7.59997075422914,21.5648156846537,NaN,,1300.92353818659,30,164.464303340433,1.561540836,104.949523241953,2.448491044,3.4809404241361,0.294704280713932,99.2892081976053,NaN,NaN,NaN,NaN,13.8862402198628,0.0179158587733758,12.5487417301526,106.506510541362,6.57824373730728,26.9848259940311,0.00276713509884805,,1301.50195776385,29.9963802381038,162.453283449322,1.296289432,105.021366351552,4.246096186,3.24329639795785,0.551911396220258,99.1161009537205,NaN,NaN,NaN,NaN,17.5631455666667,0.0320000015199184,7.24404538910251,13.5255968669094,7.56199979782104,15.1945884643389,0.0408053527286569,,1301.79554122374,30,163.852880572647,1.691147448,104.989817747753,2.232986452,2.73395800538356,0.462895274688491,97.9533225990452,NaN,NaN,NaN,NaN,25.175084610374,0.0286781776233912,20.8894499852569,137.034917671317,6.34294217648287,44.2875306968041,0.00337793151571696,,1300.34510890579,30,162.487429939592,1.820052852,104.998198122115,2.331136094,3.21727613882383,0.299689645036741,98.4229947058961,NaN,NaN,NaN,NaN,17.6896257516667,0.0183692922160048,23.9909917876154,116.97097550735,6.3577989610724,49.2162303840472,0.00256283948439175,,1300.37705625503,30,162.741343409067
33.3333333333333,1.501568074,104.807135048795,2.482168506,3.02506010772482,0.713562004672564,100.031299279138,NaN,NaN,NaN,NaN,10.9195363863333,0.0406131047710636,13.8364360376039,NaN,6.56300020217896,28.3985865118765,NaN,,1299.10186286112,30,162.265268187394,1.503535352,104.664207355974,4.68246182,3.21236544557428,0.432999102974074,100.039136428496,NaN,NaN,NaN,NaN,10,0.025000000372529,10.3776333502139,NaN,7.59999990463257,21.6112135529171,NaN,,1300.85865490161,29.9987915843872,164.458779241022,1.561540836,105.032978098373,2.448491044,3.39379634558454,0.296937770421665,99.3099503519135,NaN,NaN,NaN,NaN,13.7569882433181,0.0179999992251396,12.5890923312436,102.056660357851,6.57543401444542,27.0626923213776,0.00291491636141941,,1298.378014956,30,162.448098841607,1.296289432,105.005168786188,4.246096186,3.26386194995248,0.551934556379404,99.1040116766895,NaN,NaN,NaN,NaN,17,0.0320000015199184,7.30491026186206,13.4133287577213,7.56179887430889,15.3051172544278,0.0411494480961198,,1298.96320401767,30,163.847400405272,1.691147448,104.98975735522,2.232986452,2.83964380228908,0.457904581012055,97.971620246806,NaN,NaN,NaN,NaN,22.4803014550866,0.0283720244809644,20.8236682840289,136.906262041545,6.34339524288315,44.135502288907,0.00334466897546165,,1299.1824597005,30,162.482344616086,1.820052852,104.977780877351,2.331136094,3.19584649788785,0.294078826763648,98.4808306684032,NaN,NaN,NaN,NaN,19.9062496993333,0.0180402720189349,23.9185007117076,118.144623216214,6.35737448440822,49.0272141733635,0.00248927098302451,,1301.41194424349,30,162.736197055152
33.4166666666667,1.501568074,104.828548400907,2.482168506,2.95306952336458,0.705010396088884,100.006237452448,NaN,NaN,NaN,NaN,11,0.0401108855613394,13.9040473773651,NaN,6.56332462346077,28.5317244348957,NaN,,1298.26551463004,30,162.259738577652,1.50621263005838,104.671717785112,4.68246182,3.21573179368189,0.433803561260605,100.024069609739,NaN,NaN,NaN,NaN,10.2845183962402,0.0250404431648248,10.3379702365268,NaN,7.59848073788653,21.5368182420183,NaN,,1300.05171023099,30,164.455864910766,1.561540836,105.013999681225,2.448491044,3.4837311336532,0.294673826233857,99.3591475050436,NaN,NaN,NaN,NaN,13.4396762728485,0.0178794802783694,12.5620362171801,104.092409353004,6.57504534738663,27.010442308647,0.00283133453005711,,1300.37784517862,30,162.442900707646,1.296289432,105.010686047446,4.246096186,3.27356028426053,0.550716650146566,99.152470520814,NaN,NaN,NaN,NaN,17.241081146,0.031919501787448,7.25210896092151,13.3491250319423,7.5615744739876,15.2092444611579,0.0412551042628731,,1300.94653392395,30,163.841919977991,1.691147448,105.047921498024,2.232986452,2.89703486693202,0.458908221611541,97.9725367016302,NaN,NaN,NaN,NaN,22.64631647508,0.0284217153077195,20.8237454383337,137.162054131836,6.34497351603177,44.1355203168604,0.00334572333204484,,1299.52371477533,30,162.47725895175,1.820052852,104.965289101675,2.331136094,3.20118570310249,0.295001620785802,98.4528713006604,NaN,NaN,NaN,NaN,17.3107481015,0.0180806051764912,24.0594345402675,116.757040557082,6.35699987411499,49.3954027431866,0.00252679645342906,,1298.51720619272,30,162.731050842426
33.5,1.501568074,104.844657769341,2.482168506,2.99841381284432,0.708019666983696,99.9729801173719,NaN,NaN,NaN,NaN,10.959775963,0.0402797725587396,13.9900936827991,NaN,6.56347663040379,28.7015138847988,NaN,,1299.34922043871,30,162.254209311569,1.5096546829591,104.716260326014,4.68246182,3.20788710673048,0.438828657174587,99.9798989380692,NaN,NaN,NaN,NaN,10.0773013609265,0.0253220187393119,10.3920005112551,NaN,7.59915446800848,21.6381553780759,NaN,,1297.77498340458,30,164.45371517656,1.561540836,104.982260952602,2.448491044,3.44639928997637,0.296024221688192,99.3253997215458,NaN,NaN,NaN,NaN,13.9596035484088,0.0179598286860454,12.5229621825222,103.501912855102,6.57372915891209,26.9350564850879,0.00286516954427558,,1299.76184788477,30.0012085632062,162.437712983498,1.296289432,105.012962193595,4.246096186,3.26686205515425,0.549360676275607,99.0814058285161,NaN,NaN,NaN,NaN,17.3617368281667,0.0318391768628319,7.22607525021319,13.2584617022953,7.56099987030029,15.1619780059195,0.0414355960760628,,1299.34020127923,30,163.836438248487,1.691147448,104.995997304067,2.232986452,2.84821276939798,0.454201107744087,97.9919645310314,NaN,NaN,NaN,NaN,25.6409841055,0.0281412193023746,20.7660606711035,137.471412099883,6.34335787686601,44.0021964232004,0.00330396925323992,,1299.61105695273,30,162.472171934052,1.820052852,104.975046501332,2.331136094,3.23441765790581,0.294026355815804,98.5024815116748,NaN,NaN,NaN,NaN,15.6577618608424,0.018040191928061,24.0381757389585,118.187686286357,6.35699987411499,49.3395539274076,0.00248818589101246,,1300.64321558351,29.9974752088268,162.725903891875
33.5833333333333,1.501568074,104.715371710096,2.482168506,2.97852205853277,0.708456954021542,100.017457730758,NaN,NaN,NaN,NaN,10.8469148478333,0.0403247642934178,13.9675985910996,NaN,6.56360565522482,28.6570959087376,NaN,,1299.1164345315,30,162.248679641803,1.513605478,104.645110542367,4.68246182,3.24554583404399,0.441251239730015,99.9986978158779,NaN,NaN,NaN,NaN,10.2258129978357,0.0254675204838306,10.3159229197444,NaN,7.59328979991628,21.4955407681013,NaN,,1300.57808010301,30,164.452273998112,1.561540836,104.97295023692,2.448491044,3.42840684655668,0.296337869218781,99.352518939068,NaN,NaN,NaN,NaN,13.5985234595912,0.0179595986749361,12.4614054267744,101.653687854788,6.57526351077634,26.8162334926673,0.00291642700273512,,1300.26812783731,30,162.432514040523,1.296289432,105.01986011468,4.246096186,3.27034179052813,0.551477276227171,99.1585168159158,NaN,NaN,NaN,NaN,17.2004943134396,0.0319597045580878,7.20786599742046,13.1668889666674,7.56095974366952,15.1289260550571,0.0418847109172969,,1299.58260478114,30.0004013126968,163.830956080816,1.691147448,104.988002280328,2.232986452,2.81267571651583,0.453115520827955,98.0167201163508,NaN,NaN,NaN,NaN,25.4960621355,0.0280805202988194,20.8097131630531,137.445216787275,6.3434902137083,44.1029995096908,0.00329670288726667,,1299.69008278207,30.0028127600975,162.467088014303,1.820052852,104.973863976925,2.331136094,3.15958079401575,0.294699781961495,98.5230755369357,NaN,NaN,NaN,NaN,16.4959890249023,0.0180784974552617,23.9750382587192,118.096145659919,6.35732836454886,49.1746630767757,0.00249565353712969,,1301.54606471755,29.9899997711182,162.720762171057
33.6666666666667,1.501568074,104.801109427244,2.482168506,2.94054011877123,0.707527359085414,99.9996522513137,NaN,NaN,NaN,NaN,10.8718161835,0.0402811883581088,13.8566533195548,NaN,6.56356241014942,28.4383382113451,NaN,,1299.90097529879,30,162.243153980963,1.513605478,104.711382292379,4.68246182,3.16421621406067,0.443510513243019,100.012851821176,NaN,NaN,NaN,NaN,10.0735147070142,0.0255988971473601,10.3242312273951,NaN,7.59015634139073,21.5110517604235,NaN,,1301.20693214698,30,164.446749905502,1.561540836,104.977699791418,2.448491044,3.50135321872372,0.295769610350774,99.298914914699,NaN,NaN,NaN,NaN,13.7991742941667,0.0179597844882871,12.561977522856,104.916654971127,6.57631145010531,27.0103378437569,0.00281918766535723,,1300.55426002221,30,162.42732270085,1.296289432,105.011638350081,4.246096186,3.2410535763152,0.551517579524641,99.1110805483708,NaN,NaN,NaN,NaN,17.7739293333937,0.0319595032077645,7.23770959527944,13.0812433449663,7.56010622061504,15.1830996902627,0.0421623345474651,,1300.19626490123,30.0004006459898,163.825474095248,1.691147448,104.989464416684,2.232986452,2.80761537933416,0.452545580894916,98.0471412110814,NaN,NaN,NaN,NaN,23.749443688094,0.0280401072058039,20.7800809561597,137.287501992025,6.34633828940192,44.034593390915,0.00329633925434668,,1299.67396907997,30,162.462003769388,1.820052852,105.006334994524,2.331136094,3.25960061092778,0.294904294797391,98.5931863979135,NaN,NaN,NaN,NaN,18.1945641679219,0.0180824772535702,24.0102694893026,117.794433377712,6.35799980163574,49.2667959801414,0.00250366314479247,,1299.60968943345,29.9996741840362,162.71561733737
33.75,1.501568074,104.831772325126,2.482168506,2.99876896053505,0.710903721320627,100.034847059797,NaN,NaN,NaN,NaN,10.8796082586667,0.0404424126658386,13.8168946000181,NaN,6.56318516191024,28.3599938018905,NaN,,1299.26468217357,30,162.237625727558,1.513605478,104.652900634422,4.68246182,3.23173411772047,0.443174865328194,99.9921584956301,NaN,NaN,NaN,NaN,10.2802188618167,0.0255810360862268,10.3525851047156,NaN,7.59241090470853,21.5642137899005,NaN,,1298.90343586346,30,164.441224690376,1.561540836,105.039655340012,2.448491044,3.45865452751349,0.29745979716061,99.3994302438915,NaN,NaN,NaN,NaN,13.5185146526667,0.0179999992251396,12.6036780217786,99.8392839466683,6.57462356158934,27.0908818521535,0.00298288759210234,,1300.01946320633,30,162.422129007357,1.296289432,104.976236696609,4.246096186,3.28280945833192,0.548745176825406,99.1591450112751,NaN,NaN,NaN,NaN,18,0.0318019298336805,7.17698390902424,12.9484269216639,7.55999994277954,15.0728951685362,0.0423823243939701,,1298.83798719368,30,163.819992434662,1.691147448,105.049686554288,2.232986452,2.85698015353611,0.45272495981549,98.0729435589878,NaN,NaN,NaN,NaN,25.564638770906,0.0280399476965749,20.7554056542668,137.36600617481,6.34241705597106,43.9776469939977,0.00329576245629949,,1299.5595400863,30,162.456919144995,1.820052852,105.032422119028,2.331136094,3.22590154757862,0.293668297470375,98.4827597111935,NaN,NaN,NaN,NaN,17.2742282786667,0.0180049386496422,24.0438840842193,118.102812024702,6.35799980163574,49.3545811535745,0.00248659424178992,,1300.85288518005,30,162.710471101281
33.8333333333333,1.501568074,104.791040976947,2.482168506,2.98623499685096,0.705603021019542,99.9829524159119,NaN,NaN,NaN,NaN,10.8793955823333,0.0401605692720011,13.90512387537,NaN,6.56400012969971,28.5338824581185,NaN,,1299.135044401,29.99598561084,162.23209724162,1.513605478,104.703382747928,4.68246182,3.21650027859978,0.437454549467359,100.024511061255,NaN,NaN,NaN,NaN,10.7595984893333,0.0252403297666301,10.3050877032351,NaN,7.58949503572315,21.4751768686533,NaN,,1298.13950038776,30.0036149498677,164.435699359588,1.561540836,105.025794682682,2.448491044,3.47376168779377,0.296903521359645,99.3242610229576,NaN,NaN,NaN,NaN,13.2373259338333,0.0179999992251396,12.5433813655356,103.219054401492,6.57527018589252,26.9744181662731,0.00287672419360506,,1298.90567323547,30,162.416927011265,1.296289432,104.978491937233,4.246096186,3.23277857966893,0.549288215117063,99.1432890325522,NaN,NaN,NaN,NaN,18,0.0318364538508152,7.21841962537339,12.953212220799,7.55975655756386,15.1481095222397,0.0424069414284986,,1300.53143746259,30,163.81451201045,1.691147448,104.996352005289,2.232986452,2.7959737308089,0.452680378670892,98.0280298883648,NaN,NaN,NaN,NaN,22.2742953778244,0.0280400768351888,20.7642420919465,137.416791228404,6.34440830685927,43.9980268570276,0.00329421236606308,,1301.21346390376,30,162.45183310439,1.820052852,104.984847905092,2.331136094,3.17878876609904,0.294883560070173,98.5581129331654,NaN,NaN,NaN,NaN,16.5163812531299,0.0180750972577562,24.006948572952,117.641421410526,6.35760248887776,49.2579014488398,0.00250694905580951,,1301.29217135925,30,162.705323526343
33.9166666666667,1.501568074,104.798327254465,2.482168506,2.90739054129982,0.707903289404396,99.9861684284755,NaN,NaN,NaN,NaN,10.862986061809,0.04028160014911,13.8966784921889,NaN,6.56400012969971,28.5171942542889,NaN,,1301.89108109122,30,162.226569097004,1.513605478,104.693429107512,4.68246182,3.21482865097,0.439466055218455,99.9417040946905,NaN,NaN,NaN,NaN,10.759169569,0.0253614512261087,10.3914398262924,NaN,7.58999967575073,21.6371014499867,NaN,,1300.94639184505,30.0004012842561,164.430173815927,1.561540836,104.994486764378,2.448491044,3.43155515533721,0.296228391109061,99.3801351895387,NaN,NaN,NaN,NaN,13.7927071119661,0.0179598503036753,12.5572995069678,102.865096584347,6.57539515337245,27.0013003182122,0.00288429579349939,,1298.87108708043,30,162.41173549652,1.296289432,104.970450794306,4.246096186,3.24333297329762,0.549446551812158,99.1377163902552,NaN,NaN,NaN,NaN,17.7648282477501,0.0318455409813126,7.18046574525802,12.8194305389721,7.55900001525879,15.0792126680075,0.0428611366803649,,1299.64271306037,30,163.809031647081,1.691147448,105.018505778097,2.232986452,2.86979418642426,0.451952615929318,98.0544173119674,NaN,NaN,NaN,NaN,21.5452325728423,0.0280000008642673,20.8218792633481,137.440724565814,6.34330134362179,44.1312025139281,0.00328835201832921,,1300.52167777562,30,162.446748875068,1.820052852,104.994201827543,2.331136094,3.2111139772171,0.292141202244257,98.5201042427712,NaN,NaN,NaN,NaN,18.7026239828204,0.0179197825219065,24.0025456500383,118.391852106938,6.35711145821154,49.2464672972297,0.00246801726388247,,1300.95295817895,30,162.700180494756
34,1.501568074,104.818119307905,2.482168506,2.93203592345786,0.705733572013304,100.007999146358,NaN,NaN,NaN,NaN,10.092548774691,0.0401610381067845,13.8321838432639,NaN,6.56400012969971,28.3901400331766,NaN,,1299.58414910458,30.0004016027417,162.221041384636,1.513605478,104.655444965515,4.68246182,3.17465954331046,0.433167708954573,100.061118082952,NaN,NaN,NaN,NaN,10.3570646708333,0.025000000372529,10.2183388749497,NaN,7.58740751723388,21.3126974177658,NaN,,1302.32146791624,30,164.424648904032,1.561540836,105.004177503989,2.448491044,3.44416102179327,0.29613855571825,99.3578234446504,NaN,NaN,NaN,NaN,13.6039780910339,0.0179198365359815,12.55957471816,99.7519045906699,6.57368560769008,27.0057290937683,0.00297018090282474,,1299.22744790519,30,162.40653223145,1.296289432,105.014841748472,4.246096186,3.24309483322924,0.546738738508842,99.1476870072623,NaN,NaN,NaN,NaN,17.8335518724166,0.0316725583177537,7.17542595947038,12.7604698773889,7.55895958572814,15.0700714713121,0.0428470793732912,,1300.38353823941,30,163.803550015249,1.691147448,105.000255026987,2.232986452,2.87043924191736,0.449997968894951,98.0728621204645,NaN,NaN,NaN,NaN,25.1269071141667,0.0278795627513593,20.8226856340642,137.723755121023,6.34571430151745,44.1330421890987,0.00326740270592108,,1300.33578823052,30,162.441663909479,1.820052852,105.016030541864,2.331136094,3.21424267514605,0.291094969613593,98.5549403002318,NaN,NaN,NaN,NaN,14.120533174383,0.0178395812344806,23.9548364565295,117.247897530022,6.35765043373517,49.1219804188487,0.00248300166155263,,1298.54109385449,29.995187028124,162.6950334634
34.0833333333333,1.501568074,104.813819427955,2.482168506,2.98779813274404,0.709444790635687,100.023992606259,NaN,NaN,NaN,NaN,10.7185184445,0.0403612496055239,13.8469357637962,NaN,6.56400012969971,28.4192138941749,NaN,,1298.91333016214,29.9983969030572,162.215512711061,1.513605478,104.673982164881,4.68246182,3.25682245157049,0.433864238077079,100.01106997662,NaN,NaN,NaN,NaN,10.3961840243333,0.0250399728537477,10.2710876161896,NaN,7.58773010272385,21.4114573581974,NaN,,1299.27517547092,30,164.41912481356,1.561540836,104.956134168172,2.448491044,3.47679308520529,0.295974053661531,99.3522399924745,NaN,NaN,NaN,NaN,13.7996316713333,0.0179600542119956,12.6084815348009,103.635559671268,6.57423786552275,27.10020032528,0.00285621825935951,,1299.60292212238,29.9964331172457,162.401336625521,1.296289432,105.022280019416,4.246096186,3.2460914480046,0.548170988759316,99.1947007248319,NaN,NaN,NaN,NaN,18,0.0317588325838432,7.23127604799525,12.9175084266478,7.5584072354358,15.1714178640848,0.0424576401279992,,1300.18475082293,30,163.798067552704,1.691147448,105.026612780828,2.232986452,2.84872016473305,0.453286759587556,98.157678786346,NaN,NaN,NaN,NaN,26.03564858528,0.0280803391709605,20.7902392537431,137.8618608897,6.34273211784534,44.0581202276021,0.00328798271708078,,1299.51866136667,29.9963840834651,162.436579910879,1.820052852,104.991767953081,2.331136094,3.17668773850039,0.29184302968771,98.5753933231706,NaN,NaN,NaN,NaN,15.8674244905,0.0178955245216877,24.00637092605,118.249401929124,6.35699987411499,49.2565825650823,0.00246812596153741,,1301.11652443933,30,162.689887895452
34.1666666666667,1.501568074,104.816607184243,2.482168506,2.98159301232465,0.708738478596593,99.9684258017092,NaN,NaN,NaN,NaN,10.633667304,0.0403208686755231,13.8532791206101,NaN,6.56416078546215,28.4316946843566,NaN,,1298.80922227149,30,162.209984123635,1.513605478,104.72146783961,4.68246182,3.12648287304802,0.433972999812088,99.9944442722564,NaN,NaN,NaN,NaN,10.3213420936667,0.025040103106769,10.2868675091691,NaN,7.58815422992212,21.4410181133574,NaN,,1298.70552102562,29.9999598462729,164.413600621719,1.561540836,104.996685400657,2.448491044,3.45447842547781,0.297166356076729,99.351111919379,NaN,NaN,NaN,NaN,13.4790079006667,0.0179598471200141,12.5293009781602,97.8586008849792,6.57261867850312,26.9472315179938,0.00303943151235796,,1299.19115457561,29.9915172235541,162.396134905489,1.296289432,105.003201025148,4.246096186,3.2635979371002,0.550444338122795,99.2037748091731,NaN,NaN,NaN,NaN,17.651649877,0.031893043383162,7.20107433942669,13.1949648932528,7.55779930720868,15.1166108413424,0.041716890909581,,1300.93976861668,30,163.792585511018,1.691147448,105.008905868098,2.232986452,2.92546798372287,0.451376327440393,98.0378695277769,NaN,NaN,NaN,NaN,24.4506966412642,0.0279597850135087,20.7681570440445,137.547650623658,6.34432651316192,44.0070839108602,0.00328166135279841,,1299.68538074816,30,162.431494946618,1.820052852,105.050898940116,2.331136094,3.19362831785256,0.291570385029707,98.5953750433172,NaN,NaN,NaN,NaN,15.6596680793933,0.0178631487133725,24.0617100777901,117.432185142372,6.35722154977488,49.4011684526914,0.00248361127133557,,1300.06516566137,30,162.684742238001
34.25,1.501568074,104.83018735568,2.482168506,3.00264236401585,0.706570433361143,100.020766474601,NaN,NaN,NaN,NaN,10.406903213899,0.0402008992983987,13.8753849096505,NaN,6.56456261417113,28.475288005693,NaN,,1299.95558063485,30,162.204455992918,1.513605478,104.718503028595,4.68246182,3.19905208291348,0.434042354820826,99.9688688925863,NaN,NaN,NaN,NaN,10.1523275155511,0.0250401506391101,10.3733149494175,NaN,7.59207209489383,21.6030974370699,NaN,,1299.87723242439,29.9980315805789,164.408074785907,1.561540836,104.985663762831,2.448491044,3.48416502514655,0.295589939536554,99.3594963519256,NaN,NaN,NaN,NaN,13.5175401350119,0.0179198362666486,12.5414221771372,102.966821561352,6.57058364553676,26.9706434316227,0.00287105243116527,,1299.60304771737,30,162.390934396717,1.296289432,105.015882235003,4.246096186,3.23481964711509,0.548562558493543,99.1994534710591,NaN,NaN,NaN,NaN,17.9060537042578,0.0317850292039321,7.17256098192523,13.1225599316878,7.55731795103821,15.064878770479,0.0418035333170181,,1300.07037765393,30,163.787104448299,1.691147448,105.022152886289,2.232986452,2.87384980200996,0.451965799580405,98.135251512593,NaN,NaN,NaN,NaN,25.1956448451339,0.0280000008642673,20.7596089606434,137.839641592284,6.34534094299909,43.9873342635728,0.00327892854194252,,1300.5075314289,30,162.426411285987,1.820052852,104.99868123199,2.331136094,3.20473405347752,0.291569162765279,98.5791918909684,NaN,NaN,NaN,NaN,15.9726297809401,0.0178798963564959,24.0165887243185,118.649437941648,6.35730061953284,49.2833089929312,0.00245739101951462,,1300.0783723206,29.9938073536732,162.679593361593
34.3333333333333,1.501568074,104.809625241583,2.482168506,3.06604477679518,0.708019595855323,100.017794983768,NaN,NaN,NaN,NaN,10.5136431812676,0.0402803961696701,13.9287357723675,NaN,6.56463812933212,28.5804342795102,NaN,,1298.37938315326,29.9983549653765,162.198927257545,1.513605478,104.687431346355,4.68246182,3.24751096927307,0.43397260146567,100.045518683178,NaN,NaN,NaN,NaN,10.4514335852603,0.0250399997664187,10.4043034080886,NaN,7.59338903601319,21.6612315921106,NaN,,1300.8279657352,30,164.402549135202,1.561540836,104.971631672723,2.448491044,3.39582475710479,0.297173792795401,99.4021811675307,NaN,NaN,NaN,NaN,13.7999479384157,0.0179596990447656,12.6237775298483,97.5264398275957,6.56990628249351,27.1297380944897,0.0030515906976556,,1299.39420915,30,162.385732893063,1.296289432,105.000620967705,4.246096186,3.30515889186027,0.550288463731673,99.2346911968678,NaN,NaN,NaN,NaN,17.8794077649089,0.0318795369127724,7.20709471356263,13.0787189735989,7.55733845798277,15.127535529371,0.0420756651637472,,1300.31486429069,30,163.781622769217,1.691147448,105.01259426869,2.232986452,2.8191532342846,0.451917000168877,98.1835166337008,NaN,NaN,NaN,NaN,27.7347330623219,0.0280000008642673,20.7349660266413,138.156994054648,6.34296508708834,43.9305377435826,0.00327104154556804,,1299.8315570893,30,162.421326888174,1.820052852,105.013657523231,2.331136094,3.25847581142956,0.290224203739097,98.6095483628782,NaN,NaN,NaN,NaN,19.3108592873333,0.0177994223853666,23.9456890152942,118.677534430571,6.35704009310124,49.0980327504187,0.00244554431230731,,1300.48565943659,29.9969534611019,162.674450487109
34.4166666666667,1.501568074,104.845494073397,2.482168506,3.01356707182878,0.707490048791415,100.008127992131,NaN,NaN,NaN,NaN,10.4845205341667,0.0402435112354202,13.8834769722546,NaN,6.56508022792382,28.4912368225017,NaN,,1300.66734116328,29.9984311754575,162.19339885194,1.513605478,104.654832349053,4.68246182,3.23139053368378,0.433188882118743,99.958247849298,NaN,NaN,NaN,NaN,10.1190183163553,0.025000000372529,10.3158939442876,NaN,7.59468214235803,21.4954542201232,NaN,,1299.89053939495,30,164.397024990895,1.561540836,104.967507179322,2.448491044,3.42501702480986,0.295622255534061,99.3662544429114,NaN,NaN,NaN,NaN,13.3575161514057,0.017919609366034,12.5774013050901,102.076524861276,6.56803174413471,27.0402485607393,0.00289631959721027,,1299.34402265492,30,162.3805301708,1.296289432,104.982206218546,4.246096186,3.19489574450849,0.548159844539662,99.2203073025127,NaN,NaN,NaN,NaN,17.3171971459723,0.0317590653666663,7.22099646041764,12.9504046097436,7.55700016021729,15.1527583804047,0.0423278550129784,,1301.96178947841,30,163.776140423321,1.691147448,104.986854007026,2.232986452,2.85140232212853,0.448420656403686,98.0980156371983,NaN,NaN,NaN,NaN,28.5291487513333,0.0277869211634554,20.6463475534509,138.017943853311,6.3453173230028,43.7266418352612,0.00324901358858181,,1299.6453589321,29.9974753602102,162.416244038429,1.820052852,105.024658889702,2.331136094,3.21484063986326,0.288987378300422,98.5676214507294,NaN,NaN,NaN,NaN,20.3598474074196,0.0177192149126178,23.958713622304,118.646639230155,6.35699987411499,49.1319842533844,0.00243613875194235,,1299.02218480087,30,162.669306647006
34.5,1.501568074,104.783516047237,2.482168506,3.07003178910257,0.708541692388013,99.9852052388365,NaN,NaN,NaN,NaN,10.4422240341667,0.0403190044777457,13.88188925398,NaN,6.56587306370202,28.4880270435107,NaN,,1299.02208417975,30,162.187870857031,1.513605478,104.653151721044,4.68246182,3.22137642266694,0.433862457178196,100.04425494046,NaN,NaN,NaN,NaN,10.3212154453333,0.0250402669219625,10.3324871766103,NaN,7.59174025575441,21.5265296044563,NaN,,1299.85130437229,30.0002259945946,164.391501910363,1.561540836,104.999951687619,2.448491044,3.46666438565369,0.297548865466418,99.4521863218913,NaN,NaN,NaN,NaN,13.8637252423656,0.0179999992251396,12.45789140879,99.5337039200947,6.56269048319673,26.8094869714024,0.00299654980336082,,1299.30654412413,30,162.375333879553,1.296289432,105.010883255127,4.246096186,3.24325642691028,0.55172489813713,99.2279241759694,NaN,NaN,NaN,NaN,17.546765220861,0.0319598117933051,7.21178208900237,12.8583344907675,7.55700016021729,15.1360361880792,0.0429089543531946,,1298.76910217262,30,163.770659239019,1.691147448,104.989154843645,2.232986452,2.79614263363873,0.450549609972565,98.1256518459748,NaN,NaN,NaN,NaN,27.4350332615147,0.0279320544645155,20.76788267943,138.638896607012,6.3434234018899,44.0064952723317,0.00324978884867694,,1300.29581006694,29.9989086810956,162.411163002961,1.820052852,105.017960488373,2.331136094,3.20846562933129,0.289073953462438,98.6650021606411,NaN,NaN,NaN,NaN,16.4901544420804,0.0177180707380615,24.018858697788,118.226146142181,6.35699987411499,49.2890344906083,0.00244530486477321,,1300.24738005174,30,162.664161382191
34.5833333333333,1.501568074,104.793825686374,2.482168506,2.9943915391485,0.705754103749234,99.9749824174977,NaN,NaN,NaN,NaN,10.6274076706667,0.0401608698887988,13.8831040565328,NaN,6.56599998474121,28.4904336640817,NaN,,1301.34931399553,30,162.182345092988,1.513605478,104.693556636223,4.68246182,3.25603193586345,0.433138579213194,100.007411958387,NaN,NaN,NaN,NaN,10.4202367665,0.025000000372529,10.3100449878615,NaN,7.5887179883627,21.484464477718,NaN,,1300.49194366534,30.000977871029,164.385978758747,1.561540836,105.013378734834,2.448491044,3.47160541270875,0.296855140922784,99.371200116521,NaN,NaN,NaN,NaN,13.6547389646344,0.0179598097395776,12.5215843378286,99.9747645910098,6.55858967656215,26.932332957224,0.00296989121512791,,1299.22918949195,29.9994826402767,162.370124783516,1.296289432,105.008172275673,4.246096186,3.24474643517948,0.545506485420479,99.1977699841447,NaN,NaN,NaN,NaN,17.4080488276667,0.0315977766916215,7.202636157652,12.7470096421982,7.55671312846214,15.1194421790072,0.042795844384207,,1300.36406096209,30,163.765177229455,1.691147448,105.014139883139,2.232986452,2.80061971754295,0.450642039948729,98.1170344472199,NaN,NaN,NaN,NaN,25.156867368152,0.0279241000264773,20.7280198805587,138.304091750584,6.34383027155354,43.9146055141426,0.00325834579945593,,1300.78024072925,30,162.406082723843,1.820052852,105.027860204688,2.331136094,3.20857290711759,0.292964388479784,98.6357792431679,NaN,NaN,NaN,NaN,17.0736637405192,0.0179597165239026,24.0099967880287,118.548108955601,6.35699987411499,49.2661115666531,0.00247132975386549,,1302.08763387135,30.0003996316516,162.659015705618
34.6666666666667,1.501568074,104.828684501064,2.482168506,2.97817201666107,0.708082598436243,100.05179415266,NaN,NaN,NaN,NaN,10.5572509071667,0.0402809688251421,13.8979003631352,NaN,6.56622037331929,28.519598862867,NaN,,1299.82711613118,30,162.176817913718,1.513605478,104.692376274668,4.68246182,3.23226859710425,0.434712321077535,99.9880316501083,NaN,NaN,NaN,NaN,10.3429163936145,0.0250802275431793,10.4199185672847,NaN,7.58573888458042,21.6905391743239,NaN,,1300.27661513536,29.9995975054045,164.380454515671,1.561540836,104.970869498461,2.448491044,3.44563075490136,0.29692863189637,99.394190736368,NaN,NaN,NaN,NaN,13.6864185749657,0.0179999992251396,12.4672219216958,102.643062098106,6.55647833740514,26.8274701261852,0.00289294394624001,,1300.70157443869,29.9993122332891,162.364927224337,1.296289432,104.971904181256,4.246096186,3.22479333457308,0.550217672540628,99.2722158620288,NaN,NaN,NaN,NaN,17.4722338676174,0.031874562583327,7.24004415311015,12.6983233180382,7.55599975585938,15.1873275317813,0.0433363142744036,,1300.14373295279,29.9991937082742,163.759695092235,1.691147448,104.965348413681,2.232986452,2.86094349158856,0.449786073437159,98.1162830757852,NaN,NaN,NaN,NaN,25.4472295085,0.0278749013231108,20.8069643616254,138.193038484711,6.34412319609788,44.0968712189834,0.00325477002373622,,1298.94604619805,29.996778424924,162.401000522882,1.820052852,104.990751372762,2.331136094,3.19726429303901,0.286793254015387,98.6068341667542,NaN,NaN,NaN,NaN,18.6535033161475,0.017595681975316,24.1487282214171,119.341397552292,6.3569978043876,49.6298787925893,0.00240327446779884,,1301.22986138123,30,162.653873250215
34.75,1.501568074,104.802942183164,2.482168506,3.01266047726444,0.712287340874867,99.9749915259111,NaN,NaN,NaN,NaN,10.7189657138333,0.0405224993846386,13.8395121462872,NaN,6.56687910078309,28.4045644237264,NaN,,1300.95253092924,30,162.171289070414,1.513605478,104.727503600873,4.68246182,3.22420675244122,0.433321843135353,100.020634366334,NaN,NaN,NaN,NaN,10.2399829581338,0.025000000372529,10.3039548716773,NaN,7.58513649462925,21.4730678119895,NaN,,1299.17643441727,30,164.374930213829,1.561540836,105.007240976428,2.448491044,3.43806335380267,0.298062526995698,99.4250871500701,NaN,NaN,NaN,NaN,13.8316930082009,0.0179999992251396,12.5445084865681,97.094786096514,6.55664662168257,26.9765842864766,0.00307255190348729,,1299.24662037383,30,162.359723246071,1.296289432,104.970234560144,4.246096186,3.20827230116745,0.550423187990753,99.253000163978,NaN,NaN,NaN,NaN,17.482268189716,0.0318847684456084,7.2411911897732,12.8050694737516,7.55599975585938,15.1894087715344,0.0429970106138773,,1299.86650714839,30,163.754213960964,1.691147448,105.017773330739,2.232986452,2.79575415834559,0.450597569337073,98.2096774467937,NaN,NaN,NaN,NaN,24.8565710629157,0.0279197208509417,20.7329853367242,138.171563246172,6.34391080887221,43.9261068515197,0.00326114600415649,,1299.3313446718,29.9971665541582,162.395919506689,1.820052852,104.969664604019,2.331136094,3.21726331556754,0.287085484188228,98.6305584929931,NaN,NaN,NaN,NaN,15.6667457361667,0.0176128043913603,24.0687088246877,119.434063370717,6.35637200325137,49.4199726642911,0.0024037338336316,,1299.03871487453,30,162.648732493166
34.8333333333333,1.501568074,104.811992058027,2.482168506,3.02047017177517,0.708048570056436,99.9974595932849,NaN,NaN,NaN,NaN,10.718730617,0.040281685035282,13.8987955598388,NaN,6.56683931425916,28.521403818706,NaN,,1299.98671018977,30,162.165762063043,1.513605478,104.665334244942,4.68246182,3.25291354376313,0.433960739556821,99.9893154964646,NaN,NaN,NaN,NaN,10.2428994552517,0.0250399835454161,10.2842624864668,NaN,7.59014688157806,21.4361459338957,NaN,,1299.63753020004,30,164.369405591578,1.561540836,104.981762953098,2.448491044,3.42696348916895,0.297146011639718,99.4228869687687,NaN,NaN,NaN,NaN,13.7176189545,0.0179999992251396,12.5912918660563,102.016362742097,6.55687759026878,27.066946084731,0.00291322623187994,,1301.04054056612,30,162.354518313831,1.296289432,104.989144149635,4.246096186,3.26445437376351,0.551169115337869,99.2204023116629,NaN,NaN,NaN,NaN,17.3562386991667,0.0319311885799655,7.27189984364723,12.7434114127644,7.55599975585938,15.2451545224461,0.0432524265689697,,1298.0269370698,30,163.748733384312,1.691147448,104.985264040241,2.232986452,2.80971632511146,0.445480951556424,98.2241331264954,NaN,NaN,NaN,NaN,26.9865554227542,0.0275971235012273,20.6979142592082,137.984209649556,6.34221896058071,43.8451416896458,0.00322848649923323,,1299.11474319863,29.9955909701518,162.390836667189,1.820052852,105.051213970624,2.331136094,3.1935570052088,0.283893244721119,98.6502866482633,NaN,NaN,NaN,NaN,16.8915081426353,0.0174019537010664,24.0099268364522,118.184125136047,6.35656223360229,49.2657388562423,0.00240238667670825,,1300.59417661535,30.0016079180215,162.643590159942
34.9166666666667,1.501568074,104.877378263375,2.482168506,3.00427466311996,0.709919200367654,100.018482236917,NaN,NaN,NaN,NaN,10.7517339519151,0.0403650729494388,13.7237348271029,NaN,6.56675543079408,28.1767521095945,NaN,,1300.38515113395,30,162.160233608235,1.513605478,104.698175820757,4.68246182,3.26684682094994,0.433260165846896,100.023703595445,NaN,NaN,NaN,NaN,10.2443503430184,0.025000000372529,10.332800050677,NaN,7.59129476462273,21.5271231013468,NaN,,1299.26531212824,30,164.363882756808,1.561540836,105.015579489555,2.448491044,3.44616872425791,0.297551110955823,99.3815646603053,NaN,NaN,NaN,NaN,13.8793753885,0.0179999992251396,12.5090058960513,99.7318647911996,6.55801242988126,26.9080661656981,0.00298743725933651,,1300.9308970187,30,162.349319832546,1.296289432,104.995263841118,4.246096186,3.26851221882023,0.548823336827254,99.3010204326318,NaN,NaN,NaN,NaN,17.5743036841667,0.0317867236720325,7.24120169995267,12.6622123781339,7.55599975585938,15.1894281849956,0.0433447736819284,,1298.79085252143,29.9929286851485,163.743251562003,1.691147448,104.99212449565,2.232986452,2.84430193261164,0.445093848224082,98.1974536822043,NaN,NaN,NaN,NaN,28.8840361628301,0.0275786775321417,20.8238977163663,138.12671247241,6.34612485736118,44.1358383143036,0.00322237119114118,,1299.36488874508,30.0094476048619,162.385754391258,1.820052852,105.002814528853,2.331136094,3.1861442568599,0.281293485091006,98.6790295468482,NaN,NaN,NaN,NaN,15.0939197386078,0.0172410661616993,24.0706638507019,118.513976661174,6.35607977932393,49.4248002829161,0.00237412107943773,,1301.25088373498,30.0008014128699,162.638443278815
35,1.501568074,104.7870368923,2.482168506,2.99343212996266,0.708016522766225,99.9615091204591,NaN,NaN,NaN,NaN,10.3252652612515,0.0402787349984703,13.9228712819511,NaN,6.56595575068986,28.5691685599039,NaN,,1300.34995148395,30,162.154704745714,1.513605478,104.709481909402,4.68246182,3.25287235465616,0.433277327871172,99.9920078026948,NaN,NaN,NaN,NaN,10.8705264678252,0.025000000372529,10.337517802978,NaN,7.58797446992592,21.5359688502967,NaN,,1299.79637564131,30,164.358359279195,1.561540836,104.998280432729,2.448491044,3.43601317689108,0.296952268786873,99.418184164876,NaN,NaN,NaN,NaN,13.6389370681667,0.0179999992251396,12.5029663081191,103.370510573043,6.56153498407377,26.8964307936126,0.00287281854094476,,1301.76921371301,29.9995980830594,162.344119745112,1.296289432,105.022426971916,4.246096186,3.2757522249497,0.548394489178583,99.2797057744387,NaN,NaN,NaN,NaN,17.7026066785,0.0317587775472317,7.28866785136696,12.6169473915499,7.55569945927656,15.2756025542125,0.0434671618280608,,1300.75701964114,29.9998379006039,163.737769409006,1.691147448,105.006313911088,2.232986452,2.83428107216438,0.439579815003587,98.209475140191,NaN,NaN,NaN,NaN,29.75875416,0.0272409763634223,20.7821392204925,138.214322675768,6.34038775349365,44.0395060934997,0.00318043058824258,,1297.95567363502,30.0062293377649,162.380672131778,1.820052852,104.993462771062,2.331136094,3.21526210575322,0.279803122657651,98.6555603950855,NaN,NaN,NaN,NaN,15.2360599999235,0.0171612712459164,23.9919684853716,119.153185071449,6.35621264266239,49.2187600357459,0.00234831031243488,,1301.56534363499,29.9970647427481,162.633300430764
35.0833333333333,1.501568074,104.812047150961,2.482168506,3.01454349960976,0.706726933450945,100.049154750914,NaN,NaN,NaN,NaN,10.4757619796667,0.0401923776857137,13.8120935573369,NaN,6.56596389616121,28.3505390636941,NaN,,1300.56980343945,30,162.149176862435,1.513605478,104.707445922221,4.68246182,3.23112907114556,0.433386628799177,99.9948981948308,NaN,NaN,NaN,NaN,10.317075249823,0.025000000372529,10.3366116776308,NaN,7.58748066401839,21.534266093762,NaN,,1299.81385640593,30,164.352835308738,1.561540836,105.002580013465,2.448491044,3.44388663767248,0.296298631609786,99.4255899392373,NaN,NaN,NaN,NaN,13.5425872778333,0.0179197671720993,12.3640597252763,99.4116967118906,6.55953327394955,26.6286594507635,0.00298632603075308,,1299.54066589213,29.9955803158521,162.338924017144,1.296289432,104.989310462957,4.246096186,3.23317937137663,0.54371899965024,99.2685144653856,NaN,NaN,NaN,NaN,17.8791457266667,0.0314765342282199,7.26159132041565,12.6612889335303,7.55499982833862,15.2264567374739,0.0429447589282269,,1301.2810731801,30,163.732284658682,1.691147448,104.9739729625,2.232986452,2.81945512676461,0.43646216042539,98.2212670903443,NaN,NaN,NaN,NaN,25.9215319912303,0.0270400767239236,20.7084735707742,138.065744473847,6.34481483111215,43.8696556844449,0.00316126523048408,,1299.48733620915,29.9971768871789,162.375590412516,1.820052852,105.008903440055,2.331136094,3.21010401720745,0.27852712122313,98.6858700643677,NaN,NaN,NaN,NaN,15.3514956117975,0.0170806926449648,23.9824456494541,118.970195286347,6.35692201089581,49.1938816175642,0.00234122403071877,,1301.9944761785,29.9968987463329,162.628158540146
35.1666666666667,1.501568074,104.842574641722,2.482168506,3.05707037802326,0.706208646856754,100.012184018681,NaN,NaN,NaN,NaN,10.7580582981667,0.0401697698498953,13.8370192631474,NaN,6.56599998474121,28.3996653193633,NaN,,1300.8876241331,29.9963733293323,162.1436495778,1.513605478,104.737570976496,4.68246182,3.18105170663018,0.432716514034323,99.998400424883,NaN,NaN,NaN,NaN,10.2559880323333,0.0249597204709266,10.338294530261,NaN,7.58734302269378,21.5374595847259,NaN,,1299.87309168967,30,164.347310978043,1.561540836,105.017751642435,2.448491044,3.49338758042438,0.29338913310409,99.441746859546,NaN,NaN,NaN,NaN,13.8554716255,0.0177582964942286,12.4506715471526,101.393199475023,6.55610114336225,26.7955509207328,0.00289435187558411,,1298.95374003109,30,162.333716732742,1.296289432,105.003413659296,4.246096186,3.28498349600657,0.541970244744494,99.3055053278707,NaN,NaN,NaN,NaN,17.7487945897891,0.0313880228857413,7.27179771591592,12.5628040320818,7.55499982833862,15.2449737930715,0.0431420852258956,,1299.4527995548,30,163.726802457408,1.691147448,105.014753103713,2.232986452,2.82230136095365,0.436074824123117,98.2603879704367,NaN,NaN,NaN,NaN,26.3077723823961,0.0270073141156797,20.7574005736115,137.877225494989,6.34259797538495,43.9823316878283,0.00316279909837891,,1299.49914558864,30,162.370508287404,1.820052852,105.019749022435,2.331136094,3.25696964335587,0.277730059532478,98.7461062466819,NaN,NaN,NaN,NaN,16.4512040995442,0.0170401204815528,24.0020514595397,120.159099954524,6.35639354367921,49.2451014829298,0.00231136171364877,,1300.27735495962,30.000817296121,162.623017863138
35.25,1.501568074,104.833048592296,2.482168506,3.01003654303055,0.703245647078959,100.002134400846,NaN,NaN,NaN,NaN,10.8395581853333,0.0399999991059303,13.8001376586538,NaN,6.56587926740818,28.3271190134952,NaN,,1300.93515496615,30,162.138121928555,1.513605478,104.694660317875,4.68246182,3.2083416772535,0.431812825100581,99.980535881435,NaN,NaN,NaN,NaN,10.0806737435,0.024904470909538,10.3575024213871,NaN,7.58476497151777,21.573446489015,NaN,,1300.5218570833,29.9991987335309,164.3417842512,1.561540836,105.030852318943,2.448491044,3.44061276057645,0.294135390652708,99.4042831712162,NaN,NaN,NaN,NaN,13.5575710851667,0.0178012019657185,12.4933646127986,101.134686138263,6.55548214704772,26.8778774679008,0.00291247545573942,,1298.57921309548,30,162.328520204023,1.296289432,105.008096400199,4.246096186,3.24606231216266,0.540254517259268,99.2932385632706,NaN,NaN,NaN,NaN,17.4872165242109,0.0312776417287368,7.23586183748383,12.5110210948326,7.55479538876966,15.1797410681965,0.0431832351180743,,1299.75890399433,30,163.721319438239,1.691147448,104.967688963372,2.232986452,2.81548303605416,0.436417909582989,98.2800105127198,NaN,NaN,NaN,NaN,26.7975398875655,0.027032746485929,20.7728816481991,137.680151410932,6.34572697546162,44.0179634412073,0.00316980598610275,,1298.82542954325,29.9943758103471,162.365424300036,1.820052852,104.990337517066,2.331136094,3.2254425311182,0.277081850536546,98.6791159656473,NaN,NaN,NaN,NaN,15.8361544361582,0.017000000923872,24.0045790291296,119.906786410008,6.35599946975708,49.2518425249206,0.00231088948121154,,1299.98723333449,30.000794110592,162.617878535961
35.3333333333333,1.501568074,104.851756619718,2.482168506,3.04285861012279,0.703394605922504,99.9690256410688,NaN,NaN,NaN,NaN,10.8394896102501,0.0399999991059303,13.8857589598982,NaN,6.56594155618338,28.4956952517845,NaN,,1300.90040313074,30,162.132593303739,1.513605478,104.705108802155,4.68246182,3.29226281077364,0.430864571202025,100.057261211354,NaN,NaN,NaN,NaN,10.2802809358005,0.024854840717568,10.3634935335172,NaN,7.58318535058581,21.5846895224209,NaN,,1300.41834941099,30,164.336260098758,1.561540836,104.985760068515,2.448491044,3.49913097692136,0.295734085288397,99.4481852223896,NaN,NaN,NaN,NaN,13.9196816401667,0.0178779971730138,12.4656047512977,99.1216842105655,6.55455067059064,26.8243293226184,0.00298457127227753,,1300.08270551657,30,162.323311416275,1.296289432,104.99775335593,4.246096186,3.20133151216555,0.539000077852315,99.3128147684385,NaN,NaN,NaN,NaN,17.879789322,0.0312040144585884,7.28273724610595,12.4893136295819,7.55480259305796,15.2648374234286,0.0431568244409653,,1299.15490123764,30,163.715835844069,1.691147448,104.991563203598,2.232986452,2.92914378637898,0.436527370387036,98.2679531268229,NaN,NaN,NaN,NaN,28.9530353702512,0.0270402404149504,20.7917140228687,137.90986812699,6.34532540071943,44.061478942263,0.00316531385511098,,1300.30813633227,30.0012066639177,162.360342214221,1.820052852,104.946864447282,2.331136094,3.2481786278137,0.277003562746753,98.7312231501028,NaN,NaN,NaN,NaN,17.5137517351702,0.017000000923872,24.0955264437537,119.837608450443,6.35599946975708,49.4899099581021,0.00231152505655639,,1300.64681312884,30.0028100776411,162.61273952688
35.4166666666667,1.501568074,104.863429531367,2.482168506,3.04778100601349,0.703650468128121,100.023766012856,NaN,NaN,NaN,NaN,10.7191878644476,0.0399999991059303,13.8698826843892,NaN,6.56533615631115,28.4644232687715,NaN,,1298.97973850841,30,162.127063792709,1.513605478,104.709483063309,4.68246182,3.27194973170052,0.429938233191756,99.9747684354375,NaN,NaN,NaN,NaN,10.0906116668685,0.0248013292586333,10.3338620123643,NaN,7.58308014539439,21.5291238882137,NaN,,1298.6006840532,30,164.33073589019,1.561540836,104.989067610909,2.448491044,3.4895676907114,0.295002285646883,99.4142637415769,NaN,NaN,NaN,NaN,13.5976978633333,0.0178791669635683,12.4939671861505,102.854008666388,6.55483299094675,26.879069930405,0.0028682615619401,,1299.44988813789,30.0008057426399,162.318113361559,1.296289432,105.013009307174,4.246096186,3.24211481778552,0.540991079732788,99.3263265295724,NaN,NaN,NaN,NaN,17.8791099085,0.03131657117041,7.21406601846284,12.4064152493416,7.55404013416324,15.1401879400093,0.0436066315700844,,1300.49510674721,30,163.710350926794,1.691147448,104.971605482601,2.232986452,2.82175879060032,0.436427420089797,98.2965775176554,NaN,NaN,NaN,NaN,27.1319155528038,0.0270402590086201,20.6994658717021,137.96639928498,6.34498694732844,43.8487807242559,0.0031632916764219,,1298.7228551453,30.0024123907023,162.355258777845,1.820052852,105.003565937712,2.331136094,3.21799631914931,0.277022478731647,98.7711084642924,NaN,NaN,NaN,NaN,17.4549115426439,0.017000834164604,24.0828677363759,120.070344809225,6.35603969547476,49.456750839791,0.00230720559069957,,1300.8000348844,30,162.607600431637
35.5,1.501568074,104.845124802531,2.482168506,3.03264876758401,0.703462931336099,100.015430204614,NaN,NaN,NaN,NaN,10.7075914580257,0.0399999991059303,13.7832409183611,NaN,6.56514667215465,28.2937594161743,NaN,,1300.68127490654,30.0008021230054,162.121533116031,1.513605478,104.775069193618,4.68246182,3.20754332831454,0.427212369704836,100.013976322873,NaN,NaN,NaN,NaN,10.2724183544976,0.0246361762875579,10.3372559986585,NaN,7.58255078302129,21.5354661736372,NaN,,1300.93551813346,30,164.325210500603,1.561540836,105.038387819982,2.448491044,3.4615694397028,0.294863017628527,99.4106004632384,NaN,NaN,NaN,NaN,13.7706340832026,0.0177992025794066,12.516792884845,97.5013145170187,6.55181583194077,26.9231190947583,0.00302757995612088,,1300.24015730985,29.9952223975352,162.312908591734,1.296289432,104.966444229992,4.246096186,3.26070472400397,0.543785156202183,99.3665650547634,NaN,NaN,NaN,NaN,17.798878669,0.0314835056588863,7.19819662607985,12.2663202057471,7.55399990081787,15.1113890584643,0.0443319043712767,,1299.84180803207,30,163.704869457178,1.691147448,105.014519176028,2.232986452,2.84630123047408,0.435933577234719,98.3105993336072,NaN,NaN,NaN,NaN,24.2620534939199,0.0270000007003546,20.6591128381207,138.040363181162,6.34261309125333,43.7559572425259,0.00315801642367191,,1299.43507762009,29.9925545012433,162.350176908984,1.820052852,105.01211238311,2.331136094,3.26744358911593,0.278534904960235,98.7495380277859,NaN,NaN,NaN,NaN,19.1253645985192,0.0170797878528543,23.9412722269837,119.19747668672,6.35614834784311,49.0869290349964,0.00233710198028637,,1299.78861515289,30,162.602458499344
35.5833333333333,1.501568074,104.75210669358,2.482168506,3.02963185647386,0.704372030514918,99.9972443886191,NaN,NaN,NaN,NaN,10.7290257682765,0.040080593726593,13.8221639045337,NaN,6.5649599529394,28.3704363672692,NaN,,1299.18867855828,30,162.116008114657,1.513605478,104.727332783475,4.68246182,3.29376719401749,0.431477751358384,99.9787156459955,NaN,NaN,NaN,NaN,9.98902327828497,0.0248793091890795,10.2919370189931,NaN,7.58168626814522,21.450515337799,NaN,,1300.30646937489,30,164.319682002352,1.561540836,104.96936411473,2.448491044,3.44544165387719,0.297236474362602,99.4943052974645,NaN,NaN,NaN,NaN,13.7597226587708,0.0179999992251396,12.4660114211161,101.572913383451,6.54710316212715,26.8251217297603,0.00292662609558855,,1299.93837982513,29.9955844368281,162.307700366535,1.296289432,104.986485454216,4.246096186,3.20107908825254,0.545560788104704,99.3207402539244,NaN,NaN,NaN,NaN,17.4795353177637,0.0315862752023052,7.17698653911911,12.1828511278493,7.55381871536467,15.0729005264582,0.0447821170534456,,1298.65867399482,30,163.699383206685,1.691147448,105.023590779429,2.232986452,2.85653662095125,0.437071534262008,98.3346405618715,NaN,NaN,NaN,NaN,27.359103766,0.027061326942254,20.8079440912423,137.985354410142,6.34390787507433,44.0990015599156,0.003167554439428,,1298.85325336714,29.9993944941781,162.345093313286,1.820052852,105.003537110641,2.331136094,3.21792280017874,0.277175543897695,98.7429910421636,NaN,NaN,NaN,NaN,18.4992427796571,0.017000000923872,23.8955829160214,119.746237308543,6.35599946975708,48.9676135831426,0.00231483512766447,,1299.96220256907,30.0004023428536,162.597320837478
35.6666666666667,1.501568074,104.819448117225,2.482168506,3.01712386124283,0.704677886156576,99.968732478268,NaN,NaN,NaN,NaN,10.6842727218333,0.0400857132223012,13.8471729733795,NaN,6.56413739648583,28.419677856122,NaN,,1299.23017643671,29.9996083146886,162.110479935828,1.513605478,104.719267269343,4.68246182,3.27249807207098,0.433498710613959,100.000208601363,NaN,NaN,NaN,NaN,10.4306555560484,0.025000000372529,10.3252009942089,NaN,7.58171877863271,21.5128791156709,NaN,,1300.80207210987,30,164.314160991132,1.561540836,105.019934649473,2.448491044,3.46404303659279,0.29816646935907,99.4947257551133,NaN,NaN,NaN,NaN,13.4376014401933,0.0179999992251396,12.5025028822312,97.0676577499905,6.54388930937637,26.8955223710569,0.00307668868597018,,1301.32319029332,30,162.302500259782,1.296289432,105.022188317281,4.246096186,3.27216282110757,0.544634382182425,99.3438840950369,NaN,NaN,NaN,NaN,17.7436308862652,0.0315186107711875,7.24195160446615,12.2159313882315,7.5536786527959,15.1907899999519,0.0445939545279959,,1300.75563809745,30,163.69390325266,1.691147448,105.000853832484,2.232986452,2.85833443516379,0.43835368425171,98.3870547804971,NaN,NaN,NaN,NaN,26.2987748883333,0.0271398959374379,20.7451755133858,137.686550063155,6.34105714086279,43.95411319621,0.00318371495772335,,1298.91220437687,30,162.340009808104,1.820052852,105.033624782285,2.331136094,3.20713848749075,0.278490056864078,98.8337594008414,NaN,NaN,NaN,NaN,15.9281526574287,0.0170804338580711,23.9781074441964,119.915463691125,6.35574392573406,49.1826348921704,0.00232242035736129,,1300.85139620057,30.0020112750101,162.592179593664
35.75,1.501568074,104.8384911457,2.482168506,3.01471515129581,0.705417371236515,100.015850535761,NaN,NaN,NaN,NaN,10.6380711733333,0.0401206622841274,13.8495343524681,NaN,6.56424141000029,28.4243205077071,NaN,,1298.52737609554,29.9979843044905,162.104956872313,1.513605478,104.709633879492,4.68246182,3.21627332252915,0.432793182693535,100.013057994738,NaN,NaN,NaN,NaN,10.6379258471667,0.0249597707754349,10.3569225178224,NaN,7.58139579828855,21.5723473911951,NaN,,1299.02969517859,30,164.308636096237,1.561540836,105.01271237652,2.448491044,3.48234733764653,0.297628330262492,99.4162869702496,NaN,NaN,NaN,NaN,13.7384993364919,0.0179999992251396,12.3398287275113,100.307432768089,6.54179739584374,26.5821199815094,0.00296752908870184,,1300.30281868748,30,162.297290579542,1.296289432,104.99664478961,4.246096186,3.21533643773565,0.546345249920246,99.3249117964795,NaN,NaN,NaN,NaN,17.7585078311378,0.0316220104023991,7.25357194634243,12.2407658248628,7.55301968745912,15.2118880348828,0.044633353092743,,1301.45824487226,30,163.688418040993,1.691147448,105.01978038286,2.232986452,2.76936439077781,0.436048858885722,98.305821009396,NaN,NaN,NaN,NaN,25.3596423653333,0.0270000007003546,20.7381119650946,137.811857049775,6.34356287813613,43.9378384481666,0.00316408982007916,,1299.75507779027,30.0068421392539,162.334926214213,1.820052852,105.018116962322,2.331136094,3.21184139967553,0.277757126596303,98.7932414954244,NaN,NaN,NaN,NaN,18.2499974687476,0.0170400704036379,23.9957635944794,120.438499645377,6.35557133314235,49.2286440605219,0.00230631080802089,,1299.53429024191,29.9998952974714,162.587040366372
35.8333333333333,1.501568074,104.862821419246,2.482168506,3.07344932152007,0.70941265985164,99.9925480357112,NaN,NaN,NaN,NaN,10.6360045298935,0.0403220054166601,13.802236601227,NaN,6.56483430046242,28.3311519013936,NaN,,1299.55955520304,30,162.099428540423,1.513605478,104.737554173676,4.68246182,3.2256856762769,0.430733092015945,100.020216671701,NaN,NaN,NaN,NaN,10.2355078673836,0.0248395929450695,10.3079851996147,NaN,7.58198272754274,21.4805983964507,NaN,,1299.02319680935,30,164.303112138375,1.561540836,105.008924869055,2.448491044,3.41506917167775,0.298388583136919,99.4598114489652,NaN,NaN,NaN,NaN,13.4594413583414,0.0179999992251396,12.4219212262477,96.0327396463092,6.54123667852125,26.7401541897844,0.00311203796471372,,1299.26364680515,29.9994341460371,162.292080978582,1.296289432,105.008550222375,4.246096186,3.29828990988447,0.539136770110463,99.3198962603143,NaN,NaN,NaN,NaN,17.9596963193333,0.0312009403302446,7.26362192824543,12.1876051436256,7.55299997329712,15.2301430985928,0.0442371796881926,,1301.0141700877,30,163.682933801444,1.691147448,104.978523722741,2.232986452,2.84293657326684,0.436007810843713,98.3282650313619,NaN,NaN,NaN,NaN,26.2805330801114,0.0270000007003546,20.7527973617767,137.755455244666,6.34269284389133,43.9716572573719,0.00316508680803672,,1299.95411057318,30,162.329842916817,1.820052852,104.983848143414,2.331136094,3.19980115458099,0.27698935017589,98.7419181310951,NaN,NaN,NaN,NaN,17.3874829208817,0.017000000923872,23.9711431897184,120.592939594896,6.35624369619039,49.1644134888584,0.00229693359680764,,1298.00604601781,29.9956761790251,162.581902678395
35.9166666666667,1.501568074,104.877406216904,2.482168506,3.04422245211489,0.706526300561815,100.03232468114,NaN,NaN,NaN,NaN,10.4788039574399,0.040161495127544,13.8946673174184,NaN,6.56500005722046,28.513314495583,NaN,,1299.82002746841,30,162.093898997088,1.513605478,104.794968161189,4.68246182,3.26428185725626,0.430161667414029,100.023011779395,NaN,NaN,NaN,NaN,10.3168326489232,0.024798785181854,10.3253969738431,NaN,7.58299970626831,21.5132452693203,NaN,,1300.56420184636,29.9995988001175,164.297586202515,1.561540836,105.037537893707,2.448491044,3.44699905630536,0.297643245059409,99.4979697214495,NaN,NaN,NaN,NaN,13.5226695998655,0.0179999992251396,12.3884155994197,100.35325838575,6.53998813467483,26.6755565366913,0.00296629222191302,,1299.75507750457,29.9981524256552,162.286869338171,1.296289432,104.979555554454,4.246096186,3.26808477748587,0.537819710526477,99.3238429268862,NaN,NaN,NaN,NaN,18.0724277786905,0.0311286761441068,7.2424728183944,12.1786511702428,7.55299997329712,15.1917410321573,0.0441619736769792,,1300.57979595113,30,163.677450121689,1.691147448,104.994850965541,2.232986452,2.83721543453023,0.43537190550178,98.2994988759961,NaN,NaN,NaN,NaN,24.1897746325553,0.0269597180660851,20.7400226377512,137.869656972623,6.34464210885737,43.9425026296122,0.00315785145193193,,1299.68088340106,30,162.324760065694,1.820052852,105.033288106841,2.331136094,3.23747293663818,0.277170838711892,98.8001151087049,NaN,NaN,NaN,NaN,17.8451379120987,0.017000000923872,23.9473194280951,120.212298951947,6.35619712508193,49.1024918703726,0.00230583307154942,,1302.2650533353,30,162.576764723913
36,1.501568074,104.842732201033,2.482168506,2.9855793925443,0.704995570106231,100.004230225411,NaN,NaN,NaN,NaN,10.5577751915,0.0400803752946503,13.9109204003089,NaN,6.56500005722046,28.5452902021185,NaN,,1300.31432573615,30,162.088369825877,1.513605478,104.717351083497,4.68246182,3.25463591889017,0.432884440266857,99.9719631159367,NaN,NaN,NaN,NaN,10.5719462599374,0.0249595930549323,10.3318689886263,NaN,7.58479268875003,21.5253696737181,NaN,,1299.57477410563,30,164.292059819784,1.561540836,104.994001049955,2.448491044,3.45109191986266,0.298138248385579,99.4192904663523,NaN,NaN,NaN,NaN,13.2341903211537,0.0179999992251396,12.3657916088587,97.6794166511125,6.53775576222701,26.6319890497795,0.00305863231338687,,1301.89134940751,30,162.28166503384,1.296289432,104.95796677551,4.246096186,3.20589426128945,0.541773096544921,99.3381301482591,NaN,NaN,NaN,NaN,17.7265138344761,0.0313590369245239,7.28953928839175,12.1162391527407,7.55299997329712,15.2771939729157,0.0447147807849192,,1299.46779074316,29.9996002935767,163.671966949988,1.691147448,104.938716415775,2.232986452,2.8472694569635,0.435874320818623,98.3071497159406,NaN,NaN,NaN,NaN,26.1570777665,0.0270000007003546,20.6390664540914,137.877052491951,6.33928124261499,43.7098330569837,0.00316132705166134,,1299.78508767584,30,162.3196773485,1.820052852,105.015029250907,2.331136094,3.27877456529325,0.276435169894076,98.8768910167973,NaN,NaN,NaN,NaN,17.7535518140197,0.0169599578698084,24.0439277184429,120.609407792531,6.35599946975708,49.3547728556563,0.00229210367002986,,1299.94218769866,30,162.571625436545
36.0833333333333,1.501568074,104.813330245144,2.482168506,3.03862498823901,0.709060999864954,100.002223635032,NaN,NaN,NaN,NaN,10.8242327640751,0.0403219343405161,13.8289768980597,NaN,6.56500005722046,28.3838045325797,NaN,,1301.74577645302,30,162.082841441884,1.513605478,104.748866767013,4.68246182,3.27748116552699,0.430089301744419,100.032248750082,NaN,NaN,NaN,NaN,10.4948481721321,0.024798980701746,10.3883851436977,NaN,7.58618010776884,21.6313957382971,NaN,,1298.94470475681,29.996308010479,164.286535099266,1.561540836,105.011343012406,2.448491044,3.50807545257369,0.296974418471731,99.5056145597482,NaN,NaN,NaN,NaN,13.2279411902181,0.0179414423437789,12.3467395339586,98.8736082176168,6.53662060470097,26.5953302627504,0.00300426424566028,,1299.09627766712,30,162.276444238809,1.296289432,104.987274185618,4.246096186,3.18261535309207,0.539876236775534,99.3512994717687,NaN,NaN,NaN,NaN,17.919093236,0.0312520256035741,7.24031275824173,12.1510012034625,7.55284682480864,15.1878159346827,0.0444383951184399,,1299.5329514747,30,163.666476118796,1.691147448,104.975740318499,2.232986452,2.82148829499244,0.43380239790657,98.3515271205852,NaN,NaN,NaN,NaN,29.1167409588333,0.0268695822019207,20.6563574450897,137.872646660259,6.3395864717524,43.7496748820403,0.00314639890103602,,1298.56820475697,30,162.314589103595,1.820052852,104.990824813911,2.331136094,3.26961727627092,0.277092312704166,98.8759857369261,NaN,NaN,NaN,NaN,17.4992187533333,0.017000000923872,23.9312986117874,120.366331933119,6.35599946975708,49.0605125948705,0.00230210517253112,,1300.85264034027,30,162.566479493179
36.1666666666667,1.501568074,104.84572558181,2.482168506,2.80277679841367,0.717491896694911,99.9226750632015,NaN,NaN,NaN,NaN,10.5699249660553,0.0399904362105006,13.8678830863199,NaN,6.56482628358752,28.4604522921207,NaN,"Sample 7.00 mL to CDW Samples 3/A1",1299.93315696874,29.9970863845408,160.413365562367,1.513605478,104.750228903207,4.68246182,2.91843432958619,0.434970183220139,99.9469226901966,NaN,NaN,NaN,NaN,10.4714445358815,0.0246357091134837,10.2153976650193,NaN,7.58686902505501,21.3071734125999,NaN,"Sample 7.00 mL to CDW Samples 3/A2",1300.23502742413,29.9916030742691,162.516378218263,1.561540836,104.984568337677,2.448491044,3.26730442124854,0.298932293299153,99.4534893648971,NaN,NaN,NaN,NaN,13.6063864867628,0.0179229288190618,12.4385624582752,101.733277738828,6.53560208697791,26.772249709511,0.00293535624513819,"Sample 7.00 mL to CDW Samples 3/A3",1299.16542745456,29.998429315514,161.243954170048,1.296289432,105.027518649217,4.246096186,3.03697047256075,0.544543644277733,99.3171697181384,NaN,NaN,NaN,NaN,18.3523672915017,0.0312946196537473,7.20650894186968,12.2409435196945,7.55235898437159,15.1264671898447,0.0445077409199834,"Sample 7.00 mL to CDW Samples 3/A4",1298.58437524809,29.9968772871768,162.513383342023,1.691147448,104.987527464213,2.232986452,2.67482332245754,0.439143788089748,98.3468479346959,NaN,NaN,NaN,NaN,26.0045215521816,0.0268805357166553,20.6791404696587,138.940973759609,6.3391994058014,43.8020256013568,0.00315209377936924,"Sample 7.00 mL to CDW Samples 3/A5",1300.05348181287,29.9928958256154,161.048112446816,1.820052852,104.969166235772,2.331136094,3.04955877578506,0.278701410912931,98.743557990695,NaN,NaN,NaN,NaN,17.0365266547468,0.0166927247035813,23.8839904046298,121.741783013359,6.35618587524194,48.938229351578,0.00228402583706125,"Sample 7.00 mL to CDW Samples 3/A6",1301.13268441488,29.9981373668854,161.183212737721
36.25,1.501568074,104.836205193567,2.482168506,3.07177787587031,0.7508439781504,100.064696082025,NaN,NaN,NaN,NaN,10.6896697023696,0.0399317832667106,13.8324312593984,NaN,6.56266248812873,28.3906132642521,NaN,,1300.5510426513,29.9997507326415,154.777785668121,1.513605478,104.72336136014,4.68246182,3.35193716083726,0.450000964753815,99.9948691585938,NaN,NaN,NaN,NaN,10.3901701372286,0.0240401056831901,10.3284969538478,NaN,7.58467560780167,21.5190883813083,NaN,,1301.3072569663,30.0008272256449,156.981486098679,1.561540836,104.979892556569,2.448491044,3.48333999284658,0.309566452108667,99.4602898531714,NaN,NaN,NaN,NaN,13.4384948828333,0.017000000923872,12.4346145813807,105.15112958647,6.53468782191179,26.7646039678386,0.00288674843032299,,1298.3347687717,29.9986925483355,154.972033970395,1.296289432,104.983054188094,4.246096186,3.32549758537908,0.560678761967426,99.3573638021509,NaN,NaN,NaN,NaN,18.0499662594983,0.0305093615149387,7.22538425523615,12.6579872057092,7.55212058778344,15.1607193713987,0.044592690970405,,1298.94732944986,29.9975114679667,156.361515972822,1.691147448,105.011702353433,2.232986452,2.87833785178493,0.453405359237237,98.2661011216961,NaN,NaN,NaN,NaN,24.5691160331517,0.0253972960811583,20.6521036109382,144.325006310451,6.34226271173108,43.7398166285355,0.00301656874975481,,1300.0673924306,30.004136540464,155.01043183958,1.820052852,104.96791292807,2.331136094,3.30317534423388,0.286906403013013,98.745138219889,NaN,NaN,NaN,NaN,17.2369794375866,0.0158793347252215,23.9330377504517,125.910972676486,6.3564975137167,49.0652951235974,0.00222032873609147,,1297.93792801922,30.0012482530262,155.26221315412
36.3333333333333,1.501568074,104.821412735847,2.482168506,3.1060587103839,0.73442119667707,99.9877109514042,NaN,NaN,NaN,NaN,10.5572942015,0.0398770461663951,13.9090410935593,NaN,6.56203999200014,28.541549852898,NaN,,1299.83889878159,30.0100002288818,154.772257901566,1.513605478,104.752883485188,4.68246182,3.320169465442,0.444230551261845,99.997901554863,NaN,NaN,NaN,NaN,10.3296429334088,0.0244739786907457,10.2658243040967,NaN,7.58520919813106,21.4017053910249,NaN,,1300.19809831378,30.0100002288818,156.975961720499,1.561540836,104.99791027846,2.448491044,3.50068501675294,0.300116188524412,99.4221488090131,NaN,NaN,NaN,NaN,13.6363553119454,0.0173076535759879,12.4380292528909,102.255159276007,6.53320921586938,26.771159782829,0.00294012872493154,,1301.32776237667,30.0016929804184,154.966824664341,1.296289432,104.989645368117,4.246096186,3.32143141343157,0.560078490718727,99.3537787901944,NaN,NaN,NaN,NaN,18.0401121323333,0.0309597131927618,7.18701485316404,12.4683333615036,7.55169688655238,15.0911040676653,0.0449209586497679,,1299.5762025151,30.0060253208405,156.356031270991,1.691147448,104.991599579748,2.232986452,2.90267569693887,0.439608159300395,98.3881440690419,NaN,NaN,NaN,NaN,27.0085880013945,0.0260000005364418,20.787023918902,144.585872763529,6.34334898827807,44.0506911139826,0.0030404662721823,,1300.32164900481,30.0070090820348,155.005348464905,1.820052852,104.978902103911,2.331136094,3.30732825388919,0.273129275612467,98.7057205953881,NaN,NaN,NaN,NaN,17.2377577663223,0.0160000007599592,24.0349340592508,125.291688758009,6.35506058519449,49.3310525302253,0.002180143076032,,1300.95223951216,30.0074430707328,155.257074744477
36.4166666666667,1.501568074,104.852115955464,2.482168506,3.12780828550261,0.735442480214769,99.9965284865274,NaN,NaN,NaN,NaN,10.7261178957818,0.0399270528452951,13.8580957464151,NaN,6.5626388729917,28.4411555802569,NaN,,1298.85217772423,30.0100002288818,154.766730614358,1.513605478,104.792709999851,4.68246182,3.30873627533534,0.437467005443349,100.023288924319,NaN,NaN,NaN,NaN,10.6013244701083,0.0240893697316601,10.296614846948,NaN,7.5831419184789,21.4593456577378,NaN,,1300.02449372034,30.0064982197073,156.970435499288,1.561540836,104.973261195725,2.448491044,3.50861303719583,0.299117235310352,99.4182353727738,NaN,NaN,NaN,NaN,13.4000073350546,0.0172151003277387,12.3782583342231,98.900924894534,6.52889015277111,26.656001619549,0.00302626920101316,,1298.43633523309,30.0026262361034,154.961604626538,1.296289432,105.054383422715,4.246096186,3.35039549443174,0.557064745200652,99.3488369448421,NaN,NaN,NaN,NaN,17.6380805344541,0.0307822717565007,7.23576633747279,12.4252284132459,7.55100011825562,15.1795625099293,0.0448337965886969,,1299.66596520883,30,156.35054556603,1.691147448,105.011236502308,2.232986452,2.90810581537023,0.439751838113152,98.3586387032139,NaN,NaN,NaN,NaN,24.0525567285243,0.0260000005364418,20.8018484923137,144.494746787749,6.33974860326118,44.0848616017582,0.00304339203712877,,1299.00974333676,30.0044220527712,155.000265818029,1.820052852,104.934925324735,2.331136094,3.30840227181261,0.27357989575133,98.8112740228058,NaN,NaN,NaN,NaN,17.8305966597209,0.0160403018510651,24.0519262573493,126.727376985998,6.35478950267494,49.3757294545319,0.00215882069218899,,1299.05828664837,30.0001077732577,155.251937667099
36.5,1.501568074,104.878404186786,2.482168506,3.07601941380532,0.736140076194362,100.037741047235,NaN,NaN,NaN,NaN,10.7516977308849,0.0399523225761384,13.9599670930611,NaN,6.56295978043338,28.6420536746553,NaN,,1299.05868594787,30.0092986058166,154.761202432292,1.513605478,104.733105972917,4.68246182,3.37122537517471,0.436175538987912,100.056653023875,NaN,NaN,NaN,NaN,10.6021130424967,0.0240230194654452,10.2910120141583,NaN,7.58279934898461,21.4488313340467,NaN,,1299.34262138148,30,156.964908349102,1.561540836,104.972954418089,2.448491044,3.54642085104294,0.300181762140209,99.5368488682735,NaN,NaN,NaN,NaN,13.2762618088333,0.0173213688542962,12.4904954408583,103.215996877121,6.5276752654064,26.8724771344968,0.00290828786441584,,1299.76842225766,30.0050166008032,154.956392111167,1.296289432,105.036722824692,4.246096186,3.35574966416434,0.557002439554198,99.3714881844721,NaN,NaN,NaN,NaN,17.1843371737126,0.030774704067265,7.18188984772721,12.3526044320729,7.55100011825562,15.0818013011161,0.0450922442800462,,1301.25478318721,30,156.345058120266,1.691147448,104.98012171756,2.232986452,2.90776527656547,0.437799216953808,98.3852612361217,NaN,NaN,NaN,NaN,22.9752675159145,0.0258816451341843,20.7589256765853,144.163718831276,6.3396729655906,43.9857691937789,0.00303682877452535,,1299.58271222031,30.0073157056069,154.995181717136,1.820052852,104.995034998305,2.331136094,3.30084817546994,0.272203582335123,98.7619223693706,NaN,NaN,NaN,NaN,18.6458241379249,0.0159598576553264,23.9976457256969,126.656861892126,6.35399961471558,49.2335410590579,0.00214913566800312,,1302.62411037417,30.0095817646414,155.246803858745
36.5833333333333,1.501568074,104.802587906955,2.482168506,3.0531424085055,0.735192368274083,99.9827613618664,NaN,NaN,NaN,NaN,10.557200728,0.0399193226494783,14.0127607626218,NaN,6.56300020217896,28.7463801422024,NaN,,1300.73737602389,29.9969342690809,154.755674243657,1.513605478,104.75296821619,4.68246182,3.31635705746109,0.436644908566768,99.9783433637484,NaN,NaN,NaN,NaN,10.0986980460048,0.0240573806794611,10.3345678054899,NaN,7.58309934954122,21.5304736066428,NaN,,1300.69165294737,29.9994164313818,156.959383260762,1.561540836,104.983294556397,2.448491044,3.49916800961869,0.303918915608587,99.4938448507031,NaN,NaN,NaN,NaN,13.7584149036667,0.0174819054477338,12.4102745036097,97.393720734358,6.5293328775862,26.7176741847112,0.00312390911395568,,1302.07585562271,30,154.951175629932,1.296289432,104.991998119041,4.246096186,3.34485609401475,0.558747572937543,99.3720873267128,NaN,NaN,NaN,NaN,17.2902700529231,0.0308791795415566,7.26581922135498,12.3216046925677,7.55100011825562,15.2341339840521,0.045348638217417,,1298.65168314631,30,156.339571777091,1.691147448,104.991499608737,2.232986452,2.90393350660203,0.439658662812231,98.3291131365965,NaN,NaN,NaN,NaN,24.7059359807396,0.0259977968951048,20.7944255539738,144.364345557472,6.34291714505195,44.067730302327,0.00304548091769141,,1299.44012731354,29.9966786270866,154.990098884623,1.820052852,105.052594072308,2.331136094,3.29713589825832,0.274476584121993,98.7851156372779,NaN,NaN,NaN,NaN,17.0088965602567,0.0160804662766485,24.0538168341593,126.277307664115,6.35460273613612,49.3805175087348,0.00217372714365981,,1301.21776324953,29.9995594225295,155.241668176731
36.6666666666667,1.501568074,104.883292150463,2.482168506,3.12383893650547,0.735420538210679,99.9950636015058,NaN,NaN,NaN,NaN,10.9195538726157,0.0399198719397118,13.9196723701995,NaN,6.56386440308145,28.5625427125547,NaN,,1299.76062645278,29.9908005135475,154.750147235828,1.513605478,104.731032102543,4.68246182,3.33274966041811,0.439551145894229,99.9733066729813,NaN,NaN,NaN,NaN,10.3835209537059,0.0242153084235796,10.3018842639888,NaN,7.58322855613307,21.4691684819078,NaN,,1299.2229581633,29.9904006742556,156.953858601038,1.561540836,104.956455400747,2.448491044,3.52719281487226,0.306023747535275,99.5088976603289,NaN,NaN,NaN,NaN,13.5172610071667,0.0176503925760287,12.4042021843656,102.562841207547,6.53052202683165,26.7059831944969,0.00298374414110333,,1300.92514092462,30.0089199237895,154.945959235884,1.296289432,105.001940984633,4.246096186,3.35301704512979,0.561027796927624,99.3766368734165,NaN,NaN,NaN,NaN,17.5903466050777,0.0309999994933605,7.26146585430134,12.206494663446,7.5506364821289,15.2262230259889,0.0459646105392973,,1300.69953966117,30.0028318831885,156.334086279263,1.691147448,105.002985831632,2.232986452,2.94477220981407,0.439795758851205,98.3222031973021,NaN,NaN,NaN,NaN,25.0323656707604,0.0260000005364418,20.8084244702162,144.501504892345,6.33944784389594,44.1001729018575,0.00304353898138366,,1299.6354012779,29.9931962487331,154.9850161,1.820052852,105.004061041801,2.331136094,3.3294968459841,0.274992793061663,98.8229275340345,NaN,NaN,NaN,NaN,16.57777033064,0.0161124007704145,24.1154230814206,126.54080021349,6.35499954223633,49.5422616429199,0.00217320140115388,,1300.42953412724,29.9899997711182,155.236529756268
36.75,1.501568074,104.809657977472,2.482168506,3.03858326598085,0.736782336069232,100.001665313925,NaN,NaN,NaN,NaN,10.758891209551,0.0399999991059303,14.0472109209311,NaN,6.56400012969971,28.8145114180286,NaN,,1300.6266997931,29.9948230644332,154.744618820811,1.513605478,104.83850441147,4.68246182,3.31649341804787,0.439249801648843,100.067456053761,NaN,NaN,NaN,NaN,10.6525169107893,0.0241871873002986,10.2318422104815,NaN,7.58322494319069,21.3379888844222,NaN,,1299.80369023243,29.9969246259169,156.948333649899,1.561540836,105.037858012741,2.448491044,3.52824550255528,0.311943076498756,99.4152365040179,NaN,NaN,NaN,NaN,13.7928114785252,0.0179193024973886,12.488914330308,96.1499453861575,6.53040351695428,26.8693208375226,0.00324924615355277,,1299.01581902393,30.0075179040225,154.940738652731,1.296289432,105.012605529571,4.246096186,3.33678322824285,0.560366528948881,99.4199068642033,NaN,NaN,NaN,NaN,17.7277054149993,0.0309600159078067,7.2233902648079,12.2722136161865,7.54999971389771,15.1571026028792,0.0456673680986009,,1300.35600265792,30.0064170359026,156.328599998081,1.691147448,105.033136346194,2.232986452,2.9053029441929,0.439771483525703,98.4372337891077,NaN,NaN,NaN,NaN,28.1372606716631,0.0260000005364418,20.784865793092,144.686546378266,6.33921688183482,44.0456631644167,0.00303947882386071,,1299.67335787045,30.0027407300889,154.979933074067,1.820052852,105.00034302462,2.331136094,3.29000234233847,0.278641170570838,98.8296443302559,NaN,NaN,NaN,NaN,18.7323392581351,0.016329791717318,24.0056848733051,126.693523525641,6.35559211540262,49.2546266349385,0.00219930514682725,,1300.12027745697,29.9899997711182,155.231392606232
36.8333333333333,1.501568074,104.783204183576,2.482168506,3.12891790057562,0.736526083023078,100.013443023077,NaN,NaN,NaN,NaN,10.7465796008878,0.0399999991059303,13.9288699980205,NaN,6.56338663805584,28.5807550110255,NaN,,1297.62643948882,29.9904024822086,154.739092662759,1.513605478,104.772853148443,4.68246182,3.34002120676303,0.43948120389515,99.9715070644754,NaN,NaN,NaN,NaN,10.5616319988011,0.0242010381010689,10.2821036028243,NaN,7.58763308085047,21.4320920073676,NaN,,1299.78727174924,30,156.942806110741,1.561540836,104.944004469243,2.448491044,3.53733013086893,0.309525623959809,99.5394470030293,NaN,NaN,NaN,NaN,13.4902330013222,0.01784583571687,12.4236912836619,102.116060898909,6.53016205428058,26.7435636027202,0.00303155480513907,,1300.34425075068,29.9908132408947,154.935519309809,1.296289432,105.015250017806,4.246096186,3.29192205190384,0.561084815364309,99.5142992317961,NaN,NaN,NaN,NaN,17.5244437113119,0.0309999994933605,7.20280278378973,12.3248761523569,7.54999971389771,15.1197373261081,0.0455250935530086,,1299.43920676023,29.9967843185923,156.32311380495,1.691147448,105.033385699913,2.232986452,2.89912975368379,0.438759635627484,98.320919436804,NaN,NaN,NaN,NaN,25.8181867057881,0.0259322426762866,20.7408165043293,144.575573963589,6.34006713994873,43.9440115072296,0.00303481334449982,,1300.27462528018,30.0100002288818,154.974849470206,1.820052852,104.985296074386,2.331136094,3.3604457446408,0.274298263536567,98.8130858142248,NaN,NaN,NaN,NaN,18.0088176608333,0.0160806383088434,24.0432203188043,127.003694436343,6.35599946975708,49.3528760858996,0.002159777906122,,1300.16011499185,29.9978888000412,155.226257816049
36.9166666666667,1.501568074,104.842314822833,2.482168506,3.07912552944029,0.737340834999064,100.019661720464,NaN,NaN,NaN,NaN,10.6588074056255,0.0400402691132063,13.830215295405,NaN,6.5623508021719,28.3863106084045,NaN,,1300.03764883867,29.9985022362664,154.733568140618,1.513605478,104.786628572272,4.68246182,3.3678026415139,0.437290113222253,100.028496136756,NaN,NaN,NaN,NaN,10.6009673031743,0.0240800807124092,10.2635547274541,NaN,7.58270038493351,21.3973487540961,NaN,,1299.9020867513,29.9919726892737,156.937280163888,1.561540836,105.013243620629,2.448491044,3.48239011908595,0.305460063122291,99.5356803481003,NaN,NaN,NaN,NaN,13.268100958986,0.0175592176758967,12.3696905765696,97.0791996060744,6.52920986297119,26.6395062868699,0.00315356533923965,,1299.96906258854,29.9939558719741,154.930303637436,1.296289432,104.998179759893,4.246096186,3.37693722826433,0.559065096383677,99.4328285485777,NaN,NaN,NaN,NaN,17.5070046615214,0.0308937378812205,7.28102972722849,12.2224704642591,7.54999971389771,15.2617535078758,0.0457409962329832,,1297.42924073684,29.9983878482333,156.317628250024,1.691147448,104.998879286947,2.232986452,2.98870659524941,0.432778614824396,98.4201524936142,NaN,NaN,NaN,NaN,29.8716875382097,0.0255851631069935,20.7744335936379,144.642852046542,6.34002804178986,44.0216350264525,0.00299204853975511,,1298.67711374477,30.0013293754096,154.969765814281,1.820052852,104.97748183984,2.331136094,3.27307253933882,0.273039201838701,98.832516640474,NaN,NaN,NaN,NaN,15.5798096367345,0.0160000007599592,24.0705341726272,126.589782101098,6.35599946975708,49.4244178202385,0.00215711646023829,,1300.85232998135,29.9965979172693,155.221122511014
37,1.501568074,104.874439602835,2.482168506,3.11579513505292,0.736251813919599,99.9539391922319,NaN,NaN,NaN,NaN,10.744778413708,0.0399596310816716,13.8604015805776,NaN,6.56199979782104,28.445697577321,NaN,,1300.79292472866,29.9999505847279,154.728041670629,1.513605478,104.784838029323,4.68246182,3.33314777251912,0.436537641003296,99.982468557449,NaN,NaN,NaN,NaN,10.2396416428975,0.024040113137858,10.2134159383235,NaN,7.5802322595601,21.30348459936,NaN,,1301.01170249457,29.9983730184789,156.931754324166,1.561540836,105.030961347389,2.448491044,3.56688663238634,0.308217470337142,99.5196196166433,NaN,NaN,NaN,NaN,13.6388277701667,0.017750588947655,12.3539896321397,100.897778588431,6.52838796418495,26.6092710747433,0.0030551010962843,,1299.49168668308,30,154.925080538254,1.296289432,105.014544975664,4.246096186,3.28579550167899,0.558279345475154,99.4301386418435,NaN,NaN,NaN,NaN,17.8580439931667,0.0308439264527883,7.2635637902988,12.1960545608405,7.54999971389771,15.23002909978,0.0457754548692148,,1299.98372992444,30,156.312142615993,1.691147448,105.000784194493,2.232986452,2.88233007235779,0.43410536527872,98.44905717791,NaN,NaN,NaN,NaN,26.4724484246724,0.0256609170468617,20.8215268992491,144.447134487303,6.33904074751775,44.1303714002975,0.00300522150692381,,1299.16257432982,30.000401134701,154.964682251752,1.820052852,104.974846768124,2.331136094,3.24517088362081,0.272942477621003,98.8611724702593,NaN,NaN,NaN,NaN,19.1680852920632,0.0160000007599592,23.9601100311677,126.683334143571,6.35598519183304,49.1357320464901,0.00215459784453687,,1299.23400761551,29.9961701512137,155.215986301779
37.0833333333333,1.501568074,104.886197148582,2.482168506,3.1108309996974,0.73731693131036,100.03429427154,NaN,NaN,NaN,NaN,11.0097237636121,0.0399999991059303,13.9633337509324,NaN,6.5614015262223,28.6487708958565,NaN,,1299.85488421932,29.9984419932237,154.722512448493,1.513605478,104.757414790204,4.68246182,3.36662613658655,0.435732733367308,100.015322815706,NaN,NaN,NaN,NaN,10.2001472154409,0.0240000002086163,10.2742680382748,NaN,7.58056958288221,21.4174398611363,NaN,,1299.88356809415,30.0012078346745,156.926229406628,1.561540836,105.03851974479,2.448491044,3.53641181940606,0.306854089868323,99.5274284075609,NaN,NaN,NaN,NaN,13.4772340003333,0.0176380698255108,12.3691253909542,98.1017401238396,6.52890010686759,26.6384613995009,0.00313327054926095,,1299.97085312816,30.0024133182002,154.919861338752,1.296289432,104.982650026431,4.246096186,3.36050388932225,0.556277600343388,99.4456773549438,NaN,NaN,NaN,NaN,17.8768335911914,0.0307396437715637,7.24899717014583,12.3001066130872,7.5500800497902,15.2035778890413,0.0452259307137916,,1298.12472939263,30,156.306656047787,1.691147448,104.96875161156,2.232986452,2.90621562703936,0.434427122351883,98.3499895908878,NaN,NaN,NaN,NaN,28.8449410716667,0.0256826486728078,20.8207078252882,144.335202479911,6.33952774654234,44.1285264864,0.00300986316069931,,1299.57309807267,29.9942531002803,154.959598751961,1.820052852,105.017836663276,2.331136094,3.31880016548745,0.27295080715526,98.8566938540001,NaN,NaN,NaN,NaN,18.88696038289,0.0159998188120689,24.0068204042324,127.378093207336,6.35508073756306,49.2576830928599,0.0021428790161507,,1299.67495946789,30,155.210852373596
37.1666666666667,1.501568074,104.829581868513,2.482168506,3.07621524461546,0.73253157646754,99.9980200844306,NaN,NaN,NaN,NaN,10.7537600241667,0.0397587251026243,13.879426886728,NaN,6.56099987030029,28.4832343801402,NaN,,1299.70949376981,30,154.716983655442,1.513605478,104.736293502195,4.68246182,3.30518553224106,0.435622636022505,100.019729952045,NaN,NaN,NaN,NaN,10.2404220128527,0.0240000002086163,10.2606588191122,NaN,7.57971889170581,21.3919198209313,NaN,,1299.26032501196,30,156.920705574343,1.561540836,105.010320113306,2.448491044,3.56132845678433,0.299974443858072,99.5250810281783,NaN,NaN,NaN,NaN,13.5183328854183,0.0172768549691062,12.3052774141834,101.5167994858,6.52934070930331,26.5155361982447,0.00295509399797639,,1300.64433424841,30.0086056867323,154.91463677201,1.296289432,104.994422945823,4.246096186,3.33442255012888,0.5543467295899,99.453819985694,NaN,NaN,NaN,NaN,18.1716140946821,0.0306255754346945,7.27969807841215,12.1843951798424,7.5499997138977,15.2593266842444,0.0454999624347355,,1297.59865889775,30,156.301170482061,1.691147448,105.034576182834,2.232986452,2.90985576359732,0.425720817840144,98.3200912769633,NaN,NaN,NaN,NaN,22.5565935117402,0.0251608620620122,20.8235494918684,144.304077299941,6.33876416386884,44.1349881199762,0.00295019349952186,,1299.45857582908,29.9899997711182,154.954515863019,1.820052852,104.997589858322,2.331136094,3.2696895730157,0.272971217072592,98.8357770476664,NaN,NaN,NaN,NaN,18.4446184951375,0.0160000007599592,23.9681339208691,127.406819122493,6.35499954223633,49.1567466802653,0.00214252897683598,,1298.88339925354,30.0020548302319,155.20571783371
37.25,1.501568074,104.887986244358,2.482168506,3.1248860211795,0.736320494581231,100.00498144589,NaN,NaN,NaN,NaN,10.824526982216,0.0399599384133161,13.8416732676051,NaN,6.56099987030029,28.4088537727801,NaN,,1300.53950461751,30,154.711456573033,1.513605478,104.766909766249,4.68246182,3.31347570102164,0.435713398722424,99.9961965664756,NaN,NaN,NaN,NaN,10.7018985341667,0.0240000002086163,10.23677094615,NaN,7.5790565915624,21.3471790739257,NaN,,1297.72751411436,30.0038012102791,156.91518184043,1.561540836,105.008781163353,2.448491044,3.59878612085877,0.299959809588425,99.5011233643592,NaN,NaN,NaN,NaN,13.3849213922484,0.0172645854963279,12.4146270596873,99.7728604672603,6.52723767957355,26.7260556561343,0.00301269946350362,,1300.70068429023,30.000123866465,154.909423727849,1.296289432,104.977403845613,4.246096186,3.31315327948505,0.553136714292966,99.4198348195569,NaN,NaN,NaN,NaN,17.5697523699598,0.0305640496313626,7.25129386254173,12.1055049499828,7.54999971389771,15.2077472589622,0.0456933278145355,,1299.76436621406,29.9975861667413,156.295685445422,1.691147448,105.004030142263,2.232986452,2.88413367754729,0.429100646613954,98.4664508041946,NaN,NaN,NaN,NaN,25.7455357235434,0.0253577966513929,20.8436019918276,144.391522893889,6.3388504487217,44.1813752727254,0.00297183105237508,,1299.7901488302,29.9936410077109,154.949431699935,1.820052852,105.021532436995,2.331136094,3.29552179709437,0.272943199020186,98.8973880665344,NaN,NaN,NaN,NaN,15.8993727358414,0.0160000007599592,23.9865105683582,127.585362738876,6.35487898000255,49.2045316867802,0.0021393073794179,,1300.14123546669,30.0055839955712,155.200584001592
37.3333333333333,1.501568074,104.868407488867,2.482168506,3.1141570389056,0.732703227000301,99.9954607613235,NaN,NaN,NaN,NaN,10.8339665999331,0.0397585274499601,13.8304808957052,NaN,6.56033648802156,28.3867413649492,NaN,,1300.31993736469,29.9953743632232,154.705928273992,1.513605478,104.810725706175,4.68246182,3.37335427373093,0.435895755711594,99.9978262959172,NaN,NaN,NaN,NaN,11.080250618,0.0240000002086163,10.2637667759126,NaN,7.57796787405594,21.397738271039,NaN,,1301.06456644782,30.0018279394106,156.90965650533,1.561540836,104.919889593405,2.448491044,3.55061641270431,0.299848998117607,99.5791976937384,NaN,NaN,NaN,NaN,13.2477153276667,0.0172787947099109,12.4678835674894,100.779635793538,6.52571093272654,26.8287581261551,0.00297560526357647,,1299.23774575048,29.991582478189,154.904204089061,1.296289432,105.009837749066,4.246096186,3.30768581988923,0.552662436452563,99.4321526961348,NaN,NaN,NaN,NaN,17.7184269205,0.030528359068616,7.29587031229667,12.0514769508943,7.54999971389771,15.2886865089796,0.0458598094672199,,1299.90841052513,30,156.290199887127,1.691147448,105.026627674686,2.232986452,2.93622472031184,0.427387683596277,98.4594760894991,NaN,NaN,NaN,NaN,26.8715578068698,0.0252489940947791,20.8036623579332,143.976187524025,6.34028397203302,44.0891379952745,0.00296847294848066,,1298.62140710448,30,154.944346485676,1.820052852,105.016768179089,2.331136094,3.33106480346504,0.273203180272233,98.8798227967401,NaN,NaN,NaN,NaN,16.7684600256667,0.0160030015249347,23.9986637260842,126.550013792005,6.35408048708642,49.2362387137001,0.00215904207825322,,1299.2147597352,30.0051769241993,155.195447878281
37.4166666666667,1.501568074,104.92284341268,2.482168506,3.07698028498199,0.736574984762404,100.034051519683,NaN,NaN,NaN,NaN,10.5383046473509,0.0399598434161442,13.9002819033357,NaN,6.55983945193081,28.5242909423213,NaN,,1299.09581197857,29.9994008552305,154.70039859251,1.513605478,104.813648333346,4.68246182,3.35805227821442,0.435868573055935,100.019074127599,NaN,NaN,NaN,NaN,10.3190464419609,0.0240000002086163,10.2708743246839,NaN,7.57720038261251,21.4110687064489,NaN,,1298.73168552501,30,156.904130915285,1.561540836,105.000545563296,2.448491044,3.55263487071489,0.29942521536211,99.5473805344894,NaN,NaN,NaN,NaN,13.3974695036667,0.0172426807023209,12.425402507351,100.742588876835,6.52463566332039,26.7468584121971,0.00297815224398578,,1301.23725434285,29.999688391705,154.898993639215,1.296289432,105.013818887742,4.246096186,3.36726927786942,0.552370373708755,99.3771390577116,NaN,NaN,NaN,NaN,17.7992560021667,0.0305101144008537,7.26258327111433,12.081607107916,7.54999971389771,15.2282481212435,0.0457245032234908,,1302.70863119391,30.0004013780516,156.284713493363,1.691147448,105.012516650734,2.232986452,2.88261868087054,0.424324053917122,98.3447246737767,NaN,NaN,NaN,NaN,27.3367720290484,0.0250762142095348,20.8219374274702,144.455984004086,6.33819445058455,44.1312772077503,0.00293739739636752,,1299.29419526012,30,154.939262182438,1.820052852,105.017415461585,2.331136094,3.28323042167678,0.272528179084879,98.8759468629345,NaN,NaN,NaN,NaN,16.86608639285,0.0159568078772974,23.9939405894498,125.684337087261,6.35399961471558,49.2239411951483,0.00216875140339387,,1301.11505952438,30.0032595222612,155.190308500165
37.5,1.501568074,104.862821102401,2.482168506,3.12282592706566,0.733691080628054,99.966061345668,NaN,NaN,NaN,NaN,10.7991090705,0.0397996223482828,13.8120113127594,NaN,6.55935687134709,28.3504670126368,NaN,,1299.27581682506,30,154.694868805319,1.513605478,104.809624730871,4.68246182,3.33866560550953,0.435952508239619,99.9763107154413,NaN,NaN,NaN,NaN,10.3551182758724,0.0240000002086163,10.262771799982,NaN,7.57740607843042,21.3958764189668,NaN,,1299.964796214,30.0032605682668,156.898604907997,1.561540836,104.965979795796,2.448491044,3.56515659609257,0.297064008920788,99.5409297820911,NaN,NaN,NaN,NaN,13.1763461695271,0.0170801373734081,12.3337307378834,97.5054171545681,6.5240219792803,26.5703115904499,0.00304841347022619,,1300.35508615371,30,154.893763075321,1.296289432,85.5309811311382,4.246096186,2.87111395606983,0.550104617070785,99.4361562230134,NaN,NaN,NaN,NaN,17.6330639611964,0.0303807799760117,7.29716515198095,12.2112005848579,7.55016811636889,15.2910357024616,0.0450500160792477,,1300.07881644384,29.9948080643233,156.279318457792,1.691147448,56.323827062575,2.232986452,1.61633662316541,0.422984725895268,98.4177542669365,NaN,NaN,NaN,NaN,26.8118518592121,0.025000000372529,20.8379845549587,144.510601037768,6.34033984422798,44.1706352424861,0.00292701679704499,,1298.44067508183,30,154.934731650541,1.820052852,26.8944969460463,2.331136094,1.31686105632462,0.272177602236205,98.8598989051742,NaN,NaN,NaN,NaN,12.9719769155904,0.0159462186310831,24.3476332694233,126.237930200747,6.35399961471558,50.160252851893,0.00215632292040616,,1301.56139877645,30,155.186606800689
37.5833333333333,1.501568074,67.1957405810824,2.482168506,2.15162945760012,0.730800473549428,100.057609889223,NaN,NaN,NaN,NaN,10.9020350938613,0.0396686067865106,13.8524330803455,NaN,6.55910332051669,28.430342313088,NaN,,1298.68118957395,30,154.68969777324,1.513605478,38.3592863047836,4.68246182,1.62372298255024,0.435932644264046,100.090437898539,NaN,NaN,NaN,NaN,10.2698448715383,0.0240000002086163,10.5152714997108,NaN,7.57772292665033,21.8713327751582,NaN,,1297.66115547737,30.0100002288818,156.894198555391,1.561540836,9.52504236693273,2.448491044,1.21871906971051,0.294976226251261,99.5205321065074,NaN,NaN,NaN,NaN,13.6317894429079,0.017000000923872,12.8558556433075,101.284982412439,6.52399969100952,27.5810101300173,0.00291237256729962,,1302.41639338372,30,154.890730721915,1.296289432,0,4.246096186,0.836562191881195,NaN,NaN,NaN,NaN,NaN,NaN,NaN,NaN,7.35260777136291,NaN,NaN,15.3919729706282,NaN,,NaN,NaN,156.277535394015,1.691147448,0,2.232986452,0.227376119814559,NaN,NaN,NaN,NaN,NaN,NaN,NaN,NaN,20.9581568812021,NaN,NaN,44.4724939777539,NaN,,NaN,NaN,154.934026631574,1.820052852,0,2.331136094,4.95531471812509,NaN,NaN,NaN,NaN,NaN,NaN,NaN,NaN,21.6505289190883,NaN,NaN,43.8536350665333,NaN,,NaN,NaN,155.186453099204
37.6666666666667,1.501568074,0,2.482168506,0.417891252867641,NaN,NaN,NaN,NaN,NaN,NaN,NaN,NaN,13.4714512982533,NaN,NaN,27.6942430783766,NaN,,NaN,NaN,154.688587818943,1.513605478,0,4.68246182,7.2607267282925,NaN,NaN,NaN,NaN,NaN,NaN,NaN,NaN,10.2119603752965,NaN,NaN,21.3132880886175,NaN,,NaN,NaN,156.893847477708,1.561540836,0,2.448491044,22.6703944907861,NaN,NaN,NaN,NaN,NaN,NaN,NaN,NaN,11.7354859047717,NaN,NaN,25.4359455239795,NaN,,NaN,NaN,154.890712850941,1.296289432,0,4.246096186,35.9047623787159,NaN,NaN,NaN,NaN,NaN,NaN,NaN,NaN,5.67397561222448,NaN,NaN,12.3694221130123,NaN,,NaN,NaN,156.277535394015,1.691147448,0,2.232986452,43.6878342342706,NaN,NaN,NaN,NaN,NaN,NaN,NaN,NaN,11.0698925341169,NaN,NaN,24.1841764945508,NaN,,NaN,NaN,154.934026631574,1.820052852,0,2.331136094,16.381413616884,NaN,NaN,NaN,NaN,NaN,NaN,NaN,NaN,7.70119376647519,NaN,NaN,15.0879972410914,NaN,,NaN,NaN,155.186453099204
37.75,1.501568074,0,2.482168506,24.9247549066404,NaN,NaN,NaN,NaN,NaN,NaN,NaN,NaN,10.0948631980358,NaN,NaN,21.2339429634734,NaN,,NaN,NaN,154.688587818943,1.513605478,0,4.68246182,3.897882515265,NaN,NaN,NaN,NaN,NaN,NaN,NaN,NaN,6.89721291180417,NaN,NaN,15.2046741747518,NaN,,NaN,NaN,156.893847477708,1.561540836,0,2.448491044,1.66549839207462,NaN,NaN,NaN,NaN,NaN,NaN,NaN,NaN,8.78311706247032,NaN,NaN,19.8925483531084,NaN,,NaN,NaN,154.890712850941,1.296289432,0,4.246096186,28.0069649401003,NaN,NaN,NaN,NaN,NaN,NaN,NaN,NaN,4.52042858823788,NaN,NaN,10.3060669685176,NaN,,NaN,NaN,156.277535394015,1.691147448,0,2.232986452,7.94399829245034,NaN,NaN,NaN,NaN,NaN,NaN,NaN,NaN,8.54667646228916,NaN,NaN,19.3017903438642,NaN,,NaN,NaN,154.934026631574,1.820052852,0,2.331136094,0.694105742604332,NaN,NaN,NaN,NaN,NaN,NaN,NaN,NaN,NaN,NaN,NaN,NaN,NaN,,NaN,NaN,155.186453099204
37.8333333333333,1.501568074,0,2.482168506,1.32892212912083,NaN,NaN,NaN,NaN,NaN,NaN,NaN,NaN,9.66890057885228,NaN,NaN,20.4336172381754,NaN,,NaN,NaN,154.688587818943,1.513605478,0,4.68246182,0.579033354179797,NaN,NaN,NaN,NaN,NaN,NaN,NaN,NaN,7.04356043629441,NaN,NaN,15.4694320020311,NaN,,NaN,NaN,156.893847477708,1.561540836,0,2.448491044,1.33597193210663,NaN,NaN,NaN,NaN,NaN,NaN,NaN,NaN,NaN,NaN,NaN,NaN,NaN,,NaN,NaN,154.890712850941,1.296289432,0,4.246096186,13.2127886872211,NaN,NaN,NaN,NaN,NaN,NaN,NaN,NaN,NaN,NaN,NaN,NaN,NaN,,NaN,NaN,156.277535394015,1.691147448,0,2.232986452,1.38034965140468,NaN,NaN,NaN,NaN,NaN,NaN,NaN,NaN,NaN,NaN,NaN,NaN,NaN,,NaN,NaN,154.934026631574,1.820052852,0,2.331136094,0.594430712045237,NaN,NaN,NaN,NaN,NaN,NaN,NaN,NaN,NaN,NaN,NaN,NaN,NaN,,NaN,NaN,155.186453099204
37.9166666666667,1.501568074,0,2.482168506,1.07789822604046,NaN,NaN,NaN,NaN,NaN,NaN,NaN,NaN,NaN,NaN,NaN,NaN,NaN,,NaN,NaN,154.688587818943,1.513605478,0,4.68246182,0.581480062402729,NaN,NaN,NaN,NaN,NaN,NaN,NaN,NaN,NaN,NaN,NaN,NaN,NaN,,NaN,NaN,156.893847477708,1.561540836,0,2.448491044,1.04489391153528,NaN,NaN,NaN,NaN,NaN,NaN,NaN,NaN,NaN,NaN,NaN,NaN,NaN,,NaN,NaN,154.890712850941,1.296289432,0,4.246096186,6.76095280978329,NaN,NaN,NaN,NaN,NaN,NaN,NaN,NaN,NaN,NaN,NaN,NaN,NaN,,NaN,NaN,156.277535394015,1.691147448,0,2.232986452,0.332906485014138,NaN,NaN,NaN,NaN,NaN,NaN,NaN,NaN,NaN,NaN,NaN,NaN,NaN,,NaN,NaN,154.934026631574,1.820052852,0,2.331136094,0.594076670208952,NaN,NaN,NaN,NaN,NaN,NaN,NaN,NaN,NaN,NaN,NaN,NaN,NaN,,NaN,NaN,155.186453099204
38,1.501568074,0,2.482168506,0.793849153474215,NaN,NaN,NaN,NaN,NaN,NaN,NaN,NaN,NaN,NaN,NaN,NaN,NaN,,NaN,NaN,154.688587818943,1.513605478,0,4.68246182,0.580737022139587,NaN,NaN,NaN,NaN,NaN,NaN,NaN,NaN,NaN,NaN,NaN,NaN,NaN,,NaN,NaN,156.893847477708,1.561540836,0,2.448491044,0.79191919179409,NaN,NaN,NaN,NaN,NaN,NaN,NaN,NaN,NaN,NaN,NaN,NaN,NaN,,NaN,NaN,154.890712850941,1.296289432,0,4.246096186,3.6789236456017,NaN,NaN,NaN,NaN,NaN,NaN,NaN,NaN,NaN,NaN,NaN,NaN,NaN,,NaN,NaN,156.277535394015,1.691147448,0,2.232986452,0.14603958120155,NaN,NaN,NaN,NaN,NaN,NaN,NaN,NaN,NaN,NaN,NaN,NaN,NaN,,NaN,NaN,154.934026631574,1.820052852,0,2.331136094,0.594038228163883,NaN,NaN,NaN,NaN,NaN,NaN,NaN,NaN,NaN,NaN,NaN,NaN,NaN,,NaN,NaN,155.186453099204
38.0833333333333,1.501568074,0,2.482168506,0.538853608586456,NaN,NaN,NaN,NaN,NaN,NaN,NaN,NaN,NaN,NaN,NaN,NaN,NaN,,NaN,NaN,154.688587818943,1.513605478,0,4.68246182,0.588302058515787,NaN,NaN,NaN,NaN,NaN,NaN,NaN,NaN,NaN,NaN,NaN,NaN,NaN,,NaN,NaN,156.893847477708,1.561540836,0,2.448491044,0.625592228085533,NaN,NaN,NaN,NaN,NaN,NaN,NaN,NaN,NaN,NaN,NaN,NaN,NaN,,NaN,NaN,154.890712850941,1.296289432,0,4.246096186,2.14700576973096,NaN,NaN,NaN,NaN,NaN,NaN,NaN,NaN,NaN,NaN,NaN,NaN,NaN,,NaN,NaN,156.277535394015,1.691147448,0,2.232986452,0.130586026467213,NaN,NaN,NaN,NaN,NaN,NaN,NaN,NaN,NaN,NaN,NaN,NaN,NaN,,NaN,NaN,154.934026631574,1.820052852,0,2.331136094,0.627809946010874,NaN,NaN,NaN,NaN,NaN,NaN,NaN,NaN,NaN,NaN,NaN,NaN,NaN,,NaN,NaN,155.186453099204
38.1666666666667,1.501568074,0,2.482168506,0.311830331187353,NaN,NaN,NaN,NaN,NaN,NaN,NaN,NaN,NaN,NaN,NaN,NaN,NaN,,NaN,NaN,154.688587818943,1.513605478,0,4.68246182,0.590340231138381,NaN,NaN,NaN,NaN,NaN,NaN,NaN,NaN,NaN,NaN,NaN,NaN,NaN,,NaN,NaN,156.893847477708,1.561540836,0,2.448491044,0.676389658406177,NaN,NaN,NaN,NaN,NaN,NaN,NaN,NaN,NaN,NaN,NaN,NaN,NaN,,NaN,NaN,154.890712850941,1.296289432,0,4.246096186,1.5209161053034,NaN,NaN,NaN,NaN,NaN,NaN,NaN,NaN,NaN,NaN,NaN,NaN,NaN,,NaN,NaN,156.277535394015,1.691147448,0,2.232986452,0.213402206759207,NaN,NaN,NaN,NaN,NaN,NaN,NaN,NaN,NaN,NaN,NaN,NaN,NaN,,NaN,NaN,154.934026631574,1.820052852,0,2.331136094,0.658570357115183,NaN,NaN,NaN,NaN,NaN,NaN,NaN,NaN,NaN,NaN,NaN,NaN,NaN,,NaN,NaN,155.186453099204
38.25,1.501568074,0,2.482168506,0.437863059485479,NaN,NaN,NaN,NaN,NaN,NaN,NaN,NaN,NaN,NaN,NaN,NaN,NaN,,NaN,NaN,154.688587818943,1.513605478,0,4.68246182,0.597266893276728,NaN,NaN,NaN,NaN,NaN,NaN,NaN,NaN,NaN,NaN,NaN,NaN,NaN,,NaN,NaN,156.893847477708,1.561540836,0,2.448491044,0.856475417510078,NaN,NaN,NaN,NaN,NaN,NaN,NaN,NaN,NaN,NaN,NaN,NaN,NaN,,NaN,NaN,154.890712850941,1.296289432,0,4.246096186,1.32317736083144,NaN,NaN,NaN,NaN,NaN,NaN,NaN,NaN,NaN,NaN,NaN,NaN,NaN,,NaN,NaN,156.277535394015,1.691147448,0,2.232986452,0.267232906603264,NaN,NaN,NaN,NaN,NaN,NaN,NaN,NaN,NaN,NaN,NaN,NaN,NaN,,NaN,NaN,154.934026631574,1.820052852,0,2.331136094,0.65871496267386,NaN,NaN,NaN,NaN,NaN,NaN,NaN,NaN,NaN,NaN,NaN,NaN,NaN,,NaN,NaN,155.186453099204
38.3333333333333,1.501568074,0,2.482168506,0.500636555320613,NaN,NaN,NaN,NaN,NaN,NaN,NaN,NaN,NaN,NaN,NaN,NaN,NaN,,NaN,NaN,154.688587818943,1.513605478,0,4.68246182,0.58920487646329,NaN,NaN,NaN,NaN,NaN,NaN,NaN,NaN,NaN,NaN,NaN,NaN,NaN,,NaN,NaN,156.893847477708,1.561540836,0,2.448491044,0.947411008233195,NaN,NaN,NaN,NaN,NaN,NaN,NaN,NaN,NaN,NaN,NaN,NaN,NaN,,NaN,NaN,154.890712850941,1.296289432,0,4.246096186,1.16028917780593,NaN,NaN,NaN,NaN,NaN,NaN,NaN,NaN,NaN,NaN,NaN,NaN,NaN,,NaN,NaN,156.277535394015,1.691147448,0,2.232986452,0.271636981988255,NaN,NaN,NaN,NaN,NaN,NaN,NaN,NaN,NaN,NaN,NaN,NaN,NaN,,NaN,NaN,154.934026631574,1.820052852,0,2.331136094,0.645602121516557,NaN,NaN,NaN,NaN,NaN,NaN,NaN,NaN,NaN,NaN,NaN,NaN,NaN,,NaN,NaN,155.186453099204
38.4166666666667,1.501568074,0,2.482168506,0.505824677004202,NaN,NaN,NaN,NaN,NaN,NaN,NaN,NaN,NaN,NaN,NaN,NaN,NaN,,NaN,NaN,154.688587818943,1.513605478,0,4.68246182,0.579125916891438,NaN,NaN,NaN,NaN,NaN,NaN,NaN,NaN,NaN,NaN,NaN,NaN,NaN,,NaN,NaN,156.893847477708,1.561540836,0,2.448491044,1.02020583082753,NaN,NaN,NaN,NaN,NaN,NaN,NaN,NaN,NaN,NaN,NaN,NaN,NaN,,NaN,NaN,154.890712850941,1.296289432,0,4.246096186,1.05660154386627,NaN,NaN,NaN,NaN,NaN,NaN,NaN,NaN,NaN,NaN,NaN,NaN,NaN,,NaN,NaN,156.277535394015,1.691147448,0,2.232986452,0.26667491910917,NaN,NaN,NaN,NaN,NaN,NaN,NaN,NaN,NaN,NaN,NaN,NaN,NaN,,NaN,NaN,154.934026631574,1.820052852,0,2.331136094,0.655764140028448,NaN,NaN,NaN,NaN,NaN,NaN,NaN,NaN,NaN,NaN,NaN,NaN,NaN,,NaN,NaN,155.186453099204
38.5,1.501568074,0,2.482168506,0.468530959194391,NaN,NaN,NaN,NaN,NaN,NaN,NaN,NaN,NaN,NaN,NaN,NaN,NaN,,NaN,NaN,154.688587818943,1.513605478,0,4.68246182,0.627301893370655,NaN,NaN,NaN,NaN,NaN,NaN,NaN,NaN,NaN,NaN,NaN,NaN,NaN,,NaN,NaN,156.893847477708,1.561540836,0,2.448491044,1.04878487605024,NaN,NaN,NaN,NaN,NaN,NaN,NaN,NaN,NaN,NaN,NaN,NaN,NaN,,NaN,NaN,154.890712850941,1.296289432,0,4.246096186,1.00099013660105,NaN,NaN,NaN,NaN,NaN,NaN,NaN,NaN,NaN,NaN,NaN,NaN,NaN,,NaN,NaN,156.277535394015,1.691147448,0,2.232986452,0.220790716440163,NaN,NaN,NaN,NaN,NaN,NaN,NaN,NaN,NaN,NaN,NaN,NaN,NaN,,NaN,NaN,154.934026631574,1.820052852,0,2.331136094,0.624531014174721,NaN,NaN,NaN,NaN,NaN,NaN,NaN,NaN,NaN,NaN,NaN,NaN,NaN,,NaN,NaN,155.186453099204
38.5833333333333,1.501568074,0,2.482168506,0.50821719625124,NaN,NaN,NaN,NaN,NaN,NaN,NaN,NaN,NaN,NaN,NaN,NaN,NaN,,NaN,NaN,154.688587818943,1.513605478,0,4.68246182,0.594386903840609,NaN,NaN,NaN,NaN,NaN,NaN,NaN,NaN,NaN,NaN,NaN,NaN,NaN,,NaN,NaN,156.893847477708,1.561540836,0,2.448491044,1.01143700390809,NaN,NaN,NaN,NaN,NaN,NaN,NaN,NaN,NaN,NaN,NaN,NaN,NaN,,NaN,NaN,154.890712850941,1.296289432,0,4.246096186,0.896403525104906,NaN,NaN,NaN,NaN,NaN,NaN,NaN,NaN,NaN,NaN,NaN,NaN,NaN,,NaN,NaN,156.277535394015,1.691147448,0,2.232986452,0.218643612513276,NaN,NaN,NaN,NaN,NaN,NaN,NaN,NaN,NaN,NaN,NaN,NaN,NaN,,NaN,NaN,154.934026631574,1.820052852,0,2.331136094,0.640036996637991,NaN,NaN,NaN,NaN,NaN,NaN,NaN,NaN,NaN,NaN,NaN,NaN,NaN,,NaN,NaN,155.186453099204
38.6666666666667,1.501568074,0,2.482168506,0.537670555470266,NaN,NaN,NaN,NaN,NaN,NaN,NaN,NaN,NaN,NaN,NaN,NaN,NaN,,NaN,NaN,154.688587818943,1.513605478,0,4.68246182,0.600306465406466,NaN,NaN,NaN,NaN,NaN,NaN,NaN,NaN,NaN,NaN,NaN,NaN,NaN,,NaN,NaN,156.893847477708,1.561540836,0,2.448491044,1.02380546091338,NaN,NaN,NaN,NaN,NaN,NaN,NaN,NaN,NaN,NaN,NaN,NaN,NaN,,NaN,NaN,154.890712850941,1.296289432,0,4.246096186,0.90231227508924,NaN,NaN,NaN,NaN,NaN,NaN,NaN,NaN,NaN,NaN,NaN,NaN,NaN,,NaN,NaN,156.277535394015,1.691147448,0,2.232986452,0.288004532723983,NaN,NaN,NaN,NaN,NaN,NaN,NaN,NaN,NaN,NaN,NaN,NaN,NaN,,NaN,NaN,154.934026631574,1.820052852,0,2.331136094,0.676998069563252,NaN,NaN,NaN,NaN,NaN,NaN,NaN,NaN,NaN,NaN,NaN,NaN,NaN,,NaN,NaN,155.186453099204
38.75,1.501568074,0,2.482168506,0.547292348133428,NaN,NaN,NaN,NaN,NaN,NaN,NaN,NaN,NaN,NaN,NaN,NaN,NaN,,NaN,NaN,154.688587818943,1.513605478,0,4.68246182,0.619265080154085,NaN,NaN,NaN,NaN,NaN,NaN,NaN,NaN,NaN,NaN,NaN,NaN,NaN,,NaN,NaN,156.893847477708,1.561540836,0,2.448491044,1.16585159702072,NaN,NaN,NaN,NaN,NaN,NaN,NaN,NaN,NaN,NaN,NaN,NaN,NaN,,NaN,NaN,154.890712850941,1.296289432,0,4.246096186,0.999196643267813,NaN,NaN,NaN,NaN,NaN,NaN,NaN,NaN,NaN,NaN,NaN,NaN,NaN,,NaN,NaN,156.277535394015,1.691147448,0,2.232986452,0.3106072421347,NaN,NaN,NaN,NaN,NaN,NaN,NaN,NaN,NaN,NaN,NaN,NaN,NaN,,NaN,NaN,154.934026631574,1.820052852,0,2.331136094,0.63928145042184,NaN,NaN,NaN,NaN,NaN,NaN,NaN,NaN,NaN,NaN,NaN,NaN,NaN,,NaN,NaN,155.186453099204
38.8333333333333,1.501568074,0,2.482168506,0.605244402217389,NaN,NaN,NaN,NaN,NaN,NaN,NaN,NaN,NaN,NaN,NaN,NaN,NaN,,NaN,NaN,154.688587818943,1.513605478,0,4.68246182,0.605022704557079,NaN,NaN,NaN,NaN,NaN,NaN,NaN,NaN,NaN,NaN,NaN,NaN,NaN,,NaN,NaN,156.893847477708,1.561540836,0,2.448491044,1.18738937079411,NaN,NaN,NaN,NaN,NaN,NaN,NaN,NaN,NaN,NaN,NaN,NaN,NaN,,NaN,NaN,154.890712850941,1.296289432,0,4.246096186,0.917726709317299,NaN,NaN,NaN,NaN,NaN,NaN,NaN,NaN,NaN,NaN,NaN,NaN,NaN,,NaN,NaN,156.277535394015,1.691147448,0,2.232986452,0.191389185484563,NaN,NaN,NaN,NaN,NaN,NaN,NaN,NaN,NaN,NaN,NaN,NaN,NaN,,NaN,NaN,154.934026631574,1.820052852,0,2.331136094,0.609487323065394,NaN,NaN,NaN,NaN,NaN,NaN,NaN,NaN,NaN,NaN,NaN,NaN,NaN,,NaN,NaN,155.186453099204
38.9166666666667,1.501568074,0,2.482168506,0.550263760135936,NaN,NaN,NaN,NaN,NaN,NaN,NaN,NaN,NaN,NaN,NaN,NaN,NaN,,NaN,NaN,154.688587818943,1.513605478,0,4.68246182,0.550444201004186,NaN,NaN,NaN,NaN,NaN,NaN,NaN,NaN,NaN,NaN,NaN,NaN,NaN,,NaN,NaN,156.893847477708,1.561540836,0,2.448491044,1.03895610165462,NaN,NaN,NaN,NaN,NaN,NaN,NaN,NaN,NaN,NaN,NaN,NaN,NaN,,NaN,NaN,154.890712850941,1.296289432,0,4.246096186,0.850488359351732,NaN,NaN,NaN,NaN,NaN,NaN,NaN,NaN,NaN,NaN,NaN,NaN,NaN,,NaN,NaN,156.277535394015,1.691147448,0,2.232986452,0.139288215904774,NaN,NaN,NaN,NaN,NaN,NaN,NaN,NaN,NaN,NaN,NaN,NaN,NaN,,NaN,NaN,154.934026631574,1.820052852,0,2.331136094,0.626895830099523,NaN,NaN,NaN,NaN,NaN,NaN,NaN,NaN,NaN,NaN,NaN,NaN,NaN,,NaN,NaN,155.186453099204
39,1.501568074,0,2.482168506,0.311212752636779,NaN,NaN,NaN,NaN,NaN,NaN,NaN,NaN,NaN,NaN,NaN,NaN,NaN,,NaN,NaN,154.688587818943,1.513605478,0,4.68246182,0.543968284685864,NaN,NaN,NaN,NaN,NaN,NaN,NaN,NaN,NaN,NaN,NaN,NaN,NaN,,NaN,NaN,156.893847477708,1.561540836,0,2.448491044,0.894618771303698,NaN,NaN,NaN,NaN,NaN,NaN,NaN,NaN,NaN,NaN,NaN,NaN,NaN,,NaN,NaN,154.890712850941,1.296289432,0,4.246096186,0.843894018349413,NaN,NaN,NaN,NaN,NaN,NaN,NaN,NaN,NaN,NaN,NaN,NaN,NaN,,NaN,NaN,156.277535394015,,,,,,,,,,,,,,,,,,,,,,,,,,,,,,,,,,,,,,,,,,
39.0833333333333,1.501568074,0,2.482168506,0.268998859554556,NaN,NaN,NaN,NaN,NaN,NaN,NaN,NaN,NaN,NaN,NaN,NaN,NaN,,NaN,NaN,154.688587818943,,,,,,,,,,,,,,,,,,,,,,,,,,,,,,,,,,,,,,,,,,,,,,,,,,,,,,,,,,,,,,,,,,,,,,,,,,,,,,,,,,,,,,,,,,,,,,,,,,,,,,,,,
