"Time","Bioreactor 23 - Acid volume pumped","Bioreactor 23 - Air flow","Bioreactor 23 - Base volume pumped","Bioreactor 23 - Bioreactor pressure reading","Bioreactor 23 - CER","Bioreactor 23 - DO","Bioreactor 23 - Feed#1 flow rate","Bioreactor 23 - Feed#1 volume pumped","Bioreactor 23 - Feed#2 flow rate","Bioreactor 23 - Feed#2 volume pumped","Bioreactor 23 - Foam sensor","Bioreactor 23 - Off-gas CO2%","Bioreactor 23 - Optical density","Bioreactor 23 - OUR","Bioreactor 23 - pH","Bioreactor 23 - Reflectance","Bioreactor 23 - RQ","Bioreactor 23 - Sampling events","Bioreactor 23 - Stir speed","Bioreactor 23 - Temperature","Bioreactor 23 - Volume","Bioreactor 24 - Acid volume pumped","Bioreactor 24 - Air flow","Bioreactor 24 - Base volume pumped","Bioreactor 24 - Bioreactor pressure reading","Bioreactor 24 - CER","Bioreactor 24 - DO","Bioreactor 24 - Feed#1 flow rate","Bioreactor 24 - Feed#1 volume pumped","Bioreactor 24 - Feed#2 flow rate","Bioreactor 24 - Feed#2 volume pumped","Bioreactor 24 - Foam sensor","Bioreactor 24 - Off-gas CO2%","Bioreactor 24 - Optical density","Bioreactor 24 - OUR","Bioreactor 24 - pH","Bioreactor 24 - Reflectance","Bioreactor 24 - RQ","Bioreactor 24 - Sampling events","Bioreactor 24 - Stir speed","Bioreactor 24 - Temperature","Bioreactor 24 - Volume"
0,0.185517525999999,4.9989980696492,0.237757522,0.527407884493962,0.0814846632577449,99.5512821282685,NaN,NaN,NaN,NaN,19.7780786303157,0.123073592613611,NaN,NaN,7.3945964301226,3.85085293941796,NaN,,1300.95010051424,29.9987541450455,205.482488640076,0.908443495999999,0,1.74129229607389,0.803449689287446,0,99.0408520903107,NaN,NaN,NaN,NaN,14.1830364545644,0.0917685827766769,NaN,NaN,7.49256546336541,2.57250994651091,NaN,,1299.81556924832,29.9992545773295,207.757392112742
0.0833333333333333,0.185517525999999,5.01306391063096,0.237757522,0.510693994893447,0.079428252111449,93.1248461230192,NaN,NaN,NaN,NaN,19.720984206513,0.120447254130222,NaN,NaN,7.37380443635536,4.16791556555877,NaN,,1300.52267514781,29.8861282881813,210.330980663619,0.908443495999999,0,1.74606388571326,0.8083550416105,0,91.0819047091947,NaN,NaN,NaN,NaN,14.0282340030285,0.092618842819089,NaN,NaN,7.47852922915467,2.72928930289206,NaN,,1301.45323254591,29.8934374284629,212.614740729544
0.166666666666667,0.185517525999999,4.99918039036081,0.237757522,0.508634140257827,0.075773116843455,86.6083251647886,NaN,NaN,NaN,NaN,19.6382393764663,0.117299495964747,NaN,NaN,7.37308028134002,4.26449962153706,NaN,,1299.30958939369,29.9793637832409,210.330717590931,0.908443495999999,0,1.746114364,0.80596484633789,0,79.6949400812149,NaN,NaN,NaN,NaN,13.9122167259102,0.0929804101613059,NaN,NaN,7.48479285205151,2.78948586807033,NaN,,1300.83001592126,29.9825138201461,212.614880223409
0.25,0.185517525999999,4.99845947843976,0.237757522,0.497437294794117,0.0824951796006011,82.9290438003797,NaN,NaN,NaN,NaN,19.758619047,0.12774842043591,NaN,0.0222434606994302,7.37141600362679,4.2461537151698,7.80981545091625,,1301.75267552005,30.0193493695735,210.330454189362,0.908443495999999,0,1.746114364,0.786394234323801,0,70.2790787630242,NaN,NaN,NaN,NaN,14.3581166787564,0.0934216831687293,NaN,NaN,7.48535972704205,2.79265290730985,NaN,,1299.32706789288,30.0195716061948,212.614880223409
0.333333333333333,0.185517525999999,5.00659040973949,0.237757522,0.493587908517795,0.0896257807663154,80.1413814265116,NaN,NaN,NaN,NaN,19.9598867753333,0.138907115148087,NaN,0.077469361031754,7.36883425024191,4.19332304636296,1.22219695892146,,1301.0814971238,30.0300006866455,210.330190913598,0.908443495999999,0,1.746114364,0.787461995429795,0,62.1030309016773,NaN,NaN,NaN,NaN,14.1857168281667,0.0928387989118514,NaN,NaN,7.48615154814407,2.84074814801696,NaN,,1301.15876356263,30.0218511858377,212.614880223409
0.416666666666667,0.185517525999999,5.00195235697517,0.237757522,0.507008770375983,0.0951738628498563,77.7910437090489,NaN,NaN,NaN,NaN,19.5213501978333,0.147665366731754,NaN,0.142705011344159,7.36589002176325,4.19479837455274,0.677565556184178,,1301.18058576946,30.0264250364756,210.329927906342,0.908443495999999,0,1.746114364,0.795493707777044,0,55.5972463802867,NaN,NaN,NaN,NaN,14.0822099409185,0.092391158358017,NaN,NaN,7.48378790525067,2.8097876321365,NaN,,1301.3651690021,30.0200004577637,212.614880223409
0.5,0.185517525999999,4.99550100940339,0.237757522,0.484766858677524,0.100682807506537,76.2715300412299,NaN,NaN,NaN,NaN,19.5643940110793,0.156329820782822,NaN,0.2065028865304,7.36258010138222,4.15193891416405,0.490501563587399,,1297.87901752382,30.0168776443331,210.329665153149,0.908443495999999,0,1.746114364,0.791113849339293,0,49.658769452133,NaN,NaN,NaN,NaN,14.0380974322482,0.0915161658639643,NaN,NaN,7.48307504694657,2.74399074841261,NaN,,1297.68563029783,30.0127493386725,212.614880223409
0.583333333333333,0.185517525999999,4.99568049181926,0.237757522,0.482023843476655,0.105668911028079,74.9046234049463,NaN,NaN,NaN,NaN,19.5623160918905,0.164330492500067,NaN,0.262880998401899,7.35892706689917,4.146711770634,0.397775709113282,"Sample 1.50 mL to AMBR-96DWP-4/H7",1300.6169296756,30.0075805679364,209.678547924495,0.908443495999999,0,1.746114364,0.796761737310651,0,44.9924732289206,NaN,NaN,NaN,NaN,14.0361476643888,0.0907997636512375,NaN,NaN,7.48412721991229,2.78878695686751,NaN,"Sample 1.50 mL to AMBR-96DWP-4/H8",1300.07378614459,30.007596903702,212.015233949741
0.666666666666667,0.185517525999999,5.00142831321468,0.237757522,0.502147020745566,0.104574377029716,73.725463717394,NaN,NaN,NaN,NaN,19.8638142273636,0.161131069605125,NaN,0.277031807641802,7.35486503259025,4.16059470470188,0.357093553778988,,1300.47618228368,30.0100002288818,208.535140291513,0.908443495999999,0,1.746114364,0.790515339605706,0,40.5608454835958,NaN,NaN,NaN,NaN,13.9632555144445,0.0907689000717042,NaN,NaN,7.48303962070888,2.73830932478458,NaN,,1299.15482481934,30.0100002288818,210.820880223409
0.75,0.185517525999999,4.99586643297269,0.237757522,0.495681310416366,0.10101858011892,72.1812882851762,NaN,NaN,NaN,NaN,19.9198888788333,0.155848916761884,NaN,0.308367192623851,7.35092066212757,4.10903838121187,0.328030857071123,,1300.10590549248,30.0100002288818,208.534878114364,0.908443495999999,0,1.746114364,0.783810473222188,0,36.6791429668679,NaN,NaN,NaN,NaN,13.8395220325,0.0904397739686309,NaN,NaN,7.48117593475822,2.80897147397767,NaN,,1301.32256737593,30.0100002288818,210.820880223409
0.833333333333333,0.185517525999999,4.99667744084611,0.237757522,0.500701454579909,0.111118227784837,70.2555334501472,NaN,NaN,NaN,NaN,19.5851403483333,0.171578525611508,NaN,0.371517129001054,7.34660403653104,4.18460947238868,0.299474261956508,,1299.22450811642,30.0100002288818,208.534616101913,0.908443495999999,0,1.746114364,0.776965757098285,0,31.745863294377,NaN,NaN,NaN,NaN,14.2808920465,0.0894936649883911,NaN,NaN,7.479401216439,2.7394374063985,NaN,,1300.14264157302,30.0100002288818,210.820880223409
0.916666666666667,0.185517525999999,4.99709940440896,0.237757522,0.475614021148855,0.121191477544534,68.0612461198717,NaN,NaN,NaN,NaN,19.251078582,0.187327393300916,NaN,0.435409610047002,7.34182223990146,4.07911650611531,0.278551558621545,,1300.75234513764,30.0050785043134,208.534354367295,0.908443495999999,0,1.746114364,0.77211023951842,0,26.7220649379766,NaN,NaN,NaN,NaN,14.1208642796667,0.0884969939192029,NaN,NaN,7.47619167967634,2.74361770182539,NaN,,1298.76338467505,30.0029641735463,210.820880223409
1,0.185517525999999,5.00634778739823,0.237757522,0.485720588757947,0.130183210463837,66.375620528988,NaN,NaN,NaN,NaN,19.9598550225,0.201397816559011,NaN,0.497415947565752,7.3358239358137,4.17361219687945,0.261875684447017,,1301.26904063702,30,208.534092875164,0.908443495999999,0,1.746114364,0.779408687472928,0,20.5806792739288,NaN,NaN,NaN,NaN,14.1827157373143,0.087243084144427,NaN,NaN,7.47446272997855,2.81134493387906,NaN,,1297.43571432097,30,210.820880223409
1.08333333333333,0.185517525999999,4.99898351500432,0.237757522,0.485603305777479,0.138945704967737,64.4705538498699,NaN,NaN,NaN,NaN,19.920020614,0.215131987479331,NaN,0.558504281028188,7.32962143311243,4.24677680424592,0.248879460247482,,1298.36175573125,30,208.533831608081,0.908443495999999,0,1.74653544909367,0.774929875525487,0,15.538224213063,NaN,NaN,NaN,NaN,14.2315755984879,0.0860667980917065,NaN,NaN,7.47188935109299,2.80366407014772,NaN,,1299.78853911018,30,210.821212346975
1.16666666666667,0.185517525999999,5.0047841307954,0.237757522,0.471734257351845,0.147901682426656,62.4012578409322,NaN,NaN,NaN,NaN,20,0.229164935821786,NaN,0.618579842758738,7.32351133420831,4.32041519034939,0.239171323936499,,1299.91128278918,30,208.533570551219,0.908443495999999,0,1.75414273225462,0.788769404063637,0,9.95959419988156,NaN,NaN,NaN,NaN,14.0660792625312,0.0847901849530019,NaN,NaN,7.47123935462297,2.77305129390952,NaN,,1298.46039205931,30.0017176199686,210.828708550333
1.25,0.185517525999999,5.00486050571217,0.237757522,0.488298945340231,0.157053220881492,60.3196193442878,NaN,NaN,NaN,NaN,19.0019658706667,0.243509508916016,NaN,0.6803454670443,7.31690341222469,4.32004721741665,0.230894220821215,,1300.00249763064,30,208.533309673491,0.908443495999999,0,1.76411763267271,0.768450502585963,0,5.02493889762754,NaN,NaN,NaN,NaN,14.080266996,0.0835127063043204,NaN,NaN,7.47148853460613,2.81400342817633,NaN,,1299.74229507437,30.0071278877643,210.838683145011
1.33333333333333,0.185517525999999,5.0069811489991,0.237757522,0.487607181774186,0.167098942040177,58.2351624770556,NaN,NaN,NaN,NaN,18.9209003269567,0.259255426855936,NaN,0.740078299801055,7.30938731024958,4.26922239247193,0.225808913476841,,1299.55189887174,30,208.533048964584,0.908443495999999,0,1.77085948564873,0.761263001968534,0,0.406048537851683,NaN,NaN,NaN,NaN,13.999810207,0.0822411130780484,NaN,NaN,7.47164320696618,2.77822635399004,NaN,,1300.94206862452,30,210.845524735121
1.41666666666667,0.185517525999999,4.99033484813709,0.237757522,0.500992209613741,0.177858460092437,56.1288035435207,NaN,NaN,NaN,NaN,18.7171608103767,0.276121305324929,NaN,0.800302731299322,7.30267339609438,4.2624763583341,0.222259063975498,,1300.73079931645,30,208.532788418696,0.908443495999999,0,1.77787440073801,0.763448148109902,0,-0.0969744758053247,NaN,NaN,NaN,NaN,13.9564441448045,0.0807537360598129,NaN,NaN,7.47163054865284,2.77661221582051,NaN,,1299.96152044545,29.9912010755166,210.852539465338
1.5,0.185517525999999,5.01173023381024,0.237757522,0.457757461782967,0.189568515055329,54.3997463390687,NaN,NaN,NaN,NaN,18.8399519665,0.294476475521847,NaN,0.859776185539555,7.29552870141982,4.3323943872357,0.22048794974925,,1300.36751984454,30,208.532528042809,0.908443495999999,0,1.78367729779729,0.756444326553119,0,-0.29500771040172,NaN,NaN,NaN,NaN,14.7261656050289,0.0796094133456592,NaN,NaN,7.47152952653573,2.81432657239235,NaN,,1301.95961065305,29.9899997711182,210.858342107176
1.58333333333333,0.185517525999999,4.99665389586157,0.237757522,0.448925614920077,0.202665712026543,52.1922962268298,NaN,NaN,NaN,NaN,19,0.315172167639195,NaN,0.921457070970917,7.28804375126626,4.34603592435804,0.219944975880557,,1300.42455516869,30.0021763115473,208.532267858167,0.908443495999999,0,1.78929982811702,0.741777700313384,0,-0.284779107468351,NaN,NaN,NaN,NaN,14.9920917588333,0.0783289115478791,NaN,NaN,7.47188377862839,2.84661860550713,NaN,,1300.86671078614,29.9899997711182,210.863964122016
1.66666666666667,0.185517525999999,5.00797107548229,0.237757522,0.465267368094459,0.216670324328901,49.314999697201,NaN,NaN,NaN,NaN,18.9198297021667,0.337097614064444,NaN,0.982692305449351,7.28081229354704,4.40123532423027,0.220477511179409,,1300.96718005262,30.0100002288818,208.53200788708,0.908443495999999,0,1.79429819180707,0.760530633037437,0,-0.353041197367106,NaN,NaN,NaN,NaN,15.4671323045,0.0768664028086931,NaN,NaN,7.4720038835821,2.85165390104786,NaN,,1300.10977016946,29.9938607195246,210.868963470467
1.75,0.185517525999999,5.00314046663438,0.237969295382565,0.459430369001494,0.231045165606818,46.9581860973551,NaN,NaN,NaN,NaN,19.2107386,0.359749698091492,NaN,1.04194820713583,7.27356730922141,4.41852259735788,0.221739179946911,,1300.90856910769,30.0054829024291,208.531874871217,0.908443495999999,0,1.79945482998243,0.763540028910033,0,-0.332547268258159,NaN,NaN,NaN,NaN,15.5369807875,0.0758799098893643,NaN,NaN,7.47200326468665,2.81479158110524,NaN,,1299.87681105679,29.9995981790799,210.874122387035
1.83333333333333,0.185517525999999,5.00400148943132,0.246526743514159,0.459047148639874,0.247176311173423,44.3500833306565,NaN,NaN,NaN,NaN,19.0299046953333,0.385098589371454,NaN,1.10470329649337,7.27188287828499,4.45706958105177,0.223736116114026,,1299.33765086945,30.0063985532441,208.54015451356,0.908443495999999,0,1.80362943114415,0.771765806031905,0,-0.385695720572107,NaN,NaN,NaN,NaN,15.8608964650039,0.0746400737586757,NaN,NaN,7.47186067178169,2.89935400206172,NaN,,1299.77059190593,30,210.878294923282
1.91666666666667,0.185517525999999,5.00614928215372,0.259279338511109,0.452208297226122,0.264247511573619,41.0147050559759,NaN,NaN,NaN,NaN,18.8431318796154,0.412009003219912,NaN,1.16741915701048,7.27132344889676,4.46107719866704,0.226347395941201,,1301.61732442523,30.0020315829636,208.552344540511,0.908443495999999,0,1.80883120828436,0.767527248306407,0,-0.374497039857846,NaN,NaN,NaN,NaN,16.1451410011628,0.0735440683677024,NaN,NaN,7.47212100763674,2.92154406690797,NaN,,1298.27360051446,30,210.883496127905
2,0.185517525999999,5.00505683315316,0.273082287152039,0.488529431190631,0.280530635120365,38.1234912039955,NaN,NaN,NaN,NaN,19.0768493457179,0.437772471431066,NaN,1.23365907894894,7.27135434771806,4.63006719508111,0.227393961535801,,1298.46427941657,30.0008063999749,208.566092548263,0.908443495999999,0,1.81364585338967,0.768111785188027,0,-0.403805753838886,NaN,NaN,NaN,NaN,16.1041192888333,0.0720959177046006,NaN,NaN,7.4717896993491,3.00426726504301,NaN,,1302.13966659858,30,210.888309900722
2.08333333333333,0.185517525999999,5.00635920199441,0.286292824689724,0.452959547023137,0.297573789625328,35.1443216045437,NaN,NaN,NaN,NaN,19.235263133,0.464699377604132,NaN,1.30208674830411,7.27108501840514,4.602262959009,0.22853201895235,,1300.90921165663,29.9963822862123,208.578941892668,0.908443495999999,0,1.8192360428323,0.761109837405745,0,-0.404122454880923,NaN,NaN,NaN,NaN,17.0000774375,0.0710737770907321,NaN,NaN,7.47148244562672,2.96242580926833,NaN,,1299.42677981147,30,210.893902297108
2.16666666666667,0.185517525999999,5.00056256544336,0.299909372092613,0.454838167817668,0.315216187227932,32.6532869305004,NaN,NaN,NaN,NaN,19.4780968866667,0.492670005206141,NaN,1.3733535468932,7.27131004758085,4.75452224299254,0.229522249791201,,1301.77565347344,29.9995957893336,208.592303178256,0.908443495999999,0,1.82605403954472,0.755155313463328,0,-0.419026634627273,NaN,NaN,NaN,NaN,17.1624223818333,0.0699972029500866,NaN,NaN,7.47164595758449,2.95839659324161,NaN,,1300.38042857035,29.9995998687869,210.900617117119
2.25,0.185517525999999,5.0054624340813,0.314292901473266,0.456433324828628,0.333492198589739,29.7783024137157,NaN,NaN,NaN,NaN,19.0091748788333,0.521733852643151,NaN,1.45041801924884,7.27125255470267,4.68700925029845,0.229925410309512,,1300.18645193399,30,208.606423099644,0.908443495999999,0,1.83225977822132,0.76604251582533,0,-0.411395686344032,NaN,NaN,NaN,NaN,17.1561282472546,0.0690402489614858,NaN,NaN,7.47175805602076,3.02079843729745,NaN,,1303.60710264604,30,210.906925236757
2.33333333333333,0.185517525999999,5.0024685396541,0.323777030069092,0.470182568668737,0.352744413868514,26.7240494653581,NaN,NaN,NaN,NaN,18.6966825661667,0.552367742431614,0.914665487251912,1.52758968043226,7.27264710313364,4.77683108150582,0.230910698072359,,1300.12308239276,30,208.615753408373,0.908443495999999,0,1.83824647763869,0.757748615144457,0,-0.425275059227808,NaN,NaN,NaN,NaN,15.9211146680282,0.0679318789052747,NaN,NaN,7.4721998157093,3.0755651881078,NaN,,1300.99091882056,30.0047540389138,210.912912345531
2.41666666666667,0.185517525999999,5.00544761995636,0.341431674807194,0.462888295303739,0.372683305418749,23.5862897612753,NaN,NaN,NaN,NaN,18.0405696213333,0.584115608396526,1.00467356197723,1.60485032063294,7.27132078019981,4.94991445309131,0.232217580817274,,1299.09211101079,30,208.633053349451,0.908443495999999,0,1.84376915401556,0.776581084882084,0,-0.409761013864513,NaN,NaN,NaN,NaN,15.2891913648838,0.066998631228071,NaN,NaN,7.47165847763927,3.07353134121623,NaN,,1302.4169920452,30.0100002288818,210.918335327012
2.5,0.185517525999999,5.00434785863354,0.358189650353307,0.479586108038136,0.393632465276866,20.1538282584331,NaN,NaN,NaN,NaN,18.3208675105,0.617652074392912,1.00221885983219,1.6842451531741,7.2709993444597,4.97089073772519,0.233710197265826,,1300.51267092493,30.0004010548192,208.649445812985,0.908443495999999,0,1.85117145588834,0.757598794118874,0,-0.423803042518573,NaN,NaN,NaN,NaN,15.5912895458333,0.0659705403294357,NaN,NaN,7.47180678575193,3.10542691873012,NaN,,1299.01012490407,30.0029080678055,210.925845070017
2.58333333333333,0.185517525999999,5.00519478542763,0.373254224566666,0.462102589661515,0.415415045704227,17.5062587888861,NaN,NaN,NaN,NaN,18.8025896277711,0.652512570172475,1.04794857082125,1.76349703970387,7.27165505121612,5.0505566123055,0.235556385896703,,1299.84114626849,30,208.664454927126,0.908443495999999,0,1.855463856,0.763202126235101,0,-0.364384959465721,NaN,NaN,NaN,NaN,15.2547077765,0.0649332884246045,NaN,NaN,7.47219182619355,3.08520113192957,NaN,,1300.45727519384,29.9955794474289,210.930229715409
2.66666666666667,0.185517525999999,4.99439665076673,0.386217511563938,0.465509888901976,0.439330796098865,14.3651618382783,NaN,NaN,NaN,NaN,18.5302064285622,0.690691184682096,1.12424535865785,1.84800406068539,7.27099626969286,5.1835058624287,0.237723395103043,,1298.4090198141,30,208.676952855259,0.908443495999999,0,1.85959188054847,0.759906876842768,0,-0.43060300720344,NaN,NaN,NaN,NaN,15.7625691988333,0.0641782455052071,NaN,NaN,7.47214255592595,3.16762780758316,NaN,,1299.28880303569,30,210.934256441707
2.75,0.185517525999999,4.99896799317875,0.404325853695048,0.446682244276649,0.464266724964991,10.4546002469783,NaN,NaN,NaN,NaN,18.8430005125539,0.73065917419582,1.14014827122994,1.93481048306406,7.27143496042894,5.21122381098413,0.239945640046468,,1299.58865985821,30.0044493914761,208.694909319703,0.908443495999999,0,1.8642339843454,0.745323367533923,0,-0.421518305099608,NaN,NaN,NaN,NaN,15.0802592785,0.0635037705493617,0.907271494477173,NaN,7.47224038598806,3.25387984485154,NaN,,1300.74455102096,30,210.938896821885
2.83333333333333,0.185517525999999,4.99734803751934,0.421371692419602,0.470690432866725,0.490284582783378,6.48317715768131,NaN,NaN,NaN,NaN,18.8411659959544,0.772669341281487,1.19322417428803,2.01948563825991,7.27139284648816,5.30374388646755,0.242766518630734,,1300.07011680794,30.0100002288818,208.711707619295,0.908443495999999,0,1.86901371092704,0.751355505066591,0,-0.435732747172212,NaN,NaN,NaN,NaN,15.573310271,0.0625076734415506,0.931249953404122,NaN,7.47228144836318,3.3114774763485,NaN,,1299.63492239371,29.998388999248,210.943681077642
2.91666666666667,0.185517525999999,5.00262322987601,0.440627110343831,0.460986311047003,0.518096487927545,3.71544535641243,NaN,NaN,NaN,NaN,18.1956373111583,0.817456609752449,1.2820382642646,2.10469859474276,7.27128376762251,5.45861446828751,0.246149343691056,,1299.60179279106,30.0080320532915,208.730599813574,0.908443495999999,0,1.87279277941159,0.757948676522538,0,-0.431544146325768,NaN,NaN,NaN,NaN,16.7702987245,0.061631527611823,0.90634897546077,NaN,7.47204942387163,3.25918950729068,NaN,,1301.09708125557,30,210.947457648812
3,0.185517525999999,5.00107480106096,0.46066623896281,0.480591377217964,0.547452932194226,1.83232125327899,NaN,NaN,NaN,NaN,18.6348780831667,0.864802155884217,1.36863428186608,2.19209130931591,7.27155105045781,5.60967253014422,0.249727550896358,,1300.47546925909,30.0004010272219,208.750181412564,0.908443495999999,0,1.87860731670158,0.776781528148703,0,-0.436770677406419,NaN,NaN,NaN,NaN,16.2368329075072,0.0610333745857583,NaN,NaN,7.47235236794609,3.21826169344072,NaN,,1301.63122443151,29.999198867489,210.953272598797
3.08333333333333,0.185517525999999,5.00116516703685,0.478836874199101,0.47644677919516,0.579268100491951,0.910827010267332,NaN,NaN,NaN,NaN,18.5707152402524,0.915973042509978,1.38803167096319,2.27860871921088,7.27298239996482,5.64351837295281,0.254203870300817,,1299.02935714769,30,208.768495328186,0.908443495999999,0,1.88340813430462,0.769739398784263,0,-0.432913619869657,NaN,NaN,NaN,NaN,15.2701832247963,0.0600029460298735,0.917544057762486,NaN,7.47212485243152,3.24140760202744,NaN,,1301.94652499848,30,210.958072880792
3.16666666666667,0.185517525999999,5.00499535491461,0.496174987118263,0.466633484946235,0.612877995787364,0.557942980948303,NaN,NaN,NaN,NaN,18.4407576482611,0.969866324678125,1.45674480819117,2.36112801146114,7.27087998026887,5.76343657991673,0.259553131946983,,1300.6071098723,30,208.785382264872,0.908443495999999,0,1.88677805340016,0.756180711208806,0,-0.435341831755215,NaN,NaN,NaN,NaN,13.1625367536964,0.0594827226307772,0.916168603894918,NaN,7.47195047845814,3.29049772220184,NaN,,1299.05712275548,30,210.961445920796
3.25,0.185517525999999,4.99894232062887,0.51816314029215,0.452725061344385,0.648520531785604,0.237744782527484,NaN,NaN,NaN,NaN,18.6609554951532,1.02700530121056,1.49788294157402,2.43463933294225,7.27129958223356,5.83525402169818,0.266354773632017,,1298.65314961605,30,208.807104457743,0.908443495999999,0,1.890563212,0.745454732545555,0,-0.433387287049487,NaN,NaN,NaN,NaN,15.0482625971667,0.0590110704670173,0.918713804870925,NaN,7.47165459109245,3.30760992746039,NaN,,1300.1127593804,30,210.965329071409
3.33333333333333,0.185517525999999,5.00235355109679,0.536619394946233,0.43502604276462,0.685541279814522,0.0436552943439217,NaN,NaN,NaN,NaN,19,1.08611283530377,1.56801326514923,2.49556417173031,7.27143778686922,5.95770784837541,0.274688079522988,,1301.193500376,30,208.82534057801,0.908443495999999,0,1.89511521369457,0.742867209469574,0,-0.432330350755233,NaN,NaN,NaN,NaN,14.1590053468618,0.0582396895294929,0.924137730181975,NaN,7.47208452636001,3.29794884473311,NaN,,1299.60945664943,30,210.969780919313
3.41666666666667,0.185517525999999,5.00637239276306,0.556506375837627,0.457625334928397,0.720803170861507,-0.0573129432517316,NaN,NaN,NaN,NaN,19,1.14250475434307,1.5383480357382,2.54646981063509,7.27137224084163,5.90590258609008,0.283047285450369,,1299.19255974639,30,208.844954122755,0.908443495999999,0,1.89929917709956,0.760555613968422,0,-0.436587762480853,NaN,NaN,NaN,NaN,14.2645420746382,0.0575185217141379,0.957146265986986,NaN,7.47188271823373,3.37860334711314,NaN,,1300.84475836364,30,210.973964955685
3.5,0.185517525999999,4.99968402452647,0.568254729144164,0.435231621479898,0.757712920186155,-0.16873227817044,NaN,NaN,NaN,NaN,19,1.20105841164739,1.67944033526845,2.58777586804405,7.27297171831889,6.15235630063145,0.292791929530769,,1300.97102129149,30,208.856802295859,0.908443495999999,0,1.90411375566485,0.756473114955033,0,-0.436412039041666,NaN,NaN,NaN,NaN,14.9598276343333,0.057056901852599,0.930100456906585,NaN,7.47180340570498,3.34549790123081,NaN,,1297.94886828291,30,210.978777937045
3.58333333333333,0.185517525999999,5.0045122128005,0.581175156440773,0.488518527498216,0.795092108154111,-0.258232759340029,NaN,NaN,NaN,NaN,19,1.26028291118252,1.7201987423824,2.62710518639129,7.27101271737131,6.22358124989454,0.302637836809191,,1298.14558089143,30,208.86906405637,0.908443495999999,0,1.9097176182182,0.768325349775211,0,-0.434979206285021,NaN,NaN,NaN,NaN,15.4973068233333,0.0563822005633222,0.954591410889479,NaN,7.47200461905187,3.36644027360256,NaN,,1298.3431252917,30.0065807590798,210.984383148511
3.66666666666667,0.185517525999999,5.01654059977218,0.604310571269085,0.467056308057516,0.83300026000519,-0.302073416625158,NaN,NaN,NaN,NaN,19,1.32049816736916,1.78126473769586,2.66048794351267,7.27119797836507,6.33032390476057,0.313090343011657,,1299.58967752862,30,208.891924011001,0.908443495999999,0,1.91500394633345,0.773104933947144,0,-0.436059219851184,NaN,NaN,NaN,NaN,16.4019897328333,0.0559196140974582,0.917389384264687,NaN,7.47162284257724,3.3224898144393,NaN,,1299.29324730111,30.0090834830696,210.98956743358
3.75,0.185517525999999,4.99655898664113,0.621209704361379,0.478228279602213,0.87015469625066,-0.328524201543738,NaN,NaN,NaN,NaN,19,1.37902853959966,1.74247714613375,2.68826130085377,7.27175716392752,6.26252285194266,0.323678575963398,,1299.96723051198,30,208.908723519931,0.908443495999999,0,1.92133749909451,0.766861564394587,0,-0.431616873796885,NaN,NaN,NaN,NaN,16,0.0550997207829679,0.964329231898885,NaN,7.47211884422673,3.40797334904561,NaN,,1300.07707328064,30.0012019107339,210.996002363852
3.83333333333333,0.185517525999999,5.00903503146315,0.636636893756678,0.466613373783387,0.906868888557155,-0.347103989695365,NaN,NaN,NaN,NaN,19.0019459100029,1.43644407032385,1.87754061870992,2.7127271830261,7.27134178708791,6.49868557766806,0.334292732749373,,1300.3131360649,30,208.923888991369,0.908443495999999,0,1.92792235670065,0.759807436094398,0,-0.436955149603902,NaN,NaN,NaN,NaN,16.4882357865,0.054768066926305,0.954931468120359,NaN,7.47222997092854,3.37943015665568,NaN,,1299.72927814487,30.002809330689,211.002590122661
3.91666666666667,0.185517525999999,5.00235341891295,0.652588611055621,0.482709368131955,0.944036361185279,-0.356809721856073,NaN,NaN,NaN,NaN,18.9592005675208,1.49517712910157,1.93161186426041,2.73799542856822,7.27195069987109,6.59325609636721,0.344783533317216,,1300.03308451177,30,208.939604711652,0.908443495999999,0,1.93209660702964,0.767943979653837,0,-0.433095494915236,NaN,NaN,NaN,NaN,20.4852860423333,0.0541115035665144,0.970169856382897,NaN,7.47191685509885,3.41814385494845,NaN,,1300.71739388166,30.0024073321032,211.006758586467
4,0.185517525999999,4.99925843204449,0.667075706037762,0.482930374621778,0.980555465633526,-0.366004163013405,NaN,NaN,NaN,NaN,18.9594296421429,1.55277027686701,2.01953469639774,2.75929009401494,7.27182787420041,6.74710929992618,0.355359265248931,,1299.54335838952,30,208.953826989461,0.908443495999999,0,1.93795883483225,0.771014397766837,0,-0.439491104179508,NaN,NaN,NaN,NaN,16.0911119058366,0.0538438705268514,0.931429301222375,NaN,7.47212095340184,3.35067647601053,NaN,,1301.15738903816,30.0096409789194,211.012624566805
4.08333333333333,0.185517525999999,4.99696567285616,0.680628003548052,0.466267266499682,1.01666319178569,-0.370724379982021,NaN,NaN,NaN,NaN,19.3215016845,1.60961899427311,2.0845840435299,2.77407773717815,7.27157497427044,6.86098360140747,0.366483727987491,,1299.98788165867,30,208.967112002395,0.908443495999999,0,1.940777496,0.766444814649084,0,-0.436160879278131,NaN,NaN,NaN,NaN,13.7597027344967,0.0532857902683219,0.955708118917983,NaN,7.47157008207988,3.39295860799054,NaN,,1300.03020133619,29.9948607496846,211.015543355409
4.16666666666667,0.185517525999999,5.00848508175072,0.692751005656867,0.465394115655587,1.05352066396044,-0.375340748648192,NaN,NaN,NaN,NaN,18.9598711543333,1.66760906074527,2.12595483038358,2.7819938886986,7.27298399362943,6.93342514101468,0.378689241302912,,1300.3970203918,30,208.979191548973,0.908443495999999,0,1.94455040764392,0.77099069392803,0,-0.435765415056203,NaN,NaN,NaN,NaN,14.5501015975,0.052959683247971,1.019255469631,NaN,7.47262233872334,3.50364409127199,NaN,,1297.86935103996,29.9899997711182,211.019215355437
4.25,0.185517525999999,5.00392578274445,0.703974238798284,0.472085642654481,1.088775808173,-0.160049601806697,NaN,NaN,NaN,NaN,19,1.72308354761645,2.16205550566646,2.78937890048531,7.27086301497659,6.99665272569224,0.39032697703797,,1299.84544937135,30,208.989855299384,0.908443495999999,0,1.94692345548815,0.76267219106175,0,-0.434128539574675,NaN,NaN,NaN,NaN,13.9039326356667,0.0527586924750677,1.0131155895138,NaN,7.47186089923254,3.49295076596828,NaN,,1298.00781051838,29.9899997711182,211.021590155841
4.33333333333333,0.185517525999999,5.00323838566551,0.72007925572833,0.452244633667084,1.12428574170914,1.45243943538548,NaN,NaN,NaN,NaN,19,1.7780952528915,2.24214910809584,2.79513941146172,7.27136224553303,7.13696796662175,0.402227277119662,,1301.04885389515,30,209.005847922651,0.908443495999999,0,1.95249453278723,0.765891262203092,0,-0.438050459821208,NaN,NaN,NaN,NaN,14.7780666186667,0.0522961172093607,1.01741472036506,NaN,7.47221305691956,3.50043876830375,NaN,,1299.66325388923,29.9908038709055,211.027160710311
4.41666666666667,0.185517525999999,5.01133279858551,0.733910346175651,0.455654218677956,1.15950069809364,-0.376977260090619,NaN,NaN,NaN,NaN,19.0002424398333,1.83297170513634,2.30987786812471,2.79634093688981,7.27112209440067,7.25566977435937,0.414649335759115,,1301.14573874113,30,209.019400642031,0.908443495999999,0,1.95747348222681,0.770858517199661,0,-0.437316153803825,NaN,NaN,NaN,NaN,14.8208700353333,0.0519599409638663,1.04452688433708,NaN,7.47193850325022,3.54766984130779,NaN,,1302.26200621057,29.9994030935065,211.032138596837
4.5,0.185517525999999,5.0100726966032,0.748621277836698,0.447317862669771,1.19383912979339,-0.379788999783278,NaN,NaN,NaN,NaN,18.7226834989504,1.88631646574274,2.38917570324887,2.79778072397236,7.27131143181428,7.39470069340249,0.426707717768087,,1300.92528627749,30,209.033873437983,0.908443495999999,0,1.96225532086091,0.751574445631673,0,-0.436616751732041,NaN,NaN,NaN,NaN,17.0869190173761,0.0516390699347706,1.06979707930612,NaN,7.47189472796617,3.59169982948927,NaN,,1301.83173082156,30,211.036922533155
4.58333333333333,0.185517525999999,5.00047039992841,0.762317145944509,0.434527347938702,1.22830230157575,-0.380185064156358,NaN,NaN,NaN,NaN,18.7160239832163,1.93985778960485,2.41824164081919,2.80481108851188,7.2714179691893,7.44567446704598,0.438017890821148,,1299.04323119632,30,209.047271448015,0.908443495999999,0,1.96803379053127,0.749464291581059,0,-0.436317347947018,NaN,NaN,NaN,NaN,14.1333411497065,0.0512267848435933,1.00328752373013,NaN,7.47194527873175,3.47582867161046,NaN,,1298.71281532135,30.0056194576645,211.042695869936
4.66666666666667,0.185517525999999,5.00147612955191,0.773941060735279,0.419560610239852,1.25232753597177,-0.384489869191342,NaN,NaN,NaN,NaN,18.5579864238333,1.95726446867675,2.47610453963245,2.83202958312509,7.2713847929814,7.547176123627,0.453419131400732,"Sample 1.50 mL to AMBR-96DWP-1/B7",1299.55455291157,29.99678669401,207.320587384832,0.908443495999999,0,1.97106341472157,0.742183223803685,0,-0.43652347671071,NaN,NaN,NaN,NaN,14.1707827057841,0.0510402138863232,1.0023061419751,NaN,7.47140353046268,3.47412147735447,NaN,"Sample 1.50 mL to AMBR-96DWP-1/B8",1299.19863726724,29.9979949947001,209.333954976382
4.75,0.185517525999999,5.00423974830439,0.785587366993488,0.449352378812017,1.14508226931913,-0.381629014224009,NaN,NaN,NaN,NaN,18.9598116576667,1.77757072829587,2.54884161591871,2.37211278124623,7.27219297325942,7.67481549864733,0.484344016229363,,1301.20382837004,30.0010997422313,207.276132203287,0.908443495999999,0,1.9758572761872,0.749267079991465,0,-0.437723765097889,NaN,NaN,NaN,NaN,14.4402937863169,0.0511605544946999,1.03283904363353,NaN,7.47215344998975,3.52730697353603,NaN,,1300.11318572736,30,209.256622678079
4.83333333333333,0.185517525999999,5.01152354525369,0.792399360730804,0.436534489516266,1.19361615552302,-0.382212836398122,NaN,NaN,NaN,NaN,19,1.85562452082814,2.58891516013731,2.32907085033601,7.27118137844663,7.7451664208675,0.512427814885659,,1299.36651422406,30.0096089953016,207.282679950605,0.908443495999999,0,1.98031572924407,0.756578810054099,0,-0.438542986756338,NaN,NaN,NaN,NaN,14.9655910546498,0.0509999990463257,1.04007396804056,NaN,7.47191996913809,3.53991191743011,NaN,,1301.98458209921,30,209.260978844932
4.91666666666667,0.185517525999999,5.00739468113662,0.804255912501279,0.452624019125907,1.27626470646271,-0.385680192540432,NaN,NaN,NaN,NaN,19,1.98479252855566,2.66069148170049,2.42181491967063,7.27128100811423,7.87120031009409,0.526950464721069,,1299.65920112502,30.0097751307441,207.294280349277,0.908443495999999,0,1.98570915387273,0.753456634572232,0,-0.437607459596124,NaN,NaN,NaN,NaN,14.7659340195,0.0509596949394584,1.08426882910039,NaN,7.47247971243232,3.61691563214195,NaN,,1300.87804264883,30,209.266374761589
5,0.185517525999999,5.0003196840687,0.815108811576675,0.444360008673801,1.34562570251899,-0.383813987522041,NaN,NaN,NaN,NaN,19,2.09281245183067,2.70394668346164,2.50764473969483,7.27129958599379,7.94716617340386,0.536588504334637,,1301.39620501998,30.0020091781478,207.304774464661,0.908443495999999,0,1.98750236961,0.753543360405368,0,-0.435574458671992,NaN,NaN,NaN,NaN,14.9536291028333,0.0508390590960534,1.07271313398457,NaN,7.47175053398249,3.59678362888098,NaN,,1299.60792787754,30,209.268165637751
5.08333333333333,0.185517525999999,5.00247100872921,0.825917333183399,0.456067945659917,1.40272514120576,0.0352559497574166,NaN,NaN,NaN,NaN,19,2.18167780459898,2.81656844690663,2.57746610910466,7.27139569476239,8.14505797553606,0.544212459440914,,1299.62172337814,30,207.315432731199,0.908443495999999,0,1.99271987820743,0.749843636542956,0,-0.432869808453027,NaN,NaN,NaN,NaN,14.6788014625395,0.050331753898664,1.0902659445635,NaN,7.47197252622554,3.62737276197317,NaN,,1299.21062257887,30.0002511307732,209.273386377112
5.16666666666667,0.185517525999999,5.00218724795666,0.837658438837587,0.422488308366434,1.45103144117083,-0.387243751591873,NaN,NaN,NaN,NaN,18.879946281,2.25773867915191,2.82407727362022,2.63004414264211,7.2712787948997,8.15825788766697,0.551701856210437,,1301.33715415697,30,207.326849442089,0.908443495999999,0,1.99913339465573,0.742833951622604,0,-0.433924063852983,NaN,NaN,NaN,NaN,17.2889944328248,0.0501612475593091,1.11183706030475,NaN,7.47209755053588,3.66496153356275,NaN,,1298.92221400184,30.0061728754306,209.279796508533
5.25,0.185517525999999,5.00297553907844,0.852180895909166,0.424905596899818,1.49696079948657,0.262458456786532,NaN,NaN,NaN,NaN,19,2.32956390556219,2.90476664016043,2.67804787188427,7.27176389111499,8.30012843309651,0.558965067801013,,1300.60984402757,30,207.341128102567,0.908443495999999,0,2.00452069932242,0.74376981137438,0,-0.438117826399205,NaN,NaN,NaN,NaN,14.1571501813165,0.0499199257889486,1.08611096420253,NaN,7.47192381351847,3.62013391450514,NaN,,1298.53818971475,30.0004006614769,209.285187316869
5.33333333333333,0.185517525999999,4.99990367934609,0.861785245820454,0.437535171573589,1.53785263980758,4.76216451896043,NaN,NaN,NaN,NaN,19,2.39369550935074,2.88523258944469,2.72070840439333,7.27226633428706,8.26577953730553,0.565233002187038,,1298.85273918634,30,207.3506172775,0.908443495999999,0,2.01057397453979,0.737949104704051,0,-0.435165867679694,NaN,NaN,NaN,NaN,14.7988550391525,0.0495438593769964,1.06050961607819,NaN,7.47195395623898,3.57551995133179,NaN,,1299.38887574226,30.0029557923721,209.291168251658
5.41666666666667,0.185517525999999,5.00208646244637,0.870611278051354,0.46200547447766,1.57010809170427,0.116411935474075,NaN,NaN,NaN,NaN,19,2.44343223528939,2.99961584340195,2.73760561916389,7.27168039084737,8.46698327792978,0.573532368490996,,1300.59711712952,30,207.35897504085,0.908443495999999,0,2.01676750845595,0.754996597276645,0,-0.434696202723759,NaN,NaN,NaN,NaN,14.8395382253333,0.0491603932758816,1.08559464620856,NaN,7.47223625870145,3.61923090985052,NaN,,1299.61476513033,30.0011790797347,209.297400519585
5.5,0.185517525999999,5.00208772524432,0.882228693844962,0.457836447241193,1.59671356525316,-0.38491329630156,NaN,NaN,NaN,NaN,19,2.48467997885271,3.04818994952633,2.74963048703446,7.27171664508705,8.55245304827065,0.5806980020129,,1297.81546393777,30,207.37044175529,0.908443495999999,0,2.02357731461179,0.753866863593682,0,-0.437471815856861,NaN,NaN,NaN,NaN,14.8013773215287,0.0488797687570723,1.11937424715859,NaN,7.47206975118449,3.67809422327775,NaN,,1298.5705262246,30.0099878884834,209.304242111486
5.58333333333333,0.185517525999999,5.00137017867289,0.893039122837668,0.435572235015238,1.62136356922768,-0.368951093034225,NaN,NaN,NaN,NaN,19,2.52299873276226,3.06134281412637,2.77158000342955,7.27145457927172,8.5756065332709,0.584993392501865,,1300.12897999596,30,207.381010234399,0.908443495999999,0,2.02636657858412,0.742729008044549,0,-0.43286183683265,NaN,NaN,NaN,NaN,15.322552792138,0.0483550002491818,1.14624271695708,NaN,7.47156637601084,3.72492742904651,NaN,,1302.33650067511,30.0035413977576,209.307033273715
5.66666666666667,0.185517525999999,5.00346162906988,0.905354524089086,0.43514103360369,1.64788633161665,-0.37575108001443,NaN,NaN,NaN,NaN,18.9198280548333,2.56457314270611,3.08103818923872,2.79380520873687,7.27158742138257,8.610273015482,0.589833001837083,,1299.44843761881,30,207.392950177542,0.908443495999999,0,2.03115521326103,0.738769669597417,0,-0.438747079034543,NaN,NaN,NaN,NaN,15.3982160713333,0.0480403211690715,1.12112171983977,NaN,7.47271550827757,3.68113916353229,NaN,,1300.3645053638,29.9995975741128,209.311920294549
5.75,0.185517525999999,5.01112073464922,0.917582170378172,0.431184070816825,1.67246478147389,-0.380053869155115,NaN,NaN,NaN,NaN,18.7737649345,2.60302483658523,3.15169221216929,2.81175267699484,7.27171870186454,8.73468159909162,0.594810542386623,,1298.90765055692,30,207.405026058752,0.908443495999999,0,2.03515429277068,0.732899609597341,0,-0.436706580168468,NaN,NaN,NaN,NaN,15.0359201631667,0.048036793181833,1.13756339584682,NaN,7.47232862631165,3.70979756144849,NaN,,1300.06135957371,30,209.315819688604
5.83333333333333,0.185517525999999,5.00416190879884,0.928636084118177,0.440371733464707,1.69359327418869,-0.319708892305538,NaN,NaN,NaN,NaN,18.5030400091667,2.63571146594386,3.19222066569766,2.82382200864674,7.27169708839819,8.80605975478911,0.599750873966291,,1301.69232228849,30.0016007448768,207.415809868392,0.908443495999999,0,2.0396953465516,0.723673413422112,0,-0.438383951358905,NaN,NaN,NaN,NaN,15.4382842686667,0.0474490325009599,1.16271683127129,NaN,7.4717205329016,3.75363903337299,NaN,,1299.21333652381,30,209.320363263636
5.91666666666667,0.185517525999999,5.00964082124818,0.939935138380963,0.429695343731421,1.71514828563405,-0.38472170679533,NaN,NaN,NaN,NaN,18.9186759626667,2.66778905898455,3.29765919559297,2.83350888920043,7.27176240036477,8.99186705793162,0.605307338635221,,1299.20177292403,30.0036113390522,207.426858240891,0.908443495999999,0,2.04530079766699,0.727015048672127,0,-0.434121795417438,NaN,NaN,NaN,NaN,15.7768324185,0.0470401999819786,1.14181403907803,NaN,7.47258227395538,3.71720468339039,NaN,,1300.39655131225,30.0004049902926,209.325964993128
6,0.185517525999999,5.00050145453661,0.950326796390624,0.404972528405636,1.73826951273067,-0.293319869095665,NaN,NaN,NaN,NaN,18.5583190495,2.70333103134332,3.30232777351409,2.8436680297203,7.27159204885332,9.00008481040217,0.611275526463995,,1298.08189073971,30,207.436924371526,0.908443495999999,0,2.04787744018775,0.727364984171495,0,-0.434939480418198,NaN,NaN,NaN,NaN,14,0.047040326662402,1.15343699474062,NaN,7.47186565716409,3.73746225220528,NaN,,1298.57179710163,29.9921189482362,209.328543845847
6.08333333333333,0.185517525999999,5.00154755497886,0.96116292814123,0.441130937696831,1.76066037314408,-0.385235678146049,NaN,NaN,NaN,NaN,18.7593986593333,2.73702815719172,3.32645232427689,2.85080985212019,7.27185359419777,9.04261298879359,0.617599666211231,,1299.55013638812,30,207.447637161948,0.908443495999999,0,2.05409191543892,0.736777146143592,0,-0.436443585326522,NaN,NaN,NaN,NaN,13.9198826168333,0.0469195115267338,1.14442340753122,NaN,7.47174462325841,3.721752343061,NaN,,1302.72772992034,29.9899997711182,209.334755349106
6.16666666666667,0.185517525999999,4.98928974802867,0.97047802328235,0.442930916069533,1.77932815211185,-0.308625255514068,NaN,NaN,NaN,NaN,18.9596107678333,2.76571586009652,3.45751754689891,2.85315730316688,7.27172512458951,9.27376455106968,0.623634905413974,,1301.35766524573,30,207.456624424739,0.908443495999999,0,2.05628561899099,0.743709208634793,0,-0.436065345043413,NaN,NaN,NaN,NaN,14.0403985183333,0.04658180371991,1.1871220582342,NaN,7.47143757425567,3.79618650519024,NaN,,1301.17008954625,29.9904014944578,209.336969983409
6.25,0.185517525999999,5.004754899427,0.980410697607216,0.438262159329928,1.79908986623128,-0.390551354756142,NaN,NaN,NaN,NaN,18.4014260754369,2.79627348602544,3.45305412447959,2.85407505760512,7.2717593403055,9.26589834740293,0.630358170028616,,1300.64376204385,30,207.466300819262,0.908443495999999,0,2.06122696032094,0.748166022381831,0,-0.431560608647085,NaN,NaN,NaN,NaN,14.4529082948333,0.0464425415261462,1.16131504862356,NaN,7.47170738368827,3.75119365904903,NaN,,1300.62416392253,29.9993561534637,209.34197206529
6.33333333333333,0.185517525999999,5.00527025258609,0.990648247229489,0.451393659830147,1.81799446596556,-0.380743934818641,NaN,NaN,NaN,NaN,18.7568284795631,2.82651164521125,3.4979456737291,2.85987009449069,7.27163867454081,9.34510486394766,0.635690007677438,,1299.36376071009,30,207.476180957141,0.908443495999999,0,2.06548533689127,0.765844493934444,0,-0.434137906497182,NaN,NaN,NaN,NaN,14.6711449823333,0.046080239017769,1.16378701466016,NaN,7.47141315376228,3.75550893739161,NaN,,1300.97186158053,30.0048946417835,209.346103491026
6.41666666666667,0.185517525999999,5.00294435955992,1.00187764104815,0.430908843016905,1.83751857222499,-0.382339262547159,NaN,NaN,NaN,NaN,18.7561402123333,2.85642211465602,3.52998001929098,2.8679351958333,7.2718739902878,9.40163214616235,0.640710358859625,,1299.00464647231,30,207.487254661254,0.908443495999999,0,2.07117280297905,0.760401132439485,0,-0.433097561232441,NaN,NaN,NaN,NaN,16.1413610437051,0.046000000089407,1.22333700098876,NaN,7.47203292618805,3.85932861728445,NaN,,1300.01216446509,30.0035302787498,209.351887848946
6.5,0.185517525999999,4.99822267449127,1.01186557872702,0.450764266819238,1.85755373034686,-0.38717622414713,NaN,NaN,NaN,NaN,19,2.88705570631859,3.54268555625908,2.87668305378847,7.27169750287879,9.42406732166183,0.645726405078678,,1300.21492794959,30,207.497075081466,0.908443495999999,0,2.07498910409313,0.763491493191834,0,-0.435434073472138,NaN,NaN,NaN,NaN,23.8314189422949,0.0459546702152466,1.18924763323594,NaN,7.47168220499926,3.79989265968026,NaN,,1300.53472796785,30,209.355654195092
6.58333333333333,0.185517525999999,5.00133868721696,1.01813101509848,0.500915348000576,1.8773183777899,-0.382509289084115,NaN,NaN,NaN,NaN,18.8798029161667,2.91461751394315,3.65208862962697,2.89022293905615,7.27313817559541,9.61725055025815,0.649959865585004,"Sample 1.50 mL to AMBR-96DWP-1/D3",1299.61629293992,29.9989275436073,207.310215838332,0.908443495999999,0,2.08034050165034,0.780783129941133,0,-0.434355525625074,NaN,NaN,NaN,NaN,19.52528411,0.0456863459095529,1.18834695169173,NaN,7.47223640043036,3.79832027671146,NaN,"Sample 1.50 mL to AMBR-96DWP-1/D4",1302.77799350452,30,209.216023998493
6.66666666666667,0.185517525999999,4.99252360110905,1.01870530553224,0.419416185280039,1.886759553099,-0.385609078744908,NaN,NaN,NaN,NaN,18.8395711945,2.85938184217532,3.65265972117824,2.892105494591,7.27130720950242,9.61825616535313,0.665026171206382,,1299.6463155404,29.9970573639433,205.709399975374,0.908443495999999,0,2.08604552856412,0.754886856412734,0,-0.433848426163561,NaN,NaN,NaN,NaN,15.6765036413333,0.0456365949592361,1.12370888910331,NaN,7.47183077587848,3.68564864446369,NaN,,1298.19384481512,30.0027435397265,207.572610773331
6.75,0.185517525999999,4.99961534975974,1.03100304149803,0.462400711084189,1.67290253362891,-0.380263097108881,NaN,NaN,NaN,NaN,19.0802930306667,2.56565148420644,3.73505990400433,2.3916553005325,7.27129971499027,9.76385122030964,0.699689316283153,,1299.60442841205,30.000185120014,205.72123407292,0.908443495999999,0,2.091147656,0.745386353160212,0,-0.436184631601799,NaN,NaN,NaN,NaN,16.1494177205,0.045879132107563,1.17337409237173,NaN,7.47197667740819,3.77221844417349,NaN,,1298.80786358663,30.0068939432962,207.577913515409
6.83333333333333,0.185517525999999,5.0087943385272,1.04000437975449,0.47291357322323,1.74084630185136,-0.385379231036823,NaN,NaN,NaN,NaN,19,2.66849538707275,3.7291827643467,2.40440378326988,7.27159863231498,9.75346264231192,0.723977129179639,,1299.9541059267,30.0018265808792,205.730176787937,0.908443495999999,0,2.09509267706646,0.748560859617241,0,-0.434299159494609,NaN,NaN,NaN,NaN,17.4269203938333,0.0457993918501873,1.21473048277745,NaN,7.4722307719467,3.84431466795507,NaN,,1298.48624096712,30,207.58175824141
6.91666666666667,0.185517525999999,4.99885801800721,1.04711555200754,0.45060242058902,1.83173374889329,-0.384679731733113,NaN,NaN,NaN,NaN,19,2.80785123547584,3.73756242266761,2.49538459891341,7.27114623757884,9.76828906603502,0.734033530648984,,1300.14668611423,30,205.73692797699,0.908443495999999,0,2.09888269003099,0.762429230699057,0,-0.432769093705615,NaN,NaN,NaN,NaN,19.8038889258333,0.04577798741931,1.18630370391056,NaN,7.472120295902,3.79475587154625,NaN,,1298.65837321486,30,207.58554742301
7,0.185517525999999,5.01151400411189,1.05923713689725,0.463289990665999,1.89598050596085,-0.38891514938244,NaN,NaN,NaN,NaN,18.9598647775,2.90667827872478,3.77525626560486,2.57728583853852,7.27152809706335,9.8348996235435,0.73564861249114,,1298.03938704476,30,205.748797518856,0.908443495999999,0,2.10452040373789,0.754252393905013,0,-0.434241676996754,NaN,NaN,NaN,NaN,14.9198819873333,0.0455792120592855,1.16351700669326,NaN,7.47216154793579,3.75503196009965,NaN,,1300.4262053632,29.9958080503044,207.591184403946
7.08333333333333,0.185517525999999,5.00063081035397,1.06695120385455,0.457499556093581,1.94617047328397,-0.386818002564537,NaN,NaN,NaN,NaN,18.9575429973333,2.98461733769593,3.81419866416261,2.6479374386794,7.27139792934109,9.90375097131227,0.734981552323603,,1300.30451864408,30,205.756243699607,0.908443495999999,0,2.10971166711873,0.761723394856359,0,-0.435199123977122,NaN,NaN,NaN,NaN,14.7365006998333,0.0452642495472523,1.15273209328809,NaN,7.47198602728069,3.73623301499196,NaN,,1299.97255609613,29.9953518893056,207.596378190519
7.16666666666667,0.185517525999999,4.99625129361408,1.07754064764064,0.43263846529141,1.98360541713833,-0.385173423432892,NaN,NaN,NaN,NaN,18.120430598,3.04231617436852,3.91131163251039,2.7058466148098,7.27147778097867,10.0755277258046,0.733082814390446,,1298.70844534717,30,205.766575311245,0.908443495999999,0,2.11509486986426,0.764247790462187,0,-0.4353335755379,NaN,NaN,NaN,NaN,18.6881042481667,0.0451202982541208,1.20674391218287,NaN,7.47220461710042,3.83039294532219,NaN,,1301.86353606064,30,207.601760486839
7.25,0.185517525999999,4.99929088833993,1.08792565742338,0.454571656263228,2.0165632012816,-0.384103576810706,NaN,NaN,NaN,NaN,18.0828677596441,3.09355375064651,3.92675480636414,2.75305347460874,7.27163966491519,10.1028452026334,0.732483480109211,,1299.09701411351,30,205.77669757357,0.908443495999999,0,2.12029886403528,0.747967819696984,0,-0.43372802208981,NaN,NaN,NaN,NaN,19.4944856983333,0.0449194957039894,1.23778671383668,NaN,7.4722527260156,3.88451780123274,NaN,,1297.56870004138,30,207.60696355446
7.33333333333333,0.185517525999999,5.00256390948946,1.09660843013707,0.456043910909746,2.04294465841574,-0.382918708229138,NaN,NaN,NaN,NaN,18.3063204161608,3.13578741784343,3.98903061323944,2.79304621444299,7.27158038314462,10.2130621574037,0.731440655525849,,1301.06671355371,30,205.785226841355,0.908443495999999,0,2.12467920622082,0.742708298987642,0,-0.432641320701588,NaN,NaN,NaN,NaN,15.4821961545,0.0448746671849141,1.24368561914616,NaN,7.47228133494838,3.89480282326447,NaN,,1302.32364224045,29.9992462259752,207.61134473823
7.41666666666667,0.185517525999999,4.9983022267655,1.10538482984241,0.442942281176754,2.06611750015022,-0.384101235525796,NaN,NaN,NaN,NaN,18.5201372896951,3.17260000955519,3.98085679376431,2.82646879978612,7.27213549782682,10.1985934087231,0.730989336790126,,1299.99743700048,30,205.793646365308,0.908443495999999,0,2.12809979856929,0.751793400054003,0,-0.433166203973648,NaN,NaN,NaN,NaN,15.2810917256667,0.0449257011926264,1.29196745706848,NaN,7.47211707009339,3.97901175487374,NaN,,1298.60530485021,29.999549827186,207.614760665805
7.5,0.185517525999999,5.00760732170199,1.11325419367003,0.429026664142471,2.0858242848041,-0.38347077697355,NaN,NaN,NaN,NaN,18.9599086461667,3.20230141684538,3.98549390355889,2.85076539191846,7.27155909846374,10.2068021317705,0.731670850426366,,1300.60655420459,30,205.801251114856,0.908443495999999,0,2.13276189031957,0.758229937558409,0,-0.434217179735308,NaN,NaN,NaN,NaN,15.2028193688357,0.0442851406021013,1.24389957665819,NaN,7.47219845331062,3.8951793639645,NaN,,1299.01014537773,30,207.619427599712
7.58333333333333,0.185517525999999,4.98834272588066,1.12154209513276,0.441421266367613,2.10239755108701,-0.383637133642053,NaN,NaN,NaN,NaN,19,3.22837411058658,4.0727691630344,2.86562640275647,7.27168007624091,10.3613483504773,0.733659899494124,,1300.34827153719,30,205.809374178377,0.908443495999999,0,2.13695386223946,0.766590935161529,0,-0.432274626253484,NaN,NaN,NaN,NaN,19.4792664916643,0.0442303550907422,1.24752845848231,NaN,7.47183343964501,3.90150758131738,NaN,,1300.68651997159,30,207.623616556967
7.66666666666667,0.185517525999999,5.00995077229823,1.1306771923668,0.444451693574079,2.11884599815179,-0.385871089878111,NaN,NaN,NaN,NaN,18.9198817161667,3.25284864606359,4.08578929958348,2.87577650467105,7.27190129446961,10.3844005909064,0.736790157576162,,1301.96557483143,30,205.818145719661,0.908443495999999,0,2.14221469943838,0.750088650803214,0,-0.431421542641807,NaN,NaN,NaN,NaN,15.6120974025,0.0440900682252767,1.23293432394639,NaN,7.47195807762568,3.87605596582183,NaN,,1299.432582344,30.0008041689072,207.628880094893
7.75,0.185517525999999,4.99920226074197,1.13876902817415,0.430929335054551,2.13258664004132,-0.385463027082848,NaN,NaN,NaN,NaN,19,3.27485282996923,4.12750826659418,2.88014538390225,7.27181423465148,10.4583090822152,0.74044429393366,,1301.22206868937,30,205.825980522596,0.908443495999999,0,2.14780459188572,0.738443956460268,0,-0.430821296531268,NaN,NaN,NaN,NaN,14.5982760243333,0.0439601236708203,1.22130886555024,NaN,7.47227605699774,3.85578946970156,NaN,,1299.75637553355,30.0034360779054,207.634469540907
7.83333333333333,0.185517525999999,5.00780971157419,1.14676344630115,0.47185385813203,2.1462872829156,-0.384139956430167,NaN,NaN,NaN,NaN,19,3.29500056147157,4.15046190237809,2.88336863967773,7.27183260732541,10.4989783166252,0.744367762036703,,1300.54548435279,30,205.833815717126,0.908443495999999,0,2.1520060048332,0.75528559941558,0,-0.43341884857328,NaN,NaN,NaN,NaN,15.018952168306,0.0438208555389273,1.25283020213178,NaN,7.47195676312178,3.91074904210902,NaN,,1300.05172064103,30.0045961019457,207.638670439459
7.91666666666667,0.185517525999999,5.00755052416047,1.15519809755308,0.441769764605076,2.1599299675539,-0.382618815156931,NaN,NaN,NaN,NaN,18.473722713,3.31546544508025,4.22246831750876,2.8871133916279,7.27183982889902,10.6266102136505,0.748127480267281,,1302.34093641223,30,205.841892440314,0.908443495999999,0,2.1578047377035,0.751524770361014,0,-0.427823443402611,NaN,NaN,NaN,NaN,15.2622574005273,0.0438824739285741,1.24368839740038,NaN,7.47219802780823,3.89481783460169,NaN,,1299.06582897612,30.0057681435543,207.644472354371
8,0.185517525999999,4.99996791427821,1.1629544734248,0.416989208156885,2.17275210832273,-0.380873689087716,NaN,NaN,NaN,NaN,18.9639111848333,3.33408660417718,4.16430341071536,2.8944618564942,7.27156749936434,10.5235242991776,0.75065787296754,,1300.75705878575,29.9995987894889,205.849388386121,0.908443495999999,0,2.1621621976521,0.751170304222173,0,-0.429039492436589,NaN,NaN,NaN,NaN,15.4020434836667,0.0433218481293734,1.27977599297462,NaN,7.47203736039957,3.95774157603189,NaN,,1298.91109047667,30.0091937756223,207.64882768189
8.08333333333333,0.185517525999999,5.01534843568649,1.1711652399288,0.448017373313342,2.18835640900794,-0.384424135426159,NaN,NaN,NaN,NaN,18.91973937,3.35464336524048,4.21975188111638,2.90207704464235,7.27208179322259,10.6218025864632,0.754307859893091,"Sample 1.50 mL to AMBR-96DWP-1/E11",1299.19465676232,29.9984139555375,205.710048620907,0.908443495999999,0,2.166508038,0.669151864369049,0,-0.429064472060637,NaN,NaN,NaN,NaN,16.32071161,0.0430800828429434,1.2634102627224,NaN,7.472889000926,3.92919999678686,NaN,"Sample 1.50 mL to AMBR-96DWP-1/E12",1300.52218882865,30.0026887015781,207.560487296489
8.16666666666667,0.185517525999999,5.00598216378815,1.17814716969464,0.452075671933724,2.19817862829909,-0.382434813854946,NaN,NaN,NaN,NaN,19,3.29278688771338,4.22674956347348,2.90370881498796,7.27184275980823,10.6341963362173,0.766258308814817,,1298.53553343975,29.9959647511893,204.070161651851,0.908443495999999,0,2.17137506736375,0.755862110858009,0,-0.432236211356816,NaN,NaN,NaN,NaN,17.4693884613333,0.0430801384400156,1.22132235231167,NaN,7.47306594196197,3.8558172813585,NaN,,1299.73875015466,29.9995975155281,205.864040077438
8.25,0.185517525999999,4.99492843423277,1.18456063149462,0.453771867144727,1.95422645050706,-0.380486725680239,NaN,NaN,NaN,NaN,18.9194645471667,2.96063940251952,4.29089322708909,2.44477675738851,7.27202402994654,10.7479533044827,0.799544469171738,,1300.69383144455,30.004722678556,204.076210263419,0.908443495999999,0,2.171533362,0.745532768898166,0,-0.432176335159448,NaN,NaN,NaN,NaN,15.2296728468333,0.0434022711932973,1.30192701473887,NaN,7.47187963418998,3.99637668344033,NaN,,1302.92655478162,29.9947791503453,205.864299221409
8.33333333333333,0.185517525999999,5.00268445449527,1.19119109470566,0.471993289046733,2.02025091878744,-0.385826188706134,NaN,NaN,NaN,NaN,18.9593334271667,3.05824217764413,4.39287901504274,2.46440642767588,7.271783919808,10.9289025007302,0.819742082454927,,1301.48515472441,30.0077317622303,204.08268282586,0.908443495999999,0,2.17293162166795,0.752514002074494,0,-0.433671310975803,NaN,NaN,NaN,NaN,15.0804567938333,0.0431623342097883,1.23640165062942,NaN,7.47176308527427,3.88210775341006,NaN,,1302.4589071606,30,205.865596543832
8.41666666666667,0.185517525999999,4.99619495168843,1.19934928040901,0.426733702704213,2.11370326707865,-0.38185787528455,NaN,NaN,NaN,NaN,19,3.20075058854473,4.37535268539785,2.55987313377503,7.27200810672977,10.897791736563,0.825698961635614,,1300.11439310366,30.0018344319736,204.090474152358,0.908443495999999,0,2.176558686,0.745793146215022,0,-0.428948890452241,NaN,NaN,NaN,NaN,15.193819421,0.0431567384353242,1.3264474227031,NaN,7.4717207884711,4.03915305440138,NaN,,1297.73887122967,30,205.869324545409
8.5,0.185517525999999,4.9975237850211,1.20697651533813,0.436770887400537,2.17963659938124,-0.383298937616078,NaN,NaN,NaN,NaN,18.9192268865,3.30207051315787,4.43093263067158,2.64527070434622,7.27202057447957,10.9964541994026,0.823987340106015,,1299.56007088035,30.0041878032513,204.097941065913,0.908443495999999,0,2.18072503119188,0.746583575148502,0,-0.428802026676698,NaN,NaN,NaN,NaN,15.5293849146667,0.0430400147905084,1.29036240370473,NaN,7.47310681974887,3.97621024289439,NaN,,1302.35303630187,30,205.873390512569
8.58333333333333,0.185517525999999,5.0001812776178,1.215065721792,0.438593692294109,2.22638795116186,-0.380567910537067,NaN,NaN,NaN,NaN,19,3.37509422465259,4.45889433763709,2.71279412849981,7.2718754810491,11.0461004574397,0.820706800465945,,1299.92811242728,30.0016032424395,204.105674276004,0.908443495999999,0,2.181564532,0.749044849650301,0,-0.429617336928791,NaN,NaN,NaN,NaN,14.9600753005,0.0430000014603138,1.35166256659118,NaN,7.47273265175226,4.08314043186571,NaN,,1301.03716723931,30,205.874330391409
8.66666666666667,0.185517525999999,5.00670167123357,1.22464438758565,0.447594366846054,2.26147769568777,-0.381002320143357,NaN,NaN,NaN,NaN,18.9197360481667,3.42989941605639,4.45073627403752,2.76890361816077,7.27196003235794,11.0316191657735,0.81675078489287,,1299.44820911322,30,204.114990002186,0.908443495999999,0,2.181564532,0.749549035917833,0,-0.430843111989238,NaN,NaN,NaN,NaN,16.0036698313256,0.0430000014603138,1.32458486699649,NaN,7.47203989697925,4.03590145788801,NaN,,1301.13086770564,30,205.874330391409
8.75,0.185517525999999,4.99133959798911,1.23259912741492,0.416474836158909,2.2885600637581,-0.383194278279225,NaN,NaN,NaN,NaN,18.8790247775,3.47247831268255,4.45547730817858,2.81896701416433,7.27171129229423,11.0400501526287,0.811848752728732,,1299.37355879068,30,204.122784113216,0.908443495999999,0,2.18541795592841,0.764754343143789,0,-0.428218392933524,NaN,NaN,NaN,NaN,15.9425312100077,0.0429598911558614,1.30951465704991,NaN,7.47286332840295,4.00961318628187,NaN,,1299.28495603062,29.9953890984356,205.878085275242
8.83333333333333,0.185517525999999,5.00201457474708,1.23999890530096,0.462443667725045,2.31327381831749,-0.381612480787166,NaN,NaN,NaN,NaN,18.5149194763333,3.51066839713797,4.48116325277858,2.85950007544728,7.27192669356362,11.0856603265856,0.808981646060889,,1298.92262830205,30,204.129824152723,0.908443495999999,0,2.186492466,0.756104593038366,0,-0.428036108167121,NaN,NaN,NaN,NaN,14.9680578050805,0.0428785767585734,1.35808154290709,NaN,7.47180776541736,4.09433900930103,NaN,,1300.37991229615,29.9905424555032,205.879258325409
8.91666666666667,0.185517525999999,5.00032649072736,1.24774789097357,0.435324057871133,2.33367101644139,-0.383019369493539,NaN,NaN,NaN,NaN,18.2387989253333,3.54330178386906,4.47153908548541,2.89345191932778,7.27187652973588,11.0685518607272,0.806537604107999,,1300.61908351527,30,204.13731205748,0.908443495999999,0,2.19041660897146,0.749118275940549,0,-0.421519164637859,NaN,NaN,NaN,NaN,14.7726474734195,0.0427100736815929,1.30910609160886,NaN,7.47250471419375,4.008906688875,NaN,,1299.15293090797,29.9983853346949,205.883079186464
9,0.185517525999999,5.00454495962193,1.2563533279531,0.443203794822484,2.35103330960184,-0.384128732765001,NaN,NaN,NaN,NaN,18.6073559404586,3.57066577611648,4.50188935249015,2.92063771620991,7.27236495565677,11.1224587428675,0.804973266670474,,1299.97044665889,30,204.145756453922,0.908443495999999,0,2.191576224,0.746659616738882,0,-0.428182899697099,NaN,NaN,NaN,NaN,15.7740790539208,0.0425989427034592,1.3489344551837,NaN,7.47239433886054,4.0783778176285,NaN,,1301.49470767228,29.9983940885145,205.884342083409
9.08333333333333,0.185517525999999,5.00269086024086,1.26337202822398,0.461222003264885,2.36753291416693,-0.382269639651014,NaN,NaN,NaN,NaN,18.9910327885414,3.59558244662771,4.61789100245957,2.94063030496065,7.27151979658994,11.3285988250496,0.805110062774067,,1300.8075550475,30,204.152410338112,0.908443495999999,0,2.19398754229437,0.739056221706528,0,-0.431027884418703,NaN,NaN,NaN,NaN,14.8369523465792,0.0424399930708265,1.34264793925634,NaN,7.47244239816512,4.06741048941012,NaN,,1301.95720423941,30.0012066570542,205.886653201525
9.16666666666667,0.185517525999999,5.01214416511728,1.27247258527111,0.438495199834972,2.38320290032084,-0.3837220438089,NaN,NaN,NaN,NaN,19,3.61909266503079,4.62866913760028,2.95847429834027,7.27229627267949,11.3477446170298,0.805550926664639,,1297.87071964465,30,204.161354442991,0.908443495999999,0,2.19659797206987,0.735195086398059,0,-0.429511923540646,NaN,NaN,NaN,NaN,15.4775516235,0.0420850348846058,1.32467452488839,NaN,7.47217623075584,4.03605575793713,NaN,,1299.75452263182,30.0100002288818,205.889347929409
9.25,0.185517525999999,4.99695615538635,1.27956004453691,0.46101344332297,2.39944341806482,-0.37953190544956,NaN,NaN,NaN,NaN,19,3.6438503699082,4.58682890608279,2.97440062176861,7.27200630425441,11.2733783381967,0.806697926427091,,1300.03327433222,30,204.168081602148,0.908443495999999,0,2.20151219405072,0.7385052257001,0,-0.429873870476951,NaN,NaN,NaN,NaN,16.2410891613333,0.0420018237293413,1.31177393645448,NaN,7.47266883824311,4.01355395339129,NaN,,1299.41075886094,30.0100002288818,205.894194995447
9.33333333333333,0.185517525999999,5.00026112154465,1.2880817891421,0.447593468974014,2.41539089026203,-0.38173112051305,NaN,NaN,NaN,NaN,18.9196432956667,3.66664176653823,4.69669631605095,2.98737953136953,7.27220327680163,11.4687305695978,0.808531292996588,,1299.56098657568,30,204.176441111627,0.908443495999999,0,2.20406938632626,0.727307469116407,0,-0.429635603974479,NaN,NaN,NaN,NaN,15.959127497069,0.0420784097162702,1.32059084172435,NaN,7.47208005176109,4.02893357368418,NaN,,1299.86460320857,30.0012841991106,205.89673744614
9.41666666666667,0.185517525999999,4.99265946191199,1.29285986833,0.416953940585525,2.42710387561328,-0.385985316404041,NaN,NaN,NaN,NaN,18.9203978295293,3.68500181994529,4.6803558446717,2.9934595985738,7.27164199772829,11.4396727199915,0.810802227792025,,1299.70228643282,30,204.180960967339,0.908443495999999,0,2.206496372,0.729704577403423,0,-0.42461628139325,NaN,NaN,NaN,NaN,19.5229784844635,0.0419201118279638,1.40660034590111,NaN,7.47169445723944,4.17900020636353,NaN,,1300.14928021395,30,205.899262231409
9.5,0.185517525999999,5.01538011964526,1.2998049748472,0.427018782830351,2.44273483461757,-0.380399004297551,NaN,NaN,NaN,NaN,18.4670168783134,3.70883763969316,4.75232248220849,3.00174935983717,7.2718611285928,11.5676758728911,0.813769919696518,,1300.41944821497,30,204.1875385836,0.908443495999999,0,2.21038342380173,0.730910488370511,0,-0.426484897433302,NaN,NaN,NaN,NaN,15.0640175823008,0.0419998128922495,1.36855604352311,NaN,7.47222524822811,4.11261425566775,NaN,,1298.78283372095,30,205.903050887503
9.58333333333333,0.185517525999999,4.99043677209257,1.30717846306421,0.437606084749757,2.46045548747543,-0.381628462780432,NaN,NaN,NaN,NaN,18.6917471685467,3.73199248055258,4.78461698858267,3.00699989053477,7.2719630318224,11.625152595771,0.81859559750835,"Sample 1.50 mL to AMBR-96DWP-1/G7",1300.68627044598,29.9995445387122,204.033026300946,0.908443495999999,0,2.21154810740007,0.739279871280457,0,-0.427008612431688,NaN,NaN,NaN,NaN,14.9026159600057,0.0419196615947286,1.36916597859678,NaN,7.47179458988411,4.11367835670458,NaN,"Sample 1.50 mL to AMBR-96DWP-1/G8",1300.74669461795,29.999434426252,205.795757738753
9.66666666666667,0.185517525999999,5.0096594787807,1.31450120633166,0.440183213496072,2.46731652616483,-0.380811572813583,NaN,NaN,NaN,NaN,18.9173791712773,3.64981129267165,4.78505141675578,3.00191481591893,7.27348118412734,11.625917081993,0.834227894431306,,1300.18002816945,29.9972416018934,202.407918518192,0.908443495999999,0,2.21666157692945,0.73523255978142,0,-0.42791365743751,NaN,NaN,NaN,NaN,14.9358857838276,0.0417992612334236,1.3182379214099,NaN,7.4739186264265,4.02483149785072,NaN,,1299.48176786261,29.9981503767828,204.115407708958
9.75,0.185517525999999,4.99681083778354,1.31588138933316,0.456755348225789,2.18048781087549,-0.382339609182544,NaN,NaN,NaN,NaN,19,3.27007408603895,4.85926369408846,2.49973074042376,7.27174964664855,11.7580223727361,0.872532308682011,,1301.35321379628,30,202.40893907888,0.908443495999999,0,2.216663888,0.744144602990744,0,-0.36636546518171,NaN,NaN,NaN,NaN,14.9605698285,0.0419599237998338,1.37558301787707,NaN,7.4734191762813,4.12487242880889,NaN,,1298.04725686214,30.0049140498481,204.115429747409
9.83333333333333,0.185517525999999,4.99881454710395,1.32423759659753,0.434493602253582,2.24832521580377,-0.381599501058102,NaN,NaN,NaN,NaN,18.9253729588333,3.36802131571522,4.82649340006923,2.50507536657603,7.27191475471242,11.6996783225418,0.897467009500476,,1298.88537115057,30,202.416933205527,0.908443495999999,0,2.216663888,0.738712028549181,0,-0.426362607432099,NaN,NaN,NaN,NaN,14.9147956321667,0.0419999994337559,1.35647122760886,NaN,7.47179552584194,4.09152810199707,NaN,,1299.63411340982,30.0067897959975,204.115429747409
9.91666666666667,0.185517525999999,5.0015867381901,1.33138919153842,0.428451307390851,2.34627289383111,-0.382473807655728,NaN,NaN,NaN,NaN,18.2702281218861,3.51437844005171,4.86887263719794,2.58735381830408,7.27220925527787,11.7751418738946,0.906813546955852,,1299.01163011811,30,202.423923245936,0.908443495999999,0,2.22028511430635,0.751112282740927,0,-0.424702755619817,NaN,NaN,NaN,NaN,14.6493615019521,0.041844000843375,1.44052144981063,NaN,7.47232624479375,4.23820071304855,NaN,,1298.97569262595,30.0003488144702,204.118950744115
10,0.185517525999999,5.00136227821609,1.33714385334511,0.426517679708257,2.4104024273155,-0.381155716133211,NaN,NaN,NaN,NaN,18.9611833732805,3.61157035593065,4.86289999029347,2.65757783704244,7.27165191081714,11.7645008704684,0.906995797707013,,1300.4895836246,30,202.429413563226,0.908443495999999,0,2.221669734,0.737532653975397,0,-0.427139654165121,NaN,NaN,NaN,NaN,14.5988644540873,0.0417143548350384,1.4529721920593,NaN,7.47155685548126,4.25992849220842,NaN,,1299.96282386677,30,204.120435593409
10.0833333333333,0.185517525999999,5.00177371444923,1.34443292406075,0.44332020717064,2.45677718880017,-0.37880281140963,NaN,NaN,NaN,NaN,19,3.68159251458965,4.94939339183606,2.71868293447732,7.27176889498849,11.9185882535022,0.903671128347153,,1300.46507873513,30,202.436341980085,0.908443495999999,0,2.22646085997726,0.749046538005363,0,-0.258054016220083,NaN,NaN,NaN,NaN,14.7928733541273,0.0415959165518213,1.45857353537425,NaN,7.47245184424857,4.26970468977163,NaN,,1299.77655492876,30,204.125126367154
10.1666666666667,0.185517525999999,5.00237855527775,1.349405938,0.450808681128282,2.49020342663854,-0.383130362562513,NaN,NaN,NaN,NaN,18.8387514378333,3.73293239120347,4.94133086328036,2.76968357231819,7.27167634468475,11.9042146139364,0.899102063477195,,1300.95589853537,29.9995968039334,202.441252768017,0.908443495999999,0,2.23068951403977,0.746751837305423,0,-0.425113002741558,NaN,NaN,NaN,NaN,15.0519132541802,0.0415707112637007,1.42855303101389,NaN,7.47248364379738,4.21731544177959,NaN,,1299.41969605161,29.9989015103081,204.129352748352
10.25,0.185517525999999,5.00577076972012,1.35397026081056,0.441320071461783,2.5148157543696,-0.378148621740499,NaN,NaN,NaN,NaN,18.4776401104052,3.77060909735564,4.87993984004441,2.8129948635864,7.27200668234088,11.7948429029092,0.894003349840695,,1301.29088385439,30.0004045066415,202.445451959994,0.908443495999999,0,2.23824264326402,0.734835384702672,0,-0.427338230919953,NaN,NaN,NaN,NaN,14.9092078836532,0.0410804743911189,1.45575835804156,NaN,7.47164409478078,4.26479059514472,NaN,,1300.55331784048,30.0033551055255,204.136805486703
10.3333333333333,0.185517525999999,5.00196817107152,1.35917871382452,0.420272084368318,2.53879271799361,-0.379552248921727,NaN,NaN,NaN,NaN,18.2781900678289,3.80709581561558,5.00769934315865,2.8477523573253,7.27188400461052,12.0225142219514,0.89151050294874,,1299.55027699711,30,202.450400810549,0.908443495999999,0,2.24534019279071,0.743740431099606,0,-0.427052606340591,NaN,NaN,NaN,NaN,14.9194940443333,0.0411597057250258,1.46246519273925,NaN,7.47214494320676,4.27649814896676,NaN,,1301.34038305484,30.0100002288818,204.144005424945
10.4166666666667,0.185517525999999,4.99659841842127,1.36374653654904,0.439096908420053,2.5587715806993,-0.377699748935465,NaN,NaN,NaN,NaN,18.8373191484325,3.83755150917944,5.02473861281049,2.87763554713743,7.27200255307126,12.0528534403569,0.889194296079356,,1298.5054177956,30,202.454708694585,0.908443495999999,0,2.24935649341383,0.753520407783215,0,-0.38702764694407,NaN,NaN,NaN,NaN,14.9599312486639,0.04104086584057,1.43716787323241,NaN,7.47213776753987,4.23234475248811,NaN,,1302.4849688527,30.006226167149,204.148019759111
10.5,0.185517525999999,5.00686310216737,1.36873107004755,0.443045465375878,2.57680420363899,-0.379916327636497,NaN,NaN,NaN,NaN,19,3.86489767523844,4.9696578343254,2.90222433182118,7.27168821140388,11.9546813319594,0.887873062990936,,1298.45043283543,30,202.459331256535,0.908443495999999,0,2.25196374765753,0.756121316979468,0,-0.424832002748954,NaN,NaN,NaN,NaN,15.5728395160711,0.0410000011324883,1.44032080145712,NaN,7.47175753106898,4.23785197409596,NaN,,1300.36565506316,30,204.150665449409
10.5833333333333,0.185517525999999,4.99376589106638,1.37528015107101,0.438227315650319,2.59085293988464,-0.38040686936229,NaN,NaN,NaN,NaN,18.919250819,3.88709174396484,5.03396226226773,2.92098153970532,7.27191529760866,12.0693059829278,0.886980450343866,,1301.26185323796,30,202.465717184593,0.908443495999999,0,2.25688113370846,0.749006283055658,0,-0.427658322041521,NaN,NaN,NaN,NaN,16.2099274279316,0.0409194796283071,1.4798612719492,NaN,7.47238786281437,4.30687392255401,NaN,,1300.69118736456,29.9951058884469,204.155611513943
10.6666666666667,0.185517525999999,4.99553985114895,1.38167342121916,0.454971765869418,2.6078285648948,-0.380122201666267,NaN,NaN,NaN,NaN,18.357851042,3.91219656291698,5.07670699778801,2.94268584317566,7.27192291788925,12.1455207440383,0.886206699553778,,1298.89517882842,30,202.471850917166,0.908443495999999,0,2.25730145904433,0.758845797688338,0,-0.423921967302335,NaN,NaN,NaN,NaN,17.163744029,0.0409599307016167,1.48754676850275,NaN,7.47128103344522,4.32028718591531,NaN,,1298.10565699341,29.9899997711182,204.155968450089
10.75,0.185517525999999,4.99984901676849,1.38810137728525,0.460888397100886,2.62180191768962,-0.382472562192815,NaN,NaN,NaN,NaN,19,3.9343543350065,5.06211082849077,2.95941711933203,7.27181119244495,12.1194895587502,0.885919094689519,,1299.91189929773,30,202.478012906379,0.908443495999999,0,2.261852848,0.764571918332921,0,-0.425533713245243,NaN,NaN,NaN,NaN,17.9196855828333,0.0409195831918503,1.47843901850197,NaN,7.47203875853427,4.30438534990132,NaN,,1300.68898952458,29.9980240669055,204.160618707409
10.8333333333333,0.185517525999999,5.00526882684552,1.39501235200731,0.450733784196103,2.6331311850425,-0.379119889159414,NaN,NaN,NaN,NaN,18.9597396063333,3.95236254689306,5.14130403152583,2.9712844233324,7.27186700740913,12.2607610033637,0.886192807820118,,1299.57977379098,30,202.484564799371,0.908443495999999,0,2.26646799846451,0.760050727723008,0,-0.425724348255793,NaN,NaN,NaN,NaN,18.5541522442485,0.0409598297307455,1.53478881120883,NaN,7.47264168087035,4.40276384357616,NaN,,1298.41468668288,30,204.165133067927
10.9166666666667,0.185517525999999,5.02045611989364,1.40251988069071,0.486310913726072,2.64259619408634,-0.378234966804582,NaN,NaN,NaN,NaN,19,3.96698339264546,5.12373799842204,2.98154447418579,7.27238013127424,12.2294181937256,0.886318041591053,,1300.1909451151,30,202.491909688073,0.908443495999999,0,2.26843710135017,0.761233750200465,0,-0.42703310796765,NaN,NaN,NaN,NaN,18.6511718319226,0.0407690367524309,1.54109191347026,NaN,7.4721452338452,4.41377088280222,NaN,,1299.77128098216,30,204.167103661443
11,0.185517525999999,5.00219763317515,1.40768755047398,0.470785834243359,2.64996774088478,-0.380690605540104,NaN,NaN,NaN,NaN,18.260346468,3.97700678050791,5.12897170035007,2.98857041718473,7.2717637340668,12.2387504966686,0.886700882328643,,1300.8160197989,29.9998296160491,202.496819358656,0.908443495999999,0,2.27186454,0.768001134375854,0,-0.42770508094458,NaN,NaN,NaN,NaN,19.1864658658431,0.0406405212029785,1.54625696470823,NaN,7.47271178571424,4.42279299926093,NaN,,1298.94908535999,30,204.170630399409
11.0833333333333,0.185517525999999,4.99303303078828,1.41325776364082,0.412871438619313,2.6596872198211,-0.380985527591296,NaN,NaN,NaN,NaN,18.4958755629701,3.98548838057477,5.115895512984,2.99723476379971,7.27192269585647,12.215431200343,0.887748477021617,"Sample 1.50 mL to AMBR-96DWP-2/A3",1300.34404352343,29.9992316514471,202.329077175936,0.908443495999999,0,2.27478211035834,0.762424760900465,0,-0.425469429574325,NaN,NaN,NaN,NaN,17.3742453305409,0.0406428917581753,1.49909911689878,NaN,7.47220597226217,4.340451398463,NaN,"Sample 1.50 mL to AMBR-96DWP-2/A4",1300.37095611684,30,204.063946198965
11.1666666666667,0.185517525999999,5.01024427697607,1.41886244411561,0.466630132656068,2.66085424345759,-0.375856503320437,NaN,NaN,NaN,NaN,18.8789820901966,3.89007466387782,5.14621136817558,2.99508288492087,7.27287538431482,12.2695086170713,0.900199432159893,,1299.66984384934,29.9985292551414,200.713467588657,0.908443495999999,0,2.28218788,0.765214530309627,0,-0.423547803213226,NaN,NaN,NaN,NaN,17.9201103251116,0.0407232615238862,1.48165656376486,NaN,7.4751162780578,4.31000853904864,NaN,,1302.51776245733,30.0038149496919,202.386953739409
11.25,0.185517525999999,4.99817639721416,1.41960465,0.473929234963113,2.36261912085421,-0.377343204574794,NaN,NaN,NaN,NaN,18.9198873663333,3.50398346523803,5.18695869090944,2.516653790664,7.27339267653463,12.3422278876577,0.938989322513567,,1297.85830958541,30,200.714048722995,0.908443495999999,0,2.28218788,0.777935176417783,0,-0.419899989870725,NaN,NaN,NaN,NaN,18.9959537138873,0.0407797719829014,1.54567299165005,NaN,7.472947366451,4.42176880873846,NaN,,1301.97240749401,30.0100002288818,202.386953739409
11.3333333333333,0.185517525999999,4.99285529216383,1.42059656797469,0.492795954761783,2.43008519413396,-0.379119725023177,NaN,NaN,NaN,NaN,18.9951757274372,3.60042875955825,5.19590347643422,2.52937358348964,7.27155057725131,12.3582030850253,0.960710598229652,,1299.88627595396,30,200.714679392958,0.908443495999999,0,2.28345116916804,0.771679468472402,0,-0.4220824271402,NaN,NaN,NaN,NaN,16.729377550446,0.0407993932164455,1.61120129500091,NaN,7.47207681486073,4.53621395734869,NaN,,1298.13772933089,30.0046737610198,202.388116136121
11.4166666666667,0.185517525999999,5.00555500362473,1.42678885502036,0.448320635705972,2.53066715346138,-0.380160990147169,NaN,NaN,NaN,NaN,18.0051778338961,3.74860308196648,5.26575792654074,2.6117223925969,7.27200803959686,12.4829232016694,0.968952458974384,,1301.17490921108,30.0004038829673,200.72060456106,0.908443495999999,0,2.28744546701577,0.769302378574841,0,-0.424876671690281,NaN,NaN,NaN,NaN,15.2067575876667,0.0407505586167184,1.57662159216629,NaN,7.4723586437341,4.47581630087385,NaN,,1296.96109141281,30,202.392108656436
11.5,0.185517525999999,4.99269485115264,1.43204895681018,0.484263366446695,2.60170607248758,-0.374915641876835,NaN,NaN,NaN,NaN,18.0407601558595,3.85553060997704,5.23587694946196,2.68726971643633,7.27187065466028,12.4295639420856,0.96816825885842,,1300.48270150757,30,200.725601686431,0.908443495999999,0,2.292374874,0.7768119336067,0,-0.424526024583062,NaN,NaN,NaN,NaN,16.1200791031667,0.0405299638301516,1.62220690414703,NaN,7.47279664157382,4.55543875516621,NaN,,1303.28579923787,29.9995988209663,202.397140733409
11.5833333333333,0.185517525999999,5.0097094039899,1.43754931693473,0.494901766766224,2.65055034516174,-0.379770055396941,NaN,NaN,NaN,NaN,18.5054298723072,3.92856417114862,5.22464210251386,2.7522473782834,7.2716939514545,12.4094975734669,0.96305884275603,,1300.06843232232,30,200.730846612188,0.908443495999999,0,2.292374874,0.769339219226301,0,-0.422796755404294,NaN,NaN,NaN,NaN,17.160351018,0.0405070828567667,1.56955032505469,NaN,7.47239185622624,4.4634704909432,NaN,,1302.42745461523,29.994424707648,202.397140733409
11.6666666666667,0.185517525999999,5.00508570610614,1.44575038391125,0.476892268083494,2.68444256859293,-0.379188041466453,NaN,NaN,NaN,NaN,18.808935882,3.9808922414399,5.28825338038994,2.80672346280597,7.27259826341353,12.5231021710828,0.956447660292257,,1300.07261566553,30,200.738669588088,0.908443495999999,0,2.292374874,0.772266707346959,0,-0.424234421058112,NaN,NaN,NaN,NaN,17.5774979825,0.0406091752692968,1.56433396397615,NaN,7.47242254592879,4.45435882252255,NaN,,1301.61287236402,29.9904022085041,202.397140733409
11.75,0.185517525999999,4.99898058968764,1.45171204385861,0.468229577766033,2.70762478663704,-0.378491299630439,NaN,NaN,NaN,NaN,18.8189403888333,4.01638331100492,5.36494525533192,2.85493770876179,7.27248642126038,12.6601312258759,0.948408115744979,,1300.49649860493,30,200.744477295027,0.908443495999999,0,2.293378583147,0.770304095698534,0,-0.42591403502346,NaN,NaN,NaN,NaN,17.5420180448333,0.0404579867032905,1.60429852511428,NaN,7.47192703854217,4.52415560706931,NaN,,1297.6269400019,29.9976779921663,202.398034684055
11.8333333333333,0.185517525999999,5.00551115452118,1.45693729547247,0.461568773208168,2.72489000656249,-0.378752663077495,NaN,NaN,NaN,NaN,18.7087357259759,4.04252801784764,5.34142203598588,2.89326959939295,7.27194987657596,12.6180855595307,0.94181037847107,,1299.95302319722,30,200.749443778734,0.908443495999999,0,2.297809236,0.77902403367266,0,-0.426632783250413,NaN,NaN,NaN,NaN,15.4893560621667,0.0402169218563123,1.61021731063782,NaN,7.47249653607649,4.53450336575384,NaN,,1300.52728704029,29.9995962936784,202.402575095409
11.9166666666667,0.185517525999999,5.00464236006674,1.46312413919768,0.466966706684701,2.73899340690608,-0.376896726381687,NaN,NaN,NaN,NaN,18.4401086854712,4.06490757991108,5.38997295075318,2.92622422216624,7.27192920494734,12.704887410866,0.936020586560734,,1299.62783692128,29.9983613134943,200.755366987596,0.908443495999999,0,2.30162883714025,0.775708102200362,0,-0.423446282493175,NaN,NaN,NaN,NaN,15.1200314012305,0.0403211787537153,1.5924008430155,NaN,7.47188424482396,4.50339118628257,NaN,,1298.36096192115,30,202.406290981682
12,0.185517525999999,5.00529201957512,1.46877696811204,0.480863349321827,2.75494047830921,-0.382169290808491,NaN,NaN,NaN,NaN,18.4901631422633,4.08935251349663,5.32319256499764,2.95397410684172,7.27185652975584,12.5855244137922,0.932623770689745,,1298.48350543099,29.9972156516045,200.760736820104,0.908443495999999,0,2.30546178008189,0.779373413036717,0,-0.425502777420437,NaN,NaN,NaN,NaN,14.6287009675259,0.0402014886138625,1.61873680509468,NaN,7.47202168373466,4.5493789025042,NaN,,1301.01907803593,30,202.410125888456
12.0833333333333,0.185517525999999,4.99833234029905,1.47599962790579,0.490951956113227,2.76695502765401,-0.377676843908619,NaN,NaN,NaN,NaN,18.6714581449563,4.10756989343056,5.32284899950432,2.97756350633954,7.27198288968986,12.5849212296199,0.929270465235427,,1300.58969361559,30,200.767633680325,0.908443495999999,0,2.308035186,0.791166260164946,0,-0.421293323595905,NaN,NaN,NaN,NaN,14.6879763412436,0.0400802681549332,1.62398833433728,NaN,7.47194933643332,4.55855786925603,NaN,,1304.29283918178,30,202.412801045409
12.1666666666667,0.185517525999999,4.99503621134729,1.48302116458955,0.457519738947445,2.81964957985727,-0.373884854379191,NaN,NaN,NaN,NaN,18.7990168101667,4.11838924079797,5.39859647049638,3.04067248534415,7.2721598627375,12.7202789621018,0.930053918707472,"Sample 7.00 mL to CDW Samples 1/D1",1299.81960432781,29.9994812572222,197.644538277124,0.908443495999999,0,2.31123465926508,0.809830173912592,0,-0.421312710060797,NaN,NaN,NaN,NaN,15.4058340907031,0.0402009558418466,1.64896063420913,NaN,7.47328486278541,4.60217612270645,NaN,"Sample 7.00 mL to CDW Samples 1/D2",1299.79481410034,30.0011961326767,199.181960603429
12.25,0.185517525999999,5.00463874488961,1.485264988,0.506829131451782,2.74250284891651,-0.377681775048335,NaN,NaN,NaN,NaN,18.775051952,3.8283028148837,5.41890084086861,2.9206245512402,7.27224118012482,12.7565802668919,0.949496301388754,,1300.43069250743,30.0158622556049,193.48255966553,0.908443495999999,0,2.3140030669356,0.794396791843096,0,-0.400290200897431,NaN,NaN,NaN,NaN,14.9614353099635,0.0403212954022212,1.692399262228,NaN,7.47216378575746,4.67807404542301,NaN,,1299.56882829678,30.0100002288818,195.124668040231
12.3333333333333,0.185517525999999,5.01277113197476,1.48678119170117,0.491290076091122,2.48891775262894,-0.380573315537948,NaN,NaN,NaN,NaN,18.462417930553,3.55246298230784,5.43245021070952,2.52231374692562,7.27170082208841,12.7808060325862,0.986746614105257,,1300.81964357903,30.0153755502554,193.483712049229,0.908443495999999,0,2.318046878,0.802789314163563,0,-0.420951873871519,NaN,NaN,NaN,NaN,14.4716696285895,0.0407119578418426,1.67371748691701,NaN,7.47256453394979,4.645432879739,NaN,,1301.52408713154,30.0104007728076,195.128812737409
12.4166666666667,0.185517525999999,5.00454214405399,1.490290312,0.503705225501896,2.60839211029556,-0.377008838946009,NaN,NaN,NaN,NaN,18.759065039947,3.72134325805486,5.44104052358973,2.61190901332727,7.27274200373779,12.7961704266589,0.998634471899668,,1298.79348308751,30.0100002288818,193.487059354626,0.908443495999999,0,2.3221909891284,0.807067171526662,0,-0.427661871863298,NaN,NaN,NaN,NaN,14.4394684502438,0.0405596515992872,1.75354562294924,NaN,7.47319467529742,4.78494176770943,NaN,,1301.20599274293,30.0100002288818,195.132857363084
12.5,0.185517525999999,5.00430408182962,1.49321225238147,0.506683606631114,2.7151213055177,-0.379557189461175,NaN,NaN,NaN,NaN,18.7187245981667,3.87217384270764,5.51668449751903,2.7193635758744,7.27203991422387,12.9314769717276,0.998450365300845,,1299.20180529643,30.0100002288818,193.489615325804,0.908443495999999,0,2.32375680958096,0.786636095171231,0,-0.421860971842834,NaN,NaN,NaN,NaN,14.9835629997913,0.0406795823213198,1.70095194580408,NaN,7.47195666955709,4.69301980717193,NaN,,1301.13627042793,30.0033350601584,195.134421617108
12.5833333333333,0.185517525999999,4.99710546079598,1.49845500007175,0.485539449627048,2.7910127989918,-0.376519776848237,NaN,NaN,NaN,NaN,18.7988045121667,3.9807051388366,5.49401963286344,2.80862770698899,7.27177960156177,12.8909349010363,0.993745789100432,,1298.71264134168,30.005898491706,193.494596009583,0.908443495999999,0,2.32805857,0.790525689884885,0,-0.425510666745784,NaN,NaN,NaN,NaN,14.5540207927087,0.0406191652208409,1.7218127321912,NaN,7.47231803526699,4.7294781892732,NaN,,1299.59709807219,30.00240867899,195.138824429409
12.6666666666667,0.185517525999999,4.99915830265277,1.50532067579209,0.490868476589224,2.84753608034616,-0.376436386136982,NaN,NaN,NaN,NaN,18.6787444911667,4.05147946695571,5.52767203294855,2.88432371752729,7.27242007330987,12.9511417754097,0.989059206952201,"Sample 1.50 mL to AMBR-96DWP-2/B11",1300.0908389282,30,192.644997696065,0.908443495999999,0,2.33173723330654,0.789782131677714,0,-0.424361938077576,NaN,NaN,NaN,NaN,14.8187326128333,0.0404179511249242,1.75800586163915,NaN,7.47288014954183,4.79273792886475,NaN,"Sample 1.50 mL to AMBR-96DWP-2/B12",1300.16765834327,30.0016102755545,194.30901800227
12.75,0.185517525999999,5.003183692121,1.50732413992907,0.503517937326822,2.74025651612058,-0.378659593700767,NaN,NaN,NaN,NaN,18.6431288010765,3.81527428387091,5.44829580194247,2.75235390805671,7.27240684688131,12.8091459020357,1.00139057223811,,1301.45656943265,30.0004154763343,191.708937677433,0.908443495999999,0,2.33310920374174,0.786838193756164,0,-0.417721260314947,NaN,NaN,NaN,NaN,16.646559406,0.0407587571576744,1.73403087332286,NaN,7.47181038501131,4.7508303411358,NaN,,1300.50688012632,30,193.349810797409
12.8333333333333,0.185517525999999,4.99966181455078,1.51056691,0.491759614921383,2.57261582548276,-0.380993876215933,NaN,NaN,NaN,NaN,18.8748315522568,3.63251409258311,5.56352414743874,2.51141532662418,7.27612786391235,13.01530662548,1.02435565974417,,1300.53708058918,30.0056157276325,191.712020673182,0.908443495999999,0,2.33802652539219,0.799171571951684,0,-0.419648479683276,NaN,NaN,NaN,NaN,14.6383660103333,0.040881583849563,1.75240717483387,NaN,7.47289728080654,4.78295216776485,NaN,,1302.32688049509,30,193.354757085969
12.9166666666667,0.185517525999999,4.99929337311632,1.51056691,0.520958299254514,2.68588551618089,-0.379134742139397,NaN,NaN,NaN,NaN,19,3.79246394817524,5.58247974085162,2.62271704862313,7.27481292993641,13.049240809833,1.02410723646268,,1298.37495866329,30,191.71175739633,0.908443495999999,0,2.33845147025823,0.793446722482505,0,-0.422903520724354,NaN,NaN,NaN,NaN,15.0404117686667,0.0409176636325733,1.75716374619203,NaN,7.47144768535109,4.79126462190229,NaN,,1299.0134121344,30,193.355115046825
13,0.185517525999999,5.01058532401514,1.51056691,0.522608488040861,2.77562568571294,-0.377717586196855,NaN,NaN,NaN,NaN,18.9322700694396,3.9202978639652,5.6087784560415,2.73318399626209,7.27274137919026,13.0963240453544,1.01556195766792,,1301.57454176496,30,191.71149416294,0.908443495999999,0,2.343095586,0.789250701346082,0,-0.421632535786017,NaN,NaN,NaN,NaN,15.0007719853333,0.0409596631642412,1.75956118878057,NaN,7.47267273487263,4.79545943999068,NaN,,1299.76896948139,30,193.359861445409
13.0833333333333,0.185517525999999,4.99920281530551,1.51634701991788,0.50553940072246,2.84395721481084,-0.378251812946775,NaN,NaN,NaN,NaN,18.9469373125604,4.01889559712659,5.58123529132585,2.83046472225071,7.27114549108436,13.0470052396877,1.00479732095564,,1299.97866959614,30,191.716709519959,0.908443495999999,0,2.34506314578713,0.799580979256631,0,-0.423001646079164,NaN,NaN,NaN,NaN,14.8818660618558,0.0410400885267238,1.77592596797011,NaN,7.4718760080628,4.82406189693451,NaN,,1299.33269849426,30,193.361730498623
13.1666666666667,0.185517525999999,5.0022171171964,1.52793677705041,0.519875227385446,2.89813202381772,-0.378618740751869,NaN,NaN,NaN,NaN,18.6375153048333,4.09645982044531,5.63417982134614,2.91838779772351,7.27179966509999,13.141804836949,0.993088155713961,,1300.6169038526,29.9996021568143,191.728236373123,0.908443495999999,0,2.348062476,0.792539414408413,0,-0.420229960143919,NaN,NaN,NaN,NaN,15.5605771649776,0.0408796962373506,1.78591821441308,NaN,7.47177415284558,4.84153337492827,NaN,,1301.86888676508,30,193.364828335409
13.25,0.185517525999999,5.0010513132549,1.53340921109491,0.480324345936399,2.93880986276508,-0.380507001396609,NaN,NaN,NaN,NaN,18.9189534011667,4.15624406288911,5.70204688299723,2.99226050003928,7.27162385699082,13.2633843704909,0.9821575003402,,1300.6791865045,30,191.733443439729,0.908443495999999,0,2.35266977590379,0.800210502644564,0,-0.420743368237782,NaN,NaN,NaN,NaN,15.1600653173464,0.0408390205415858,1.82856508155458,NaN,7.47200523533398,4.916096190377,NaN,,1301.46518596486,30,193.369333361644
13.3333333333333,0.185517525999999,5.00408610223988,1.53902881798172,0.479444683304659,2.96700144420805,-0.378295588861223,NaN,NaN,NaN,NaN,18.7990013085,4.19893104198415,5.63916965223904,3.05453294670961,7.27168348390556,13.1507477665377,0.971362025572986,,1300.20567156111,30,191.738804408323,0.908443495999999,0,2.35628358020514,0.797565402832638,0,-0.420461415381886,NaN,NaN,NaN,NaN,14.9598959991752,0.0408388377402153,1.82108160850671,NaN,7.47222732667609,4.90301204243886,NaN,,1300.15625237704,30,193.372946765175
13.4166666666667,0.185517525999999,5.00721242454499,1.54444611499192,0.473768721140543,2.98830793631963,-0.375012823321597,NaN,NaN,NaN,NaN,18.7108789585973,4.23109732772912,5.6970747769865,3.10728675304836,7.2715655027421,13.2544779083779,0.961719205881211,,1301.66293912351,30,191.743858884217,0.908443495999999,0,2.35969132007177,0.796592377987215,0,-0.421994545044578,NaN,NaN,NaN,NaN,15.5388380578117,0.0407190578816503,1.79887694631811,NaN,7.47179971560949,4.86419168581537,NaN,,1300.02201445436,29.9983897938228,193.37635549555
13.5,0.185517525999999,5.00182562701054,1.5525361273643,0.50037628831093,3.00972294050954,-0.379279627056317,NaN,NaN,NaN,NaN,18.445912623236,4.26317886647554,5.75607353720864,3.15602494007397,7.27156081507655,13.3602243888983,0.953655941116567,,1298.6357016404,30,191.751784544676,0.908443495999999,0,2.3647049401801,0.795127184769405,0,-0.422027645983193,NaN,NaN,NaN,NaN,15.9298328411667,0.0406273944416664,1.85735815501669,NaN,7.47196881363255,4.96644747202322,NaN,,1299.35901125075,29.9975865535385,193.38136886441
13.5833333333333,0.185517525999999,4.9954799494537,1.55957608829291,0.492464101763611,3.02773587140986,-0.379368182758012,NaN,NaN,NaN,NaN,18.6838265465,4.28956011272191,5.82769024372743,3.19843172585632,7.27180339529531,13.4886277116238,0.946636549962984,,1298.38494946444,30,191.758561795756,0.908443495999999,0,2.36850039267465,0.796324143840088,0,-0.420478650093741,NaN,NaN,NaN,NaN,17.3329149737051,0.0406487730147447,1.9059895205292,NaN,7.47196051441523,5.05150820616437,NaN,,1301.0849694711,30,193.385164971622
13.6666666666667,0.185517525999999,5.00321323388387,1.56675505158244,0.496992639512232,3.0400347153351,-0.377514898666363,NaN,NaN,NaN,NaN,18.2821335341667,4.30871507415524,5.81307373024836,3.23055695119925,7.27214315722542,13.4624146648061,0.941029306710584,,1300.14657122718,30,191.76537682438,0.908443495999999,0,2.37332530284252,0.793171952360978,0,-0.423096069465771,NaN,NaN,NaN,NaN,18.5938735471282,0.0402819415945172,1.83642343454758,NaN,7.47319186950217,4.92983976597135,NaN,,1301.66786256969,30,193.390090636932
13.75,0.185517525999999,4.99718578682094,1.570890276,0.502088000527595,3.05143639972957,-0.378140546468345,NaN,NaN,NaN,NaN,18.5451632248333,4.32681341673519,5.85692022735791,3.25941110767542,7.27187298431903,13.5410747940542,0.936195949255963,,1300.31261343165,29.9957650893662,191.769453220318,0.908443495999999,0,2.37571655637137,0.802567661027878,0,-0.421548252091905,NaN,NaN,NaN,NaN,18.9998157728333,0.0402372831035839,1.92037008996547,NaN,7.47192453753499,5.07666527238015,NaN,,1299.41029284968,30,193.392380756299
13.8333333333333,0.185517525999999,4.99513660217593,1.57557865682442,0.514848662050811,3.06446280641815,-0.372769616314026,NaN,NaN,NaN,NaN,18.9200896716051,4.34616010579694,5.84753919896454,3.28478484904667,7.27246351843467,13.524230285065,0.932928497113268,,1300.4041037273,29.9961917044754,191.773779879044,0.908443495999999,0,2.38175071613969,0.810617675013157,0,-0.420229479054577,NaN,NaN,NaN,NaN,16.3061525769128,0.0402267959231335,1.8970988068854,NaN,7.47204303972517,5.03595528910338,NaN,,1300.51417946011,30,193.398414783499
13.9166666666667,0.185517525999999,5.00022116735088,1.57897127589639,0.510748680058677,3.07914903824242,-0.376812560161951,NaN,NaN,NaN,NaN,18.5577511180616,4.36820423553084,5.92659558602078,3.30634998651917,7.27186946794931,13.6660922814035,0.931284695374023,,1302.33094919494,30,191.776907885183,0.908443495999999,0,2.38535599832045,0.811662244151602,0,-0.419749192633039,NaN,NaN,NaN,NaN,16.6840875410872,0.0400143823304915,1.90702748091074,NaN,7.4719190136868,5.05332747977665,NaN,,1302.25366309011,30,193.402018264962
14,0.185517525999999,5.00162161249207,1.58666700544711,0.506829689468269,3.09316265024495,-0.376720541810095,NaN,NaN,NaN,NaN,18.8354584098333,4.38931911980196,5.86986620988439,3.32689124354141,7.2721268223665,13.5642879034856,0.929746986311115,,1299.84878901885,30.0012053439375,191.784239998821,0.908443495999999,0,2.388498804,0.803918521629651,0,-0.421535413216332,NaN,NaN,NaN,NaN,16.5782056703175,0.0400406104940648,1.92175959800308,NaN,7.472427123295,5.07909587087603,NaN,,1302.23373731002,29.9962350524592,193.405264663409
14.0833333333333,0.185517525999999,5.00938497360404,1.59386537008318,0.529438180367716,3.10796117263578,-0.377050488077678,NaN,NaN,NaN,NaN,18.4808630261667,4.40790587881359,5.90669782090033,3.34497439425799,7.27219996204085,13.6304008119437,0.929465720937963,"Sample 1.50 mL to AMBR-96DWP-2/D7",1300.05239893123,30,191.652594717917,0.908443495999999,0,2.39100778023425,0.817437756113968,0,-0.420400033869334,NaN,NaN,NaN,NaN,16.5066142521825,0.0399999991059303,1.941533508554,NaN,7.47210254795362,5.1136960970571,NaN,"Sample 1.50 mL to AMBR-96DWP-2/D8",1300.97315449025,29.9996335846446,193.323470434401
14.1666666666667,0.185517525999999,5.00185292714541,1.601470736,0.527713296224523,3.12620199422443,-0.374258893866773,NaN,NaN,NaN,NaN,18.8788043408333,4.29935456067363,5.88645821623067,3.36344805594581,7.27432230251024,13.5940634724143,0.942218133323221,,1301.02695099068,30,190.004723062116,0.908443495999999,0,2.39402891906813,0.80692692130141,0,-0.420523537523634,NaN,NaN,NaN,NaN,14.3899867544199,0.0399999991059303,1.91080770526141,NaN,7.47183565343626,5.05993699848084,NaN,,1299.57283584153,29.9968959839137,191.616694557346
14.25,0.185517525999999,4.99944299212899,1.601470736,0.505184717522213,2.73740576224501,-0.374180298986876,NaN,NaN,NaN,NaN,18.9178127888992,3.8384576823162,5.97600125322267,2.80388047426526,7.27285509748644,13.7547936620029,0.976500034093544,,1299.37553669435,30,190.004460624805,0.908443495999999,0,2.398607886,0.797480729382324,0,-0.419445791664557,NaN,NaN,NaN,NaN,14.8772044437468,0.0400402540611758,1.93319547250993,NaN,7.47356483441801,5.09911079049668,NaN,,1300.62858479314,30,191.621373745409
14.3333333333333,0.185517525999999,5.00453718569627,1.601470736,0.519126912371868,2.80550957596821,-0.379903815589914,NaN,NaN,NaN,NaN,18.8406330411008,3.93053291323364,6.01836211618513,2.81844444215293,7.27220069195139,13.8308742022156,0.995383027280145,,1299.44819552993,30,190.004197744781,0.908443495999999,0,2.398607886,0.801874065039757,0,-0.420678071462061,NaN,NaN,NaN,NaN,15.5596131358333,0.0401607699437411,1.97309420349153,NaN,7.47296218709068,5.16891468844893,NaN,,1300.36160835534,30,191.621373745409
14.4166666666667,0.185517525999999,4.99594907361885,1.60381269812463,0.517207726732726,2.92041169863833,-0.377808030432513,NaN,NaN,NaN,NaN,18.9195263996667,4.0907074875775,6.00396025546593,2.91438701598045,7.27171906430291,13.8050061837767,1.00206358530787,,1300.01199779781,30,190.006175149825,0.908443495999999,0,2.398607886,0.824527789775548,0,-0.423241478247689,NaN,NaN,NaN,NaN,15.6817913117403,0.0399999991059303,1.91117015357644,NaN,7.47188512398639,5.06057100012457,NaN,,1299.62709935314,30,191.621373745409
14.5,0.185517525999999,5.00651074682915,1.60919201827092,0.522891196551571,3.00632555253466,-0.377923732419783,NaN,NaN,NaN,NaN,18.6789235577917,4.21066113703129,5.99054212681169,2.99664056496368,7.27191997626135,13.7809133348309,1.0032338619494,,1300.48797324156,30,190.011294717068,0.908443495999999,0,2.40289960161451,0.815717403913961,0,-0.422239719634057,NaN,NaN,NaN,NaN,16.3498462346619,0.0401605717645061,1.96514582597487,NaN,7.47191462407675,5.1550036333606,NaN,,1302.61642590191,30.0043226992231,191.625465141713
14.5833333333333,0.185517525999999,4.99260361517114,1.61537451309569,0.522926787195174,3.06364659991691,-0.375481641220381,NaN,NaN,NaN,NaN,18.5587486872562,4.29245504960836,6.05668466418972,3.06558551669459,7.27178279928645,13.8997289952888,0.999375396634823,,1299.1110044594,30,190.017211635019,0.908443495999999,0,2.41052605538509,0.815961764535499,0,-0.421957232149221,NaN,NaN,NaN,NaN,19.2479079534312,0.0401604571536072,2.00353724395267,NaN,7.47247012170011,5.22218888311767,NaN,,1302.52450480243,30.0100002288818,191.633191762634
14.6666666666667,0.185517525999999,5.00443841328565,1.62043152213573,0.501731896029724,3.10358670333836,-0.374891380795631,NaN,NaN,NaN,NaN,18.9202604707985,4.34905241814061,6.06534459272996,3.12364325532974,7.27138933361825,13.9152961155194,0.993586885039663,,1300.81703205431,30,190.02194111686,0.908443495999999,0,2.41431841765634,0.807833309950188,0,-0.420892122938625,NaN,NaN,NaN,NaN,19.6626627431667,0.0399999991059303,1.99134648905189,NaN,7.47230182971585,5.20085241820622,NaN,,1300.50931199269,30.0025457179338,191.636980777352
14.75,0.185517525999999,5.00758056462112,1.6270816845554,0.505222757183928,3.1341412666484,-0.376689859745697,NaN,NaN,NaN,NaN,18.5492390524868,4.39432833174558,6.09466489490929,3.17781580358913,7.27207518998305,13.9679917483093,0.986266896543049,,1300.86973730722,30,190.028360155061,0.908443495999999,0,2.418689704,0.816407005943856,0,-0.421443276580483,NaN,NaN,NaN,NaN,21.0194116341667,0.0400802969336582,1.99195861137179,NaN,7.4724957625054,5.20192352056805,NaN,,1300.1723095013,30.0056215992602,191.641455563409
14.8333333333333,0.185517525999999,5.0020885125671,1.63388976595775,0.517011753541049,3.15672716294292,-0.374155166242867,NaN,NaN,NaN,NaN,18.5622231946667,4.42723978941722,6.13509985977254,3.22019447337206,7.27247352680811,14.0406795693182,0.980295665430281,,1301.19475377103,30,190.034937886272,0.908443495999999,0,2.42298865501892,0.812514719113644,0,-0.421994338493468,NaN,NaN,NaN,NaN,20.3042253275,0.0399999991059303,2.09899512262048,NaN,7.47274309744252,5.38929269432009,NaN,,1300.51791649302,30.0004023106813,191.645654384258
14.9166666666667,0.185517525999999,5.0021452295486,1.63787512107101,0.517365833361046,3.17285035258486,-0.377963457512958,NaN,NaN,NaN,NaN,18.5100443866667,4.45029660528632,6.13688198312069,3.25657157525792,7.2719288675361,14.0438787262984,0.974297439129262,,1299.74697882731,30,190.038661573607,0.908443495999999,0,2.42510775177967,0.809231163399784,0,-0.419705397361485,NaN,NaN,NaN,NaN,21.2334616865581,0.0398920619973449,2.04765386796134,NaN,7.47176106949319,5.29941189542713,NaN,,1300.415481648,30,191.647856247495
15,0.185517525999999,5.00066444091278,1.64635502882291,0.517231613936952,3.18456810117865,-0.377136003813041,NaN,NaN,NaN,NaN,18.2366748195,4.46796575898991,6.11171724259636,3.28690297025451,7.27116555732585,13.9986465684733,0.968868305658322,,1298.9179482849,30,190.046360217613,0.908443495999999,0,2.42989908285141,0.813902901783101,0,-0.42190197021064,NaN,NaN,NaN,NaN,22.5299665959419,0.0399510031082232,2.07902232382136,NaN,7.47154154207103,5.35432482576607,NaN,,1300.49015122983,30,191.652524753892
15.0833333333333,0.185517525999999,5.00356839694959,1.68131495810474,0.534852196292159,3.19567103780697,-0.374184215166776,NaN,NaN,NaN,NaN,18.8892640388333,4.48480997548658,6.200985449138,3.31297865199373,7.27194896108984,14.1591819629373,0.96459479059709,,1298.29697856726,30,190.081488371372,0.908443495999999,0,2.43587288566673,0.808913462824747,0,-0.420099847833728,NaN,NaN,NaN,NaN,20.4997451969614,0.0398873412685198,2.01119485319179,NaN,7.47242842404039,5.23558910161702,NaN,,1301.24970910238,30.0000531997213,191.658576287209
15.1666666666667,0.185517525999999,5.00839595294231,1.68366388949249,0.525463758368373,3.21092749288973,-0.375042050888918,NaN,NaN,NaN,NaN,18.0404280833333,4.50778222863567,6.10112875866275,3.34357463022127,7.27109005680712,13.9796058646541,0.960330965700543,,1301.41670390827,30,190.083667046582,0.908443495999999,0,2.43923276899771,0.806885561382242,0,-0.421980412467707,NaN,NaN,NaN,NaN,20.3608294545386,0.0396024728320555,2.06401564765283,NaN,7.47211090110369,5.32805713467199,NaN,,1300.97258423293,30.009552255605,191.661901389466
15.25,0.185517525999999,5.00914248579812,1.69234597188871,0.519912384099934,3.22242701677116,-0.371016928264343,NaN,NaN,NaN,NaN,18.5421523071667,4.52520272708083,6.20837209808827,3.36894293926044,7.27146164354661,14.1724590190804,0.956511942594156,,1299.18778490944,29.9945741323046,190.09197835056,0.908443495999999,0,2.44341848476877,0.815265877236324,0,-0.420822726858769,NaN,NaN,NaN,NaN,21.1618594906827,0.0396328550659281,2.12236142669744,NaN,7.47238619959273,5.43021191279968,NaN,,1301.20829545149,30.0100002288818,191.666081268055
15.3333333333333,0.185517525999999,5.00053921476804,1.6988347700033,0.511050753481182,3.23355824494289,-0.376961509911862,NaN,NaN,NaN,NaN,18.8786434318333,4.54037327956176,6.24188718999453,3.38828767704271,7.27138414539202,14.2327695047628,0.954334362973109,,1298.41036097765,29.9977744977201,190.098308799156,0.908443495999999,0,2.44811840331952,0.806805908575905,0,-0.420603067291475,NaN,NaN,NaN,NaN,21.1600680231506,0.0394952131244441,2.05066436815524,NaN,7.47283213219811,5.304681525602,NaN,,1300.45560733241,30.0100002288818,191.670775236486
15.4166666666667,0.185517525999999,5.00429486361999,1.70506999329387,0.526776175885035,3.24066186637489,-0.377000562861822,NaN,NaN,NaN,NaN,18.919773407,4.55019964308223,6.28986710432295,3.40204485671596,7.2713769931863,14.3191262942529,0.952564208108511,,1297.95095690757,30,190.104178584915,0.908443495999999,0,2.451120574,0.81355572854103,0,-0.419510183508705,NaN,NaN,NaN,NaN,20.9594423846474,0.0394422558458885,2.08325092419976,NaN,7.47247649502267,5.36173238845726,NaN,,1301.23501116035,30.0066026196585,191.673886433409
15.5,0.185517525999999,5.0002471178646,1.71323367514183,0.509288510460889,3.24954383436153,-0.37247380812576,NaN,NaN,NaN,NaN,18.517144696,4.56331290092086,6.289595606488,3.41671377694889,7.27239604266585,14.3186439581967,0.951074102970955,,1299.1773630061,30,190.112181730938,0.908443495999999,0,2.4530056801359,0.819548778338144,0,-0.419831274610995,NaN,NaN,NaN,NaN,22.513147072186,0.0393742531582917,2.04982307552651,NaN,7.47197280579489,5.3032103141762,NaN,,1300.65244934557,29.9996093507061,191.675669771747
15.5833333333333,0.185517525999999,4.9988772560919,1.71740920036069,0.518398592330426,3.25724302906904,-0.373768765617383,NaN,NaN,NaN,NaN,18.5990656731667,4.57448236895662,6.30713820373484,3.42844733293717,7.27187649340781,14.3502199039418,0.950064185356057,,1300.64216822633,30,190.116095948494,0.908443495999999,0,2.456165376,0.825270434488744,0,-0.419512147775416,NaN,NaN,NaN,NaN,22.8973878553333,0.0391470988412307,2.07079982354452,NaN,7.47267046126511,5.33992902968344,NaN,,1301.38036458986,29.9975804289462,191.678931235409
15.6666666666667,0.185517525999999,4.9930645160639,1.72161104,0.500017715933917,3.35937002962159,-0.37443233452711,NaN,NaN,NaN,NaN,18.364480854,4.55300560965821,6.30357702491183,3.54717439801734,7.27180944286528,14.343807913242,0.955480212021755,"Sample 7.00 mL to CDW Samples 2/D1",1300.55137144891,30.0070860335927,184.265933747511,0.908443495999999,0,2.45919745930565,0.816143270595181,0,-0.418459528863918,NaN,NaN,NaN,NaN,21.5375863618333,0.039245013883117,2.05948806498469,NaN,7.47305227204462,5.32012870595222,NaN,"Sample 7.00 mL to CDW Samples 2/D2",1302.08121120031,29.9975906427921,185.726296481092
15.75,0.185517525999999,5.00479321441726,1.72438758140193,0.514259304236674,3.03334179718207,-0.376719213341955,NaN,NaN,NaN,NaN,18.5507462955,4.02683706384816,6.37802120062552,3.09266290184059,7.27203235073794,14.4778873696176,0.986682440336173,,1299.03167797878,30.0200004577637,182.828546439757,0.908443495999999,0,2.461171222,0.825969360425857,0,-0.409545521407521,NaN,NaN,NaN,NaN,22.9251116296835,0.0393171340754372,2.14595529952249,NaN,7.47287701218116,5.47153566070968,NaN,,1301.29077599192,30.0012045835184,184.389937081409
15.8333333333333,0.185517525999999,5.0098392581519,1.726655842,0.528095986647361,2.96815073385637,-0.3727929705559,NaN,NaN,NaN,NaN,18.7994381171667,3.99891242124432,6.37909162377724,2.92744355117946,7.27185250392526,14.4798180778282,1.0138709229463,,1299.38058598585,30.0141259420031,182.830653761498,0.908443495999999,0,2.46398861846518,0.82004688129035,0,-0.41945440222058,NaN,NaN,NaN,NaN,23.4735871163165,0.0393616554256406,2.20015231261169,NaN,7.4716780100551,5.56646201631941,NaN,,1299.24528193847,30.001166626568,184.392652628212
15.9166666666667,0.185517525999999,5.00680045848679,1.73037917164396,0.514292526839302,3.10639305053023,-0.374492078231766,NaN,NaN,NaN,NaN,18.7994967353416,4.18442592872572,6.39628952424527,3.05280632377899,7.27176241658437,14.5108128078682,1.01754999114182,,1297.94060603137,30.0100002288818,182.834013840375,0.908443495999999,0,2.46985268584133,0.820192246977273,0,-0.421393215187123,NaN,NaN,NaN,NaN,23.9915575592291,0.0395145903285113,2.20401642237849,NaN,7.47270559838986,5.57323196033923,NaN,,1300.67771961265,30.0095949030165,184.398515577029
16,0.185517525999999,4.99844984583558,1.73576911957201,0.550643875371269,3.2152621927646,-0.373333587558188,NaN,NaN,NaN,NaN,18.7991255971584,4.33036078453925,6.48022176058133,3.16640678996914,7.27174818886025,14.6621021442385,1.01544276727398,,1299.34099175843,30.0078275750782,182.839140525006,0.908443495999999,0,2.471299782,0.822711609745725,0,-0.417446392683336,NaN,NaN,NaN,NaN,24.1976896867913,0.0396781686018018,2.21072612182897,NaN,7.47328867461106,5.58500176527764,NaN,,1298.39170460196,30.0016863917125,184.400065641409
16.0833333333333,0.185517525999999,5.00602399238984,1.74164584821554,0.532057268669907,3.29377938568469,-0.371486822285754,NaN,NaN,NaN,NaN,18.760124492,4.42579123327625,6.47972014437794,3.2589992710484,7.27173820808269,14.6612097438051,1.0126882152567,"Sample 1.50 mL to AMBR-96DWP-2/F3",1299.93448070884,30.0021378005292,181.659579983006,0.908443495999999,0,2.471299782,0.827355921828968,0,-0.359790132981874,NaN,NaN,NaN,NaN,23.9331975446462,0.0398788421780772,2.34052430794757,NaN,7.47249441156699,5.81248573888427,NaN,"Sample 1.50 mL to AMBR-96DWP-2/F4",1300.89650011264,30,183.233484367421
16.1666666666667,0.185517525999999,5.00169228087723,1.74620333601842,0.513406644765603,3.10502063014985,-0.372157721994996,NaN,NaN,NaN,NaN,18.8794031918333,4.09125373973331,6.50784760577921,3.03279540467862,7.27240646595382,14.7119133161863,1.02664239040773,,1299.4123862179,30.0100002288818,181.055049052896,0.908443495999999,0,2.471299782,0.821719080898403,0,-0.417814534615887,NaN,NaN,NaN,NaN,23.3578201633333,0.0400403702692446,2.43237359993776,NaN,7.47187948110866,5.97353822597265,NaN,,1298.74621660151,30,182.606065641409
16.25,0.185517525999999,5.00060778222294,1.75109804749094,0.517950307313673,3.01611097511122,-0.378212491871422,NaN,NaN,NaN,NaN,18.9597270538333,4.01798034279926,6.52643291539088,2.88984397189272,7.27253677777348,14.7454405514603,1.04368673640841,,1298.4211221965,30.0063427231167,181.059681736928,0.908443495999999,0,2.47277946824741,0.819568645896408,0,-0.416558052969498,NaN,NaN,NaN,NaN,22.603037602,0.0403366004239704,2.44226195255176,NaN,7.47181310278197,5.99088692005176,NaN,,1300.24203688475,30.0005536891816,182.60744497767
16.3333333333333,0.185517525999999,5.00482415108454,1.75488291383857,0.526079391338653,3.1504158482365,-0.375738503336657,NaN,NaN,NaN,NaN,18.8347673891447,4.19725192941445,6.57650828860824,3.03008443317927,7.27231401543089,14.8358076480228,1.03974312710919,,1300.85422914862,30,181.063199297292,0.908443495999999,0,2.47735638335877,0.822215722973685,0,-0.418235262146052,NaN,NaN,NaN,NaN,22.0002390221667,0.0401853018973904,2.47594389249817,NaN,7.47223624924091,6.04997607243498,NaN,,1298.69360299059,30.0087882986396,182.612022029065
16.4166666666667,0.185517525999999,4.99290433326675,1.75949591155642,0.512537957010025,3.25922685797045,-0.374733162118304,NaN,NaN,NaN,NaN,18.930263463022,4.34450656014638,6.67812123498037,3.16901061856761,7.27156804567584,15.0192525754569,1.02850897795495,,1300.67709397644,30,181.067548594925,0.908443495999999,0,2.48157200483804,0.828628581671577,0,-0.41197733650829,NaN,NaN,NaN,NaN,23.1790473085,0.04028642939573,2.38773698853349,NaN,7.47182106388701,5.89526048283942,NaN,,1301.83532756028,30.0087555893849,182.61619976041
16.5,0.185517525999999,5.00234714378112,1.76749471714897,0.527851094391311,3.33773673057491,-0.374030790445223,NaN,NaN,NaN,NaN,18.8331452128333,4.45196010141415,6.64511715055133,3.29027372044577,7.27199381130137,14.9596439337558,1.01447603050412,,1301.4556224013,30.0039132320114,181.075188245321,0.908443495999999,0,2.50952092444483,0.817624760780848,0,-0.418269883809118,NaN,NaN,NaN,NaN,26.5260829888333,0.0401207067849737,2.5110661548844,NaN,7.47494723886566,6.11159759978325,NaN,,1300.06704827798,30,182.643818556468
16.5833333333333,0.185517525999999,5.00518882234066,1.77358170909238,0.521454195054733,3.3914645733933,-0.374465349137493,NaN,NaN,NaN,NaN,18.3727928968333,4.52848282578164,6.64478613335891,3.40021456408731,7.27175862244049,14.959035533539,0.99746618404317,,1299.07587245567,30.0021138065534,181.081107577485,0.908443495999999,0,2.511463418,0.807037571459916,0,-0.41551399568882,NaN,NaN,NaN,NaN,28.7561500175007,0.0400374732282834,2.41999936966656,NaN,7.4779523252783,5.95183923343424,NaN,,1300.07960867003,30,182.646229277409
16.6666666666667,0.185517525999999,4.99883278098108,1.78016420024138,0.536474956941469,3.43369376495284,-0.372130902038367,NaN,NaN,NaN,NaN,18.6211433980165,4.58815398828115,6.73852848720679,3.49283866108819,7.27160143442317,15.1283722517227,0.983103490168747,,1301.27442279162,30,181.087431571556,0.908443495999999,0,2.511463418,0.814686870978035,0,-0.416315723832918,NaN,NaN,NaN,NaN,29.634913896166,0.0402784479097225,2.40568017924319,NaN,7.47687108014247,5.92672303435349,NaN,,1300.21111825142,30,182.646229277409
16.75,0.185517525999999,4.98899827350058,1.78800732852571,0.4987646825785,3.4666964394622,-0.374206665417673,NaN,NaN,NaN,NaN,18.9999412558168,4.63500666319159,6.73720797722461,3.57453282689329,7.2719945840104,15.1259869772248,0.969853037932186,,1299.40062348058,30,181.094909325105,0.908443495999999,0,2.511463418,0.793920249898793,0,-0.418359100736411,NaN,NaN,NaN,NaN,28.4514369395987,0.0400401213512402,2.45336994175466,NaN,7.47384011453195,6.01037511962304,NaN,,1300.71859160738,30.0054679347665,182.646229277409
16.8333333333333,0.185517525999999,5.01506194494777,1.79493040850836,0.518144133675527,3.49124225750588,-0.37549310835867,NaN,NaN,NaN,NaN,18.8809476362878,4.67100273066481,6.77005285597793,3.64190077001771,7.27207035945408,15.1853426485069,0.958646460066062,,1298.1300483235,30,181.101669802336,0.908443495999999,0,2.511463418,0.798837674337013,0,-0.416651649773305,NaN,NaN,NaN,NaN,22.7894601542346,0.0399999991059303,2.58953235904746,NaN,7.4713367349335,6.24935449851494,NaN,,1297.66914608472,30.0007458090532,182.646229277409
16.9166666666667,0.185517525999999,5.01948144108014,1.80119386100097,0.517653750757663,3.50995893594646,-0.377000400232879,NaN,NaN,NaN,NaN,18.8780233745455,4.69994536622588,6.85551852887093,3.69852485408128,7.27185546121477,15.3399026831557,0.949027131471122,,1299.86286705684,30,181.107566304224,0.908443495999999,0,2.51940321335126,0.808933128820231,0,-0.41572296976925,NaN,NaN,NaN,NaN,23.5180168392876,0.0400401655954965,2.67185696483209,NaN,7.47143534227804,6.39387418734845,NaN,,1300.54765521342,29.9925736637769,182.653865186219
17,0.185517525999999,5.0011749798013,1.80802943451916,0.504565300385459,3.53037123110297,-0.376054181310557,NaN,NaN,NaN,NaN,18.919369447,4.72837865519644,6.83240358589553,3.75375347923436,7.27207479775824,15.298090336912,0.94050038635142,,1300.40432224506,30,181.114242552274,0.908443495999999,0,2.526578346,0.805400917624794,0,-0.41981924721648,NaN,NaN,NaN,NaN,24.0665741886895,0.0400403587797214,2.70113760912661,NaN,7.47193261331598,6.44530952584824,NaN,,1299.80596288584,30,182.661344205409
17.0833333333333,0.185517525999999,5.00552165646566,1.81524795991555,0.507271321265576,3.55049174720946,-0.37314854567239,NaN,NaN,NaN,NaN,18.7986068165,4.75195349034272,6.87544898719123,3.80250124822489,7.27177907938337,15.3759934689095,0.933847176480273,"Sample 1.50 mL to AMBR-96DWP-2/G11",1299.30237706294,30,181.078987393727,0.908443495999999,0,2.52989211858719,0.803291526310618,0,-0.418476872117013,NaN,NaN,NaN,NaN,24.6315735805913,0.0399999991059303,2.64149555099136,NaN,7.47158637430554,6.34055419418409,NaN,,1302.12563237321,30,182.664509853325
17.1666666666667,0.185517525999999,5.00949073657755,1.82176969433305,0.497089922442477,3.59551644166977,-0.371737288974723,NaN,NaN,NaN,NaN,18.2847254515,4.67919049127813,6.9407907975142,3.85432849080158,7.27369394374593,15.4942715120157,0.940805425996496,,1298.77126795951,30.0022644919589,179.333477830066,0.908443495999999,0,2.54164571935988,0.813353329023695,0,-0.416514953811865,NaN,NaN,NaN,NaN,21.5149580644316,0.0399999991059303,2.6879565890552,NaN,7.47556823591231,6.42214976756,NaN,"Sample 1.50 mL to AMBR-96DWP-2/G12",1299.79604507866,30.004045921425,180.890160571511
17.25,0.185517525999999,5.01109648653876,1.82274782452991,0.539474283060916,3.16658057051788,-0.373980368059499,NaN,NaN,NaN,NaN,18.4642994763333,4.18653778187196,7.00280433497026,3.27886458040543,7.27203529214599,15.6064963602717,0.96613921943863,,1300.49250992324,30.0100002288818,179.334175106422,0.908443495999999,0,2.54182962,0.830683852356908,0,-0.407629468925292,NaN,NaN,NaN,NaN,20.9195847793333,0.0401202867765331,2.69902612301568,NaN,7.47422056534692,6.44159688697324,NaN,,1299.95629376504,30.0100002288818,180.882595479409
17.3333333333333,0.185517525999999,5.00181714526187,1.82795861861792,0.517623876505301,3.23446750857182,-0.370669675381227,NaN,NaN,NaN,NaN,19,4.27686939300267,6.98878226660848,3.29663834090882,7.2719138468603,15.5811070119543,0.981118343093216,,1301.2666773861,30.0091925649263,179.339121728918,0.908443495999999,0,2.54383199031993,0.808265686932078,0,-0.414010355833231,NaN,NaN,NaN,NaN,19.8834410075159,0.0402032543611872,2.71199551789303,NaN,7.47294327492886,6.46437659624775,NaN,,1301.39042730042,30.0076666095374,180.884494526925
17.4166666666667,0.185517525999999,5.00215482599491,1.83399759333434,0.524210624303017,3.37090898992053,-0.37028311346966,NaN,NaN,NaN,NaN,19,4.45626629582146,7.02390038145219,3.42889004689689,7.2717210899052,15.6447181533638,0.983105918920133,,1299.84324022319,30.0038022165738,179.344898918547,0.908443495999999,0,2.546913378,0.813576279776195,0,-0.418086082535336,NaN,NaN,NaN,NaN,22.3854255599434,0.0403193060663405,2.78056238732692,NaN,7.47626009791544,6.58485276216966,NaN,,1298.33831378004,30,180.887679237409
17.5,0.185517525999999,5.0066602275205,1.8406628362874,0.514760312899759,3.46754290990901,-0.373652347063786,NaN,NaN,NaN,NaN,18.2648202003333,4.58616688864376,7.07286514239928,3.55030074400401,7.27167000884788,15.7334503553401,0.976712649373855,,1298.70892208934,30.0004021428708,179.351240708669,0.908443495999999,0,2.546913378,0.80385956911942,0,-0.417618246896085,NaN,NaN,NaN,NaN,24.196758568374,0.0403619676786458,2.8166312435614,NaN,7.47704049883867,6.64825442159847,NaN,,1300.88606054298,30,180.887679237409
17.5833333333333,0.185517525999999,4.9890123034489,1.84777613920591,0.508226786454969,3.53388358100193,-0.371219774006724,NaN,NaN,NaN,NaN,18.1303660415347,4.67651993480986,7.05687984844208,3.64815703413287,7.27219298192114,15.7044793448604,0.968690884764427,,1301.50109784038,30,179.35811399336,0.908443495999999,0,2.546913378,0.806257402753041,0,-0.415599475543701,NaN,NaN,NaN,NaN,24.6378254065,0.040120514936044,2.78801726793237,NaN,7.47608262192777,6.59795250482741,NaN,,1298.91129475083,30,180.887679237409
17.6666666666667,0.185517525999999,4.99952136087504,1.85438389995359,0.523686782455975,3.58105239611819,-0.371929471269502,NaN,NaN,NaN,NaN,18.9976285597987,4.74178024329389,7.16311798706615,3.72848839406493,7.27223537660887,15.8970801054334,0.960469201760828,,1301.45672847958,30,179.364494967575,0.908443495999999,0,2.546913378,0.805925768533899,0,-0.416996551244665,NaN,NaN,NaN,NaN,26.3739091238333,0.0402410876896274,2.78063004294022,NaN,7.47433276073951,6.58497823859476,NaN,,1298.65706213802,30.0003999308585,180.887679237409
17.75,0.185517525999999,5.00256773607099,1.86041388924459,0.50036352292376,3.61529390640079,-0.371978161612849,NaN,NaN,NaN,NaN,18.7555297125339,4.79132086962437,7.17378187517007,3.7978114957266,7.27200055273387,15.9164286095246,0.951951945880777,,1298.88988206143,29.9991958667253,179.370264217796,0.908443495999999,0,2.546913378,0.812002234880729,0,-0.417331716100006,NaN,NaN,NaN,NaN,30.11183672767,0.0400384311504783,2.74776975998979,NaN,7.47249184528017,6.52723483492418,NaN,,1299.45106648522,30.0053065839136,180.887679237409
17.8333333333333,0.185517525999999,4.99667434593942,1.86776425674469,0.523115453845737,3.64567008776958,-0.369425223947635,NaN,NaN,NaN,NaN,18.8492302942994,4.83491115558405,7.21502977584909,3.86163178137743,7.27191852736928,15.991269946457,0.944089047083911,,1299.34497884845,30,179.377255080551,0.908443495999999,0,2.55185270927942,0.8125426613129,0,-0.417959802990906,NaN,NaN,NaN,NaN,30.5502509701277,0.0400015892299894,2.83368397203752,NaN,7.47529527943853,6.67822882054557,NaN,,1300.76383472566,29.9970528159942,180.892514534095
17.9166666666667,0.185517525999999,5.00527685365993,1.87468687378457,0.525118496603533,3.66921148368331,-0.371754472099682,NaN,NaN,NaN,NaN,18.8731173571667,4.86874716219249,7.21127318766505,3.92325020124319,7.27181856462376,15.9844496662696,0.935257532802006,,1299.93806339273,30,179.383922684769,0.908443495999999,0,2.552016614,0.810753122687354,0,-0.415044303760413,NaN,NaN,NaN,NaN,31.8425075080357,0.0399999991059303,2.77231161805141,NaN,7.47696027986357,6.57035442251499,NaN,,1301.10883595351,29.9916205364237,180.892782473409
18,0.185517525999999,4.99752822319044,1.8826941203461,0.48819943445743,3.69487515710179,-0.372991250792971,NaN,NaN,NaN,NaN,19,4.90547650866032,7.26755107901268,3.97640847716123,7.27232934146978,16.0865972431554,0.929207507345419,,1300.98361137125,30,179.391758137378,0.908443495999999,0,2.552016614,0.799229411778448,0,-0.415938244238765,NaN,NaN,NaN,NaN,33.1164362436592,0.0399598492634676,2.80677687755126,NaN,7.47623314385752,6.63092824969943,NaN,,1298.15368383686,29.9903907409782,180.892782473409
18.0833333333333,0.185517525999999,5.00054057934735,1.88965898554242,0.517833999590522,3.71311646375338,-0.373123631769704,NaN,NaN,NaN,NaN,18.2957415296667,4.93157428109326,7.33300584238053,4.02874071258145,7.2720339188836,16.2054767737613,0.921663283219982,,1299.22137705259,29.9937632501654,179.398462002988,0.908443495999999,0,2.552016614,0.824407779451183,0,-0.418790391697524,NaN,NaN,NaN,NaN,32.8014789523408,0.0399600420863067,2.86646495420162,NaN,7.47739927791195,6.73585274608336,NaN,,1298.58995369033,29.9975510181452,180.892782473409
18.1666666666667,0.185517525999999,5.00434825485356,1.8973846156163,0.520311737666878,3.7336844325393,-0.369877210870725,NaN,NaN,NaN,NaN,18.7001376468333,4.96118560627293,7.32251996972471,4.07446050430629,7.27190135072751,16.1864253745451,0.91636716893891,,1298.86886713516,29.9929737106097,179.405822547185,0.908443495999999,0,2.552016614,0.823225032843177,0,-0.413604437675137,NaN,NaN,NaN,NaN,26.5438085746667,0.0398922375234887,2.84751680620114,NaN,7.47995597213522,6.7025364483094,NaN,,1301.01835587907,29.9981138196364,180.892782473409
18.25,0.185517525999999,5.00272661100641,1.9047049021355,0.503904470565412,3.75074112377963,-0.374051132843924,NaN,NaN,NaN,NaN,18.5855257383064,4.98564528917468,7.37531318062991,4.11431730861493,7.27185310665832,16.2823676928272,0.911635382686153,,1299.96250219324,30,179.412983325462,0.908443495999999,0,2.552016614,0.810549712114193,0,-0.418440316677201,NaN,NaN,NaN,NaN,26.1998029446066,0.0395470340547914,2.83511821588654,NaN,7.48272979066276,6.68074421260787,NaN,,1300.17124105292,29.9982688926323,180.892782473409
18.3333333333333,0.185517525999999,5.01085179357813,1.91258600491919,0.524267870036118,3.7654981407654,-0.373643779083139,NaN,NaN,NaN,NaN,18.2818764491936,5.00648707709325,7.47482602245585,4.14755056376291,7.27231757185713,16.4632870921406,0.907887299203981,,1300.63750665683,30,179.420501274145,0.908443495999999,0,2.552016614,0.821853865800294,0,-0.41900054904344,NaN,NaN,NaN,NaN,25.9596625968934,0.039759215238565,2.85733012081701,NaN,7.48434109590695,6.7197951013286,NaN,,1301.46557660817,30,180.892782473409
18.4166666666667,0.185517525999999,4.99802603692281,1.91851173071185,0.544285671859504,3.78205034950596,-0.372235596766303,NaN,NaN,NaN,NaN,18.9686182593333,5.02949480816218,7.47710146006451,4.17909178609257,7.2718676356616,16.4674248113897,0.904996544116353,,1300.31342301127,30,179.426267112613,0.908443495999999,0,2.552016614,0.807899353929128,0,-0.415415759754854,NaN,NaN,NaN,NaN,26.5932859490225,0.0394228270881315,2.83479585847471,NaN,7.48477392393318,6.68017745200362,NaN,,1301.67810706545,30.006173445629,180.892782473409
18.5,0.185517525999999,5.00375484744006,1.92674545929689,0.527237035875831,3.79679546333656,-0.375052023814372,NaN,NaN,NaN,NaN,18.799196321,5.04963202489798,7.50062113918529,4.21049547909203,7.27212460299646,16.5102091141585,0.901746592619093,,1298.63961467195,30.0020118227009,179.434136965759,0.908443495999999,0,2.552016614,0.797589416539955,0,-0.417819367194342,NaN,NaN,NaN,NaN,26.9455623743349,0.0394817670771972,2.87604298549809,NaN,7.48391925616688,6.75269235943058,NaN,,1300.15140970726,30.0100002288818,180.892782473409
18.5833333333333,0.185517525999999,5.00209621285378,1.93473733919682,0.517583963999552,3.81595676119478,-0.371284618330805,NaN,NaN,NaN,NaN,18.803601157,5.07193289489834,7.49026413566574,4.23963402627984,7.27232463699882,16.4913768776005,0.900293187717479,"Sample 1.50 mL to AMBR-96DWP-3/A7",1298.60474315549,30,179.33219945152,0.908443495999999,0,2.552016614,0.803864664624152,0,-0.419202328304319,NaN,NaN,NaN,NaN,27.0389198793093,0.0391206838888208,2.85526730578049,NaN,7.483283842178,6.71616361285244,NaN,"Sample 1.50 mL to AMBR-96DWP-3/A8",1298.39148727639,30.007926513001,180.802948757619
18.6666666666667,0.185517525999999,5.00171222747181,1.94019517320017,0.529744010757794,3.84809098169818,-0.372055838151818,NaN,NaN,NaN,NaN,18.2824860351992,4.98548028538378,7.5396028143182,4.27448922826411,7.2727589531323,16.5811471010268,0.909549462150699,,1300.80547839271,30.0047409448141,177.653172829802,0.908443495999999,0,2.552016614,0.801002738511256,0,-0.415458440292089,NaN,NaN,NaN,NaN,27.1572180043333,0.0393639938156683,2.96918879201787,NaN,7.48305469984805,6.91652786237982,NaN,,1299.20997709577,30.0028074845751,179.098782473409
18.75,0.185517525999999,5.00963344266974,1.94331914651505,0.504508635105965,3.44481348605406,-0.37396489577802,NaN,NaN,NaN,NaN,18.8694726284675,4.52483321351405,7.589437328413,3.67639929361364,7.27200179356622,16.6719345010435,0.937169771109896,,1298.43848795556,30.0089153413579,177.656028399001,0.908443495999999,0,2.552016614,0.804781862207549,0,-0.394728190564547,NaN,NaN,NaN,NaN,27.3633756876667,0.0395986693173501,2.9794470671914,NaN,7.4845900463275,6.93456215402151,NaN,,1298.75402343688,30.0011935889685,179.098782473409
18.8333333333333,0.185517525999999,4.99554658863608,1.94870895098352,0.493819645218184,3.52222591555021,-0.371973151445146,NaN,NaN,NaN,NaN,18.3734779708333,4.62352513076776,7.71179423310976,3.69824615996243,7.27252994646845,16.8948184783624,0.952384568208339,,1299.49513026792,30,177.661153583776,0.908443495999999,0,2.552016614,0.818075610744033,0,-0.415499170530894,NaN,NaN,NaN,NaN,26.7999605313333,0.0398841101764616,2.97695012758062,NaN,7.48746505722549,6.93017196696509,NaN,,1299.11643853013,30.007188895432,179.098782473409
18.9166666666667,0.185517525999999,5.00789003518581,1.95190963004964,0.511975736037524,3.65551053304475,-0.368808869423534,NaN,NaN,NaN,NaN,18,4.79741296867322,7.7324039985523,3.82852219552784,7.27227287501138,16.9323959462965,0.954816622595174,,1300.29394646826,30,177.664091786689,0.908443495999999,0,2.57548655333446,0.822224172542307,0,-0.419498883857073,NaN,NaN,NaN,NaN,26.4373289215,0.0397940309339824,3.00301207043115,NaN,7.47450530394533,6.97602590766774,NaN,,1300.04974795303,30.0071873281778,179.121660460661
19,0.185517525999999,4.99775420187431,1.95965824231053,0.515492055555466,3.75218505242015,-0.370526588760839,NaN,NaN,NaN,NaN,18,4.92717279929826,7.76780974709191,3.95381202732831,7.27143832688456,16.996963793319,0.949024378536131,,1299.71770357189,30,177.671477628926,0.908443495999999,0,2.58146735,0.814094083792958,0,-0.416834856996287,NaN,NaN,NaN,NaN,26.4504646285713,0.0399197925136801,2.98691210068537,NaN,7.47544646628958,6.94769707903247,NaN,,1299.69586639468,30.0008989318944,179.128233209409
19.0833333333333,0.185517525999999,5.00370288827706,1.97028655464353,0.502619972594528,3.82776810679701,-0.371128548563597,NaN,NaN,NaN,NaN,18.3332887911667,5.0291501128453,7.88722694757574,4.07073880346826,7.2717980685832,17.214913694976,0.940339619468282,,1300.13441945531,30,177.681844744519,0.908443495999999,0,2.58146735,0.819387898908789,0,-0.414388451174576,NaN,NaN,NaN,NaN,24.4152546492451,0.0397353744974574,2.96786785224311,NaN,7.47651187783916,6.91419387465477,NaN,,1300.5425493472,30.0012072899654,179.128233209409
19.1666666666667,0.185517525999999,4.99997176411029,1.97883234957608,0.481864808983687,3.88049561768713,-0.373096466951645,NaN,NaN,NaN,NaN,18.6796422763333,5.10232086320783,7.94159608142406,4.17001389617374,7.27147107806083,17.3142445644899,0.93058571642031,,1300.09113275672,29.9975061738372,177.690228405066,0.908443495999999,0,2.58146735,0.805205721807837,0,-0.418005434179122,NaN,NaN,NaN,NaN,20.9833075978502,0.0394416478273595,3.03334407663927,NaN,7.4859124325155,7.0294035439972,NaN,,1300.69529724976,30,179.128233209409
19.25,0.185517525999999,5.00397242061006,1.98805753381816,0.491176846617515,3.91937255923655,-0.373019241222685,NaN,NaN,NaN,NaN,18.8798959061667,5.15682968937981,7.92289433019869,4.2491285907002,7.27188163411259,17.2800510054503,0.922405248205109,,1300.6728658635,29.998882978834,177.699090356719,0.908443495999999,0,2.58146735,0.804925375565761,0,-0.415951437128406,NaN,NaN,NaN,NaN,20.8233031758333,0.0392809472305157,3.0844994612452,NaN,7.51312435031639,7.11944920241599,NaN,,1299.87552187297,30,179.128233209409
19.3333333333333,0.185517525999999,5.00667874729321,1.99726092624923,0.501111531578012,3.95300464124381,-0.373869549000154,NaN,NaN,NaN,NaN,18.0753006288333,5.20334086193676,7.88464786809231,4.3174731574539,7.2716067851149,17.2102005192108,0.915591224173845,,1300.85504291191,30,177.708034505972,0.908443495999999,0,2.58146735,0.773756872616435,0,-0.415843008923498,NaN,NaN,NaN,NaN,20.1601927485,0.0394019049647224,3.04400716343221,NaN,7.51264174881742,7.04816769540247,NaN,,1300.06002781125,29.9998649399546,179.128233209409
19.4166666666667,0.185517525999999,4.99983401173603,2.00446871907235,0.525476380050502,3.97610320724794,-0.374972065291417,NaN,NaN,NaN,NaN,18,5.23732562481606,8.00637036947844,4.38346543771397,7.27133306214769,17.4326351823006,0.907077090428904,,1300.69646959931,30,177.71505846779,0.908443495999999,0,2.58146735,0.805357290016053,0,-0.417297958386492,NaN,NaN,NaN,NaN,20.249505907,0.0391204286887543,3.08865517130067,NaN,7.51094428349129,7.12676493259936,NaN,,1301.25885048546,29.9965164078096,179.128233209409
19.5,0.185517525999999,5.00718070089684,2.01368081117175,0.502408044660965,3.9972621466198,-0.373787983097299,NaN,NaN,NaN,NaN,18,5.26640659710171,8.07571555459009,4.433665311626,7.27206983220455,17.5594950409106,0.901575951085532,,1299.71754590113,30,177.723947417333,0.908443495999999,0,2.58146735,0.795589857047789,0,-0.41417106667734,NaN,NaN,NaN,NaN,20.3928591726667,0.0391207054494508,2.97943995180873,NaN,7.51111378194806,6.93455150173858,NaN,,1299.19230450853,30,179.128233209409
19.5833333333333,0.185517525999999,5.00157391559071,2.02188824031626,0.471758610404595,4.01751891660199,-0.372484548952515,NaN,NaN,NaN,NaN,18.3116113406667,5.29546668628467,8.08944167747597,4.47237056923912,7.27206082722773,17.5845412296853,0.898299715530183,,1299.16731872623,29.9995963644467,177.731875824258,0.908443495999999,0,2.58146735,0.806187596140564,0,-0.415892695745789,NaN,NaN,NaN,NaN,20.3619304008333,0.0390401697379263,3.05599707997558,NaN,7.51144637771498,7.06927484305307,NaN,,1299.39923851123,30,179.128233209409
19.6666666666667,0.185517525999999,5.00401742999425,2.03014075346272,0.520701340375443,4.03493409838569,-0.370531132953117,NaN,NaN,NaN,NaN,18.4925479871667,5.31904844190761,8.21909389300773,4.51143410151559,7.27194590138631,17.8219443852359,0.894382186526343,,1301.80816196582,30,177.739966648638,0.908443495999999,0,2.58146735,0.799096716538054,0,-0.41726237535769,NaN,NaN,NaN,NaN,20.1203035495,0.0390000008046627,3.04867956634486,NaN,7.50795517302954,7.05639148060883,NaN,,1301.98825286272,30.000333747249,179.128233209409
19.75,0.185517525999999,5.00364264794058,2.03866300130677,0.516612938414075,4.05302015623172,-0.372405359438499,NaN,NaN,NaN,NaN,18,5.34437124113131,8.26161940753132,4.54761555243205,7.27234793808739,17.8998900261185,0.891242371318436,,1300.43728384637,30,177.748128190766,0.908443495999999,0,2.58146735,0.801411429285427,0,-0.414547023607099,NaN,NaN,NaN,NaN,19.7932056424375,0.0389598163830601,3.06419165676763,NaN,7.50939419998622,7.08369749294434,NaN,,1300.2744399187,30.0077023387949,179.128233209409
19.8333333333333,0.185517525999999,4.9927457895157,2.04583958907195,0.502944534918838,4.07153063072127,-0.369483926683395,NaN,NaN,NaN,NaN,18.2581771221667,5.37052257889801,8.20517369560643,4.58065790814271,7.27177609791837,17.7964192563124,0.888853547978993,,1300.51776871242,30,177.755041606048,0.908443495999999,0,2.58215466600811,0.800166864487247,0,-0.4134351536417,NaN,NaN,NaN,NaN,23.4796503267386,0.0390000008046627,3.13841660057243,NaN,7.501017116974,7.21437673906656,NaN,,1299.57701095677,30,179.128630564113
19.9166666666667,0.185517525999999,5.00095092603994,2.0539789028362,0.506175454826971,4.08710670423357,-0.371107043263165,NaN,NaN,NaN,NaN,18.3851761955,5.39147316536325,8.22513734358681,4.60002783764479,7.27190332989499,17.8330211156512,0.888495966789921,,1300.7496832303,29.9975916340198,177.763020181547,0.908443495999999,0,2.61272073424364,0.780474092114608,0,-0.413593658595123,NaN,NaN,NaN,NaN,24.6162451468312,0.0390000008046627,3.08474990751911,NaN,7.47465195126377,7.11988336861656,NaN,,1300.22638958857,30,179.159130427844
20,0.185517525999999,4.9952756712703,2.06044947788074,0.522261135950787,4.10253619033018,-0.372887056674693,NaN,NaN,NaN,NaN,18.2097658158333,5.41394447067442,8.34545328178729,4.61731747802749,7.27181166098615,18.0535640544308,0.888510767424496,,1299.90555123448,30,177.769177943753,0.908443495999999,0,2.613625528,0.792205239209636,0,-0.412959264272323,NaN,NaN,NaN,NaN,24.742155115326,0.0390000008046627,3.11680136944583,NaN,7.48008800415351,7.17631255370032,NaN,,1299.11368540373,30,179.160391387409
20.0833333333333,0.185517525999999,5.00254655350913,2.06922177795171,0.492948127527609,4.11830187799408,-0.370973830473527,NaN,NaN,NaN,NaN,18.7615364414273,5.43489231928366,8.33719379555791,4.63509381427777,7.27264157197078,18.0384056404866,0.888589118549323,,1298.86798779915,30,177.777692576161,0.908443495999999,0,2.613625528,0.79938020103191,0,-0.416812015273604,NaN,NaN,NaN,NaN,25.2968704821667,0.0389195850668625,3.108299610886,NaN,7.48201428468727,7.16134712621113,NaN,,1299.73497996239,29.9991940058927,179.160391387409
20.1666666666667,0.185517525999999,4.99623774063026,2.07221504,0.473360848532287,4.16810367434235,-0.370184083616149,NaN,NaN,NaN,NaN,18.8767187485727,5.36626663272163,8.35252509663355,4.68541277883951,7.2719071580268,18.0665360864666,0.898810637016746,"Sample 1.50 mL to AMBR-96DWP-3/C3",1301.15541728005,29.9996018888282,176.020010916378,0.908443495999999,0,2.61850746393329,0.795299197802296,0,-0.414185087421444,NaN,NaN,NaN,NaN,26.0523024638333,0.0390000008046627,3.08653108939254,NaN,7.48886877690845,7.12302061644765,NaN,"Sample 1.50 mL to AMBR-96DWP-3/C4",1299.96465938265,29.9931759776041,177.423902465366
20.25,0.185517525999999,4.99904438901885,2.07785193688324,0.506228168940826,3.73704762176249,-0.369424663641749,NaN,NaN,NaN,NaN,18.8799876721667,4.85386119016347,8.48351640568361,4.04071268520012,7.27151417399779,18.3070058217211,0.925930235221856,,1300.01625068487,30.0100002288818,175.991746342263,0.908443495999999,0,2.618631374,0.809990224610819,0,-0.348344357987049,NaN,NaN,NaN,NaN,24.8062635651667,0.0390803796551203,3.19199388329694,NaN,7.50172323688972,7.3087367465797,NaN,,1298.83509932998,30,177.371397233409
20.3333333333333,0.185517525999999,5.00919245622441,2.0866542701146,0.50248175213606,3.79452746151229,-0.368766056949342,NaN,NaN,NaN,NaN,18.6451520548333,4.94024747366943,8.54469172289301,4.02878474031824,7.2721207718198,18.4194265443252,0.941838875400267,,1300.65817140311,30.0080853651139,176.000289346491,0.908443495999999,0,2.618631374,0.798152643745995,0,-0.414879727994348,NaN,NaN,NaN,NaN,23.9551431961667,0.0390812585391273,3.18101673249962,NaN,7.52830096072517,7.28940115888337,NaN,,1303.03480854704,30.000403565385,177.371397233409
20.4166666666667,0.185517525999999,5.01598429072145,2.09462041308837,0.517326048483057,3.94528846666025,-0.370153149805317,NaN,NaN,NaN,NaN,18.0401153126667,5.13702235973408,8.65172667286037,4.17946591074525,7.27200463537465,18.6162563981664,0.943976099895413,,1299.91079071954,30.0015843249759,176.008096448257,0.908443495999999,0,2.618631374,0.78355630232154,0,-0.409968009290203,NaN,NaN,NaN,NaN,24.7633760162504,0.0393619794464235,3.25349539680539,NaN,7.53075093984426,7.41709814381744,NaN,,1302.61444971573,29.9999486789929,177.371397233409
20.5,0.185517525999999,4.99907175280197,2.10151279903034,0.491202699704812,4.05475898397441,-0.371691484919842,NaN,NaN,NaN,NaN,18,5.28013423205584,8.61927772713621,4.31500487101888,7.27158448579752,18.5565497195947,0.939697721803452,,1299.9517668614,30,176.014621352319,0.908443495999999,0,2.618631374,0.779122263640454,0,-0.415679921293924,NaN,NaN,NaN,NaN,24.3294551095021,0.0392798833203831,3.23798368436017,NaN,7.51426179774023,7.38976293339414,NaN,,1300.40507650957,29.9964416210845,177.371397233409
20.5833333333333,0.185517525999999,5.00032472127982,2.1093337271591,0.472594239376587,4.13236173554444,-0.367329317563265,NaN,NaN,NaN,NaN,18.0401422786667,5.38167412602099,8.65817445498099,4.42767213536699,7.27163503177721,18.6281318027919,0.933320771561265,,1300.62421488305,30,176.022179718644,0.908443495999999,0,2.618631374,0.768881754342079,0,-0.404164418659193,NaN,NaN,NaN,NaN,24.9531355454141,0.0392029284710537,3.20752830692817,NaN,7.49765450005739,7.33610346253114,NaN,,1299.47908144176,30,177.371397233409
20.6666666666667,0.185517525999999,5.0115195180848,2.11888765396609,0.47228893416331,4.18649982276299,-0.366952250448039,NaN,NaN,NaN,NaN,18.0807296848333,5.45590518394613,8.73449865106617,4.52909324744688,7.27212034851054,18.7686244019335,0.924371323650633,,1301.04002938586,30,176.031574257397,0.908443495999999,0,2.618631374,0.782321253061116,0,-0.411596426853022,NaN,NaN,NaN,NaN,21.290541682,0.0393197573418696,3.26314372136427,NaN,7.52910540889777,7.43409805533709,NaN,,1300.9004596002,29.9971910368027,177.371397233409
20.75,0.185517525999999,5.01117070585875,2.12740505585027,0.479593321658607,4.22972640744861,-0.368448740196694,NaN,NaN,NaN,NaN,18.1603439483333,5.51628821466274,8.78268689188217,4.61723418577253,7.27169764917086,18.8574111557399,0.916082999190745,,1300.45726168682,30,176.039728619887,0.908443495999999,0,2.618631374,0.775070705800255,0,-0.412982429856843,NaN,NaN,NaN,NaN,19.054131007,0.0390804722721296,3.27808915535071,NaN,7.52974660744268,7.46043668959816,NaN,,1300.07266091919,30.0042738792791,177.371397233409
20.8333333333333,0.185517525999999,5.00224934531975,2.13680034568433,0.470181000686024,4.26479009110465,-0.371006364568635,NaN,NaN,NaN,NaN,18,5.56436846575989,8.83699040653143,4.69460003292542,7.27193133950465,18.9575022449794,0.90845487091793,,1302.90051935609,30,176.048861266672,0.908443495999999,0,2.618631374,0.767310104383724,0,-0.417637321218763,NaN,NaN,NaN,NaN,19.1457285573333,0.0390000008046627,3.18287723297312,NaN,7.52938198239643,7.29268577587023,NaN,,1298.76655308925,30.009386889059,177.371397233409
20.9166666666667,0.185517525999999,5.00229322003718,2.14538758638946,0.500289427824667,4.29659847574799,-0.37339709555511,NaN,NaN,NaN,NaN,18,5.6070937435367,8.91310210055947,4.76300541585656,7.27201429693081,19.0978589805383,0.902083979947602,,1299.74475434383,30.0031930360272,176.057288786859,0.908443495999999,0,2.618631374,0.776988887927897,0,-0.411940794632927,NaN,NaN,NaN,NaN,18.0587873186667,0.0390000008046627,3.1521573167535,NaN,7.52725588364426,7.23857315231928,NaN,,1302.21603839676,30.0094071203285,177.371397233409
21,0.185517525999999,5.00671275681748,2.15463187941658,0.493727472645011,4.32046265695366,-0.365904370993196,NaN,NaN,NaN,NaN,18.0400820486667,5.64134105952209,8.9884916850291,4.81377117090639,7.27188622055478,19.2370367496726,0.89752550607825,,1298.92370056775,30.0004220305266,176.066171567445,0.908443495999999,0,2.61972013796039,0.780151000304237,0,-0.41634704590247,NaN,NaN,NaN,NaN,17.3022892851667,0.0390000008046627,3.20126102876597,NaN,7.51284496020835,7.3250617059231,NaN,,1298.9327214287,30.0100002288818,177.372383607059
21.0833333333333,0.185517525999999,5.01261970239673,2.16262554763266,0.486335852289301,4.34051243532781,-0.368992345365321,NaN,NaN,NaN,NaN,18.039372006,5.67026381563657,9.06761292951005,4.86130086274681,7.2723315899316,19.3832004068289,0.892874302047497,,1300.95209913259,29.9992027910604,176.073901554705,0.908443495999999,0,2.623695654,0.769962553660087,0,-0.413170248924766,NaN,NaN,NaN,NaN,17.2110240143333,0.0389598077834357,3.23270879997577,NaN,7.52352822874266,7.38046597663235,NaN,,1301.38337680786,30.009093503109,177.376461513409
21.1666666666667,0.185517525999999,5.0033778013721,2.16927890195187,0.459267590831316,4.36077264893042,-0.370756608355564,NaN,NaN,NaN,NaN,18.2013238546667,5.69750849914379,8.97543527674872,4.90010398359744,7.27219858552627,19.2129151661416,0.889935933480098,,1299.36538647005,29.9900302805387,176.080395930925,0.908443495999999,0,2.623695654,0.774987640431055,0,-0.414486571735037,NaN,NaN,NaN,NaN,20.1812418985,0.0389600326159984,3.23455379402864,NaN,7.53196851706901,7.38371637825827,NaN,,1301.08293367403,29.9918400021834,177.376461513409
21.25,0.185517525999999,5.00552387628718,2.17924434623117,0.469241854799271,4.38451095900483,-0.369903152276388,NaN,NaN,NaN,NaN,18.0019367375925,5.72894992493957,8.9732741849909,4.93180510072965,7.27197033288635,19.2089408033973,0.889028867168132,,1300.30409834908,30.0003261459292,176.090002124138,0.908443495999999,0,2.623695654,0.778568047555749,0,-0.413087675822881,NaN,NaN,NaN,NaN,20.9265248808333,0.0388386034262489,3.2409309183428,NaN,7.52802621484016,7.3949620988939,NaN,,1300.80234991492,29.9840499336053,177.376461513409
21.3333333333333,0.185517525999999,5.0017667026553,2.18907493655271,0.478932360881729,4.40296616429921,-0.371573223360811,NaN,NaN,NaN,NaN,18.0380365049075,5.75421370280306,9.0255185966815,4.96310957202827,7.27187166875295,19.3054130436432,0.887139476506951,,1300.98994464639,30.0091249611506,176.099565944356,0.908443495999999,0,2.623695654,0.780981699250598,0,-0.411558851419705,NaN,NaN,NaN,NaN,21.2051769404316,0.0387592552857789,3.28813649847591,NaN,7.50941221210926,7.47814549965542,NaN,,1299.48331233757,29.9899997711182,177.376461513409
21.4166666666667,0.185517525999999,5.01060308646639,2.19765569974247,0.521198098437257,4.41730085957597,-0.369126799785527,NaN,NaN,NaN,NaN,18,5.77333915459066,9.08469277537361,4.98340045277131,7.27175858389786,19.4147945515426,0.886403712515296,,1298.94451996242,30.0077453229823,176.107888960629,0.908443495999999,0,2.623695654,0.779911323124056,0,-0.414809468912795,NaN,NaN,NaN,NaN,22.8340527827351,0.0389196927435808,3.32078997591662,NaN,7.5292039774943,7.53570149871585,NaN,,1298.13793715802,29.9955771164606,177.376461513409
21.5,0.185517525999999,4.99811077407876,2.20674562349239,0.468701171093826,4.43184148623255,-0.368065202526222,NaN,NaN,NaN,NaN,18.0402144085,5.79423008907226,9.17269211857784,5.00667941725364,7.27179925201084,19.5775048300158,0.885186422449692,,1299.84725301617,30,176.116721669353,0.908443495999999,0,2.623695654,0.771564784070031,0,-0.413052218324655,NaN,NaN,NaN,NaN,23.1199744416667,0.0387994177016702,3.28354984319058,NaN,7.49234383786673,7.47006006113614,NaN,,1300.01338692467,30,177.376461513409
21.5833333333333,0.185517525999999,5.00240042047252,2.21579633730846,0.372032429456217,4.45282619489845,-0.369433260734062,NaN,NaN,NaN,NaN,18.2573411341263,5.81691031902403,9.17954385092316,5.04221835370108,7.27216859678454,19.5901754352993,0.883363806812258,"Sample 1.50 mL to AMBR-96DWP-3/D11",1299.21273200273,30.0004007625308,175.945058254284,0.908443495999999,0,2.62533850535649,0.799513726588409,0,-0.415234085847337,NaN,NaN,NaN,NaN,23.3614398671667,0.0387591605227536,3.31724544799571,NaN,7.51484224310397,7.52945263421417,NaN,"Sample 1.50 mL to AMBR-96DWP-3/D12",1300.84339205648,29.9999936766986,177.254108407349
21.6666666666667,0.185517525999999,4.99351031549021,2.22256238586281,0.494781385838911,4.46408555800322,-0.373694081459171,NaN,NaN,NaN,NaN,18.626393333207,5.69558473528389,9.23708656072649,5.04937782736979,7.27303699954211,19.6967596785249,0.891948851645112,,1299.35273401255,30.0029400692646,174.338114049704,0.908443495999999,0,2.629831224,0.77604661602956,0,-0.412551374654952,NaN,NaN,NaN,NaN,22.8158741215,0.0390000008046627,3.27999689243522,NaN,7.51140663602614,7.46380399395635,NaN,,1298.11196278288,30.0014400056183,175.588597083409
21.75,0.185517525999999,5.00188583579157,2.22597766906103,0.500965318067248,4.0242575227821,-0.36908036216991,NaN,NaN,NaN,NaN,18,5.19404745232963,9.39529127182767,4.38462462820292,7.27152422589683,19.9899047498428,0.917893789242918,,1298.87850703713,30.0100002288818,174.341163290511,0.908443495999999,0,2.6308871769034,0.784940673336881,0,-0.282852191392194,NaN,NaN,NaN,NaN,21.0170209539808,0.0390400233838416,3.32175587667539,NaN,7.52372885762606,7.53740621013665,NaN,,1300.65815443474,30.0100002288818,175.589534172177
21.8333333333333,0.185517525999999,4.99608937104092,2.23544082934207,0.486238573036014,4.13746253898099,-0.369723378237818,NaN,NaN,NaN,NaN,18.6872909618333,5.33927404729467,9.42572596183241,4.45748914404326,7.27211989862326,20.0463348590297,0.928201157319428,,1299.02942008871,30.0100002288818,174.350427029532,0.908443495999999,0,2.63571358,0.786086043492107,0,-0.41206105018502,NaN,NaN,NaN,NaN,20.2607409275192,0.0394413270924662,3.36127767226695,NaN,7.50783815968124,7.60708607601807,NaN,,1299.62475675323,30.0100002288818,175.594479439409
21.9166666666667,0.185517525999999,4.99663182664612,2.24557323788513,0.509586385565273,4.29801704210111,-0.370488388016122,NaN,NaN,NaN,NaN,19,5.54891052220992,9.46561901046691,4.63902423035009,7.27219504818315,20.1204078002381,0.92651262789764,,1298.11677834991,30.0031539281277,174.3602789523,0.908443495999999,0,2.63571358,0.769641173271746,0,-0.38039964792999,NaN,NaN,NaN,NaN,18.9433895869957,0.0392938742484495,3.32307416200619,NaN,7.52269960602944,7.53972820741494,NaN,,1298.52619676878,30.0095984794884,175.594479439409
22,0.185517525999999,5.00653661162981,2.25436045829873,0.493178337272758,4.41483786360629,-0.372268543184565,NaN,NaN,NaN,NaN,18.6044199794892,5.70502885275676,9.47361932910521,4.8069384740397,7.27155517822357,20.1352063237302,0.918450848167993,,1299.453964152,29.9995975916598,174.368664133533,0.908443495999999,0,2.63571358,0.767926805782933,0,-0.41100986395723,NaN,NaN,NaN,NaN,18.1798568569585,0.0396714537515419,3.37070628185039,NaN,7.52771343232382,7.62371263123112,NaN,,1298.87520703993,30.0062930217354,175.594479439409
22.0833333333333,0.185517525999999,4.99730953111256,2.26613670112764,0.469191318243413,4.49809997681645,-0.371198409255228,NaN,NaN,NaN,NaN,18.2780578840108,5.81792720945324,9.44425195313931,4.94622688443827,7.27175247451354,20.0807030393029,0.90942079560759,,1299.85616138963,29.9995953195528,174.380274107923,0.908443495999999,0,2.63571358,0.707653784306228,0,-0.350913425929945,NaN,NaN,NaN,NaN,17.1659426845458,0.0396424954787343,3.38261178111307,NaN,7.51852252476559,7.64470465350254,NaN,,1301.90528302787,30.0012254225342,175.594479439409
22.1666666666667,0.185517525999999,4.9946156394002,2.27739943240619,0.473190891729098,4.56054627637996,-0.369597829878447,NaN,NaN,NaN,NaN,18,5.90301556928272,9.59824602861306,5.07249436725326,7.27176742227177,20.3668139318329,0.899092915475069,,1300.49081321944,30,174.391277853435,0.908443495999999,0,2.63571358,0.552008666337903,0,-0.413736788694487,NaN,NaN,NaN,NaN,16.8385554018333,0.0394065639071714,3.35964538942713,NaN,7.50340838643276,7.60421160723566,NaN,,1297.58783747529,30,175.594479439409
22.25,0.185517525999999,5.0067112948995,2.28859705997895,0.492337421471604,4.61199929833556,-0.372817735140208,NaN,NaN,NaN,NaN,18.040109118,5.97557214157677,9.61712780960517,5.18811614003814,7.27212145057279,20.4018213614856,0.888974343424741,,1300.74289196729,29.9995970738363,174.402213519849,0.908443495999999,0,2.63571358,0.558095640110283,0,-0.38448568886137,NaN,NaN,NaN,NaN,16,0.0395200160846626,3.30907673687196,NaN,7.52326029786463,7.51505609100599,NaN,,1301.52962240868,30,175.594479439409
22.3333333333333,0.185517525999999,5.00891387307888,2.29965480115776,0.46807659864834,4.65339151044543,-0.369362990660741,NaN,NaN,NaN,NaN,18.2977973771667,6.03530511107202,9.64611686690065,5.29145358138231,7.2716308163149,20.4557289633775,0.879427885751143,,1298.17245044268,30,174.412925541869,0.908443495999999,0,2.63571358,0.559737998822662,0,-0.413449764970506,NaN,NaN,NaN,NaN,16.4692576115,0.0392798750655438,3.3165168811104,NaN,7.51858936553386,7.52817053539103,NaN,,1297.00741648508,30,175.594479439409
22.4166666666667,0.185517525999999,4.99890262781671,2.31241426076515,0.497559150335098,4.68875813389058,-0.369136814580081,NaN,NaN,NaN,NaN,18.919208315,6.08531059210298,9.71880291712235,5.38023529657662,7.2723699631871,20.591009710818,0.871488593284423,,1300.27645622575,29.9983911712643,174.425478687964,0.908443495999999,0,2.63571358,0.461058571898487,0,-0.413361722890875,NaN,NaN,NaN,NaN,16.9370738243333,0.0392815305850848,3.35868168634202,NaN,7.51762700738112,7.60250869376112,NaN,,1301.39065421034,30,175.594479439409
22.5,0.185517525999999,5.00271513721616,2.32483126250873,0.457432250560558,4.71789450142714,-0.36583462929404,NaN,NaN,NaN,NaN,18.990674514043,6.12591957266844,9.9042613565545,5.45847957482185,7.27207340744042,20.9366042771655,0.864331545359253,,1301.27826873319,30,174.43766635865,0.908443495999999,0,2.63571358,0.314112935192219,0,-0.416555113688301,NaN,NaN,NaN,NaN,16.942029356,0.039160714493986,3.37959829760366,NaN,7.53293268152405,7.63939322251073,NaN,,1298.32388075075,30,175.594479439409
22.5833333333333,0.185517525999999,5.0010646709681,2.33525937184671,0.456702742824927,4.73979849577661,-0.370071155378767,NaN,NaN,NaN,NaN,18.8888262041237,6.15767076248925,9.97239200937455,5.51588771252772,7.27207858639864,21.0637579513131,0.859301127555672,,1300.22539940303,30.0047852244708,174.447834952437,0.908443495999999,0,2.63571358,0.330704719176254,0,-0.398315468393326,NaN,NaN,NaN,NaN,17.3616018165,0.0390000008046627,3.32230744750543,NaN,7.51643135473831,7.53837650648475,NaN,,1300.15216323868,29.9978485010656,175.594479439409
22.6666666666667,0.185517525999999,4.99745141862592,2.34689354959763,0.453952741634514,4.76673267249588,-0.369674149621247,NaN,NaN,NaN,NaN,18.8793790555,6.19573760642615,9.95009812780651,5.56657814364206,7.27228975155946,21.0221707010655,0.856316778699437,,1298.99085132574,30.000789187956,174.459112931858,0.908443495999999,0,2.63571358,0.377322610143003,0,-0.415433721869775,NaN,NaN,NaN,NaN,17.0401040476667,0.0390000008046627,3.30977725433533,NaN,7.52316910025159,7.51628856527251,NaN,,1301.67625171153,29.9965290144739,175.594479439409
22.75,0.185517525999999,4.99690726303094,2.35749074604048,0.4729751428555,4.79568310909523,-0.370543365283543,NaN,NaN,NaN,NaN,19,6.23617959360154,9.9895461849955,5.62602332316972,7.2715181637986,21.0957538737722,0.852414737737019,,1299.9498572073,30.0088123477347,174.469543880337,0.908443495999999,0,2.63571358,0.435749864505437,0,-0.413463066304586,NaN,NaN,NaN,NaN,17.039763033,0.0390402082020276,3.31103098878181,NaN,7.51223425185571,7.5185122736942,NaN,,1297.10421786172,30,175.594479439409
22.8333333333333,0.185517525999999,5.00314862181999,2.36834932095344,0.450160908571944,4.82396004587177,-0.367329359337473,NaN,NaN,NaN,NaN,18.9187808601667,6.27613919781839,10.0885312509343,5.67744741158396,7.27202896501103,21.2807180315811,0.849672865512281,,1301.06034822303,30.0008947817473,174.480141188457,0.908443495999999,0,2.63571358,0.440116372695291,0,-0.413947623079696,NaN,NaN,NaN,NaN,16.840636794,0.0389595625580457,3.38881307161682,NaN,7.51544872737813,7.65565158367099,NaN,,1300.74630991339,30,175.594479439409
22.9166666666667,0.185517525999999,4.99809909146021,2.37738779943794,0.417826345563348,4.85331142000747,-0.369100242038341,NaN,NaN,NaN,NaN,18.9998943152016,6.31572866781211,10.2117582818599,5.71552736107218,7.27169606629012,21.5112348115347,0.849144670686596,,1300.24489389434,29.9993665104609,174.488920447539,0.908443495999999,0,2.63571358,0.39127359670988,0,-0.41230412694683,NaN,NaN,NaN,NaN,16.3214427626667,0.0389598222767387,3.33543718082756,NaN,7.5199316347429,7.56152425196299,NaN,,1300.75576701872,30,175.594479439409
23,0.185517525999999,5.00616387579642,2.3862082241043,0.444739236371244,4.87724861122535,-0.364547756494269,NaN,NaN,NaN,NaN,18.9601110827984,6.34793432045531,10.2436997318611,5.7425054464872,7.27181000557639,21.5710550388391,0.849323691208151,,1298.46852818464,29.9905822695346,174.497490476446,0.908443495999999,0,2.63571358,0.47045086816361,0,-0.413612936722398,NaN,NaN,NaN,NaN,16.239982611,0.0389200401897849,3.3749286154398,NaN,7.52171077407635,7.6311567297597,NaN,,1300.5607186885,30,175.594479439409
23.0833333333333,0.185517525999999,5.01792554357468,2.39766726275718,0.473243214417438,4.9059232087901,-0.36798179125289,NaN,NaN,NaN,NaN,18.7989438965,6.38533719549827,10.2429304677998,5.77204977572506,7.27187339479511,21.5696175054577,0.849970985488939,,1298.4598841828,29.9999993942168,174.508669693549,0.908443495999999,0,2.63571358,0.447674491343576,0,-0.411131715314201,NaN,NaN,NaN,NaN,18.345332079,0.0389596690624283,3.30544645602833,NaN,7.52329840473841,7.50865694584506,NaN,,1299.02472421316,29.9959743814047,175.594479439409
23.1666666666667,0.185517525999999,4.99933080503205,2.40807204537841,0.473827644571666,4.97000797755682,-0.299130306809955,NaN,NaN,NaN,NaN,18.879528779,6.33918097785997,10.3441589894755,5.84277843110231,7.27165942372818,21.7593729503547,0.856351870326726,"Sample 1.50 mL to AMBR-96DWP-3/F7",1298.03473792602,30.0044921912757,172.836579964304,0.908443495999999,0,2.63571358,0.358367875832067,0,-0.410563697896027,NaN,NaN,NaN,NaN,20.6436361918333,0.0390399669187154,3.29883498476265,NaN,7.5171109123397,7.49700052640321,NaN,"Sample 1.50 mL to AMBR-96DWP-3/F8",1299.61206608093,29.9974128797952,173.959606857287
23.25,0.185517525999999,5.00323082664083,2.42125117748267,0.468790472461386,4.47005655939002,-0.368041979135693,NaN,NaN,NaN,NaN,18.9194444591667,5.70505696017667,10.4970967346512,5.12233551638864,7.2719012924953,22.0464274474995,0.873833695616915,,1299.08718052539,30.0100002288818,172.737719165808,0.908443495999999,0,2.63571358,0.256073500888883,0,-0.374754593751582,NaN,NaN,NaN,NaN,19.9484384505,0.0395746374373959,3.37875945239248,NaN,7.52470534265495,7.63791646862903,NaN,,1302.59582301989,29.9921272869054,173.800479439409
23.3333333333333,0.185517525999999,5.00949255600714,2.43438111460686,0.439407252936155,4.53932503347094,-0.371756991147544,NaN,NaN,NaN,NaN,18.9969858273861,5.82458645822134,10.4634677680871,5.14471998760047,7.27191325341501,21.9831941086542,0.882332165744858,,1300.12494249252,30.0100002288818,172.750539551893,0.908443495999999,0,2.63571358,0.426368739969879,0,-0.413649650060068,NaN,NaN,NaN,NaN,19.9312531961667,0.0398390774339603,3.38777888621973,NaN,7.52200911848453,7.65381761084389,NaN,,1299.00458031096,30,173.800479439409
23.4166666666667,0.185517525999999,5.00050863411383,2.44713442627318,0.464366124822712,4.74522661748418,-0.373818424689154,NaN,NaN,NaN,NaN,18.9627124406139,6.09424299086917,10.4932794886756,5.41329242280607,7.27151830680412,22.0391945439885,0.876609894722983,,1300.391035134,30.0100002288818,172.763005729128,0.908443495999999,0,2.63571358,0.560596129016385,0,-0.364238724285127,NaN,NaN,NaN,NaN,18.5123440891667,0.0399999991059303,3.42003088060255,NaN,7.51162210508086,7.71070232706819,NaN,,1300.13731733639,30,173.800479439409
23.5,0.185517525999999,5.00174273952662,2.46298005398141,0.44798854474159,4.90361070746888,-0.367162070043355,NaN,NaN,NaN,NaN,18.9196350278333,6.30365459904088,10.5219969408029,5.64576475539616,7.27160371784889,22.0931706936724,0.868581270790195,,1299.09771881958,30.0065479305418,172.77858686465,0.908443495999999,0,2.63571358,0.671274991291725,0,-0.41078686546822,NaN,NaN,NaN,NaN,17.9598557743333,0.0400401430022841,3.41734537829981,NaN,7.51946208610366,7.7059671486486,NaN,,1300.4340409949,30,173.800479439409
23.5833333333333,0.185517525999999,5.00033289075379,2.47837345579921,0.476652658227749,5.01302926945572,-0.368803160536446,NaN,NaN,NaN,NaN,19,6.45259094105157,10.5138249859059,5.84663591542151,7.27160203356421,22.0778111535459,0.857447147480432,,1299.66941538543,30.0054175615036,172.793726741151,0.908443495999999,0,2.63571358,0.71578952476076,0,-0.326288410226009,NaN,NaN,NaN,NaN,18.4426703171667,0.0399999991059303,3.37945720705113,NaN,7.5195206813861,7.63914228964721,NaN,,1300.28602215336,30,173.800479439409
23.6666666666667,0.185517525999999,5.00296947404088,2.49361571158218,0.485696841833078,5.09330024190149,-0.367812035822659,NaN,NaN,NaN,NaN,18.959700332,6.56461060195386,10.5796178467581,6.01102233707573,7.27141326715449,22.201526001061,0.847345664039012,,1300.34176519055,30.006242187439,172.80870260729,0.908443495999999,0,2.63571358,0.755144426947616,0,-0.411828638080907,NaN,NaN,NaN,NaN,19.9793154346667,0.0400803119103552,3.47183418299348,NaN,7.51394795325871,7.8021021353566,NaN,,1300.73597035283,30,173.800479439409
23.75,0.185517525999999,5.01132603982675,2.5096917317274,0.489841456414711,5.15471827056356,-0.373169277732923,NaN,NaN,NaN,NaN,18.9890657951086,6.65189686923594,10.7410162082976,6.15848220563109,7.27191400774407,22.5053180219649,0.837031082466053,,1299.25288158196,29.9910644188322,172.824516052751,0.908443495999999,0,2.63571358,0.758687806667457,0,-0.392648075502259,NaN,NaN,NaN,NaN,20.6431098135,0.0399999991059303,3.39772195514628,NaN,7.51474611045936,7.67135550600621,NaN,,1301.79940497114,30,173.800479439409
23.8333333333333,0.185517525999999,5.00353745025736,2.52284602823929,0.486287951376019,5.20722363451352,-0.369885117313862,NaN,NaN,NaN,NaN,18.9706098832247,6.7263279063919,10.7689987666242,6.27673800499762,7.27169123680996,22.5580306516022,0.829613999421923,,1299.36137233,29.9908804461392,172.837405939574,0.908443495999999,0,2.63571358,0.724166547124379,0,-0.414640195477406,NaN,NaN,NaN,NaN,19.7991598306667,0.0400399854604648,3.40794995990913,NaN,7.49605786483817,7.68939330521734,NaN,,1300.25996204959,30,173.800479439409
23.9166666666667,0.185517525999999,5.00562437327812,2.53585273321592,0.519692542315469,5.25049351228666,-0.371781195459348,NaN,NaN,NaN,NaN,18.9555713835468,6.78586179296703,10.881716221829,6.376305605739,7.27150833892636,22.7706332436602,0.82344661441118,,1299.35740698353,29.9999715072468,172.850265822934,0.908443495999999,0,2.63571358,0.682920639486511,0,-0.405629060571579,NaN,NaN,NaN,NaN,19.0560509555,0.0399998950968667,3.38404549526402,NaN,7.5038599297168,7.64723762620859,NaN,,1301.92545534039,30.0033143597863,173.800479439409
24,0.185517525999999,5.00469342480795,2.54988400505187,0.498612324433788,5.29368745260748,-0.373641918722954,NaN,NaN,NaN,NaN,18.9239534331199,6.84651061710051,10.9284268377162,6.4687023510959,7.27184652590047,22.8588225384269,0.818355982591063,,1300.06116693826,29.9959761711007,172.863932574713,0.908443495999999,0,2.63571358,0.618837448816004,0,-0.412564766459569,NaN,NaN,NaN,NaN,17.9194330223333,0.0399999991059303,3.41526966381878,NaN,7.49490496112106,7.70230545734745,NaN,,1299.68699988652,30.0100002288818,173.800479439409
24.0833333333333,0.185517525999999,5.00197327208901,2.56368563558937,0.496800065123806,5.34034572444423,-0.36996087905527,NaN,NaN,NaN,NaN,18.9194582106667,6.90931221280066,11.0598312579433,6.54135409054953,7.27211378114752,23.1072731214919,0.816400774265348,,1298.67681036073,29.998393836482,172.877477658879,0.908443495999999,0,2.63571358,0.614463390874699,0,-0.390343081089009,NaN,NaN,NaN,NaN,17.6344137377028,0.0398797871136387,3.41391208289298,NaN,7.49506250509148,7.69991649293505,NaN,,1301.86579427722,30.0056347051782,173.800479439409
24.1666666666667,0.185517525999999,4.99577578707507,2.57744967507425,0.49610403931726,5.38279344322437,-0.371229620357636,NaN,NaN,NaN,NaN,18.976374732,6.96706401981441,11.0142242324333,6.60141076892777,7.27198414110215,23.0209997399149,0.81540031293282,,1299.80516507023,30,172.890984992883,0.908443495999999,0,2.6517660997535,0.57024977595331,0,-0.413649925185943,NaN,NaN,NaN,NaN,16.932410413671,0.0395971447276066,3.40639080783865,NaN,7.47463512323442,7.68664762043762,NaN,,1298.92125762435,30.0075217441621,173.815753219191
24.25,0.185517525999999,4.99683432184581,2.59163945271144,0.534833722323001,5.42088478458177,-0.367291602939104,NaN,NaN,NaN,NaN,18.8223550591667,7.01886573691495,11.2123326075929,6.65493492432896,7.27187368073664,23.3960812371686,0.814567837537777,,1299.14879464014,30,172.90491054903,0.908443495999999,0,2.68371575336885,0.581907179090063,0,-0.412919085114396,NaN,NaN,NaN,NaN,17.1004063205471,0.0396372516042298,3.3943352613973,NaN,7.47661928980483,7.66538021892011,NaN,,1301.73154889181,30.0068993836557,173.848284649192
24.3333333333333,0.185517525999999,4.99804946855866,2.60711851049268,0.531829447887259,5.45437637693522,-0.367087573532901,NaN,NaN,NaN,NaN,18.839339885,7.06625190354684,11.258984301131,6.70937148861211,7.27200877327185,23.4844880605114,0.812950080763919,,1299.3985455211,30.00374692391,172.920132070763,0.908443495999999,0,2.6927539753818,0.677424678430307,0,-0.413447911337744,NaN,NaN,NaN,NaN,17.1555731199958,0.0391329983201476,3.43103786705654,NaN,7.47939428384491,7.73012078299982,NaN,,1299.97868953302,30,173.857082214605
24.4166666666667,0.185517525999999,5.01170743124851,2.62089899950909,0.488190668185814,5.48985161198248,-0.365493820407132,NaN,NaN,NaN,NaN,18.9597051335,7.11499703336343,11.3198692789564,6.75265892373266,7.27192535732065,23.6000230124766,0.812991319994911,,1300.8268878493,30.0070395070695,172.933752938679,0.908443495999999,0,2.70719880656953,0.639307325423931,0,-0.412947221244657,NaN,NaN,NaN,NaN,17.1554236037532,0.039120311859286,3.42442239677045,NaN,7.48594062789618,7.71845050742311,NaN,,1299.71104361957,30,173.871860015139
24.5,0.185517525999999,5.00190068376974,2.63014370077163,0.520649488329097,5.5195329569719,-0.367498688560971,NaN,NaN,NaN,NaN,18.9597316286667,7.1554480980195,11.3197805734056,6.79211882836558,7.27164622866857,23.5998347456846,0.812637900826482,,1300.10857886206,29.9847707073538,172.942741699343,0.908443495999999,0,2.711054484,0.517858136935136,0,-0.41000250966153,NaN,NaN,NaN,NaN,17.0096395048954,0.0390000008046627,3.43802039047306,NaN,7.48830720609117,7.74243540718483,NaN,,1301.97343690304,29.9954543626043,173.875820343409
24.5833333333333,0.185517525999999,5.00591227885291,2.64116880270993,0.491431565426151,5.55611506292504,-0.370843150076731,NaN,NaN,NaN,NaN,18.8393700065,7.19972556172373,11.3181561609029,6.8080766744684,7.27192972378293,23.5967462443776,0.816130773326304,,1299.65035715812,29.9899997711182,172.953497032122,0.908443495999999,0,2.71473251431989,0.53650947852611,0,-0.409926703448028,NaN,NaN,NaN,NaN,16.9424727384849,0.0387995967826998,3.41904223440583,NaN,7.4934482851317,7.70895756678117,NaN,,1300.2265242864,29.9944090560714,173.879376885429
24.6666666666667,0.185517525999999,4.99768258272528,2.65265933225482,0.479870413688532,5.62749640407383,-0.356256418778352,NaN,NaN,NaN,NaN,18.9299707921871,7.14241216502539,11.4350662888466,6.88144778588153,7.27209019827091,23.8189242840097,0.82621662825541,"Sample 1.50 mL to AMBR-96DWP-3/H3",1299.21180031503,29.9986832116568,171.255282285659,0.908443495999999,0,2.717092664,0.706049314885932,0,11.392228446609,NaN,NaN,NaN,NaN,18.6868346700269,0.0401315194922597,3.40842703899043,NaN,7.50133737683005,7.69023663914344,NaN,"Sample 1.50 mL to AMBR-96DWP-3/H4",1299.56940352384,29.9451326321871,172.224395712691
24.75,0.185517525999999,5.00544206496592,2.66555982005164,0.514834269038667,5.10064804445632,-0.368432347948416,NaN,NaN,NaN,NaN,18.6688911948129,6.46777036595944,11.6280831483528,6.03167806801419,7.27185868148581,24.1862937586365,0.847615917596757,,1301.63250438853,30.0100002288818,171.183381850435,0.908443495999999,0,2.717092664,0.749766115591738,0,20.0166080888312,NaN,NaN,NaN,NaN,19.3553226269229,0.0439241349925308,3.36748625113698,NaN,7.50516542275755,7.61803144942527,NaN,,1301.31628914907,29.8495636829481,172.087858523409
24.8333333333333,0.185517525999999,4.9955303787145,2.68005082068968,0.48377788798364,5.18904444567476,-0.365152765746964,NaN,NaN,NaN,NaN,18.6784842621667,6.62030052759936,11.692177208575,6.03604959217289,7.27138295195318,24.3084923356124,0.859663005094791,,1300.40200079699,30.0100002288818,171.197409874219,0.908443495999999,0,2.717092664,0.753686714682491,0,4.13846275342224,NaN,NaN,NaN,NaN,21.757839317,0.0451206382035433,3.35765417857403,NaN,7.49413815152125,7.60069437013051,NaN,,1298.11463427812,29.8875124144691,172.087858523409
24.9166666666667,0.185517525999999,4.99657414340758,2.69896699641027,0.485724883096506,5.4329043182755,-0.36866082373661,NaN,NaN,NaN,NaN,18.9598676446667,6.93720491082566,11.7943375498799,6.33799955285628,7.27163371588331,24.5035533731696,0.857214845805937,,1300.67677092526,30.0100002288818,171.216167127803,0.908443495999999,0,2.7204298782678,0.778550334985478,0,-0.405258432955351,NaN,NaN,NaN,NaN,22.0101749190479,0.044767984418777,3.34552783581875,NaN,7.47570934991399,7.57931394961236,NaN,,1300.07720988416,29.9329238112553,172.090890416884
25,0.185517525999999,4.99442729329443,2.71790024113395,0.524011313421473,5.6112580862657,-0.36680321197565,NaN,NaN,NaN,NaN,19,7.1761993644263,11.8277673571352,6.61557978167691,7.27122802886655,24.5674781659048,0.848223946340429,,1299.34888811853,30.0078295117875,171.234739851837,0.908443495999999,0,2.75206464945951,0.840571281145224,0,-0.408516495184147,NaN,NaN,NaN,NaN,22.0694202545845,0.0439321965212612,3.28399639497827,NaN,7.47135627047963,7.47084620629969,NaN,,1298.43897866004,29.9684523339539,172.12209550761
25.0833333333333,0.185517525999999,5.00490538247519,2.73873553606845,0.495243455074917,5.74054817032895,-0.369251604464537,NaN,NaN,NaN,NaN,19,7.35362101738325,11.812895541927,6.85141968834058,7.27186086276139,24.539115939748,0.837894922873243,,1301.71299652702,30,171.255315853601,0.908443495999999,0,2.77394639992407,0.813226678461124,0,-0.40851524288319,NaN,NaN,NaN,NaN,22.0728277600343,0.0432006207255148,3.26955216420968,NaN,7.47208690339874,7.44539563133275,NaN,,1298.73641335216,29.9810269840584,172.144407422022
25.1666666666667,0.185517525999999,5.00335506495798,2.75683939506847,0.527332102472544,5.82840793122072,-0.367857077490238,NaN,NaN,NaN,NaN,19,7.48027283094154,12.0361723714048,7.06166882559965,7.2716490456375,24.9663522369307,0.825387508622438,,1301.65359357154,29.9983283836773,171.27316458002,0.908443495999999,0,2.80515628761777,0.76819727797587,0,-0.409910755939895,NaN,NaN,NaN,NaN,19.2798275758333,0.0420991669265575,3.22895582362326,NaN,7.47069358829199,7.37385592464751,NaN,,1299.87240772365,29.9974010998489,172.175188537436
25.25,0.185517525999999,4.99812378078364,2.77584266237473,0.493229749924064,5.90253272438219,-0.367471467471402,NaN,NaN,NaN,NaN,19,7.58633282665801,12.083387966918,7.24804529072061,7.2716818822903,25.0569232901146,0.814383688479833,,1300.23699031881,29.9908090566458,171.291905431553,0.908443495999999,0,2.83119760401829,0.749063259411624,0,-0.410301094849938,NaN,NaN,NaN,NaN,20.402208844,0.0414241864195764,3.26202965264171,NaN,7.47184049495557,7.43213382484405,NaN,,1302.92241814055,29.9942460510256,172.201557734626
25.3333333333333,0.185517525999999,4.99968150733848,2.79499860154496,0.515741845070624,5.96817976089053,-0.369054517708558,NaN,NaN,NaN,NaN,18.919516284,7.68105130993175,12.1044158951937,7.41546062855135,7.27157432062848,25.0972009457335,0.804844363847999,,1298.96985883501,29.9904002610578,171.31088770901,0.908443495999999,0,2.84916574158279,0.741030908638363,0,-0.40830624176603,NaN,NaN,NaN,NaN,20.5302081368333,0.04055042927524,3.22320120319895,NaN,7.4711385497429,7.36371610540585,NaN,,1299.60948029476,29.9899997711182,172.21953101487
25.4166666666667,0.185517525999999,5.00548828532951,2.81429952576392,0.498324691548628,6.03113837939891,-0.369001737742314,NaN,NaN,NaN,NaN,18.917422653834,7.77062494289754,12.1968339188941,7.54851835933495,7.27179063305362,25.2746559525992,0.798988689302293,,1298.86467640236,29.994749627938,171.329866837109,0.908443495999999,0,2.87291242827769,0.718334622363939,0,-0.410177030361638,NaN,NaN,NaN,NaN,20.8830357165361,0.0397146901355947,3.28960254942263,NaN,7.47136832062637,7.48072777494,NaN,,1300.48272470144,29.9977038681323,172.24327454195
25.5,0.185517525999999,4.99762908090085,2.83270278017047,0.485770497709418,6.08094385954985,-0.368718021577629,NaN,NaN,NaN,NaN,18.921758854666,7.84191452740111,12.3359942165187,7.65335969585883,7.27158785537971,25.5422485772165,0.794548599258951,,1300.90470903363,30,171.347988738689,0.908443495999999,0,2.88779445061536,0.729250040457784,0,-0.407679934800979,NaN,NaN,NaN,NaN,21.9200428617972,0.0390400770697504,3.26203557703022,NaN,7.47160847432876,7.43214326224353,NaN,,1300.15987652878,29.9879243426578,172.25836362396
25.5833333333333,0.185517525999999,5.00742057781595,2.84959513605648,0.480757398713495,6.12880950924714,-0.368740140916605,NaN,NaN,NaN,NaN,18.9196029021667,7.90727359068384,12.3582435887103,7.74488018101972,7.27149411698792,25.5850140410952,0.791341001456646,,1299.28650671683,30,171.364727720483,0.908443496,0,2.90218736247043,0.844844032901166,0,-0.411282374582099,NaN,NaN,NaN,NaN,22.3643229269809,0.0388064604494236,3.26586024850601,NaN,7.47203938169586,7.43888783023325,NaN,,1299.873049116,29.9895915309729,172.272548810077
25.6666666666667,0.185517525999999,5.00364994724832,2.8667024384041,0.470572096877862,6.17191267222733,-0.369375084152409,NaN,NaN,NaN,NaN,19,7.9665426277117,12.4150685955003,7.81338778079556,7.27164375191885,25.6945006988499,0.78991476106003,,1300.87185594331,30.0062343720018,171.381473182203,0.908443496,0,2.91855080800576,0.926171293110632,0,-0.409218834802809,NaN,NaN,NaN,NaN,23.7398721246858,0.038037201401017,3.27831999584247,NaN,7.47140769855673,7.46085339073109,NaN,,1300.67271245517,29.9899997711182,172.289010922353
25.75,0.185517525999999,5.00582642339785,2.88109200875908,0.554885841670691,6.21865636344992,-0.369029598554803,NaN,NaN,NaN,NaN,18.9197666955,8.0280202264325,12.4346202875978,7.86773057184765,7.27332437893233,25.7321444922862,0.790399235162443,,1299.10713794559,29.9703014717013,171.395910168743,0.908443496,0,2.93127537443764,0.856429514642185,0,-0.412098354020618,NaN,NaN,NaN,NaN,25.7093341139112,0.0378793838141644,3.25695801507558,NaN,7.4716006635411,7.42319862952719,NaN,,1303.16207808394,29.9899997711182,172.301840996702
25.8333333333333,0.185517525999999,5.01029036183366,2.882811488,0.573949852359558,6.2712964914757,-0.368224616732992,NaN,NaN,NaN,NaN,18.7449522865121,8.09045060344889,12.3855635509567,7.8789501901065,7.28098384964538,25.6376246588564,0.795969964724781,,1300.65607811806,29.8254456251472,171.397473809269,0.908443496,0,2.94258080241263,0.763654843721459,0,-0.410042644966087,NaN,NaN,NaN,NaN,21.3425460144221,0.0373581582487553,3.2822955821738,NaN,7.47219054953209,7.46785694045955,NaN,,1300.49574049245,29.9934626212931,172.313045976742
25.9166666666667,0.185517525999999,5.004349688741,2.882811488,0.437625583894307,6.33360371780067,-0.365153661026665,NaN,NaN,NaN,NaN,18.3718529274879,8.14689825680285,12.4218801264136,7.72716922493883,7.28150797760988,25.7076590744518,0.81970725665865,,1300.32144798332,29.839096422367,171.397215839822,0.908443496,0,2.95785990397857,0.793255064152775,0,-0.406780917792689,NaN,NaN,NaN,NaN,23.5326146015,0.0370958048110433,3.30235265526529,NaN,7.47187973093429,7.5032039449742,NaN,,1301.27585528789,30,172.328424640568
26,0.185517525999999,5.0002190689835,2.882811488,0.515492818801144,6.38862584415947,-0.366702668175051,NaN,NaN,NaN,NaN,18.594035386,8.1920152185342,12.3883987931877,7.56050009887016,7.27897759184648,25.6430983507749,0.845039565106728,,1299.44572560886,29.8972929912206,171.396957050865,0.908443495999999,0,2.96756603924829,0.810444833054702,0,-0.409025896954554,NaN,NaN,NaN,NaN,23.1820600056355,0.0370000004768372,3.31611230775169,NaN,7.47204158892308,7.52745595717719,NaN,,1300.46472690558,30,172.338133719886
26.0833333333333,0.185517525999999,5.00275832046199,2.882811488,0.565428636871843,6.44953972520898,-0.366154804099873,NaN,NaN,NaN,NaN,18.7648611941667,8.24448419382994,12.3666198595231,7.43638672808369,7.27646929628523,25.6011243062646,0.868098122919195,"Sample 1.50 mL to AMBR-96DWP-4/A11",1300.32147738251,29.9400449237046,171.242289257332,0.908443495999999,0,2.9810146052961,0.839508802753827,0,-0.406819245785975,NaN,NaN,NaN,NaN,16.7650757439317,0.0365859918318264,3.32533668356495,NaN,7.47161513250098,7.54371693699159,NaN,"Sample 1.50 mL to AMBR-96DWP-4/A12",1299.90753464496,30.0016063096063,172.249878394598
26.1666666666667,0.185517525999999,5.01097704070815,2.882811488,0.493398902813392,6.49585919455167,-0.364494030354562,NaN,NaN,NaN,NaN,18.7991374486667,8.09142130095127,12.3570601665498,7.40028388104749,7.28512375437691,25.5827250545201,0.906250506742614,,1299.67873806072,29.9667865914267,169.602437383092,0.908443495999999,0,2.995900756,0.854739241210612,0,-0.407337165517725,NaN,NaN,NaN,NaN,20.7457499516023,0.0366906854204936,3.30320119530837,NaN,7.47938417631589,7.50469712167257,NaN,,1296.42824481201,30.0020894976587,170.572666615409
26.25,0.185517525999999,5.00384273907076,2.882811488,0.493401820713295,6.09126204659311,-0.362618238173158,NaN,NaN,NaN,NaN,18.9977944783438,7.62769478188562,12.4938855347,6.23582311958377,7.28708753697445,25.8464382303507,0.977129982140143,,1300.04947235405,29.9843532386022,169.602175777669,0.908443495999999,0,2.995900756,0.848777534367692,0,-0.407994866919025,NaN,NaN,NaN,NaN,21.7295252284971,0.0372409550060192,3.39133071106756,NaN,7.47799051134475,7.66008665455354,NaN,,1298.77523135891,30.0015204186305,170.572666615409
26.3333333333333,0.185517525999999,5.00224903416618,2.882811488,0.499039607117419,6.33997472330731,-0.365418561894767,NaN,NaN,NaN,NaN,18.8522090524895,7.91299810475513,12.5735532965941,6.24490758793781,7.28360779872372,26.0002418269606,1.01520269390793,,1299.95515907771,29.9915000111052,169.60191261544,0.908443495999999,0,2.995900756,0.851591146867092,0,-0.41161374590031,NaN,NaN,NaN,NaN,21.8899816661667,0.0374363176604951,3.37885770517511,NaN,7.47369534186824,7.63808513983876,NaN,,1303.15790685956,29.999194851212,170.572666615409
26.4166666666667,0.185517525999999,4.99971539241184,2.882811488,0.460205379436063,6.48931412521468,-0.365684365184537,NaN,NaN,NaN,NaN,18.346857176,8.09974044488531,12.5418170509126,6.38739677137428,7.27904824183312,25.9389439958333,1.01596481780769,,1300.06024218538,30,169.601649102253,0.908443495999999,0,3.00371831624815,0.755249275983183,0,-0.407428410808584,NaN,NaN,NaN,NaN,19.9984555135,0.037205676954102,3.40378288813315,NaN,7.47160848404181,7.68204450179573,NaN,,1300.00275090238,29.9992374068877,170.580182203023
26.5,0.185517525999999,5.00424933238382,2.882811488,0.540505285553788,6.58427395867548,-0.364842502653452,NaN,NaN,NaN,NaN,18.1959472398333,8.22169755937683,12.5359587141064,6.5153353055184,7.27470756241787,25.9276454309238,1.01058962801853,,1301.22795232001,29.9987964629205,169.601385679193,0.908443495999999,0,3.01438507912615,0.699263290709571,0,-0.410604862143165,NaN,NaN,NaN,NaN,21.7112048501667,0.0370802191014003,3.40262104949867,NaN,7.47147960000324,7.6799947643269,NaN,,1300.21219979886,29.9995581512438,170.590942522309
26.5833333333333,0.185517525999999,4.99403283360862,2.88581584796527,0.57359200980137,6.66435802542697,-0.363214022464407,NaN,NaN,NaN,NaN,18.3172410425256,8.32577507390816,12.5988821676855,6.62337127942518,7.27151408921439,26.0491393403775,1.00619276817933,,1301.3305671012,30,169.603924211644,0.908443495999999,0,3.02869865428697,0.646651549446885,0,-0.408855030478341,NaN,NaN,NaN,NaN,20.6237546668333,0.0369196527048414,3.38193129528298,NaN,7.472423337912,7.64350408413576,NaN,,1299.50037938755,30,170.605263068938
26.6666666666667,0.185517525999999,5.00327248909978,2.89472780842997,0.541157803189867,6.73465297781043,-0.364887941110452,NaN,NaN,NaN,NaN,18.625016439641,8.41654138005449,12.6912533515441,6.7161225201107,7.27190212307213,26.2277667102518,1.00276349185982,,1301.68778048985,30,169.612675946901,0.908443495999999,0,3.03486548255917,0.649263182386241,0,-0.405075116148357,NaN,NaN,NaN,NaN,23.4314363419445,0.0366785253320172,3.40490602275777,NaN,7.47175667524637,7.68402328573081,NaN,,1300.32946342912,30,170.611430355594
26.75,0.185517525999999,5.00493768362443,2.90316722764812,0.491704087932168,6.78253645098436,-0.36693591422725,NaN,NaN,NaN,NaN,18.1606314468333,8.48115712446669,12.641484623634,6.78966698062925,7.27204064282046,26.131570999532,0.99895404604916,,1299.53504511108,30,169.620751303103,0.908443495999999,0,3.04795660310299,0.666537943186064,0,-0.410343482359436,NaN,NaN,NaN,NaN,18.5302309560555,0.0361162131913805,3.41934142668818,NaN,7.47183433379166,7.70948516594626,NaN,,1300.7470754166,30,170.624420511466
26.8333333333333,0.185517525999999,5.00411801991546,2.91029924329915,0.556756072481349,6.80654445143191,-0.36357672537609,NaN,NaN,NaN,NaN,18.3267413293333,8.51625062801282,12.6170234540967,6.85541600949167,7.27158440455162,26.0842856622603,0.992875756357911,,1300.97331146454,30.0024126349612,169.627720637425,0.908443495999999,0,3.06179349818819,0.680769156298393,0,-0.408608755321262,NaN,NaN,NaN,NaN,18.6091486888333,0.036019718098823,3.45420840798542,NaN,7.47220264879346,7.77099441488218,NaN,,1300.15550922302,30,170.638364080952
26.9166666666667,0.185517525999999,5.00727163607029,2.91932543032978,0.445832944395293,6.81657627349611,-0.368012319661358,NaN,NaN,NaN,NaN,18.4758810416667,8.53376089861168,12.7090678058172,6.90952180199045,7.27209457288597,26.2622581169884,0.986550850788353,,1300.7468356366,30,169.636382263193,0.908443495999999,0,3.07064438284574,0.782242645920606,0,-0.408521838555533,NaN,NaN,NaN,NaN,19.4257998995,0.0359999984502792,3.46690706960927,NaN,7.47250033059941,7.79339927282869,NaN,,1300.07299106033,29.9958548419704,170.647310171045
27,0.185517525999999,5.00327855581509,2.92709853083091,0.540950298167558,6.82520398616101,-0.36420500815549,NaN,NaN,NaN,NaN,18.7613552325,8.54873393215958,12.7432658851178,6.95493398658762,7.27191201777011,26.3284364008622,0.98134899084004,,1301.34572073481,30,169.643895824621,0.908443495999999,0,3.07781916707704,0.781761242138154,0,-0.407397179334744,NaN,NaN,NaN,NaN,20.8112701501572,0.0358798705745113,3.49582934877001,NaN,7.47212031793678,7.84443891569469,NaN,,1300.85726378371,29.9916913380059,170.654385183813
27.0833333333333,0.185517525999999,5.00280913276408,2.93387188889588,0.495131987207669,6.84070217367866,-0.362997968585377,NaN,NaN,NaN,NaN,18.9597702783333,8.56918473409553,12.8051327640673,6.98754570991639,7.27241210639402,26.4483822682222,0.978986626912048,,1301.21456580166,30,169.650502516425,0.908443495999999,0,3.08596956379629,0.638783141799686,0,-0.408462180164192,NaN,NaN,NaN,NaN,21.3092484365095,0.0355580578803526,3.44883077073719,NaN,7.47200821086723,7.7615073586808,NaN,,1301.08447327152,29.9995568476223,170.662535781294
27.1666666666667,0.185517525999999,5.00562790120642,2.93992308514696,0.560002537075874,6.85644004853483,-0.366848284633316,NaN,NaN,NaN,NaN,18.7578961862953,8.59039240947379,12.8755489286317,7.02015126953906,7.27219806719148,26.58481931993,0.976680088391402,,1298.47769077483,30.0055147543431,169.656292309126,0.908443495999999,0,3.09411482155431,0.621857548219982,0,-0.406074644561621,NaN,NaN,NaN,NaN,17.9397881768809,0.0351969762174014,3.48070152015031,NaN,7.47171165341949,7.81774058676338,NaN,,1301.8790387467,29.9955764824029,170.670780895788
27.25,0.185517525999999,5.01126178375213,2.94585374813108,0.483810062914235,6.88244161087997,-0.366223322815066,NaN,NaN,NaN,NaN,18.2118913267047,8.62366721467989,12.89610750853,7.04997717807047,7.27166534639354,26.6247692042085,0.976236727947625,,1298.48783862912,30.0053172771033,169.661863646225,0.908443495999999,0,3.10255040190919,0.496240203747593,0,-0.406557914531125,NaN,NaN,NaN,NaN,16.2502102819524,0.0350000001490116,3.486232865931,NaN,7.47207808365147,7.82749920395091,NaN,,1299.65456841873,29.9992544228203,170.679113493359
27.3333333333333,0.185517525999999,5.00796618032838,2.95409890049135,0.462942422750133,6.90502220202897,-0.367789917125819,NaN,NaN,NaN,NaN,18.223088061,8.65169731397143,12.927433802455,7.0719196887404,7.27205404490754,26.6855429309032,0.976400314659802,,1300.65920407034,30,169.669941367741,0.908443495999999,0,3.10815416139558,0.541185665174105,0,-0.404111708197721,NaN,NaN,NaN,NaN,17.1133032131001,0.0350000001490116,3.45854635638418,NaN,7.47204392316814,7.77865092884206,NaN,,1298.59817776418,29.9991982849723,170.684818338275
27.4166666666667,0.185517525999999,4.99859330103488,2.96115334087615,0.431752902776046,6.91307070174884,-0.368078330383145,NaN,NaN,NaN,NaN,18.678777399,8.66203313528197,12.8850550536019,7.09383626203132,7.27190122368207,26.6033504435187,0.974518490686859,,1299.31737834976,30,169.676735270752,0.908443495999999,0,3.11575750990643,0.541162224620469,0,-0.407842192867025,NaN,NaN,NaN,NaN,15.9641030087318,0.0350000001490116,3.51094229126075,NaN,7.47190725456049,7.8711076035258,NaN,,1299.80728341403,30,170.692319147043
27.5,0.185517525999999,5.00751984145791,2.96847069748393,0.536821865808897,6.92955572237553,-0.363145375003891,NaN,NaN,NaN,NaN,18.7987977901667,8.68299311357046,13.0580249784645,7.11446483274482,7.27219211465802,26.9395483393862,0.974009744591286,,1301.15741525893,30,169.683687708005,0.908443495999999,0,3.12406604315868,0.602408315277561,0,-0.405222822270862,NaN,NaN,NaN,NaN,16.1245350735014,0.0349596496075565,3.54461109126628,NaN,7.47210996993463,7.93053320675679,NaN,,1299.12296242204,30,170.70073099142
27.5833333333333,0.185517525999999,5.00441822031252,2.97538658111734,0.462492090019454,6.94437218110851,-0.363258997558534,NaN,NaN,NaN,NaN,18.7994443778333,8.69453309155625,13.1215595069894,7.13862296396631,7.27170688176273,27.0630317487986,0.973330727152057,"Sample 1.50 mL to AMBR-96DWP-4/C7",1298.5604601371,30,169.558020287811,0.908443495999999,0,3.12827746939969,0.646587335111318,0,-0.408691762027056,NaN,NaN,NaN,NaN,15.4678872976667,0.0349594852915023,3.50352824557393,NaN,7.47257341360556,7.85802951967795,NaN,"Sample 1.50 mL to AMBR-96DWP-4/C8",1299.13521873752,29.9997947069313,170.590523608089
27.6666666666667,0.185517525999999,4.99610183817165,2.978156298,0.515055535294657,6.99425151042435,-0.367111647632025,NaN,NaN,NaN,NaN,18.391883641,8.52671647425153,13.202518267652,7.18001248266271,7.27722109114105,27.2207813974109,0.993337785027416,,1302.19203279774,29.9996000600313,167.899051747328,0.908443495999999,0,3.131409202,0.719655705986036,0,-0.045951048316116,NaN,NaN,NaN,NaN,15.7150255178333,0.0350799791653151,3.55202749645704,NaN,7.47638413130789,7.94363740935888,NaN,,1300.28119704934,29.9969914609683,168.914175061409
27.75,0.185517525999999,5.00701516280576,2.978156298,0.54035416123002,6.48926352153466,-0.363965839956091,NaN,NaN,NaN,NaN,18.2020264751667,7.99787071561746,13.2766378848781,6.19790501379176,7.27711025995928,27.3653643907535,1.04722988337353,,1299.94861512447,30.0032284571918,167.898788355474,0.908443495999999,0,3.131409202,0.638966590697551,0,-0.405117564709432,NaN,NaN,NaN,NaN,17.6288290410139,0.0354142279093483,3.5856068337881,NaN,7.47490556707265,8.00291143865661,NaN,,1303.83937139052,30.0004045432474,168.914175061409
27.8333333333333,0.185517525999999,5.00418514454349,2.97854010562179,0.453050224150374,6.70144717220324,-0.368549645204101,NaN,NaN,NaN,NaN,18.158797126,8.24503907002089,13.2906353059348,6.25470221553064,7.27294661346981,27.3926977820787,1.07143612725158,,1299.94955417506,30.0095997507275,167.898808218965,0.908443495999999,0,3.13595623562079,0.64964963758022,0,-0.403276108175273,NaN,NaN,NaN,NaN,16.8035722515791,0.0351481911704409,3.62203442291981,NaN,7.4716386047647,8.06724199839275,NaN,,1299.65385817144,30.0049002303781,168.918520213686
27.9166666666667,0.185517525999999,5.00511059384344,2.98688831973757,0.529875680057144,6.85730789667197,-0.364165097558699,NaN,NaN,NaN,NaN,18.3945754873333,8.44185104234707,13.2634677945793,6.44775158060881,7.27167838201833,27.3396797951259,1.06355259048315,,1301.03946040674,30.006855065198,167.906790778852,0.908443495999999,0,3.14672886685836,0.722426497472529,0,-0.405776295340574,NaN,NaN,NaN,NaN,15.9489682416245,0.0351605779477324,3.58602563179968,NaN,7.47152289534517,8.00365218382753,NaN,,1300.65541399803,30.0047346874059,168.929193753123
28,0.185517525999999,5.00327259860099,2.99552222517957,0.414725706940406,6.93677985326331,-0.362098692932435,NaN,NaN,NaN,NaN,18.3690430636667,8.54889610850376,13.261089355397,6.61430041793847,7.27191265420989,27.3350610966419,1.048785502363,,1300.58568935198,30,167.915255318572,0.908443495999999,0,3.16543440497125,0.774107692264379,0,-0.404091695539701,NaN,NaN,NaN,NaN,14.2836292519491,0.0352012034460538,3.59251202534665,NaN,7.4717942174844,8.01510695860176,NaN,,1300.70539395568,30,168.947791970771
28.0833333333333,0.185517525999999,4.99969438204781,3.00611020140828,0.49978879876201,6.96607074665048,-0.366766880377064,NaN,NaN,NaN,NaN,18,8.59643908691708,13.2799826225814,6.74993459181158,7.27178905406786,27.3720054284225,1.03204324503789,,1299.08556499584,30,167.9254858435,0.908443496,0,3.18512846225474,0.823287283109684,0,-0.405779825868103,NaN,NaN,NaN,NaN,15.0079445638971,0.0350798104341017,3.56321339957451,NaN,7.47156522751113,7.96337552995458,NaN,,1302.18668295114,30,168.967580354469
28.1666666666667,0.185517525999999,5.0022962390061,3.0151730672733,0.513970523898387,6.97784260855747,-0.366177968362412,NaN,NaN,NaN,NaN,18.8231128818333,8.62295891223658,13.3888392627184,6.86529016770658,7.27162264456657,27.5846544745262,1.01641338128286,,1300.79534833468,30.0048150628172,167.934280605524,0.908443496,0,3.20197492032614,0.798814083615873,0,-0.409156867370943,NaN,NaN,NaN,NaN,14.5099688111029,0.0350400466604832,3.62398891826943,NaN,7.47176245152911,8.07069059483564,NaN,,1300.94915534166,29.9956755477768,168.984436490578
28.25,0.185517525999999,5.00357381996667,3.02416703737747,0.508522648282761,6.98247861322234,-0.360684567350809,NaN,NaN,NaN,NaN,18.9196057761667,8.63932095043402,13.4821105104871,6.95881159751366,7.27162256637049,27.7671245116802,1.00341375863387,,1300.67540748992,30,167.943013910831,0.908443496,0,3.21691644080939,0.810872923402019,0,-0.410422642900266,NaN,NaN,NaN,NaN,15.7092754939643,0.0349333697189015,3.6075424553899,NaN,7.47149652284018,8.04164737577036,NaN,,1299.37754331435,29.9983021645822,168.99937905788
28.3333333333333,0.185517525999999,4.99688762887765,3.03418147971412,0.477469864207927,6.99971563439129,-0.361117593436799,NaN,NaN,NaN,NaN,19,8.6685940013388,13.5941696120285,7.03311473097882,7.27198780369045,27.9868692870129,0.995258129446762,,1299.35385107228,29.9982720986224,167.952761788483,0.908443496,0,3.23146604715275,0.750440924236943,0,-0.404982957504124,NaN,NaN,NaN,NaN,15.3981519260357,0.0348658189975808,3.62896500586349,NaN,7.47197095824976,8.07948387076557,NaN,,1299.6341762646,30.0010381663812,169.013934191062
28.4166666666667,0.185517525999999,4.99889476253592,3.040356324754,0.48175073923511,6.99802735935952,-0.356886796067852,NaN,NaN,NaN,NaN,18.3175446396667,8.67371429633146,13.6185547924504,7.09441545256752,7.27137767489806,28.0346192784548,0.986417462913723,,1300.4145689449,29.9957172173488,167.958776919806,0.908443496,0,3.24447828029774,0.766162779253716,0,-0.403201396320651,NaN,NaN,NaN,NaN,14.1941967146667,0.034677857540608,3.59297695601639,NaN,7.47173476035389,8.01592597262998,NaN,,1303.88267367344,30.0100002288818,169.0269553
28.5,0.185517525999999,4.9991900385114,3.04917972847987,0.527836513070032,7.00392797054723,-0.368713624845921,NaN,NaN,NaN,NaN,18.6783983661667,8.68617771108461,13.5946607533187,7.1353462567481,7.271800184176,27.9877755129513,0.981583586492847,,1300.44256090945,30,167.967239907865,0.908443496,0,3.25748763644906,0.717680517205118,0,-0.403914817871119,NaN,NaN,NaN,NaN,15.154877242,0.0343019879870547,3.6677629073965,NaN,7.4721424106859,8.14801245170996,NaN,,1300.96376473046,30.0042278834863,169.040046176251
28.5833333333333,0.185517525999999,5.0046070581015,3.0572940472334,0.436546556571505,7.02003207531521,-0.361195364468163,NaN,NaN,NaN,NaN,18.6387233891667,8.70985507363405,13.5427678768631,7.1733381690709,7.27180725103694,27.8859676380469,0.978629416127964,,1301.90824812384,30.0056271996217,167.975090832521,0.908443496,0,3.26579781329484,0.769043311699427,0,-0.405044365051242,NaN,NaN,NaN,NaN,15.156175876,0.0341603651541625,3.63904933440608,NaN,7.47190811086991,8.09729128246289,NaN,,1301.29265495749,29.9995978663544,169.048463917323
28.6666666666667,0.185517525999999,5.00343585272869,3.06628639162928,0.503441972668314,7.0251140008886,-0.363087655385947,NaN,NaN,NaN,NaN,18.7117747111979,8.72075979502351,13.5839063015647,7.20479496627372,7.27256043834217,27.9666372246438,0.975061855193237,,1300.21309826667,30.0100002288818,167.983920108258,0.908443496,0,3.27451570922128,0.775885341886183,0,-0.405160981974919,NaN,NaN,NaN,NaN,16.4019871781667,0.0340402709986707,3.665047478914,NaN,7.4722933335203,8.14321652755303,NaN,,1299.21558838458,30,169.057077466568
28.75,0.185517525999999,5.00032014141286,3.07244884511005,0.500793245930422,7.03434932846613,-0.361879574599783,NaN,NaN,NaN,NaN,18.3243046518021,8.73297528412662,13.6271914236456,7.23092550583487,7.27191377062652,28.0515578458951,0.972815180253555,,1300.80657959604,30.004051192964,167.989722879421,0.908443496,0,3.28110457667786,0.762918236063005,0,-0.404656618131434,NaN,NaN,NaN,NaN,15.192397815,0.0340794514427802,3.66259525980082,NaN,7.47168363899732,8.13888222970652,NaN,,1300.96373916465,30,169.06366906727
28.8333333333333,0.185517525999999,4.99553588797365,3.08019208738497,0.519699388412906,7.0520307808532,-0.363932793526769,NaN,NaN,NaN,NaN,18.8397392736667,8.75626969467227,13.7689935813639,7.25940043755736,7.27204681796813,28.3302959186276,0.971435546306269,,1299.88583334087,29.9944783737246,167.997294374261,0.908443496,0,3.2902754261293,0.748038806499176,0,-0.405247706262942,NaN,NaN,NaN,NaN,15.4025448876667,0.034000001847744,3.68955565439976,NaN,7.47179444145292,8.18651611860143,NaN,,1300.75841990735,30,169.072940070967
28.9166666666667,0.185517525999999,4.99625541162863,3.08818143949901,0.532054250127099,7.06442875252507,-0.363695975934817,NaN,NaN,NaN,NaN,18.7859970863761,8.77300642730673,13.7378391745632,7.27857242381689,7.27182626948579,28.2689410049223,0.970578962777703,,1300.20585905811,29.9990913047954,168.004924779154,0.908443495999999,0,3.29864198977193,0.766222269457109,0,-0.404134202191637,NaN,NaN,NaN,NaN,15.0848359109377,0.0340409444581933,3.72501860875844,NaN,7.47191936893283,8.24917854834716,NaN,,1299.3120101585,30,169.081207573589
29,0.185517525999999,4.99420514113339,3.09668301261321,0.486600816501236,7.07157491403615,-0.36429208972695,NaN,NaN,NaN,NaN,19.5366892299829,8.78409476559987,13.9103435967699,7.29043648396264,7.2719512844852,28.6087616668949,0.969979501044474,,1298.84758578772,30.00040203783,168.01326718116,0.908443495999999,0,3.3054164759074,0.81379069786933,0,-0.404608278131235,NaN,NaN,NaN,NaN,16.5877255078956,0.034000001847744,3.68466212542113,NaN,7.4718792618294,8.17788005230603,NaN,,1297.69636952383,29.9908297080702,169.088083552038
29.0833333333333,0.185517525999999,5.00424523793138,3.10336187685122,0.440596423902775,7.07680285658727,-0.364906045213501,NaN,NaN,NaN,NaN,18.9598252441411,8.79343640791159,13.9061743613715,7.30393729223392,7.27189537328636,28.6004228330257,0.969093675656236,,1299.8695866699,30,168.019580517762,0.908443495999999,0,3.31180732096772,0.813226212992493,0,-0.403394131210805,NaN,NaN,NaN,NaN,15.6964287819264,0.0340401968674633,3.67492725271711,NaN,7.47209304792002,8.16068640664474,NaN,,1299.81476417294,29.9899997711182,169.094472119218
29.1666666666667,0.185517525999999,5.0026273242517,3.108853678,0.47380801073606,7.15562932624913,-0.36410738471784,NaN,NaN,NaN,NaN,19.0955468581413,8.66236126866254,13.8498224283648,7.38748979093004,7.28068065322338,28.4893604410641,0.985271407546022,"Sample 1.50 mL to AMBR-96DWP-4/E3",1300.42502903386,30.0033654255484,166.247250486522,0.908443495999999,0,3.31913774939954,0.803893569919142,0,-0.401539515396783,NaN,NaN,NaN,NaN,16.3644027685121,0.0340804160359749,3.80639277533478,NaN,7.47770827401418,8.39302209882006,NaN,"Sample 1.50 mL to AMBR-96DWP-4/E4",1300.57421406064,29.9962851907017,167.341649403569
29.25,0.185517525999999,5.00632030975021,3.108853678,0.467432246297094,6.61071315045702,-0.360361154675673,NaN,NaN,NaN,NaN,19.265889310692,8.0681694085875,13.9368302973973,6.39511734210382,7.28236580627427,28.6609094373773,1.03502427126929,,1300.53901323206,30.0070829089629,166.230750926234,0.908443495999999,0,3.31948877,0.793496221397221,0,-0.404137156303835,NaN,NaN,NaN,NaN,17.661838855845,0.0344647031220062,3.78218373309076,NaN,7.47710539628558,8.35022155847659,NaN,,1299.73040543622,30.0094542645593,167.308254629409
29.3333333333333,0.185517525999999,5.00236160305361,3.108853678,0.448585930271656,6.79764092256518,-0.364503459065401,NaN,NaN,NaN,NaN,18.9102320399696,8.29147660971888,13.94785717197,6.39217111470737,7.27791336288337,28.6826668832085,1.0634365861641,,1299.45684544527,29.9984154740742,166.230486865927,0.908443495999999,0,3.32059734974765,0.751499975473559,0,-0.403805338808258,NaN,NaN,NaN,NaN,16.8565174167164,0.0343392327263139,3.78124962970603,NaN,7.47255480538843,8.34857052636303,NaN,,1300.44685026066,30.0104025893542,167.309261535678
29.4166666666667,0.185517525999999,5.00042335056029,3.108853678,0.511509243025048,6.95252973798141,-0.363351973740906,NaN,NaN,NaN,NaN,19.1748676838637,8.48286909979621,14.058547449017,6.57986915909815,7.2734970831864,28.9013916450067,1.05666269170794,,1301.55191163236,29.9935145120604,166.230222635086,0.908443495999999,0,3.32952842879972,0.763295637786418,0,-0.404826510562484,NaN,NaN,NaN,NaN,16.0888395631405,0.0343620801196689,3.81328631179681,NaN,7.47226146513305,8.40521088240585,NaN,,1299.11211978987,30.0062285868361,167.318092581057
29.5,0.185517525999999,5.0082446976892,3.11595657069801,0.4165354022971,7.05478538836154,-0.364774619807961,NaN,NaN,NaN,NaN,19.3968450665,8.61382240758192,14.1913083422144,6.74514399511027,7.27208380956853,29.1640120197725,1.04592866056687,,1298.62679725135,29.9992446192594,166.236857020552,0.908443495999999,0,3.34015464452144,0.711297910435098,0,-0.403942138780001,NaN,NaN,NaN,NaN,16.4276494709531,0.0341205690520989,3.78921591142569,NaN,7.47249381391546,8.36265592320092,NaN,,1298.96770825558,30,167.328718403495
29.5833333333333,0.185517525999999,4.99251793650582,3.12526288392198,0.511532299452396,7.12297060317786,-0.361574925794158,NaN,NaN,NaN,NaN,19.2739697783,8.70408656193061,14.1534409526834,6.88201281394648,7.27208071380428,29.0889827345328,1.03503011866981,,1299.83080630691,30.0004037596444,166.245897981866,0.908443495999999,0,3.34782160018043,0.819964016340336,0,-0.406995298517192,NaN,NaN,NaN,NaN,19.5373291156854,0.0344427056755407,3.80786283756921,NaN,7.4720005250278,8.39562121854517,NaN,,1299.99483998335,30.0008054221976,167.336435881975
29.6666666666667,0.185517525999999,4.99955857019244,3.13263796676167,0.403797225240518,7.1466086131403,-0.362910763293588,NaN,NaN,NaN,NaN,19.2397004558666,8.74248861166241,14.1755850528546,6.99573321723569,7.27166997296951,29.1328133554406,1.02158483000668,,1299.51904506291,30.0079501207846,166.253011850194,0.908443495999999,0,3.35599353127375,0.801985592143936,0,-0.403048611845029,NaN,NaN,NaN,NaN,18.2605144970543,0.034240767014581,3.81793661114822,NaN,7.47190343306677,8.41343279978476,NaN,,1300.40342739899,30.0027723204137,167.344604123435
29.75,0.185517525999999,5.01254070405884,3.14094928451033,0.391340138068899,7.17222353030963,-0.362190630186901,NaN,NaN,NaN,NaN,19.3298264155,8.78281473273465,14.1315422332381,7.09394858132945,7.27216906055872,29.0456530783044,1.01104296749686,,1298.33765634816,30.0100002288818,166.261162927284,0.908443495999999,0,3.36624072536131,0.74393862566206,0,-0.40486612180154,NaN,NaN,NaN,NaN,18.442633807597,0.034120086477752,3.80459674078828,NaN,7.47204382492012,8.38984468097871,NaN,,1299.77791920302,29.997223661326,167.354806078297
29.8333333333333,0.185517525999999,5.00383476656196,3.14799245033731,0.506555338399231,7.18716742961505,-0.364548359126965,NaN,NaN,NaN,NaN,19.281193783,8.80987318141727,14.2572121447643,7.17174125315255,7.27179205612073,29.2946576984765,1.00215818991139,,1298.70520514563,30.0089511360789,166.267939226299,0.908443495999999,0,3.37460795824692,0.756306575960572,0,-0.39993341143324,NaN,NaN,NaN,NaN,18.5100573412363,0.034000001847744,3.81758169223681,NaN,7.47219590312925,8.41280530207598,NaN,,1299.66990080349,29.9908115552414,167.363174090221
29.9166666666667,0.185517525999999,5.01265733133773,3.15633917245546,0.521040414675624,7.20572408312141,-0.363726649319562,NaN,NaN,NaN,NaN,18.9197132449355,8.8360112363247,14.2983961085301,7.24071013251639,7.27209049195327,29.3763234307194,0.995171994171778,,1301.13211665612,30,166.275927231466,0.908443495999999,0,3.38177926848537,0.708667733386398,0,-0.402349075657431,NaN,NaN,NaN,NaN,21.2503013928333,0.034000001847744,3.85002805255266,NaN,7.47251667071159,8.47018499279734,NaN,,1301.68666110865,29.9991526196955,167.370445097678
30,0.185517525999999,4.99762205181565,3.16410895815113,0.363640054227189,7.21896529277716,-0.361809805991968,NaN,NaN,NaN,NaN,19.1774412245645,8.85607897194892,14.3300098668015,7.296262749731,7.2717987124921,29.4390969582449,0.989408885095891,,1299.52235558649,30,166.28343103257,0.908443495999999,0,3.38870402899444,0.687458825886633,0,-0.399710075628886,NaN,NaN,NaN,NaN,18.1888796453333,0.034000001847744,3.82677103240749,NaN,7.47206424765249,8.42905519656831,NaN,,1301.32213424492,30,167.377270384579
30.0833333333333,0.185517525999999,5.00693403347519,3.1724582857329,0.394520965990615,7.23589332951139,-0.362017987064296,NaN,NaN,NaN,NaN,19.477027041,8.87838077937617,14.3193972993449,7.34476789802217,7.27186647213357,29.418003257488,0.985178940345238,,1301.22457378692,30,166.291619382919,0.908443495999999,0,3.39530519657131,0.709513991908166,0,-0.403776780533247,NaN,NaN,NaN,NaN,21.2507182141667,0.0339601557983272,3.84473046141502,NaN,7.47212924265622,8.4608142701195,NaN,,1302.36124319902,29.9979881652272,167.383971523845
30.1666666666667,0.185517525999999,4.99860275186339,3.18056748564501,0.5167279152571,7.23751829430247,-0.367403630083216,NaN,NaN,NaN,NaN,20,8.88597799025703,14.3395816329898,7.38528622616468,7.27193190228672,29.4580964496586,0.979992270049098,,1299.50901497313,30,166.299363949625,0.908443495999999,0,3.40166270208779,0.71578100434031,0,-0.405434164663513,NaN,NaN,NaN,NaN,19.030721745,0.034000001847744,3.83819889812262,NaN,7.47227632438373,8.44926640250936,NaN,,1300.36615685394,30,167.390330011824
30.25,0.185517525999999,4.9974869249324,3.18727517174136,0.528695937631511,7.24741875862924,-0.363012477956014,NaN,NaN,NaN,NaN,19.6345063793333,8.90019332900054,14.3918225740646,7.4127754207333,7.27163496725179,29.5619403128793,0.977693548370434,,1300.00158254591,30.0031835486218,166.305913135672,0.908443495999999,0,3.40743560194854,0.698153010846595,0,-0.405064906016451,NaN,NaN,NaN,NaN,20.4297038673333,0.034000001847744,3.83277145977539,NaN,7.47200476640395,8.43966588547151,NaN,,1298.80611933564,30,167.396097983112
30.3333333333333,0.185517525999999,5.00637068800895,3.19324746026428,0.445712431889805,7.25143772625374,-0.363689525243328,NaN,NaN,NaN,NaN,19.5971770182878,8.90841199745338,14.411527242949,7.42994902536298,7.2718837420723,29.601097353253,0.975974294248195,,1300.81725892156,30.0060007324344,166.311620770742,0.908443495999999,0,3.41307065570854,0.746107123582144,0,-0.401181873620718,NaN,NaN,NaN,NaN,22.8254836498333,0.0339600294765712,3.86275047348865,NaN,7.47205561660736,8.49269053598784,NaN,,1300.37534395341,29.9983893670297,167.401735781321
30.4166666666667,0.185517525999999,4.99998120882219,3.20048520404566,0.463667454725919,7.26986218504274,-0.364160322829083,NaN,NaN,NaN,NaN,19.5599244287805,8.93265628982221,14.4821783490409,7.44293891001123,7.2723629994988,29.7416524841167,0.976746381848604,,1302.05419232053,29.9972848319683,166.318493507967,0.908443495999999,0,3.41987693543993,0.743160528088597,0,-0.401439839025774,NaN,NaN,NaN,NaN,21.3436104196667,0.0339196191940109,3.83109632347725,NaN,7.47213495491929,8.4367045324621,NaN,,1300.35985316782,30.0004026255752,167.408441556399
30.5,0.185517525999999,5.00267042101983,3.20823975942468,0.497571955040756,7.27334888174445,-0.361673310050098,NaN,NaN,NaN,NaN,19.7617822654317,8.93739294347649,14.3868715857755,7.45314285566051,7.27163119812705,29.5521775172416,0.9758769191583,,1300.24534210486,29.9915285440332,166.325990125648,0.908443495999999,0,3.42626288065764,0.736070164152946,0,-0.401190669647497,NaN,NaN,NaN,NaN,17.6530785831667,0.033883105083327,3.84205884457403,NaN,7.47231012354307,8.45609186414079,NaN,,1298.64193457959,30,167.414929168728
30.5833333333333,0.185517525999999,5.01107563583581,3.21665799341796,0.494757244122853,7.2924325319034,-0.362313520334094,NaN,NaN,NaN,NaN,19.3569205741667,8.94735069357139,14.6370791641513,7.46711788438461,7.27253691607432,30.0504849930691,0.977135255071472,"Sample 1.50 mL to AMBR-96DWP-4/F11",1299.87517376077,29.9981036816577,166.131273223222,0.908443496,0,3.43141063916376,0.717925295268552,0,-0.401596305205011,NaN,NaN,NaN,NaN,18.9562125636667,0.0339562849943356,3.83930922056157,NaN,7.47276321776991,8.45122724687847,NaN,"Sample 1.50 mL to AMBR-96DWP-4/F12",1298.99473755939,30.0039597115487,167.271347554207
30.6666666666667,0.185517525999999,4.99230596573525,3.219508196,0.462614393500665,7.31377891737278,-0.360724241872362,NaN,NaN,NaN,NaN,19.7191030271667,8.70743988130146,14.621062838893,7.45719419975083,7.28030310843951,30.0185075165976,0.995249419428235,,1299.92084298945,29.99788627195,164.542932489628,0.908443496,0,3.434759574,0.748601665096783,0,-0.4006123892732,NaN,NaN,NaN,NaN,19.4349562638333,0.034000001847744,3.79915430721039,NaN,7.47731509100949,8.3802294771625,NaN,,1297.91436238306,29.9952378362617,165.629525433409
30.75,0.185517525999999,5.00444360782275,3.219508196,0.444377333799481,6.77388089420811,-0.364312414415066,NaN,NaN,NaN,NaN,19.7986372789654,8.18170153187453,14.7025844157416,6.44921879225104,7.28108706007083,30.1813259187764,1.05051907995598,,1301.12414181726,30,164.542669132545,0.908443496,0,3.434759574,0.755508278193727,0,-0.401970357536157,NaN,NaN,NaN,NaN,21.3941348186667,0.0340827959232144,3.90403257253296,NaN,7.47662124410124,8.56572329154563,NaN,,1300.15782187808,30,165.629525433409
30.8333333333333,0.185517525999999,5.0071231473132,3.219508196,0.418368333184115,6.99578815769342,-0.364386211220896,NaN,NaN,NaN,NaN,19.8002045632013,8.43671750957112,14.8214066649708,6.5276230556707,7.27759680247503,30.4191146690872,1.07172389434906,,1298.04279559429,30,164.542404637756,0.908443496,0,3.43609918781517,0.718896114094033,0,-0.401053447900528,NaN,NaN,NaN,NaN,21.609565529,0.0342387578337118,3.94434493827747,NaN,7.4722939396157,8.6370454610758,NaN,,1301.70377708501,30,165.630765452821
30.9166666666667,0.185517525999999,5.01670886107574,3.219508196,0.465524173482248,7.14030869909516,-0.361517071869975,NaN,NaN,NaN,NaN,19.7193803334364,8.61665029427876,14.8900678663837,6.7238453440959,7.27369397824903,30.5569122396993,1.06196606723837,,1299.09917743048,30,164.542140132207,0.908443496,0,3.44525726453813,0.790171713152545,0,-0.400759452736955,NaN,NaN,NaN,NaN,19.4458297515,0.0341205133593602,3.93514742746028,NaN,7.47211912094511,8.62076991543961,NaN,,1299.17721927525,30.0078841596133,165.639813495162
31,0.185517525999999,4.9984229426169,3.22427066505085,0.43289589808172,7.24532830404482,-0.3640592984729,NaN,NaN,NaN,NaN,20.1199956295636,8.74902109552206,14.7405181607712,6.89385524686294,7.27180828278053,30.2572443809808,1.05100602797275,,1299.83303017114,30,164.546442833483,0.908443496,0,3.45463666843417,0.688625256797,0,-0.400195090261648,NaN,NaN,NaN,NaN,17.7201670893556,0.0340400967626334,3.92829931179468,NaN,7.47212137570774,8.60865165265959,NaN,,1299.02991070231,30.0045571993519,165.649199336375
31.0833333333333,0.185517525999999,5.00711613602909,3.23226990810504,0.467957326866855,7.31692063021774,-0.360807523571167,NaN,NaN,NaN,NaN,20.0402725033333,8.84096038775911,14.814679541222,7.03431616411422,7.27182206228319,30.4056334561417,1.04019089324827,,1301.16532987409,30,164.554271538773,0.908443496,0,3.46316910941684,0.823722869344493,0,-0.400371639834726,NaN,NaN,NaN,NaN,19.2715555464778,0.034080418721137,3.90889781376252,NaN,7.47208714065448,8.57432456427552,NaN,,1300.95687087321,30,165.657832781759
31.1666666666667,0.185517525999999,4.99925500109979,3.24040187756807,0.459403777784234,7.35767957056711,-0.360526772512935,NaN,NaN,NaN,NaN,20.4832054543333,8.89888094571557,14.871389301239,7.15008976117315,7.2720471944887,30.5192443426477,1.02904551835058,,1301.83601935562,29.9967912706147,164.562043900345,0.908443496,0,3.47188609428963,0.744392843983958,0,-0.402056520231222,NaN,NaN,NaN,NaN,21.54624074,0.034000001847744,3.89368755865593,NaN,7.47231512665818,8.54741772563383,NaN,,1299.27099265194,30,165.666449364053
31.25,0.185517525999999,5.00620894526377,3.24816745472183,0.494083015281331,7.37587362011078,-0.361515251849971,NaN,NaN,NaN,NaN,20.4365989308333,8.92866756575301,14.8880826118275,7.24476232044605,7.27204183386671,30.5527151553386,1.01810683048542,,1299.97955634885,30.0004034448439,164.569643839476,0.908443496,0,3.47863155504335,0.663384915826782,0,-0.401780198750202,NaN,NaN,NaN,NaN,23.3957750065,0.034000001847744,3.95132319995541,NaN,7.47179244694467,8.64939917552857,NaN,,1299.30090253154,29.9967290509806,165.673295796422
31.3333333333333,0.185517525999999,5.0042718328198,3.2550902345937,0.482440817905904,7.38165187500654,-0.360470621099065,NaN,NaN,NaN,NaN,20.6242967268618,8.94505877779207,14.9550717876442,7.31808015972731,7.2718775012258,30.6871028175616,1.00869353737141,,1300.70558067342,30,164.576200085673,0.908443496,0,3.48561985522075,0.753792492636486,0,-0.402361949141898,NaN,NaN,NaN,NaN,21.5011453166667,0.034000001847744,3.9646570816547,NaN,7.4721252954268,8.6729962224279,NaN,,1298.15641602216,29.9944163212677,165.680186620947
31.4166666666667,0.185517525999999,5.00621339483617,3.26216368235521,0.45590336452034,7.39245340271362,-0.361454925956134,NaN,NaN,NaN,NaN,20.4503600724715,8.9646613482225,15.0413307279086,7.38051449680849,7.27181362365376,30.8604274564037,1.00162079636184,,1301.01800765576,30,164.583113602896,0.908443496,0,3.49219152691258,0.71901838827162,0,-0.399694512699458,NaN,NaN,NaN,NaN,26.0875364902371,0.034000001847744,3.95357767798934,NaN,7.47211837394277,8.65338676196009,NaN,,1298.34188494503,29.9972654630016,165.686854328732
31.5,0.185517525999999,5.00421204241265,3.27118986196062,0.486123353734005,7.40332968115499,-0.360782153332478,NaN,NaN,NaN,NaN,20.7177800438333,8.98197762339165,15.0276700060637,7.43042885702177,7.27214576228681,30.83297898264,0.996355521887613,,1299.7715917525,29.9987920162438,164.591777609998,0.908443496,0,3.49841327601404,0.721675862335462,0,-0.397312293092681,NaN,NaN,NaN,NaN,18.8490483560962,0.0339598408740223,3.95588193121529,NaN,7.47217389376632,8.65746414158481,NaN,,1299.15911991027,30.0003229950655,165.693079579877
31.5833333333333,0.185517525999999,4.99780701602181,3.27770610272959,0.457909138276283,7.40056595815605,-0.361608874741528,NaN,NaN,NaN,NaN,21.4429618345,8.98264069357461,15.1193072355661,7.46561327627554,7.2720805982334,31.0173432410681,0.991289226181989,,1300.01542381298,30,164.59812663074,0.908443496,0,3.50419276811298,0.675230198853999,0,-0.401570331330485,NaN,NaN,NaN,NaN,22.2959924173333,0.033959783999907,3.97335054398019,NaN,7.47239364715579,8.68838244529735,NaN,,1301.46673550026,30.0050647045226,165.698858429478
31.6666666666667,0.185517525999999,5.00163253462428,3.28475266974095,0.418061833566849,7.4062067612246,-0.362510635363597,NaN,NaN,NaN,NaN,21.571698529,8.99202487725535,15.2154697169491,7.49317897097272,7.27204033534919,31.211148896717,0.988394768801631,,1299.77123322439,30,164.604813672305,0.908443496,0,3.50935241828646,0.735644952026172,0,-0.400935199885275,NaN,NaN,NaN,NaN,25.1286161295,0.0336782964679574,3.99760527638188,NaN,7.47199905579545,8.73132092956975,NaN,,1304.16239874918,30.0089954659768,165.703922432176
31.75,0.185517525999999,5.01219552726815,3.29368470469743,0.432126867564463,7.40953089750607,-0.365441912563478,NaN,NaN,NaN,NaN,20.6707115975,9.00115183545663,15.1743269090139,7.52345254659896,7.27184722469825,31.1281779653935,0.984859848666931,,1299.04054381317,30,164.61348086644,0.908443496,0,3.51583100889362,0.751710282752482,0,-0.397729985063892,NaN,NaN,NaN,NaN,27.3620264444081,0.0338390344382016,4.02801315337286,NaN,7.47217621823018,8.78515592632167,NaN,,1299.45484377547,30.0004021672497,165.710495626059
31.8333333333333,0.185517525999999,5.002234163007,3.30281912796756,0.365196485954104,7.41061874244952,-0.362710965947535,NaN,NaN,NaN,NaN,21.8475977213069,9.00576381487332,15.224369726655,7.54551268215852,7.27231396009036,31.2291288110933,0.982123141901147,,1300.1693622608,29.9931637109167,164.622453308554,0.908443496,0,3.52142942484955,0.70191733405566,0,-0.401693651278581,NaN,NaN,NaN,NaN,23.8962808998111,0.0339194985410997,3.95968184956041,NaN,7.47223478350515,8.66419021722454,NaN,,1301.66270595536,30,165.716095201034
31.9166666666667,0.185517525999999,5.00275366842551,3.30498071503852,0.420055370285591,7.4075333483321,-0.362342171321623,NaN,NaN,NaN,NaN,21.2981914690517,9.00248565046038,15.2528407381725,7.56330511615093,7.27175149820084,31.2865874741546,0.979405335067258,,1300.29326286441,30,164.624352605047,0.908443496,0,3.52660454643507,0.629975650376323,0,-0.395618951330613,NaN,NaN,NaN,NaN,25.1186876277808,0.0337216013980722,3.96512750428943,NaN,7.47231127061533,8.67383362940959,NaN,,1299.33369989399,30,165.721270853218
32,0.185517525999999,5.00225428828279,3.31057158391146,0.473183470802879,7.41679630701649,-0.356833732133044,NaN,NaN,NaN,NaN,22.3881443280177,9.01535552750947,15.3814573402096,7.57955237049252,7.27218349213326,31.546550855214,0.978526978479913,,1300.35278826524,30.0003997920436,164.629679545784,0.908443496,0,3.53158497890039,0.734946301458025,0,-0.400556545680656,NaN,NaN,NaN,NaN,26.084840056,0.0339164627800926,3.96114364784792,NaN,7.47224399211275,8.66677935699778,NaN,,1298.47478406891,30,165.7262492097
32.0833333333333,0.185517525999999,4.99482684680365,3.31554745458726,0.391434073254017,7.44827752317293,-0.360710484012659,NaN,NaN,NaN,NaN,21.8655332677903,9.05205635794353,15.4426594476321,7.59558282676718,7.27204693767708,31.6704973459407,0.980606545806887,,1299.23161390519,30,164.634394443589,0.908443496,0,3.53695576877917,0.7023864788162,0,-0.400098937112046,NaN,NaN,NaN,NaN,21.1386602954454,0.0336781089529107,3.96550223984407,NaN,7.47239633015262,8.67449175147922,NaN,,1301.03849611355,29.9943652774361,165.73162289589
32.1666666666667,0.185517525999999,5.00557462180748,3.32126876514978,0.449620666819793,7.45985874009205,-0.360658506987558,NaN,NaN,NaN,NaN,21.7192039028333,9.06762540868445,15.4612418450762,7.60210742680905,7.27185716780089,31.7080672776665,0.981288466436,,1299.87561307881,30,164.639852978574,0.908443495999999,0,3.54109166039583,0.730661236432872,0,-0.404313182817378,NaN,NaN,NaN,NaN,19.9452283428879,0.0339188872532476,3.97722660197856,NaN,7.47214613630537,8.69524249640726,NaN,,1303.26555099848,30,165.735756932406
32.25,0.185517525999999,4.99359270219546,3.32702969985007,0.395301177269382,7.47670289581643,-0.361884285533836,NaN,NaN,NaN,NaN,22.1081168816667,9.08925007073311,15.5299352504203,7.60975663493502,7.27217394911073,31.8473905646204,0.982515471933235,,1299.42405660525,30,164.645349681613,0.908443495999999,0,3.5452678793794,0.629632120469434,0,-0.400174170015596,NaN,NaN,NaN,NaN,23.9078257388333,0.033840005265949,3.99048215077091,NaN,7.47223319252957,8.71870710905611,NaN,,1301.07860394857,30,165.739934171908
32.3333333333333,0.185517525999999,5.0186002839418,3.33367397753875,0.468932526435536,7.48838074451714,-0.362182267215022,NaN,NaN,NaN,NaN,22.0632099108334,9.10323916892789,15.4094407329153,7.61839132099976,7.27187629151519,31.6031370011983,0.982934886952566,,1300.64976490227,30,164.651632165539,0.908443495999999,0,3.549932988,0.709625036344418,0,-0.398472148517723,NaN,NaN,NaN,NaN,22.1204151858333,0.033839189601516,3.97485072220637,NaN,7.47283503241025,8.69103755883328,NaN,,1300.8573710746,30,165.744698847409
32.4166666666667,0.185517525999999,4.99902038044901,3.34239955122934,0.369839176219015,7.49727430331577,-0.360909989393387,NaN,NaN,NaN,NaN,24.6175369641666,9.11475181990778,15.4821270065066,7.62378271972187,7.27181764195968,31.7504076432512,0.983406355773061,,1298.25596268226,30,164.660195938257,0.908443495999999,0,3.55381200904047,0.777457171846507,0,-0.39563246494352,NaN,NaN,NaN,NaN,23.664732053,0.0339195793627635,4.0009028833335,NaN,7.47377261757753,8.73716016673867,NaN,,1300.18664741119,29.9990507137381,165.748478536675
32.5,0.185517525999999,5.00175707219121,3.3508646631247,0.440271096021891,7.49715031556366,-0.362176057044355,NaN,NaN,NaN,NaN,23.8747480829785,9.11229281126623,15.5727147105979,7.62911350306878,7.27208631368586,31.9341932491655,0.982703103866406,,1299.32172830846,29.9991976635847,164.668292177771,0.908443495999999,0,3.554919356,0.716064447817669,0,-0.400586569852699,NaN,NaN,NaN,NaN,24.222756307,0.0339199512876839,4.0158729287046,NaN,7.47430765593454,8.76365673196796,NaN,,1301.03530148793,29.9929003657027,165.749685215409
32.5833333333333,0.185517525999999,5.00371362009115,3.35826550156375,0.405060572562382,7.49150131163156,-0.363013744773238,NaN,NaN,NaN,NaN,24.6713201982225,9.10827312294472,15.585770261851,7.63569207302943,7.27175569452185,31.9607174655355,0.98111644504286,,1299.49357806352,29.9956640779806,164.675434607604,0.908443495999999,0,3.55595759612877,0.794891296172404,0,-0.39808276954659,NaN,NaN,NaN,NaN,23.8842990020249,0.0339598361826795,4.01826745838527,NaN,7.47189791895553,8.76789725694935,NaN,,1299.83016356078,30,165.750620121661
32.6666666666667,0.185517525999999,5.00137763589623,3.36611714509972,0.355380330706199,7.47523585367526,-0.35683344797772,NaN,NaN,NaN,NaN,23.9404387649656,9.09162983124546,15.679315852752,7.63680388204413,7.27220858420457,32.1509350101697,0.978843468347541,,1300.12668923583,29.9999014238706,164.683122702661,0.908443495999999,0,3.56279811737601,0.756104946964876,0,-0.399137963537423,NaN,NaN,NaN,NaN,21.0052114263084,0.0339548468302645,4.01106773938786,NaN,7.47179444829354,8.75514979726686,NaN,,1299.90423895158,30,165.757464378081
32.75,0.185517525999999,5.00276657364533,3.37216783985701,0.336199339219376,7.46571141036066,-0.362614799236903,NaN,NaN,NaN,NaN,23.9680155981088,9.07985764846049,15.7285705640107,7.62847061483178,7.27181767875479,32.2512638338367,0.978664408634852,,1301.39918607797,29.9909387828885,164.688909841814,0.908443495999999,0,3.56875844483864,0.665506599319895,0,-0.394883132027802,NaN,NaN,NaN,NaN,26.0788282735,0.0338412221633358,3.95888992222832,NaN,7.47212460051834,8.66278614203289,NaN,,1300.46167535972,29.9944478779299,165.763424832837
32.8333333333333,0.185517525999999,4.99990410378255,3.37721292112793,0.368954244796511,7.46743545721674,-0.361079695461515,NaN,NaN,NaN,NaN,23.7425978700579,9.08224445881598,15.7854183965553,7.62618760318758,7.27189983341289,32.3670478255632,0.979183559434504,,1300.13459815609,29.9986065482172,164.693693384285,0.908443495999999,0,3.57213423084083,0.767225823211172,0,-0.398850826327889,NaN,NaN,NaN,NaN,25.505382271,0.0339614016376217,4.00369131647442,NaN,7.47159904145112,8.742102987235,NaN,,1299.08608611997,29.9920087523857,165.766798956321
32.9166666666667,0.185517525999999,4.99638475670454,3.379753702,0.503583505971047,7.46930046218703,-0.35991000009272,NaN,NaN,NaN,NaN,27.2617697845,9.08525434720611,15.7186128161802,7.62728293735522,7.27153428893302,32.2309321814353,0.979287436728675,,1300.3070402872,29.9970632676874,164.696074026064,0.908443495999999,0,3.575001174,0.692148054721095,0,-0.399366195295999,NaN,NaN,NaN,NaN,26.2386750091667,0.0339596524708072,3.97031650142928,NaN,7.47208079846152,8.68301741145797,NaN,,1301.67861541981,29.9990673541123,165.769767033409
33,0.185517525999999,5.01208289102862,3.38466743401907,0.452210833182323,7.49279836498836,-0.360385951051566,NaN,NaN,NaN,NaN,25.4384159035062,9.11197561921188,15.7473393807697,7.63504716677123,7.27237524700748,32.2894352555523,0.981368818992424,,1298.0119025084,29.9992288558746,164.70062283823,0.908443495999999,0,3.57750006265647,0.706503963406296,0,-0.398845138958748,NaN,NaN,NaN,NaN,22.0803950848333,0.034000001847744,4.03689768480559,NaN,7.47232228775949,8.80088529414484,NaN,,1302.48377940798,30,165.772165679405
33.0833333333333,0.185517525999999,5.00255613159434,3.38866062681853,0.366604998320785,7.51539891692673,-0.358920647199073,NaN,NaN,NaN,NaN,26.7370850353329,9.1398255617807,15.792402833866,7.6383542721217,7.27253170873557,32.3812877255489,0.98390346408067,,1299.87913930378,29.9964628161572,164.704354380404,0.908443495999999,0,3.58000702,0.670158650306145,0,-0.394851763756168,NaN,NaN,NaN,NaN,24.1217104425,0.0339598604587287,4.01884469763178,NaN,7.47190810808231,8.76891821551409,NaN,,1298.84643049031,30.0015997956618,165.774772879409
33.1666666666667,0.185517525999999,5.00642917583766,3.39042152278887,0.427448865022791,7.53252425827995,-0.359249582296534,NaN,NaN,NaN,NaN,26.7272557434942,9.15669951249743,15.8745308295863,7.63780723057704,7.27151377127121,32.5489621101199,0.986215717527204,,1300.81467132687,30,164.70585455677,0.908443496,0,3.58309039440347,0.700328566377462,0,-0.396219986926415,NaN,NaN,NaN,NaN,28.4016391327205,0.034000001847744,4.00792390144213,NaN,7.47209227576231,8.74958268623995,NaN,,1300.25439346084,30.0016115612819,165.777753955738
33.25,0.185517525999999,5.00706871685477,3.394829674,0.390172674651138,7.55861942970434,9.8734485223776,NaN,NaN,NaN,NaN,24.9659560732006,9.18516007157299,15.8572645571466,7.63751145142528,7.27518529921028,32.5137079611743,0.989670699989105,,1299.75486716891,30.0017025988668,164.710099375236,0.908443496,0,3.58832589465633,0.736664310334586,0,-0.397504853906424,NaN,NaN,NaN,NaN,27.4051674277138,0.034000001847744,4.02367222769132,NaN,7.47268615999443,8.77746809465436,NaN,,1299.00794049502,30.0008101582943,165.782989992872
33.3333333333333,0.185517525999999,5.00157344427427,3.394829674,0.453653158082978,7.55628675840562,41.9844643544127,NaN,NaN,NaN,NaN,27.7154802583408,9.17579744450715,15.7847211206149,7.58889902580293,7.28731761854654,32.3656311508127,0.995739079489572,,1300.98984869209,29.9845032499323,164.709836485264,0.908443496,0,3.590116102,0.738776725406979,0,-0.395715539659488,NaN,NaN,NaN,NaN,21.9825571670657,0.0340402429742183,4.01222680919185,NaN,7.47195817822893,8.75720171357303,NaN,,1299.89020878989,30,165.784881961409
33.4166666666667,0.185517525999999,5.00160327793506,3.394829674,0.41208118285082,7.43917455790588,49.1852022570211,NaN,NaN,NaN,NaN,27.8586874904587,9.00246488745694,15.8017467968942,7.19750899240826,7.29942937367632,32.4003694631239,1.03394368925205,,1299.26570203846,29.9769482448026,164.709573091138,0.908443496,0,3.5906899470773,0.699375917954187,0,-0.398554086024055,NaN,NaN,NaN,NaN,22.835767424,0.034000001847744,4.0292237036846,NaN,7.47155388152587,8.78729568747173,NaN,,1300.74689548327,29.9984437361724,165.785356390447
33.5,0.185517525999999,5.00251694434564,3.394829674,0.344351065305807,7.23194928809116,50.0193912301504,NaN,NaN,NaN,NaN,32.2491617947152,8.71187328323767,15.7980299271444,6.62101893464424,7.31130706384707,32.3927961691055,1.0926996165181,,1300.69932419509,29.9754249519947,164.709308544215,0.908443496,0,3.5962663907002,0.701638486747826,0,-0.394604153960231,NaN,NaN,NaN,NaN,23.6400025564055,0.034040030816412,4.07631494244123,NaN,7.47223730280645,8.87069744429171,NaN,,1297.3363574226,29.995933165413,165.790931230222
33.5833333333333,0.185517525999999,5.00580434541614,3.394829674,0.45146086973699,7.00991326208374,50.9995415398375,NaN,NaN,NaN,NaN,28.2386636852848,8.4135724209946,15.855685576211,6.09065920672345,7.32255488474369,32.5104687983025,1.15128381669736,,1300.25972743027,29.9911631920045,164.709042864865,0.908443496,0,3.600127794,0.704089511195603,0,-0.399015556832566,NaN,NaN,NaN,NaN,21.8790126280945,0.0340795292668146,4.0165053476096,NaN,7.47243679038807,8.7647784368052,NaN,,1299.48248650985,30,165.794893653409
33.6666666666667,0.185517525999999,5.00758752969384,3.394829674,0.439405922451772,6.79431564509891,52.6110636326024,NaN,NaN,NaN,NaN,25.7999452603774,8.13314571233414,15.900074452602,5.64388276050377,7.3336700245738,32.6011143949703,1.20414260720522,,1299.35402104712,29.9962719664907,164.708776406192,0.908443496,0,3.6010497360214,0.735028787212277,0,-0.395538378790446,NaN,NaN,NaN,NaN,22.7303320738498,0.034239980008918,4.07197369363994,NaN,7.47200506911221,8.86300429027067,NaN,,1301.32336224148,29.9991950319245,165.795714587916
33.75,0.185517525999999,4.99014613252108,3.394829674,0.425098800906609,6.58411307202484,54.4094967030217,NaN,NaN,NaN,NaN,27.7917983067555,7.86375591586243,15.8545751925629,5.26268852795422,7.34454110427988,32.5081820224442,1.25137595190672,,1297.04491761366,29.9899997711182,164.708509296744,0.908443496,0,3.605153118,0.7003868234761,0,-0.396689813539239,NaN,NaN,NaN,NaN,19.5751665821502,0.0341206579631601,4.06114033075125,NaN,7.47536096124327,8.84381461807718,NaN,,1300.51175762043,30.0008031407241,165.799918977409
33.8333333333333,0.185517525999999,5.00905787376081,3.394829674,0.404904167819739,6.38704181570492,56.258814041539,NaN,NaN,NaN,NaN,26.5482266495338,7.61537449900794,15.8106219471773,4.92730965157675,7.35475425304828,32.4184636109985,1.29648938434869,,1301.02496370794,29.9940560476052,164.70824163797,0.908443496,0,3.605153118,0.694387225765801,0,-0.398791393970899,NaN,NaN,NaN,NaN,24.0091950896667,0.0344178265136368,4.02693710665548,NaN,7.4744851890865,8.78324894254891,NaN,,1298.93595466502,30.0012068351262,165.799918977409
33.9166666666667,0.185517525999999,5.00138975737009,3.394829674,0.396242277639937,6.20159765732688,57.2416255082818,NaN,NaN,NaN,NaN,29.8164054188401,7.38587596359178,15.9708422427328,4.62908779854571,7.36438079711757,32.7458448322111,1.3399223918379,,1299.38109730073,29.9987875221276,164.707973611177,0.908443496,0,3.605153118,0.700630757207323,0,-0.398255104094992,NaN,NaN,NaN,NaN,20.4957835047843,0.0343457385092171,4.01413163340085,NaN,7.473110337328,8.76057632463171,NaN,,1300.86040398061,29.9990786552359,165.799918977409
34,0.185517525999999,5.00388610751256,3.394829674,0.388540697277958,6.01876783845397,58.4799027656465,NaN,NaN,NaN,NaN,29.4687462544932,7.16127411007522,15.8499293090407,4.36686336552737,7.37334826087735,32.4987067700073,1.37845466601916,,1300.28417051608,29.99318154888,164.707705316305,0.908443496,0,3.60539344417551,0.6591680709283,0,-0.397185647972327,NaN,NaN,NaN,NaN,19.9054381027157,0.0346908547823344,3.98746794580597,NaN,7.47172892120338,8.71337264189546,NaN,,1298.42255208731,29.9949024993735,165.800058959356
34.0833333333333,0.185517525999999,4.99773021273162,3.394829674,0.413032407329567,5.84895841891075,59.4071441743799,NaN,NaN,NaN,NaN,26.9736330440704,6.95432989843143,15.8881651989028,4.1384330591062,7.38211526138601,32.5767801128584,1.41346854418557,,1299.44084788645,30,164.70743679654,0.908443496,0,3.61017834089394,0.719499883424051,0,-0.396028373219839,NaN,NaN,NaN,NaN,20.9044651086667,0.0346787860901693,4.03754951739385,NaN,7.47206696426649,8.80204046363806,NaN,,1298.45040509552,30,165.804943614441
34.1666666666667,0.185517525999999,5.00443813064848,3.394829674,0.438538985234585,5.68661547435941,61.1318143125592,NaN,NaN,NaN,NaN,24.7917540575744,6.75815379876734,15.8381398540661,3.93620993898449,7.39135526434208,32.4746325949782,1.44482676341796,,1299.93603052696,29.9979905154826,164.707168122724,0.908443496,0,3.61438032288124,0.663292081325198,0,-0.397942522054273,NaN,NaN,NaN,NaN,21.2560335838809,0.0348389750170507,4.01420062340803,NaN,7.47308878551704,8.76069757697564,NaN,,1302.21360958989,30,165.809046538985
34.25,0.189077808059929,5.00605152089001,3.394829674,0.492640814323708,5.52661728744181,62.9803645292031,NaN,NaN,NaN,NaN,27.836883754366,6.56692578040015,15.9502014329583,3.75300832544836,7.39942869607877,32.703653562491,1.47270046109393,,1300.05273640446,29.9943708918729,164.710260295105,0.908443496,0,3.61516481,0.721539091657399,0,-0.39683053789607,NaN,NaN,NaN,NaN,20.5450828124954,0.0349595960748141,4.07722862294321,NaN,7.47252446870881,8.87232957129154,NaN,,1299.52316486809,30,165.809930669409
34.3333333333333,0.206450884867213,5.00725725263446,3.394829674,0.429807157174712,5.38061578886222,64.3317706181524,NaN,NaN,NaN,NaN,26.9598175414409,6.39135527623396,15.9618675336106,3.57761450703646,7.39995980318128,32.7274876659925,1.50411120092242,,1298.94686750559,29.9998238027627,164.727157001151,0.908443496,0,3.61516481,0.699595993330479,0,-0.396851510961034,NaN,NaN,NaN,NaN,20.1389459737853,0.0350000001490116,4.00973120753082,NaN,7.47165059297425,8.75278576135466,NaN,,1300.44430683963,29.9991935213916,165.809930669409
34.4166666666667,0.222968759620365,5.00023158882896,3.394829674,0.344381441486833,5.27387720073665,65.3631723859278,NaN,NaN,NaN,NaN,29.1449594708233,6.26019853652997,15.8645112328508,3.41286407911353,7.39931927679082,32.5285187248463,1.54548757645397,,1300.56258391097,29.9925402701639,164.743535170126,0.908443496,0,3.61706795960419,0.739599124776842,0,-0.394737143677245,NaN,NaN,NaN,NaN,21.8201330200051,0.0350000001490116,4.02040498479528,NaN,7.47189102655881,8.7716812247332,NaN,,1300.21009789122,29.9963842256817,165.81173439291
34.5,0.238297057981581,4.99806666143467,3.394829674,0.477271174078993,5.20908521893262,66.259132476313,NaN,NaN,NaN,NaN,27.9111093357251,6.17706632353937,15.9443607687208,3.26100964216099,7.39956030940168,32.6916462747125,1.59757736762143,,1300.15495976035,29.9919773929822,164.758464675812,0.908443496,0,3.620112222,0.706708997334663,0,-0.396769087501684,NaN,NaN,NaN,NaN,26.3209488768333,0.035459560257674,3.98751107271559,NaN,7.47310421658937,8.71345067153467,NaN,,1301.24217062098,30,165.814878081409
34.5833333333333,0.249619532250319,4.99139166702478,3.394829674,0.442381711115954,5.15661778243023,67.0461472602647,NaN,NaN,NaN,NaN,27.4978178548333,6.10899626777994,15.8668794434774,3.12024361790964,7.38394106627905,32.533331192122,1.65283150888206,,1300.12011918818,29.99997644733,164.769924225913,0.908443496,0,3.620112222,0.740198366893035,0,-0.394981810998638,NaN,NaN,NaN,NaN,23.1403169533333,0.0356252190780538,3.97874450912342,NaN,7.47256273595189,8.69792787082052,NaN,,1300.70557935687,29.9979953733838,165.814878081409
34.6666666666667,0.249619624,4.99815357590165,3.394829674,0.42255187973525,5.16541077104824,67.8207084991011,NaN,NaN,NaN,NaN,26.3186693230488,6.11036205477699,15.8007732102024,2.99232983729973,7.39106634389239,32.3984010626404,1.7265126398267,,1300.01103375726,30,164.769654905934,0.908443496,0,3.620112222,0.705987747300246,0,-0.395678707907152,NaN,NaN,NaN,NaN,27.1917017975,0.0357721420472232,4.01740865039387,NaN,7.47143016313034,8.76637640507222,NaN,,1299.35138018094,30,165.814878081409
34.75,0.252526419416591,4.99598280046387,3.394829674,0.478836895001734,5.15730556132704,68.320346087303,NaN,NaN,NaN,NaN,32.4847446547845,6.09484066346835,15.9662608802225,2.87698898036035,7.39909832144029,32.736456774152,1.79275186555625,,1297.63869285209,30,164.772086532393,0.908443496,0,3.62358875357658,0.747589697670004,0,-0.398382774868772,NaN,NaN,NaN,NaN,26.2153746467017,0.0359999984502792,3.97728156524485,NaN,7.47208624212291,8.69534234453185,NaN,,1299.70570641485,30,165.81825138181
34.8333333333333,0.266112712222486,5.00948451111782,3.394829674,0.474020408483256,5.05670345126238,68.8301665647544,NaN,NaN,NaN,NaN,32.0036628326175,5.97690791113676,15.8292403702217,2.7730051903864,7.39976092008028,32.4565965673114,1.82361150910089,,1298.26093256547,30,164.785342969315,0.908443496,0,3.62637251955744,0.730291998252036,0,-0.397475436393239,NaN,NaN,NaN,NaN,26.6778551037983,0.0359999984502792,4.00451009854699,NaN,7.47251151087855,8.74353989383666,NaN,,1302.61024655671,30,165.821039694057
34.9166666666667,0.278996785320584,4.99949117149708,3.394829674,0.401848432924719,4.9652015127429,69.3732159979785,NaN,NaN,NaN,NaN,31.3288172709465,5.86985450099165,15.9858854989073,2.68135716131896,7.39975382569973,32.7766537351526,1.85182927169054,,1300.59824941753,29.997773675073,164.797950467171,0.908443496,0,3.63016287,0.721785493273825,0,-0.397989555088092,NaN,NaN,NaN,NaN,30.0425626695221,0.0362003041287094,3.9855236901333,NaN,7.47432450702893,8.70992918464683,NaN,,1300.37551747196,30,165.824928729409
35,0.290990452069487,5.007080564762,3.394829674,0.448028147827596,4.89859845681062,69.7911785953858,NaN,NaN,NaN,NaN,27.2472448566027,5.7894226148544,15.8181847751689,2.59910227004126,7.39948259070613,32.4339016306547,1.88480545024009,,1300.00489341592,29.9982138216219,164.809745875755,0.908443496,0,3.63016287,0.735581791538317,0,-0.397933845257154,NaN,NaN,NaN,NaN,24.437134519426,0.0366034914167383,4.01370279515411,NaN,7.47401252756911,8.75981692332758,NaN,,1298.02339276244,30,165.824928729409
35.0833333333333,0.302100356264538,5.00099715295606,3.394829674,0.404568958194558,4.84448270814171,70.228366497992,NaN,NaN,NaN,NaN,29.391705582,5.72409909917037,15.8496778599061,2.52624641647136,7.39931165180806,32.4981612629889,1.91774420026338,,1300.18559696755,29.9986660419972,164.820577885518,0.908443495999999,0,3.63016287,0.727241826201411,0,-0.400187276824937,NaN,NaN,NaN,NaN,25.8479285952251,0.0369463469968241,3.97076322232307,NaN,7.4744482681325,8.68380298844159,NaN,,1298.60819888763,30,165.824928729409
35.1666666666667,0.309424217187685,5.00191355467263,3.394829674,0.428992181249283,4.80377273409643,70.6852264992754,NaN,NaN,NaN,NaN,32.226229981791,5.67403308924955,15.8657502077361,2.45827828158652,7.39624351624018,32.5310065260657,1.95417724348608,,1301.74213307857,29.9948943276231,164.827769415758,0.908443495999999,0,3.63016287,0.730398366629545,0,-0.395242216359528,NaN,NaN,NaN,NaN,22.1218547054935,0.0370575319842867,3.98721035064186,NaN,7.47403477088131,8.71292289133978,NaN,,1299.75075572374,30,165.824928729409
35.25,0.31358847169149,4.9954278462412,3.394829674,0.400502909054904,4.76417323445429,70.9991560485264,NaN,NaN,NaN,NaN,35.8319135867501,5.62539279214523,15.8669132560131,2.40088440302404,7.39901921867982,32.5333663077294,1.98440178997885,,1301.11673198266,30,164.831596292848,0.908443495999999,0,3.63016287,0.75504070439088,0,-0.394733667910875,NaN,NaN,NaN,NaN,25.0491150568333,0.0376783470449924,3.95778775924613,NaN,7.47322401025872,8.66083689787835,NaN,,1300.36720605998,30,165.824928729409
35.3333333333333,0.324545367980637,5.01015725217458,3.394829674,0.475818383199242,4.71857033249933,71.2897756803422,NaN,NaN,NaN,NaN,28.0550103073975,5.57190254975557,15.9471905144863,2.3469009476014,7.39923116333908,32.6974572807935,2.01057768027011,,1299.42615741089,30.0052223979701,164.842145454644,0.908443495999999,0,3.63016287,0.736432035428896,0,-0.398003362292358,NaN,NaN,NaN,NaN,27.1036861236667,0.0379597953903997,3.97762029794525,NaN,7.4726997345748,8.69594315749774,NaN,,1301.71502397928,29.9986890240703,165.824928729409
35.4166666666667,0.334087185991463,4.99923104345053,3.394829674,0.423698090563784,4.66161813143254,71.5774364565029,NaN,NaN,NaN,NaN,28.1225996625613,5.50620006175518,15.84720827471,2.29951421376866,7.39954415480604,32.4931135453333,2.02724968136721,,1299.61970757261,30.002010048137,164.851543448479,0.908443495999999,0,3.63016287,0.763681776198012,0,-0.395710767561925,NaN,NaN,NaN,NaN,28.5980048738944,0.0382849191925114,4.00195648342618,NaN,7.47116280882999,8.7390253267778,NaN,,1301.40838613781,29.9944760858434,165.824928729409
35.5,0.343189702785029,5.00048056576799,3.394829674,0.490133386900859,4.61980394652474,71.8905386936109,NaN,NaN,NaN,NaN,38.7755392128941,5.45568488912523,15.8146443975203,2.25433996974197,7.39891420639504,32.4266828038047,2.04931344751479,,1300.88419979418,30,164.860318958906,0.908443495999999,0,3.6348197883361,0.761387864587937,0,-0.394897237624587,NaN,NaN,NaN,NaN,20.4069187019389,0.038919372441265,3.96125596146151,NaN,7.47244722134343,8.66698172251965,NaN,,1301.5027478196,30.0004027568165,165.829483865448
35.5833333333333,0.351073393712425,5.00221618637388,3.394829674,0.427522633654568,4.575606921404,72.1673546926249,NaN,NaN,NaN,NaN,42.8592526747672,5.40400338804102,15.8578122678325,2.21664472724908,7.39894654033589,32.5148104589712,2.06421907687508,,1301.06378898444,29.9991971275725,164.86799677773,0.908443495999999,0,3.635207672,0.737819309302125,0,-0.396776517016427,NaN,NaN,NaN,NaN,24.6640874558866,0.0391228266289875,3.96806865946253,NaN,7.47204967859071,8.67903455018714,NaN,,1301.8205597839,30,165.829973531409
35.6666666666667,0.358357180200973,4.99446299677721,3.394829674,0.541942668900444,4.53629695969824,72.3482887947653,NaN,NaN,NaN,NaN,30.6512544736739,5.35837998726064,15.744134330655,2.17799099747258,7.39905754647876,32.2828977305484,2.08281336077594,,1301.04749512002,29.9995968912571,164.875010641517,0.908443496,0,3.635207672,0.746786248908878,0,-0.394431204797888,NaN,NaN,NaN,NaN,23.1268691889468,0.0400115863774256,3.94352591501706,NaN,7.47149217975197,8.63559556383784,NaN,,1299.00448873659,30.0008017745124,165.829973531409
35.75,0.365618965896967,5.00124317440242,3.394829674,0.495727482025812,4.49091144837346,72.6416060141488,NaN,NaN,NaN,NaN,39.5961597149842,5.3058018170565,15.7736561733851,2.14323292260664,7.39858909995345,32.3430932467519,2.09539975433843,,1300.6234314457,30,164.882001458206,0.908443496,0,3.635207672,0.766023930762145,0,-0.396232403114662,NaN,NaN,NaN,NaN,23.3036567966484,0.0403399255904763,3.9336221336779,NaN,7.47151839818047,8.61807952497554,NaN,,1300.22801977109,30,165.829973531409
35.8333333333333,0.372348881374816,5.00116912949167,3.394829674,0.548751459726876,4.44406159635972,72.8862301292573,NaN,NaN,NaN,NaN,31.963049391594,5.25234150330021,15.7972501200374,2.11168360509362,7.39718000352591,32.3912782171915,2.10452411131662,,1299.87490532447,30,164.888460837797,0.908443496,0,3.635207672,0.785247848298444,0,-0.394240947410415,NaN,NaN,NaN,NaN,24.334092995852,0.0410399970385171,3.89293442754738,NaN,7.4719042704494,8.54608566504814,NaN,,1299.81830351282,30,165.829973531409
35.9166666666667,0.374990833716154,5.00524488081594,3.394829674,0.465882804617238,4.40118131355811,73.0786507716905,NaN,NaN,NaN,NaN,41.8681469865276,5.20279477508793,15.7723911348752,2.08263207919583,7.39754762793539,32.3405286624607,2.11330261626768,,1299.47090851322,30,164.890899936711,0.908443496,0,3.635207672,0.779821652154916,0,-0.396165683497052,NaN,NaN,NaN,NaN,19.0745586056826,0.0419799034828936,3.95936626374882,NaN,7.47183996365247,8.66362943693163,NaN,,1299.25833758946,29.9962347503758,165.829973531409
36,0.381076803553202,5.0009104051856,3.394829674,0.491125626425175,4.36679036198759,73.3603979079124,NaN,NaN,NaN,NaN,46.3607632628922,5.16267862950254,15.787743650825,2.05301584716243,7.39948108291395,32.371965796036,2.12701335694996,,1300.0543289516,30,164.896648115427,0.908443496,0,3.63565371386065,0.779380866994984,0,-0.395893040316393,NaN,NaN,NaN,NaN,25.6922174714837,0.0429339801071846,3.97887832516245,NaN,7.47137493647243,8.69816826289879,NaN,,1299.37394077235,29.9977380698012,165.830320123592
36.0833333333333,0.38874424747845,5.01532733693176,3.394829674,0.416919264833994,4.31291119624939,73.5910337627539,NaN,NaN,NaN,NaN,39.7275677086256,5.10048933028738,15.7257595924816,2.02760681432336,7.39976120643297,32.2455364766392,2.12710488572642,,1299.18307424685,30.0059661715217,164.904044796226,0.908443496,0,3.64019404,0.807969182848331,0,-0.396755029849007,NaN,NaN,NaN,NaN,22.998953178716,0.0438079420202295,3.98109659063982,NaN,7.47360137559346,8.70209208198173,NaN,,1301.05056642797,29.9995998630518,165.834959899409
36.1666666666667,0.399249958300375,4.99980063143347,3.394829674,0.544942707588365,4.37557473357317,74.5468223432179,NaN,NaN,NaN,NaN,45.6104459655413,5.04296855555366,15.7384709888195,2.05774002188104,7.39973821960623,32.271404481603,2.14680637888527,"Sample 7.00 mL to CDW Samples 3/D1",1300.12480039343,30.0100002288818,161.196331591332,0.908443496,0,3.64019404,0.788445026866833,0,-0.39636026706669,NaN,NaN,NaN,NaN,22.9638747436173,0.0453282731400098,3.90549885984216,NaN,7.47580470890603,8.56831350581388,NaN,"Sample 7.00 mL to CDW Samples 3/D2",1299.49231390183,29.9983918990643,162.01411756752
36.25,0.417424521051358,4.99839023113885,3.394829674,0.524779617386757,4.25280853572868,76.1936167666526,NaN,NaN,NaN,NaN,32.917298229,4.67392422212099,15.7328532467205,1.9316301305876,7.39881387660367,32.2599346485795,2.25750680678443,,1299.57979598824,30.0054842914176,157.638115589377,0.908443496,0,3.64019404,0.762429252758823,0,-0.396718237348216,NaN,NaN,NaN,NaN,27.3201219091797,0.052901010003586,4.03293143087478,NaN,7.4815980610071,8.79387143084531,NaN,,1297.25167478875,30.0047717781182,158.540959899409
36.3333333333333,0.426798690267669,5.0007829384291,3.394829674,0.499464364393221,4.07031266464143,76.2689745876873,NaN,NaN,NaN,NaN,30.4320611889621,4.59931305060349,15.7937662938262,1.66596150915878,7.39722857817789,32.3840643681018,2.44334668984979,,1300.10325973355,29.9904056135887,157.647287310471,0.908443496,0,3.64019404,0.817540062575522,0,-0.394117581230184,NaN,NaN,NaN,NaN,26.2270258896536,0.0577368943358419,4.09885083973404,NaN,7.48001568941263,8.91061033602806,NaN,,1300.0070002979,30.0093124984854,158.540959899409
36.4166666666667,0.429691674335683,5.0103655550269,3.394829674,0.478111050677691,4.16886452145219,76.444705549275,NaN,NaN,NaN,NaN,34.9078505728762,4.7062639498396,15.7381844729228,1.67203054159134,7.39841344508212,32.2708061502908,2.49329037034706,,1298.80973150252,29.9899997711182,157.649976668249,0.908443496,0,3.64019404,0.8203265698295,0,-0.396769507863932,NaN,NaN,NaN,NaN,28.9493109911102,0.0584138688845476,4.1529246883602,NaN,7.47727701876297,9.00642009234049,NaN,,1299.44228711557,30.0094824334832,158.540959899409
36.5,0.43612046953072,4.9993324647899,3.394829674,0.490918810245468,4.17884699174031,76.5650252097356,NaN,NaN,NaN,NaN,38.3977866723284,4.71814216755839,15.7638011766674,1.68353732665854,7.39798715289015,32.3229628387568,2.4822007859341,,1300.0098580324,29.9899997711182,157.656067967259,0.908443496,0,3.64019404,0.790413237624219,0,-0.395394776529885,NaN,NaN,NaN,NaN,24.5755718013898,0.0584824236293974,4.15648793409297,NaN,7.47308682834201,9.01273773251592,NaN,,1300.38805519843,30.0085984915675,158.540959899409
36.5833333333333,0.441369649777748,5.00628777037249,3.394829674,0.462345231801831,4.13836615581786,76.7558907282734,NaN,NaN,NaN,NaN,40.5598247512062,4.67465521856866,15.7347154070691,1.69358300351329,7.39924628811368,32.2637048641253,2.44357567349332,,1300.02207422638,29.9964666909325,157.661046614422,0.908443496,0,3.64481451810997,0.770621871563096,0,-0.39858875252136,NaN,NaN,NaN,NaN,27.4383682733333,0.0577584100686311,4.17202836019292,NaN,7.47184689447871,9.04027740135671,NaN,,1301.19510427394,29.9987904611516,158.54537851469
36.6666666666667,0.449085492778534,5.00221085906194,3.394829674,0.460614611612867,4.09642034577175,76.964503604838,NaN,NaN,NaN,NaN,44.4307657725281,4.62973499726788,15.7444914405527,1.69899231831809,7.39924504519354,32.2836367744531,2.41109328956917,,1298.17178964033,30,157.668490485271,0.908443496,0,3.65212099578436,0.781052878647732,0,-0.395669255789898,NaN,NaN,NaN,NaN,25.7733178363333,0.0572268667724158,4.15714917841624,NaN,7.47249374343287,9.01390374793795,NaN,,1299.99815338602,30,158.552784307606
36.75,0.45680305378832,5.00295517301608,3.394829674,0.530464629619206,4.05010979296073,77.2489781360488,NaN,NaN,NaN,NaN,31.6423862673557,4.58039897496676,15.6938062409898,1.70221499552844,7.39947603314765,32.1805106274973,2.37933070217382,,1299.93320804858,30.0032140253015,157.675938302533,0.908443496,0,3.65793293043214,0.779618752973999,0,-0.395484835438339,NaN,NaN,NaN,NaN,27.0964582595,0.0564328780621924,4.15499121207033,NaN,7.47240138135837,9.01007782053253,NaN,,1297.90869719123,29.9991570944012,158.558599348804
36.8333333333333,0.463789736248565,5.01267949426419,3.394829674,0.505900120488476,4.01239814393098,77.3626114640025,NaN,NaN,NaN,NaN,41.7882048540767,4.53954135175469,15.7303742276426,1.70351561418717,7.39911666954278,32.2549010107838,2.35536596961425,,1300.55368279906,30,157.682658443251,0.908443496,0,3.66352451712552,0.753208204486695,0,-0.395634629405678,NaN,NaN,NaN,NaN,21.8976991808333,0.0558800785898373,4.18027598239605,NaN,7.47256335382086,9.05488921665957,NaN,,1299.82943829001,29.9948193787577,158.564189515859
36.9166666666667,0.469981815834985,4.99895775625572,3.394829674,0.441511229098803,3.96939451094883,77.5826652983841,NaN,NaN,NaN,NaN,33.0049829909801,4.49304662146316,15.7449830396156,1.70112222114924,7.39877146690048,32.2846616024335,2.33339473869139,,1300.09076262984,30,157.688575024176,0.908443496,0,3.66710792045304,0.781793894967707,0,-0.395959042638645,NaN,NaN,NaN,NaN,27.5224331336667,0.0551605357864779,4.21719165183956,NaN,7.47200249703793,9.12032783194593,NaN,,1301.05975950524,30.0047648851471,158.56777284616
37,0.476361547916919,4.9984238533901,3.394829674,0.483619621709263,3.92789314864073,77.7522598401277,NaN,NaN,NaN,NaN,36.2537780066866,4.4475066380933,15.6618225400971,1.69577163665153,7.39891904272153,32.1153398046944,2.316282921708,,1299.43781548745,30.0008117102231,157.694685279927,0.908443496,0,3.67230054504786,0.772100670852128,0,-0.394455908522325,NaN,NaN,NaN,NaN,27.0411226410009,0.054848770009376,4.17965867750213,NaN,7.47206907484148,9.05379653901325,NaN,,1298.18021600732,30.0020624937456,158.572966780708
37.0833333333333,0.482864134410459,5.00583153803846,3.394829674,0.452550809527163,3.8872937539324,77.9565487940908,NaN,NaN,NaN,NaN,40.304636595,4.40330650418815,15.6407174376756,1.68984642389851,7.39848771188531,32.0723970601412,2.30038085968624,,1299.31123370964,29.9979962391269,157.700920157061,0.908443496,0,3.67827619392436,0.779565002025646,0,-0.395821911611922,NaN,NaN,NaN,NaN,27.0103759836188,0.0542417791356595,4.16739829170894,NaN,7.47310382549859,9.03207679256257,NaN,,1300.3351200213,29.9971826270253,158.578942176058
37.1666666666667,0.487408776089718,2.17123825226304,3.394829674,0.401789495588834,3.86106610436203,78.2360248747492,NaN,NaN,NaN,NaN,32.9682259790995,4.37502637240198,15.8810598452573,1.68448524240993,7.39931455574078,32.564340113949,2.29213495612604,,1299.08667866529,30,157.705326180254,0.908443496,0,3.680338198,0.751514582638706,0,-0.403202176770948,NaN,NaN,NaN,NaN,17.5172498704646,0.0540000014007092,4.42823057391822,NaN,7.4734036322876,9.49490847699159,NaN,,1303.60098970696,30,158.581104057409
37.25,0.488186168,0,3.394829674,0.363651503135255,NaN,NaN,NaN,NaN,NaN,NaN,NaN,NaN,13.0673617995607,NaN,NaN,27.2398082693323,NaN,,NaN,NaN,157.706127727718,0.908443496,0,3.680338198,0.779408932807586,NaN,NaN,NaN,NaN,NaN,NaN,NaN,NaN,12.058839345802,NaN,NaN,23.6920113518708,NaN,,NaN,NaN,158.581104057409
37.3333333333333,0.488186168,0,3.394829674,24.9431383373722,NaN,NaN,NaN,NaN,NaN,NaN,NaN,NaN,5.1488859640359,NaN,NaN,12.274310458685,NaN,,NaN,NaN,157.706127727718,0.908443496,0,3.680338198,23.5741186154953,NaN,NaN,NaN,NaN,NaN,NaN,NaN,NaN,13.4472329340949,NaN,NaN,26.2035147215624,NaN,,NaN,NaN,158.581104057409
37.4166666666667,0.488186168,0,3.394829674,0.914131097396674,NaN,NaN,NaN,NaN,NaN,NaN,NaN,NaN,5.16259370440519,NaN,NaN,12.298740044974,NaN,,NaN,NaN,157.706127727718,0.908443496,0,3.680338198,1.42423147963716,NaN,NaN,NaN,NaN,NaN,NaN,NaN,NaN,NaN,NaN,NaN,NaN,NaN,,NaN,NaN,158.581104057409
37.5,0.488186168,0,3.394829674,0.680799245450747,NaN,NaN,NaN,NaN,NaN,NaN,NaN,NaN,NaN,NaN,NaN,NaN,NaN,,NaN,NaN,157.706127727718,0.908443496,0,3.680338198,1.49948030474879,NaN,NaN,NaN,NaN,NaN,NaN,NaN,NaN,NaN,NaN,NaN,NaN,NaN,,NaN,NaN,158.581104057409
37.5833333333333,0.488186168,0,3.394829674,0.451486671557041,NaN,NaN,NaN,NaN,NaN,NaN,NaN,NaN,NaN,NaN,NaN,NaN,NaN,,NaN,NaN,157.706127727718,0.908443496,0,3.680338198,1.28497457762428,NaN,NaN,NaN,NaN,NaN,NaN,NaN,NaN,NaN,NaN,NaN,NaN,NaN,,NaN,NaN,158.581104057409
37.6666666666667,0.488186168,0,3.394829674,0.291672831187434,NaN,NaN,NaN,NaN,NaN,NaN,NaN,NaN,NaN,NaN,NaN,NaN,NaN,,NaN,NaN,157.706127727718,0.908443496,0,3.680338198,1.14648223970783,NaN,NaN,NaN,NaN,NaN,NaN,NaN,NaN,NaN,NaN,NaN,NaN,NaN,,NaN,NaN,158.581104057409
37.75,0.488186168,0,3.394829674,0.199723786938808,NaN,NaN,NaN,NaN,NaN,NaN,NaN,NaN,NaN,NaN,NaN,NaN,NaN,,NaN,NaN,157.706127727718,0.908443496,0,3.680338198,1.15608028733094,NaN,NaN,NaN,NaN,NaN,NaN,NaN,NaN,NaN,NaN,NaN,NaN,NaN,,NaN,NaN,158.581104057409
37.8333333333333,0.488186168,0,3.394829674,0.415526075042853,NaN,NaN,NaN,NaN,NaN,NaN,NaN,NaN,NaN,NaN,NaN,NaN,NaN,,NaN,NaN,157.706127727718,0.908443496,0,3.680338198,1.34920112325867,NaN,NaN,NaN,NaN,NaN,NaN,NaN,NaN,NaN,NaN,NaN,NaN,NaN,,NaN,NaN,158.581104057409
37.9166666666667,0.488186168,0,3.394829674,0.426279469773953,NaN,NaN,NaN,NaN,NaN,NaN,NaN,NaN,NaN,NaN,NaN,NaN,NaN,,NaN,NaN,157.706127727718,0.908443496,0,3.680338198,1.44663335130426,NaN,NaN,NaN,NaN,NaN,NaN,NaN,NaN,NaN,NaN,NaN,NaN,NaN,,NaN,NaN,158.581104057409
38,0.488186168,0,3.394829674,0.50218421757491,NaN,NaN,NaN,NaN,NaN,NaN,NaN,NaN,NaN,NaN,NaN,NaN,NaN,,NaN,NaN,157.706127727718,0.908443496,0,3.680338198,1.61163041072378,NaN,NaN,NaN,NaN,NaN,NaN,NaN,NaN,NaN,NaN,NaN,NaN,NaN,,NaN,NaN,158.581104057409
38.0833333333333,0.488186168,0,3.394829674,0.595467928551182,NaN,NaN,NaN,NaN,NaN,NaN,NaN,NaN,NaN,NaN,NaN,NaN,NaN,,NaN,NaN,157.706127727718,0.908443496,0,3.680338198,1.8394024589565,NaN,NaN,NaN,NaN,NaN,NaN,NaN,NaN,NaN,NaN,NaN,NaN,NaN,,NaN,NaN,158.581104057409
38.1666666666667,0.488186168,0,3.394829674,0.65655186115135,NaN,NaN,NaN,NaN,NaN,NaN,NaN,NaN,NaN,NaN,NaN,NaN,NaN,,NaN,NaN,157.706127727718,0.908443495999999,0,3.680338198,1.99657921007017,NaN,NaN,NaN,NaN,NaN,NaN,NaN,NaN,NaN,NaN,NaN,NaN,NaN,,NaN,NaN,158.581104057409
38.25,0.488186168,0,3.394829674,0.633793783834336,NaN,NaN,NaN,NaN,NaN,NaN,NaN,NaN,NaN,NaN,NaN,NaN,NaN,,NaN,NaN,157.706127727718,0.908443496,0,3.680338198,2.07830827084837,NaN,NaN,NaN,NaN,NaN,NaN,NaN,NaN,NaN,NaN,NaN,NaN,NaN,,NaN,NaN,158.581104057409
38.3333333333333,0.488186168,0,3.394829674,0.545815536900327,NaN,NaN,NaN,NaN,NaN,NaN,NaN,NaN,NaN,NaN,NaN,NaN,NaN,,NaN,NaN,157.706127727718,0.908443496,0,3.680338198,2.112203457242,NaN,NaN,NaN,NaN,NaN,NaN,NaN,NaN,NaN,NaN,NaN,NaN,NaN,,NaN,NaN,158.581104057409
38.4166666666667,0.488186168,0,3.394829674,0.582114126669546,NaN,NaN,NaN,NaN,NaN,NaN,NaN,NaN,NaN,NaN,NaN,NaN,NaN,,NaN,NaN,157.706127727718,0.908443496,0,3.680338198,2.17536909854006,NaN,NaN,NaN,NaN,NaN,NaN,NaN,NaN,NaN,NaN,NaN,NaN,NaN,,NaN,NaN,158.581104057409
38.5,0.488186168,0,3.394829674,0.223686017600899,NaN,NaN,NaN,NaN,NaN,NaN,NaN,NaN,NaN,NaN,NaN,NaN,NaN,,NaN,NaN,157.706127727718,0.908443496,0,3.680338198,1.86249611562589,NaN,NaN,NaN,NaN,NaN,NaN,NaN,NaN,NaN,NaN,NaN,NaN,NaN,,NaN,NaN,158.581104057409
38.5833333333333,0.488186168,0,3.394829674,0.103531151803932,NaN,NaN,NaN,NaN,NaN,NaN,NaN,NaN,NaN,NaN,NaN,NaN,NaN,,NaN,NaN,157.706127727718,0.908443495999999,0,3.680338198,1.7924171439577,NaN,NaN,NaN,NaN,NaN,NaN,NaN,NaN,NaN,NaN,NaN,NaN,NaN,,NaN,NaN,158.581104057409
38.6666666666667,0.488186168,0,3.394829674,0.133593487256841,NaN,NaN,NaN,NaN,NaN,NaN,NaN,NaN,NaN,NaN,NaN,NaN,NaN,,NaN,NaN,157.706127727718,,,,,,,,,,,,,,,,,,,,,
