"Time","Bioreactor 17 - Acid volume pumped","Bioreactor 17 - Air flow","Bioreactor 17 - Base volume pumped","Bioreactor 17 - Bioreactor pressure reading","Bioreactor 17 - CER","Bioreactor 17 - DO","Bioreactor 17 - Feed#1 flow rate","Bioreactor 17 - Feed#1 volume pumped","Bioreactor 17 - Feed#2 flow rate","Bioreactor 17 - Feed#2 volume pumped","Bioreactor 17 - Foam sensor","Bioreactor 17 - Off-gas CO2%","Bioreactor 17 - Optical density","Bioreactor 17 - OUR","Bioreactor 17 - pH","Bioreactor 17 - Reflectance","Bioreactor 17 - RQ","Bioreactor 17 - Sampling events","Bioreactor 17 - Stir speed","Bioreactor 17 - Temperature","Bioreactor 17 - Volume","Bioreactor 18 - Acid volume pumped","Bioreactor 18 - Air flow","Bioreactor 18 - Base volume pumped","Bioreactor 18 - Bioreactor pressure reading","Bioreactor 18 - CER","Bioreactor 18 - DO","Bioreactor 18 - Feed#1 flow rate","Bioreactor 18 - Feed#1 volume pumped","Bioreactor 18 - Feed#2 flow rate","Bioreactor 18 - Feed#2 volume pumped","Bioreactor 18 - Foam sensor","Bioreactor 18 - Off-gas CO2%","Bioreactor 18 - Optical density","Bioreactor 18 - OUR","Bioreactor 18 - pH","Bioreactor 18 - Reflectance","Bioreactor 18 - RQ","Bioreactor 18 - Sampling events","Bioreactor 18 - Stir speed","Bioreactor 18 - Temperature","Bioreactor 18 - Volume","Bioreactor 19 - Acid volume pumped","Bioreactor 19 - Air flow","Bioreactor 19 - Base volume pumped","Bioreactor 19 - Bioreactor pressure reading","Bioreactor 19 - CER","Bioreactor 19 - DO","Bioreactor 19 - Feed#1 flow rate","Bioreactor 19 - Feed#1 volume pumped","Bioreactor 19 - Feed#2 flow rate","Bioreactor 19 - Feed#2 volume pumped","Bioreactor 19 - Foam sensor","Bioreactor 19 - Off-gas CO2%","Bioreactor 19 - Optical density","Bioreactor 19 - OUR","Bioreactor 19 - pH","Bioreactor 19 - Reflectance","Bioreactor 19 - RQ","Bioreactor 19 - Sampling events","Bioreactor 19 - Stir speed","Bioreactor 19 - Temperature","Bioreactor 19 - Volume","Bioreactor 20 - Acid volume pumped","Bioreactor 20 - Air flow","Bioreactor 20 - Base volume pumped","Bioreactor 20 - Bioreactor pressure reading","Bioreactor 20 - CER","Bioreactor 20 - DO","Bioreactor 20 - Feed#1 flow rate","Bioreactor 20 - Feed#1 volume pumped","Bioreactor 20 - Feed#2 flow rate","Bioreactor 20 - Feed#2 volume pumped","Bioreactor 20 - Foam sensor","Bioreactor 20 - Off-gas CO2%","Bioreactor 20 - Optical density","Bioreactor 20 - OUR","Bioreactor 20 - pH","Bioreactor 20 - Reflectance","Bioreactor 20 - RQ","Bioreactor 20 - Sampling events","Bioreactor 20 - Stir speed","Bioreactor 20 - Temperature","Bioreactor 20 - Volume","Bioreactor 21 - Acid volume pumped","Bioreactor 21 - Air flow","Bioreactor 21 - Base volume pumped","Bioreactor 21 - Bioreactor pressure reading","Bioreactor 21 - CER","Bioreactor 21 - DO","Bioreactor 21 - Feed#1 flow rate","Bioreactor 21 - Feed#1 volume pumped","Bioreactor 21 - Feed#2 flow rate","Bioreactor 21 - Feed#2 volume pumped","Bioreactor 21 - Foam sensor","Bioreactor 21 - Off-gas CO2%","Bioreactor 21 - Optical density","Bioreactor 21 - OUR","Bioreactor 21 - pH","Bioreactor 21 - Reflectance","Bioreactor 21 - RQ","Bioreactor 21 - Sampling events","Bioreactor 21 - Stir speed","Bioreactor 21 - Temperature","Bioreactor 21 - Volume","Bioreactor 22 - Acid volume pumped","Bioreactor 22 - Air flow","Bioreactor 22 - Base volume pumped","Bioreactor 22 - Bioreactor pressure reading","Bioreactor 22 - CER","Bioreactor 22 - DO","Bioreactor 22 - Feed#1 flow rate","Bioreactor 22 - Feed#1 volume pumped","Bioreactor 22 - Feed#2 flow rate","Bioreactor 22 - Feed#2 volume pumped","Bioreactor 22 - Foam sensor","Bioreactor 22 - Off-gas CO2%","Bioreactor 22 - Optical density","Bioreactor 22 - OUR","Bioreactor 22 - pH","Bioreactor 22 - Reflectance","Bioreactor 22 - RQ","Bioreactor 22 - Sampling events","Bioreactor 22 - Stir speed","Bioreactor 22 - Temperature","Bioreactor 22 - Volume"
0,5.411387014,0,5.18347811616405,0.773387610479281,0,97.5096919353835,NaN,NaN,NaN,NaN,16.7183380811494,0.165827272716101,1.11194243805703,NaN,6.47320445025467,4.27349862480545,NaN,,1299.63815033002,29.9990468905268,215.704325792087,1.166604908,0,2.147419598,0.603572223985281,0,98.3715711401503,NaN,NaN,NaN,NaN,14.5212572191153,0.0669814715953317,NaN,NaN,7.49456539699031,4.67923853165654,NaN,,1297.37961530517,29.9991017481122,208.422132102709,0.0282131980000005,59.9827433510295,0,1.5092017854024,0.0716238020996896,99.9421017203847,NaN,NaN,NaN,NaN,17.1126155270429,0.00899999961256981,NaN,NaN,7.32737344012529,3.0386767439949,NaN,,1298.55676309033,29.9991873056378,204.663440110804,0.0315439359999994,40.0046703076371,0.0355564040000003,1.05797606970104,0.1499394638219,99.694146721337,NaN,NaN,NaN,NaN,13.6621211309925,0.0283302280182383,NaN,0.0304553986454349,7.39073464209236,3.67671612227255,4.87663736686703,,1300.77917673107,29.9992799580553,204.85566913709,0.0683378780000004,19.9986932174403,0.0181235939999996,1.52869663069382,0.0549054778872433,99.9930840722479,NaN,NaN,NaN,NaN,14.7606990533043,0.0207202467316605,NaN,NaN,7.34913387048729,4.30371387092348,NaN,,1302.25255839119,29.9994965720249,205.031131592781,0.122077679999999,10.0059463459701,0.0798883320000004,2.77123020009739,0.13026191284759,99.9705356813514,NaN,NaN,NaN,NaN,15.1218859404737,0.0984274870686644,2.16952391005962,NaN,7.39607874588798,4.48924589754963,NaN,,1299.06026783093,29.9995520948496,205.222540112202
0.0833333333333333,5.411387014,0,5.186377158,0.763410026817758,0,90.1736734705044,NaN,NaN,NaN,NaN,16.8610731140173,0.170926711156379,1.44144356136242,NaN,6.47378465640868,4.8482072557427,NaN,,1300.16571980099,29.8884779581301,220.557889245286,1.166604908,0,2.14950354541451,0.602391717422244,0,89.8121552090374,NaN,NaN,NaN,NaN,14.7047602107155,0.0673086767440833,1.1059613146759,NaN,7.47267543319279,5.35148221302055,NaN,,1298.24910087999,29.8877325284688,213.276146726784,0.0282131980000005,60.0106403829472,0,1.6006520393231,0.0700313960218478,96.0542732367288,NaN,NaN,NaN,NaN,17.0494327564181,0.0161954543237203,NaN,NaN,7.30869377893714,3.6981916765812,NaN,,1301.94483927887,29.8905171061792,209.511889435155,0.0315439359999994,39.9738454381814,0.0355564040000003,1.08629976672563,0.145211351553429,95.6304706913781,NaN,NaN,NaN,NaN,13.8148648598408,0.0374896307180431,1.04395113430893,NaN,7.36852972673269,4.28431767435767,NaN,,1299.87897302805,29.8856016438973,209.70725931972,0.0683378780000004,19.9521336191074,0.0181235939999996,1.54576746236344,0.0544900369013507,95.2721375350767,NaN,NaN,NaN,NaN,14.9170352643623,0.0269077549728528,NaN,NaN,7.33213035136984,4.6397313004974,NaN,,1302.4560843736,29.8860827591898,209.883253851202,0.122077679999999,10.018201421421,0.0798883320000004,2.76852402352539,0.126699495001493,94.0831648409769,NaN,NaN,NaN,NaN,15.0538174029531,0.0994092109442368,NaN,NaN,7.37767033233824,2.69100488170086,NaN,,1300.17290993007,29.8961689986532,210.075448597782
0.166666666666667,5.411387014,0,5.186377158,0.764004230812415,0,79.5346724029199,NaN,NaN,NaN,NaN,16.978248508,0.177808038138748,1.47473058041664,NaN,6.47562853686673,4.90629456266456,NaN,,1300.30743805817,29.9758915252388,220.557889245286,1.166604908,0,2.151899538,0.604784956727309,0,77.3787966240079,NaN,NaN,NaN,NaN,14.64067495262,0.0674022116549726,1.17537208846147,NaN,7.47486873572339,5.71583535059644,NaN,,1300.62955100425,29.9770157230216,213.278632069376,0.0282131980000005,59.9991621954366,0,1.57679719868044,0.164496632339113,94.1237988432363,NaN,NaN,NaN,NaN,17.4849505947184,0.0213136420956085,NaN,0.047660031411123,7.30867481754292,3.52482941436693,388.880030330299,,1300.11094822559,29.9747094419843,209.508728841285,0.0315439359999994,39.9902252781974,0.0355564040000003,1.1044853857249,0.238315340600396,93.5881341464342,NaN,NaN,NaN,NaN,13.4597998518155,0.0461980882278403,NaN,0.222601123664914,7.36806729929706,3.9625172055828,5.44802748221395,,1300.69670336866,29.9771912367798,209.705151666368,0.0683378780000004,19.9974359363454,0.0181235939999996,1.53227978883237,0.0987049907671598,92.4919528174102,NaN,NaN,NaN,NaN,14.7312842041935,0.0382955033299741,0.958124891511963,0.139498571769523,7.33261364778212,4.94046647269962,0.811522906755544,,1299.785340454,29.9787610147463,209.882201107118,0.122077679999999,10.0069752912149,0.0798883320000004,2.7797470937437,0.145592466203605,89.4027978395006,NaN,NaN,NaN,NaN,15.3691516912398,0.112661438045645,NaN,0.0365915189025449,7.37615157300174,2.65795085280675,8.43074990517619,,1299.04470994557,29.9768781503898,210.07492232611
0.25,5.411387014,0,5.186377158,0.77287933864837,0,70.5480012949928,NaN,NaN,NaN,NaN,16.6571605456392,0.180470125214333,1.45347901175091,NaN,6.47710177539322,4.86916729987391,NaN,,1299.24836154473,30.0208119629827,220.557889245286,1.166604908,0,2.151899538,0.591951702020749,0,67.0026738615087,NaN,NaN,NaN,NaN,14.9360607530467,0.0673542156474305,1.06727452575657,NaN,7.47489639152775,5.39089200510958,NaN,,1300.21021488613,30.0235133417649,213.278632069376,0.0282131980000005,59.9861459007451,0,1.5791340679937,0.180822685561963,93.1113907030022,NaN,NaN,NaN,NaN,17.2336367509873,0.0232826362355439,NaN,0.0967020968809558,7.30637726150176,3.95268032367416,3.05191998774537,,1301.849275916,30.0132330618305,209.505574637345,0.0315439359999994,40.0062716912049,0.0355564040000003,1.10333162547762,0.261016757914029,92.5114020778931,NaN,NaN,NaN,NaN,13.6388812498512,0.050469376651961,NaN,0.268323089864677,7.36278655494676,4.23348401736615,1.5394516593723,,1301.43813832599,30.0185316754433,209.703052657524,0.0683378780000004,20.0036146291896,0.0181235939999996,1.55009167209419,0.11682993730627,91.1777359771481,NaN,NaN,NaN,NaN,14.7627817259732,0.0452775183302351,0.946575298304261,0.293165231122,7.33093030660633,4.99265370717428,0.403203235254525,,1302.90725794321,30.0211026498119,209.881152510817,0.122077679999999,10.0115429935841,0.0798883320000004,2.77550355033158,0.161453408742707,86.9027972053806,NaN,NaN,NaN,NaN,15.3614994088333,0.124957970298698,NaN,0.136843157819058,7.37391890183519,2.56219701679825,1.25092459468812,,1299.47801903216,30.0147567336354,210.074396219304
0.333333333333333,5.411387014,0,5.186377158,0.771790867221936,0,62.476532730496,NaN,NaN,NaN,NaN,16.6491389843608,0.181635654345487,1.4539338593157,NaN,6.47533247883413,4.87003252174713,NaN,,1299.86377782166,30.036036246097,220.557889245286,1.166604908,0,2.15400776459271,0.593096447847426,0,58.0230858794489,NaN,NaN,NaN,NaN,14.761507858376,0.0665913181990444,1.04571214195384,NaN,7.47238355933271,5.48899171537959,NaN,,1299.38368383701,30.0340229542974,213.280532844968,0.0282131980000005,60.005352841074,0,1.57234420092967,0.196023333964271,92.4236374117083,NaN,NaN,NaN,NaN,16.9871100976667,0.0252319951168892,NaN,0.0891286137841362,7.30359448826916,3.92995851014337,7.30686672127535,,1300.2664908392,30.0200004577637,209.502421537266,0.0315439359999994,40.0001863476505,0.0355564040000003,1.10934645337263,0.279978686722446,91.7721377661078,NaN,NaN,NaN,NaN,13.5980529938652,0.0541266324887842,NaN,0.453503968452327,7.35898014105413,3.99493306653303,0.822796507163386,,1301.19494470247,30.0300006866455,209.700949134307,0.0683378780000004,19.9780069295158,0.0181235939999996,1.54179772127317,0.130341272036387,90.192697559797,NaN,NaN,NaN,NaN,14.8042836195,0.050515562265503,NaN,0.405463706828793,7.32859280104649,4.99068667376884,0.322344666333582,,1300.98088575775,30.0300006866455,209.880102506725,0.122077679999999,10.0090184118088,0.0798883320000004,2.7609567354393,0.173306263080326,85.156104483294,NaN,NaN,NaN,NaN,15.2286659661892,0.13421073718224,NaN,0.240679255509712,7.36941623856012,2.61898132198431,0.72791119174774,,1300.20181871348,30.0275221670063,210.073870061862
0.416666666666667,5.411387014,0,5.186377158,0.756834505420059,0,55.4887647823663,NaN,NaN,NaN,NaN,17.0404519488333,0.18147933800487,1.36053147592579,NaN,6.47320971719092,4.70705430471959,NaN,,1300.33595953126,30.0376425555333,220.557889245286,1.166604908,0,2.162086532,0.592501328186299,0,50.657173203234,NaN,NaN,NaN,NaN,14.8077154334573,0.0661605540544109,1.12270765530056,NaN,7.47433015628861,5.65539417727986,NaN,,1299.6568315184,30.0219405822919,213.288819063376,0.0282131980000005,59.9223797932175,0,1.55484889882462,0.213259080138179,91.8637179955113,NaN,NaN,NaN,NaN,16.8921731571667,0.0274701704671467,NaN,0.118014583903561,7.30003818353846,3.37749933254107,4.8612586060423,,1297.66388505592,30.0200004577637,209.499266041468,0.0315439359999994,39.9984452565165,0.0355564040000003,1.08253586218492,0.298345185363753,91.1158343725585,NaN,NaN,NaN,NaN,13.3018585271885,0.0577037579056596,NaN,0.498763764246173,7.35618000225228,4.25745077088283,0.644396630352242,,1300.40942303793,30.0210188271268,209.698846025789,0.0683378780000004,20.0371612744091,0.0181235939999996,1.53798014415275,0.14365162364666,89.3393034236913,NaN,NaN,NaN,NaN,14.4825919518991,0.0556803076096341,1.00423615804574,0.477641684833517,7.32584928502982,5.11899421987189,0.301050981372355,,1300.82327613095,30.0253617434326,209.879052553272,0.122077679999999,9.99767348634095,0.0798883320000004,2.75229653901339,0.184389144449278,83.9367494391162,NaN,NaN,NaN,NaN,15.0695386243407,0.142833473161663,NaN,0.322978663257958,7.36428166930503,2.66045907080303,0.572988577444134,,1299.90933794552,30.0205209804039,210.073344105349
0.5,5.411387014,0,5.186377158,0.753146301801237,0,49.0318229017611,NaN,NaN,NaN,NaN,16.7290474359225,0.181162547238145,1.47768519835676,NaN,6.47270415447502,4.91145198777952,NaN,,1297.96049513571,30.0268734205597,220.557889245286,1.166604908,0,2.162086532,0.585369684870532,0,43.9145293668973,NaN,NaN,NaN,NaN,14.5550370430604,0.0652798337032966,1.09161391158336,NaN,7.47360844917706,5.52536037811156,NaN,,1299.09087808763,30.0160162768501,213.288819063376,0.0282131980000005,59.9564078878696,0,1.55430172052053,0.229397404464804,91.3351420886786,NaN,NaN,NaN,NaN,17.039954572,0.0295678389107778,NaN,0.247125115974209,7.29614337185827,3.36151117087652,1.04219800851242,,1300.19686986352,30.017163937884,209.496114060945,0.0315439359999994,39.9898478513203,0.0355564040000003,1.07327997741115,0.31811399032409,90.5879878746689,NaN,NaN,NaN,NaN,13.1998724738583,0.0615230521820802,0.968987497026652,0.682516847592253,7.35634438508998,4.51601595195092,0.522602144817754,,1299.99226506048,30.0154937160099,209.696743978816,0.0683378780000004,19.9935501075405,0.0181235939999996,1.52721881325742,0.157061013588127,88.8532417915642,NaN,NaN,NaN,NaN,14.8202138738317,0.0608198482516455,0.995399894588086,0.543317914921551,7.32228259695518,4.92380072545557,0.28916705003889,,1301.63203860604,30.0198239957409,209.87800185858,0.122077679999999,10.0033325211949,0.0798883320000004,2.75045324616447,0.195344854612961,82.7844860549199,NaN,NaN,NaN,NaN,15.1631276369701,0.151456246013435,NaN,0.395431370724923,7.35971447746665,2.67280275041805,0.495668672738982,,1299.67787761707,30.0175891294861,210.072818450243
0.583333333333333,5.411387014,0,5.186377158,0.769841989724634,0,43.3809241214753,NaN,NaN,NaN,NaN,16.9493276052442,0.181085653203262,1.33864513098095,NaN,6.47401275078064,4.66876944725325,NaN,"Sample 1.50 mL to AMBR-96DWP-4/H1",1299.98493558128,30.0104829785717,219.803187208366,1.166604908,0,2.162086532,0.585684424813112,0,38.5794592880058,NaN,NaN,NaN,NaN,15.0524250980036,0.0647182311532968,1.01162508713567,NaN,7.47242742376126,5.45337700846359,NaN,"Sample 1.50 mL to AMBR-96DWP-4/H2",1301.31757054171,30.0071819733869,212.582253609938,0.0282131980000005,60.0100334734329,0,1.48371988114691,0.247420849161336,90.8799275077247,NaN,NaN,NaN,NaN,17.1803273830353,0.0312834262553475,NaN,0.271656195064817,7.29263438946704,3.50930779798334,0.926430824163043,"Sample 1.50 mL to AMBR-96DWP-4/H3",1298.75194887812,30.0091959072011,208.835692216032,0.0315439359999994,39.967133653429,0.0355564040000003,1.03733189043434,0.335174791687668,90.0231620123799,NaN,NaN,NaN,NaN,13.6342794024964,0.0642283359126093,NaN,0.149048382167412,7.35387416248214,4.02272822499787,2.56850438431939,"Sample 1.50 mL to AMBR-96DWP-4/H4",1301.46849627753,30.0067410245496,209.091460155161,0.0683378780000004,19.981178537717,0.0181235939999996,1.5056135311616,0.169392427108748,88.107226609904,NaN,NaN,NaN,NaN,14.8393583637691,0.0659068463296803,1.1009822188794,0.59074435272561,7.31823503659243,5.05464148775165,0.28972214273514,"Sample 1.50 mL to AMBR-96DWP-4/H5",1302.82950093393,30.007465114588,209.328600906461,0.122077679999999,10.0018580084695,0.0798883320000004,2.76282064261483,0.205386312381296,81.772084912131,NaN,NaN,NaN,NaN,15.0201676323333,0.159547323240188,NaN,0.497220659550249,7.35466958541809,2.67578778038753,0.417270706934904,"Sample 1.50 mL to AMBR-96DWP-4/H6",1299.16556331739,30.0102086018172,209.371615676695
0.666666666666667,5.411387014,0,5.186377158,0.761093480004949,0,38.2684102223486,NaN,NaN,NaN,NaN,17.0210950778333,0.186299985381917,1.40447481016111,NaN,6.47346373936928,4.78365145714997,NaN,,1299.51676783215,30.0065654464202,218.763889245286,1.166604908,0,2.165174000803,0.592415885198408,0,33.8387837274048,NaN,NaN,NaN,NaN,14.990120700957,0.064449659677976,1.1079421174399,NaN,7.47151360962353,5.55701602442705,NaN,,1301.18542988547,30.0100002288818,211.497704551314,0.0282131980000005,60.0086576209014,0,1.55689037162578,0.257773245600909,90.5316862754246,NaN,NaN,NaN,NaN,17.1008359924647,0.0330203516684083,NaN,0.295530702474733,7.28827454965396,4.03999539620381,0.837314540595865,,1300.14922494317,30.0100002288818,207.695806129392,0.0315439359999994,40.0135142298796,0.0355564040000003,1.11271070242656,0.345576495962951,89.6388325769125,NaN,NaN,NaN,NaN,13.5335406709251,0.0659775742608018,NaN,0.249116648793969,7.35392197144948,4.25888961081058,1.2177786415553,,1300.84073819456,30.0068273026226,207.898538606151,0.0683378780000004,20.0254062165789,0.0181235939999996,1.55594836822354,0.173638064959769,87.4514711792638,NaN,NaN,NaN,NaN,15.4383690171834,0.0647271504719335,0.987036604922769,0.58731468164021,7.31369992230718,5.15217872516742,0.313847558946256,,1299.3871249529,30.0023840762878,208.081901592162,0.122077679999999,9.99442651111134,0.0798883320000004,2.73960812491833,0.205767078274307,80.9622964913183,NaN,NaN,NaN,NaN,14.8811276890054,0.154102229896362,NaN,0.486932829454594,7.35086261951125,2.6734016491372,0.438330945648336,,1300.98417177366,30.0100002288818,208.277768528379
0.75,5.411387014,0,5.18646561999145,0.763742324961844,0,33.5780966666248,NaN,NaN,NaN,NaN,17.27731482533,0.189682214922861,1.41853455538139,NaN,6.47305904468487,4.8081943302344,NaN,,1301.45612142463,30,218.763889245286,1.166604908,0,2.17213718,0.599777178939495,0,29.3618854456616,NaN,NaN,NaN,NaN,15.1641246963123,0.0636567859066701,1.05221982586695,NaN,7.47183030712047,5.56796773604251,NaN,,1299.5489280989,30.0100002288818,211.504869711376,0.0282131980000005,59.9859168753682,0,1.57130468886498,0.286230909600166,90.0202274666427,NaN,NaN,NaN,NaN,17.6298130681595,0.0365324008937426,NaN,0.33680785787808,7.28347769672386,3.64970887826233,0.925016458696627,,1300.66026994359,30.0100002288818,207.692650698056,0.0315439359999994,40.0300426189369,0.0355564040000003,1.0992643549493,0.379994787044386,89.0395964454283,NaN,NaN,NaN,NaN,13.0804501878333,0.0728275634705347,NaN,0.577442882615596,7.35137383209229,4.15672704604128,0.676736748691902,,1297.29327131231,30.0100002288818,207.896435357423,0.0683378780000004,20.0013541877598,0.0181235939999996,1.5254070295619,0.194582039395793,86.6864293076737,NaN,NaN,NaN,NaN,14.8892069958166,0.0747376573266219,0.999512918574214,0.631780514550452,7.3095835242226,5.16281860246034,0.308237783558198,,1298.59345526152,30.0092908250034,208.08085113683,0.122077679999999,10.0031417337893,0.0798883320000004,2.71369704551986,0.21772594136764,79.8455892427151,NaN,NaN,NaN,NaN,14.9988713603279,0.167587366835214,NaN,0.511828559853958,7.34664557689606,2.66212546226286,0.425484508726006,,1300.98104322627,30.0100002288818,208.277243687468
0.833333333333333,5.411387014,0,5.19143966235699,0.775148922160769,0,28.5386335978599,NaN,NaN,NaN,NaN,16.9825438870033,0.190508344511128,1.35254116602462,NaN,6.47398743516505,4.69303045803888,NaN,,1299.42742344028,30,218.768937564971,1.166604908,0,2.17617170144026,0.602326270298243,0,23.615778768754,NaN,NaN,NaN,NaN,14.919824296,0.062940792585221,1.06883293810078,NaN,7.4711195830164,5.43131607932745,NaN,,1299.47435034336,30.0100002288818,211.508708864473,0.0282131980000005,59.9857624285334,0,1.59020169880513,0.306658460590288,89.3088472924971,NaN,NaN,NaN,NaN,17.6795978853405,0.0391598851242253,0.99824484948286,0.311273737795633,7.27870662825175,3.93803560737498,1.16405495857006,,1300.29679022239,30.0100002288818,207.689496472993,0.0315439359999994,40.0330018526247,0.0355564040000003,1.09368569521186,0.404740381505454,88.3782782819086,NaN,NaN,NaN,NaN,13.351191009564,0.0775661256609347,NaN,0.776681680888867,7.3481328791272,4.23672337915954,0.571447734818151,,1300.0847910565,30.0044642335342,207.894331891447,0.0683378780000004,19.9882079374682,0.0181235939999996,1.54132430312208,0.217212312438885,85.8478769256066,NaN,NaN,NaN,NaN,14.5626003557758,0.0834505981549646,0.982011447022445,0.713161866051627,7.30543332327994,4.9880520269623,0.304696673893449,,1300.86848663374,30.0100002288818,208.079800873739,0.122077679999999,9.99570176673566,0.0798883320000004,2.74117252919812,0.237269536910764,78.3285375636877,NaN,NaN,NaN,NaN,14.759303775,0.182722515216552,NaN,0.599845455504361,7.34130254299847,2.62729548725553,0.396620926308805,,1301.05388130852,30.0100002288818,208.276719171526
0.916666666666667,5.411387014,0,5.19791776508827,0.769142982233735,0,23.939724785189,NaN,NaN,NaN,NaN,17.040234212,0.188710050141207,1.41490178315441,NaN,6.47209069799579,4.80184729739,NaN,,1301.54603863779,30,218.775223953503,1.166604908,0,2.18226428796744,0.594634893833091,0,18.0248150044117,NaN,NaN,NaN,NaN,15,0.0619451828283723,1.13503110821579,NaN,7.47303623140785,5.55028217327469,NaN,,1300.62582011016,30.0026173134042,211.514987372437,0.0282131980000005,60.0014932813102,0,1.5773264868235,0.332952491329006,88.6843545884006,NaN,NaN,NaN,NaN,17.7585980546667,0.0425058945146999,1.03419480083796,0.541862614831811,7.2735283772741,3.7328618729494,0.654259397602795,,1300.42313224454,30.0051820516784,207.686342171854,0.0315439359999994,39.9889438365044,0.0355564040000003,1.09174468467954,0.428264269554581,87.4712887205128,NaN,NaN,NaN,NaN,13.2116304132693,0.08211512458899,0.995568515681372,0.788023735869211,7.34685394871164,4.53368497180756,0.551540289543149,,1298.45543511117,30,207.892228710812,0.0683378780000004,19.983501571678,0.0181235939999996,1.54144331240659,0.238187363785816,84.9791837598466,NaN,NaN,NaN,NaN,14.1559148725575,0.0916190171647561,0.993031176442118,0.786574033125892,7.30117150452927,5.00562364913344,0.302815251968163,,1298.59310735312,30.0012150470596,208.078751166956,0.122077679999999,10.0037601926008,0.0798883320000004,2.73646290637718,0.254256759460069,77.1427961835377,NaN,NaN,NaN,NaN,15.2007414375,0.195877589853,NaN,0.665421548254268,7.33616828160358,2.59850386170871,0.384150570592476,,1299.68262215107,30.0044005993094,208.276194790407
1,5.411387014,0,5.21181688203609,0.769274963146141,0,18.842555082113,NaN,NaN,NaN,NaN,17.4816606503333,0.187226627489021,1.40072829372508,NaN,6.47213186770357,4.77712371381496,NaN,,1299.77313011951,30,218.789020081664,1.166604908,0,2.18619388174655,0.588994714682341,0,11.9029164991601,NaN,NaN,NaN,NaN,14.9197318416667,0.0607896419533483,1.0709835167643,NaN,7.47137432724216,5.6415627014405,NaN,,1299.6173778805,30.0009186226884,211.518725920949,0.0282131980000005,60.0109963469785,0,1.60358836668831,0.355408852982304,87.7457830033226,NaN,NaN,NaN,NaN,17.782064786606,0.0453764857415714,NaN,0.669633647624185,7.27443532930076,3.80023466707598,0.541714062911638,,1299.23599772264,30.0067960474955,207.683187477808,0.0315439359999994,40.0022053857532,0.0355564040000003,1.08525725145348,0.453387781090253,86.5720849303433,NaN,NaN,NaN,NaN,13,0.0869511430829823,0.923105090883282,0.898385976182784,7.34507995516342,4.31476852834539,0.531764601324244,,1298.87305594291,30,207.890126821779,0.0683378780000004,20.0053574279091,0.0181235939999996,1.5159151298091,0.258128892416585,84.0576859407751,NaN,NaN,NaN,NaN,14.3229196562096,0.0993003287130232,0.992893042795356,0.839180517125554,7.29786112508461,5.11738282152016,0.307584732633658,,1300.32474546971,30.0008008271691,208.077702379156,0.122077679999999,10.0071997282307,0.0798883320000004,2.74718196554231,0.270286000931227,75.6951058768531,NaN,NaN,NaN,NaN,14.9604765748333,0.208304788398031,NaN,0.708101216343663,7.33118441169901,2.61789093670074,0.381782687479579,,1298.95835896883,30.000402517241,208.275670717964
1.08333333333333,5.411387014,0,5.216977096,0.776527851072562,0,13.907149585356,NaN,NaN,NaN,NaN,17.6835279466667,0.185516463024988,1.35613063836787,NaN,6.47333553423352,4.69929958415957,NaN,,1300.85900911056,30,218.794489183286,1.166604908,0,2.19633056414845,0.57994066640238,0,6.94818332065397,NaN,NaN,NaN,NaN,14.9509712106555,0.059552937749667,1.06816900832498,NaN,7.47136731059312,5.64684677382315,NaN,,1300.06108128018,30.0026985685289,211.528864028418,0.0282131980000005,60.0095403976106,0,1.5693420769006,0.376046907877077,86.9333035094477,NaN,NaN,NaN,NaN,17.053142820408,0.0480031414557989,NaN,0.676488576060978,7.27554205319171,3.20745544207439,0.566184452619694,,1300.33902253788,30.0015737021785,207.680033062122,0.0315439359999994,40.0285995013042,0.0355564040000003,1.10403877249656,0.48259362568869,85.5153612899799,NaN,NaN,NaN,NaN,13.581750159,0.0925668030750008,NaN,0.979895212803525,7.3401393231847,4.38652040973339,0.49883595515837,,1299.43492934019,30,207.888025031741,0.0683378780000004,19.9892987269159,0.0181235939999996,1.52430080968287,0.28087030837155,83.1899078632119,NaN,NaN,NaN,NaN,14.8284650386928,0.108025007027623,1.02262784446977,0.897159052822173,7.29324969322728,5.26183889999387,0.313041301951982,,1301.29916858593,30.001203616958,208.076653474593,0.122077679999999,10.0007949275993,0.0798883320000004,2.71790674043824,0.286557509497134,74.4591744126034,NaN,NaN,NaN,NaN,14.7292243268121,0.220828036170133,NaN,0.760094820765555,7.32460350949692,2.72212390197927,0.377025889941572,,1301.5470689314,30,208.275146671125
1.16666666666667,5.411387014,0,5.216977096,0.776310365492668,0,8.70657379120508,NaN,NaN,NaN,NaN,17.6387001311667,0.183321191733152,1.32593909616477,NaN,6.47242062244235,4.64669430570444,NaN,,1299.74847115201,30,218.794489183286,1.166604908,0,2.20547860342651,0.586378222234427,0,1.38466375569852,NaN,NaN,NaN,NaN,14.8483499885111,0.058354593151837,1.06769001701846,NaN,7.47235468809796,5.37726718697983,NaN,,1298.53913744062,30,211.538110914907,0.0282131980000005,59.9615336501514,0.00225462645954548,1.56075262627584,0.403298845043906,86.1589244277883,NaN,NaN,NaN,NaN,17.1578120300217,0.0515240197826679,1.15458513078801,0.758682289650689,7.27125531341275,3.92632555867024,0.537259768535656,,1299.52797762896,30.0002657086913,207.678942651155,0.0315439359999994,40.0113096807593,0.0355564040000003,1.10980936955828,0.514327868384553,84.6672856645243,NaN,NaN,NaN,NaN,13.0203435218333,0.09862551525792,1.04037489900081,1.14562947961791,7.33536495372502,4.50047472960944,0.452996069383828,,1300.15524325994,30,207.885922796381,0.0683378780000004,19.983364844271,0.0181235939999996,1.52070531064329,0.304404480041052,82.141678824236,NaN,NaN,NaN,NaN,14.6557625840975,0.11711188237221,0.997445480872747,0.957286378643054,7.28772308972557,5.15281595018145,0.317972822520136,,1300.1312228753,30.0016069726815,208.075604553588,0.122077679999999,9.97709012049358,0.0798883320000004,2.72428765259652,0.305417205263715,73.0215473690384,NaN,NaN,NaN,NaN,14.9492240470212,0.235441717967202,NaN,0.81307189160495,7.31778417028797,2.65223140732126,0.375832098415018,,1300.3719167829,30,208.274622667561
1.25,5.411387014,0,5.2193967249145,0.771253351714553,0,3.99690937383363,NaN,NaN,NaN,NaN,17.7968945388213,0.180765350525281,1.39271099086865,NaN,6.47260040521596,4.76314532446342,NaN,,1299.46219484279,30,218.796793913641,1.166604908,0,2.21066762824573,0.588973548193345,0,-0.00450749306606192,NaN,NaN,NaN,NaN,14.9602986776667,0.0570826026498806,1.04879444777149,NaN,7.47148608950011,5.41962622403343,NaN,,1299.10284765869,30,211.543299740879,0.0282131980000005,59.9940395789205,0.00992280715144623,1.5616159655114,0.432015789298584,85.317568924432,NaN,NaN,NaN,NaN,17.278121541455,0.0551800227806496,NaN,0.941880430964885,7.27164271616373,3.47922375051557,0.482926787908844,,1300.10752796455,30,207.683549694813,0.0315439359999994,39.9908655942339,0.0355564040000003,1.11259614145023,0.551002529593203,83.7955830587265,NaN,NaN,NaN,NaN,13.3333023608333,0.105738799705888,1.10343164895216,1.23829393000475,7.33274620627125,4.51778543921323,0.449512588560826,,1299.57475052569,30,207.88382130485,0.0683378780000004,19.9897872714167,0.0181235939999996,1.52833436403819,0.331040224981962,81.159113730018,NaN,NaN,NaN,NaN,14.1607558071667,0.12740588111843,1.00231021442405,1.02088611868604,7.28178537184728,5.08077318204474,0.324230633943719,,1301.449420521,30,208.074556068595,0.122077679999999,9.99484405959008,0.0798883320000004,2.739513721594,0.324984372351545,71.4333270334439,NaN,NaN,NaN,NaN,15.0400878526667,0.250871729403916,NaN,0.934378375759235,7.31184744700977,2.67735787132353,0.348170451762795,,1301.63711046736,30,208.274099093636
1.33333333333333,5.411387014,0,5.23179514298746,0.768814439738323,0,0.204628302274599,NaN,NaN,NaN,NaN,17.2607280065441,0.177673043166185,1.42026378346945,NaN,6.47303901083736,4.81120495660877,NaN,,1300.45730359907,29.9999868104745,218.809117977034,1.166604908,0,2.21866248383679,0.597197323648957,0,-0.118067995234574,NaN,NaN,NaN,NaN,15.0805886116667,0.055999797510113,1.01059635726259,NaN,7.47167832276961,5.53270711700464,NaN,,1300.62568058362,29.9959874722843,211.551193882254,0.0282131980000005,59.9768862233282,0.0187455280293843,1.58999045211132,0.462805067134184,84.4679525422212,NaN,NaN,NaN,NaN,17.555952854176,0.0591418126147643,NaN,1.053586625422,7.27200407714326,3.58483297875354,0.44062479653678,,1299.44768534326,30,207.689219492929,0.0315439359999994,39.9977779059118,0.0355564040000003,1.11483910671083,0.58771849125222,82.8756369762493,NaN,NaN,NaN,NaN,13.2687872526667,0.11279981001083,0.917175324247423,1.25260554354411,7.32840234658326,4.2709098485089,0.477534729267849,,1298.21747685498,30,207.881720969837,0.0683378780000004,20.0284902964594,0.0181235939999996,1.53395802624901,0.361353500878331,80.1374639992583,NaN,NaN,NaN,NaN,14.0400145295,0.13909724516075,1.0319304903864,1.09112097712919,7.27556995423648,5.16891462758365,0.331134526769902,,1300.49055449309,30,208.073507660591,0.122077679999999,10.0058391919005,0.0798883320000004,2.73036710151912,0.347436802315232,69.816626207786,NaN,NaN,NaN,NaN,15.2810766888333,0.268395695636435,NaN,1.01192441920412,7.30658116184855,2.73655824364345,0.343392300642836,,1299.99915600891,30,208.273576157229
1.41666666666667,5.411387014,0,5.232072546,0.777654219593001,0,-0.0378804743290483,NaN,NaN,NaN,NaN,17.0138385083538,0.174863260198163,1.42894066159185,NaN,6.47382073025453,4.82636612178775,NaN,,1301.40260831205,29.9909138706368,218.809584633286,1.166604908,0,2.22567696965229,0.591959654619299,0,-0.100182496773501,NaN,NaN,NaN,NaN,15.281168932,0.0544471064589941,1.02937414154599,NaN,7.47240380272009,5.5321622808503,NaN,,1300.94924040204,30,211.558308588079,0.0282131980000005,60.0134722741478,0.0283782798418837,1.61519670938167,0.496200847188478,83.6704180505697,NaN,NaN,NaN,NaN,17.8390301596667,0.0633850776010218,1.01961727197145,1.09997903642166,7.27199387706259,3.96285682497101,0.453384163113733,,1301.9054048001,30,207.695496065982,0.0315439359999994,39.9965806283921,0.0355564040000003,1.08742746348434,0.632186309364679,82.0955228521223,NaN,NaN,NaN,NaN,13.040120438,0.121328492078311,0.98797554240317,1.51599724928577,7.32260822755243,4.57494661157297,0.421981805542006,,1300.38502279391,30,207.879621019213,0.0683378780000004,19.9974982287765,0.0242976029302366,1.52100573556733,0.394774989519261,79.2199860404676,NaN,NaN,NaN,NaN,14.0001117433333,0.151895666773496,0.998808207217514,1.15236164794745,7.27113009451364,5.21290652333086,0.34253409283975,,1298.30949800495,30,208.078346843152,0.122077679999999,9.99198893930336,0.0798883320000004,2.72864340296534,0.371526176463294,68.3131487588561,NaN,NaN,NaN,NaN,14.759924299,0.287015383882528,NaN,1.07502462547853,7.29917003027015,2.68489114435522,0.345578907619704,,1299.64409895919,30,208.273053366544
1.5,5.411387014,0,5.232072546,0.760015521248077,0,-0.152410540885715,NaN,NaN,NaN,NaN,17.8800071789474,0.172691115469005,1.49006313987464,NaN,6.47359126861076,4.93303936063859,NaN,,1300.34331985529,29.9899997711182,218.809584633286,1.166604908,0,2.22866164933209,0.591934962606063,0,-0.170302080243355,NaN,NaN,NaN,NaN,15.0401715116667,0.0533449221266194,1.15895459368637,NaN,7.47155736609832,5.78929741174775,NaN,,1299.72484795327,29.9927702584515,211.561293090946,0.0282131980000005,59.9736346941187,0.0348361293913539,1.55297387956853,0.525340091223863,82.7947222945591,NaN,NaN,NaN,NaN,17.7992428616667,0.0671473479263189,0.91159448534649,1.25584679052346,7.27234645311963,4.08160086446787,0.420021539455647,,1299.44269356026,30,207.698991911149,0.0315439359999994,40.0007417893807,0.0355564040000003,1.09624117684428,0.676566674272388,81.0696339312235,NaN,NaN,NaN,NaN,13,0.1299291649386,1.06347015763525,1.63000947071571,7.31771447742823,4.55473190590908,0.418596806463302,,1302.33684567123,30,207.877521031202,0.0683378780000004,20.0416922078543,0.0411639921801664,1.5193841696682,0.428537782748943,78.0264143409773,NaN,NaN,NaN,NaN,14,0.164843401076672,1.0251381748849,1.21866046262382,7.27137568328859,5.18167347219612,0.351608713815957,,1301.93136325426,30,208.094150980225,0.122077679999999,9.99395014833683,0.0798883320000004,2.71407113391319,0.396788882174307,66.5735233513882,NaN,NaN,NaN,NaN,14.8014919338472,0.306553706473635,NaN,1.12497359154995,7.2921966726093,2.72130913001185,0.35268105349279,,1299.20127678354,30,208.272530585733
1.58333333333333,5.411387014,0,5.232072546,0.767355389579825,0,-0.120727207687936,NaN,NaN,NaN,NaN,17.9826834196145,0.170121607049579,1.47828460154734,NaN,6.47285512224231,4.91249734280694,NaN,,1299.21041091185,29.9949931417914,218.809584633286,1.166604908,0,2.23385579318038,0.583518474081398,0,-0.149155709370882,NaN,NaN,NaN,NaN,14.8801239946667,0.0521795348376429,1.1348204698432,NaN,7.47179938784394,5.70883067718625,NaN,,1301.54433279344,30,211.566488949023,0.0282131980000005,59.9682751037779,0.0486675197392258,1.56063763424045,0.563007641637997,81.8578151789862,NaN,NaN,NaN,NaN,17.5190677278333,0.0719531769505852,0.938415356484319,1.34248077612946,7.27121846981879,4.04221879394334,0.420937139443049,,1300.40950858428,30,207.709494776594,0.0315439359999994,39.9928836439312,0.0355564040000003,1.10713839811198,0.728868380637969,80.1462212657994,NaN,NaN,NaN,NaN,13,0.139927318686627,1.02388041281909,1.64020941735658,7.31209464681286,4.65126451407782,0.449378406127863,,1301.11190666224,30.0004004700175,207.875421989086,0.0683378780000004,20.0030464046053,0.0508761159248298,1.51219414926588,0.461931863985739,76.8478265031666,NaN,NaN,NaN,NaN,14.5654487715,0.177595337892493,1.09200435675166,1.27600024997136,7.2718280519494,5.36457928959338,0.361992074809689,,1299.66137441875,30.0003961808143,208.102912337982,0.122077679999999,9.99471433217611,0.0798883320000004,2.72155029236627,0.424034715425401,65.2061648030031,NaN,NaN,NaN,NaN,15.0377100974861,0.327699081198705,NaN,1.16553532437434,7.28594499121059,2.76827999074191,0.363778651999196,,1296.89255210517,30,208.272007958038
1.66666666666667,5.411387014,0,5.23401861862552,0.765062466189148,0,-0.196396155597582,NaN,NaN,NaN,NaN,17.7229535537189,0.167674967269332,1.48355622687837,NaN,6.4720893449683,4.92170137958429,NaN,,1299.95268785303,30,218.811329412238,1.166604908,0,2.2396244076181,0.582565541136319,0,-0.198862582803932,NaN,NaN,NaN,NaN,14.87919457,0.0512222836980394,1.14582860990032,NaN,7.47193844742528,5.68802486532275,NaN,,1299.44873633441,30,211.572257506699,0.0282131980000005,60.0032675465343,0.0587391490131203,1.56729964817955,0.603969752642003,81.0340999983275,NaN,NaN,NaN,NaN,17.5177781775,0.0772015528236648,1.01552128411778,1.36625986781211,7.27109150239062,3.88875888424695,0.442801406356685,,1301.31181462395,30,207.716506697573,0.0315439359999994,40.0122248795951,0.0355564040000003,1.10336131413823,0.778675688781088,78.969729451716,NaN,NaN,NaN,NaN,13,0.149538147430312,0.97305888409574,1.85090285263578,7.30659759246931,4.58687595020693,0.420978992002448,,1299.76006312923,30.0091506707974,207.873322855784,0.0683378780000004,20.0257832111287,0.0636733902628914,1.52012573728255,0.495254892196856,75.6681165609315,NaN,NaN,NaN,NaN,14.3168049928333,0.190533925751636,1.11031441177651,1.34557805688447,7.27168230937431,5.43827624737107,0.368035830585861,,1300.35923095561,30.0060728744069,208.114661738125,0.122077679999999,10.0145507395058,0.0798883320000004,2.71737800335323,0.454656717721798,63.6822939066496,NaN,NaN,NaN,NaN,14.7575914743333,0.351483597085824,NaN,1.22799278304332,7.27977876654549,2.76015152835257,0.370271052340771,,1301.10150427621,30,208.271485452956
1.75,5.411387014,0,5.24215733418451,0.766827264753566,0,-0.151622468770906,NaN,NaN,NaN,NaN,17.6426933798333,0.165048149878793,1.489371401014,NaN,6.47276280798827,4.9318571768045,NaN,,1300.16047897399,30,218.819615803286,1.166604908,0,2.24418842995958,0.573742921709058,0,-0.201745211132223,NaN,NaN,NaN,NaN,14.9997963085,0.0501606742071372,1.12244782881204,NaN,7.47219733054008,5.67259490614458,NaN,,1299.89153334914,30,211.576821743607,0.0282131980000005,60.0036671119762,0.0696879034519643,1.55267890818219,0.643447208059493,79.9874267041434,NaN,NaN,NaN,NaN,17.2561728985,0.082231301907679,1.03221507292669,1.46925208251166,7.27443509657857,4.04621214922062,0.440993352078355,,1300.49941449709,30,207.724402141687,0.0315439359999994,40.0211440232151,0.0355564040000003,1.08637308099101,0.832424333423716,77.8563386910944,NaN,NaN,NaN,NaN,13.4818928957493,0.159680186653689,1.01860675031589,1.617057509118,7.30047439080171,4.73469085142998,0.522662495773514,,1300.15592303991,30.0097329120027,207.871222802758,0.0683378780000004,19.9715441507085,0.074518287974232,1.50891861711539,0.532749036026095,74.5008776636302,NaN,NaN,NaN,NaN,14.9568209348554,0.204971609004414,1.21798736405771,1.41202928233274,7.271735242348,3.87519515612713,0.377268246700328,,1300.56224286134,30.0075453213517,208.124447156368,0.122077679999999,9.98787576273229,0.0815907056188271,2.72423006085598,0.486322817819699,61.7084527026532,NaN,NaN,NaN,NaN,14.92006776,0.375916314289455,NaN,1.31760404058433,7.27311123604713,2.75911905563841,0.370095189586176,,1299.64801125757,30,208.272372759116
1.83333333333333,5.411387014,0,5.24723663739059,0.769587329322255,0,-0.213329514227824,NaN,NaN,NaN,NaN,17.9288914813333,0.162099062712282,1.44761240365731,NaN,6.47446765510761,2.58498142641651,NaN,,1299.0447354022,29.9959311349799,218.824700077808,1.166604908,0,2.24816525359882,0.582741575128172,0,-0.215194925293106,NaN,NaN,NaN,NaN,14.919451812,0.0491743401472139,1.13317129855281,NaN,7.47187569254458,5.68263466520392,NaN,,1299.45566261827,30,211.580796094211,0.0282131980000005,59.9747497365451,0.0742665030044767,1.54843756242758,0.685821667904026,78.9374959732297,NaN,NaN,NaN,NaN,17.6996853966667,0.0876721532444135,1.09851628992308,1.60536770511444,7.27181961816406,4.02883580148152,0.427755210108019,,1300.21986199682,30,207.725628345902,0.0315439359999994,40.039415442672,0.0355564040000003,1.08330217358775,0.889472970297949,76.6916972996756,NaN,NaN,NaN,NaN,13.7059303044883,0.17076054413677,0.987116209137057,1.99573000333699,7.29343865173821,4.65581679810057,0.44836601680041,,1299.46095541611,30.0020016454938,207.869122147584,0.0683378780000004,19.9925888190397,0.0845380813618323,1.52364983305889,0.568757367576208,73.2459355208081,NaN,NaN,NaN,NaN,14.4091565048113,0.21909645714644,1.18443140746941,1.48295304402453,7.27168865949263,5.56745435921869,0.383503221706799,,1298.7617052888,30.0068875263601,208.133431946295,0.122077679999999,10.01926434975,0.101073640553846,2.73826604518441,0.519042093161328,59.4891337347637,NaN,NaN,NaN,NaN,14.7190574978333,0.401338410521813,NaN,1.35501292563013,7.27229429335951,2.79160456712662,0.383040077193091,,1300.25201715429,30.0016072274423,208.291426516825
1.91666666666667,5.411387014,0,5.25105601449588,0.762571222555272,0,-0.195341983742162,NaN,NaN,NaN,NaN,17.8797157371667,0.159478965313553,1.50206551443566,NaN,6.47400344438591,4.85247088858694,NaN,,1299.02760576521,29.9968380150229,218.828468538222,1.166604908,0,2.25369493098386,0.59039214405106,0,-0.217106077823994,NaN,NaN,NaN,NaN,15.4015101763333,0.0481617783817905,1.14327981652566,NaN,7.47202972835368,5.72481373707558,NaN,,1299.11595861146,30,211.586333731789,0.0282131980000005,60.0088665551102,0.0900434471999354,1.57235686801734,0.733601780052377,77.8020281975854,NaN,NaN,NaN,NaN,17.6787621121496,0.0937833667673371,0.955468512237308,1.74620700809831,7.27154762419211,4.22761477875949,0.420843284099758,,1298.84471250814,30.0004016615498,207.738356805057,0.0315439359999994,40.0295535539904,0.0355564040000003,1.10197852111302,0.948955386598598,75.5164036968913,NaN,NaN,NaN,NaN,13.1166261212623,0.18193915801082,1.08530323315291,1.75368917028581,7.28591074282391,4.81593147205576,0.553038410236754,,1300.57501246252,30,207.86702104563,0.0683378780000004,20.0252490006286,0.0993161464749786,1.51584622421606,0.605888508810541,71.7641553508348,NaN,NaN,NaN,NaN,14.1081837648249,0.233460069555779,1.1667201313184,1.55177164974479,7.2714502122992,5.53661614878324,0.390436427399159,,1298.11050952165,30.0080063104316,208.146957463671,0.122077679999999,10.0080908214822,0.112710049329912,2.70405662381473,0.551289161338624,57.5091946281174,NaN,NaN,NaN,NaN,14.6087170404067,0.426182844049947,NaN,1.42182132117531,7.27304702396439,2.75133173542674,0.387729476122992,,1300.80741070878,30.0079371998622,208.302536541805
2,5.411387014,0,5.252232276,0.762566902668294,0,-0.234920589267825,NaN,NaN,NaN,NaN,17.2798676045,0.157038791822309,1.53409859001611,NaN,6.47348872615527,3.47327415799823,NaN,,1300.2044954691,30,218.829744363286,1.166604908,0,2.25969778671335,0.581259824154099,0,-0.227530428489976,NaN,NaN,NaN,NaN,14.879363004,0.0473141831363869,1.11715149525733,NaN,7.4724438771826,5.71765735614945,NaN,,1298.874122853,30,211.592327818488,0.0282131980000005,60.0155129121042,0.0967837977997268,1.54431006469887,0.781732859689918,76.8708351167805,NaN,NaN,NaN,NaN,17.8386798330171,0.0999361138468198,0.97070776220806,1.86070212996266,7.27201706816729,4.32292405453937,0.420594506043997,,1299.25341145016,30.0024044911798,207.741947619453,0.0315439359999994,39.9944811819721,0.0385602118207121,1.10275169366477,1.0112191501759,74.2454829039058,NaN,NaN,NaN,NaN,13.1807343363333,0.194139362411579,1.11718637779912,2.19199630286574,7.27497343955501,4.85475396563053,0.462960967967496,,1299.34622898128,30,207.867531480278,0.0683378780000004,20.0296166029609,0.113883446579041,1.50642772510265,0.644652959934203,70.3201591071778,NaN,NaN,NaN,NaN,14.6800161428418,0.248212513463098,1.18833633534891,1.625409548064,7.27189449213541,5.57428356572869,0.396600906176191,,1299.40003105976,30,208.160676583897,0.122077679999999,10.0026912756158,0.123330553321183,2.71243625416397,0.583212938152561,55.5409877245401,NaN,NaN,NaN,NaN,14.86819550826,0.450918890418837,NaN,1.47666281375261,7.27268953265599,2.79722014103423,0.394932115436681,,1299.16021866939,30.0089218232863,208.312636245339
2.08333333333333,5.411387014,0,5.25284568741149,0.749608068041147,0,-0.213456853654314,NaN,NaN,NaN,NaN,17.0802432005,0.15457122736216,1.49523636931,NaN,6.47275259428608,2.58724880281545,NaN,,1298.3283672701,30,218.83025019547,1.166604908,0,2.26310604044988,0.590340129116478,0,-0.228449968569095,NaN,NaN,NaN,NaN,15.3612948916667,0.0463977296171031,1.18658318959214,NaN,7.47219171867786,5.82142072721536,NaN,,1298.88198355797,30,211.595738331582,0.0282131980000005,59.9985431722017,0.109149658937938,1.54407583214412,0.833448592698104,75.7424061663723,NaN,NaN,NaN,NaN,17.7999016031667,0.106566547198839,1.01851833403077,1.91333640120359,7.27172056882865,4.37052846100101,0.436766178554372,,1301.15287097557,30.0008046098573,207.751260269072,0.0315439359999994,39.9907578995618,0.0652201695648199,1.0962381142418,1.06319218266318,72.8609719459162,NaN,NaN,NaN,NaN,13.4938929515,0.204115036524007,1.13462411607275,1.92235731354734,7.27093224821952,4.99647197795725,0.569744263266263,,1299.11528943501,30.0001336333112,207.891977880995,0.0683378780000004,20.0026096642964,0.125395719916218,1.5114084681505,0.683734480260008,68.8609039166158,NaN,NaN,NaN,NaN,14.6577692691667,0.2631624318708,1.23948986819049,1.70174176853868,7.27192454303065,5.66348712253612,0.401772660381893,,1299.35771655892,30,208.171049268508,0.122077679999999,10.001051476466,0.133098128818891,2.71700623073046,0.615478834665414,52.958680726583,NaN,NaN,NaN,NaN,14.6785053816667,0.475943571593931,NaN,1.53416756216975,7.27145942726338,2.86110744631917,0.401195005974945,,1301.8643352396,30,208.321774825682
2.16666666666667,5.411387014,0,5.25834403893123,0.76346251979746,0,-0.242369045155732,NaN,NaN,NaN,NaN,17.4215636662311,0.152296488124611,1.53856266059265,NaN,6.47249027312312,3.01219039798116,NaN,,1299.43717928498,30,218.835756010489,1.166604908,0,2.267111908,0.570198535758867,0,-0.230944258677626,NaN,NaN,NaN,NaN,15.558570028,0.0454018369340278,1.26689070894186,NaN,7.4723232176877,5.85997488155257,NaN,,1300.21466498819,30,211.599844439376,0.0282131980000005,60.0043600227496,0.117992097956355,1.56955347798081,0.883950625459408,74.5556943752678,NaN,NaN,NaN,NaN,17.7929243185402,0.112997474457507,1.09626132575778,1.88168008032635,7.27144444164738,4.41885667804379,0.470417205970136,,1299.76665219678,30.0015641402199,207.75685266503,0.0315439359999994,39.984350403438,0.0884000422834911,1.08168509145136,1.09649691235992,71.5578867361177,NaN,NaN,NaN,NaN,13.8718249723333,0.210698277415751,1.10300615376498,2.3377813374011,7.27175883170609,4.98886872710486,0.469516795874201,,1299.36245047175,30.0099935167722,207.913261234534,0.0683378780000004,20.0345386650524,0.136455993925654,1.50829051812038,0.723064816267958,67.1010786479706,NaN,NaN,NaN,NaN,14.1607286631667,0.27844672035517,1.26862383209441,1.77560159171164,7.27169746970304,5.09345869052662,0.407201783920807,,1297.57039450408,30,208.181151581997,0.122077679999999,9.99932874138113,0.149459844841718,2.71818392066082,0.648519126951047,50.8741398962201,NaN,NaN,NaN,NaN,14.7588397576667,0.501925342375514,NaN,1.64884899386137,7.27172355745739,2.90935728183805,0.393340663555177,,1301.56861182518,30,208.337615454231
2.25,5.411387014,0,5.262594572,0.753319801159615,0,-0.222727252910997,NaN,NaN,NaN,NaN,18.6950005628993,0.149903944475935,NaN,NaN,6.47297742883358,2.0486352370825,NaN,,1299.76009257447,30,218.840106659286,1.166604908,0,2.27128681013845,0.580682658360126,0,-0.228515837716231,NaN,NaN,NaN,NaN,15.6875383826667,0.0447278594815091,1.16193013770862,NaN,7.47184967604926,5.84971608860767,NaN,,1299.91299764856,30,211.603919349919,0.0282131980000005,60.0030669348611,0.131558315923763,1.55373456184127,0.939940036345999,73.3035692842909,NaN,NaN,NaN,NaN,17.961819792024,0.120185998921544,1.11413172606026,2.12325139235364,7.27107748675021,4.56956522098231,0.443355239528604,,1298.78984575901,30.0000430929376,207.767068036122,0.0315439359999994,39.9772821903309,0.107781008618783,1.08335082502986,1.13741544373412,70.3979523948501,NaN,NaN,NaN,NaN,13.8473986051667,0.218579154903497,1.14974342696826,2.25218949260464,7.27116017253884,4.98878977305078,0.511688100220024,,1301.02945845212,30.0100002288818,207.930448688865,0.0683378780000004,20.0091660429979,0.148312072023323,1.51792294084025,0.770813444202223,65.8689042682414,NaN,NaN,NaN,NaN,14.2941277220014,0.296885862916919,1.33415953847614,1.86324040606666,7.27177361699574,4.77299673333181,0.413668239851904,,1299.93278571283,30.0013327449151,208.191961417161,0.122077679999999,9.99258938846887,0.15978317504705,2.69033484607135,0.685445829001889,48.8697521135373,NaN,NaN,NaN,NaN,14.839380602,0.530782362180399,NaN,1.72943590301066,7.27433477197406,2.93590889013716,0.39633730830005,,1298.76193529338,30.0041714338365,208.347623782069
2.33333333333333,5.411387014,0,5.27063256781979,0.76607092083424,0,-0.250272610915167,NaN,NaN,NaN,NaN,21.4543541365363,0.147568350944585,NaN,NaN,6.47379441887523,2.15213566371589,NaN,,1298.85683081627,29.9949618310598,218.847945075086,1.166604908,0,2.27689340497493,0.589264187479445,0,-0.235785497338143,NaN,NaN,NaN,NaN,15.830263357,0.0436514080134132,1.20583296439383,NaN,7.47251344094263,5.92640389287753,NaN,,1301.17474282572,30,211.609524846727,0.0282131980000005,60.0146728205296,0.150583421479753,1.56160135448637,1.00178946355058,71.7832256507357,NaN,NaN,NaN,NaN,17.8037439727691,0.128137759456267,1.09546674123188,2.43192902494451,7.27349563467145,4.69107930437351,0.413137295077792,,1301.63812961238,30,207.783040841514,0.0315439359999994,39.9949804901131,0.12572174332811,1.08794412607002,1.1878646998166,68.8465617941676,NaN,NaN,NaN,NaN,13.9200233161667,0.228458885385147,1.1318773419776,2.77038290147585,7.27115298359429,5.08600450902077,0.42958236769581,,1300.15940752818,30.0092459342163,207.946293145075,0.0683378780000004,19.9878962372124,0.161007782118259,1.53086655329695,0.819852214977842,64.1136953915574,NaN,NaN,NaN,NaN,14.9591786279986,0.315955654872596,1.36247460419367,1.9494584303669,7.27182496341351,4.13100529704921,0.420527105756203,,1300.14800513865,30.0023692198542,208.203504613602,0.122077679999999,10.0019500323145,0.166162218373399,2.71222323667387,0.724478076907751,46.1332883473395,NaN,NaN,NaN,NaN,14.4707001851263,0.561487059708544,NaN,1.85022923891587,7.27244351141825,3.03748397458638,0.391601734766038,,1297.30800060979,30.0059875982589,208.353177416182
2.41666666666667,5.411387014,0,5.272586786,0.766294278868583,0,-0.221858049417153,NaN,NaN,NaN,NaN,22.204972413045,0.145520832949891,NaN,NaN,6.47508215716467,2.08203679872661,NaN,,1300.32109994668,29.9966078912326,218.850098873286,1.166604908,0,2.28087949084684,0.586334858487866,0,-0.21913845118354,NaN,NaN,NaN,NaN,15.4545327916667,0.0428959079958375,1.24471372028931,NaN,7.47181687039337,5.99404564608879,NaN,,1301.29182044126,30,211.613511908526,0.0282131980000005,59.9762760189359,0.155268192,1.57206889206098,1.05318555979277,70.3848017661563,NaN,NaN,NaN,NaN,17.8795722058333,0.134815293279593,1.15064183529084,2.60886594910609,7.27508158061176,4.79517107051416,0.403841356946036,,1299.63878126885,30,207.784880063916,0.0315439359999994,40.0230228945423,0.142006853457346,1.09263855214229,1.24840622462915,67.2391226537227,NaN,NaN,NaN,NaN,13.8796159018333,0.240108321913856,1.19079232028829,2.79593846984879,7.27118574087312,5.18871760542089,0.45242490202933,,1299.43380027885,30.0034966131173,207.960471897171,0.0683378780000004,19.9815592829117,0.173162354605647,1.52212137803958,0.868951616834317,62.492620096339,NaN,NaN,NaN,NaN,14.6326160873333,0.335062842971274,1.39812134659931,2.04248636773811,7.27140193331295,4.887473011185,0.425422649811604,,1299.35203273571,30.0027278626444,208.214671376697,0.122077679999999,9.98487421083919,0.182951308177644,2.70972034223143,0.764975035388114,43.7356496866863,NaN,NaN,NaN,NaN,14.8478597110404,0.593136584631566,NaN,1.93305436340065,7.27198422498745,3.13862487108376,0.395717277688907,,1300.80347463541,30.0018837010912,208.369546357341
2.5,5.411387014,0,5.272586786,0.76152269971431,0,-0.261220487767127,NaN,NaN,NaN,NaN,18.2059743166213,0.143624592165771,1.59490238945274,NaN,6.47467268721955,2.51059200770526,NaN,,1300.31874357767,30,218.850098873286,1.166604908,0,2.286133526999,0.580943364717297,0,-0.234379378419519,NaN,NaN,NaN,NaN,14.9194558676667,0.0423215722637168,1.32883421505584,NaN,7.47254331715606,6.14078973578203,NaN,,1298.94078336529,29.99859574999,211.618771892204,0.0282131980000005,59.9606064255736,0.168801681962928,1.58240386961287,1.13667168106226,69.0728416101633,NaN,NaN,NaN,NaN,17.8794309085,0.145523708805198,1.21614893018587,2.82990464453197,7.27085171777945,4.81185516599136,0.401970470719338,,1300.76643573808,30,207.794763465774,0.0315439359999994,39.9844319315377,0.158853886970735,1.09168092561129,1.31382301317445,65.5939177435612,NaN,NaN,NaN,NaN,13.799232773,0.252639100171882,1.33043816296469,2.99291082404551,7.27205682991452,5.43231023161958,0.439309355613495,,1299.53117718894,30.000069027565,207.975526914129,0.0683378780000004,19.9709198705088,0.187527967059677,1.5267094667836,0.922423620407362,60.3849971172567,NaN,NaN,NaN,NaN,14,0.355897086560041,1.47616111847095,2.13097023797815,7.27167148695045,3.67847195889273,0.432851606032243,,1301.37028078615,30,208.227973448871,0.122077679999999,10.0158705419769,0.200970285720993,2.70902127324352,0.806917221768744,41.4844887762224,NaN,NaN,NaN,NaN,14.6780457553333,0.626149065236519,NaN,2.01902033297485,7.27204811362628,3.19448813539945,0.3996413794183,,1299.96936562103,30,208.387113760977
2.58333333333333,5.411387014,0,5.27621440492009,0.75943313058426,0,-0.223621919760049,NaN,NaN,NaN,NaN,17.1052277986671,0.141240590531002,NaN,NaN,6.4744034513525,2.18063047175863,NaN,,1301.78590042763,29.9955838571182,218.853626935055,1.166604908,0,2.28971292344783,0.580672662155294,0,-0.157456032976767,NaN,NaN,NaN,NaN,15.0163510117817,0.0415423342555412,1.33507918169291,NaN,7.47249830429636,6.15177998934682,NaN,,1300.66958114851,29.9941753083331,211.62234382922,0.0282131980000005,60.010762125354,0.184234284008043,1.57368406750709,1.22197446305888,67.517345502298,NaN,NaN,NaN,NaN,17.1740785993333,0.156420247475694,1.19870947761836,2.94063506754172,7.27103906450626,4.93586169623386,0.415809734823048,,1301.29308728166,30,207.80734706744,0.0315439359999994,40.0262648148763,0.170718981379459,1.0971606933647,1.3909321252855,64.0010898655784,NaN,NaN,NaN,NaN,13.8782604768796,0.267823575768837,1.38273278260369,3.49222140931529,7.27121772600542,5.42934187424641,0.399667841019611,,1300.38402768671,30.0002821059522,207.984995265788,0.0683378780000004,19.9962421798097,0.201506667614595,1.51475746504101,0.980045308526866,58.4483231296967,NaN,NaN,NaN,NaN,14,0.378539620297896,NaN,2.23652974143147,7.27183692435041,2.66963243366979,0.438171427837548,,1298.56745526434,30.0004011532698,208.240869998759,0.122077679999999,10.0168441207372,0.217928753839409,2.71968968003094,0.852855210869745,39.0287575576476,NaN,NaN,NaN,NaN,14.9598944881667,0.66190443090987,NaN,2.10235739446908,7.27191503446697,3.29332318291106,0.405646968040674,,1299.57147308576,30,208.403316747727
2.66666666666667,5.411387014,0,5.277534198,0.754709530685523,0,-0.265173059196052,NaN,NaN,NaN,NaN,17.5290543875,0.139062136054414,NaN,NaN,6.473555722725,2.11082510522523,NaN,,1301.32290086713,30.0044875680416,218.855046285286,1.166604908,0,2.292043748,0.576385351696849,0,-0.23783541726111,NaN,NaN,NaN,NaN,15.1039407665517,0.0407454898770381,1.34658048898798,NaN,7.47282614029406,6.17173629272092,NaN,,1299.39110587924,30,211.624776279376,0.0282131980000005,60.0076917398487,0.199892687596727,1.55843526377613,1.3029250268827,65.795146915932,NaN,NaN,NaN,NaN,17.2216892607338,0.166790339328007,1.22762459733325,2.99457573719655,7.27093855644677,4.93615821127083,0.435218133364939,,1299.58691639491,30,207.819659339046,0.0315439359999994,39.9897382717721,0.18624472407772,1.08763852149276,1.46944015975351,61.9344204713985,NaN,NaN,NaN,NaN,13.6539916231204,0.282733406720843,1.44920529151566,3.42462431680604,7.27136949133785,5.63952582095826,0.429702951169539,,1299.38236326262,30.0035866656085,207.998528389456,0.0683378780000004,19.9908250778832,0.216562264833669,1.48681518196759,1.04356549873475,56.2611925637888,NaN,NaN,NaN,NaN,13.999911105,0.402940202760083,NaN,2.3483212567914,7.27152711014729,2.70795901803472,0.444371554357733,,1298.74625827277,30.0040111363422,208.254871128153,0.122077679999999,9.98649806774426,0.235095507499947,2.70602054947944,0.901694235898086,35.5076662853272,NaN,NaN,NaN,NaN,14.4859251529816,0.699560734376636,NaN,2.18687570922892,7.27183744595883,3.29433512874102,0.412302982468669,,1301.26173751465,30.0003996099795,208.420133192644
2.75,5.411387014,0,5.281339562738,0.762441726291211,0,0.0433875356706686,NaN,NaN,NaN,NaN,17.5946407685,0.136831384265759,NaN,NaN,6.4730927278511,2.10949244860908,NaN,,1300.12330170805,30.0100002288818,218.858753110944,1.166604908,0,2.29590459132167,0.580097078527744,0,-0.235337040768467,NaN,NaN,NaN,NaN,15.8124583218333,0.0399603881473179,1.39166264058051,NaN,7.47174017760124,6.2504282331278,NaN,,1299.92853610532,30,211.62853688569,0.0282131980000005,60.0096338757285,0.218185171779287,1.55253805033851,1.39232420184658,64.3988119017307,NaN,NaN,NaN,NaN,17.1139313612662,0.178216168368206,1.25094996322368,3.25489012739537,7.27114079307538,5.0764980380586,0.428271934038353,,1301.0335830892,30.0013520593771,207.834900794306,0.0315439359999994,39.9962919615103,0.203819985626486,1.10088498988968,1.55628041217751,60.5394650570026,NaN,NaN,NaN,NaN,13,0.29986087331828,1.6182245465924,3.86726683989016,7.27161697449337,5.93464492509764,0.403075671385869,,1300.33998421711,30.0096009843321,208.014009696743,0.0683378780000004,20.0268839672591,0.233381139836664,1.51938808491273,1.1085307587247,53.8921746725796,NaN,NaN,NaN,NaN,14.0808219975,0.428107345731953,NaN,2.45713491327855,7.27143292613442,2.73758890191101,0.451136748364815,,1301.94305427335,30.0008019485164,208.27054848915,0.122077679999999,10.002775804944,0.254096912803024,2.72036088181952,0.949675700325309,32.6392921016092,NaN,NaN,NaN,NaN,14.561641231413,0.737436511893539,0.938746159331966,2.28980742938675,7.27367655605506,3.37025047397504,0.414745670067208,,1300.80186153023,30.0056463234367,208.438702966792
2.83333333333333,5.411387014,0,5.28629843182948,0.770653625739206,0,-0.261192570718254,NaN,NaN,NaN,NaN,17.0800595646667,0.134271451689261,NaN,NaN,6.4725568574456,2.15655138661829,NaN,,1299.3859035926,30.0100002288818,218.863711071556,1.166604908,0,2.30294192450764,0.577872090677367,0,-0.242428208102139,NaN,NaN,NaN,NaN,15.6380527521667,0.0391927052568088,1.33116871537974,NaN,7.47170102374739,6.14496924857323,NaN,,1299.67476416745,30,211.635472461824,0.0282131980000005,59.9953562375744,0.235471366894425,1.56449047586235,1.4848742961836,62.5862427460257,NaN,NaN,NaN,NaN,16.985326526,0.190228981630412,1.362953478608,3.53224570260552,7.2713432690594,5.2718017180197,0.420592445841176,,1300.32620190304,30.0050618818174,207.848942180666,0.0315439359999994,40.018903766638,0.220355715499479,1.0873146242028,1.64816198142931,58.5068394706722,NaN,NaN,NaN,NaN,13,0.317481063533536,1.54909224194361,4.07819902751356,7.2710746772303,5.81385786867561,0.405155186850624,,1298.40192055144,30.0094281926227,208.028263792239,0.0683378780000004,19.9767572773801,0.250630275873431,1.50838785028881,1.17659434859713,51.7871274126266,NaN,NaN,NaN,NaN,14.1204834623333,0.454201904100023,NaN,2.5779494013919,7.27157437340482,2.80138365847842,0.456392018075005,,1299.77664319055,30,208.286852776439,0.122077679999999,10.002966328586,0.271816767836291,2.71231943325118,1.00121010223107,29.4491819664413,NaN,NaN,NaN,NaN,15.2182195214387,0.778257553923542,0.934325042375903,2.43117857702557,7.27163103132889,3.41666022403024,0.41184345132502,,1300.20236671939,30.0015912983138,208.45561397275
2.91666666666667,5.411387014,0,5.287487456,0.746038213647456,0,-0.232766074616352,NaN,NaN,NaN,NaN,17.040120765,0.13172456897257,NaN,NaN,6.47182692519392,2.18882958265154,NaN,,1299.83369456893,30.0044302147422,218.864999543286,1.166604908,0,2.3085229173134,0.580436425280109,0,-0.208623402930914,NaN,NaN,NaN,NaN,15.7988521423333,0.0385580160712902,1.35205185552125,NaN,7.47203566870928,6.18123941490671,NaN,,1299.39664086308,30,211.641152833814,0.0282131980000005,59.9912634839088,0.251578032021548,1.54386083413437,1.58359438462983,60.8620987983379,NaN,NaN,NaN,NaN,17.4420587063333,0.20286270435839,1.39085753091458,3.77752071138497,7.27163024583288,5.32060919875682,0.419288759084684,,1298.44430923538,30.0076194007793,207.862003396995,0.0315439359999994,40.005534374518,0.242653631633751,1.08193486471286,1.74310905218516,56.6439058039646,NaN,NaN,NaN,NaN,13,0.335989293505005,1.70921329583418,4.48039929215242,7.27147520198891,6.09352934293112,0.389287564167073,,1299.59491926695,30.0093704420939,208.048538357457,0.0683378780000004,20.0490517923994,0.266332131237103,1.51135640414902,1.24944655746262,49.3756475488384,NaN,NaN,NaN,NaN,14.6239081628333,0.48263895623587,NaN,2.7008480162233,7.27168069391839,2.83752989782261,0.46259071248463,,1301.37862608895,30.0004002948935,208.301500746467,0.122077679999999,9.98444842553147,0.290440356741611,2.71170199033326,1.05660589942609,25.3776685758863,NaN,NaN,NaN,NaN,15.2527399971667,0.821674956050783,0.958631316651442,2.54196999643777,7.27124066698645,3.4451375781441,0.415645207665735,,1301.04998620198,30.0020083904623,208.473811232664
3,5.411387014,0,5.29621789627307,0.756771427604181,0,-0.267852069870696,NaN,NaN,NaN,NaN,17.2424941090017,0.129893218215072,NaN,NaN,6.47390976684062,2.16609067294459,NaN,,1300.01276257395,30.0028142112157,218.873524060985,1.166604908,0,2.312164522,0.575645414333551,0,-0.242130779530992,NaN,NaN,NaN,NaN,15.3247627289181,0.0380008407588187,1.426478130162,NaN,7.47187968032833,6.31112501230266,NaN,,1299.7732699521,30,211.644897053376,0.0282131980000005,60.0016257745325,0.26822474542788,1.53083888355398,1.68228426449179,58.8341662037523,NaN,NaN,NaN,NaN,17.4046135496667,0.215546077674506,1.40691929273684,4.07970000903958,7.27139296022946,5.25828057272797,0.412603526538734,,1300.65431348562,30.0076073115708,207.875501902721,0.0315439359999994,40.0170289548423,0.261781630420835,1.10050464893433,1.83473294129637,54.3939463838757,NaN,NaN,NaN,NaN,13,0.353395344893936,1.68568859912069,4.24028232623614,7.27202610223746,6.05246783254756,0.434228867327711,,1298.69348719543,30.0070791535347,208.065786849283,0.0683378780000004,20.0174098032027,0.282892882948875,1.5118202638841,1.32597472727152,46.839537844464,NaN,NaN,NaN,NaN,14.4381293135,0.511613725883107,NaN,2.83457205201066,7.27163846540129,2.92553426045741,0.467766726603009,,1298.11454149098,30,208.316926103507,0.122077679999999,9.99677198999319,0.308313959887819,2.73650773633153,1.11236938744033,22.0821144744219,NaN,NaN,NaN,NaN,15.0404363681667,0.865786201114067,1.03017986534663,2.64448158055949,7.27196281580087,3.60079324684439,0.420622747592456,,1300.26692268307,30.0032056616078,208.491265179017
3.08333333333333,5.411387014,0,5.297713406,0.764071049772101,0,-0.228473226466506,NaN,NaN,NaN,NaN,18.2311265943316,0.127819636654582,NaN,NaN,6.47625323054691,2.24166405921046,NaN,,1298.91911719389,30,218.875225493286,1.166604908,0,2.31834527510683,0.575631415965133,0,-0.235321129447957,NaN,NaN,NaN,NaN,15.6716380180819,0.0372444896136815,1.42303664197996,NaN,7.47270650855444,6.30524418485332,NaN,,1299.66543207258,30,211.650875327612,0.0282131980000005,59.9960346670963,0.28450049680871,1.55367508551729,1.78479921215289,56.6702377840833,NaN,NaN,NaN,NaN,17.879860014,0.228860481924463,1.52371599193175,4.31017381070606,7.27129074296868,5.55244266339596,0.414194617543745,,1298.98518160952,30.0032905503334,207.88860782122,0.0315439359999994,39.9961259735784,0.27607333420474,1.07440136450466,1.93459921022011,52.1609795854919,NaN,NaN,NaN,NaN,13.4467304428333,0.373210293225364,1.81157388969781,4.90307869817349,7.27110260111755,6.27256457688747,0.395352741104965,,1297.84143099561,30.0012191124481,208.077787462055,0.0683378780000004,20.02512278517,0.300644417724757,1.5182686817552,1.41034432819247,44.2175006811741,NaN,NaN,NaN,NaN,14.8001130779851,0.544423828873338,NaN,2.97523714512436,7.2715638551052,2.96002156610861,0.47400676788177,,1300.99925316605,30,208.333720498825,0.122077679999999,9.9890987796013,0.327319435297602,2.76098876876755,1.17590413047515,17.9643433490317,NaN,NaN,NaN,NaN,14.9999705185,0.915774507375572,1.07676464532456,2.76180784839059,7.27200762122052,3.68195475449083,0.425761535767491,,1299.59344273903,30.0037745213822,208.509653942064
3.16666666666667,5.411387014,0,5.297713406,0.759196913331206,0,-0.274943716138909,NaN,NaN,NaN,NaN,17.9594986328333,0.126068737524688,NaN,NaN,6.47406413749796,2.17285651073236,NaN,,1299.91209172011,29.9961515062637,218.875225493286,1.166604908,0,2.32221517,0.583673308502592,0,-0.242405114043756,NaN,NaN,NaN,NaN,15.879385435,0.0364898199660956,1.40818705174439,NaN,7.47279118451437,6.27926839049892,NaN,,1298.97786892212,30,211.654947701376,0.0282131980000005,59.9861365733794,0.303100417207923,1.56325463358284,1.90141876168104,54.3884347112733,NaN,NaN,NaN,NaN,17.7985276785,0.243790016979809,1.69022460352981,4.60506152054006,7.27142981420305,5.84320110465438,0.412972070534823,,1301.00737348505,30.005531536731,207.904010319394,0.0315439359999994,39.9891263493842,0.298088904212572,1.0988643340517,2.0465386513214,49.5177598036035,NaN,NaN,NaN,NaN,13.6321024203512,0.395081841648159,1.86543292847144,5.1439554321819,7.27128376531698,6.36667308585016,0.398892447393581,,1300.45947469822,30.0016075995742,208.097710225954,0.0683378780000004,19.9629628759258,0.319284716852349,1.49658568561995,1.49536847465171,41.0485560630024,NaN,NaN,NaN,NaN,14.8793651803483,0.577570530855932,NaN,3.12289493905449,7.27139998743623,3.07167489812423,0.478820474496894,,1300.8739678094,30,208.351214590692,0.122077679999999,10.0051675456806,0.348026565774127,2.78993903497239,1.23992921933665,14.002592665947,NaN,NaN,NaN,NaN,14.8411129193492,0.966414558016564,1.12061392899331,2.9079044120067,7.27213171495456,3.75837220497641,0.426392181068754,,1301.10935374722,30.0062594936209,208.52982944353
3.25,5.411387014,0,5.29881891314154,0.763633682524219,0,-0.258081704562586,NaN,NaN,NaN,NaN,17.5173910076667,0.124176351738548,NaN,NaN,6.47339707293354,2.26906110891809,NaN,,1298.69914527044,29.9899997711182,218.87622925565,1.166604908,0,2.32615747233982,0.578569506777607,0,-0.243391404066234,NaN,NaN,NaN,NaN,15.7999290303333,0.0360401832872159,1.53529166507237,NaN,7.47214968954324,6.50111841619904,NaN,,1300.66958282079,29.9993559773182,211.658789832927,0.0282131980000005,60.0090793749036,0.322201815603354,1.54537707368189,2.02764085913913,52.3470265218371,NaN,NaN,NaN,NaN,17.7184921695534,0.260078937284323,1.59523139145158,4.85450114180529,7.27203941311814,5.67729171859062,0.41775341873389,,1299.54228693636,30.0091936632047,207.919943148721,0.0315439359999994,40.0208366357505,0.316035281664401,1.08684657724012,2.16711030544662,47.2384527568828,NaN,NaN,NaN,NaN,13.6444114443154,0.41865736068851,1.84010669965393,5.76736114005083,7.27181276777836,6.3223808873934,0.375846697926862,,1300.74914813489,30.0039795977703,208.113570137686,0.0683378780000004,19.9623570010858,0.338847963359575,1.50029939103297,1.58610160178136,38.1325340645193,NaN,NaN,NaN,NaN,14.799517836,0.613565143130314,NaN,3.28830705179916,7.27151943635806,3.12459976552523,0.482337782560465,,1296.99454623166,30.0056782315314,208.369744871286,0.122077679999999,10.0173343097138,0.36761753175464,2.77928151377737,1.30962739792722,10.1537359292804,NaN,NaN,NaN,NaN,15.2392282954841,1.02123921524147,1.15709651031502,3.03137462582902,7.27234646755382,3.82195957369883,0.432003747819345,,1299.63462901395,30.0077096361114,208.549018352951
3.33333333333333,5.411387014,0,5.302758208,0.759533315328695,0,-0.2726958159136,NaN,NaN,NaN,NaN,17.638838737,0.123006285712241,NaN,NaN,6.47619526084241,2.21326164774516,NaN,,1298.86137942582,29.9941648203131,218.880270295286,1.166604908,0,2.33095326131479,0.567832252685281,0,-0.244993240772489,NaN,NaN,NaN,NaN,15.2162666488333,0.0353169407953376,1.49211637443649,NaN,7.47187889866663,6.42581619904968,NaN,,1300.33281318327,29.9966300522248,211.663584892894,0.0282131980000005,60.0221484320638,0.331346549511286,1.51773335861794,2.14604251687609,49.6698064952115,NaN,NaN,NaN,NaN,17.8003924736133,0.275276909752115,1.69291646442208,5.23434524360245,7.27439554743947,5.84797360751108,0.410239408367728,,1300.59848435913,30.0100002288818,207.926247766057,0.0315439359999994,40.0201565999237,0.336084591935351,1.07558043385403,2.29987995291705,44.2103726898648,NaN,NaN,NaN,NaN,13.7170535872868,0.444332620510539,1.84449175561444,6.06279772459313,7.2711017148024,6.3300085026848,0.379597268883809,,1298.82231704992,30.008777355001,208.131420573608,0.0683378780000004,19.9689542505939,0.359789500350531,1.50320223675276,1.68142687162637,34.134878965281,NaN,NaN,NaN,NaN,14.6830910038201,0.651462904034639,NaN,3.46078934477802,7.27155955176294,3.26965981504089,0.485845332496761,,1300.69324481226,30.0100002288818,208.389634323442,0.122077679999999,10.003343159591,0.387349904960072,2.75838520760349,1.38677805245976,5.95806990516285,NaN,NaN,NaN,NaN,15.2374195125851,1.08143905829458,1.23487982991179,3.17311696247416,7.2711365145052,3.95756430507373,0.437034440823456,,1299.95245732607,30.0084283685947,208.567915169031
3.41666666666667,5.411387014,0,5.302758208,0.760981269032984,0,-0.272045373838623,NaN,NaN,NaN,NaN,18.0118550383975,0.121345875467388,NaN,NaN,6.47510077446013,2.17523811905964,NaN,,1301.19692549445,30,218.880270295286,1.166604908,0,2.33632875598766,0.567505828054489,0,-0.243602994833883,NaN,NaN,NaN,NaN,15.7784646266537,0.0348590021634722,1.54139633124102,NaN,7.47170223158563,6.5117781360538,NaN,,1298.84264118708,30,211.668961811382,0.0282131980000005,60.0232870743122,0.353518644217421,1.51983485905289,2.2937489364447,46.778752654649,NaN,NaN,NaN,NaN,17.5364200913429,0.294238561487817,1.67348101705552,5.60991088561804,7.27090459800899,5.81410779524573,0.408936744667488,,1299.25462180047,30.0095985138208,207.944880418834,0.0315439359999994,39.9587117316923,0.357971157333168,1.07793023077798,2.43314418076486,40.9658208996532,NaN,NaN,NaN,NaN,13.7199451481142,0.470849281043878,2.03544212625334,6.65993905266688,7.27113447214082,6.6641083894947,0.365669644188044,,1300.26636783367,30.0088180084607,208.151332714667,0.0683378780000004,19.9683367843958,0.38108686057923,1.48583277236281,1.78691764638897,31.1446315403444,NaN,NaN,NaN,NaN,14.7574123826799,0.692746886900953,NaN,3.64803227644581,7.27137814978786,3.37238749775096,0.489895801170763,,1299.1502697469,30.0100002288818,208.409872997316,0.122077679999999,10.0053788820382,0.412069588366615,2.73902350560848,1.46571610718832,2.84541370842969,NaN,NaN,NaN,NaN,14.8432596164149,1.14365635454767,1.22619481743454,3.34240310761573,7.27114877059123,3.94242664717887,0.438497076991855,,1299.03734411834,30.0067633687785,208.592327925004
3.5,5.411387014,0,5.302758208,0.756583625874274,0,-0.274080315297404,NaN,NaN,NaN,NaN,18.1889658904358,0.12030436687978,NaN,NaN,6.47481066238086,2.26065827925862,NaN,,1297.84557518864,30.0007825230604,218.880270295286,1.166604908,0,2.3415453656459,0.567927364906322,0,-0.24528700594125,NaN,NaN,NaN,NaN,15.8002350401797,0.0343054232230806,1.63993230299902,NaN,7.47217756309328,6.6839055995436,NaN,,1300.96555759945,30,211.674176260368,0.0282131980000005,60.0470523934185,0.373340477913359,1.5145264723028,2.45313723824829,44.0737757969344,NaN,NaN,NaN,NaN,17.8026855651571,0.314808470263786,1.84925734731451,6.02724102733565,7.27097941095166,6.12125700671127,0.407055674506365,,1300.00022037755,30.0095984976854,207.961647952182,0.0315439359999994,40.0427921929706,0.380810497984919,1.08335507013521,2.56744516529831,37.9770658626951,NaN,NaN,NaN,NaN,13.639924204599,0.496986048447894,2.01678642217085,7.00261022155055,7.27121554129618,6.63146548447014,0.366769221892315,,1300.03089767808,30.0100002288818,208.172079822288,0.0683378780000004,20.0095769796476,0.403634399714502,1.47624091019803,1.89943520683862,27.4319636711707,NaN,NaN,NaN,NaN,14.1202069251667,0.736688340518447,NaN,3.87387575324567,7.27150950649444,3.43924117776429,0.490303503429558,,1301.65974437002,30.0100002288818,208.431315309355,0.122077679999999,9.99328984018791,0.434443936411286,2.73534008084094,1.55320709480726,1.14788506984233,NaN,NaN,NaN,NaN,14.9996943686667,1.2123543321131,1.31601305744793,3.4643899820379,7.27172295431756,4.09906288029901,0.448307800178309,,1299.97135353181,30.0008025152127,208.614182990405
3.58333333333333,5.411387014,0,5.302758208,0.765351525912692,0,-0.266526278808668,NaN,NaN,NaN,NaN,18.0402780778333,0.118186591734144,NaN,NaN,6.4730055891666,2.26714337344547,NaN,,1299.22425002528,30.0028323191166,218.880270295286,1.166604908,0,2.34556035441944,0.566779975131498,0,-0.245338965698036,NaN,NaN,NaN,NaN,16.0897096965,0.0339892884626869,1.5765939616606,NaN,7.47235985784703,6.57328604836901,NaN,,1299.97170398455,30,211.678191248188,0.0282131980000005,60.038290118233,0.395691129061174,1.53933395365053,2.60221588120858,41.0264206791903,NaN,NaN,NaN,NaN,17.7383865323333,0.333980200118138,1.8733360438213,6.28362724786234,7.27088308171464,6.16339020410032,0.414170877937655,,1299.76441204866,30.0100002288818,207.980765311064,0.0315439359999994,39.9608312562628,0.404726423287817,1.07976427460277,2.73431446686531,35.1540022254617,NaN,NaN,NaN,NaN,13.8793028623333,0.529673949487196,2.2140652601602,7.50294685382673,7.27130549508942,6.97691302567503,0.364568968784521,,1300.37910252222,30.0100002288818,208.193814731713,0.0683378780000004,19.9920709253394,0.42729748258428,1.48400337138294,2.01586567160302,23.1686870741536,NaN,NaN,NaN,NaN,14.2015167399854,0.781396571948027,NaN,4.08955090470097,7.27151177909666,3.46335586059398,0.492925132285721,,1300.21376323337,30.0100002288818,208.453910847839,0.122077679999999,10.0002399909922,0.454887013033516,2.7025900186166,1.64048084391794,0.529811733279731,NaN,NaN,NaN,NaN,14.8579781477851,1.28100893094127,1.36471633468684,3.57271434658734,7.27187528616399,4.18402990046687,0.459141726377074,,1300.49352018911,30,208.634098398169
3.66666666666667,5.411387014,0,5.31094817446873,0.760192627817998,0,-0.275906654560615,NaN,NaN,NaN,NaN,17.83932406,0.116440955609516,NaN,NaN,6.47336014049155,2.20505853648131,NaN,,1298.61976362641,30.0004011812788,218.888151402435,1.166604908,0,2.34930594417224,0.589715917207284,0,-0.244400971507645,NaN,NaN,NaN,NaN,16.2726212525,0.0330818045389803,1.50008692024765,NaN,7.4719558625419,6.43972882785488,NaN,,1299.48020727328,30,211.681942742594,0.0282131980000005,59.9920452896067,0.419781072091192,1.5153427985627,2.76816415768006,38.2435588858124,NaN,NaN,NaN,NaN,17.465385965,0.355624410165138,1.89052847906248,6.77859474592168,7.2710556184716,6.19343218353359,0.408402596095357,,1300.45985578738,30.0100002288818,208.001699710712,0.0315439359999994,40.0219792922574,0.428068521026015,1.07471452832242,2.89757091208557,32.3668491179781,NaN,NaN,NaN,NaN,13.7006208978333,0.561817710146552,2.14625583403461,7.94871684994624,7.27127897543687,6.85812497901382,0.364866773724635,,1301.17068592404,30.0100002288818,208.215062270189,0.0683378780000004,19.980960920489,0.45192381038998,1.5056357940752,2.13701844901017,19.5824692249104,NaN,NaN,NaN,NaN,14.5611573065146,0.828977818283602,NaN,4.3144831906993,7.27159833345357,3.49317640287283,0.495299252809466,,1300.14591676803,30.0100002288818,208.477497484662,0.122077679999999,10.0032415555231,0.475822983605039,2.74545564717717,1.73527769063156,0.22099673143313,NaN,NaN,NaN,NaN,14.9127342788815,1.35521895018355,1.4348195716736,3.6370779659913,7.27212841592619,4.30636102871586,0.477077093654042,,1301.48314788565,30,208.654521175343
3.75,5.411387014,0,5.318067916,0.7625980734405,0,-0.271320948710454,NaN,NaN,NaN,NaN,18.0001014981667,0.115087397450918,NaN,NaN,6.47590475348939,2.24444675554627,NaN,,1301.38206002256,30,218.895580003286,1.166604908,0,2.3550474340809,0.578735522967227,0,-0.239381822743026,NaN,NaN,NaN,NaN,16.2823738085,0.0328440649249568,1.71295449931604,NaN,7.4714804291855,6.81145159346487,NaN,,1299.54944214175,30,211.687578285365,0.0282131980000005,59.9718778356629,0.44602709690977,1.52526792565568,2.9480514982842,35.3144734827834,NaN,NaN,NaN,NaN,17.6122036427463,0.37910213952962,2.00150845469728,7.14409348262046,7.27107760946073,6.38761865275032,0.412678785302683,,1301.03594227726,30.0100002288818,208.024812830033,0.0315439359999994,39.9661375087055,0.452742024322786,1.08182379243081,3.06837766744699,28.5524969405095,NaN,NaN,NaN,NaN,13.4156779458333,0.595046247568621,2.14631578581855,8.33191796154343,7.27125496939702,6.76626815285349,0.368557047942663,,1300.94734752754,30.0100002288818,208.23766714952,0.0683378780000004,20.0036222444444,0.476763112039435,1.50866444783392,2.26587531738944,15.106420518033,NaN,NaN,NaN,NaN,14.1826365456667,0.879654683764437,NaN,4.53651735093668,7.27163564778481,3.57287584347546,0.499457837587161,,1300.02588315967,30.0100002288818,208.501287084659,0.122077679999999,9.99774473549618,0.48872312599612,2.75133576122125,1.83298371167549,-0.0317381842828896,NaN,NaN,NaN,NaN,14.3065423677011,1.43084098185222,1.47108541683673,3.68788312596424,7.27238735318966,4.36966251983154,0.497011865365145,,1298.9341390929,30,208.667006548698
3.83333333333333,5.411387014,0,5.318067916,0.748954700687803,0,-0.27633047966355,NaN,NaN,NaN,NaN,17.9600919906667,0.113603014601713,NaN,NaN,6.47513909773943,2.29414229547798,NaN,,1299.62613577423,30,218.895580003286,1.166604908,0,2.36384122735326,0.574524311725396,0,-0.244237722150793,NaN,NaN,NaN,NaN,16.1160356771667,0.03247654810168,1.62613689413675,NaN,7.47255595663256,6.65992556281936,NaN,,1299.02039643036,30.0091723957249,211.696473131973,0.0282131980000005,59.9624212171815,0.469923637926151,1.52673423927193,3.13075550164374,32.160672382659,NaN,NaN,NaN,NaN,16.9899334697537,0.402846498823963,2.01186465577615,7.55737716144567,7.27112112731542,6.40573418582596,0.414274111691956,,1299.09983141731,30.0100002288818,208.045580147597,0.0315439359999994,40.0062093372791,0.478020545027074,1.07634509835083,3.23806621709349,24.6902743188763,NaN,NaN,NaN,NaN,13.7494244825,0.629133187494295,NaN,9.08388523840375,7.27122939591592,3.01305505593775,0.356845117739874,,1299.95502927742,30.0100002288818,208.260903309397,0.0683378780000004,20.023462244811,0.50187255695792,1.50687275711039,2.40716340546418,11.3095715370479,NaN,NaN,NaN,NaN,14.9411480762615,0.933892915297979,NaN,4.77699055017487,7.27125792617745,3.66645583481087,0.503888852493691,,1299.62430838827,30.0087962272324,208.525369934081,0.122077679999999,9.98577840562791,0.508441612115375,2.74711776147781,1.9254024139292,-0.161557686902337,NaN,NaN,NaN,NaN,14.9595749004655,1.50255537199022,1.56370181968283,3.72037233355386,7.27191071179267,4.53136986422041,0.517519571829593,,1299.25488767903,30,208.686111678048
3.91666666666667,5.411387014,0,5.318067916,0.75581625385082,0,-0.274654714270589,NaN,NaN,NaN,NaN,18.080188643,0.112329515774111,NaN,NaN,6.47483706977462,2.2635741132962,NaN,,1300.0155327294,30,218.895580003286,1.166604908,0,2.36799200387699,0.573255126661421,0,-0.242701369717737,NaN,NaN,NaN,NaN,16.2014852113562,0.0320000015199184,1.56364201001355,NaN,7.47199342778935,6.55065034300584,NaN,,1300.56078827742,30.002068171802,211.70062519001,0.0282131980000005,59.9987695955014,0.494398197211081,1.52003722093511,3.31930153321625,28.4047735384017,NaN,NaN,NaN,NaN,17.683213006,0.427092764515161,1.95273181760359,7.96166925939502,7.27124025584288,6.30225331857173,0.416967184457411,,1300.25648223742,30.0100002288818,208.066925433562,0.0315439359999994,39.9983504124497,0.503233747279838,1.07323671944873,3.4350906566144,21.059891971833,NaN,NaN,NaN,NaN,13.6890321026667,0.667336317123167,2.21746638174401,9.46903773099672,7.27115722354566,4.32029138783267,0.362874004356897,,1300.75800416969,30.0100002288818,208.283947953715,0.0683378780000004,19.9925362781183,0.528365833454625,1.49657743697969,2.56082847632278,7.83362489465839,NaN,NaN,NaN,NaN,14.2159060990487,0.993480910735582,NaN,5.02278697267534,7.2713201297932,3.75418375207765,0.509813793076531,,1301.21220372656,30.0022301638225,208.550806305229,0.122077679999999,10.0148390164052,0.527919664979999,2.74817749764475,2.02379018926984,-0.267601420969048,NaN,NaN,NaN,NaN,14.7191231415,1.57889731905543,1.56526993938946,3.73943323051816,7.27238755949159,4.53411456506389,0.541194626692651,,1298.78379113059,30,208.705168353988
4,5.411387014,0,5.318067916,0.760516475429076,0,-0.278477908670208,NaN,NaN,NaN,NaN,17.9199418226667,0.110809926010772,NaN,NaN,6.47466133895244,2.33540057614952,NaN,,1300.56388641688,30,218.895580003286,1.166604908,0,2.372195718,0.568691070378828,0,-0.243191607881671,NaN,NaN,NaN,NaN,16.0024453183104,0.0315305106529162,1.63949298068202,NaN,7.47412031380344,6.68310661295962,NaN,,1299.95990402395,30.0004005981088,211.704928249376,0.0282131980000005,60.0098923539861,0.519140724090744,1.54245268291341,3.51346007153284,24.2722436585817,NaN,NaN,NaN,NaN,17.4842989110621,0.452169220781569,2.07137648932177,8.36676693795701,7.27123942347905,6.50994812593663,0.419955434117418,,1299.70734865578,30.0100002288818,208.088525318559,0.0315439359999994,39.9819475516391,0.529137821191303,1.06624871871817,3.64415410638256,17.1785104683303,NaN,NaN,NaN,NaN,13.7991086111667,0.708654444482875,NaN,9.98710203955125,7.27104139121509,3.06769312646698,0.364879950598506,,1301.26322584806,30.0100002288818,208.307823522384,0.0683378780000004,19.9765674122115,0.555693738116831,1.49764071295851,2.71430007918001,4.21413463410771,NaN,NaN,NaN,NaN,14.2361164158565,1.05443274744866,NaN,5.2332812227018,7.27141131099874,3.85756079903327,0.518629096243726,,1297.99903376057,30,208.577001892887,0.122077679999999,9.99835593816051,0.548347340896619,2.77159033210892,2.11699912239637,-0.325304445685082,NaN,NaN,NaN,NaN,14.7470175179345,1.65051273726256,1.65967982949778,3.74479101067898,7.27302521773134,4.69902162349387,0.565319692059188,,1301.9139622756,30,208.724975283364
4.08333333333333,5.411387014,0,5.318067916,0.746372243180718,0,-0.272470243507357,NaN,NaN,NaN,NaN,18.3615873925,0.109555478219576,NaN,NaN,6.47355174294743,2.31276560660669,NaN,,1299.38675136796,30,218.895580003286,1.166604908,0,2.372195718,0.566496323360032,0,-0.2450083602473,NaN,NaN,NaN,NaN,16.3863228213333,0.0313208103357213,1.60475933833645,NaN,7.47271957328881,6.62241935515502,NaN,,1299.53288195206,29.9953265283985,211.704928249376,0.0282131980000005,59.9985957184433,0.545597155868442,1.51692853373878,3.73429710405741,20.4956776471335,NaN,NaN,NaN,NaN,17.7095580103304,0.480794115508847,2.17089612562503,8.89581889413664,7.27136093934448,6.68429038077187,0.419806075467503,,1299.94297292647,30.0100002288818,208.111841811047,0.0315439359999994,40.023921430744,0.556268968836474,1.0671685532716,3.86618781671672,13.5118340068241,NaN,NaN,NaN,NaN,13.9199018328333,0.752112282207423,NaN,10.41869302996,7.27112486255128,3.07600880839442,0.371115796021764,,1301.43511285619,30.0100002288818,208.332858533519,0.0683378780000004,19.9765487520263,0.581961675627475,1.48804849835839,2.88056300152311,1.82384388314695,NaN,NaN,NaN,NaN,14.759420346,1.11997899011257,NaN,5.44414543175736,7.27114489843839,3.8052954401046,0.529071521387908,,1301.46562257061,30,208.602343508277,0.122077679999999,10.0126663111182,0.563340688844951,2.7651625261131,2.21206574873677,-0.351185358259364,NaN,NaN,NaN,NaN,14.71934371792,1.72414741773141,1.71823505050698,3.8040982329841,7.27164658440394,4.80134872197271,0.581478473304573,,1299.51907265136,30,208.739437846098
4.16666666666667,5.411387014,0,5.31976960539303,0.749356485506581,0,-0.276634313635604,NaN,NaN,NaN,NaN,18,0.108203322799278,NaN,NaN,6.47330692789562,2.28726684337801,NaN,,1300.47298024452,30.0005688418392,218.897179692951,1.166604908,0,2.37553233348953,0.566585693068092,0,-0.244390049201526,NaN,NaN,NaN,NaN,17.1816237508333,0.0309199673797422,1.72655343422332,NaN,7.47188343476656,6.83522154831694,NaN,,1299.89436505042,29.9978426846758,211.708163812837,0.0282131980000005,59.9996757824459,0.572279614622591,1.50266645429745,3.95193021359388,16.8565295569734,NaN,NaN,NaN,NaN,17.4502352959408,0.509213291901659,2.19189044499339,9.53841053684002,7.27141314617081,6.7210411265878,0.414359119351505,,1300.70458923357,30.0100002288818,208.135373811869,0.0315439359999994,39.9998085458536,0.584433767848958,1.07669848116978,4.08928133097468,9.14688941018141,NaN,NaN,NaN,NaN,13.6046006746667,0.796104521461051,NaN,10.9446340319887,7.27108931291085,3.14161546261396,0.373809604297409,,1300.06655572231,30.0100002288818,208.358863278707,0.0683378780000004,20.015275898551,0.608654950069104,1.49939928885636,3.06875564375499,0.57330176203629,NaN,NaN,NaN,NaN,14.3976918633333,1.19319236754141,NaN,5.63996183930892,7.27119719364194,4.05959076886631,0.544063772447502,,1301.45005678268,30,208.627982329434,0.122077679999999,10.0097702999958,0.579609921372144,2.72488214895454,2.30936687359589,-0.371651460130342,NaN,NaN,NaN,NaN,14.4819632098122,1.79850559780964,1.75541697049256,3.83571900697453,7.27155674817923,4.86632999900669,0.602067287337991,,1299.14255370809,30,208.755294479577
4.25,5.411387014,0,5.33099567373639,0.756281437407795,0,-0.277389227632863,NaN,NaN,NaN,NaN,18.0801986245,0.106626275671795,NaN,NaN,6.47344284769376,2.31111160938742,NaN,,1300.70521228771,30.0050533303141,218.908296727616,1.166604908,0,2.38049142902554,0.566871242131437,0,-0.238713312902118,NaN,NaN,NaN,NaN,17.9602047995,0.0302590141190702,1.71392161494634,NaN,7.4716987370242,6.81319353438921,NaN,,1299.02016294441,30,211.713115841497,0.0282131980000005,59.9800287061184,0.600250016828405,1.49283581354993,4.22459803134086,14.0314383859649,NaN,NaN,NaN,NaN,17.6670216983333,0.544651228434777,2.34388184960567,10.0598818638832,7.27153105319276,6.98737368938136,0.419918965522656,,1300.55076796792,30.0100002288818,208.160137000563,0.0315439359999994,39.994975635379,0.613990462682864,1.08030676903379,4.34194366833666,5.82154043968202,NaN,NaN,NaN,NaN,13,0.846021607699319,NaN,11.6608459469333,7.27118755938404,3.12414029354532,0.372361910829522,,1300.74304084418,30.0100002288818,208.386353325253,0.0683378780000004,20.0304790520166,0.635692513495242,1.49229117191504,3.26542071750508,0.0678194653758344,NaN,NaN,NaN,NaN,14.3186072355,1.26826212809363,NaN,5.79755803287347,7.27120626379917,4.10386457332499,0.563200333350574,,1299.47415570375,30,208.653879011953,0.122077679999999,10.0019987085489,0.598115275699257,2.76090269547332,2.39772927946474,-0.380352429385645,NaN,NaN,NaN,NaN,14.3223954921667,1.86587534854382,1.85784341029139,3.83769286008769,7.27175180925126,5.04541734650878,0.624780168178048,,1299.0358327215,29.9987982079138,208.773179549118
4.33333333333333,5.411387014,0,5.333552926,0.754374082363437,0,-0.275487778603161,NaN,NaN,NaN,NaN,18.0002002165,0.105420212438008,NaN,NaN,6.47360944750076,2.33864050888812,NaN,,1301.0460163501,29.9966797046858,218.911065013286,1.166604908,0,2.38521140333373,0.572632079123599,0,-0.245056109426645,NaN,NaN,NaN,NaN,17.67902445612,0.0299999993294477,1.61316554885011,NaN,7.47199996872415,6.6370986958358,NaN,,1299.1533552996,30,211.717841654858,0.0282131980000005,59.9984470868378,0.628180807798563,1.49405260302866,4.48429904718272,9.18679267132964,NaN,NaN,NaN,NaN,17.3366050345,0.578482456546118,2.51591983193322,10.6468288732012,7.2712388850319,7.28922289816561,0.42121891966563,,1300.02777100589,30.0100002288818,208.18493681216,0.0315439359999994,40.0261059532779,0.643797049437139,1.07534674799258,4.60092373933522,2.49531340142971,NaN,NaN,NaN,NaN,13,0.896802296496138,NaN,12.0389647014418,7.27128143569293,3.31376260194258,0.382267734992274,,1300.14832841064,30.0100002288818,208.41407298062,0.0683378780000004,19.9789191134187,0.66235303942139,1.5095767418858,3.46792135336765,-0.138719765313256,NaN,NaN,NaN,NaN,14.0725125473465,1.34575572569985,NaN,5.90981515690932,7.27147670988584,4.39601158618583,0.586775113887326,,1299.75021756365,30,208.679595675563,0.122077679999999,10.0131044917961,0.61543706621232,2.77271331651835,2.48922641543708,-0.385567352272809,NaN,NaN,NaN,NaN,14.3992340095,1.93565299010462,2.00563494527419,3.85065185928259,7.27217604514212,5.30399222090064,0.646437551800789,,1299.71339324776,30,208.790187794468
4.41666666666667,5.411387014,0,5.33397576378398,0.758799506930167,0,-0.272469197402218,NaN,NaN,NaN,NaN,18.0808762931667,0.104074887941443,NaN,NaN,6.47385160639472,2.35543240810496,NaN,,1299.34195687733,29.9992999581114,218.911388674751,1.166604908,0,2.39039417381693,0.567909715625533,0,-0.242143761053811,NaN,NaN,NaN,NaN,17.9995573457133,0.0298796798923925,1.63373058201761,NaN,7.4714142886647,6.6730557958502,NaN,,1300.38466533731,30,211.723028599562,0.0282131980000005,59.9948837498015,0.654601994490863,1.48166706359615,4.74318546084047,5.10062545735885,NaN,NaN,NaN,NaN,17,0.612115236726665,2.54085628432309,11.2007518244024,7.27120334618583,7.33291137515131,0.423460503575479,,1300.0716977386,30.0100002288818,208.208436992837,0.0315439359999994,40.0073194921084,0.673266423587365,1.07495841377963,4.89080657731102,0.764188898793367,NaN,NaN,NaN,NaN,13.0400175496667,0.95407322246496,NaN,12.7016173212594,7.27091949409129,3.52935999172094,0.385067630853624,,1298.23529291103,30.0100002288818,208.441472368857,0.0683378780000004,20.013856438271,0.687107663108887,1.50115772177303,3.66796351241905,-0.258369829789777,NaN,NaN,NaN,NaN,14.1984465445582,1.42445674811135,NaN,5.97869586017306,7.271517316467,4.60453006311369,0.6134769342554,,1298.46066644648,30.0024093854052,208.703312160458,0.122077679999999,10.0013014252571,0.628202512894414,2.77991020762208,2.58016797414987,-0.37239375273353,NaN,NaN,NaN,NaN,14.702066015463,2.00542181306566,2.04851122920287,3.86280171242021,7.27171427056615,5.37903670846749,0.667944565256528,,1300.0878079886,30,208.802332855215
4.5,5.411387014,0,5.34696886678235,0.751916703159582,0,-0.27355847475245,NaN,NaN,NaN,NaN,17.9997600811667,0.102723276687699,NaN,NaN,6.47431348438691,2.47529318454401,NaN,,1300.6691368018,29.9975740128782,218.92427536492,1.166604908,0,2.39734685651063,0.572583685258966,0,-0.243695982301466,NaN,NaN,NaN,NaN,18.1215556813333,0.0296321150923135,1.74558690545813,NaN,7.4729454861131,6.86853279977965,NaN,,1299.17868795263,30,211.729980228527,0.0282131980000005,60.0193445763975,0.679636285468975,1.50924558786499,5.09424119900623,2.80661119242216,NaN,NaN,NaN,NaN,17.162223614,0.657431214152871,2.7464224742744,11.6890701527452,7.27179298433452,7.69388478437392,0.435784109515835,,1299.64782608429,30.0100002288818,208.230235653776,0.0315439359999994,40.0124666056525,0.704066803441267,1.05895340363583,5.18877518742855,0.118438690928098,NaN,NaN,NaN,NaN,13.2203331411667,1.01202957644267,NaN,13.0231409440297,7.27132120011318,3.80417693328485,0.398462087391217,,1301.0874476252,30.0100002288818,208.470214669868,0.0683378780000004,20.0120009775748,0.710145510856221,1.48708281152008,3.87599930767116,-0.339890748756424,NaN,NaN,NaN,NaN,14.171262668262,1.50439480613359,NaN,6.01441116590323,7.27132944096642,4.83232087577541,0.644461887642726,,1299.78495025848,30.0007960824188,208.725407849558,0.122077679999999,9.98756454059876,0.639401024081775,2.81238397469002,2.67379320943523,3.5362902674133,NaN,NaN,NaN,NaN,14.744409234037,2.07639359604079,2.17344896778455,3.87061954531276,7.27220993263843,5.59780104859092,0.690802302761964,,1299.55172965186,30,208.813109826363
4.58333333333333,5.411387014,0,5.348765244,0.752545500935271,0,-0.278422849330077,NaN,NaN,NaN,NaN,18.0800261941667,0.102074153218312,NaN,NaN,6.47611330817976,2.38849498921209,NaN,"Sample 1.50 mL to AMBR-96DWP-1/B1",1301.6556532017,29.9944194544794,218.63321912985,1.166604908,0,2.39872132466415,0.564767003507632,0,-0.244178212548871,NaN,NaN,NaN,NaN,18.4010942563333,0.0292004366378892,1.74445610920786,NaN,7.47163826102728,6.8666582148391,NaN,"Sample 1.50 mL to AMBR-96DWP-1/B2",1300.82164191785,29.9999327019009,211.49960732496,0.0282131980000005,59.986483927719,0.706984492227129,1.4079102111057,5.46151026598619,0.858127510020231,NaN,NaN,NaN,NaN,17.2392362681405,0.705042764182291,2.72722909089793,12.2042267486007,7.27098759231739,3.43654828871461,0.447775623964894,"Sample 1.50 mL to AMBR-96DWP-1/B3",1298.91281332722,30.0095020336143,208.084520352396,0.0315439359999994,40.0321464349336,0.732842582840369,1.01155724257737,5.50020805283507,-0.0566850013564935,NaN,NaN,NaN,NaN,13.564466140774,1.07371432428805,NaN,13.6714524511839,7.27119412484037,3.94554484677634,0.402377111222458,"Sample 1.50 mL to AMBR-96DWP-1/B4",1300.91312472852,30.004615922001,208.388469299415,0.0683378780000004,20.031459570205,0.731618927781131,1.46526420244845,4.07740817890665,-0.372977071573442,NaN,NaN,NaN,NaN,14.3453138246667,1.58047104106331,0.942142160420605,6.02066735648927,7.27148312013706,5.12710126971478,0.677707676350409,"Sample 1.50 mL to AMBR-96DWP-1/B5",1300.71247721486,30,208.694495885935,0.122077679999999,9.99856799230345,0.650884878644287,2.74468617365588,2.75448719947985,0.554094378826031,NaN,NaN,NaN,NaN,14.5474912557894,2.1371557411734,2.23526581817887,3.84121252533333,7.27293667095558,5.70610716268935,0.718074730757522,"Sample 1.50 mL to AMBR-96DWP-1/B6",1299.0978214903,29.9993270008516,208.626175597844
4.66666666666667,5.411387014,0,5.348765244,0.748233618633168,0,-0.277447721898239,NaN,NaN,NaN,NaN,17.4766315629281,0.104225903627318,NaN,NaN,6.47601262846512,2.38157722054883,NaN,,1299.30063809916,29.9967670564938,217.132277331286,1.166604908,0,2.40453900381197,0.558278256140255,0,-0.242449982352404,NaN,NaN,NaN,NaN,18.1260004387255,0.028999999165535,1.70969971381467,NaN,7.47188482623692,6.80574128025708,NaN,,1300.52567613775,29.9996661951054,209.943170425929,0.0282131980000005,60.0344582679222,0.739401183805073,1.51478733092145,5.65052077570187,0.156835366560488,NaN,NaN,NaN,NaN,17.2822547983595,0.702578539636863,NaN,12.5026134225265,7.27091963319964,3.4913805312049,0.461502691506422,,1300.17152785593,30.0068909844702,206.489642433842,0.0315439359999994,40.0359558021504,0.757541565601432,1.07278652559851,5.64850148589584,1.33434055401969,NaN,NaN,NaN,NaN,13.4171778719353,1.0422684701778,NaN,14.1639103906278,7.27158109296947,4.28174811599828,0.401186860913871,,1299.90622570158,30.0033405302052,206.725714931016,0.0683378780000004,19.9985818673494,0.750251975810449,1.48295881124522,4.1791873532742,1.59905347479003,NaN,NaN,NaN,NaN,14.438030527,1.48806825533804,1.10030274099674,6.06898415220339,7.27168083352157,5.42081168232547,0.725387068148828,,1300.42801893621,29.9996047494886,206.969519116206,0.122077679999999,10.0006596825306,0.660573200033993,2.8326940581764,2.7686275794335,-0.393830826001344,NaN,NaN,NaN,NaN,14.5990418853019,2.01030500017219,2.37723013558189,3.79352193970744,7.27207725479937,5.95494684936629,0.756851074710108,,1298.92641760351,29.998269329024,207.039240048839
4.75,5.411387014,0,5.348765244,0.755030948497286,0,-0.271687407374238,NaN,NaN,NaN,NaN,17.5610143642386,0.10678573382247,NaN,NaN,6.47682979444891,2.40631883539816,NaN,,1299.53499998052,30.0043257520613,217.132277331286,1.166604908,0,2.41094413339594,0.556574052952423,0,-0.244498297491142,NaN,NaN,NaN,NaN,18.1514643571078,0.028999999165535,1.66000878443071,NaN,7.47322930364608,6.71894251866315,NaN,,1299.10833949224,30.0048175718563,209.949576427967,0.0282131980000005,60.004789881519,0.768284633763277,1.50203470878942,6.18170240046923,2.65684608645211,NaN,NaN,NaN,NaN,17.0505021004034,0.791386562845135,NaN,13.130073357555,7.27104259934467,3.58195686194126,0.470764773261468,,1298.49214753323,30.0100002288818,206.515490138434,0.0315439359999994,39.9874625844215,0.774289672819992,1.07744792898362,5.95181335731185,16.8466702119793,NaN,NaN,NaN,NaN,13.5621528171241,1.15185643949033,NaN,14.043709249751,7.27212043105024,4.48767636766389,0.423831666279284,,1299.64411880222,30.0002713280167,206.740611411884,0.0683378780000004,20.0011443350904,0.759492335048955,1.49558342668326,4.17256486626129,17.7721459364972,NaN,NaN,NaN,NaN,14.1795524048095,1.59843184095096,1.34409052360867,5.27102801317865,7.27188412195568,5.84586919731648,0.791631614857614,,1300.27577657338,29.9974161017254,206.977918342951,0.122077679999999,10.0150462047413,0.671559192036937,2.81751603740995,2.63365149642967,-0.394029725915519,NaN,NaN,NaN,NaN,14.3569726137591,2.02139867462846,2.45364298711583,3.33761277592638,7.27229555022237,6.08896244519636,0.788947985027175,,1302.53509600705,30.0078284764121,207.0496079026
4.83333333333333,5.411387014,0,5.348765244,0.745426472208457,0,-0.280194077889185,NaN,NaN,NaN,NaN,17.5709371398333,0.108200473011863,NaN,NaN,6.47634162223986,2.38434957223857,NaN,,1301.26745252869,30.0061112657042,217.132277331286,1.166604908,0,2.412554134,0.554889585200308,0,-0.24494450636363,NaN,NaN,NaN,NaN,18.566404252,0.0290399235740791,1.74601401164382,NaN,7.47205835839729,6.86924843738808,NaN,,1300.17559759198,30,209.951286665376,0.0282131980000005,59.99468699647,0.785722692614331,1.52829282962033,6.43392200886273,16.1708695614447,NaN,NaN,NaN,NaN,17.22956450343,0.823254272548939,NaN,12.8487651794137,7.27119823501799,3.91261844752775,0.500918960324663,,1299.54500806248,30.0019808578722,206.530005702773,0.0315439359999994,40.001886439239,0.789229653755034,1.07039998101379,6.16699343719232,13.0422205861887,NaN,NaN,NaN,NaN,13.2011565941667,1.19360954651439,1.05241791749777,14.0824057559203,7.27119582626726,4.92060727528848,0.437985509471785,,1300.12280112611,29.9995974036205,206.753178332187,0.0683378780000004,20.0313748022454,0.770481684411519,1.50109748081519,4.43491759798753,12.0300252811427,NaN,NaN,NaN,NaN,14.2008976106905,1.69622819783014,1.48671199525481,5.17855731265506,7.27194808447786,6.09475721021195,0.856413018400946,,1302.56268386719,29.9997651844592,206.987556465895,0.122077679999999,10.0089732795052,0.681586885717455,2.81440112152208,2.85737136507092,0.440105667985807,NaN,NaN,NaN,NaN,14.7311527715249,2.19241304986902,2.51733382229932,3.54063915428018,7.27245574507019,6.20071354195705,0.80696887456366,,1299.87735133164,30.0095974054104,207.059300680072
4.91666666666667,5.411387014,0,5.348765244,0.752109990779142,0,-0.276328155344548,NaN,NaN,NaN,NaN,17.9282129376667,0.108382357802171,NaN,NaN,6.4764952089527,2.39277380260605,NaN,,1300.39783317387,30,217.132277331286,1.166604908,0,2.41672997708566,0.562324089745784,0,-0.244273663185081,NaN,NaN,NaN,NaN,18.7111706487096,0.0288390274634833,1.63562999978394,NaN,7.47176421464422,6.67638295733825,NaN,,1298.90146980336,30,209.955361542631,0.0282131980000005,59.9789828191287,0.807622221218014,1.48876751465316,6.62623693862476,10.0740592763434,NaN,NaN,NaN,NaN,17.1635719668333,0.848219920097722,NaN,12.8530210151628,7.27119761739801,4.10594013093466,0.515597289652543,,1300.75689640345,29.999598343492,206.548578336801,0.0315439359999994,39.9920064917165,0.815018055178423,1.07434421471092,6.39009819103761,0.589182528848367,NaN,NaN,NaN,NaN,13.2799283896667,1.23869416704432,1.19950848843487,14.8749829096446,7.27131855504266,5.20381760227327,0.42970965439583,,1299.80973925403,30.0024029892771,206.776896346096,0.0683378780000004,19.9890456753165,0.791590010250731,1.48364624638978,4.59888160815809,-0.189689417584051,NaN,NaN,NaN,NaN,14.0905193456917,1.75946105986612,1.56326457473699,5.41636265580139,7.27144557333179,6.228468115851,0.849274273616817,,1296.9928888328,30.0089161648018,207.00761005629,0.122077679999999,9.98426781166505,0.69470366134429,2.80830445193946,3.01735336729695,-0.0464154668552679,NaN,NaN,NaN,NaN,14.4150996535185,2.31471931796995,2.58896621986479,3.67994342428281,7.27214150552648,6.3264589979458,0.819911017473981,,1299.70706223814,30.0067800187021,207.071702041319
5,5.411387014,0,5.35085743607451,0.747399278988307,0,-0.276901050414191,NaN,NaN,NaN,NaN,18.058421598,0.108282090511253,NaN,NaN,6.47479817978793,2.41266666783152,NaN,,1301.60884835303,30.0017901664082,217.1342698866,1.166604908,0,2.4220997356152,0.554798828141104,0,-0.243092764858033,NaN,NaN,NaN,NaN,18.8966276444571,0.0286553665331412,1.70197854509252,NaN,7.47220467606077,6.79229254887954,NaN,,1299.02496512806,30,209.960732627379,0.0282131980000005,59.996149105483,0.835162803438964,1.51158014161698,6.89714296628506,0.360490270731538,NaN,NaN,NaN,NaN,17.2711429298333,0.883811449845717,1.00089049066712,13.8932567000644,7.27139405762556,4.48258821937527,0.496528147089131,,1299.74639724577,30.0059187631766,206.572887597108,0.0315439359999994,40.012554260543,0.841723251872726,1.08815453461836,6.6958200021201,-0.233808332425131,NaN,NaN,NaN,NaN,13.5546533750489,1.29924778040474,1.3956427272875,15.8860024465195,7.27116011408234,5.54593793628107,0.421526551606929,,1301.35587784137,30.0100002288818,206.801533184737,0.0683378780000004,19.9966686559477,0.814683236964817,1.49192061956253,4.76775228731929,-0.416336343733747,NaN,NaN,NaN,NaN,14.0675273978772,1.82659063744169,1.76982774816055,5.74887454540635,7.27165495742092,6.5893946534912,0.829365378557008,,1302.1713179993,30.0100002288818,207.029561610225,0.122077679999999,10.0003381963031,0.707048804583956,2.81557774617198,3.14025483323966,-0.395747165805815,NaN,NaN,NaN,NaN,14.4505095709395,2.40943291879129,2.76340092271759,3.75739214844183,7.27275736250142,6.63281463639364,0.83573514522857,,1300.5068778896,30.0010999745942,207.083622421842
5.08333333333333,5.411387014,0,5.353751612,0.758811449151088,0,-0.272359579762539,NaN,NaN,NaN,NaN,17.7449371906667,0.107321857739336,NaN,NaN,6.47433559281975,2.45065207066092,NaN,,1301.52690804944,30.0006251294606,217.137263699286,1.166604908,0,2.42677546623684,0.556522571156233,0,-0.243269459312424,NaN,NaN,NaN,NaN,18.2617034296667,0.028241078847824,1.76370335532356,NaN,7.47224345467163,6.90013948756428,NaN,,1299.11938670768,30,209.965403372743,0.0282131980000005,59.9493652202681,0.86251996709327,1.49828384839998,7.254033878177,-0.125581395223412,NaN,NaN,NaN,NaN,17.21080158,0.930165965555749,1.09677305168474,14.6546596690782,7.27135592814379,4.80765334282686,0.495013706048701,,1300.77061807709,30.0100002288818,206.597226292273,0.0315439359999994,40.0085961046698,0.866251780778261,1.07186893648336,6.97046998324783,-0.242062811220383,NaN,NaN,NaN,NaN,13.6013756747844,1.35360208230903,1.62225178369939,16.3917108258963,7.27115144483561,5.94157073198827,0.425342436338255,,1300.53812880687,30.0100002288818,206.824004928057,0.0683378780000004,19.9940802158378,0.834744891295763,1.49118376309332,4.94284470403372,0.0626875668321653,NaN,NaN,NaN,NaN,14.5264576560977,1.89453690897079,2.01700567807416,5.91057446761214,7.27151184054393,7.02169378262792,0.836256389069692,,1298.97868814473,30.0075873918209,207.048770845863,0.122077679999999,10.0021676956389,0.719034119771651,2.80978890855168,3.23800804519691,-0.057639708264705,NaN,NaN,NaN,NaN,14.6785290118333,2.483860510401,2.82558142646881,3.80280753444734,7.27241384235829,6.74209462386445,0.85146722795771,,1299.07705485904,30,207.094987120142
5.16666666666667,5.411387014,0,5.353751612,0.745613194471376,0,-0.275118885650366,NaN,NaN,NaN,NaN,17.9740431491667,0.10700000077486,NaN,NaN,6.47550461650275,2.44665777794189,NaN,,1299.68576065232,30,217.137263699286,1.166604908,0,2.43132571101545,0.549100696289051,0,-0.242871840757719,NaN,NaN,NaN,NaN,17.8586447916667,0.0280000023325138,1.69320058986647,NaN,7.47200434616301,6.77700055369418,NaN,,1300.27214128189,29.9995968088786,209.969960987614,0.0282131980000005,60.0046429106282,0.88693459389948,1.49935899126878,7.56858008586888,-0.231089116711151,NaN,NaN,NaN,NaN,17.5841758751667,0.970745494951945,1.19280941412394,15.0526563832421,7.27127835024777,4.97501346289081,0.502804891823666,,1300.53397175945,30.0073793581748,206.618517222132,0.0315439359999994,39.995911778863,0.889387336678404,1.0746019710175,7.24778336018324,-0.35974918998937,NaN,NaN,NaN,NaN,13.7598051848333,1.4085058676291,1.77407769867034,17.1080953411005,7.27132768862902,6.20691172850588,0.423631373572406,,1299.64490529252,30.0100002288818,206.845152574144,0.0683378780000004,20.0508791999553,0.852967534598671,1.50843239332401,5.11054023037872,0.0707615714116047,NaN,NaN,NaN,NaN,14.562337719,1.95692931609584,2.10338552748649,5.96931001103773,7.27167868386336,7.17292726993465,0.856119269852452,,1297.58936710476,30.0000319781394,207.065840343033,0.122077679999999,10.0126745159801,0.73008384949101,2.78104906104414,3.32717108066435,-0.40137539752334,NaN,NaN,NaN,NaN,14.7181030081667,2.55011754564935,2.97004636662502,3.82356144506569,7.27215808705224,6.99614801463578,0.870168258861761,,1300.15649205355,30,207.105607592781
5.25,5.411387014,0,5.353751612,0.747041301611005,0,-0.27195412760859,NaN,NaN,NaN,NaN,17.7217639611382,0.106110029325285,NaN,NaN,6.47436170739936,2.3996186271719,NaN,,1299.87928212275,30,217.137263699286,1.166604908,0,2.43818572451475,0.548158241285655,0,-0.244453454987166,NaN,NaN,NaN,NaN,18.7327933419076,0.0279197688936163,1.83088144226669,NaN,7.47235868046598,7.01759942877659,NaN,,1300.03333697156,30,209.976717104533,0.0282131980000005,59.9920522480256,0.909347817428008,1.49528739094791,7.93025608697719,-0.40114155824839,NaN,NaN,NaN,NaN,17.598176467,1.01735966385674,1.39160440880472,15.7017240503415,7.27131717844928,5.3217433197384,0.505044944443731,,1300.65035277977,30.0080357322459,206.637902554787,0.0315439359999994,40.0204467609233,0.910910527551781,1.0768101285979,7.53088356205397,-0.390924466851118,NaN,NaN,NaN,NaN,13.5344883575229,1.46479303679258,2.02875956143859,17.6903148573672,7.27152268226595,6.65248843139102,0.425753607345384,,1300.02742318239,30.0025285794466,206.864626664161,0.0683378780000004,20.0488422575301,0.870646283918214,1.47816836679663,5.28752479581288,-0.423084235512322,NaN,NaN,NaN,NaN,14.5545183198333,2.02174409107654,2.27572706159147,6.04262916041425,7.27139396555785,7.47485664372885,0.87501506438241,,1300.50925505697,30.0010747716136,207.082477652232,0.122077679999999,9.99776516133853,0.739821699786963,2.82652324165583,3.41042491716723,-0.400283191470423,NaN,NaN,NaN,NaN,14.5801813916986,2.61254200803243,3.05062599212572,3.8377112492855,7.27209189922826,7.13793342324629,0.888652529742722,,1300.97005094199,30,207.114825990707
5.33333333333333,5.411387014,0,5.36145189034819,0.743717824709958,0,-0.274748990283098,NaN,NaN,NaN,NaN,17.8771556918618,0.104871391512116,NaN,NaN,6.4750351789723,2.43397274072737,NaN,,1298.92405371479,30.0004016682416,217.14476144774,1.166604908,0,2.442647644,0.536860237152804,0,-0.241907984785747,NaN,NaN,NaN,NaN,18.7211128964258,0.0275912039237603,1.87818890678509,NaN,7.47204930547037,7.10038451057333,NaN,,1298.51745012247,30,209.981380175376,0.0282131980000005,59.9851572117364,0.93044601016582,1.48154735354137,8.23410378644128,-0.438242151640372,NaN,NaN,NaN,NaN,17.6655879195,1.05654682212754,1.55685714142498,15.9626435180639,7.271479151684,5.61025540171423,0.515841667762932,,1299.89183904188,30.0000009699518,206.65588034894,0.0315439359999994,40.0167617041528,0.930833878063217,1.09189060165701,7.79308545933544,-0.381281469780233,NaN,NaN,NaN,NaN,13.8430823807798,1.51617969057637,2.20707940161272,18.1421064962363,7.27154303796985,6.96463574204638,0.429606572831968,,1299.64139751248,30,206.882491470265,0.0683378780000004,19.9983637844654,0.88891832371896,1.47967204750648,5.48481001288997,-0.425523327026337,NaN,NaN,NaN,NaN,14.7984168906667,2.09581930834488,2.50638416946925,6.11162396410669,7.27188824262425,7.87932189881204,0.897430774260571,,1298.05443439767,30.0025005902989,207.099794866633,0.122077679999999,10.0004730394994,0.749752739177189,2.85083243507748,3.4956676914719,-0.395791820191298,NaN,NaN,NaN,NaN,14.6176640193014,2.67653073670345,3.06742253947013,3.86641194787978,7.27222559067491,7.16749872768606,0.904105284846342,,1298.53549082984,30,207.124230698443
5.41666666666667,5.411387014,0,5.363821738,0.747753186783426,0,-0.274043378604178,NaN,NaN,NaN,NaN,17.9543595313515,0.103801379922082,NaN,NaN,6.47465376451605,2.48130980068216,NaN,,1299.08770400288,30,217.147333825286,1.166604908,0,2.44713881465394,0.542845406597737,0,-0.242075020387498,NaN,NaN,NaN,NaN,19.4003189621667,0.0270809808157949,1.78657643577639,NaN,7.47325525013991,6.94009173154648,NaN,,1300.54187862148,30.0012467738224,209.985768903307,0.0282131980000005,59.998581952276,0.949579427052794,1.49433161385322,8.52534172722908,-0.417035068853842,NaN,NaN,NaN,NaN,17.7327093028333,1.09414262864936,1.77136967514191,16.4110364233139,7.27182920210718,5.98503993342612,0.519479525428834,,1300.47885884672,30,206.671990575921,0.0315439359999994,40.0152874563378,0.947739558259071,1.0721964718159,8.0612496726621,-0.406097748832982,NaN,NaN,NaN,NaN,13.9403228670306,1.56880171777829,2.42126523374469,18.6863327836811,7.271500562998,7.34009752773895,0.431413590101798,,1301.53822819219,30,206.897436090301,0.0683378780000004,20.0240326759855,0.905192470113986,1.49572874144895,5.65369553754428,-0.429076541290756,NaN,NaN,NaN,NaN,14.7990044236667,2.16156676771979,2.57668795619571,6.11905163805748,7.27157301883175,8.00273038679824,0.923955306752823,,1297.87406169494,30,207.115025675489,0.122077679999999,9.99837792879705,0.762353050571223,2.86467355540281,3.58082574888668,-0.398765726912429,NaN,NaN,NaN,NaN,14.7591254093333,2.7417760513156,3.16366594483628,3.89932589753465,7.2726794778589,7.33695992923539,0.918316011904353,,1298.54668140488,30,207.136307398845
5.5,5.411387014,0,5.363821738,0.732358734467446,0,-0.275977672658571,NaN,NaN,NaN,NaN,17.8421088851899,0.102804417984851,NaN,NaN,6.4753965700135,2.50021266749733,NaN,,1299.28893014851,30,217.147333825286,1.166604908,0,2.447711924,0.54587678142458,0,-0.240254694164249,NaN,NaN,NaN,NaN,19.8473877196314,0.0268792026583876,1.68885126331822,NaN,7.47349078376091,6.76934523315737,NaN,,1299.55550790041,30.0007616345187,209.986444455376,0.0282131980000005,60.0001579237985,0.965672574246782,1.48576122215268,8.84840244460232,-0.461313796848487,NaN,NaN,NaN,NaN,17.6790708775,1.13546000011836,2.04987753688281,16.8172841822731,7.27149235574407,6.47220974841194,0.526149127577201,,1301.30328641853,30,206.684923375874,0.0315439359999994,40.0409974563461,0.964110198787256,1.08191423494216,8.30945402596412,-0.410297534619806,NaN,NaN,NaN,NaN,13.8796434166667,1.61797589825755,2.62772182681505,19.1219022505873,7.27164230317385,7.7024091957777,0.434634918699289,,1299.30409154343,30,206.911746543156,0.0683378780000004,19.9981137763684,0.92019458536713,1.49380551647497,5.82654293810721,-0.432155511757256,NaN,NaN,NaN,NaN,14.81820338,2.22511221161157,2.73457407476034,6.1292343366853,7.27168511530512,8.27997756552575,0.950616317035951,,1301.16642575349,29.9981813442252,207.128975544232,0.122077679999999,10.0003264846601,0.772529529773764,2.90817088906439,3.65592514666144,3.48673065867837,NaN,NaN,NaN,NaN,14.398007187,2.79732924742786,3.23814293876037,3.90024241899697,7.27285535674019,7.46816252034507,0.937367163054023,,1301.96950673169,30,207.145958754415
5.58333333333333,5.411387014,0,5.363821738,0.750207164741798,0,-0.273939203777852,NaN,NaN,NaN,NaN,17.7215636864586,0.101688396667777,NaN,NaN,6.47464632009507,2.55195018066424,NaN,,1300.67651245474,30,217.147333825286,1.166604908,0,2.45028339979447,0.547364028235777,0,-0.238208272616628,NaN,NaN,NaN,NaN,21.5201093904521,0.0268032318707683,1.83809635514249,NaN,7.47131302374685,7.03034444739438,NaN,,1300.27130943968,30.0047809005919,209.988815937328,0.0282131980000005,60.005716917462,0.981943379215023,1.4746474411842,9.11728958175538,-0.457574239956102,NaN,NaN,NaN,NaN,17.8393174281667,1.17056391353168,2.29762502470901,17.2420187111255,7.271556208807,6.90618537941548,0.52878003887361,,1299.78701231904,30,206.698058246584,0.0315439359999994,40.0035064697966,0.977068268972569,1.0818121611584,8.53606158177667,-0.195200783436807,NaN,NaN,NaN,NaN,13.7592099328333,1.66336057314374,2.74640681896015,19.8064205228386,7.27173308417518,7.91087266416606,0.430991773242007,,1299.53940966768,30,206.922744660764,0.0683378780000004,19.9777435222604,0.933299777151817,1.4926155305015,6.00255899936106,-0.428848212280963,NaN,NaN,NaN,NaN,14.6998192726667,2.29262330203067,2.90207345547863,6.14105856938357,7.27168002581469,8.5744246066479,0.977441081562091,,1300.41976582447,29.9978045169689,207.141131445997,0.122077679999999,10.0051146261388,0.778805121629532,2.92987341783865,3.70945140641701,1.55973522613236,NaN,NaN,NaN,NaN,14.4384483827695,2.83704575177309,3.25647483835393,3.84563718827448,7.27222200376457,7.50046030738775,0.964649046476049,,1298.58098687705,30,207.151703580904
5.66666666666667,5.411387014,0,5.37360383684537,0.74386749559805,0,-0.274742889725285,NaN,NaN,NaN,NaN,17.5182242553333,0.100571438215935,NaN,NaN,6.4750645186103,2.50485136651859,NaN,,1299.80899329319,30,217.156905205625,1.166604908,0,2.46113370581042,0.552332019456172,0,-0.243267289511248,NaN,NaN,NaN,NaN,20.6095632104165,0.0263235183954651,1.82397714613318,NaN,7.47251469832038,7.00551996466069,NaN,,1299.95622251455,30.0068639561549,209.999764086102,0.0282131980000005,60.0301041271824,0.995758784007365,1.48969888430849,9.34915537863009,0.660965232643767,NaN,NaN,NaN,NaN,17.9197656168333,1.19984926778154,2.42288190225422,17.5776638383949,7.27211765198523,7.12581473788425,0.531878739945059,,1301.98925878288,30,206.708901737875,0.0315439359999994,40.0163477965553,0.980161492,1.07751255747298,8.67204518550065,6.27681327925677,NaN,NaN,NaN,NaN,13.9599756926667,1.69052675098124,2.86680442904595,20.1030939936218,7.27111099133164,8.12248350318384,0.431398292356354,,1299.84812671801,29.9955248054233,206.923980698813,0.0683378780000004,20.0351523087344,0.945447115831974,1.47771896875553,6.16671499938199,-0.348081038016203,NaN,NaN,NaN,NaN,14.9193131563333,2.35548575531747,2.96806817005779,6.15106192007566,7.2716950783396,8.69050755761815,1.00253946424921,,1301.29091008373,30,207.152137308635,0.122077679999999,10.0063777256329,0.786633681532682,2.95017559016087,3.75734671203795,-0.401398349008982,NaN,NaN,NaN,NaN,14.6056598741783,2.87136681369311,3.37347583468556,3.82575704964255,7.27295796097997,7.70673292065168,0.982115857999727,,1299.46051630981,30,207.159112926396
5.75,5.411387014,0,5.374339858,0.745021971373682,0,-0.275269818585667,NaN,NaN,NaN,NaN,18,0.0998960437771047,NaN,NaN,6.47454984957951,2.49689399294821,NaN,,1299.79426300339,30,217.157851945286,1.166604908,0,2.46311545920303,0.541077259097412,0,-0.239366756881358,NaN,NaN,NaN,NaN,18.8794968816667,0.026078227747103,1.8818304746705,NaN,7.47183507184489,7.10671763035008,NaN,,1300.73603586069,30,210.001747159594,0.0282131980000005,60.0021971636462,1.001197732,1.47912701634941,9.38133498522262,9.65553398689912,NaN,NaN,NaN,NaN,17.6785635201667,1.20409445020243,2.4606332638542,17.4918102299266,7.27300024032593,7.19202700514648,0.536364139846694,,1300.23224467502,29.9916100879329,206.711421515137,0.0315439359999994,40.0145832388742,0.986206666260113,1.0848562196951,8.64825734488867,3.94389139005333,NaN,NaN,NaN,NaN,13.8399418803333,1.68808270543043,2.99484675953244,20.3870358366402,7.27120057241174,8.34768903402146,0.424253206096509,,1300.81580740559,29.9932332338346,206.927667184833,0.0683378780000004,20.0040978674544,0.955149056065118,1.47944338850381,6.31612721192159,4.44767593317611,NaN,NaN,NaN,NaN,14.4385032065,2.40927990156242,3.16419915081902,6.11190605717295,7.27221246865116,9.0357154178512,1.03348377495231,,1300.91703230702,30,207.160975333479,0.122077679999999,9.99063953409295,0.795169068661966,2.9741401255414,3.80157212170828,-0.396347359206204,NaN,NaN,NaN,NaN,14.6993142768856,2.90461915535136,3.35865161859943,3.84653009007576,7.27207580910135,7.68057776286931,0.988325424571004,,1300.06486833151,30,207.167019096067
5.83333333333333,5.411387014,0,5.374339858,0.731217047644296,0,-0.276284686593742,NaN,NaN,NaN,NaN,18.4801092138333,0.0988180796112232,NaN,NaN,6.47476436768154,2.49019635211356,NaN,,1298.76045755665,30,217.157851945286,1.166604908,0,2.467793742,0.538177853945395,0,-0.243350192306017,NaN,NaN,NaN,NaN,20.029579750001,0.0259340707171351,1.81266696587876,NaN,7.4725072220371,6.98574540649546,NaN,,1301.26103510917,30,210.006526273376,0.0282131980000005,60.0036705101943,1.00314102234573,1.49415005514053,9.29996416116755,3.63442755230502,NaN,NaN,NaN,NaN,17.9599329986667,1.19437874249666,2.503301677839,17.6512698759751,7.27191635452383,7.26688489702784,0.527050750707733,,1299.17681558566,29.9943369955688,206.710040055958,0.0315439359999994,39.9852478038774,1.00340089015694,1.07594798853139,8.63223452624817,-0.230876726875248,NaN,NaN,NaN,NaN,13.8794046028333,1.68719804521919,3.0768843577012,21.1752493164647,7.27147943888274,8.49212877745651,0.407748035479054,,1300.33221507277,30,206.942799931523,0.0683378780000004,19.9598000507904,0.959341994601419,1.47744375539371,6.38043733774921,3.97101047620907,NaN,NaN,NaN,NaN,14.838344103,2.43262538136024,3.2559402204497,5.93195115185084,7.27181229254726,9.19734130472856,1.0756728177809,,1300.41308489821,30,207.164117386182,0.122077679999999,10.0062418941093,0.805441177239462,2.98191329043986,3.84868552937096,-0.333401670311118,NaN,NaN,NaN,NaN,14.729939130272,2.94053853968526,3.53221699502293,3.89114479633963,7.2721751753368,7.98678092445204,0.989085880886937,,1299.72549276082,30,207.176765087875
5.91666666666667,5.411387014,0,5.374339858,0.732668498649561,0,-0.274870988070928,NaN,NaN,NaN,NaN,18.040072664,0.0977025583076031,NaN,NaN,6.47362269698713,2.45036352017308,NaN,,1299.85645554582,30,217.157851945286,1.166604908,0,2.47154956367839,0.534542275869301,0,-0.241535799064528,NaN,NaN,NaN,NaN,20.2001920781657,0.0257442655803569,1.88908870040979,NaN,7.47156282880558,7.11939706966401,NaN,,1298.52569420641,29.9989787726825,210.010180491404,0.0282131980000005,59.9989490566844,1.01478489187404,1.50393683357835,9.35444505068948,-0.348743712499574,NaN,NaN,NaN,NaN,17.8799604821667,1.20266076719342,2.74720653657694,18.5991719707063,7.27192961772376,7.69515802118818,0.503007120960379,,1298.82872899201,30,206.718566778832,0.0315439359999994,39.9928085388588,1.01473452418798,1.08340995893252,8.66499157831643,-0.384988892433927,NaN,NaN,NaN,NaN,13.8798406691667,1.69701429253611,3.27210312589184,21.8928237899727,7.27534958211241,8.83594295957287,0.395817331972488,,1299.76332356312,30,206.952293849324,0.0683378780000004,20.0153610833875,0.970129250352965,1.47206473546108,6.41155692283256,-0.39342722456104,NaN,NaN,NaN,NaN,14.6786281088333,2.44579787154412,3.39339322194928,5.96272026407839,7.27181068958605,9.43969136328558,1.0752978279789,,1301.29266245868,30,207.173652079057,0.122077679999999,10.0157114198378,0.815904173189004,2.97569493514447,3.88965926601339,-0.397141403417654,NaN,NaN,NaN,NaN,14.9613620305614,2.97132903754351,3.5107759089598,3.90163094952447,7.27199748870406,7.94893804691571,0.996933108862712,,1299.28614764696,30,207.186702780801
6,5.411387014,0,5.37707527879331,0.753074210438986,0,-0.276809196623464,NaN,NaN,NaN,NaN,18.2420633931667,0.0968274029712455,NaN,NaN,6.47358518768487,2.52691659826756,NaN,,1300.90411536094,30,217.160482746843,1.166604908,0,2.47705263135815,0.522213673143054,0,-0.240554392996259,NaN,NaN,NaN,NaN,20.0220569244857,0.0255988808510407,1.77459631530525,NaN,7.47158001520072,6.91920917566137,NaN,,1298.97567111828,29.9940117359932,210.015591392435,0.0282131980000005,59.9645796093661,1.02777650087289,1.4667882011744,9.33794031356911,-0.348592930042535,NaN,NaN,NaN,NaN,17.798999793,1.20183441472717,2.87846175940581,19.0189548611127,7.27168568045928,7.92589309977674,0.491005646773426,,1299.25390636895,30.0004028474152,206.728329850242,0.0315439359999994,40.0019684251306,1.0166836044019,1.08369060514007,8.67238300989185,-0.102556258595707,NaN,NaN,NaN,NaN,13.8372998205454,1.70056445669103,3.43714247443067,22.6100861455931,7.27288419505996,9.12692118771783,0.383601178583684,,1299.46262306341,30,206.952073846568,0.0683378780000004,19.9831116880793,0.982293067922695,1.47461620085611,6.45979142834831,-0.287640808005245,NaN,NaN,NaN,NaN,14.6796368958333,2.46435994670562,3.40812516176803,6.07055546832548,7.27180486302043,9.46569102075169,1.06413408191953,,1300.03194704115,30,207.184858676387,0.122077679999999,10.0207476644871,0.82748364230749,2.95610666790754,3.9255281661477,-0.140670621778116,NaN,NaN,NaN,NaN,14.6378431616667,2.99719028305865,3.62778858706236,3.89745863085319,7.27173750766365,8.1555264020692,1.00720658253321,,1299.78433773315,30,207.197660673278
6.08333333333333,5.411387014,0,5.3842207266453,0.737947514261328,0,-0.274150554390772,NaN,NaN,NaN,NaN,18.2518660890198,0.0958395109477236,NaN,NaN,6.47434512750609,2.54683378778741,NaN,,1299.65318059983,30,217.16761875013,1.166604908,0,2.48319873886954,0.521408670384254,0,-0.243130808776378,NaN,NaN,NaN,NaN,19.8163567333476,0.025303634682951,1.904351620735,NaN,7.47265692987121,7.14613397338326,NaN,,1301.2714546913,29.9985764798374,210.021820112792,0.0282131980000005,60.0324391082461,1.04082923266417,1.45837498684443,9.37124153827161,-0.0280543106613102,NaN,NaN,NaN,NaN,17.9598553081667,1.20583061860481,2.97270609693814,19.3236000227715,7.27171171806183,8.09162470216606,0.484978942208769,,1300.45721806067,30,206.738379670225,0.0315439359999994,40.0116928031241,1.03346779675227,1.06485885213921,8.7454103904691,0.212411924241754,NaN,NaN,NaN,NaN,13.8812028717879,1.71570378377067,3.56294154436976,22.9806811447736,7.27169772198669,9.34892218549274,0.380601009131985,,1300.71303430983,30,206.966738731397,0.0683378780000004,19.9626746598546,0.993716198764358,1.46304916842856,6.49311783812442,-0.134256965559801,NaN,NaN,NaN,NaN,15,2.47887380050245,3.66055976937977,6.11916788703883,7.27153519864634,9.91123907473421,1.06111179667531,,1299.25993260259,30,207.195216900997,0.122077679999999,10.0129784299989,0.837931383107935,2.97220358264263,3.95923178443348,-0.39940939821606,NaN,NaN,NaN,NaN,14.4129652104355,3.02092135058418,3.65233420865558,3.88774337816911,7.2723896283946,8.19887620181214,1.01838954230779,,1299.45833890967,30,207.207679577344
6.16666666666667,5.411387014,0,5.39079466098782,0.737776129596855,0,-0.275682168731806,NaN,NaN,NaN,NaN,18.5101096603135,0.0948651365372681,NaN,NaN,6.4741248146372,2.5835776947616,NaN,,1298.34803778629,30.0012055150581,217.174111485856,1.166604908,0,2.48793397413181,0.541166698908672,0,-0.240182594762643,NaN,NaN,NaN,NaN,19.9705935298333,0.025040385804482,1.83984681607665,NaN,7.47253654431199,7.0332877848553,NaN,,1297.71143953129,30,210.026666220464,0.0282131980000005,59.9874382473475,1.05371525342999,1.46398658770793,9.40436157637667,-0.0327403288593357,NaN,NaN,NaN,NaN,17.8796479048333,1.21105592810858,3.20186702324548,19.7631488427364,7.27189677318748,8.49505583582958,0.475860387907957,,1299.01004798142,30,206.748050358051,0.0315439359999994,40.0276927378943,1.04737557624933,1.07430070881948,8.81178892781226,-0.161927820496301,NaN,NaN,NaN,NaN,13.8793815798333,1.72996930519927,3.76462653047098,23.5903035854789,7.27097305625164,9.70527635028662,0.373573340333606,,1300.37829234869,30,206.978489029276,0.0683378780000004,19.9836178512301,1.00577768581639,1.47604224034135,6.52414831371018,-0.426001057828079,NaN,NaN,NaN,NaN,14.59875609,2.49199752474833,3.72713154870767,6.12652406210643,7.27189334356467,10.0288518010324,1.06490246260002,,1300.16581946962,30,207.206153387844,0.122077679999999,9.99923807916556,0.850637360076404,2.96200293647343,3.98961957194416,-0.375208887312405,NaN,NaN,NaN,NaN,14.4305113991265,3.04242042378963,3.75132760594133,3.88734242823769,7.27292935594454,8.37379383759392,1.02631161141837,,1299.7862852955,30,207.219854889803
6.25,5.411387014,0,5.39748613233476,0.741265060835731,0,-0.273302608800708,NaN,NaN,NaN,NaN,18.000274209,0.0936771112288639,NaN,NaN,6.47356369766188,2.56927312758141,NaN,,1301.66468954917,30,217.18079177778,1.166604908,0,2.49162706129033,0.55225547817509,0,-0.242619887093898,NaN,NaN,NaN,NaN,21.0309650681008,0.025000000372529,1.91350145836631,NaN,7.47172858939626,7.16213533676013,NaN,,1299.21258911805,30,210.030257197058,0.0282131980000005,59.9717240135675,1.06600199320587,1.47517105201404,9.40171942342635,-0.168457880929508,NaN,NaN,NaN,NaN,17.8659783695,1.2115205037791,3.27177469660599,20.0061180851634,7.27164918062372,8.61821495564153,0.469957099475786,,1299.28397266907,30,206.757325057078,0.0315439359999994,39.9519449325334,1.06830701112628,1.06815446434955,8.84476829850907,-0.139476013311059,NaN,NaN,NaN,NaN,13.7206620341667,1.73918021290532,3.75873757314764,23.9556302768287,7.27121601813699,9.69481385147306,0.369251918105135,,1300.64681235741,30,206.99745606174,0.0683378780000004,19.9615571727099,1.01667011326106,1.47860715100165,6.5712868033409,-0.0471103665513838,NaN,NaN,NaN,NaN,14.4102091898333,2.50928985304098,3.87908563870082,6.13892912177165,7.27192631533208,10.2975333702351,1.07043643120965,,1301.36922835416,30,207.216079101492,0.122077679999999,10.0092772347872,0.856944890110522,2.97126552252137,4.00803273637474,-0.20741780448436,NaN,NaN,NaN,NaN,14.6685303997713,3.05806221048427,3.73515411233483,3.92774468906975,7.27212884253453,8.34522062634291,1.02045879408487,,1300.59474560984,30,207.225744276416
6.33333333333333,5.411387014,0,5.40499823,0.736204315230086,0,-0.276090474650482,NaN,NaN,NaN,NaN,17.4804772735,0.0927218795158669,NaN,NaN,6.47484168356675,2.56626937569258,NaN,,1299.56256118167,30,217.188510317286,1.166604908,0,2.49665456484145,0.548060032334167,0,-0.24252461320793,NaN,NaN,NaN,NaN,21.4122794053992,0.025000000372529,1.75603529499669,NaN,7.4732834196487,6.88674266081549,NaN,,1298.77056894466,29.9967653719669,210.035285229158,0.0282131980000005,59.9800211456573,1.07803808591242,1.47954657497874,9.44970042896637,-0.0982118364942893,NaN,NaN,NaN,NaN,17.2410534595,1.21856282413651,3.40554362497329,20.4524435643749,7.27166359288403,8.85407137259391,0.462065121332133,,1300.47241063937,30,206.766204876608,0.0315439359999994,40.0063136301357,1.08272718656627,1.06489734929498,8.86487424667047,-0.094761609381848,NaN,NaN,NaN,NaN,13.1416368176667,1.74506730586245,3.9539442133729,24.5553379434299,7.2717726998781,10.0400715090273,0.361054157086826,,1299.65696111125,30,207.009863996262,0.0683378780000004,20.0352173124181,1.0276496384062,1.49253728393998,6.61973343839447,-0.398656960723531,NaN,NaN,NaN,NaN,14.0403008003333,2.52729076379353,3.95995672484739,6.17844348148492,7.27157648477726,10.4406315602054,1.07142589681331,,1301.0215166104,30,207.226021124592,0.122077679999999,10.0031246064141,0.868004903506214,3.00958765722833,4.04284686834718,-0.367306496040976,NaN,NaN,NaN,NaN,14.9593658201667,3.08361670998331,3.76638643200594,3.915360174796,7.272868392233,8.4004171485436,1.0325770033468,,1300.4077612929,30,207.236177427507
6.41666666666667,5.411387014,0,5.40499823,0.75414369082277,0,-0.272434179676602,NaN,NaN,NaN,NaN,17.8753595320967,0.0916468540281442,NaN,NaN,6.47637815533394,2.59431691036696,NaN,,1300.75959304613,30.0024126316795,217.188510317286,1.166604908,0,2.49822652042926,0.558536911249083,0,-0.238464661531398,NaN,NaN,NaN,NaN,22.9284777206667,0.0247146041184407,1.91409636261261,NaN,7.47159835273952,7.16318425529819,NaN,,1299.97475624506,29.99518991027,210.036860262327,0.0282131980000005,59.9876280668494,1.09105000711264,1.49089020979665,9.50008722894137,-0.455928050571467,NaN,NaN,NaN,NaN,17.1612054385,1.22559232857342,3.53918328976639,20.9321893879484,7.27174330132212,9.08986199799674,0.453858698654706,,1299.97385827129,30,206.776105319637,0.0315439359999994,40.0218737613714,1.09463640688201,1.08676957928106,8.90802763691191,-0.331750941597721,NaN,NaN,NaN,NaN,13,1.75509067608262,4.03626862292928,25.2672488093035,7.27145312073786,10.1858234500353,0.3525634721867,,1300.10486153486,29.99919563597,207.01983224937,0.0683378780000004,20.0090414837443,1.0393148855705,1.49565897936029,6.64671171557851,-0.430745883578771,NaN,NaN,NaN,NaN,14.6605663363333,2.53433783989449,4.0738244567251,6.17835435177003,7.27161980771361,10.6422383427795,1.07580596623652,,1301.97976139694,30,207.236523005106,0.122077679999999,9.99599970189963,0.875687512870858,3.02287316608649,4.08128188063528,-0.386112069288679,NaN,NaN,NaN,NaN,14.959978741,3.11284596763109,3.80646708036354,3.91858846599637,7.27165467917225,8.47126884930397,1.04151875541337,,1298.81695529711,29.9995976773618,207.243331340102
6.5,5.411387014,0,5.40499823,0.738110144855202,0,-0.273583552412374,NaN,NaN,NaN,NaN,17.8016808714033,0.0909723344656482,NaN,NaN,6.47562069354819,2.63872323911979,NaN,,1301.56055064046,29.9993155185755,217.188510317286,1.166604908,0,2.50399724757403,0.558704876123248,0,-0.239082032309451,NaN,NaN,NaN,NaN,21.0802817631667,0.0244416684478196,1.8801867425387,NaN,7.47206890067734,7.10383398588491,NaN,,1298.3563291842,30,210.042629485949,0.0282131980000005,59.9861560261317,1.10363502196703,1.49374017126973,9.48166493341365,-0.120728029061659,NaN,NaN,NaN,NaN,17.0051567104355,1.22373643591186,3.58193596165255,21.207096632279,7.27175899193923,9.16534491323664,0.447119799115645,,1299.27310687256,30,206.785529338189,0.0315439359999994,39.9963487944157,1.10783984889675,1.06621511916999,8.8918391511533,-0.418566496414411,NaN,NaN,NaN,NaN,13,1.753231325926,4.11399476987185,25.6652762369776,7.2718816140309,10.3234717158943,0.346472420702061,,1299.73128933626,30,207.030996136185,0.0683378780000004,19.9840097986994,1.05105131665149,1.49231931244357,6.68816317691847,-0.206793669184019,NaN,NaN,NaN,NaN,15,2.5500525791028,4.09664114187388,6.19130731157131,7.27200063367789,10.6826461065373,1.08025283212627,,1299.19483874463,30,207.247293456882,0.122077679999999,9.98768702507531,0.88556077450986,3.05967690333535,4.11541372958284,-0.402155748812363,NaN,NaN,NaN,NaN,14.9231587691667,3.13905681826946,3.88117389187023,3.9273131452012,7.27286562377037,8.60341468145783,1.04790489944381,,1300.08848265889,30,207.252776719605
6.58333333333333,5.411387014,0,5.40499823,0.749973362424108,0,-0.274578763659755,NaN,NaN,NaN,NaN,18.04005239,0.0900790898956617,NaN,NaN,6.47494364195668,2.5916057023117,NaN,"Sample 1.50 mL to AMBR-96DWP-1/C9",1301.04711669717,29.9899997711182,216.914664694534,1.166604908,0,2.50836611154519,0.565000729859813,0,-0.24244843862726,NaN,NaN,NaN,NaN,20.9604116096667,0.0242463581858308,1.87553185067944,NaN,7.47251763485935,7.09572426624482,NaN,"Sample 1.50 mL to AMBR-96DWP-1/C10",1302.38367816256,29.9995854968532,209.836984643136,0.0282131980000005,60.0072655464448,1.11592391738675,1.40862479150865,9.5139033036883,-0.284778683194619,NaN,NaN,NaN,NaN,17.2756266160645,1.22739374669624,3.74059369261022,21.572359151263,7.27224113861517,9.44561975239083,0.440844089477347,"Sample 1.50 mL to AMBR-96DWP-1/C11",1299.53894549485,29.9996263583516,206.646240668545,0.0315439359999994,39.9683470420431,1.11792742733115,1.03194003364917,8.91580404028491,-0.1464488024091,NaN,NaN,NaN,NaN,13.321108763,1.76083491267076,4.23677152932204,26.2900102388009,7.27157022109194,10.5410763967613,0.338945001423063,"Sample 1.50 mL to AMBR-96DWP-1/C12",1299.77529754206,29.9995646983086,206.909822715466,0.0683378780000004,20.0340358917356,1.06091874054018,1.46712701730634,6.71518028777903,-0.308552348212182,NaN,NaN,NaN,NaN,14.5045733463492,2.55983812267032,4.29399741892147,6.20534931967726,7.27179741914248,11.0324935154638,1.08256067604909,"Sample 1.50 mL to AMBR-96DWP-1/D1",1298.6298881057,29.9994777999947,207.154701462316,0.122077679999999,10.0001745119704,0.890915054533449,3.05591445323847,4.14170803703136,-0.348260561120164,NaN,NaN,NaN,NaN,14.5146013911667,3.1569569578459,3.98620995715269,3.92373912361447,7.27330541886478,8.78925977730543,1.05714359954732,"Sample 1.50 mL to AMBR-96DWP-1/D2",1301.63591332649,29.9986531830878,207.009498864471
6.66666666666667,5.411387014,0,5.40499823,0.757018637127849,0,-0.274265078749658,NaN,NaN,NaN,NaN,18.5251238133333,0.0917519339522481,NaN,NaN,6.47391596533777,2.59073456965951,NaN,,1299.89202958301,29.9922241526824,215.394510317286,1.166604908,0,2.512982702,0.560529269002025,0,-0.238029476417849,NaN,NaN,NaN,NaN,20.2889347298783,0.0242416246252216,1.91058298098336,NaN,7.47294149184673,7.15709815139917,NaN,,1300.60231820166,30.0018895702977,208.257715233376,0.0282131980000005,59.970832750962,1.12697182652521,1.51523034532208,9.55650660989204,-0.27366661428627,NaN,NaN,NaN,NaN,17.5216025965,1.14976210674066,3.86755946733279,21.8279261127496,7.27196697065809,9.67012074062126,0.430768646032462,,1300.11653850029,29.9983871734998,205.008757386422,0.0315439359999994,39.9760026937284,1.12927348382089,1.06642465062547,8.97450371797452,-0.0610315085570617,NaN,NaN,NaN,NaN,13.521150285,1.62453446509391,4.38576028452319,26.8035087854859,7.27251921363985,10.8053935707962,0.326740486626188,,1299.02158751087,29.9968217492906,205.254470480136,0.0683378780000004,19.9991212220245,1.07069682447873,1.49037040089898,6.7417257395555,-0.22698856450043,NaN,NaN,NaN,NaN,14.4118186716761,2.30366310513025,4.30715850452487,6.21438653313272,7.27177331441912,11.0558112758413,1.10578019860444,,1300.5427149562,29.9961054328392,205.470886732604,0.122077679999999,9.99963162525972,0.893763547267765,3.04454539461266,4.10801232961706,-0.381983594837847,NaN,NaN,NaN,NaN,14.6000977236667,2.89213340253188,4.05260409467524,3.86325490855658,7.27182937716831,8.90683064351667,1.09760862326151,,1300.08710784375,29.9969382376901,205.465934966767
6.75,5.411387014,0,5.40499823,0.744082977059428,0,-0.271899412713554,NaN,NaN,NaN,NaN,18.9381076455,0.0948202620064679,NaN,NaN,6.47543445645466,2.62820781320271,NaN,,1302.34913672265,30,215.394510317286,1.166604908,0,2.51652798115346,0.548339620803782,0,-0.240485680886845,NaN,NaN,NaN,NaN,19.7992784430046,0.0244024915025401,1.82706549725831,NaN,7.47244120171487,7.01096559710555,NaN,,1301.76558036294,30.0100002288818,208.261159393747,0.0282131980000005,60.009175158114,1.13944635238812,1.49420774284834,9.5049693932273,-0.476056019178175,NaN,NaN,NaN,NaN,17.0402997493333,1.21767772494615,3.93184754564352,22.3426928188452,7.27186244651086,9.78389544290461,0.425424389745697,,1301.08541916438,30.0099117274209,205.018033136599,0.0315439359999994,39.9986844023179,1.13517939467179,1.07996319370456,8.81746842105368,-0.412498049703169,NaN,NaN,NaN,NaN,13.3219348085,1.73069762706676,4.51716738472237,27.3352323323023,7.27139538358604,11.0387557387618,0.322561338418868,,1301.43894159298,30.0059887018623,205.258248801275,0.0683378780000004,19.9856891257768,1.07989573947638,1.50037732412637,6.37191709999226,-0.221474411736292,NaN,NaN,NaN,NaN,14.9578775126413,2.40692964856847,4.39416108034738,5.69432291875928,7.2719120798307,11.2101875192348,1.11903610458101,,1300.06678366623,30,205.478934568226,0.122077679999999,9.99856583276494,0.901840959541059,3.08078494197137,3.78589489527263,-0.393600863841895,NaN,NaN,NaN,NaN,15,2.8597767419449,4.02096825568879,3.37836438022237,7.27180651196212,8.85080181418878,1.12057575984357,,1300.23489069094,30,205.473378192885
6.83333333333333,5.411387014,0,5.40499823,0.740710316297155,0,-0.274923892691222,NaN,NaN,NaN,NaN,18.8930697752875,0.096616382723596,NaN,NaN,6.47521260428742,2.66596356489182,NaN,,1300.42485123641,30.0044247300334,215.394510317286,1.166604908,0,2.52075979976521,0.559473345589091,0,-0.237046682295871,NaN,NaN,NaN,NaN,18.8562812289504,0.0242610551322402,1.86921956717709,NaN,7.47260114331679,7.08461813183184,NaN,,1299.83305335412,30.0069935963987,208.265389150151,0.0282131980000005,59.9951552056326,1.15205269210226,1.50166213096667,9.6145207471849,-0.389544913359604,NaN,NaN,NaN,NaN,17.0000996608333,1.23194764440589,4.03278221792861,22.7418058556376,7.27202387272874,9.96252301418542,0.422783016839602,,1299.82080153144,30.0089392940378,205.027629700498,0.0315439359999994,40.0208362632402,1.14970115683662,1.0691025286937,9.00772424457091,-0.416934019811157,NaN,NaN,NaN,NaN,13,1.76825335996643,4.62961682691435,27.8185395427548,7.27144150167667,11.238530193203,0.323815147173062,,1300.42895566905,30.0076755514521,205.27063946644,0.0683378780000004,19.9959034990267,1.09029219127387,1.50508827547556,6.68784645578832,-0.429586859775599,NaN,NaN,NaN,NaN,14.839333787,2.52817405473516,4.57840825463742,6.01516026642664,7.27182944982298,11.5374365738152,1.11186274301334,,1299.04488248569,30.0008017157311,205.488422459373,0.122077679999999,10.000571956373,0.911650544735276,3.09675937810822,4.02380737991207,-0.397533219098588,NaN,NaN,NaN,NaN,14.5182742253333,3.03840638456262,4.04557197008947,3.54820493110174,7.27188179416177,8.89436701407167,1.13403481846417,,1299.31112103772,30,205.48265442163
6.91666666666667,5.411387014,0,5.40565022049411,0.744923070052981,0,-0.27222827507699,NaN,NaN,NaN,NaN,18.9851845913792,0.0972014264271556,NaN,NaN,6.47566660911771,2.64939898890121,NaN,,1300.29722568432,30.0005004659828,215.395062272575,1.166604908,0,2.5239309116864,0.553751465893951,0,-0.239047134966849,NaN,NaN,NaN,NaN,19.4843447911667,0.0242617961815772,1.75692941076649,NaN,7.4719743760218,6.88829266381948,NaN,,1300.2633869778,30.0056377811084,208.268570886235,0.0282131980000005,60.0156119984114,1.1634244904264,1.48064352835032,9.63677129120121,-0.4729065196886,NaN,NaN,NaN,NaN,17,1.23551903658556,4.21874124138576,23.0518708169934,7.27192823578678,10.2920005746194,0.418056168781036,,1300.43985138982,30,205.035798965965,0.0315439359999994,40.0067880231395,1.16122430343642,1.09984201986671,9.07894915797594,-0.37571030450088,NaN,NaN,NaN,NaN,13,1.78342393676171,4.66133495508492,28.3849765895214,7.27130460582643,11.294930337851,0.319855362095094,,1300.62494252724,30,205.280144926555,0.0683378780000004,19.9894955380416,1.10114086643135,1.49717733790236,6.81185584259495,-0.421975763937449,NaN,NaN,NaN,NaN,15,2.57532054910775,4.58731575816232,6.18139879142413,7.27183836800526,11.5532541903665,1.10201059487178,,1300.79386344513,30,205.498016191277,0.122077679999999,9.99263299217757,0.920241974346609,3.13020346135412,4.15343907087077,-0.400777612643357,NaN,NaN,NaN,NaN,14.8444102026667,3.13541952679895,4.10918911617567,3.66575465613326,7.27196575511974,9.00704521253195,1.13303843762649,,1300.91973905064,30.0008016094803,205.490721906303
7,5.411387014,0,5.41264608855362,0.736486300779648,0,-0.272089227312497,NaN,NaN,NaN,NaN,19.2835254457192,0.0974438010441718,NaN,NaN,6.47464271031802,2.61142980006237,NaN,,1299.79013431877,30.001531774017,215.402057621823,1.166604908,0,2.5295628554606,0.557864842535031,0,-0.239637198364699,NaN,NaN,NaN,NaN,18.9999013763333,0.0240000002086163,1.9174690861354,NaN,7.47247584365603,7.16903553383832,NaN,,1299.98676402422,30.0072198411951,208.274195113774,0.0282131980000005,59.9960735485089,1.17513885201738,1.48743053969627,9.64199840399808,-0.434084664501594,NaN,NaN,NaN,NaN,17.2989138746151,1.23680974635391,4.32893339643547,23.3748470133009,7.27221940359638,10.487433512796,0.412506854335381,,1298.57021023617,30,205.04451410392,0.0315439359999994,39.9801392668225,1.17553968800314,1.07774188883443,9.09095550630442,-0.414693291292458,NaN,NaN,NaN,NaN,13.0638208129184,1.78847611188747,4.79995341010516,28.9582040818086,7.27201251134591,11.541585345174,0.313944417428844,,1300.52980443002,30,205.292530059518,0.0683378780000004,19.9903433225885,1.11150184544694,1.50303885460487,6.87595076574067,-0.427925810733783,NaN,NaN,NaN,NaN,14.7593753051667,2.60062966115414,4.75248332651057,6.26916698764066,7.27176665763777,11.8470236878923,1.09678948399584,,1298.86134176435,30,205.507427147947,0.122077679999999,9.99956029407709,0.929608492428793,3.13917115163266,4.22577477734456,-0.398760165225657,NaN,NaN,NaN,NaN,15.1900323256667,3.19104246990323,4.13699621075189,3.75348251443426,7.27211832300233,9.05631304715696,1.12585318748926,,1299.38700890818,30.0004012077827,205.499559517493
7.08333333333333,5.411387014,0,5.415009922,0.740960961646646,0,-0.272900200449338,NaN,NaN,NaN,NaN,18.9571960179474,0.0970401128611308,NaN,NaN,6.47569927155567,2.64408765761259,NaN,,1300.71331005548,30,215.404522009286,1.166604908,0,2.53334853571424,0.565512769609258,0,-0.239429470333181,NaN,NaN,NaN,NaN,19.3590098140874,0.0240000002086163,1.93809350002533,NaN,7.47239667296079,7.20513349606661,NaN,,1298.53852020184,30.0068351529496,208.277979181,0.0282131980000005,59.9816554117114,1.18754130624137,1.49412207787389,9.61608084415153,-0.463236364194627,NaN,NaN,NaN,NaN,17.9197132640516,1.23390187074079,4.36359866891135,23.6265057668828,7.27194399041924,10.548926218492,0.407008789662834,,1300.05636523676,30,205.053822999168,0.0315439359999994,39.9839437687106,1.18578850944278,1.05528082282661,9.09090747900183,-0.417331546694325,NaN,NaN,NaN,NaN,13.0966875692483,1.78977504491868,4.81756195692788,29.2250551996673,7.27163882136357,11.5728988486419,0.311078793953201,,1300.49966403271,30,205.300757403444,0.0683378780000004,19.9850722679586,1.12206631134452,1.50068810019801,6.89833469585829,-0.431945344017379,NaN,NaN,NaN,NaN,14.2486675475,2.60917014949054,4.83596868769151,6.29349285733527,7.27174635659605,11.9956152769371,1.09611441881818,,1299.28878027528,30,205.516939199971,0.122077679999999,10.0111775415308,0.937275282923923,3.13975149291386,4.27909224975876,-0.401824791700778,NaN,NaN,NaN,NaN,15.0848830408333,3.23180598885064,4.16883037692724,3.82248859566674,7.27256182658276,9.1127411665367,1.11946007820087,,1302.11542807564,30,205.506795805746
7.16666666666667,5.411387014,0,5.415009922,0.740295420115506,0,-0.274532176207552,NaN,NaN,NaN,NaN,18.7994420933333,0.0970400898364853,NaN,NaN,6.47609630671572,2.71257449436369,NaN,,1301.09673733475,29.9968092927655,215.404522009286,1.166604908,0,2.53837317376568,0.538982126013486,0,-0.241114937073443,NaN,NaN,NaN,NaN,21.6226906177459,0.0238828116820584,1.96429313149535,NaN,7.47191298837601,4.96885748822715,NaN,,1300.00534727075,30.0092708015636,208.28300347837,0.0282131980000005,60.0197771758901,1.19952364891062,1.52063769092596,9.64712344796465,-0.441766401064446,NaN,NaN,NaN,NaN,17.4776722961667,1.23827157834972,4.42988875693286,23.9892825805704,7.27206515002205,10.6665816652734,0.40215631854121,,1298.71950615388,30,205.062593513095,0.0315439359999994,39.9859196770975,1.19622501664333,1.07618653035979,9.10163649006352,-0.392543727726464,NaN,NaN,NaN,NaN,13.1604403518677,1.79541343718253,5.01242320991849,29.8964083765949,7.27153400156674,11.9200015658382,0.304447441074964,,1301.32940128351,30,205.309065907321,0.0683378780000004,19.9747607256802,1.1314344384567,1.50502086100481,6.94988736106798,-0.427915543138451,NaN,NaN,NaN,NaN,14.8673701546667,2.6289935864927,4.87864672337143,6.36951265980607,7.27177203084592,12.0715559701963,1.09111810420579,,1302.42033292292,30,205.52525052319,0.122077679999999,9.98113091740223,0.944939659740617,3.15545860346749,4.31478933652705,-0.399379291533107,NaN,NaN,NaN,NaN,15.4023528651667,3.25816840784952,4.25946674931935,3.86156267283435,7.27230410671699,9.27340100683601,1.11736993361987,,1299.53098272173,30,205.513834476328
7.25,5.411387014,0,5.415009922,0.755060031284519,0,-0.272477183763864,NaN,NaN,NaN,NaN,18.0827991533333,0.096596212470216,NaN,NaN,6.47504185840841,2.71519045858668,NaN,,1300.32207442792,29.9903162255461,215.404522009286,1.166604908,0,2.5433972147058,0.554021904188377,0,-0.238663461451952,NaN,NaN,NaN,NaN,18.5915447218333,0.0236750942797093,1.93941255026561,NaN,7.47179163069513,7.20172545656421,NaN,,1300.06112095574,30.0100002288818,208.288034771256,0.0282131980000005,60.0002327624414,1.20989684998267,1.50560852267784,9.62645465334321,-0.477496619228754,NaN,NaN,NaN,NaN,17.1505723328333,1.23651309865815,4.45154338211286,24.3063641086867,7.27207799751059,10.7050334933874,0.396057067943942,,1297.71498932891,30,205.069979332421,0.0315439359999994,40.0089406833627,1.20749545179573,1.06838412783865,9.13262607307965,-0.419765008755397,NaN,NaN,NaN,NaN,13.0002027244656,1.8021307068468,5.08880038172722,30.424810695243,7.27193177638258,12.0562367246791,0.300185611156993,,1299.25124153242,30,205.318519695834,0.0683378780000004,19.9791992701933,1.14067297506844,1.49647517423559,6.97358340501994,-0.429973493937876,NaN,NaN,NaN,NaN,14.839483411,2.63961767317333,4.9980131938671,6.37813802135394,7.27186054604402,12.2842337438836,1.09335963543958,,1301.8781078765,30,205.533434721464,0.122077679999999,9.9912791519756,0.953989340883483,3.15383022482391,4.3458174342992,-0.396466406750926,NaN,NaN,NaN,NaN,14.5365645341667,3.28268215700289,4.295969165226,3.89571542193569,7.27227273074439,9.33814240554464,1.11554030677094,,1299.99187098653,30,205.522458892623
7.33333333333333,5.411387014,0,5.415009922,0.747242437280196,0,-0.270315464682897,NaN,NaN,NaN,NaN,18.2012750156667,0.0963703478701639,NaN,NaN,6.47602358467956,2.71380523277544,NaN,,1299.88017909407,29.9992128004446,215.404522009286,1.166604908,0,2.54867507294697,0.57194744457558,0,-0.237707259956092,NaN,NaN,NaN,NaN,17.0311568177692,0.0232417018628215,1.93095604240333,NaN,7.47211954883281,4.2132637858707,NaN,,1300.06134711086,30.0071940766156,208.293305372614,0.0282131980000005,60.0020928251241,1.22109812092496,1.47479682340073,9.60739705055874,-0.478855653619579,NaN,NaN,NaN,NaN,17,1.23426974330039,4.57827848633443,24.5573653969611,7.27187578046633,10.9301743938104,0.391228561410755,,1300.25549076547,30,205.078086433213,0.0315439359999994,39.9510569849467,1.21968578693418,1.0573172043975,9.11857786050361,-0.417489224976908,NaN,NaN,NaN,NaN,13,1.80203872762044,5.15327470322115,30.9447500572683,7.27172815505747,12.1712195180201,0.294678046721193,,1297.79992780451,30,205.328491634497,0.0683378780000004,19.9972187939504,1.15094918241029,1.49774668014421,7.00132112978794,-0.430362861980645,NaN,NaN,NaN,NaN,14.7991810765,2.64951084578086,5.01526477094873,6.38262464827204,7.27179392958797,12.3149773817369,1.09693544078753,,1300.15941177183,30,205.542660200822,0.122077679999999,10.0058998464143,0.961499907231478,3.14848543150665,4.36844735102689,-0.398859490221465,NaN,NaN,NaN,NaN,14.4062049095445,3.30209662822699,4.29243741964734,3.92619470875516,7.2718582237517,9.33187882431693,1.11266848031378,,1298.23227638306,29.9991968139503,205.529339172918
7.41666666666667,5.411387014,0,5.415009922,0.740893099049428,0,-0.271877402021773,NaN,NaN,NaN,NaN,17.9344326485858,0.0958791808684502,NaN,NaN,6.47430892117694,2.72626227773833,NaN,,1299.23846693285,30,215.404522009286,1.166604908,0,2.55411652046082,0.573167389053092,0,-0.239821385184739,NaN,NaN,NaN,NaN,16.2126564983975,0.0231207532263298,1.86161464907337,NaN,7.47225740141189,5.68410065968699,NaN,,1300.64025599584,30.002862269364,208.298747408173,0.0282131980000005,59.9685957311048,1.23168850982702,1.49809909686081,9.65238519812655,-0.475251743560222,NaN,NaN,NaN,NaN,17.0803238696667,1.24088096867355,4.72997834796247,24.8331121379157,7.271837440727,11.1999133211307,0.388698065874102,,1300.3084722847,30,205.085579461861,0.0315439359999994,40.0410357427029,1.22942536472731,1.27903824439697,9.1045262022544,-0.420535319667235,NaN,NaN,NaN,NaN,13.0804134846667,1.80077724704947,5.2651872837042,31.4326237662315,7.2718779856611,12.3710175684126,0.289664651472638,,1298.78869449794,30,205.336318918135,0.0683378780000004,20.0078680280863,1.15921295464564,1.48655286437418,7.02914288376682,-0.43215636222512,NaN,NaN,NaN,NaN,14.5470191651667,2.65901486427845,5.20517763081112,6.38713336296889,7.27206500540039,12.6537824604908,1.10051859212823,,1301.0908200693,30,205.54997279038,0.122077679999999,9.98884342590614,0.969101188619912,3.1868526698021,4.38875377230366,-0.399757449880666,NaN,NaN,NaN,NaN,14.972573544565,3.3172044350022,4.31794860572082,3.96796704344777,7.27197708906113,9.37712827276057,1.10607285741258,,1300.44007542907,30,205.536407697881
7.5,5.411387014,0,5.415009922,0.736825153722158,0,-0.273199278221003,NaN,NaN,NaN,NaN,17.9046189389142,0.0952556784153889,NaN,NaN,6.47415917069834,2.76290424319285,NaN,,1298.62648334067,30,215.404522009286,1.166604908,0,2.55799636,0.546260374523443,0,-0.238708669050089,NaN,NaN,NaN,NaN,16.3480311501667,0.0230000000447035,1.98862617242134,NaN,7.473435999894,7.29357137534673,NaN,,1298.84965516207,29.9917037694521,208.302728891376,0.0282131980000005,59.9887562614899,1.24213160217527,1.49745291948136,9.65541248576537,-0.476342517687426,NaN,NaN,NaN,NaN,17.6753395271667,1.24194146231371,4.79317438619091,25.1828758397501,7.27192696118372,11.3123710739414,0.383430905775802,,1300.85615585325,30,205.092932070545,0.0315439359999994,40.0149014515541,1.24000565748907,1.3278997190346,9.13336584548894,-0.419444521786401,NaN,NaN,NaN,NaN,13.1194925588333,1.80649632901027,5.28662679803003,31.7960478614623,7.27164135545851,12.4093064808888,0.287261596025516,,1300.84242928814,30,205.344891671064,0.0683378780000004,19.9953967161214,1.16772751381948,1.49410864054132,7.03704119257324,-0.430766213320729,NaN,NaN,NaN,NaN,14.248168989,2.65903727498305,5.25300000563236,6.38506552490276,7.27188560538297,12.7391556048372,1.10211234555098,,1299.09436089998,30,205.557322209518,0.122077679999999,9.99884268104448,0.979410686469063,3.2020612156334,4.41409518582941,-0.397028895559605,NaN,NaN,NaN,NaN,14.7193955305572,3.33645047571147,4.31197479113623,4.011056904725,7.27208509799562,9.36653920174151,1.10048179099575,,1300.05363160189,30,205.546198364207
7.58333333333333,5.411387014,0,5.415009922,0.740355395498649,0,-0.269847778754324,NaN,NaN,NaN,NaN,17.8791487073333,0.0942196929870754,NaN,NaN,6.47479134963256,2.76266426766627,NaN,,1299.76962895411,30,215.404522009286,1.166604908,0,2.55912493668363,0.561882974856212,0,-0.237420607227126,NaN,NaN,NaN,NaN,15.7099654293651,0.0230000000447035,1.94660203606229,NaN,7.47198177189307,7.22001384392882,NaN,,1301.37961830791,29.9910286808842,208.303755151285,0.0282131980000005,59.9447852185527,1.25392565078687,1.50755459603016,9.69706276145482,-0.475762248230518,NaN,NaN,NaN,NaN,17.8392414141667,1.24875822678307,4.77306804757781,25.6754508629032,7.27203465618403,11.2765901990618,0.377681941599119,,1300.22706979357,30,205.101635146221,0.0315439359999994,40.0201145407744,1.25155774637673,1.31575582203423,9.14477746773355,-0.417732430972128,NaN,NaN,NaN,NaN,13.718231073,1.81194278260581,5.36409160725759,32.5207702593514,7.27200020016262,12.547708324034,0.28121525232203,,1299.03120342885,30,205.354427277861,0.0683378780000004,20.0031609327529,1.1752430210893,1.5074800067987,7.05369597047392,-0.428232428454875,NaN,NaN,NaN,NaN,14.2737787326667,2.66775644988549,5.2579365718809,6.39486236403117,7.27168485599314,12.7479609147562,1.10302606677627,,1301.35620730239,30,205.563856973493,0.122077679999999,10.0066838040343,0.987745425825159,3.20003480189284,4.43523797842925,-0.395799523941973,NaN,NaN,NaN,NaN,14.9201266175,3.35236911419108,4.40205684577839,4.02023677668862,7.27298726824331,9.52638250236173,1.10322870702063,,1300.20117612396,30,205.554102684192
7.66666666666667,5.411387014,0,5.415009922,0.739060188556971,0,-0.272316805654842,NaN,NaN,NaN,NaN,17.8538927855,0.0936245186761287,NaN,NaN,6.47351101561774,2.79816448371641,NaN,,1299.45613763079,30,215.404522009286,1.166604908,0,2.56456590406803,0.567737633696436,0,-0.237063089996681,NaN,NaN,NaN,NaN,16.0015473341349,0.0229199094855756,2.03140494328282,NaN,7.47235987687757,7.36848397489717,NaN,,1299.71377431653,29.999603979396,208.309198092173,0.0282131980000005,59.9857320211926,1.26389221862351,1.50338752029903,9.70346670182468,-0.475279325477909,NaN,NaN,NaN,NaN,17.8799368333333,1.25007141405498,4.93002515957528,26.1559067660875,7.2717990828122,11.5560467746416,0.370998146728532,,1300.10259756856,30,205.1084132366,0.0315439359999994,39.9969739458016,1.25991550616463,1.37404991458466,9.14677485595512,-0.415688532669412,NaN,NaN,NaN,NaN,13.9196724166667,1.81308184131712,5.56499305549553,32.7920519828924,7.27151813200509,12.9070892442806,0.27894838633313,,1299.76604762358,30,205.360777183756,0.0683378780000004,20.0075571266525,1.18516580514415,1.49203031841125,7.08854944249686,-0.430336091800752,NaN,NaN,NaN,NaN,14.080073968,2.68003605122047,5.32616010489522,6.41320307482658,7.27174518688765,12.8698768901466,1.10530578584748,,1300.54947620471,30,205.572698693144,0.122077679999999,9.98637407002118,0.993394381393146,3.21930239105232,4.44939255689701,-0.39987669106866,NaN,NaN,NaN,NaN,14.7592104325,3.36171459209981,4.4330273128701,4.01179348342902,7.27344742986723,9.58136482420188,1.10908251447119,,1301.85423486752,30,205.559225394524
7.75,5.411387014,0,5.42022277230882,0.745830510878006,0,-0.273121704011205,NaN,NaN,NaN,NaN,18.025183477746,0.0927464047903637,NaN,NaN,6.47384319910715,2.77657417636642,NaN,,1300.03992942316,30,215.409528851713,1.166604908,0,2.56936933091289,0.566619693394582,0,-0.236263227674421,NaN,NaN,NaN,NaN,15.4579600166667,0.0229194833466725,1.88942322862348,NaN,7.47215536737062,5.09116985055946,NaN,,1299.5158517699,30.0004027533864,208.313998837933,0.0282131980000005,60.0025366775684,1.27544320335962,1.47923859711846,9.67196644898846,-0.476810245758457,NaN,NaN,NaN,NaN,17.919701542,1.24584718673187,4.97444580447497,26.3773020483026,7.2720980982689,11.6352086669626,0.366679898590648,,1301.91709691967,29.9984021291884,205.117078633171,0.0315439359999994,39.9641353531832,1.26962892569134,1.27280734099327,9.15190263450315,-0.420991422979403,NaN,NaN,NaN,NaN,14,1.81675301614506,5.57299980508479,33.111207414237,7.27146241638423,12.9213682825889,0.276435710390377,,1299.52673788189,30,205.36857621653,0.0683378780000004,19.9795021679399,1.19483026144601,1.49820114899592,7.11188157652959,-0.429006989526962,NaN,NaN,NaN,NaN,14,2.68817298867275,5.36409337656296,6.42925044417275,7.27192329935308,12.9376209988612,1.10617656380716,,1301.15725035321,30,205.581268957173,0.122077679999999,10.0030393053033,0.999222114034457,3.24357014045122,4.45541185481786,-0.398970847220619,NaN,NaN,NaN,NaN,14.7697140579592,3.36638617502696,4.4452034074642,3.99714317613371,7.27271551976187,9.60299474994737,1.11465124590233,,1302.45405804826,30,205.564525585279
7.83333333333333,5.411387014,0,5.43168786700725,0.734124795586292,0,-0.269993461252516,NaN,NaN,NaN,NaN,17.1886927599207,0.09228177581676,NaN,NaN,6.47345883167138,2.78292827817892,NaN,,1300.1006962419,30,215.420992654147,1.166604908,0,2.57520443003058,0.558795763539634,0,-0.237501278025386,NaN,NaN,NaN,NaN,15.517648739,0.0227061765085421,1.98405515070874,NaN,7.47219753993161,7.2785756893513,NaN,,1300.15324957526,30,208.31983810681,0.0282131980000005,60.0177779655855,1.28606050546551,1.48766094244751,9.701868075366,-0.48155775421641,NaN,NaN,NaN,NaN,17.8794085511667,1.24981823719375,5.09001622753571,26.4766262535662,7.27196077687749,11.8412443777356,0.366434527855806,,1299.5860336159,29.9943788946361,205.124407513567,0.0315439359999994,40.0144929481772,1.27908852258956,1.05775682536965,9.1768878363985,-0.417017673572174,NaN,NaN,NaN,NaN,13.919678641,1.82285386118808,5.66717258132323,33.4586511832571,7.27165331619437,13.0900023730451,0.274314509957703,,1299.58176372223,30,205.375841655767,0.0683378780000004,20.0285074309686,1.20402481500875,1.48565867258665,7.11050937434886,-0.431767203619281,NaN,NaN,NaN,NaN,14.0401805466667,2.68920754944543,5.39777830409392,6.42713736535009,7.27207780404131,12.9978520401641,1.10632843007849,,1301.25758795145,30,205.589410232692,0.122077679999999,9.99532636015262,1.00658576196995,3.23244560692994,4.46801209594353,-0.395076004137648,NaN,NaN,NaN,NaN,14.9489266225408,3.37588958165826,4.47550145777816,4.01864850028763,7.27302797748669,9.65678756547462,1.11185805358128,,1300.8989944827,30,205.571256970965
7.91666666666667,5.411387014,0,5.435520256,0.740077283137533,0,-0.269439448608688,NaN,NaN,NaN,NaN,17.0804226356667,0.091796326229891,NaN,NaN,6.47605849128841,2.84922133447613,NaN,,1300.70550018806,30,215.425032343286,1.166604908,0,2.578117134,0.555527148830937,0,-0.234712949159043,NaN,NaN,NaN,NaN,15.9598543998333,0.0222486091642076,1.9436203061987,NaN,7.47210073906373,7.21476986745922,NaN,,1300.64930966802,30,208.322849665376,0.0282131980000005,60.0520025912533,1.29592892620131,1.49463942138325,9.70292334079473,-0.478736875287891,NaN,NaN,NaN,NaN,18,1.24996068305601,5.15800052838695,26.836168106684,7.27187666103728,11.9625495557942,0.361573152691783,,1299.89587730865,29.9987951944515,205.131315966668,0.0315439359999994,40.023816827771,1.29016304552044,1.07414931938875,9.18533704924378,-0.41765645753219,NaN,NaN,NaN,NaN,13.9197804516667,1.82645647316136,5.6912259253203,34.2774265211225,7.27170155508679,13.1331054536542,0.267988251899221,,1300.93718410964,30,205.385009454809,0.0683378780000004,20.0265256815732,1.21150670014946,1.48096311899408,7.12829289680813,-0.427664169997392,NaN,NaN,NaN,NaN,14.190050922,2.69278474948638,5.51913194548053,6.42837583735648,7.27177500081561,13.2148806613697,1.10888010769469,,1301.49159014948,30,205.595843983693,0.122077679999999,10.0033515078837,1.0121325067016,3.25483509187125,4.48688393450289,-0.397915995178375,NaN,NaN,NaN,NaN,14.397509738,3.39083595267326,4.58392054452569,4.04398895613887,7.27306712685801,9.8494288711671,1.10951934869317,,1299.21244280813,30,205.576381986188
8,5.411387014,0,5.435520256,0.743093251081073,0,-0.269879929529325,NaN,NaN,NaN,NaN,17.922304655,0.0911204779945815,NaN,NaN,6.47506234144687,2.88890540581684,NaN,,1299.76863098475,30,215.425032343286,1.166604908,0,2.58239066546982,0.550215593167667,0,-0.237080882934355,NaN,NaN,NaN,NaN,15.8394711748333,0.0221925411890173,2.02902029403382,NaN,7.47180670670747,7.36423795897671,NaN,,1299.21135807691,30.000401131516,208.327021474133,0.0282131980000005,59.9975455156461,1.30565056858758,1.47178212227654,9.70644191122719,-0.481968705146553,NaN,NaN,NaN,NaN,17.8797031058333,1.25095153226477,5.19689032846514,27.1172110247083,7.27196572073801,12.0319540975505,0.357947504139685,,1299.14529696819,30,205.137896694837,0.0315439359999994,39.9791617888132,1.3006898368907,1.05896061216564,9.14010572200248,-0.416461077932873,NaN,NaN,NaN,NaN,13.919537456,1.82003269770366,5.77448438589198,34.6917610948581,7.27205906043634,13.2823254571016,0.26347203677485,,1301.21960751413,29.99959934605,205.393533950728,0.0683378780000004,20.0142609727068,1.2195350668422,1.47007937112125,7.15041592065311,-0.429660582255189,NaN,NaN,NaN,NaN,14.8537562202138,2.70042108162541,5.59916017148441,6.44321019751434,7.27198182130587,13.3581173770825,1.1097617869662,,1301.53457738828,30,205.602910009294,0.122077679999999,9.99090434435248,1.01956605483741,3.24336166051064,4.51604663400095,-0.397612691521266,NaN,NaN,NaN,NaN,15.1602425391667,3.41175704485042,4.5727669452301,4.04690796465559,7.27297813399253,9.82957606665529,1.11592686674631,,1300.0826629569,30.0004009370532,205.583286710894
8.08333333333333,5.411387014,0,5.44033862858169,0.747124419994851,0,-0.270129709815605,NaN,NaN,NaN,NaN,17.9600435181667,0.0904058663534597,NaN,NaN,6.47499839343307,2.81872191713718,NaN,"Sample 1.50 mL to AMBR-96DWP-1/E5",1300.12897775572,30.0000720098442,215.13837360434,1.166604908,0,2.5871040659463,0.557431099339197,0,-0.236488588657802,NaN,NaN,NaN,NaN,15.5233353261635,0.0221202014069933,2.00653890391146,NaN,7.47248079445793,7.32489645651699,NaN,"Sample 1.50 mL to AMBR-96DWP-1/E6",1300.15314184869,30.0016020453537,208.098581764223,0.0282131980000005,60.0099703640569,1.31546721064932,1.38322042894687,9.75883376715949,-0.478612908915418,NaN,NaN,NaN,NaN,17.8392694133333,1.25698622879246,5.27822864509967,27.3221130577991,7.27206626816301,12.1771905115115,0.356917456169243,"Sample 1.50 mL to AMBR-96DWP-1/E7",1299.48916581278,29.9995238917397,204.978883824726,0.0315439359999994,40.0204046918041,1.31029206342025,1.01299553112241,9.14097950172374,-0.418070906692331,NaN,NaN,NaN,NaN,13.8242155445147,1.82059114970915,5.87871885775848,35.2275610776111,7.27173361838951,13.4692889518738,0.259349401049993,"Sample 1.50 mL to AMBR-96DWP-1/E8",1301.40814756806,30,205.297538986253,0.0683378780000004,20.0146336724733,1.22724159823085,1.46659901415195,7.16483198225963,-0.427341146191711,NaN,NaN,NaN,NaN,14.722055366658,2.70489706419919,5.70319913338757,6.43098436711447,7.27182137944356,13.5444996122361,1.11433047004497,"Sample 1.50 mL to AMBR-96DWP-1/E9",1301.82648644981,29.9957582770036,205.562984578897,0.122077679999999,9.99927662590065,1.0265897230305,3.22743683268061,4.54425430375435,-0.396973245007583,NaN,NaN,NaN,NaN,14.6137642366667,3.43024069648065,4.57173326975865,4.05600454921608,7.27305742919057,9.82773807472417,1.1215704787253,"Sample 1.50 mL to AMBR-96DWP-1/E10",1301.91816062697,29.9997414664728,205.392590103875
8.16666666666667,5.411387014,0,5.44054558,0.739041944344468,0,-0.271176681276107,NaN,NaN,NaN,NaN,17.7675373176667,0.0928887471492957,NaN,NaN,6.47445414987076,2.81283305802463,NaN,,1301.07501430312,29.999928769002,213.636057667286,1.166604908,0,2.59006652006765,0.566821923178291,0,-0.235800626674981,NaN,NaN,NaN,NaN,15.2794169888753,0.0219999998807907,2.02552005566768,NaN,7.47239463711673,6.33523105643361,NaN,,1299.25460482241,30.0035893620287,206.540698937055,0.0282131980000005,60.0041708219368,1.32747398423563,1.50592492191403,9.8266407196402,-0.479674027629022,NaN,NaN,NaN,NaN,17.7994287185,1.17290603228952,5.3244112618311,27.503214466196,7.27247192948343,12.2596787044871,0.348574883843236,,1300.95816404255,29.9984693157129,203.359574664357,0.0315439359999994,40.005784192991,1.31951920865975,1.07858758294201,9.19845569739151,-0.419685381348264,NaN,NaN,NaN,NaN,13.8141847811519,1.67417507907213,5.88890301024573,35.6760620105179,7.27175723376825,13.4875842652021,0.250940703302776,,1300.51365222696,29.9991969658004,203.614364466329,0.0683378780000004,19.944973269319,1.23459129473989,1.49542520960069,7.21685039495603,-0.430555774472415,NaN,NaN,NaN,NaN,14.5818092269615,2.44726162142444,5.71427101516027,6.47329715315633,7.27201639094297,13.5643018421189,1.13207107464103,,1300.77102867318,29.9934115847216,203.821853348059,0.122077679999999,10.0304461107265,1.026850258,3.25238521659106,4.52191073825172,-0.40062165164962,NaN,NaN,NaN,NaN,14.7407996949406,3.14546646508678,4.53684957804695,4.00885749571583,7.27179882069431,9.76575394419791,1.16199366142284,,1299.42934123196,29.9996806962486,203.79561691867
8.25,5.411387014,0,5.44054558,0.743132720156772,0,-0.26965444800297,NaN,NaN,NaN,NaN,17.601614308,0.0962140433739292,NaN,NaN,6.47604818092084,2.90050008421245,NaN,,1299.50901430439,30.0035079327684,213.636057667286,1.166604908,0,2.593076238,0.562244062144294,0,-0.234834541386075,NaN,NaN,NaN,NaN,15.8763032981778,0.0220401340563692,1.98346096496676,NaN,7.47224079891492,6.01753479466412,NaN,,1299.78053340646,30.0040301700195,206.543808769376,0.0282131980000005,59.9974801508546,1.33769778688452,1.4922301482996,9.70862321551135,-0.480849215809245,NaN,NaN,NaN,NaN,17.7992225003333,1.24271281635707,5.45631855028785,28.2125244654234,7.27212376145989,12.4954907328366,0.344122560488365,,1299.49685213623,30.0016216552376,203.366719156233,0.0315439359999994,39.9552855180437,1.3297107483629,1.07353175683011,8.98392826643802,-0.416731141458966,NaN,NaN,NaN,NaN,13.5893709973515,1.7799861889111,5.90000861990422,36.2016980885113,7.27197998862931,13.507493136571,0.248159153184096,,1299.154757538,30.0097139348342,203.622659950954,0.0683378780000004,19.9864015929687,1.24175735571417,1.50298138475879,6.73145257201688,-0.431916411333915,NaN,NaN,NaN,NaN,14.5017543,2.52467734791724,5.77996659863697,5.891588596479,7.2716940349305,13.6820717768222,1.14261728053906,,1297.74821813002,30,203.827861966164,0.122077679999999,9.99503356434236,1.03112841435552,3.28701007109622,4.11954275473244,-0.39757875566113,NaN,NaN,NaN,NaN,15.2435183971429,3.07778040791944,4.60483153719138,3.43614339261303,7.27258229609588,9.88657619583032,1.19878259967382,,1300.69414652926,30.0074119559906,203.799267908446
8.33333333333333,5.411387014,0,5.44054558,0.754405477619808,0,-0.271455855499152,NaN,NaN,NaN,NaN,18.2435989226667,0.0986932898299105,NaN,NaN,6.47653178350067,2.90150110511823,NaN,,1300.67760000009,30.0077293493684,213.636057667286,1.166604908,0,2.59787216450309,0.55174899459984,0,-0.234076397642744,NaN,NaN,NaN,NaN,17.0322277361168,0.0220400943595294,2.04388323161279,NaN,7.47399383208468,7.39029145644479,NaN,,1299.60327047425,29.9984843480919,206.548503763374,0.0282131980000005,59.9984719086751,1.34810920601927,1.52273131596506,9.80368087173634,-0.478512891544982,NaN,NaN,NaN,NaN,18,1.25493689168863,5.47116331118559,28.5719815207674,7.27192312548609,12.5220271844157,0.343126405239273,,1300.33024424402,30.0100002288818,203.374047126448,0.0315439359999994,39.9669411464529,1.3385912033538,1.08851968377382,9.15821648893934,-0.419472258658449,NaN,NaN,NaN,NaN,13.1220813886485,1.81541085510134,6.01225310039726,36.7967075244998,7.27179803845998,13.7090099256043,0.248890948592113,,1299.35746473718,30.0064197119078,203.629448849177,0.0683378780000004,20.001431731343,1.25056724457733,1.50677088169615,7.03766307179873,-0.430200143567691,NaN,NaN,NaN,NaN,14.3333026591667,2.63830391127019,5.73600633491838,6.20476214124349,7.27185076569388,13.6032760038985,1.13426104071449,,1298.45003866963,30,203.835725318566,0.122077679999999,10.0178961234403,1.03572658924781,3.27378355938084,4.35621999549962,-0.397085550442219,NaN,NaN,NaN,NaN,14.7979279100831,3.25352220107995,4.61784248483066,3.60454454778486,7.27202272973786,9.90969172147656,1.20854166808091,,1299.04923338483,30.0032177530768,203.8032380988
8.41666666666667,5.411387014,0,5.44054558,0.738863337581251,0,-0.269719823470321,NaN,NaN,NaN,NaN,17.6641162423333,0.100303062056034,NaN,NaN,6.47646350767581,2.83005628761687,NaN,,1299.84062090939,30.0018294680406,213.636057667286,1.166604908,0,2.60001375668883,0.555263410521957,0,-0.239208556046137,NaN,NaN,NaN,NaN,17.6291330031667,0.0219999998807907,2.00591204398659,NaN,7.47204688327344,7.28372642638727,NaN,,1299.1180417841,29.9899997711182,206.550649261831,0.0282131980000005,59.9792404665894,1.35951655622815,1.49689838632538,9.79501039917764,-0.476133196770908,NaN,NaN,NaN,NaN,17.8797750633333,1.25480615736181,5.59483105456517,28.8190617575247,7.27185703002778,12.7433793695486,0.33988283483957,,1299.91349145837,30.0100002288818,203.382368598318,0.0315439359999994,39.9724070843042,1.34925470923592,1.07781720439667,9.2080801751408,-0.420637735096923,NaN,NaN,NaN,NaN,13.1606981195,1.82790676624092,6.12680852371407,37.3168741132143,7.27186470267468,13.9149034936546,0.246757130258689,,1299.67430377198,30.002737847714,203.638093717831,0.0683378780000004,20.0011103112756,1.25878813719628,1.48386130043041,7.17518421284179,-0.428102862775944,NaN,NaN,NaN,NaN,14.7187957691667,2.68896847126413,5.84367782764665,6.38207962412322,7.27181268110191,13.7963406832797,1.12427834799122,,1299.09161915801,30,203.842790507146,0.122077679999999,10.0041998148397,1.04220778272441,3.25210076359344,4.49750906262898,-0.398590957100203,NaN,NaN,NaN,NaN,14.9987624935532,3.35719265954094,4.72706882436325,3.72423842581397,7.27315297674456,10.1039432666917,1.20763320583476,,1299.53728090372,30,203.809286316542
8.5,5.411387014,0,5.44054558,0.752926145670556,0,-0.268204062388811,NaN,NaN,NaN,NaN,17.5982455932181,0.101080179462814,NaN,NaN,6.47469318078094,2.83102559207527,NaN,,1299.56936763028,30.0029894673852,213.636057667286,1.166604908,0,2.603029496,0.539879941051867,0,-0.233765434847271,NaN,NaN,NaN,NaN,18.5456816176667,0.0219999998807907,1.98265493537174,NaN,7.47202993520832,5.06310043753829,NaN,,1299.29603859078,29.9914389518922,206.553762027376,0.0282131980000005,59.9625997508987,1.37084711117978,1.51059383789504,9.85467867615133,-0.479259415410992,NaN,NaN,NaN,NaN,17.7979488378045,1.26324131017328,5.56325804829922,29.1871191351598,7.27196952559076,12.6868241516953,0.337640287546673,,1299.86857724746,30.0080908528657,203.390539931111,0.0315439359999994,39.9594161306341,1.35797726962937,1.07832880832407,9.20838047079146,-0.420967676599914,NaN,NaN,NaN,NaN,13.8797894923333,1.82958893148309,6.15766182155243,37.7731570386753,7.27186454593958,13.9703602407604,0.243785248816312,,1300.04298616252,30,203.644881240056,0.0683378780000004,19.9931585813329,1.26772796579188,1.47082451504371,7.2560016960338,-0.429627296861734,NaN,NaN,NaN,NaN,14.8397164631667,2.71958440545404,5.88048358037528,6.49103219659693,7.27175930540047,13.8623578331761,1.11785927941589,,1299.02261446963,30,203.850676736319,0.122077679999999,9.99325535703116,1.04824867542228,3.25083511750574,4.57480857295418,-0.397644158074281,NaN,NaN,NaN,NaN,14.6780692452801,3.41599262225797,4.70760688397256,3.79574655935248,7.27241714172415,10.0693127178008,1.20525846250317,,1300.41963972418,30.0008019348611,203.814794320417
8.58333333333333,5.411387014,0,5.44054558,0.74333525457769,0,-0.268147660442288,NaN,NaN,NaN,NaN,20.0127774616132,0.101120917096832,NaN,NaN,6.47483008714949,2.87204257147257,NaN,,1301.08934147926,30,213.636057667286,1.166604908,0,2.60661001835933,0.556554352533382,0,-0.235780940813325,NaN,NaN,NaN,NaN,17.9369662068333,0.0219595746973312,1.92492920846911,NaN,7.47242356460238,7.18216894127319,NaN,,1300.5453089745,29.9975929088295,206.557238173315,0.0282131980000005,59.985591089111,1.38090055902898,1.46795443905575,9.85077845713799,-0.478071472021548,NaN,NaN,NaN,NaN,17.7202320930288,1.26318717709573,5.6569891966171,29.4042763208336,7.27188942634359,12.854659954202,0.335015377614295,,1300.45890093082,30.0008056292423,203.397608577028,0.0315439359999994,40.0112398404726,1.36623893608042,1.08064627464971,9.24054465758676,-0.415051446176089,NaN,NaN,NaN,NaN,13.4054455478333,1.83721953653346,6.17194996728729,38.2344228951766,7.27326893369593,13.9960939339068,0.241685251135642,,1299.8391777585,30,203.651230689773,0.0683378780000004,20.0429486624646,1.27691131679896,1.49021713429343,7.26623044372855,-0.426803256086687,NaN,NaN,NaN,NaN,14.3979076018333,2.72431830699848,5.98248134456428,6.51054010258751,7.27175879836052,14.04550759131,1.11607383636381,,1299.70600198433,30,203.85880293907,0.122077679999999,10.0016379731359,1.05458843736867,3.24729829841491,4.62447758798247,-0.397324651938305,NaN,NaN,NaN,NaN,14.7194952798345,3.45587745208004,4.72363324326505,3.91706957457402,7.2727040916989,10.097821568855,1.18074990484163,,1301.21529775643,30,203.820572834889
8.66666666666667,5.411387014,0,5.44054558,0.734019710443891,0,-0.2688035226357,NaN,NaN,NaN,NaN,27.2319129451686,0.100840428538953,NaN,NaN,6.47460846595821,2.90505974293442,NaN,,1301.21914856074,30.0032089089877,213.636057667286,1.166604908,0,2.61062133418727,0.551953603866117,0,-0.233851155995045,NaN,NaN,NaN,NaN,17.9604772216941,0.0218800949366367,2.08655318309758,NaN,7.47216148735068,7.46497732528421,NaN,,1300.76563249199,29.9971947159386,206.561253830646,0.0282131980000005,59.9890889822742,1.39225777950309,1.48148516730494,9.87355580425725,-0.476555353809221,NaN,NaN,NaN,NaN,17.8392476135,1.26626106285817,5.72374415583106,29.6282793275505,7.27224091430674,12.9742572121464,0.333249980739353,,1300.45466074225,30.0094589606834,203.405892437099,0.0315439359999994,39.9988500360565,1.36857305827526,1.0750855012701,9.23784894117441,-0.417666856449117,NaN,NaN,NaN,NaN,13.2008944903333,1.83728708509352,6.2200604747781,38.7123775889792,7.27205487265669,14.0826033567879,0.238632635424498,,1301.92525166719,30,203.651478088465,0.0683378780000004,20.0075968197768,1.28613502538048,1.47579474857963,7.28204756110448,-0.429579686639761,NaN,NaN,NaN,NaN,14.1538866553861,2.72652530566485,6.02162791663924,6.520358454918,7.27175796149147,14.1157589476659,1.1168209029323,,1299.43993303844,30,203.867072109729,0.122077679999999,9.98404184967731,1.06411568612892,3.25281389908614,4.65411620903616,-0.396193706481447,NaN,NaN,NaN,NaN,14.9600535096655,3.4799804492773,4.73810380568859,3.98232592418509,7.27334217673475,10.1235700206958,1.16869501591251,,1299.56558898305,30,203.829544421544
8.75,5.411387014,0,5.44054558,0.729881054902891,0,-0.270579831066067,NaN,NaN,NaN,NaN,24.237990863,0.100471411781288,NaN,NaN,6.474674073687,2.9065555868747,NaN,,1301.16432934499,30.0060897165393,213.636057667286,1.166604908,0,2.613138578,0.552950173306189,0,-0.237209112077885,NaN,NaN,NaN,NaN,18.3345683079767,0.021839169921262,2.0456063342566,NaN,7.47171916934546,7.39333519346891,NaN,,1300.77588684271,30,206.563871109376,0.0282131980000005,59.9730198304129,1.40183346963547,1.50570403135083,9.84991727850494,-0.478253152003921,NaN,NaN,NaN,NaN,18,1.26381360430851,5.77531974767378,29.8603130809098,7.27197774114076,13.0667010044193,0.32987827291926,,1299.99791303021,30.0021830185108,203.412388051352,0.0315439359999994,40.0175374006252,1.38346747935522,1.07670099985515,9.27272646598903,-0.419537256430473,NaN,NaN,NaN,NaN,13.5618706011667,1.84539292086474,6.28708870824216,39.1400606821293,7.27155960749912,14.2032413067519,0.236917810565667,,1299.50496303638,30,203.664388148478,0.0683378780000004,20.0258730845129,1.29530793233155,1.48783311031627,7.30839115832726,-0.42749206432522,NaN,NaN,NaN,NaN,14.3186697665236,2.73733042256991,6.05105236878485,6.56889466302617,7.27188710080974,14.1686173172341,1.11257682588651,,1300.45763493616,30,203.875090213926,0.122077679999999,10.0118784718464,1.07045450243232,3.24122452303077,4.67056467059157,-0.398296709698277,NaN,NaN,NaN,NaN,14.8758684414009,3.49349335047835,4.81288320765873,4.00468155348793,7.27243629232256,10.2566448039732,1.16627654329632,,1302.16989307124,30,203.835317278433
8.83333333333333,5.411387014,0,5.44218193368836,0.728869535058122,0,-0.268877374480887,NaN,NaN,NaN,NaN,17.8576502458333,0.0997956726431993,NaN,NaN,6.47313586704737,2.95403917724972,NaN,,1300.75492192191,30.0051460740716,213.637592242655,1.166604908,0,2.613138578,0.556460508485069,0,-0.230464098296562,NaN,NaN,NaN,NaN,18.3562547704959,0.0217490476254568,2.02986615411976,NaN,7.47169912595989,6.33501651272541,NaN,,1300.99904341746,30,206.563871109376,0.0282131980000005,60.0082568742969,1.41120150371512,1.48285350330691,9.84221626223228,-0.479328936297263,NaN,NaN,NaN,NaN,17.7738015272826,1.26305208927345,5.76361593021217,30.1753885960271,7.27175538615665,13.0457332737141,0.326168062430051,,1299.1573309593,30,203.418685267349,0.0315439359999994,39.9763464052171,1.39147458372916,1.07471047934169,9.24425834207297,-0.41561001680026,NaN,NaN,NaN,NaN,13.7042870446667,1.84273713695644,6.3431907291239,39.6694096251329,7.27113504415652,14.3042595504027,0.233035596580491,,1299.99804805385,30,203.670409229921,0.0683378780000004,20.0338885210224,1.30365137084678,1.50445275985519,7.34455061262352,-0.43159607096652,NaN,NaN,NaN,NaN,14.801528993757,2.74894742822557,6.04987752938362,6.578137735678,7.27191371632495,14.1665135575081,1.11651327844165,,1300.14918628492,30,203.882379552873,0.122077679999999,9.99116746868828,1.08006894316194,3.26046822606192,4.68837608298416,-0.393048617072767,NaN,NaN,NaN,NaN,14.7608191431298,3.50662600166903,4.81198837221535,4.02542380287661,7.2722943364679,10.2550527659962,1.1646912682853,,1300.08554640361,30,203.844505299205
8.91666666666667,5.411387014,0,5.445590382,0.754142487795014,0,-0.267734616265581,NaN,NaN,NaN,NaN,18.6823522296667,0.0990055154023184,NaN,NaN,6.47512134111511,2.94821934175526,NaN,,1300.97868091591,30,213.641102469286,1.166604908,0,2.6179658985666,0.56111683456565,0,-0.232382626433239,NaN,NaN,NaN,NaN,19.2453175311667,0.0215240140764701,2.06765563579742,NaN,7.47378850045973,5.05757208948523,NaN,,1300.7678096249,30,206.568598974569,0.0282131980000005,59.9907226686216,1.42258001277639,1.48450721917214,9.87043144400385,-0.477377730447384,NaN,NaN,NaN,NaN,17.7035278457174,1.26698668414338,5.71043597376158,30.4166547847345,7.27222391041146,12.9504056573384,0.324514462354847,,1298.81603431254,30,203.426990492943,0.0315439359999994,39.9887837766922,1.40451389465107,1.07144730137269,9.27314040244686,-0.419350156629323,NaN,NaN,NaN,NaN,14.2974483764352,1.84995080257106,6.42411488966448,40.0324900410007,7.27160383173769,14.4500540510435,0.23164334265178,,1297.8274499817,30,203.681473926589,0.0683378780000004,20.0328659546983,1.31156056201574,1.49103770805664,7.369058728997,-0.428648275080538,NaN,NaN,NaN,NaN,14.5979694336562,2.75796358549008,6.14711655628829,6.5896031408417,7.27162367197433,14.3412940008498,1.11828733895066,,1302.18977423443,30,203.889233265813,0.122077679999999,9.9958408800903,1.0874523661349,3.26690556455862,4.70194771148124,-0.394636746744392,NaN,NaN,NaN,NaN,14.6414918014693,3.51685456303259,4.84723809816667,4.0390713652925,7.27242971493716,10.3178128410867,1.16411727781755,,1298.65994518571,30,203.851253890901
9,5.411387014,0,5.445590382,0.727588086023134,0,-0.269336544374606,NaN,NaN,NaN,NaN,19.4821610911667,0.0983971324604005,NaN,NaN,6.47460602861656,2.8993396079051,NaN,,1299.4084794418,30,213.641102469286,1.166604908,0,2.618124946,0.541603788133842,0,-0.234432926851686,NaN,NaN,NaN,NaN,20.080641701,0.0212814072738375,2.17254609306194,NaN,7.47316371051018,6.41455614455571,NaN,,1299.78010191276,30.0004058991701,206.568857477376,0.0282131980000005,60.0431725483773,1.43333521174138,1.51496443209766,9.87111497690225,-0.475474277656907,NaN,NaN,NaN,NaN,18.849994202,1.26730157636519,5.93735569451887,30.8290745284549,7.27208345197886,13.3574273865722,0.32019490301039,,1299.48642477343,29.9987429563009,203.434672333804,0.0315439359999994,39.9713379247727,1.41529028772835,1.06616092318995,9.27288830558625,-0.41515998844934,NaN,NaN,NaN,NaN,15.0400319047315,1.85227503062751,6.46193021692304,40.4672450500092,7.2714554170116,14.5182382167452,0.229147187801433,,1299.85804424397,30,203.690170505872,0.0683378780000004,19.9952658333345,1.32021695468644,1.48958768582964,7.3703397847417,-0.426221512916858,NaN,NaN,NaN,NaN,14.4987687398438,2.75852698555776,6.15679264101349,6.58260436309921,7.2719964922082,14.3587118860442,1.11967490011931,,1301.00122726009,30,203.896928425516,0.122077679999999,10.0006690256569,1.0935604402301,3.27240459533036,4.70587141160286,-0.400258708625335,NaN,NaN,NaN,NaN,14.8979615676667,3.52040807384754,4.90515388017662,4.04948245561925,7.27236326312354,10.4209539761889,1.16209369944718,,1300.26946243594,30,203.856938078802
9.08333333333333,5.411387014,0,5.445590382,0.748949929786379,0,-0.270125514848289,NaN,NaN,NaN,NaN,18.7297435566667,0.0977172785732307,NaN,NaN,6.47535833519323,3.01079197196121,NaN,,1299.88821513927,30,213.641102469286,1.166604908,0,2.618124946,0.543426836711215,0,-0.235479906064076,NaN,NaN,NaN,NaN,19.6322301411667,0.021160876468581,2.09394883074407,NaN,7.47248768749006,4.29961780972391,NaN,,1299.91050665974,29.9995990183741,206.568857477376,0.0282131980000005,60.0307497920604,1.44332389656815,1.47014359895766,9.90902517391293,-0.478467796261949,NaN,NaN,NaN,NaN,20.7284134778333,1.27233300879249,6.00812676813581,31.1120912023606,7.27203379781851,13.4844796623708,0.318495063992527,,1300.7435423855,29.9967841282845,203.441586257277,0.0315439359999994,40.0076742406853,1.42700642421267,1.08447850937579,9.27533426306145,-0.415701998932958,NaN,NaN,NaN,NaN,15.3213300815,1.85330447626851,6.56877226626633,40.8653481108837,7.27174820384355,14.7109347261175,0.226978046963391,,1301.59493351951,30,203.700008678623,0.0683378780000004,20.0197670508093,1.32971433665611,1.49490359714086,7.38155681943737,-0.424481347522469,NaN,NaN,NaN,NaN,14.617406039,2.76502712649834,6.24158296651919,6.5742112406097,7.27172154132441,14.5112473726269,1.12280637667623,,1298.94628304905,30,203.905272727372,0.122077679999999,10.0133773150212,1.09960602436473,3.26366000667121,4.71954174650905,-0.396480347985245,NaN,NaN,NaN,NaN,14.9407535566667,3.52991382460853,4.95409825504559,4.04803750567427,7.27237771079866,10.5081469957537,1.16588516081996,,1297.23947456904,30,203.862452983776
9.16666666666667,5.411387014,0,5.445590382,0.747758885206142,0,-0.270488955025247,NaN,NaN,NaN,NaN,18.1201924143333,0.0969719707684572,NaN,NaN,6.47365187635729,3.1211465731437,NaN,,1300.79132429242,30,213.641102469286,1.166604908,0,2.62285994231001,0.545524921565495,0,-0.236205946491947,NaN,NaN,NaN,NaN,20.3469969701667,0.021040172261796,1.93346497372902,NaN,7.4723565275368,4.13602726977759,NaN,,1300.00669984604,30.0035147842752,206.573493652243,0.0282131980000005,60.0330012203246,1.45331912660799,1.49587331911053,9.8889722785659,-0.476532748782329,NaN,NaN,NaN,NaN,21.3279721691667,1.27027464826292,6.02484328243325,31.2222818435188,7.27200751442818,13.5145176191203,0.31673253014229,,1299.24012599193,29.9964704348766,203.448513366981,0.0315439359999994,40.0078463851735,1.43638116958127,1.07234653923391,9.24772774798014,-0.4139192271244,NaN,NaN,NaN,NaN,14.2371900650463,1.84895551166873,6.57648089235441,41.2487888686037,7.27160761292436,14.7248413933603,0.224198343933801,,1299.80363938152,30,203.707408410843,0.0683378780000004,19.9919776219806,1.33881877473471,1.48309929235302,7.40219927340557,-0.430401094376324,NaN,NaN,NaN,NaN,14.8008358621242,2.77264385584374,6.23168076731322,6.58149775756699,7.27185434876965,14.4934593315337,1.12469955233503,,1299.4291784073,30,203.913321010984,0.122077679999999,9.98824099027732,1.10624851966094,3.26246332025821,4.73708328170345,-0.396372894007625,NaN,NaN,NaN,NaN,15.4014243863333,3.54201204557313,4.9376460668871,4.04916630998273,7.27168806154046,10.4788451402592,1.16989160297659,,1299.57236935758,30,203.868462214545
9.25,5.411387014,0,5.44569620876732,0.745690776240847,0,-0.268583149871884,NaN,NaN,NaN,NaN,18.2012554631667,0.0961754182969579,NaN,NaN,6.47363031143524,3.11491965671163,NaN,,1302.1550211134,30,213.641107140082,1.166604908,0,2.62667762300562,0.544591442652697,0,-0.232464847949937,NaN,NaN,NaN,NaN,18.133971274,0.0209999997168779,2.13570123951221,NaN,7.47233601815211,7.24348455931005,NaN,,1300.21939876113,30.0100002288818,206.577307809871,0.0282131980000005,60.0555107519024,1.46333657435193,1.49505372140783,9.90322871318714,-0.478879026704472,NaN,NaN,NaN,NaN,18.1244999341667,1.2720545052316,6.03065092770234,31.4766256034256,7.27216137720734,13.524939253955,0.314625127291022,,1299.61376193496,29.9920282612987,203.455454236861,0.0315439359999994,40.0355681150767,1.44678863709022,1.06483647404664,9.25289235381172,-0.416491073576266,NaN,NaN,NaN,NaN,13.7155432824537,1.85104160214486,6.56709876047102,41.6566035063209,7.27179362234602,14.7079220721088,0.222125429340517,,1299.4018707512,30,203.71583593255,0.0683378780000004,19.9990214625849,1.34558686961639,1.48369934073796,7.40391992023322,-0.42929921541626,NaN,NaN,NaN,NaN,14.4278476654806,2.7749506321731,6.39272333518977,6.59107627695993,7.27163046978981,14.7834162363285,1.12332646011081,,1299.4294385251,30,203.919130653809,0.122077679999999,9.99907463508644,1.11289342126737,3.25673963057848,4.74391658893551,-0.396162832794103,NaN,NaN,NaN,NaN,14.8796976978333,3.54726836576727,4.94656646328118,4.037739546088,7.27252326806216,10.4947280883479,1.1748957925186,,1300.90687542623,30,203.874683756555
9.33333333333333,5.411387014,0,5.45073144668123,0.726921942337555,0,-0.268346505266282,NaN,NaN,NaN,NaN,17.7987697786667,0.095943057429849,NaN,NaN,6.47542460481265,2.99200592948251,NaN,,1297.58304246697,30,213.646242354182,1.166604908,0,2.63525286124983,0.545757601078783,0,-0.231586168087873,NaN,NaN,NaN,NaN,16.9019747333876,0.0209598847861359,2.01703962136004,NaN,7.47230867603984,7.00638957718141,NaN,,1300.93735750337,30.0100002288818,206.5857827824,0.0282131980000005,60.0127874655296,1.47277001638131,1.46764176219351,9.96055004259346,-0.475981388088572,NaN,NaN,NaN,NaN,17.758479771,1.28021343541017,6.14999906044767,31.7866293026408,7.27183855856583,13.7394559341603,0.313359612828546,,1299.23896753046,29.999498261985,203.461820509296,0.0315439359999994,40.0072820569182,1.4580509353551,1.08896403508246,9.27506710702363,-0.415056371395089,NaN,NaN,NaN,NaN,13.959931125,1.85672672929619,6.61315869311996,42.0029971490434,7.27200344283737,14.7910458963772,0.220821157773949,,1299.9822002457,30,203.725125406053,0.0683378780000004,20.0150899874217,1.35448444807316,1.48148301135115,7.42272932378294,-0.428011737199197,NaN,NaN,NaN,NaN,14.7685470553952,2.78139178225266,6.38687219279272,6.57533858185174,7.27216837143816,14.7728723741731,1.12887585631464,,1300.14780816113,30,203.926873268059,0.122077679999999,10.004242175618,1.117578782,3.23367790976675,4.75403782991578,-0.391314733346274,NaN,NaN,NaN,NaN,14.7584506386667,3.5558494824061,4.92216018455763,4.04658206761471,7.27317080743537,10.4512381069021,1.17483023899878,,1300.95255184074,30,203.878943101232
9.41666666666667,5.411387014,0,5.4516064539291,0.733135933881256,0,-0.266235096818423,NaN,NaN,NaN,NaN,17.6254088737534,0.0950803996195608,NaN,NaN,6.47446495809927,3.06808965071712,NaN,,1299.2691759365,30,213.647016963917,1.166604908,0,2.64190125824098,0.552662489395179,0,-0.233183163483566,NaN,NaN,NaN,NaN,18.0574536762791,0.0208794014221103,2.13850575770778,NaN,7.47298005210077,5.50676191888984,NaN,,1298.24211615668,30.0054016626147,206.592534882316,0.0282131980000005,60.0507801721951,1.48476534979966,1.50099175349303,9.91612958824491,-0.476102693201835,NaN,NaN,NaN,NaN,17.9601922768333,1.2748770482931,6.14598330674184,31.9054674861885,7.27177604615834,13.732231503277,0.310803238531493,,1302.55609487179,30,203.470748178373,0.0315439359999994,40.0266884916748,1.4670699377889,1.0934125206465,9.25092699979303,-0.415000168818037,NaN,NaN,NaN,NaN,14,1.85372302892038,6.75553997075942,42.4653398997399,7.27183842126275,15.048226985166,0.217849494193394,,1300.6974188499,30,203.732176420277,0.0683378780000004,20.0018107433594,1.36135318936387,1.4790784037966,7.43906454444638,-0.429832579627756,NaN,NaN,NaN,NaN,14.8810617053333,2.78754176314503,6.40926964326284,6.59744754008849,7.27155445426542,14.8132924237517,1.12757100369304,,1299.7709810867,30,203.932785181896,0.122077679999999,9.98611529593314,1.12184848640051,3.25716524749152,4.78310093129125,-0.394140254339876,NaN,NaN,NaN,NaN,14.7617245523694,3.57611177264934,4.99112437297007,4.05681710139239,7.2726611717122,10.5741393114636,1.17902902139573,,1299.52553034098,30,203.882555258417
9.5,5.411387014,0,5.455777376,0.73104256402696,0,-0.266726206631554,NaN,NaN,NaN,NaN,17.4809109028434,0.0945498008563901,NaN,NaN,6.47456135930351,3.11515077846976,NaN,,1300.75006450195,30,213.651289463286,1.166604908,0,2.643193132,0.544519982160113,0,-0.233282498544299,NaN,NaN,NaN,NaN,19.0937280165,0.0208794635082871,2.09237001926033,NaN,7.47245053308764,5.08231466630581,NaN,,1298.02218107878,30,206.593925663376,0.0282131980000005,59.9924182162153,1.49456954903735,1.51452648114408,9.90813630223846,-0.476173492527753,NaN,NaN,NaN,NaN,17.8995775638479,1.27465009985593,6.17433718512206,32.1953752681619,7.27192360529249,13.7832250442782,0.307752842452597,,1301.18874608179,30,203.477481507111,0.0315439359999994,39.9726944530689,1.47700170719279,1.07091199003674,9.25037790367008,-0.414387911377585,NaN,NaN,NaN,NaN,13.7991885006667,1.85554422561542,6.72220095390589,42.7174284695811,7.27184038675911,14.9879927324104,0.216549537843037,,1299.39066791268,29.9996014389579,203.74013646192,0.0683378780000004,19.9650644267546,1.37021542355747,1.46768691359838,7.46317676277049,-0.424990704847544,NaN,NaN,NaN,NaN,14.3534031661419,2.7980923452955,6.56722178364966,6.62242019350976,7.27204393563357,15.0980488056266,1.12695709296612,,1300.05881401,30,203.940495630024,0.122077679999999,9.99619300694929,1.12754755975237,3.2513776720143,4.80948584610558,-0.39474149286715,NaN,NaN,NaN,NaN,14.9254773955827,3.59782138869395,5.03716009930803,4.10279288336771,7.27286927171534,10.6562048642719,1.17224859456198,,1298.9614455511,30,203.887783737476
9.58333333333333,5.411387014,0,5.455777376,0.719390808235663,0,-0.266091397561465,NaN,NaN,NaN,NaN,18.3257359707366,0.0939198988756377,NaN,NaN,6.47662663157299,3.0988169897903,NaN,"Sample 1.50 mL to AMBR-96DWP-1/G1",1299.9758085567,29.9987441491899,213.396057532982,1.166604908,0,2.64742966191226,0.619308871719398,0,-0.232667417981601,NaN,NaN,NaN,NaN,19.760585783176,0.0206385664563011,2.19306133390702,NaN,7.47381077383346,7.65157378238135,NaN,"Sample 1.50 mL to AMBR-96DWP-1/G2",1299.06485581731,29.9942729750902,206.362852847153,0.0282131980000005,59.9970749829744,1.50419232151669,1.41869164470806,9.91354648345542,-0.477872782356637,NaN,NaN,NaN,NaN,17.6994734089605,1.2747289680071,6.27054949548219,32.4721382438526,7.27208596522468,13.9563621626643,0.305179704894917,"Sample 1.50 mL to AMBR-96DWP-1/G3",1300.39973081309,29.9994402355266,203.299586584757,0.0315439359999994,40.0358082851955,1.48691074229619,1.02390113155977,9.27139178589848,-0.417439003936923,NaN,NaN,NaN,NaN,13.6562501902794,1.86043806598347,6.75761871800341,43.2536722620946,7.27191792062331,15.0519876409745,0.214245060353928,"Sample 1.50 mL to AMBR-96DWP-1/G4",1302.0953345195,29.9941528948518,203.623956623514,0.0683378780000004,20.0023463255849,1.37799268599856,1.45397106132988,7.46932887328367,-0.428545282348364,NaN,NaN,NaN,NaN,14.7618713376914,2.79960746483236,6.42269954517149,6.61873108912613,7.27187097213033,14.8374115355128,1.12875251734553,"Sample 1.50 mL to AMBR-96DWP-1/G5",1301.81488080955,30,203.882766197002,0.122077679999999,9.99558399373814,1.13414847437836,3.23163091057486,4.83631382389635,-0.395676348850137,NaN,NaN,NaN,NaN,14.8366430499109,3.61334525640985,5.04985175936471,4.10175217219962,7.27286212123579,10.6788243630715,1.18030570329408,"Sample 1.50 mL to AMBR-96DWP-1/G6",1300.35440727459,29.9992654386343,203.682613488209
9.66666666666667,5.411387014,0,5.455777376,0.751614087752712,0,-0.267615684516386,NaN,NaN,NaN,NaN,17.4017794668333,0.0972959169214114,NaN,NaN,6.4774037757744,3.08357961053662,NaN,,1299.26594747385,29.9960314091599,211.857289463286,1.166604908,0,2.648160022,0.551472742593743,0,-0.235245451977857,NaN,NaN,NaN,NaN,20.5219891059907,0.0210400411679412,2.14502105121217,NaN,7.47398526687841,7.56733943253183,NaN,,1299.11280316764,29.9944723075974,204.804892553376,0.0282131980000005,59.9999054879599,1.51377797369887,1.50579833837404,9.97607249724554,-0.478197659106973,NaN,NaN,NaN,NaN,17.9193571128582,1.18914104832339,6.25599546221553,32.8461554478418,7.27192357067784,13.9301435638953,0.300136456378353,,1299.96569190267,29.9981503244419,201.696560786079,0.0315439359999994,39.9752879834475,1.49527199420084,1.09407797176811,9.33382542525575,-0.41831079384435,NaN,NaN,NaN,NaN,13.7811942285539,1.71562900620204,6.81666821717738,43.8667538767405,7.27177907472197,15.1588603295095,0.207924331306959,,1300.37236225416,29.9966073096059,201.960473190535,0.0683378780000004,20.0089944526143,1.38566610997933,1.49204536781632,7.51890259060061,-0.426680638810466,NaN,NaN,NaN,NaN,14.5983693638402,2.52224387981545,6.49096051566048,6.65368920057489,7.27196983305944,14.9604850964949,1.14683288249447,,1300.61130374233,29.9987956833643,202.159936137883,0.122077679999999,9.99830783874094,1.14077535831734,3.25433238092895,4.81379039381625,-0.394471425720717,NaN,NaN,NaN,NaN,15.0374040888037,3.321358831453,5.11756638302289,4.05378207917689,7.2734973329291,10.7995949455801,1.22004466677828,,1299.37444281784,29.9983296507213,202.105924069669
9.75,5.411387014,0,5.455777376,0.744384919462195,0,-0.269417012314888,NaN,NaN,NaN,NaN,18.0064942705101,0.102873549087145,NaN,NaN,6.47543705863331,3.10823669788888,NaN,,1300.99863180103,30,211.857289463286,1.166604908,0,2.648160022,0.553852172409142,0,-0.231664377969634,NaN,NaN,NaN,NaN,20.3213574851667,0.0208835595808439,2.14123207971859,NaN,7.47322854807546,7.56068161330207,NaN,,1299.90436506905,30.0012684674611,204.804892553376,0.0282131980000005,59.9831141423396,1.52498511362081,1.52988124917876,9.85671157035231,-0.477386632542548,NaN,NaN,NaN,NaN,17.919762478,1.25870629590401,6.42908849638702,32.9513206728976,7.27162009533763,14.2419541228784,0.299128894573177,,1299.41721774953,30,201.704602800385,0.0315439359999994,39.9586761056551,1.50527975840569,1.08080512973403,9.13610096412903,-0.414187345716867,NaN,NaN,NaN,NaN,13.7998473525891,1.82169099081669,6.95765772064248,43.7947422066852,7.27179463159339,15.4138563863773,0.208611703518625,,1301.17206002506,30.0016047150598,201.968506859461,0.0683378780000004,19.9685495457675,1.39262267120389,1.48520962218224,7.00426256213433,-0.426682493970015,NaN,NaN,NaN,NaN,14.4790066949931,2.60143218274891,6.59186863614825,6.03711870605626,7.27162175627417,15.1425192897573,1.16022633179549,,1299.16961540066,30.0036153541837,202.165737946058,0.122077679999999,10.0035617356871,1.14262749,3.25664269924906,4.36999107935072,-0.389695331736381,NaN,NaN,NaN,NaN,14.9994050086667,3.23626396299357,5.07294389560299,3.48447260422453,7.27313387482541,10.7200065378732,1.2540809960259,,1300.92457939594,30,202.107348405704
9.83333333333333,5.411387014,0,5.455777376,0.739772818477658,0,-0.263957446727136,NaN,NaN,NaN,NaN,17.9912945057307,0.106462168501155,NaN,NaN,6.47674727669216,3.03721452097707,NaN,,1300.26462994338,30,211.857289463286,1.166604908,0,2.648160022,0.551813327609442,0,-0.233520934850321,NaN,NaN,NaN,NaN,19.6798468265,0.020841918010564,2.07091169913184,NaN,7.4718111352441,6.92176663872095,NaN,,1301.56542280688,30.0047433822077,204.804892553376,0.0282131980000005,60.0162808787631,1.53592173040833,1.48094426308565,9.99002805271852,-0.47522730436905,NaN,NaN,NaN,NaN,18.2406778493333,1.27576420434029,6.44838364954797,33.3845993393689,7.27194036496701,14.2766846026857,0.299244426828805,,1300.68198995035,30,201.71267896263,0.0315439359999994,40.002239816343,1.5150619138701,1.09990424802754,9.33185285035391,-0.419511319734163,NaN,NaN,NaN,NaN,14.0282635033269,1.86140965482037,6.90358381880689,44.2749926425663,7.27175518001286,15.3160294978199,0.210773954863297,,1300.25886740745,30,201.976328934677,0.0683378780000004,19.9934652794015,1.4019776787099,1.48460547272938,7.31608405157521,-0.425102021918577,NaN,NaN,NaN,NaN,14.3178074227899,2.71989050074873,6.55968492166057,6.37953164010947,7.27165629337984,15.0844459869751,1.14688208964015,,1300.85366320983,30,202.174039042053,0.122077679999999,9.99295395947014,1.14652526324839,3.23682176870667,4.60105198001675,-0.396875103769771,NaN,NaN,NaN,NaN,14.9555969656667,3.40551332295546,5.11596817911435,3.67444735207432,7.27191909387349,10.7967409277779,1.25230486048002,,1299.27812450752,30,202.110611240959
9.91666666666667,5.411387014,0,5.455777376,0.728305710814552,0,-0.268330804711481,NaN,NaN,NaN,NaN,17.7620856119259,0.108272182899032,NaN,NaN,6.47715971917119,3.11128906759128,NaN,,1298.68193457639,30,211.857289463286,1.166604908,0,2.65271419461123,0.551370192054502,0,-0.232093858701786,NaN,NaN,NaN,NaN,20.1948472528333,0.0207131828785486,2.10224794072638,NaN,7.47355970374826,4.75759164297541,NaN,,1299.73319886675,30.0084507185955,204.809348120021,0.0282131980000005,59.9928307705032,1.54613314490596,1.51725128019806,10.0121339278858,-0.475629754246602,NaN,NaN,NaN,NaN,18.0045186160449,1.27916904325,6.43632557716517,33.6592594267254,7.27197306262044,14.2549934250854,0.297457004348283,,1302.59571375234,30,201.719627394419,0.0315439359999994,39.9947981953357,1.52630665039816,1.09132421333313,9.36103786301855,-0.415768851420757,NaN,NaN,NaN,NaN,13.2417343752506,1.86846494160455,6.92861806822474,44.8564116385998,7.27207456186871,15.3612905594409,0.208689721367178,,1299.865340606,30,201.985609270217,0.0683378780000004,19.964443566526,1.41068252826788,1.47081038307423,7.44411278822342,-0.426982261652785,NaN,NaN,NaN,NaN,14.5181558625435,2.76794977438584,6.61064206314785,6.56139901522038,7.27206531253074,15.1764087924174,1.13454943598555,,1298.32503863563,30,202.181789138744,0.122077679999999,10.0048073190494,1.15239547720687,3.2187222573274,4.73967310860467,-0.393686440228799,NaN,NaN,NaN,NaN,15.004410606,3.50897476467422,5.1099920064837,3.82301697837207,7.27234061285363,10.7860827294268,1.23979719069292,,1299.47998002567,30,202.115854060042
10,5.411387014,0,5.455777376,0.742947578371542,0,-0.268861930216553,NaN,NaN,NaN,NaN,17.0911794713333,0.109080011007161,NaN,NaN,6.47838705667385,3.16895336924169,NaN,,1300.14237362795,29.9979899570065,211.857289463286,1.166604908,0,2.653126912,0.545696519355073,0,-0.232608928138817,NaN,NaN,NaN,NaN,21.112031893,0.0205679179087209,2.11731463304678,NaN,7.47225171546484,7.51884255436763,NaN,,1300.1963118408,30.0004001211795,204.809859443376,0.0282131980000005,60.0189083218332,1.55671702485255,1.51451502261656,9.99840064887715,-0.476340926751437,NaN,NaN,NaN,NaN,17.9553905826218,1.27816901403936,6.56557433623631,33.9369018280969,7.27191279718449,14.4880384340281,0.294622219663337,,1301.10305773569,30,201.727250607335,0.0315439359999994,39.9794041147733,1.53492161791885,1.09047575082867,9.34143673688272,-0.415706354670812,NaN,NaN,NaN,NaN,13.7267306843333,1.86580644427146,7.11803815507221,45.14024867108,7.27166882958985,15.7044509355664,0.206945988006868,,1300.6565293353,30,201.992365841966,0.0683378780000004,19.9873594353192,1.41873770461812,1.47883424090366,7.4980794385237,-0.424531869897634,NaN,NaN,NaN,NaN,14.7190046681667,2.7897887260065,6.68856382369584,6.65931059396996,7.27185424585368,15.3171123311443,1.12595764939503,,1301.9450507296,30,202.188688287062,0.122077679999999,10.0015841109721,1.16015889728619,3.2389638924355,4.81961686125549,-0.393268849756003,NaN,NaN,NaN,NaN,14.719444192,3.56880296670358,5.15811878834333,3.93828184150539,7.27331939100695,10.8719578825592,1.22388465880366,,1300.07589689878,30,202.123188946577
10.0833333333333,5.411387014,0,5.455777376,0.745350473703555,0,-0.264764664786751,NaN,NaN,NaN,NaN,17.1202275613333,0.109321054235216,NaN,NaN,6.47861479118046,3.11154713723902,NaN,,1300.38772188223,29.9975879783961,211.857289463286,1.166604908,0,2.65549788136344,0.562876258708821,0,-0.230321979391482,NaN,NaN,NaN,NaN,20.565862378902,0.0204816389012453,2.11117282730306,NaN,7.47260750465068,4.42018600108097,NaN,,1298.95446219215,30,204.812128538982,0.0282131980000005,59.9785412916642,1.56874520726699,1.49831904187776,10.0068885732632,-0.476045428545954,NaN,NaN,NaN,NaN,17.6786119493333,1.27973922701005,6.58942402114332,34.3091681718044,7.2723690818624,14.5310760179564,0.291669377806788,,1300.97221880635,30,201.736217590186,0.0315439359999994,40.0402519070913,1.54438255078776,1.0811703921985,9.37560745929599,-0.413548221092421,NaN,NaN,NaN,NaN,13.9551401453357,1.87308739643321,7.08752103180273,45.4901688858021,7.27180264699316,15.64914634131,0.20610366870226,,1299.88872286922,30,201.999763580039,0.0683378780000004,19.9872951993494,1.42700485824958,1.47273492198735,7.55110953438572,-0.427834344397495,NaN,NaN,NaN,NaN,14.9195060043333,2.80763504679557,6.71256993756733,6.71903757067886,7.27173299664709,15.3604806586709,1.12384142174347,,1300.81827923915,30,202.195948335899,0.122077679999999,9.99197772500703,1.16558368907782,3.23635307432541,4.86476915883557,-0.393588730028304,NaN,NaN,NaN,NaN,15.0002238836667,3.6028092490036,5.13538285653034,4.02007152158966,7.27328140195345,10.8313796564073,1.21013951184602,,1299.49657254183,30,202.12808711446
10.1666666666667,5.411387014,0,5.455777376,0.748444965540301,0,-0.266292838537319,NaN,NaN,NaN,NaN,17.200929568635,0.109361207134694,NaN,NaN,6.47751737819815,3.13740011024149,NaN,,1297.78084969522,30,211.857289463286,1.166604908,0,2.658191192,0.55603507317475,0,-0.231885995780493,NaN,NaN,NaN,NaN,20.2775726254314,0.0201841946531592,NaN,NaN,7.47393573193883,3.28025951439962,NaN,,1299.15862290495,29.997995077927,204.814923723376,0.0282131980000005,60.0008657815595,1.57868859920887,1.53986433644355,10.0092338158481,-0.478478526917822,NaN,NaN,NaN,NaN,18.028570387684,1.28050154580434,6.63948333875957,34.4280133970178,7.27207892180127,14.6214469051706,0.290731249847787,,1299.19931152281,30.0006870410516,201.743109595435,0.0315439359999994,39.9911950814626,1.55373656243026,1.06790873678861,9.36875310585054,-0.41502033555355,NaN,NaN,NaN,NaN,13.604069236831,1.87380643613262,7.18282290488291,45.9795136302351,7.27215985253796,15.8219410376565,0.203763145696622,,1299.34590242052,29.9984650608441,202.00716011483,0.0683378780000004,20.0083937334798,1.4362794751795,1.48663095887358,7.58386974977534,-0.424847638245792,NaN,NaN,NaN,NaN,14.6784349191667,2.82033548031545,6.74483119667237,6.7656184887482,7.2717744676342,15.4187681037307,1.12094472090903,,1300.12479166213,30,202.20417930607,0.122077679999999,10.0077837265758,1.17047315841458,3.25428424608991,4.89659497977282,-0.393271630043566,NaN,NaN,NaN,NaN,14.886629656,3.62735942359142,5.18097082825236,4.06902886609547,7.27244154319215,10.9127335585753,1.20338685935074,,1299.82717117041,30,202.132450674429
10.25,5.411387014,0,5.455777376,0.749822705419933,0,-0.0678879955520033,NaN,NaN,NaN,NaN,17.5623551283775,0.108864653326596,NaN,NaN,6.47627397338038,3.1163513512064,NaN,,1300.21519395619,30,211.857289463286,1.166604908,0,2.65929778065814,0.557424176229637,0,-0.231595316924815,NaN,NaN,NaN,NaN,21.1200655501667,0.0201772416595153,NaN,NaN,7.47229733051845,3.23554989969784,NaN,,1299.08962182993,30,204.815929312256,0.0282131980000005,59.9971609419756,1.58803872467199,1.53355389992787,9.98045013663751,-0.479487078471548,NaN,NaN,NaN,NaN,17.9050821413146,1.27707068699918,6.79335138387623,34.6902646088603,7.27203957964536,14.8994783346296,0.287702942591419,,1299.43513330659,30.0088091623726,201.749393479204,0.0315439359999994,39.9596207115593,1.56272700110425,1.07775044593218,9.35478909486394,-0.413543341482109,NaN,NaN,NaN,NaN,13.9194044281667,1.8740960496251,7.16846198643276,46.6100094121911,7.27204063889477,15.7958843429839,0.200705880105932,,1299.36826693532,29.9999301702048,202.014195300159,0.0683378780000004,20.0027875653223,1.44551754970229,1.48547523781577,7.59318833580826,-0.424230092076775,NaN,NaN,NaN,NaN,14.7990133933333,2.82202919761614,6.81022195260936,6.79262210526727,7.27209222528439,15.5369781870389,1.11786071421141,,1300.32902333172,29.9987925826351,202.212306194975,0.122077679999999,9.99600820286299,1.17516707253406,3.25359754690976,4.92818720389171,-0.390281987802454,NaN,NaN,NaN,NaN,14.9878603893333,3.6504049217269,5.20175043672023,4.09846386239644,7.27272026213874,10.9498237771976,1.20244963596521,,1300.58068901601,30,202.136611194603
10.3333333333333,5.411387014,0,5.455777376,0.743330396827709,0,-0.269496719137295,NaN,NaN,NaN,NaN,18.2659716638209,0.108842949691641,NaN,NaN,6.47718280347868,3.11985802122799,NaN,,1297.18707078226,30,211.857289463286,1.166604908,0,2.663216516,0.554823790589595,0,-0.234313313920589,NaN,NaN,NaN,NaN,21.754025493,0.0201607702706509,2.15693065556726,NaN,7.47284451008462,4.63634667528833,NaN,,1296.65660837972,30,204.819949047376,0.0282131980000005,59.9646286940503,1.59829888868475,1.49189625120429,10.0513290237419,-0.473293020292168,NaN,NaN,NaN,NaN,17.8263284758347,1.28693289847413,6.96418272579157,34.8358359099364,7.27193641694203,15.2085430552383,0.288534458321595,,1300.90144256848,30.0057688487838,201.756598593793,0.0315439359999994,40.0017749278199,1.57201162839898,1.08835727859213,9.34239421807149,-0.414202521716731,NaN,NaN,NaN,NaN,13.45090661593,1.87293608874027,7.20063001375443,46.8165570582083,7.27206772749677,15.8542458717403,0.1995561678948,,1299.42516224806,30,202.021524317085,0.0683378780000004,20.0182276677081,1.45234027771391,1.48870977719705,7.57908779485961,-0.423519019702389,NaN,NaN,NaN,NaN,14.919034644,2.81731238281245,6.78758237453058,6.75464477183681,7.27180249692037,15.4960657586523,1.12205979183486,,1296.9301588569,29.9908028358251,202.218184452703,0.122077679999999,10.0026860514737,1.17998943733978,3.26469525209234,4.95061909841094,-0.39033012536939,NaN,NaN,NaN,NaN,15.124765198,3.66724427493145,5.27280238267055,4.11455257147092,7.27197549330649,11.0766908281796,1.20319799264451,,1300.66421885736,30,202.140885335785
10.4166666666667,5.411387014,0,5.455777376,0.745461073663406,0,-0.264558404657174,NaN,NaN,NaN,NaN,17.8290450886667,0.108041659299048,NaN,NaN,6.47537425731396,3.19689036065777,NaN,,1299.41598829093,30,211.857289463286,1.166604908,0,2.66729220858645,0.544678287843208,0,-0.191579042327355,NaN,NaN,NaN,NaN,21.6713016192469,0.0199999995529652,2.25238416903942,NaN,7.47316703847226,5.23426220018727,NaN,,1299.46705121338,29.9982926969938,204.823924478588,0.0282131980000005,59.9827321829627,1.60887028287582,1.49124274953106,10.060192588303,-0.477919773664747,NaN,NaN,NaN,NaN,17.9996344821667,1.2883566474377,6.95743975922418,35.1773362289652,7.27194023460806,15.1963713503954,0.285987142145596,,1298.8619841605,30,201.764118011655,0.0315439359999994,40.0526164048454,1.58182011516579,1.10080541899026,9.33876746643879,-0.413618866872166,NaN,NaN,NaN,NaN,13.9865580134033,1.87272910571948,7.36246875907671,47.1623469378548,7.27227682835519,16.1481570300554,0.198017254978703,,1300.1809748474,30,202.029375953593,0.0683378780000004,20.0053902715058,1.45906713156793,1.48288890093646,7.5839206611438,-0.426619704622398,NaN,NaN,NaN,NaN,14.6890853181667,2.81785809645299,6.885060430803,6.72841885517203,7.27194498918348,15.6723590883322,1.12714797736602,,1300.70734335521,29.9991452272196,202.223747630733,0.122077679999999,9.98796591878439,1.18807181672266,3.25888809582198,4.96964271186947,-0.394671963702977,NaN,NaN,NaN,NaN,14.840292025,3.68132595120597,5.27494078639403,4.12925884689828,7.27309257809476,11.0805215940324,1.20352688367889,,1300.69336749785,30,202.148473058852
10.5,5.411387014,0,5.455777376,0.741798291544166,0,-0.266601720584254,NaN,NaN,NaN,NaN,18.0001587371667,0.107954231448675,NaN,NaN,6.47773975779309,3.18700494309258,NaN,,1301.39928832776,29.992359839433,211.857289463286,1.166604908,0,2.668222362,0.54132849935088,0,-0.232287931488046,NaN,NaN,NaN,NaN,17.1032201132531,0.0200087549355809,1.96845894347678,NaN,7.47239641932896,3.32797063527116,NaN,,1301.09971058145,29.9903772096467,204.824954893376,0.0282131980000005,59.9863554087446,1.61744549116188,1.50559893876553,9.98638959149935,-0.475767557206379,NaN,NaN,NaN,NaN,17.9727677304898,1.27928946569374,6.88293102279779,35.3289212028818,7.27189144770603,15.06147502684,0.282671233540774,,1300.29926861211,30,201.769642751754,0.0315439359999994,39.9877277093297,1.59016399871001,1.08168481835198,9.35317736835388,-0.416305728856893,NaN,NaN,NaN,NaN,13.6999869236667,1.87661384905399,7.2957536860217,47.6508247765192,7.27199705986657,16.0269414008778,0.196287915395906,,1299.31542128595,30,202.035865889964,0.0683378780000004,20.0025158445515,1.46604627765203,1.4841383237378,7.62235477681985,-0.424897319008452,NaN,NaN,NaN,NaN,14.8309389243333,2.83237466474614,6.85822924174634,6.76448072059024,7.27174316168995,15.6238272719813,1.12682204675803,,1299.7082178942,30,202.229768394834,0.122077679999999,9.99881150740589,1.19255116888872,3.2570212921908,4.98131909767038,-0.390845607418222,NaN,NaN,NaN,NaN,15.0400484993333,3.6919077341136,5.34096449091407,4.17618143095411,7.2720703080725,11.1984619270294,1.19279650209755,,1301.51480192392,30,202.152305764916
10.5833333333333,5.411387014,0,5.455777376,0.740268303355186,0,-0.265164619017802,NaN,NaN,NaN,NaN,16.9993080786667,0.10732586201072,NaN,NaN,6.47623097355316,3.24380531178608,NaN,,1299.54314980497,29.993181156901,211.857289463286,1.166604908,0,2.67148557986824,0.551652970834954,0,-0.151932139786431,NaN,NaN,NaN,NaN,16.9635924103157,0.0200314784427777,2.1526309136625,NaN,7.47184301260926,5.22554329253044,NaN,,1299.92026479797,29.9988827123464,204.82811578266,0.0282131980000005,59.9727708045081,1.62672836035301,1.51572608792369,9.97743352833245,-0.476674695744632,NaN,NaN,NaN,NaN,17.9465819976768,1.27897642050248,6.97484612943431,35.4697012273065,7.27228696599849,15.2278831026859,0.281295923769037,,1300.67833110439,30,201.775852752157,0.0315439359999994,39.9896816308903,1.59865949827235,1.08815507318939,9.35981631054813,-0.413755890279135,NaN,NaN,NaN,NaN,13.6425151415,1.87998265098766,7.45908811596391,47.9252406216229,7.27219268089577,16.3237717133025,0.195309138976993,,1300.47425156168,30,202.042312919774,0.0683378780000004,19.9823535239371,1.47442562490337,1.47950380703871,7.64372884853741,-0.424528147803451,NaN,NaN,NaN,NaN,14.8397127266667,2.84065886546146,6.94170959288097,6.79765847699098,7.27206810751479,15.7748943066831,1.12446647239913,,1296.31835562577,30,202.236992568376,0.122077679999999,9.99753894614621,1.19980180701811,3.26661389127993,4.99760399516656,-0.392098249830978,NaN,NaN,NaN,NaN,14.9840166997197,3.703727651078,5.36204022862978,4.1889762541207,7.27295444538352,11.2361240108481,1.19304243171967,,1300.90527734844,30,202.159131096853
10.6666666666667,5.411387014,0,5.455777376,0.743317419463273,0,-0.268365054262269,NaN,NaN,NaN,NaN,17.3134235001667,0.107170843615869,NaN,NaN,6.47703962082598,3.20073557361255,NaN,,1300.98522793119,30,211.857289463286,1.166604908,0,2.67766258281765,0.552706999751661,0,-0.231426171929747,NaN,NaN,NaN,NaN,17.1160604991843,0.0199258440114345,2.19628263761914,NaN,7.47276462734161,4.44316977097591,NaN,,1299.79220440086,30,204.834296424581,0.0282131980000005,60.0320154567908,1.63680152414857,1.5159887842154,10.0173636433339,-0.477845462295154,NaN,NaN,NaN,NaN,18.0066107768598,1.2832004047817,6.93080828497611,35.7562765420465,7.27206641096195,15.1481336392036,0.280159788896579,,1298.92392932017,30,201.78289443581,0.0315439359999994,40.0271192389053,1.60338812060827,1.06793448222993,9.35565237034707,-0.41619494208978,NaN,NaN,NaN,NaN,13.9342862631667,1.88105798132496,7.41127623381647,48.3799417990651,7.27226664230434,16.2368617618159,0.19337970209412,,1300.96489343972,29.9951961735019,202.045190435889,0.0683378780000004,19.975702681227,1.48252264505906,1.4951857110147,7.6432600602423,-0.426019572316571,NaN,NaN,NaN,NaN,14.759843155,2.84152736827507,6.96202336087363,6.77918964450257,7.27193452305786,15.8116537090196,1.12746038199097,,1300.82490366029,30,202.244026915194,0.122077679999999,9.99645488824651,1.2062017200273,3.28552347347312,5.00500642707897,-0.395596654217464,NaN,NaN,NaN,NaN,14.9741977063644,3.70880219255955,5.28382992172349,4.18437176322671,7.27305565772366,11.0963890372646,1.19612213178108,,1298.46072615711,30,202.165000288306
10.75,5.411387014,0,5.455777376,0.729823988125204,0,-0.261843296379261,NaN,NaN,NaN,NaN,18.0405780018333,0.106388733523641,NaN,NaN,6.47610428030335,3.16184229138567,NaN,,1301.46460657062,30,211.857289463286,1.166604908,0,2.68144697653392,0.557411665638587,0,-0.189592494190607,NaN,NaN,NaN,NaN,17.5088870421667,0.0199533582861958,NaN,NaN,7.47284211203855,3.27478449328593,NaN,,1299.96108206028,30,204.838078491902,0.0282131980000005,60.0318610799464,1.64723366961376,1.52640910080062,10.045274265561,-0.473864488470908,NaN,NaN,NaN,NaN,17.9126389713069,1.28735823341795,7.05481354743357,35.9675664363403,7.27207801228354,15.3727344530706,0.279289208695428,,1299.75420731278,30,201.790265643545,0.0315439359999994,39.9874726878136,1.61349548143102,1.09387894806537,9.37311057863888,-0.413230115883369,NaN,NaN,NaN,NaN,13.7127381645,1.88573025542691,7.46722044817023,48.7162558472417,7.27142285055949,16.3385523461723,0.192404316620302,,1299.97197840685,29.9999885505627,202.053251972496,0.0683378780000004,20.0346188917757,1.49175010646892,1.48946571272833,7.66265726936294,-0.425008656727719,NaN,NaN,NaN,NaN,14.5833123076667,2.849710435336,6.98021034266748,6.79967440186087,7.27192759513918,15.8445978707341,1.12691673293569,,1300.09938013517,30,202.252306717935,0.122077679999999,10.0032219802398,1.21267766869628,3.27780019937627,5.00742191482671,-0.392115082614359,NaN,NaN,NaN,NaN,14.9611379185825,3.71097468374702,5.36416078511153,4.1654041014676,7.27237403031653,11.2399312036696,1.20214745288888,,1298.43629863288,30,202.170847537604
10.8333333333333,5.411387014,0,5.455777376,0.739341622455016,0,-0.264865327923417,NaN,NaN,NaN,NaN,17.879661305,0.106172201881448,NaN,NaN,6.47575265134488,3.20752092616729,NaN,,1299.11638626067,30,211.857289463286,1.166604908,0,2.68328441585002,0.560711700296619,0,-0.231977667254791,NaN,NaN,NaN,NaN,18.3687002442391,0.0199197950003186,NaN,NaN,7.47178156322348,3.31500363155893,NaN,,1301.18247307772,30,204.840011387376,0.0282131980000005,60.0059338997694,1.65623634315401,1.51124953590071,10.0004492826113,-0.470470277545652,NaN,NaN,NaN,NaN,18.0002881873333,1.28193231841727,7.12136742055509,36.2122658763793,7.27231851049144,15.4933598396813,0.276162639493599,,1299.92825146864,30,201.796312997778,0.0315439359999994,39.999925620548,1.62629671169652,1.07034614909491,9.36054875636678,-0.411267860367982,NaN,NaN,NaN,NaN,13.5643272248333,1.884660465893,7.41148792843446,49.0320803752102,7.27160840499355,16.2372223557727,0.190908670693842,,1299.9215277889,30,202.064007751962,0.0683378780000004,19.9658000604613,1.50000706090351,1.50079467091993,7.67369268767992,-0.424980026685659,NaN,NaN,NaN,NaN,14.8537532413333,2.85167217302746,7.12210874528007,6.81206470989807,7.27185353115195,16.1017711103337,1.12648686069591,,1300.6293085508,30,202.259409731617,0.122077679999999,9.98681807063427,1.218338476,3.28260917458443,5.01108640646448,-0.393598155678219,NaN,NaN,NaN,NaN,14.9601598691667,3.7123825623138,5.3579078675084,4.16438142980234,7.27278265573574,11.2287383846801,1.20332441959624,,1299.74646273183,29.999867720472,202.176180321424
10.9166666666667,5.411387014,0,5.455777376,0.738678387156825,0,-0.267139592544308,NaN,NaN,NaN,NaN,18.2201682798333,0.105677818785554,NaN,NaN,6.47575213955341,3.21223842967109,NaN,,1300.42433614146,30.0012067543193,211.857289463286,1.166604908,0,2.68822416015832,0.554437479343277,0,-0.23094226587446,NaN,NaN,NaN,NaN,18.3756986885942,0.0198790232468023,2.26384349926306,NaN,7.47247406314964,4.00407520140127,NaN,,1298.71460425051,30,204.844862149491,0.0282131980000005,59.9504922349386,1.66491484313341,1.52670011399719,10.0145826746954,-0.474599661636956,NaN,NaN,NaN,NaN,17.9898689001152,1.28533682893167,7.08967831254873,36.3044168599644,7.27216294593968,15.4359123233585,0.27585114408032,,1300.01161641533,30,201.801838977329,0.0315439359999994,39.9601236023895,1.6366190006751,1.09273499693493,9.35353883043396,-0.415345003668767,NaN,NaN,NaN,NaN,13.6387345091667,1.88604445281389,7.55590782069604,49.398182237637,7.27199674551088,16.4999545106682,0.189352330797557,,1299.74645064121,30,202.07247864953,0.0683378780000004,19.9763349045852,1.50760694073757,1.48571022183908,7.68032002913554,-0.424689266859291,NaN,NaN,NaN,NaN,14.8396173318333,2.85596472056401,7.09747302496614,6.81852612443367,7.27161201182684,16.0570706310877,1.12639180817284,,1299.34331093674,30,202.266013653519,0.122077679999999,9.99252896636595,1.22348675810041,3.30028793669871,5.01410046010221,-0.39394522530295,NaN,NaN,NaN,NaN,14.9997436023333,3.71712741535915,5.40802390749083,4.19809856687311,7.27240618521325,11.3183336471592,1.19437649169233,,1299.46720832835,29.9997294865157,202.18059567796
11,5.411387014,0,5.45936531149048,0.742267264133778,0,-0.266305069762012,NaN,NaN,NaN,NaN,18.7429846468333,0.104883482544545,NaN,NaN,6.47469054994827,3.19511829079697,NaN,,1297.54284164135,30.0016045474731,211.860789192293,1.166604908,0,2.69316231344073,0.559054442391354,0,-0.233543698860202,NaN,NaN,NaN,NaN,17.1826139563333,0.0197594195446977,2.21332839149786,NaN,7.47190321849801,3.44392082515886,NaN,,1301.79582629786,29.995366994033,204.849785859064,0.0282131980000005,59.9999942394266,1.67429423289968,1.50923679774305,10.0448872790408,-0.475928777409831,NaN,NaN,NaN,NaN,17.9972581168638,1.28877480626411,7.23727607255996,36.403943668967,7.27207966686905,15.703653057343,0.275933201789431,,1300.05334291835,30,201.808171932061,0.0315439359999994,39.9728684512837,1.6457589791556,1.08362866648265,9.34744865596038,-0.414447972263373,NaN,NaN,NaN,NaN,13.9262064606667,1.88567503403942,7.71073792514063,49.5424136484647,7.27202948012181,16.7819890447709,0.188679007287567,,1299.20323161259,30,202.079765661346,0.0683378780000004,19.9441364434419,1.51553684733534,1.49609405823152,7.6869960905652,-0.426001538778647,NaN,NaN,NaN,NaN,14.4726420959913,2.86125826582171,7.11157748018719,6.82678143154526,7.27198723463682,16.0826244685521,1.12600776842539,,1298.95988333006,30,202.272875504922,0.122077679999999,9.99457567506149,1.22968542462597,3.30689650887407,5.02408009872678,-0.393155415714772,NaN,NaN,NaN,NaN,14.8879611905962,3.72448761416511,5.42871383038653,4.18959631577988,7.27274686617981,11.3553154945664,1.19918081899615,,1299.59325784461,30,202.186366852681
11.0833333333333,5.411387014,0,5.460159926,0.7478545919457,0,-0.263361693261661,NaN,NaN,NaN,NaN,18.280295232,0.104627313640797,NaN,NaN,6.47733638704149,3.27156134515068,NaN,"Sample 1.50 mL to AMBR-96DWP-1/H9",1300.08376033631,29.9974610607863,211.715622768698,1.166604908,0,2.69860649223873,0.553143968566078,0,-0.228020145574577,NaN,NaN,NaN,NaN,17.8621861692081,0.0197189344882284,NaN,NaN,7.47338135965815,3.22302978323746,NaN,"Sample 1.50 mL to AMBR-96DWP-1/H10",1299.83105621501,29.9899997711182,204.728855207928,0.0282131980000005,59.9723845606459,1.68394757874145,1.45100174896568,10.0463856254776,-0.47377974241315,NaN,NaN,NaN,NaN,18.0935218320211,1.28948354135663,7.24145519726181,36.6777043469717,7.27192048410451,15.7112144809022,0.273822416136191,"Sample 1.50 mL to AMBR-96DWP-1/H11",1299.93392545227,29.9997588817864,201.711406140403,0.0315439359999994,39.994941773684,1.65476341355547,1.03155476332125,9.33796064648748,-0.413340395922106,NaN,NaN,NaN,NaN,13.7636248915,1.88544063263684,7.75409764028147,50.0908264126456,7.27245889454317,16.8610534767258,0.186293294960806,"Sample 1.50 mL to AMBR-96DWP-1/H12",1299.21446048944,29.9999860570809,202.000785060288,0.0683378780000004,20.0369008521571,1.52249883669936,1.50241723100578,7.68746663018925,-0.426148520651652,NaN,NaN,NaN,NaN,14.8804924312496,2.86028430960187,7.3137960975718,6.81631321552674,7.27159283640983,16.4496449415888,1.12808668683423,"Sample 1.50 mL to AMBR-96DWP-2/A1",1301.21552015142,29.9999538199455,202.20910894322,0.122077679999999,9.99439105104947,1.23508867058529,3.26895854056939,5.04016640295565,-0.393693194052798,NaN,NaN,NaN,NaN,15.0290220844038,3.73328338508915,5.45433377278605,4.22384713584529,7.27308221790848,11.4011332666658,1.19471978054045,"Sample 1.50 mL to AMBR-96DWP-2/A2",1300.39154894712,29.9995792147859,201.965221016971
11.1666666666667,5.411387014,0,5.460159926,0.751912561545739,0,-0.249362143374042,NaN,NaN,NaN,NaN,18.2431504673374,0.110082238135843,NaN,NaN,6.47748866237959,3.34943716779582,NaN,,1298.22624689479,29.9965082280782,210.067672013286,1.166604908,0,2.70141300560704,0.560506441791446,0,-0.233122544060934,NaN,NaN,NaN,NaN,17.4952426667919,0.0196645928233843,NaN,NaN,7.47305284983808,3.31580070464196,NaN,,1300.13503678188,29.9989625664662,203.064046968778,0.0282131980000005,60.0212842085501,1.69374895735914,1.52967110322853,10.1024667609058,-0.471788353019686,NaN,NaN,NaN,NaN,18.0406251998333,1.20944224595487,7.24048564441507,36.9299366450896,7.27213964538706,15.7094924185702,0.269387084726376,,1299.88941525296,29.9958238006666,200.027527898445,0.0315439359999994,39.9980544009989,1.66255925220632,1.09701751087896,9.41621312728875,-0.412287420268787,NaN,NaN,NaN,NaN,13.3476909675,1.73687067838907,7.832872654545,50.5062074127901,7.27186798458103,17.0047814907008,0.180862817470766,,1302.0519170106,29.99680373447,200.298599278341,0.0683378780000004,19.9558771401576,1.5300611236609,1.50987929249617,7.76137458580008,-0.422917025137052,NaN,NaN,NaN,NaN,14.6492082755925,2.58313756661412,7.30245728277655,6.87342031777037,7.27228206595943,16.4290297871099,1.14770686740579,,1300.28104712615,29.9996019220665,200.491348965563,0.122077679999999,10.0149214490569,1.24003847797378,3.3271570282999,4.99780777816205,-0.391203545242367,NaN,NaN,NaN,NaN,15.083545186,3.4131890452836,5.46344945632533,4.13681863768035,7.27403746545932,11.4174383711983,1.24191673423821,,1299.49495269469,29.9980097701366,200.4016639453
11.25,5.411387014,0,5.460159926,0.752148935163555,0,-0.217408239930806,NaN,NaN,NaN,NaN,18.1963455558562,0.117770271542392,NaN,NaN,6.47543780326038,3.3138358194039,NaN,,1299.11959458459,30.0056758923879,210.067672013286,1.166604908,0,2.704120316,0.563489621740788,0,-0.209983045519247,NaN,NaN,NaN,NaN,17.1853440758303,0.0198143338076357,NaN,NaN,7.47321604462782,3.26002496556347,NaN,,1299.27914061265,30.0097452766726,203.066852847376,0.0282131980000005,59.9423857245004,1.70362091292089,1.52267239296126,10.0317448964748,-0.473965563676025,NaN,NaN,NaN,NaN,18.1605800920636,1.27720697424287,7.399007311576,37.3582496855905,7.27205823761732,15.9974393549997,0.26852860620314,,1298.77027497884,30,200.034351494343,0.0315439359999994,40.0151903940785,1.67172286781918,1.10990737471983,9.18948524115424,-0.412590096446756,NaN,NaN,NaN,NaN,13.8970720921667,1.83964632838963,7.82192315665913,50.6645430908958,7.27205732524303,16.984829206915,0.181394511518948,,1300.36819612175,30.0046415203461,200.305826010439,0.0683378780000004,20.0129714219395,1.53539636036551,1.51350828515576,7.22812613080771,-0.423687771386151,NaN,NaN,NaN,NaN,14.5932853256667,2.66170434342725,7.32562867882119,6.23745538897681,7.27196259202848,16.4710984974234,1.15914684793771,,1299.67099579942,30.0024627986844,200.495629087087,0.122077679999999,10.0008327778332,1.243465096,3.29827231862197,4.55153114590424,-0.393800536789046,NaN,NaN,NaN,NaN,14.8392130368333,3.33861174147777,5.42817292945549,3.57874508988104,7.2736179511136,11.3543609930152,1.27181497810591,,1300.51807152857,30,200.404661954893
11.3333333333333,5.411387014,0,5.460159926,0.746466428322196,0,-0.263661992872743,NaN,NaN,NaN,NaN,18.3239584451397,0.123452738188222,NaN,NaN,6.47774441104502,3.32702471221073,NaN,,1300.05121921925,30.0067803662684,210.067672013286,1.166604908,0,2.70455614630937,0.559757455983807,0,-0.230350995186551,NaN,NaN,NaN,NaN,16.9293141792207,0.019799348889576,2.29327684087961,NaN,7.47164719351612,4.50937180651699,NaN,,1300.44152214786,30.0100002288818,203.067185922781,0.0282131980000005,60.015238359002,1.71358272789162,1.53770640211564,10.1695255407249,-0.47367003263362,NaN,NaN,NaN,NaN,18.0002186184364,1.29487084967867,7.52668043261961,37.741002382971,7.27209157153441,16.2296310750557,0.269456433888213,,1300.47940565798,30,200.041270828565,0.0315439359999994,40.0351911761835,1.68096114260731,1.07650494106019,9.36348060465674,-0.414160858497263,NaN,NaN,NaN,NaN,13.0188644350891,1.87483992207271,7.82223291594542,51.2149056991955,7.27225707197514,16.9853884827727,0.18282981736793,,1300.80506575936,30.0005758477789,200.313220579437,0.0683378780000004,20.0245616326177,1.54218095490721,1.50543499798186,7.55229680644789,-0.425058546053798,NaN,NaN,NaN,NaN,15,2.78187537542013,7.35775260295185,6.57417070023774,7.27162738106053,16.5294843403992,1.14880224455887,,1298.57385206213,30,200.501354697259,0.122077679999999,10.0147348341836,1.24743129226303,3.29301506698297,4.79357554762465,-0.389444300378277,NaN,NaN,NaN,NaN,15.0406265266667,3.51508732629264,5.52489383024752,3.76402754583712,7.27244074543493,11.5273564222157,1.2735456289891,,1300.91352570475,30,200.407998151254
11.4166666666667,5.411387014,0,5.460159926,0.760494373506436,0,-0.235992290930065,NaN,NaN,NaN,NaN,18.3211790758333,0.126717007657775,NaN,NaN,6.47740761248555,3.36612537577154,NaN,,1300.8770268843,30.0019780835287,210.067672013286,1.166604908,0,2.709184596,0.561835797228664,0,-0.222968983105932,NaN,NaN,NaN,NaN,17.6344364971157,0.0197181718744367,2.15396919109829,NaN,7.47299589180391,5.96516596763438,NaN,,1298.96142807528,30.0068302015762,203.071917127376,0.0282131980000005,59.9939731251957,1.72412845176616,1.53534927344691,10.1701117350329,-0.47342473291354,NaN,NaN,NaN,NaN,17.9201101936667,1.29537541454713,7.52217879109822,37.9767246318991,7.27197818303075,16.2214618175182,0.267799045918097,,1300.78967029037,30,200.048768254114,0.0315439359999994,40.0279743452464,1.69009762410532,1.09559439637392,9.45131008901041,-0.412785068181092,NaN,NaN,NaN,NaN,13.7179020464109,1.89305120675237,7.95405145600935,51.7455327308733,7.27216592312088,17.2261062232774,0.182650103616536,,1299.00284178093,30,200.320317762038,0.0683378780000004,19.9745905261476,1.55084746888298,1.51905951476033,7.69819804826552,-0.425402451138003,NaN,NaN,NaN,NaN,14.879906388,2.83452803882956,7.37167013617078,6.75533920112756,7.27203063186723,16.5547464854213,1.1395907337414,,1298.0697892495,30,200.508871436602,0.122077679999999,9.99652907524317,1.25482038930934,3.29779192454336,4.93965306108272,-0.392998321313918,NaN,NaN,NaN,NaN,14.879485355,3.62184188332209,5.53445714826177,3.92063338659606,7.27315452080308,11.5444685559546,1.25999114493888,,1299.93875126618,29.9969554924168,200.414753539833
11.5,5.411387014,0,5.46190845693162,0.739461345074296,0,-0.264917752193865,NaN,NaN,NaN,NaN,18.4843294166667,0.128755398477837,NaN,NaN,6.47508642393995,3.34759545701431,NaN,,1300.54156916807,30.0087957428873,210.069321983385,1.166604908,0,2.71158586948985,0.56123134188372,0,-0.229943515889567,NaN,NaN,NaN,NaN,15.7958811638333,0.0196453994232281,NaN,NaN,7.47239721664406,3.28254383265155,NaN,,1298.85999502658,30.0043655294045,203.074217387558,0.0282131980000005,59.988353412211,1.73435455865935,1.5695721194564,10.160495311145,-0.472699295658237,NaN,NaN,NaN,NaN,18.076387194179,1.29469563396099,7.56403528171028,38.0224035359851,7.27213155710289,16.2976386303634,0.267225351653775,,1300.01051613374,29.9995963788737,200.055947780196,0.0315439359999994,39.9643389656748,1.69859463321175,1.11479654772966,9.46551377873973,-0.411772694394526,NaN,NaN,NaN,NaN,13.8791309471667,1.89949377057852,7.94009713547308,52.0018624479452,7.27201168667361,17.2006170005058,0.182023985059665,,1298.09596846631,30,200.326879776446,0.0683378780000004,20.0027346340923,1.55800289912104,1.51044016498658,7.74647822429203,-0.423092607631621,NaN,NaN,NaN,NaN,15,2.85565435366842,7.48334001537616,6.82455858268912,7.27175640005131,16.7578336787493,1.13509156369758,,1299.91538192557,30,200.514968214487,0.122077679999999,10.0101166753128,1.25925363190085,3.29933871375407,5.01388399420473,-0.390695276875942,NaN,NaN,NaN,NaN,15.0266449821051,3.67672732549435,5.53703238244668,4.02223459386575,7.2728316016639,11.5490769496895,1.24656741421947,,1297.92638641717,29.998624180009,200.418758598528
11.5833333333333,5.411387014,0,5.465126816,0.745187855922811,0,-0.264825927508129,NaN,NaN,NaN,NaN,17.5316859635,0.129121220807003,NaN,NaN,6.47605412073027,3.3810547740324,NaN,,1301.72616146217,30.0025017776065,210.072638903286,1.166604908,0,2.71420992,0.565346233267734,0,-0.235533475852585,NaN,NaN,NaN,NaN,16.5680106561667,0.0193185216467092,NaN,NaN,7.47201349591169,3.40857091254866,NaN,,1301.0597310735,29.9988907506085,203.076942451376,0.0282131980000005,59.9984521082048,1.74370666115778,1.56278792583722,10.1527309689476,-0.473469891043429,NaN,NaN,NaN,NaN,18.0034499489877,1.2935751739295,7.59947877194263,38.2904366021504,7.27219131968946,16.3621428420659,0.265151813180772,,1298.66130900632,30,200.062256209648,0.0315439359999994,39.9956930393644,1.70675928532889,1.12749114068395,9.45372868598038,-0.412240993543542,NaN,NaN,NaN,NaN,13.9602993336667,1.89925783078646,8.00364354263257,52.3400979314914,7.27200601089757,17.3167172467507,0.18062144320901,,1299.07189397393,30,200.333106474828,0.0683378780000004,19.979009636819,1.56569690733248,1.51142603535541,7.76599923640867,-0.421794362907081,NaN,NaN,NaN,NaN,14.7594783281062,2.8623720308818,7.56810636456517,6.88203145575534,7.27205416795051,16.91204581631,1.1284491218047,,1299.89548860214,29.9947708686341,200.521705667862,0.122077679999999,10.0156732834645,1.2658960236607,3.28321854018969,5.05353770196834,-0.390408386077353,NaN,NaN,NaN,NaN,15.0928375390616,3.70608381101526,5.55728793542329,4.08846878066387,7.27341305364897,11.5853316963992,1.23605487602514,,1298.63839634361,30.000401933331,200.424871247063
11.6666666666667,5.411387014,0,5.465126816,0.74544047575483,0,-0.265705335208126,NaN,NaN,NaN,NaN,17.6239062683333,0.130287114157175,NaN,NaN,6.47634040439627,3.45248294733023,NaN,,1299.42116989835,30,210.072638903286,1.166604908,0,2.71420992,0.560682473404654,0,-0.23147310125417,NaN,NaN,NaN,NaN,15.8549092605066,0.0194833040082722,NaN,NaN,7.47132247638007,3.25264257495706,NaN,,1299.96431557714,29.9904048553496,203.076942451376,0.0282131980000005,60.0221366242434,1.75258468187446,1.55828053683383,10.1183072057247,-0.471823000527769,NaN,NaN,NaN,NaN,18.0790476784108,1.28961421745368,7.68027354098256,38.5325454858168,7.27175043776504,16.5093556335997,0.262592274846042,,1300.31017059622,30,200.068183653127,0.0315439359999994,40.0053724784744,1.7155941899328,1.12079822226624,9.46578974018021,-0.408077495705764,NaN,NaN,NaN,NaN,14,1.90130258069093,8.05058999331805,52.6707144555689,7.2720626951873,17.4025717276745,0.179718824701828,,1299.10635211739,30,200.340107512572,0.0683378780000004,20.0123749625782,1.57378414160542,1.50802811731781,7.7786872029058,-0.42591052551483,NaN,NaN,NaN,NaN,14.441543909792,2.8674847584847,7.65940276351081,6.89155087270947,7.27197715598791,17.0783755631423,1.12872858528761,,1302.6100443907,29.9995956982498,200.528636494878,0.122077679999999,9.99964305926481,1.27135278980396,3.24511285456653,5.08429771678534,-0.390265441336757,NaN,NaN,NaN,NaN,14.8659931786946,3.72922643889365,5.59507432980445,4.13926919268648,7.27307507285004,11.6529729142448,1.22831548972056,,1301.16681030484,30,200.429795410263
11.75,5.411387014,0,5.465126816,0.745497071086164,0,-0.266688168111238,NaN,NaN,NaN,NaN,17.7431369969189,0.130301023927512,NaN,NaN,6.47498848606132,3.46273873767722,NaN,,1299.65974459931,30,210.072638903286,1.166604908,0,2.71793015089478,0.564975821568478,0,-0.229910252963991,NaN,NaN,NaN,NaN,15.7234557432088,0.0193242553900354,NaN,NaN,7.47319306082283,3.33537047814513,NaN,,1301.39157015898,29.9899997711182,203.080562442375,0.0282131980000005,60.0051708016696,1.76193148589034,1.55117552926245,10.2109282651672,-0.473872571344112,NaN,NaN,NaN,NaN,18.0618130642559,1.30129209211361,7.61731477733374,38.6610437159069,7.27237681708987,16.394631137806,0.264116465933703,,1299.86407301262,30,200.074398227873,0.0315439359999994,39.9989113379152,1.72466777672653,1.11173191087446,9.47786981224313,-0.410820001354669,NaN,NaN,NaN,NaN,13.8388745161667,1.90649340923543,8.20342986642164,53.0189790768475,7.27225529052108,17.6823364435457,0.178764213182876,,1298.08294739501,30,200.347144704011,0.0683378780000004,19.9649629276947,1.58176026694367,1.50927319597716,7.81208399488348,-0.422742835509596,NaN,NaN,NaN,NaN,14.7990913615737,2.87917103279035,7.58484203823912,6.93113064911312,7.27162154269996,16.9425399640846,1.12710478566821,,1299.67523952863,30,200.53566061411,0.122077679999999,10.0075409198847,1.27811844837099,3.26650966255584,5.10205239287347,-0.39021170761438,NaN,NaN,NaN,NaN,14.9043917426388,3.74163729558515,5.56159453350566,4.16839994520233,7.27328364817842,11.5930395321424,1.22398590803416,,1297.96730827683,30,200.436028667415
11.8333333333333,5.411387014,0,5.465126816,0.746515718109826,0,-0.263129330702097,NaN,NaN,NaN,NaN,17.5598231155811,0.130095166584964,NaN,NaN,6.47711710254877,3.44765975165814,NaN,,1299.58639024556,30,210.072638903286,1.166604908,0,2.72154838806235,0.557350516361335,0,-0.228311733359845,NaN,NaN,NaN,NaN,15.9941470823811,0.0191554902971359,NaN,NaN,7.47284242989094,3.30863607549216,NaN,,1300.62397047227,29.9911266200575,203.0841797009,0.0282131980000005,60.001160698303,1.77115156903346,1.53543691056411,10.2122491639002,-0.477670701819034,NaN,NaN,NaN,NaN,17.8795043406667,1.30225486287484,7.75787087180887,38.9941324875294,7.27186722478625,16.6508916580748,0.261893874421762,,1300.43475714508,30,200.080577309319,0.0315439359999994,39.9735650519408,1.73361736552851,1.11579135829833,9.49013191274449,-0.410654787328213,NaN,NaN,NaN,NaN,13.6518746468333,1.90912647344258,8.16480851314273,53.2310129256457,7.27191943306364,17.6115898609639,0.178284075678457,,1301.73933478582,30,200.354167432432,0.0683378780000004,20.0153559170329,1.59059229402338,1.51349927359974,7.79974735587635,-0.422713880914483,NaN,NaN,NaN,NaN,14.4652472504884,2.87681105631771,7.66236803468639,6.92512397470726,7.27202445286463,17.0837520487465,1.12629929071339,,1303.30394178367,30,200.543372408757,0.122077679999999,9.99816665216766,1.28111193472408,3.23184440712992,5.10541919600808,-0.390844376923779,NaN,NaN,NaN,NaN,14.759257617,3.74460509551265,5.62160124812383,4.19718476664018,7.2725407036124,11.7004799138584,1.2164100940309,,1298.02537317698,30,200.438497434973
11.9166666666667,5.411387014,0,5.465126816,0.755593155702791,0,-0.263526649609183,NaN,NaN,NaN,NaN,18.170137355,0.129678676745326,NaN,NaN,6.4762208501408,3.44801951809906,NaN,,1299.92076174578,30,210.072638903286,1.166604908,0,2.72999592821416,0.555753160547938,0,-0.230043959189967,NaN,NaN,NaN,NaN,15.9362219964786,0.0190805347603233,NaN,NaN,7.47112241826726,3.30698698993838,NaN,,1300.11835093289,30,203.092269668435,0.0282131980000005,60.0029450999111,1.7813324943365,1.54006821736034,10.1940326441939,-0.47487722338225,NaN,NaN,NaN,NaN,18.1205920703333,1.30057063854859,7.85044532553759,39.2225705562644,7.272005019088,16.8197824200367,0.259906024126466,,1301.01288504016,30,200.087706992053,0.0315439359999994,39.9761788721421,1.74202719662006,1.11687618185583,9.46126730331469,-0.413385656912251,NaN,NaN,NaN,NaN,13.3623438396667,1.90613773545939,8.19376774770183,53.5297168509625,7.27168280705529,17.664652750665,0.17674924159124,,1300.40484949791,30,200.360646741167,0.0683378780000004,19.9740684621231,1.59801596458163,1.51768247310336,7.81506130804292,-0.421983813182525,NaN,NaN,NaN,NaN,14.831745190873,2.88220995224422,7.64135920996369,6.95041282679715,7.27162980361012,17.0455020488314,1.1244046900837,,1299.04773635277,30,200.549703554019,0.122077679999999,10.0095265699474,1.28568694748327,3.22967092333622,5.1141058452015,-0.390950689814127,NaN,NaN,NaN,NaN,14.9756458148333,3.75280688168437,5.63116005955459,4.21060349317655,7.27278381252313,11.7175935953901,1.21457925077112,,1300.00982880737,30,200.442544242219
12,5.411387014,0,5.46820231121218,0.748284255124625,0,-0.263826345423963,NaN,NaN,NaN,NaN,17.7589478466667,0.12975395553252,NaN,NaN,6.47454114434909,3.50156357282695,NaN,,1299.78886142279,30,210.075508934728,1.166604908,0,2.75923906781538,0.562255079472371,0,-0.230272006262048,NaN,NaN,NaN,NaN,15.9262754853353,0.0191608287402477,NaN,NaN,7.47687422014821,3.23731097181614,NaN,,1297.04714764683,30,203.121719193619,0.0282131980000005,59.9923661280423,1.79077571077128,1.56637613045468,10.1813354159633,-0.474059790165072,NaN,NaN,NaN,NaN,18.0929812429089,1.29952551613536,7.86445400877165,39.426111900254,7.27225596739187,16.8453105277886,0.258239451698292,,1299.21844216589,30,200.094110134367,0.0315439359999994,40.0218902170402,1.75051864653465,1.10797308316602,9.44950150190846,-0.414467532861204,NaN,NaN,NaN,NaN,13.4586106285,1.90429074768303,8.28169978900696,53.8334516084817,7.27210134194449,17.8257944462099,0.175533913777481,,1298.96451257512,30,200.367314720296,0.0683378780000004,20.019413625971,1.60588623693136,1.50418546763997,7.82111818007955,-0.424054348441931,NaN,NaN,NaN,NaN,14.7501750727459,2.88484455332413,7.73410486886048,6.9577030370221,7.27209135478561,17.2145011086695,1.1240960060593,,1298.51006224592,30,200.556622324938,0.122077679999999,9.98584236893065,1.29187481710277,3.23192707632062,5.13055433711105,-0.390161223300217,NaN,NaN,NaN,NaN,15.023886667,3.76441551929587,5.65334089110233,4.21216715246736,7.27241166719985,11.757320151296,1.21803692446223,,1300.40833889391,30,200.44820221824
12.0833333333333,5.411387014,0,5.475352766,0.745726427263521,0,-0.260753025193833,NaN,NaN,NaN,NaN,17.8390948048333,0.129080437097882,NaN,NaN,6.47734859087763,3.44201495470481,NaN,,1300.59615784554,30,210.082864853286,1.166604908,0,2.759768962,0.571731836628234,0,-0.230709618201483,NaN,NaN,NaN,NaN,16.0737519825896,0.0191207433783439,NaN,NaN,7.47999600658889,3.32732465998191,NaN,,1300.13889619237,30,203.122501493376,0.0282131980000005,59.9771543094699,1.79851177121805,1.56224506487783,10.2277650484776,-0.474440653058208,NaN,NaN,NaN,NaN,18.221997354476,1.30560791652849,7.93494038545729,39.5198814097332,7.27196492893634,16.9740445306665,0.258800810833105,,1300.86479027983,30.0008053207369,200.098809793029,0.0315439359999994,39.9459988793722,1.75839895435249,1.12616691353068,9.43253219400982,-0.412320607190024,NaN,NaN,NaN,NaN,13.3970385581651,1.90068911030583,8.30025778292919,54.0740313492335,7.27182624181107,17.859808412678,0.174437909309926,,1301.46464877351,30,200.373159319382,0.0683378780000004,19.9683000918439,1.61192471888135,1.51992440614264,7.84369663170846,-0.42343066992903,NaN,NaN,NaN,NaN,14.7674245484207,2.89080856934996,7.79558892249209,6.92768644341174,7.27204078361984,17.3266477312272,1.13223735647035,,1300.36090371631,29.9971824311908,200.561605155889,0.122077679999999,10.0119922350553,1.2972035708047,3.22782979981496,5.14049397016586,-0.394007015599384,NaN,NaN,NaN,NaN,14.9194441816667,3.77315711602321,5.59804910097548,4.22624399180052,7.27157945138787,11.6583063595932,1.21633632536067,,1300.47236710478,30,200.452898729054
12.1666666666667,5.411387014,0,5.47711824795942,0.74041353654314,0,-0.264202132909154,NaN,NaN,NaN,NaN,18.0405267245,0.129683854755011,NaN,NaN,6.47850218989671,3.45027086161242,NaN,"Sample 7.00 mL to CDW Samples 1/C1",1301.48228297794,29.9995986478307,207.640340454598,1.166604908,0,2.759768962,0.563908379147297,0,-0.231466284468577,NaN,NaN,NaN,NaN,15.992356669,0.0189999993890524,NaN,NaN,7.47713974070296,3.33421078899936,NaN,"Sample 7.00 mL to CDW Samples 1/C2",1299.28047330366,29.9975858759864,200.579230815787,0.0282131980000005,59.9720882941742,1.80787769634392,1.45826810495743,10.3277155618603,-0.472121285975045,NaN,NaN,NaN,NaN,18.0923154545536,1.2916263763574,7.91000865908872,40.0687431566767,7.27199479180951,16.928508438842,0.257286082119985,"Sample 7.00 mL to CDW Samples 1/C3",1299.58632508713,30.0008560191933,198.288785542495,0.0315439359999994,39.9611645440622,1.76657659296631,1.04595829130389,9.51946975809382,-0.411956162415569,NaN,NaN,NaN,NaN,13.7088090349295,1.88608133228021,8.54006426455638,54.7819542339809,7.27237689892556,18.3000315381374,0.173107937135616,"Sample 7.00 mL to CDW Samples 1/C4",1300.70736770905,29.9991944295557,198.450321706274,0.0683378780000004,19.9715960781592,1.61714483761857,1.48469362665421,7.91859724989157,-0.424688486176011,NaN,NaN,NaN,NaN,14.935327875895,2.87684472036167,7.80916590859604,6.97831271016965,7.271785341014,17.3514658423595,1.13632529653237,"Sample 7.00 mL to CDW Samples 1/C5",1301.02102320339,29.9991980733124,198.51538735276,0.122077679999999,10.0134015584003,1.30472043198105,3.21567576765375,5.23551658890381,-0.390324295816583,NaN,NaN,NaN,NaN,15.0807369873333,3.77393493308843,5.60567988869458,4.29975673229853,7.27309791386561,11.6719598542272,1.22261002791096,"Sample 7.00 mL to CDW Samples 1/C6",1298.88432453522,30.0005706238719,197.462096654403
12.25,5.411387014,0,5.480397568,0.743380659402097,0,-0.106571225730036,NaN,NaN,NaN,NaN,18.2652624238333,0.138189476532891,NaN,NaN,6.4779068151087,3.5885978597341,NaN,,1300.70838620445,30.0121316838408,202.793909655286,1.166604908,0,2.759768962,0.574541653587288,0,-0.174302322152615,NaN,NaN,NaN,NaN,17.1604069853333,0.0189999993890524,NaN,NaN,7.47521953751459,3.31941159603796,NaN,,1298.67853206502,30.0087343473887,195.828501493376,0.0282131980000005,59.9966950184062,1.81890247718666,1.60896204302034,10.5454620640734,-0.47163457117048,NaN,NaN,NaN,NaN,17.9879218793611,1.22567014947982,7.96642719393784,41.2968845486586,7.27199692283307,17.0315778014667,0.25158238222485,,1299.63052104862,30.0171319681296,192.819122592795,0.0315439359999994,39.9856651512806,1.77536596270993,1.14392060847067,9.682496226006,-0.411107786427388,NaN,NaN,NaN,NaN,13.6814733337143,1.74001929370832,8.60563444402527,56.4695274841096,7.27225370708003,18.4205666683194,0.166342901698897,,1299.5047563881,30.0116894366788,193.092284337167,0.0683378780000004,19.9561687426252,1.62540105384843,1.53696137223386,7.91323487000027,-0.425254626107779,NaN,NaN,NaN,NaN,14.7841256277717,2.52068652989821,7.9172975748481,6.95497335293529,7.27184368317089,17.5488637716308,1.14975168629586,,1299.23474590616,30.0162716120491,193.278873315991,0.122077679999999,9.99464150047811,1.30947484941612,3.24506929947784,5.06297554978819,-0.392106735332403,NaN,NaN,NaN,NaN,14.9988098445,3.27966938716394,5.68689923731255,4.10509247500003,7.27310263580835,11.8174404213731,1.25476630082379,,1298.58437448775,30.0165473299847,193.170210341956
12.3333333333333,5.411387014,0,5.480397568,0.749595586746306,0,-0.26457501837018,NaN,NaN,NaN,NaN,20.6065007840008,0.148493541597976,NaN,NaN,6.48006838730933,3.65512469456757,NaN,,1299.23798848229,30.0200004577637,202.793909655286,1.166604908,0,2.75977012375524,0.577366539162961,0,-0.232464732556473,NaN,NaN,NaN,NaN,17.7083140093333,0.0189999993890524,NaN,NaN,7.47273535748249,3.46282025596379,NaN,,1299.92312918558,30.0100002288818,195.828501493376,0.0282131980000005,60.020339650796,1.83131587126862,1.60251856359746,10.5074783830085,-0.477080840040337,NaN,NaN,NaN,NaN,18.2082176693671,1.29368055622042,8.10095280033653,41.8137183914118,7.27213305907917,17.2776026490723,0.251291224435839,,1299.68561939732,30.0200004577637,192.828498448364,0.0315439359999994,40.0131284151138,1.78538592443968,1.13693773633152,9.60165067913948,-0.411378548479908,NaN,NaN,NaN,NaN,13.8060819595244,1.8699377647339,8.69976063012199,56.9631652021475,7.27216101704579,18.5937838863474,0.168556279127738,,1300.89645513961,30.0200004577637,193.100370558378,0.0683378780000004,20.0280828146633,1.63546940881687,1.54730168607731,7.62511392193355,-0.42317053198515,NaN,NaN,NaN,NaN,14.8801750633333,2.71173789575871,7.91063214948767,6.64549969714441,7.27188320665196,17.5367160345608,1.14751491306379,,1298.04246041877,30.0200004577637,193.287884742374,0.122077679999999,10.0013877328173,1.314092324,3.24648115865815,4.81665776178875,-0.39181392074298,NaN,NaN,NaN,NaN,15.0331900522771,3.40452767016178,5.79988763149932,3.79656817812042,7.27282338504575,12.0199830011433,1.26868565699268,,1299.39497404159,30.0159018967955,193.174401275029
12.4166666666667,5.411387014,0,5.480397568,0.777187417451834,0,-0.247273891024362,NaN,NaN,NaN,NaN,17.4579566891513,0.153486924525928,NaN,NaN,6.48097276230323,3.70222058680523,NaN,,1300.63918702998,30.0200004577637,202.793909655286,1.166604908,0,2.7688909450035,0.578462258560824,0,-0.227871163881798,NaN,NaN,NaN,NaN,18.0400527621505,0.0190000099313713,NaN,NaN,7.47150571655146,3.42799271617204,NaN,,1300.76854736593,30.0100002288818,195.837325004104,0.0282131980000005,59.9989190206749,1.84191844597436,1.59813914177664,10.5859985802196,-0.472720626419498,NaN,NaN,NaN,NaN,18.1605923663333,1.30353404460982,8.1519258299814,42.0651658347765,7.27208034983058,17.3708929527889,0.251657809348151,,1300.42681572018,30.013705215992,192.836057502917,0.0315439359999994,39.9583229146732,1.79557291478778,1.14535908037647,9.77249231689749,-0.411741906924022,NaN,NaN,NaN,NaN,13.7967963309661,1.90410542991857,8.62964290982768,57.3515449853828,7.27228790686344,18.4647275942003,0.170396670735794,,1303.63923844598,30.0168448507492,193.108646954413,0.0683378780000004,19.9893442586423,1.64484402635301,1.54183127279079,7.91955492510083,-0.422807234783782,NaN,NaN,NaN,NaN,14.8329862292515,2.81327436516304,8.04095358313855,7.00088730415838,7.27180576827244,17.7749250430416,1.13126371702313,,1301.48144851552,30.0103417174877,193.296207923091,0.122077679999999,10.0112685062019,1.3183031041675,3.21896981849215,5.06472205538852,-0.388619814508726,NaN,NaN,NaN,NaN,15.256028893677,3.58045295681058,5.72988476939664,4.03053100429398,7.27363176297539,11.8944656892454,1.25660051171905,,1299.373077527,30.0100002288818,193.177983171726
12.5,5.411387014,0,5.480397568,0.764425305581293,0,-0.263690394128306,NaN,NaN,NaN,NaN,17.9198636478479,0.157522463482685,NaN,NaN,6.48088155600516,3.64402313817091,NaN,,1300.08543413425,30.0149323194042,202.793909655286,1.166604908,0,2.77665633799354,0.561026263554002,0,-0.229372978412349,NaN,NaN,NaN,NaN,18.1602465107903,0.0191201500465961,NaN,NaN,7.47149640976345,3.32184736496232,NaN,,1301.64277371715,30.0066122356486,195.84528720193,0.0282131980000005,59.9894626198702,1.85131305632081,1.6163351524816,10.6623570501042,-0.477147077938118,NaN,NaN,NaN,NaN,18.1765091101451,1.31410091919442,8.27670855018854,42.3072850949287,7.27192385493252,17.599514636494,0.25202290660066,,1298.89896201979,30.0065443635851,192.842424278291,0.0315439359999994,40.0029023173694,1.8049315164716,1.12659455959725,9.81440492208706,-0.411076147826832,NaN,NaN,NaN,NaN,13.8402238046167,1.91278623526484,8.72976252983689,57.5561736528106,7.27231577392125,18.6490398351066,0.17051978483642,,1301.63839479622,30.0064808646835,193.116080983989,0.0683378780000004,20.0339052681562,1.65439963167799,1.54096525230766,8.05037971272585,-0.422047337059445,NaN,NaN,NaN,NaN,14.7650260439152,2.86009942187961,8.06204035399703,7.21095259336154,7.27204133826954,17.8134325156623,1.1164381446186,,1301.95739278134,30.0067971340788,193.304710754432,0.122077679999999,9.99263717827962,1.32189034578523,3.22136350902055,5.21145092837457,-0.389325097929843,NaN,NaN,NaN,NaN,15.0321879035459,3.68395039662457,5.80129413158311,4.21681388716889,7.27242271124699,12.0224782031584,1.23594748280088,,1301.35033464509,30.0039594676463,193.181038377741
12.5833333333333,5.411387014,0,5.480397568,0.74373365051922,0,-0.259655666123025,NaN,NaN,NaN,NaN,17.9912673538333,0.161131629492203,NaN,NaN,6.48153986265605,3.70728905618726,NaN,,1300.79026923772,29.9954955119945,202.793909655286,1.166604908,0,2.78307714958728,0.565635754846238,0,-0.230328601936016,NaN,NaN,NaN,NaN,17.7041097675199,0.0189999993890524,NaN,NaN,7.47203961518773,3.55725652978474,NaN,,1299.24763478918,30,195.851709274219,0.0282131980000005,59.9837336775793,1.86188959038941,1.58407155642033,10.6816814523754,-0.472006435697937,NaN,NaN,NaN,NaN,18.1849200247426,1.31649905739225,8.37026699994857,42.4853709975336,7.27192527467712,17.7710686469719,0.251421692265592,,1299.68782290568,30.0012069607662,192.849968512558,0.0315439359999994,39.9924346511041,1.81366523550568,1.14204525767243,9.84454808696024,-0.412902171393169,NaN,NaN,NaN,NaN,13.6804485064173,1.9189292142658,8.77481790203102,57.8980132716612,7.27190493038787,18.7320332544537,0.170033052009644,,1301.26660128181,30,193.122892643856,0.0683378780000004,20.0163262609785,1.66292568160231,1.54864552353835,8.13310150908897,-0.422653990748394,NaN,NaN,NaN,NaN,14.7906986322822,2.88853472161076,8.11652835910106,7.35266345274951,7.27163181657911,17.9131411456834,1.10614813319003,,1299.94385127605,30,193.312180241725,0.122077679999999,9.99792830459354,1.3275171155992,3.22913227964931,5.30319654817497,-0.391607092885713,NaN,NaN,NaN,NaN,15.321949296,3.75014279516983,5.80834886023745,4.34408544216467,7.27210298136686,12.0351293416403,1.22082184342001,,1299.94337608151,30.0004004449886,193.186117559831
12.6666666666667,5.411387014,0,5.480397568,0.76075746385906,0,-0.264073307828334,NaN,NaN,NaN,NaN,17.246109938,0.167479189611785,NaN,NaN,6.48162431685691,3.73341879364119,NaN,"Sample 1.50 mL to AMBR-96DWP-2/B5",1298.97480241987,29.987590778832,201.838125980804,1.166604908,0,2.787894498168,0.579872342972484,0,-0.230823439403408,NaN,NaN,NaN,NaN,17.081080061706,0.0189999993890524,NaN,NaN,7.47330275406971,3.48677478363881,NaN,"Sample 1.50 mL to AMBR-96DWP-2/B6",1300.77395945226,30,194.918864961029,0.0282131980000005,59.9916614458019,1.87150468417874,1.51655975833388,10.7427657798696,-0.476700285896853,NaN,NaN,NaN,NaN,18.2015380321123,1.27099576947889,8.36964041368875,42.8121399419392,7.27236440190813,17.769918769,0.250072856776024,"Sample 1.50 mL to AMBR-96DWP-2/B7",1299.32796852457,29.9991963608082,191.937294459182,0.0315439359999994,40.008659056519,1.82214567051775,1.07993840857996,9.8888618978001,-0.411762933196218,NaN,NaN,NaN,NaN,13.83966706,1.85195909800561,8.90650904185162,58.5482952869652,7.27199151387357,18.9748388846029,0.167594135774205,"Sample 1.50 mL to AMBR-96DWP-2/B8",1299.41376967454,29.9983955592131,192.229506995796,0.0683378780000004,20.0296467098579,1.67010642390891,1.50787703418017,8.18683002076373,-0.424072417149555,NaN,NaN,NaN,NaN,14.8066700395511,2.81977137504204,8.16764729695825,7.40430760771239,7.27195647398519,18.0067113414059,1.11104506605355,"Sample 1.50 mL to AMBR-96DWP-2/B9",1297.64256720916,29.997994015266,192.436206932965,0.122077679999999,10.0042304099159,1.33409903796048,3.27076334860286,5.37788104008787,-0.391597068730476,NaN,NaN,NaN,NaN,15.1529383544198,3.73906067159322,5.82363068496547,4.43495246757644,7.27369975780949,12.0625372940541,1.22192387510343,"Sample 1.50 mL to AMBR-96DWP-2/B10",1298.91384155159,30,192.123325917617
12.75,5.411387014,0,5.480397568,0.752754611605663,0,-0.24832392121241,NaN,NaN,NaN,NaN,17.3570719185,0.185717834513444,NaN,NaN,6.48148947141444,3.70690034507777,NaN,,1299.41890509902,29.9924089892129,200.999909655286,1.166604908,0,2.789862472,0.574644230879245,0,-0.224221149990248,NaN,NaN,NaN,NaN,16.7997263461667,0.0189999993890524,NaN,NaN,7.47375218231631,3.52300492563054,NaN,,1300.75778433264,30.0064821371843,194.064595003376,0.0282131980000005,60.0059075940337,1.88084029415598,1.62231124488854,10.733739319891,-0.472997203794298,NaN,NaN,NaN,NaN,18.173043051129,1.27879354339743,8.39547855425601,43.0084595515405,7.27233429195279,17.8174417224341,0.247680002071458,,1299.35564223261,30.0049373151052,191.068840891483,0.0315439359999994,40.0156872104004,1.83025936502416,1.14660515360238,9.75965206481493,-0.411546501314761,NaN,NaN,NaN,NaN,13.6789056195,1.80646797521529,9.02470038964542,58.8521053257693,7.27238307370155,19.1929998142791,0.162452063163861,,1300.73637971075,30.0004026447306,191.341647637108,0.0683378780000004,20.024899264905,1.67671549314297,1.55484292451654,7.90843410830333,-0.422095761082464,NaN,NaN,NaN,NaN,14.8129468151667,2.58844747270438,8.2236307029561,7.06175021938326,7.27216908890699,18.1092862877154,1.13414480162,,1300.08586307365,30.0004029711881,191.529956683517,0.122077679999999,9.98803935287432,1.334135186,3.20777650731273,5.04576900572148,-0.391079682217236,NaN,NaN,NaN,NaN,15.1946691287865,3.35669480994397,5.85913546937996,4.09832818228911,7.27337135936271,12.1262256131305,1.24655592355303,,1298.76798729199,30,191.397795609154
12.8333333333333,5.411387014,0,5.480397568,0.73853592605461,0,-0.260157672917164,NaN,NaN,NaN,NaN,17.3215653436667,0.202734208920528,NaN,NaN,6.48131717359654,3.65663327493334,NaN,,1299.25900344146,29.9899997711182,200.999909655286,1.166604908,0,2.789862472,0.566896540349575,0,-0.227302304831765,NaN,NaN,NaN,NaN,17.2408768311667,0.0190400429737827,NaN,NaN,7.47242905814714,3.43668608370343,NaN,,1298.195473708,30.000753068306,194.064595003376,0.0282131980000005,59.992421069201,1.88993004524559,1.61115252095095,10.7791759726608,-0.471957222351106,NaN,NaN,NaN,NaN,18.108073248871,1.31659600997505,8.5375234961652,43.1748170057881,7.27208050674191,18.0782494236703,0.249664353378387,,1299.42175040825,30.0088157926584,191.074905377566,0.0315439359999994,40.0053518879917,1.83782749933779,1.15872646751516,9.79012387206491,-0.410793208620127,NaN,NaN,NaN,NaN,13.638859381,1.8935230719208,9.02841229219117,59.2003314850059,7.27178978889768,19.1998629362253,0.165372139846321,,1298.64327091535,30,191.347297553813,0.0683378780000004,19.9881563167835,1.68325066157185,1.55379387626323,7.87221689593684,-0.423284261737903,NaN,NaN,NaN,NaN,14.5451965756383,2.76752109261973,8.37725408785664,6.94362256606415,7.27170336937636,18.3909287230657,1.13378107571013,,1299.79257261175,30,191.535335449247,0.122077679999999,10.0170509840692,1.3385162918285,3.23234489221693,5.02466033498303,-0.390336918222228,NaN,NaN,NaN,NaN,15.2405438152937,3.52129407509027,5.91867585517043,4.02568416116855,7.27349432215788,12.2330786840306,1.24812857406664,,1300.68709405527,30,191.401545616881
12.9166666666667,5.411387014,0,5.480397568,0.749170219941388,0,-0.25914567717615,NaN,NaN,NaN,NaN,17.079848508,0.21263109325425,NaN,NaN,6.48433429904915,3.72433428828934,NaN,,1299.46037601019,29.9899997711182,200.999909655286,1.166604908,0,2.79247524815053,0.569840847713482,0,-0.226887943108911,NaN,NaN,NaN,NaN,17.6741623193816,0.0190808015654636,NaN,NaN,7.4717257582843,3.51142298988928,NaN,,1300.87154400877,30.0024045073585,194.067106819106,0.0282131980000005,59.9620330506808,1.89943168932171,1.61246804757914,10.8540973801867,-0.471475035161325,NaN,NaN,NaN,NaN,18.1601418816667,1.3269927154291,8.57052144568145,43.5662489266133,7.27224200771429,18.1388896854367,0.249142521840298,,1299.78310870865,30.0007017615444,191.081379685537,0.0315439359999994,39.9946656483416,1.84638899054144,1.13594107776544,9.91469607628237,-0.410298666290119,NaN,NaN,NaN,NaN,13.678575511,1.91875970558561,9.08772389359085,59.5987674207529,7.27196033998637,19.3094561283776,0.166358845995929,,1299.8961943678,30,191.354042549275,0.0683378780000004,20.0104433919085,1.69195500993478,1.54632413458252,8.09968479879262,-0.421355953775314,NaN,NaN,NaN,NaN,14.8396333188617,2.85088056898695,8.38056052253204,7.23054270652075,7.27207921209495,18.3969834033581,1.12023272050701,,1300.07120765666,30,191.543085392682,0.122077679999999,9.97910220514172,1.34167486576768,3.2612751949637,5.21936984178656,-0.386731837173172,NaN,NaN,NaN,NaN,14.8549583976667,3.65670015374367,5.90147415641827,4.18351731123575,7.27297528649882,12.2022045103188,1.24761615702533,,1300.10220639344,30,191.404177121346
13,5.411387014,0,5.480397568,0.747586065345019,0,-0.262948454146377,NaN,NaN,NaN,NaN,17.3085748491049,0.217993440652354,NaN,NaN,6.48183605299206,3.70485484248347,NaN,,1299.60702205323,29.9899997711182,200.999909655286,1.166604908,0,2.80223157638449,0.573151751579088,0,-0.231065172521208,NaN,NaN,NaN,NaN,18.2075050659517,0.0189999993890524,NaN,NaN,7.47225362782162,3.59537557168717,NaN,,1299.84234031345,30.0139234734007,194.076763858745,0.0282131980000005,59.9984347700791,1.90881171665564,1.58857710735169,10.8542539401065,-0.473424769291635,NaN,NaN,NaN,NaN,18.1605012513333,1.32669914048979,8.72604514554191,43.7082516434217,7.27231512658848,18.4250485687648,0.248335025294491,,1300.26788023845,29.9988458641878,191.087825113842,0.0315439359999994,39.9663476811301,1.85564052939869,1.13544049933033,9.97194439763602,-0.413146435737044,NaN,NaN,NaN,NaN,13.9512087013311,1.93129688143148,9.11814773561246,59.4822029961295,7.27220278604161,19.365730588366,0.167646429794336,,1300.34850254549,30,191.361276054599,0.0683378780000004,19.9809129675634,1.70007839684035,1.55742336802412,8.19919887139726,-0.423248135195416,NaN,NaN,NaN,NaN,14.8797124084663,2.8864930472479,8.36639653373352,7.3950661158152,7.27197784125057,18.371018096712,1.10875230306788,,1301.57938203761,30,191.550048755715,0.122077679999999,10.0120775950185,1.34584177526367,3.27365883321027,5.33734512885711,-0.390117682109258,NaN,NaN,NaN,NaN,15.1371490903023,3.7401680875395,5.9375964101544,4.31334576224328,7.27233937871051,12.2670500475054,1.23744292701517,,1298.91012266144,30,191.407812246788
13.0833333333333,5.411387014,0,5.480397568,0.754639960401544,0,-0.260300901115279,NaN,NaN,NaN,NaN,17.3572918433951,0.218929856848478,NaN,NaN,6.48265940912618,3.72240697870776,NaN,,1300.20889019255,29.9990778029864,200.999909655286,1.166604908,0,2.80888656983641,0.591309456970322,0,-0.228135817806123,NaN,NaN,NaN,NaN,16.5755349775479,0.0189999993890524,NaN,NaN,7.47255343396785,3.61875771849297,NaN,,1300.29702841671,30.0200004577637,194.083515711491,0.0282131980000005,59.9858975913625,1.91746936683231,1.62973074156954,10.933267524316,-0.471294242478522,NaN,NaN,NaN,NaN,18.0326310207666,1.33685998349228,8.76798277962946,43.8612018630745,7.27186512005947,18.5023143533224,0.249270177095713,,1298.76156409755,29.9975290337055,191.093335358317,0.0315439359999994,39.983066367909,1.86484109447624,1.12338515838759,9.99811693712796,-0.413252952538412,NaN,NaN,NaN,NaN,13.9219069109725,1.93661994043478,9.19798595844824,59.7245121374717,7.27240844993734,19.5134027415923,0.167405235044982,,1300.22147424125,30,191.368572099921,0.0683378780000004,19.9900958726127,1.70891397194939,1.55712987112806,8.26835671552275,-0.425326247779871,NaN,NaN,NaN,NaN,14.7182877797004,2.91276329788726,8.43828556834003,7.5072954830853,7.27176914441515,18.5029660642725,1.10138567600739,,1300.83399296478,30,191.557831938011,0.122077679999999,9.98744987286067,1.35385661314489,3.28550498819598,5.42020920568438,-0.390630251285729,NaN,NaN,NaN,NaN,14.8898955563924,3.79871389921479,6.03269818786307,4.41526573939183,7.27375608994168,12.4378263413378,1.22762446332377,,1300.87133147393,30,191.415298386443
13.1666666666667,5.411387014,0,5.480397568,0.758923665584121,0,-0.261835503309413,NaN,NaN,NaN,NaN,17.5988508528333,0.220080137479571,NaN,NaN,6.4829573629672,3.72771461941953,NaN,,1301.14310525566,30,200.999909655286,1.166604908,0,2.81310872237427,0.585449109388836,0,-0.229709055757479,NaN,NaN,NaN,NaN,15.9207584371187,0.0189601763348582,NaN,NaN,7.4727328819526,3.63356790560576,NaN,,1300.23115544757,30.0181471970569,194.08773912776,0.0282131980000005,59.9883684932183,1.92764046097828,1.60480853781324,10.9151547424911,-0.474240231314486,NaN,NaN,NaN,NaN,18.1683496049001,1.33465278833075,8.79354076250068,44.0572503864106,7.27269994661158,18.5493938548638,0.247751507905012,,1300.27848723068,30,191.100506803453,0.0315439359999994,39.9796413716852,1.87294140404157,1.13755635853234,9.97466365618967,-0.412352082504426,NaN,NaN,NaN,NaN,13.7650337866964,1.93324126036835,9.16314989039945,59.9988910777086,7.27199083871912,19.4489473929728,0.1662487484374,,1298.67128616806,30,191.374748893967,0.0683378780000004,19.9844281028528,1.71710648711856,1.55111359403056,8.28796423638082,-0.423075683986304,NaN,NaN,NaN,NaN,14.8712742895634,2.92072833270475,8.53315824858365,7.54507539437228,7.27214553424344,18.6772316228845,1.09846162181519,,1299.24142491661,30,191.565071955923,0.122077679999999,9.99609092101671,1.3576342382622,3.2941295161036,5.46312038136281,-0.392170657770878,NaN,NaN,NaN,NaN,14.7748113135373,3.82996922835031,6.03513857683754,4.47338658502001,7.27284211650132,12.4422124701653,1.2212520694762,,1299.04923481317,30,191.418546520704
13.25,5.411387014,0,5.480397568,0.758198035397639,0,-0.2607020841798,NaN,NaN,NaN,NaN,17.7350691805236,0.220296570955835,NaN,NaN,6.48391902672177,3.79740178777964,NaN,,1300.15110698927,30,200.999909655286,1.166604908,0,2.814989092,0.578115254791616,0,-0.226381257193322,NaN,NaN,NaN,NaN,16.0211157885,0.0189591860675292,NaN,NaN,7.47432111979329,3.5974755130102,NaN,,1300.94561397589,29.9995496637729,194.089721623376,0.0282131980000005,59.9859003358499,1.9360476291515,1.59543382791952,10.8854990484895,-0.470109349090611,NaN,NaN,NaN,NaN,18.00021742,1.33177616549496,8.7226694533391,44.2711774456682,7.27220141596414,18.4188524607603,0.245883811710571,,1301.79047135322,30,191.105869472909,0.0315439359999994,39.9751337136317,1.88148221773256,1.14149370865813,9.97427090810176,-0.413022339466091,NaN,NaN,NaN,NaN,13.839359762,1.93521565560666,9.25257651857522,60.2375137369107,7.27213550102063,19.6145078162884,0.165584732779155,,1298.31413554741,29.9995954295137,191.381475752657,0.0683378780000004,19.9831481796683,1.72371780272647,1.55599187012539,8.30200985710474,-0.422568689013777,NaN,NaN,NaN,NaN,14.5264128741033,2.92584799171685,8.56071458892509,7.52781405653886,7.271766300373,18.7278777850406,1.10284636011365,,1297.60929294763,30,191.57052857518,0.122077679999999,10.0151853372317,1.36220183692121,3.29515696605915,5.49376786095208,-0.392080438929316,NaN,NaN,NaN,NaN,15.2340850797499,3.85279441519284,6.08012902432966,4.54311951684315,7.27242264256168,12.5230671413139,1.2092834058565,,1299.74784708041,30,191.42255434551
13.3333333333333,5.411387014,0,5.480397568,0.751637472727222,0,-0.258198973581321,NaN,NaN,NaN,NaN,17.6645572267023,0.220053230473784,NaN,NaN,6.48250120452203,3.80373927906165,NaN,,1298.98734485597,29.9991996698507,200.999909655286,1.166604908,0,2.814989092,0.576663530210213,0,-0.228217498772517,NaN,NaN,NaN,NaN,16.397175391408,0.0189595765667599,NaN,NaN,7.47234377559764,3.7798271497899,NaN,,1299.2456768549,29.9899997711182,194.089721623376,0.0282131980000005,59.9930649516522,1.94482359388598,1.63289794502395,10.9507549764347,-0.469353695263975,NaN,NaN,NaN,NaN,17.9195497625,1.33991966606511,8.98532626379023,44.5809674269706,7.27202188717398,18.9032260146341,0.245639422708201,,1300.43897484745,30,191.11161709034,0.0315439359999994,39.9835393586352,1.88975754543525,1.15340540872819,9.98272233518082,-0.41019855891724,NaN,NaN,NaN,NaN,13.4484488103333,1.93740633215818,9.38939440154047,60.4999810642211,7.27227421923465,19.8680855861416,0.165005534426513,,1303.02664226242,30,191.387738938803,0.0683378780000004,20.0096510810197,1.73170938790329,1.55921379207741,8.34092877139849,-0.42167551821587,NaN,NaN,NaN,NaN,14.7654793544476,2.93964906546331,8.70656371611453,7.54844068964856,7.27204252432636,18.9962811160914,1.10498740346447,,1298.63336703069,30,191.577569326872,0.122077679999999,9.99381629258636,1.36989235367517,3.31174232050235,5.52363495435811,-0.392285765216865,NaN,NaN,NaN,NaN,14.8829975675181,3.87280327038449,6.07686194179283,4.58578807981534,7.27271013452086,12.5171829882895,1.20451828418534,,1302.66788700504,30,191.429679915464
13.4166666666667,5.411387014,0,5.480397568,0.757664816012559,0,-0.259790039414514,NaN,NaN,NaN,NaN,17.8782799569408,0.218431437197966,0.916353474795052,NaN,6.48207129125857,3.89724441115206,NaN,,1298.79703299583,30,200.999909655286,1.166604908,0,2.81809725653973,0.580902822243272,0,-0.225298471317796,NaN,NaN,NaN,NaN,16.2359883969253,0.0189599949116618,NaN,NaN,7.47173397380127,3.66671490498556,NaN,,1299.14352134034,29.9913255033394,194.092727375901,0.0282131980000005,60.0168962645857,1.95460320137633,1.62198324462894,10.9595497975772,-0.473412444717377,NaN,NaN,NaN,NaN,18.3396160886322,1.34093449055852,9.04386592881155,44.7973741899055,7.27211658475913,19.0113179753518,0.24464748334434,,1298.92049783102,30,191.118366446537,0.0315439359999994,40.0143767763564,1.89866916017406,1.13416680121675,10.0003278481292,-0.410706928725459,NaN,NaN,NaN,NaN,13.6264553485,1.94125344455794,9.44035140888058,60.9645402777388,7.27226436399,19.962572372206,0.16403654891254,,1299.69569695223,30,191.394738776379,0.0683378780000004,19.9959634483583,1.73944330770743,1.54262913824666,8.36928622657805,-0.421442199241659,NaN,NaN,NaN,NaN,14.8319268060524,2.94806069924019,8.72322303328227,7.5717657099768,7.27198808747528,19.0268757719191,1.10532935234515,,1300.28798679532,30,191.584146137702,0.122077679999999,9.99383009409434,1.37589249442744,3.31756817417749,5.55856965773579,-0.391029649243251,NaN,NaN,NaN,NaN,15.0717010096466,3.8973616330517,6.07139994046516,4.62860020414118,7.27236116456661,12.5073670878625,1.2009217285069,,1300.31437395833,29.999976605456,191.435214904989
13.5,5.411387014,0,5.480397568,0.746273352857212,0,-0.261583377576219,NaN,NaN,NaN,NaN,17.9955419564831,0.216950918453226,NaN,NaN,6.48182915867494,3.87187769289902,NaN,,1298.0691331967,30.0032100417803,200.999909655286,1.166604908,0,2.82351753651826,0.582967631403639,0,-0.228175787256612,NaN,NaN,NaN,NaN,16.0772908170344,0.0188790489883938,NaN,NaN,7.47196013833952,3.82633643102762,NaN,,1299.90064894901,29.9995963010736,194.098149289341,0.0282131980000005,59.9611059277848,1.96375975287933,1.61783828670269,10.9408064654442,-0.472890947125275,NaN,NaN,NaN,NaN,18.3037568290344,1.33939017639859,9.13359247367132,44.8384872180899,7.27208861812431,19.1771945430869,0.244006652221984,,1301.36248121627,30,191.124494312628,0.0315439359999994,39.9657084639115,1.90610504999072,1.14755184404551,10.0162069286867,-0.412068651236265,NaN,NaN,NaN,NaN,13.8392917593333,1.94482347797051,9.49888999721645,61.013586247336,7.27195759569762,20.0712561174489,0.164165854718887,,1299.54511223245,30,191.400361793811,0.0683378780000004,20.0226387688813,1.74747307051675,1.54742535600988,8.39755286212995,-0.422654347241156,NaN,NaN,NaN,NaN,14.6788959516667,2.95788477991166,8.79016838673746,7.59312439240403,7.27194266660395,19.1501856946333,1.10594323677171,,1301.55033999824,30,191.591222992777,0.122077679999999,9.98537270875323,1.38253828850382,3.33879342936152,5.57126607455309,-0.389144825902171,NaN,NaN,NaN,NaN,14.8872356340201,3.90749906273075,6.1543076216215,4.637887752238,7.27317174291062,12.6564064631348,1.20125177224573,,1301.57498774629,29.9968066167559,191.441331638362
13.5833333333333,5.411387014,0,5.480397568,0.733155240451728,0,-0.261192380265762,NaN,NaN,NaN,NaN,18.7240280746836,0.213922565306292,0.929135914903222,NaN,6.4780133670471,3.91412564007531,NaN,,1299.43207688419,30,200.999909655286,1.166604908,0,2.82849588013545,0.581258361414398,0,-0.226818252321585,NaN,NaN,NaN,NaN,16.394313456299,0.018723341896919,NaN,NaN,7.47200565728887,3.7133472445014,NaN,,1300.06752703371,30,194.103128805938,0.0282131980000005,59.9954166492725,1.97317497847696,1.60634145444925,10.9826472757215,-0.473021741618071,NaN,NaN,NaN,NaN,18.5229721906667,1.34511235669204,9.14363128074753,44.9904330923832,7.27199558837995,19.1957515573552,0.24411161916988,,1299.34854989556,30,191.130938909914,0.0315439359999994,39.9962463388852,1.91471091083346,1.14331614969763,10.0261474543623,-0.410169213566731,NaN,NaN,NaN,NaN,13.6384697503333,1.94928055177163,9.58580287481992,61.4721449298293,7.27217829349971,20.2327004474006,0.163101904066892,,1299.26988946957,30,191.406959027605,0.0683378780000004,19.9751957594865,1.75551804449242,1.53668293142161,8.41606499721331,-0.42149383277801,NaN,NaN,NaN,NaN,14.9194852188333,2.96375632418393,8.78216476477653,7.60630714144225,7.27194611103913,19.1354983806226,1.10646585176995,,1298.88068005951,30.0004028549808,191.598103689114,0.122077679999999,10.0053813839929,1.38838080966625,3.33635637829984,5.58404077854551,-0.391284428037593,NaN,NaN,NaN,NaN,15.0357718560652,3.91751758190704,6.16237556230845,4.63387290604228,7.2735112923276,12.6709180929171,1.20504980939032,,1299.59935674541,29.9923566794392,191.44664369824
13.6666666666667,5.411387014,0,5.480397568,0.755390799253317,0,-0.263206942904159,NaN,NaN,NaN,NaN,18.5065443098694,0.212564651568204,0.92319630755979,NaN,6.48020048010441,3.90816499568619,NaN,,1301.46804522686,30,200.999909655286,1.166604908,0,2.83410319791849,0.583950730168488,0,-0.22530363965069,NaN,NaN,NaN,NaN,16.2006227615,0.018518055532508,NaN,NaN,7.47284335798272,3.74019873493093,NaN,,1300.78414345413,30,194.108733906518,0.0282131980000005,59.9877006051836,1.9835147210823,1.61212531389586,11.0311407263126,-0.471495429801577,NaN,NaN,NaN,NaN,18.1966760393392,1.35097809977386,9.24402795311113,45.2974262538222,7.27214163176833,19.3815630975513,0.243528760798075,,1300.17335390434,30,191.138144381625,0.0315439359999994,39.9870291372273,1.92349820381187,1.1512042441649,10.0568789692018,-0.413914606438739,NaN,NaN,NaN,NaN,13.6777162436667,1.95452210574518,9.59600700691801,61.4584089407499,7.27224877095716,20.2516792309083,0.163639742377411,,1300.60835064453,30,191.413830521152,0.0683378780000004,19.9690365356827,1.76326529683768,1.54709813182263,8.42143787385898,-0.421557037210663,NaN,NaN,NaN,NaN,14.6636466088333,2.9684210125647,8.98512419248294,7.63514387007551,7.27177015946637,19.5099200394737,1.10298424207362,,1299.30211652011,30.0008038586497,191.604903071837,0.122077679999999,9.98318087132232,1.39210020119823,3.37427610560622,5.60397319194177,-0.38894585741965,NaN,NaN,NaN,NaN,15.1410409662292,3.93057887289634,6.23304240656386,4.64805451983011,7.27283985457372,12.7980725579959,1.205660079993,,1301.251575257,30,191.449838628261
13.75,5.411387014,0,5.480397568,0.75653912708783,0,-0.26079602863213,NaN,NaN,NaN,NaN,16.9491223666306,0.210422702183539,0.942100364287276,NaN,6.47936210543142,3.97759860390501,NaN,,1300.49623998792,30.0086958422224,200.999909655286,1.166604908,0,2.83715958266632,0.589819081008463,0,-0.228781104316284,NaN,NaN,NaN,NaN,15.9197274233333,0.0185633673126495,NaN,NaN,7.47188051211947,3.67018376226792,NaN,,1300.42650401724,30,194.111786108314,0.0282131980000005,60.0283778025054,1.99314582653623,1.61823876855962,10.9998058567535,-0.47193793464302,NaN,NaN,NaN,NaN,18.1656154981608,1.34733457710988,9.26672427990443,45.4409436465825,7.27236638170005,19.4237892060239,0.242069343536233,,1297.96067232493,30,191.144902235627,0.0315439359999994,39.9837534713899,1.93209941676159,1.1457402513147,10.0603039001183,-0.413589006499329,NaN,NaN,NaN,NaN,14,1.95820237882662,9.59977757660727,62.0228241766206,7.27179073464913,20.2586866814675,0.162203932462308,,1299.40266546909,30,191.420525718866,0.0683378780000004,19.9846830901436,1.77185172452771,1.55933151831529,8.42983418573635,-0.422194638964055,NaN,NaN,NaN,NaN,14.5312412671667,2.97246250364324,8.89105319619077,7.65984114872162,7.27209955459688,19.3362213297493,1.10052667292073,,1298.14497453647,30,191.612337363065,0.122077679999999,10.0018082033083,1.39914865321804,3.360814371806,5.6203935306828,-0.391578831852981,NaN,NaN,NaN,NaN,14.9444386495389,3.94307927716902,6.18636592388821,4.66274725424102,7.27237576851085,12.7140621844282,1.20539871677144,,1302.63333363386,30,191.45625078956
13.8333333333333,5.411387014,0,5.480397568,0.747394187633113,0,-0.264164653325961,NaN,NaN,NaN,NaN,17.2196620881667,0.208514360891592,0.927392306562112,NaN,6.47797374017828,3.89508174145289,NaN,,1298.88240865498,30.002976450689,200.999909655286,1.166604908,0,2.84349500902068,0.585894849206317,0,-0.229826742665042,NaN,NaN,NaN,NaN,17.3554358843333,0.0185451317136011,NaN,NaN,7.47211900006484,3.78442367929328,NaN,,1298.88106859626,30,194.11812613606,0.0282131980000005,59.9986948776604,2.00134055080239,1.63945829047076,10.9682077136873,-0.470435134707498,NaN,NaN,NaN,NaN,18.1197420048333,1.34378177084596,9.46514299915605,45.5667916345438,7.27214179489784,19.791468874767,0.240706708754924,,1300.47065506092,30,191.149970426685,0.0315439359999994,40.0025663322453,1.9409140654378,1.1491350635984,10.0662528878762,-0.411807548859261,NaN,NaN,NaN,NaN,13.7985828241667,1.95942807081927,9.76831289095297,62.1721179757925,7.27260260991825,20.5723047976316,0.161912219866986,,1300.42653153896,30,191.427533510049,0.0683378780000004,20.0018794084183,1.77925178923359,1.54972036738773,8.46196099788008,-0.422005320090178,NaN,NaN,NaN,NaN,14.7957531508333,2.9842331271186,8.95796839830437,7.69526356550057,7.27169168235134,19.4597194331374,1.09963358976722,,1300.52889819628,30,191.618682230599,0.122077679999999,10.0139929505978,1.40672300091998,3.37938254549926,5.61925210812608,-0.388845904609343,NaN,NaN,NaN,NaN,15.1197354166667,3.94329965724173,6.31201329960876,4.70255572901258,7.2730222247872,12.940211849123,1.19493875335674,,1298.36870570253,30,191.463401525776
13.9166666666667,5.411387014,0,5.480397568,0.750706498610778,0,-0.262889337353551,NaN,NaN,NaN,NaN,18.1602174344554,0.207464849555983,0.928883697637053,NaN,6.47813244135634,3.89493975184109,NaN,,1301.2516757197,29.9959782698703,200.999909655286,1.166604908,0,2.85010833186607,0.601549216517055,0,-0.227495306844307,NaN,NaN,NaN,NaN,16.6556310656667,0.0183793795362176,NaN,NaN,7.47340260331979,3.82370091092146,NaN,,1299.27367546465,30,194.124739597759,0.0282131980000005,60.013223205597,2.00875191773799,1.65473703181702,10.9741182106876,-0.470581767991502,NaN,NaN,NaN,NaN,18.2414239331667,1.34447020882945,9.54409427188897,45.7801357163411,7.27218862194691,19.9380987847894,0.239714468324816,,1298.61225301983,30,191.154461698206,0.0315439359999994,40.0040077960899,1.94873135893698,1.14251866620748,10.0933516791704,-0.414677949194797,NaN,NaN,NaN,NaN,13.7184320685,1.96425224846741,9.78101733098196,62.4159166366034,7.27231275080837,20.5959349039798,0.16171329849426,,1300.4885750075,30,191.43334242762,0.0683378780000004,20.0022467332846,1.78722792494101,1.55695352318601,8.49111111533532,-0.423349087564591,NaN,NaN,NaN,NaN,14.7576762571663,2.99315043807254,9.07716082960656,7.71264187593838,7.27211787479292,19.6798877640639,1.10093488723103,,1297.14739439658,30,191.625704967078,0.122077679999999,10.0040634495604,1.41130139120766,3.38101529583028,5.62407616794407,-0.386783848037589,NaN,NaN,NaN,NaN,15.155961341035,3.94402283931925,6.22399327805655,4.69223032571366,7.27300602724037,12.7817735164476,1.19859671106291,,1296.93173949353,30,191.467448526393
14,5.411387014,0,5.480397568,0.755628075734991,0,-0.26233200914824,NaN,NaN,NaN,NaN,18.7228703157564,0.206331938663322,0.921198331799197,NaN,6.47769041757568,3.85723533793194,NaN,,1300.92842388835,29.9959834781562,200.999909655286,1.166604908,0,2.85126652319659,0.592654945008506,0,-0.228922448625438,NaN,NaN,NaN,NaN,16.119839859384,0.0182407992319938,NaN,NaN,7.47283246757526,3.75677921309391,NaN,,1298.86933115768,30,194.125898053417,0.0282131980000005,60.0184885417838,2.01621065219348,1.66124489639495,11.0321415965059,-0.47250380147202,NaN,NaN,NaN,NaN,18.3391288215144,1.35209568806345,9.62579190253977,45.8673207830973,7.27223967822572,20.0899232961421,0.240523431448343,,1300.94661456999,30,191.158797136465,0.0315439359999994,39.9833887744722,1.95753838722482,1.1434061101491,10.0898946446236,-0.412159439524282,NaN,NaN,NaN,NaN,13.8553556683333,1.96687423318969,9.87155614284145,62.8646008301792,7.27209832490693,20.7647445386156,0.160502862883256,,1301.41698817649,30,191.44024653638,0.0683378780000004,19.9728429062577,1.79346139891379,1.57135629056084,8.49643791180416,-0.419948942867588,NaN,NaN,NaN,NaN,14.8533845418229,2.99389685393444,9.01785038640543,7.70087680820405,7.27192899384667,19.5702681972031,1.10330912009246,,1298.97492040532,30,191.630884129433,0.122077679999999,9.98720924469663,1.41531568421931,3.39146658973422,5.63669365568868,-0.38750778180054,NaN,NaN,NaN,NaN,14.953473798359,3.95110440533132,6.31338486858761,4.68131265945548,7.27338539897775,12.9426601972923,1.20408425087526,,1301.17968098368,30,191.470930382014
14.0833333333333,5.411387014,0,5.480397568,0.77147213237318,0,-0.262331392124409,NaN,NaN,NaN,NaN,18.5206497424722,0.203606469474404,0.960112006205536,NaN,6.47504656383247,3.93640491390859,NaN,"Sample 1.50 mL to AMBR-96DWP-2/D1",1299.42657170586,30,200.7749126594,1.166604908,0,2.85542542,0.598219339667998,0,-0.224573983351374,NaN,NaN,NaN,NaN,16.206437609616,0.0181615764875735,NaN,NaN,7.47451959457975,3.78062964319702,NaN,"Sample 1.50 mL to AMBR-96DWP-2/D2",1300.32484196442,29.999538616145,193.953654571284,0.0282131980000005,59.9704640261845,2.02443687575617,1.53835867461929,11.0171404455573,-0.468666011053425,NaN,NaN,NaN,NaN,18.3043365331522,1.34971641297933,9.61444211103363,45.9805790004877,7.2720078224617,20.0688464590692,0.23950703070051,"Sample 1.50 mL to AMBR-96DWP-2/D3",1298.10594098783,30,191.036676750613,0.0315439359999994,39.9577250385938,1.96585322736493,1.08282046895636,10.1105812636938,-0.409216059178704,NaN,NaN,NaN,NaN,13.7018023793333,1.97039747086087,9.92221469470966,62.9173986006078,7.27216664373534,20.8592812646661,0.160601780459472,"Sample 1.50 mL to AMBR-96DWP-2/D4",1298.49666165308,30,191.369955574704,0.0683378780000004,19.9885754373921,1.80037867083656,1.53241244548068,8.50403535496769,-0.421525232521759,NaN,NaN,NaN,NaN,14.6381422836892,2.99750092206046,9.08596432630218,7.68994497215763,7.27221845537175,19.6961193019226,1.10609583754638,"Sample 1.50 mL to AMBR-96DWP-2/D5",1300.77064123134,30,191.607174827086,0.122077679999999,9.9956394228202,1.419448826,3.3666838663726,5.66503770353673,-0.386257927169358,NaN,NaN,NaN,NaN,15.0521352692727,3.96909197400294,6.36757930916596,4.69806562212711,7.27362425565802,13.04027721953,1.20698833847273,"Sample 1.50 mL to AMBR-96DWP-2/D6",1299.1703433429,29.9997311181502,191.291134956007
14.1666666666667,5.411387014,0,5.480397568,0.761077497927509,0,-0.264993725993182,NaN,NaN,NaN,NaN,18.6432872204827,0.217197575468315,0.942772816392177,NaN,6.47809549035652,3.97877133015316,NaN,,1299.7283174649,30,199.205909655286,1.166604908,0,2.85542542,0.585114212555206,0,-0.227135982226342,NaN,NaN,NaN,NaN,18.1263934908333,0.0182059301452541,NaN,NaN,7.47440487765246,3.70399556374684,NaN,,1302.07974642278,29.9964351199283,192.336157951376,0.0282131980000005,60.0011394992096,2.03249534019447,1.64239326010956,11.1064341362378,-0.474773510327652,NaN,NaN,NaN,NaN,18.0808047263333,1.26131210307375,9.61059910041024,46.4111525070511,7.27233727266537,20.0616837337995,0.235941159790728,,1299.27622482592,30.0000864332118,189.375128424177,0.0315439359999994,39.9569101722599,1.97412207545379,1.15654622652578,10.1951363553261,-0.414530394541143,NaN,NaN,NaN,NaN,13.9460554492621,1.80765428910427,10.032244977697,63.6926656590758,7.27346166450771,21.0647683007466,0.155107580213766,,1299.91131711753,29.9995980525554,189.659210527023,0.0683378780000004,19.9977397341651,1.80605243445711,1.55872728700736,8.57541205452894,-0.420931104171521,NaN,NaN,NaN,NaN,14.5473331876945,2.71005709825635,9.11779703679673,7.76942736045897,7.27219512421847,19.7550235986691,1.12170956378784,,1299.49840654011,30,189.847364711435,0.122077679999999,10.0058402124949,1.4207626882059,3.39678583587333,5.66933742932478,-0.388802327836586,NaN,NaN,NaN,NaN,14.878481167,3.65031309800311,6.40216798223985,4.69150612489948,7.27222157079467,13.1025888728988,1.24310822541145,,1301.12745286055,30.0004924893077,189.681323474671
14.25,5.411387014,0,5.480397568,0.76330111565695,0,-0.2599622235641,NaN,NaN,NaN,NaN,18.989650463,0.238916698932567,0.954601133476248,NaN,6.48066126648862,3.9993711163047,NaN,,1299.73761910615,30,199.205909655286,1.166604908,0,2.85601247176595,0.59600392641281,0,-0.226288006219861,NaN,NaN,NaN,NaN,18.589742994639,0.0182714472957736,NaN,NaN,7.47268211458625,3.69862048116703,NaN,,1299.40708282922,30.0044523841199,192.33664179032,0.0282131980000005,59.9978840296917,2.04050945949126,1.62199145232621,10.9873772758071,-0.473006014953333,NaN,NaN,NaN,NaN,18.5181818683672,1.33523184348787,9.79134427229893,46.5834551248461,7.27215765773737,20.3981039148843,0.235861812227224,,1299.9366991156,30.0091748751728,189.380023919278,0.0315439359999994,39.9810889944331,1.98026782737818,1.15789410548207,9.90101899093296,-0.408153323830976,NaN,NaN,NaN,NaN,13.6515583869046,1.91577368343963,10.2145182806945,63.8395772009667,7.27225315308212,21.4055854238712,0.155086626625419,,1301.67645926298,30,189.663267341726,0.0683378780000004,19.9744880824272,1.81192171596064,1.56832269787343,7.99163209161881,-0.419331945744472,NaN,NaN,NaN,NaN,14.679067962127,2.78179119129632,9.20152021672246,7.04042793776187,7.27213897689255,19.9098691542473,1.1358116768527,,1296.69772924884,30.000399911353,189.852180496994,0.122077679999999,10.0057826073653,1.424435194,3.40201270899413,5.11542819243822,-0.389096777519238,NaN,NaN,NaN,NaN,15.1604827710654,3.55084456969707,6.40144280564812,4.00217859458987,7.27282113245984,13.1012866411022,1.27810486034408,,1300.58168843816,30.0017839002693,189.684565897089
14.3333333333333,5.411387014,0,5.480397568,0.759140400369149,0,-0.264601519901479,NaN,NaN,NaN,NaN,18.8095584766667,0.251439563710377,0.979380540489373,NaN,6.4785200821837,4.04252523208696,NaN,,1299.84595733051,30,199.205909655286,1.166604908,0,2.86146829292091,0.591650038700785,0,-0.226635500858241,NaN,NaN,NaN,NaN,18.9272945883609,0.01847736923322,NaN,NaN,7.47218013629827,3.8222977762783,NaN,,1300.37050549147,30.0003722756719,192.342100460581,0.0282131980000005,60.0019776763773,2.04945195327421,1.63257700765186,11.1168332140085,-0.472752417869818,NaN,NaN,NaN,NaN,18.3660119091328,1.35058796108504,9.80535079901836,46.945690905449,7.2720022277433,20.4241610521192,0.236802353478124,,1299.75774008865,30.0007895573895,189.385941702762,0.0315439359999994,40.0213023422537,1.98747080794405,1.16713120708452,10.1093660626033,-0.411017246956167,NaN,NaN,NaN,NaN,13.7515059274053,1.95563979770523,10.2432414361973,64.3166947004549,7.27186062269503,21.4593035978006,0.157180980198831,,1300.52145334971,30,189.668636663673,0.0683378780000004,20.0207946577574,1.81835559939216,1.56438418253382,8.34137730070088,-0.4181604555629,NaN,NaN,NaN,NaN,14.7456131072413,2.91182021884544,9.38764495643898,7.37698616104815,7.27198759107011,20.2547618635866,1.13074529327045,,1300.35693801742,30,189.857561222573,0.122077679999999,9.99907236587288,1.42942594272031,3.42790442404627,5.38022048755265,-0.386966132825031,NaN,NaN,NaN,NaN,14.7859847957407,3.7318462025736,6.37669631336219,4.20170942248646,7.27232522847146,13.0566948495296,1.28054154202018,,1299.21494943639,30,189.688823677851
14.4166666666667,5.411387014,0,5.480397568,0.753531699638118,0,-0.259579340964423,NaN,NaN,NaN,NaN,18.3756524996667,0.255494210958732,0.966349236273007,NaN,6.47752677789271,4.01983278705252,NaN,,1299.58474995569,30.0004007945932,199.205909655286,1.166604908,0,2.86685029275865,0.596578080574909,0,-0.224574183632603,NaN,NaN,NaN,NaN,19.4691738876667,0.0184906028270558,NaN,NaN,7.47279863842346,3.85201109078525,NaN,,1299.98151018011,29.9953073556964,192.347483466329,0.0282131980000005,59.984227798231,2.05850168079339,1.64189591348331,11.1421600969194,-0.472893488395653,NaN,NaN,NaN,NaN,18.0802086355,1.35442978697084,9.86206016195121,46.8560620581041,7.27216930674981,20.5298876925525,0.237795925243423,,1300.98611636616,29.9972748233407,189.392068811976,0.0315439359999994,40.051399388804,1.99602343329478,1.16205632143077,10.1854744003708,-0.410391944500725,NaN,NaN,NaN,NaN,13.8870629857614,1.96970577238664,10.423398604527,64.7026355287887,7.27274198857591,21.7972885693695,0.157419889451322,,1299.73148883182,30,189.67525735069,0.0683378780000004,19.9873642670066,1.82604530900509,1.55675135881628,8.49977127562142,-0.422708208157877,NaN,NaN,NaN,NaN,14.8925073254253,2.96660622131333,9.33239557931444,7.57858386065073,7.27189157841555,20.1522693634859,1.12156784744309,,1299.11176677447,30,189.864092289465,0.122077679999999,9.98837657631324,1.436388697676,3.45002394250768,5.53516812159615,-0.384705761394028,NaN,NaN,NaN,NaN,14.7817200310273,3.84015064808571,6.37443823867549,4.3830689717531,7.27299787108683,13.0526232067131,1.2628935394054,,1299.71231299569,29.9910592291734,189.695356616827
14.5,5.411387014,0,5.480397568,0.758955956690872,0,-0.263074224087638,NaN,NaN,NaN,NaN,18.6608352683333,0.258740681451227,0.923384624953062,NaN,6.47934593620359,3.9281105951159,NaN,,1299.90651453787,30,199.205909655286,1.166604908,0,2.870501392,0.594345944800189,0,-0.22624506218326,NaN,NaN,NaN,NaN,21.9243213116667,0.018642792602835,NaN,NaN,7.47435379363251,3.84410729753509,NaN,,1299.8119614459,29.9863859722418,192.351233923376,0.0282131980000005,59.9543323259016,2.06664780515296,1.64723482195529,11.1158660036335,-0.473107849708036,NaN,NaN,NaN,NaN,18.3626568192112,1.35157219950714,9.87667150314115,47.0189174874716,7.27223680185455,20.5571294778436,0.236414973467176,,1300.33029103539,29.9922857898979,189.397092389257,0.0315439359999994,40.0228885228762,2.00302767573177,1.15873268464855,10.2072108612237,-0.409054772190296,NaN,NaN,NaN,NaN,13.8793846215,1.9742044995301,10.3302601481996,64.8206359145118,7.27187631775348,21.6224324164039,0.157469001021794,,1300.61618079603,30,189.680321768285,0.0683378780000004,19.9352935528208,1.83344380729153,1.56319237584195,8.5766964809361,-0.418464603352627,NaN,NaN,NaN,NaN,14.8803593856667,2.99419798573004,9.37495512816327,7.70168843794936,7.2718267621442,20.2311687355987,1.11361598490882,,1299.49996755421,30,189.870539472406,0.122077679999999,10.0120946134489,1.44041523958826,3.43846030297385,5.62748446725957,-0.388321918440927,NaN,NaN,NaN,NaN,15.0717993313333,3.90614238339465,6.46855732940903,4.5030180968773,7.272624004228,13.2222589411082,1.24974422775945,,1299.50318701097,29.996487056952,189.698853383598
14.5833333333333,5.411387014,0,5.480397568,0.764841099565065,0,-0.258936151630388,NaN,NaN,NaN,NaN,18.9603700066667,0.258382512611409,0.957859632659066,NaN,6.47803379554612,4.0050445373727,NaN,,1298.78441442253,30,199.205909655286,1.166604908,0,2.87633092332184,0.603933705777964,0,-0.224726794934842,NaN,NaN,NaN,NaN,26.2843409808333,0.018320857119399,NaN,NaN,7.47161910876412,3.86911196859982,NaN,,1302.28670083736,29.996620625199,192.35686233129,0.0282131980000005,59.9500195325597,2.07482325215692,1.62428899146144,11.1183306462093,-0.471915237322142,NaN,NaN,NaN,NaN,18.2801365830583,1.35274062648922,10.0668543012133,47.2300772612197,7.27201310204968,20.9122098312765,0.235408932402552,,1300.25227343814,30,189.40224979698,0.0315439359999994,40.0175506952178,2.01155099737763,1.15081872256587,10.2372511826447,-0.413532684135281,NaN,NaN,NaN,NaN,13.9600072213333,1.98043902785845,10.4617157312214,64.8912073079403,7.27251963907492,21.8690054687543,0.157761634301119,,1298.85737768493,30,189.68704755974,0.0683378780000004,19.9816361146196,1.84235043782663,1.5609792667378,8.59235461283944,-0.419466172921236,NaN,NaN,NaN,NaN,14.6775636576667,3.00431577946667,9.47882505390868,7.73923057594854,7.27224785553771,20.4239647442737,1.11023532534622,,1300.57246019215,30,189.878287383169,0.122077679999999,9.98027527811106,1.44784798720663,3.42781675097532,5.67850080831424,-0.388324466783585,NaN,NaN,NaN,NaN,14.959693743,3.94094763928586,6.49787399144304,4.56465643275589,7.27367403139271,13.2751220660145,1.24401845071698,,1299.63459821164,30,189.705757934206
14.6666666666667,5.411387014,0,5.480397568,0.759111365264264,0,-0.263727489032329,NaN,NaN,NaN,NaN,18.7718051815549,0.258190142144535,0.975243834900063,NaN,6.47702467174326,4.03532055440948,NaN,,1299.89522607972,30,199.205909655286,1.166604908,0,2.8840946338756,0.592176486094894,0,-0.227395721573893,NaN,NaN,NaN,NaN,25.1367008594773,0.018241194738508,NaN,NaN,7.47186385094136,3.97553161461167,NaN,,1301.76065789474,30.0065842515014,192.364723175446,0.0282131980000005,59.9801275413606,2.08415526638287,1.64148815376982,11.1649384079301,-0.47379835842552,NaN,NaN,NaN,NaN,18.2800366565639,1.35849488544345,10.1135950617409,47.4131314976697,7.27224465592053,20.9996685891261,0.235482352482354,,1298.22643610824,30,189.408662831706,0.0315439359999994,39.9404049670071,2.01930165990597,1.14766144496155,10.2135176994218,-0.406582706824227,NaN,NaN,NaN,NaN,13.7596768273333,1.97890136024152,10.5003226166873,65.0032015466312,7.27235363442041,21.9416327762769,0.157124080308865,,1300.20693523073,30,189.692798185262,0.0683378780000004,20.0202089560523,1.84940671005822,1.57126680982542,8.60032808377582,-0.419899546161362,NaN,NaN,NaN,NaN,14.8413237703333,3.00525686588172,9.61083214350564,7.76709500489057,7.27176384815313,20.6691962283561,1.10728292314732,,1298.01607079797,30,189.884291810526,0.122077679999999,10.0114764768433,1.45273258172685,3.43440332816656,5.70551531165734,-0.386565991405288,NaN,NaN,NaN,NaN,15.1610125933333,3.96127887270351,6.54861671766011,4.60535657191422,7.27230829875583,13.3666478616794,1.2388911348404,,1300.12412632109,30,189.71011882118
14.75,5.411387014,0,5.480397568,0.755142819526299,0,-0.260425515952016,NaN,NaN,NaN,NaN,18.4177788276118,0.254648291398579,0.947823243036161,NaN,6.47661423092848,3.97866360450647,NaN,,1300.49820200254,30.0052984449823,199.205909655286,1.166604908,0,2.89056160611492,0.588000018049217,0,-0.228412547712675,NaN,NaN,NaN,NaN,26.9631999436049,0.0182010198117561,NaN,NaN,7.47255662661994,3.93223245937486,NaN,,1301.09545701163,30.0095983025393,192.371192150314,0.0282131980000005,60.0069656487364,2.09127202978674,1.63657215732095,11.1771800529206,-0.471728256633631,NaN,NaN,NaN,NaN,18.1206763125835,1.35954817240268,10.1575597033631,47.5996227386841,7.27222235793835,21.0818823517915,0.234817131613985,,1300.12007609599,30,189.41266289449,0.0315439359999994,39.9892488076618,2.02632347338394,1.15231043738731,10.1926021963413,-0.411205296315515,NaN,NaN,NaN,NaN,13.9196893445,1.9761389444833,10.5851464266261,65.055126859942,7.27216991798836,22.1009848336452,0.156677244216487,,1300.22818666773,30,189.69802350885,0.0683378780000004,19.9965183153612,1.85765682788722,1.56835742409128,8.63045747626318,-0.418965702516288,NaN,NaN,NaN,NaN,14.8395594576667,3.01336072485926,9.5640586037616,7.81942479192675,7.27216391185478,20.5821918649187,1.10372156312681,,1300.13689903782,30,189.891591718546,0.122077679999999,10.0045090159878,1.46008361258657,3.40070533321026,5.72151035674424,-0.387545421719831,NaN,NaN,NaN,NaN,15.0801579505,3.97302924958451,6.49696308646794,4.63551545473286,7.27263620376574,13.2734758057134,1.2342798959601,,1301.72539761338,30,189.716831384798
14.8333333333333,5.411387014,0,5.480397568,0.765757490329608,0,-0.260292537543984,NaN,NaN,NaN,NaN,18.485561143,0.252470494807417,1.01189375175072,NaN,6.47816661247361,4.09915961796557,NaN,,1301.89583862463,30.0019335175904,199.205909655286,1.166604908,0,2.8947412523411,0.589013432060362,0,-0.226612503719404,NaN,NaN,NaN,NaN,27.2543710555844,0.0180802082557869,NaN,NaN,7.4719902746178,4.03234222485757,NaN,,1299.90581714927,30.0062929042665,192.375373668755,0.0282131980000005,60.0063763695918,2.0985585711888,1.65541089316728,11.1801579238694,-0.471893041818865,NaN,NaN,NaN,NaN,18.2560162294165,1.36049844003981,10.2137584735457,47.8297570605452,7.27201062256492,21.1869750073217,0.233749945034991,,1298.84979040898,30,189.417030238154,0.0315439359999994,39.9629252315075,2.03382378231421,1.15198551120332,10.2130067623562,-0.409185730768356,NaN,NaN,NaN,NaN,13.9198435683333,1.98062647969987,10.5867853287244,65.2951038943102,7.27220611905427,22.1040872186562,0.156413781342187,,1301.8485164605,29.9971877636912,189.703526178642,0.0683378780000004,20.0073551804083,1.86463183324968,1.56606710983031,8.63644515084594,-0.420571325622395,NaN,NaN,NaN,NaN,14.9195241038333,3.01590255035037,9.6845785513972,7.83021018971695,7.27189818486543,20.8063219725353,1.10296581654694,,1300.57841286036,30,189.897411144942,0.122077679999999,10.0206461733235,1.46531591761289,3.42515034520073,5.73598258230715,-0.385274122386576,NaN,NaN,NaN,NaN,14.8966810888731,3.98290940782457,6.50527410450736,4.69722426565999,7.27284345099455,13.2884656965527,1.22119232261091,,1301.24957737933,30,189.721633514566
14.9166666666667,5.411387014,0,5.480397568,0.766921462276037,0,-0.260556645546029,NaN,NaN,NaN,NaN,18.6387061481667,0.251354299490682,1.02878826720316,NaN,6.47727584147009,4.12859125358494,NaN,,1300.57565835121,29.9991960696999,199.205909655286,1.166604908,0,2.89976315996141,0.602633910043226,0,-0.224769178823279,NaN,NaN,NaN,NaN,32.3415455591667,0.0179999992251396,NaN,NaN,7.47249521734509,4.11997346298434,NaN,,1301.09229585658,30,192.380393852652,0.0282131980000005,60.024557056841,2.10776343693006,1.62336877975281,11.1195553772662,-0.475742094761031,NaN,NaN,NaN,NaN,18.7179677285,1.35279313076439,10.3886375982826,47.8651168601976,7.27227385720885,21.5147413438657,0.232310907826213,,1299.06724471871,30,189.423111410274,0.0315439359999994,40.0306123123163,2.04130644579803,1.15739460742243,10.2102413189819,-0.41304573929657,NaN,NaN,NaN,NaN,14,1.97933107112804,10.7176554720009,65.3438767675088,7.27245508828216,22.350430954698,0.156255245175547,,1299.30103880822,30,189.709209341695,0.0683378780000004,19.9682066592301,1.872395108423,1.56177413151316,8.64865709033304,-0.419323710040301,NaN,NaN,NaN,NaN,14.8392348461667,3.01964425523938,9.70888858906045,7.84420470780667,7.27172629289657,20.8515505510758,1.10255488302923,,1300.97878207994,30,189.90419748947,0.122077679999999,9.99763513209396,1.47157422766983,3.38783301672661,5.75898203368974,-0.385228720668883,NaN,NaN,NaN,NaN,14.7935981159603,3.9977454959205,6.55442440601506,4.73475941233341,7.27244453078198,13.3771311918408,1.2163212106621,,1299.68499651585,30,189.727363595127
15,5.411387014,0,5.480397568,0.758505356305624,0,-0.259338584493513,NaN,NaN,NaN,NaN,18.8995149961667,0.251237730224347,0.971699974421588,NaN,6.4751971529475,4.02915046093325,NaN,,1300.35019860862,30.0063868158859,199.205909655286,1.166604908,0,2.90460042504722,0.597375806205496,0,-0.227621944361221,NaN,NaN,NaN,NaN,30.299699145,0.0179999992251396,NaN,NaN,7.47229849775194,4.14941139076434,NaN,,1301.02251109684,30,192.385215655706,0.0282131980000005,59.9993329144002,2.11498970519229,1.64126884603707,11.1632905829116,-0.469360240657585,NaN,NaN,NaN,NaN,18.4469881851667,1.3583250254306,10.3471867231993,48.0620188997502,7.27192358337123,21.4369875658906,0.232268947455131,,1300.47930901649,30,189.427367656339,0.0315439359999994,39.9364698766766,2.04780203882508,1.16004083545105,10.2191224094677,-0.408347329883917,NaN,NaN,NaN,NaN,13.7849489801981,1.98114888944493,10.7268691435039,65.4354371410348,7.27171951394307,22.3677514397449,0.156171950622343,,1299.63324425065,30,189.713777198514,0.0683378780000004,19.9924477193599,1.8803169573307,1.57986233004621,8.66794345984037,-0.419004914223587,NaN,NaN,NaN,NaN,14.718234963953,3.02871212496897,9.72876376442389,7.86431966280648,7.27224475213839,20.8885723569888,1.10218792046745,,1301.99235598693,30,189.911086460683,0.122077679999999,9.99625889769886,1.47495180288648,3.38841579681922,5.77546978813699,-0.388854104975864,NaN,NaN,NaN,NaN,14.7584623746667,4.00996931205367,6.63524359584464,4.77974089087783,7.27214274570829,13.5230053771456,1.20834571880957,,1298.69133639918,30,189.730210792081
15.0833333333333,5.411387014,0,5.480397568,0.760600945371098,0,-0.26232831789895,NaN,NaN,NaN,NaN,18.7504485591667,0.249404581812346,1.02162913823813,NaN,6.4755571172721,4.11611759309085,NaN,,1300.14558585258,30.0093952470585,199.205909655286,1.166604908,0,2.90910721846084,0.612796900647935,0,-0.223869151645216,NaN,NaN,NaN,NaN,29.0896023395,0.0179999992251396,NaN,NaN,7.47198481523521,4.2130621043424,NaN,,1300.87853109137,30,192.389743334922,0.0282131980000005,60.0080003622066,2.12370210142723,1.63217965704105,11.1619075496102,-0.469828442422134,NaN,NaN,NaN,NaN,18.4005865860602,1.35887162157172,10.6080008253733,48.2342525856883,7.27251037556792,21.9268590013816,0.231411420049398,,1298.07150719832,30,189.433066393024,0.0315439359999994,40.0357569632798,2.05715330422765,1.1501006083055,10.2413307671867,-0.408329389652158,NaN,NaN,NaN,NaN,13.6908682718019,1.98715213766363,10.8658076112035,65.6045648556893,7.27225049823939,22.6297649906788,0.156107297520052,,1300.17422970217,30,189.721160709803,0.0683378780000004,19.9902014775818,1.88670442326803,1.56950351121039,8.68171583540075,-0.419975453628533,NaN,NaN,NaN,NaN,14.6377502572136,3.0325119573733,9.78237625269223,7.86553899174952,7.27182417506117,20.9885036775542,1.10376670619973,,1300.65872206879,30,189.916422102151,0.122077679999999,9.98992895396569,1.48117757503564,3.40644842110582,5.77784776096634,-0.388025653079082,NaN,NaN,NaN,NaN,15,4.0135615072048,6.57402040079752,4.79882208708551,7.27319774254842,13.4124973397961,1.20401622545949,,1298.74387511305,30,189.735907880696
15.1666666666667,5.411387014,0,5.48233526443946,0.756992687370284,0,-0.258016206417195,NaN,NaN,NaN,NaN,18.5553295711667,0.24767372293543,1.00337951578734,NaN,6.4751947524556,4.08433405207036,NaN,,1301.80904486246,30.0081241746533,199.207757337801,1.166604908,0,2.91371067428485,0.605141556602024,0,-0.226327127223792,NaN,NaN,NaN,NaN,30.350010167,0.0179999992251396,NaN,NaN,7.47251459822846,4.10536817221795,NaN,,1300.5676725333,30,192.394343887761,0.0282131980000005,60.0495365367687,2.12991486198589,1.63458229674622,11.1495460432971,-0.472958465927015,NaN,NaN,NaN,NaN,18.1944296914398,1.35688712676006,10.5530362351122,48.2810353701579,7.2719634511588,21.8235768635167,0.230931166260387,,1301.87012126312,30,189.436311867078,0.0315439359999994,40.0427030427039,2.06468121345769,1.15299656098823,10.2370139805043,-0.405006415037166,NaN,NaN,NaN,NaN,13.7188681878333,1.98406547508894,10.9715732615629,65.6912197825247,7.27222512504063,22.8294792736262,0.155836052438096,,1299.82021923612,30,189.726894237635,0.0683378780000004,19.9958951448716,1.89318326452071,1.57146531002237,8.70208773525944,-0.420391561468492,NaN,NaN,NaN,NaN,14.6782235296667,3.03931202109618,9.96761173353229,7.87104516483396,7.27198688475107,21.3338200613384,1.10558672809257,,1298.6133204985,30,189.921743685718,0.122077679999999,10.0105191801655,1.48844341222425,3.40871250259249,5.78838823956476,-0.386365791325889,NaN,NaN,NaN,NaN,14.839948363,4.02196846499749,6.59572236838075,4.80902034756861,7.27362173392065,13.451662058341,1.20365318749195,,1298.66432782048,30,189.742641836982
15.25,5.411387014,0,5.484916464,0.765767552683719,0,-0.25868607473202,NaN,NaN,NaN,NaN,19.0211205020222,0.245335190355447,0.993639637505342,NaN,6.47737872607687,4.06736143110861,NaN,,1300.58532972714,30,199.210428551286,1.166604908,0,2.917540762,0.594370689626505,0,-0.225392745769896,NaN,NaN,NaN,NaN,30.853267133219,0.0179597826634569,NaN,NaN,7.47378597703549,4.16332824693172,NaN,,1300.53627035752,29.9945077860928,192.398273293376,0.0282131980000005,60.0021227195982,2.13668905584951,1.63346214108193,11.1527273535203,-0.470073200227566,NaN,NaN,NaN,NaN,18.3928168384114,1.35757926615437,10.7064488047035,48.5906777718172,7.27210892070121,22.1121857359016,0.229525100838777,,1300.32973751891,30,189.439972313832,0.0315439359999994,39.9845065784086,2.07128193464591,1.1457709109485,10.2562919024288,-0.409459351181983,NaN,NaN,NaN,NaN,13.9194012535,1.9879463573329,11.0959110629092,65.7823069859579,7.27425360778181,23.064673131151,0.155913211856078,,1300.46555229477,30,189.731596944268,0.0683378780000004,19.9845010600573,1.8997339376304,1.58350115468247,8.72080323811724,-0.422835711944226,NaN,NaN,NaN,NaN,14.841562555943,3.04624201138062,9.8498005921467,7.84813921929125,7.27226736970405,21.1140347139234,1.11119633408274,,1302.33113039716,29.9988016657096,189.927341103699,0.122077679999999,10.0233169344002,1.4913593789796,3.41546368190355,5.79490788584841,-0.383968433409247,NaN,NaN,NaN,NaN,15.0245212036667,4.02631322041986,6.65493386819686,4.81594802323216,7.27191453397759,13.5585643798727,1.20328082867433,,1300.70754682365,29.9930810099605,189.745007674324
15.3333333333333,5.411387014,0,5.484916464,0.752773142155179,0,-0.257258236902211,NaN,NaN,NaN,NaN,19.504116266567,0.244368203016581,1.02586177554303,NaN,6.47565437312068,4.12349144483003,NaN,,1301.54752124975,29.9927709957458,199.210428551286,1.166604908,0,2.917540762,0.593761314146157,0,-0.22316448051922,NaN,NaN,NaN,NaN,29.5100763269477,0.0179193223455216,NaN,NaN,7.47325525535349,4.12793151714787,NaN,,1299.02110058232,29.9899997711182,192.398273293376,0.0282131980000005,59.9931282606298,2.14402218441118,1.62011289158232,11.2062327218141,-0.472466309877163,NaN,NaN,NaN,NaN,18.2102795500886,1.3652358715072,10.7097571477232,48.7075207473191,7.27174947021773,22.1185281720089,0.23007249375568,,1299.32694769189,30,189.444338340359,0.0315439359999994,40.0214427370224,2.07263455900185,1.16590092342965,10.250358549795,-0.411136456219663,NaN,NaN,NaN,NaN,13.8791878188333,1.98918078766333,11.0729651112859,65.80368597997,7.27239262281339,23.021316012258,0.155772181426936,,1300.99102892623,30,189.731052385851,0.0683378780000004,20.0273468806262,1.90613223823708,1.56061754213526,8.73443050599336,-0.421226250027449,NaN,NaN,NaN,NaN,14.7607512564153,3.05010914460102,9.91380968416668,7.85066712551654,7.27163448040715,21.2334797321753,1.11257324564007,,1301.24627364813,30,189.932685684653,0.122077679999999,9.99788716064095,1.4985459210828,3.41431534646069,5.80915874043875,-0.385871705662174,NaN,NaN,NaN,NaN,15.015075563,4.03389544892064,6.67619090112849,4.80021042538055,7.27242952611402,13.5969440282176,1.21019194217159,,1300.57192423236,29.994442958134,189.751686388326
15.4166666666667,5.411387014,0,5.484916464,0.756294200400125,0,-0.256477204221408,NaN,NaN,NaN,NaN,19.0112400497237,0.242104193982933,1.03679837743944,NaN,6.47565614230928,4.14254668066728,NaN,,1299.06969712747,29.9918892372662,199.210428551286,1.166604908,0,2.92087475100777,0.599014187885051,0,-0.224558573836447,NaN,NaN,NaN,NaN,26.9837967045,0.0178794732513813,NaN,NaN,7.47240186405372,4.17235383235351,NaN,,1299.0144901431,29.9953821821201,192.401504726435,0.0282131980000005,60.0159826873631,2.1525770706383,1.62171883428524,11.1755763424031,-0.468689029244926,NaN,NaN,NaN,NaN,18.4828395587121,1.36153910525237,10.9143664979783,48.8242170116727,7.27235372330276,22.5042680494548,0.228894681753191,,1300.14808251614,30,189.449923287134,0.0315439359999994,40.0324304648556,2.08121720878137,1.15173411291933,10.3035435791251,-0.410750400693835,NaN,NaN,NaN,NaN,13.9997656588333,1.99660322274212,11.0636815183603,65.5417478133029,7.27213989763222,23.0036502754097,0.157214148196902,,1299.5067925605,30,189.737739041474,0.0683378780000004,20.0174038466103,1.91412358282452,1.57811257578698,8.73207960071966,-0.419681681999968,NaN,NaN,NaN,NaN,14.8025538453883,3.04657305713667,9.98854300606912,7.85975972575512,7.27228254230877,21.3729236403127,1.11098707825034,,1300.43122685,30,189.939522577476,0.122077679999999,10.0254789697846,1.50219137,3.40928680657757,5.82238249548701,-0.385307447008775,NaN,NaN,NaN,NaN,14.8376455261667,4.04202811205483,6.74468415809595,4.79868668923061,7.27300489380055,13.7206884260373,1.21333386525737,,1299.19702505311,30,189.754903756567
15.5,5.411387014,0,5.484916464,0.767179815447045,0,-0.258714186627203,NaN,NaN,NaN,NaN,20.2447139185204,0.240908899303774,1.04454211101253,NaN,6.47613599052867,4.15603709505139,NaN,,1301.00275826402,29.9967858428838,199.210428551286,1.166604908,0,2.92634028434975,0.595448883821704,0,-0.221725793294246,NaN,NaN,NaN,NaN,24.6806264132011,0.0177989087354058,NaN,NaN,7.4724666234551,4.2197533439907,NaN,,1301.4455669541,29.9979816905695,192.406921297075,0.0282131980000005,59.9761308792721,2.15992987511078,1.6332393640185,11.1895890949599,-0.470279198866178,NaN,NaN,NaN,NaN,18.3624782523727,1.36361345805814,10.9010582789587,48.9882214506494,7.27203401097537,22.4791464540616,0.228414663837429,,1300.08799664147,30,189.454170230214,0.0315439359999994,40.0397630040961,2.08448101202199,1.14645549092474,10.3029423161991,-0.408112557651702,NaN,NaN,NaN,NaN,13.9198509816667,1.9975174737911,11.0320394785537,65.9929194728308,7.27149075690487,22.9437747815433,0.156122539247519,,1300.71513889353,30,189.73900408392,0.0683378780000004,19.9931233130501,1.9209373059358,1.56456119573089,8.73671037602415,-0.422260079047848,NaN,NaN,NaN,NaN,14.7217392021945,3.04901058453932,10.0747745955985,7.87748611640871,7.27213713977459,21.5340145397841,1.10907630699656,,1301.29284564709,30,189.945377761107,0.122077679999999,10.0000099838756,1.50454745651163,3.381190408983,5.8408990743058,-0.38568150809709,NaN,NaN,NaN,NaN,15.0400866273333,4.05509209225134,6.75005619158879,4.84537607081889,7.27266744216956,13.7304163649733,1.2058480020094,,1300.86170105482,30,189.756630566141
15.5833333333333,5.411387014,0,5.484916464,0.75886979764343,0,-0.256519753967159,NaN,NaN,NaN,NaN,21.0846729111265,0.238392000824863,1.0872709038235,NaN,6.4769718455498,4.23048916501437,NaN,,1301.31007526587,29.9963924720155,199.210428551286,1.166604908,0,2.93258819452623,0.598909948314371,0,-0.224210329254547,NaN,NaN,NaN,NaN,19.0982604331229,0.0178387167481158,NaN,NaN,7.47349779542849,4.17933510658659,NaN,,1300.15076023565,30,192.413272339356,0.0282131980000005,60.0202273862914,2.1669936834097,1.64908205389761,11.1647481931562,-0.468887090597699,NaN,NaN,NaN,NaN,18.4837607092485,1.36098909899383,11.0095610359458,49.1602806799267,7.2718163268006,22.6841456175158,0.227109675497958,,1300.15893335893,30,189.458311968557,0.0315439359999994,40.0242090117608,2.0964901957441,1.14949349790472,10.2958657857678,-0.410386852539631,NaN,NaN,NaN,NaN,14.1763529943406,1.99627033568717,11.2367891279836,65.8629392309504,7.27134023485719,23.3315858701004,0.156324783354177,,1299.75127098215,30,189.74911206062,0.0683378780000004,19.9704121632963,1.92739287303314,1.55864952051811,8.7519738223724,-0.419260319507702,NaN,NaN,NaN,NaN,14.7867790887256,3.05556675918767,10.1035653977166,7.89207171075704,7.27198456724806,21.5878333879281,1.10895915355006,,1298.69681448281,30,189.950779481101,0.122077679999999,10.0080221191151,1.51174514029048,3.39311695477878,5.8654897671556,-0.384981681890081,NaN,NaN,NaN,NaN,14.7989702446667,4.07180541248246,6.84090256942508,4.87334834908708,7.27355039597315,13.8946612652272,1.2038706286052,,1300.63986024045,30,189.763296215297
15.6666666666667,5.411387014,0,5.48773865659821,0.799189131274496,0,-0.26023723675377,NaN,NaN,NaN,NaN,21.6343138350097,0.239379786391776,1.03922208624776,NaN,6.47621979655272,4.14677997121202,NaN,"Sample 7.00 mL to CDW Samples 2/C1",1299.57358982072,29.9938743150758,194.851480965402,1.166604908,0,2.93539091664414,0.609188610572544,0,-0.224921177370765,NaN,NaN,NaN,NaN,19.9971229318427,0.0177641054721023,NaN,NaN,7.47353150429464,4.10930710388471,NaN,"Sample 7.00 mL to CDW Samples 2/C2",1299.36314435833,30.004376142973,187.959252849451,0.0282131980000005,59.9819410565142,2.17698425414036,1.56186710086108,11.5158576924406,-0.471476605319733,NaN,NaN,NaN,NaN,18.4380320820677,1.3029996154975,11.0240242769909,50.6872536456498,7.27244689795018,22.7114779559123,0.225531770089637,"Sample 7.00 mL to CDW Samples 2/C3",1299.91861790171,30.0024483920013,184.893718134227,0.0315439359999994,39.9647166658987,2.10914918544637,1.09912473822629,10.5691457021191,-0.406693732458854,NaN,NaN,NaN,NaN,13.8243259631594,1.88616926977247,11.3704611427683,67.7279564173188,7.27368269186186,23.58520456493,0.153745808325492,"Sample 7.00 mL to CDW Samples 2/C4",1300.00430608162,30.0034358232606,185.089426679562,0.0683378780000004,20.0153902768391,1.9352837090934,1.52687919135058,8.98424367854289,-0.421026514680171,NaN,NaN,NaN,NaN,14.9200812109452,2.90370105968587,10.2431708812828,8.1100876288681,7.27268907778209,21.8490732267723,1.11202747336576,"Sample 7.00 mL to CDW Samples 2/C5",1297.34993524287,30.00760672146,185.17438982866,0.122077679999999,10.0140014906366,1.51377721255855,3.40205054332954,6.04087930909133,-0.385606693588431,NaN,NaN,NaN,NaN,14.9379433211883,3.90869512394338,6.77930142597895,5.32623225400319,7.27236058304993,13.7832683425027,1.18251598047309,"Sample 7.00 mL to CDW Samples 2/C6",1299.30202947363,30.008851409509,184.045318970477
15.75,5.411387014,0,5.490000222,0.762720808903572,0,-0.223172724274101,NaN,NaN,NaN,NaN,21.3269707012416,0.256717211658149,1.14473636223748,NaN,6.47692476557217,4.33063636770836,NaN,,1299.34186398189,30.0100002288818,191.921512309286,1.166604908,0,2.937583624,0.599653673040363,0,-0.20656183564703,NaN,NaN,NaN,NaN,19.9198307291667,0.017712019244433,NaN,NaN,7.4734818871542,4.21582273394349,NaN,,1299.36405413581,30.0200004577637,185.124316155376,0.0282131980000005,59.9940760410748,2.18430314884649,1.68120189799398,11.4892328694703,-0.470611996546391,NaN,NaN,NaN,NaN,18.2847063789323,1.32004803963882,11.1496340714201,51.3629862678396,7.27199847762115,22.9492866352043,0.221449737878301,,1300.17604873474,30.0180346610029,182.175494758451,0.0315439359999994,40.0092123664373,2.11400944022716,1.1687267639753,10.4081535530566,-0.411743625551541,NaN,NaN,NaN,NaN,13.758613812,1.87798605283889,11.3271738323209,68.6126307995374,7.27230002160871,23.5029765273213,0.148669555847217,,1300.57629070124,30.0199882992028,182.468943768327,0.0683378780000004,19.9975488768153,1.94226557272235,1.58636006149245,8.6323044588171,-0.417402661375492,NaN,NaN,NaN,NaN,14.8797071318882,2.74862011981952,10.285827291964,7.72908001738616,7.27189399852657,21.9289978969496,1.12225531414232,,1299.36158352585,30.0268305289597,182.669441765381,0.122077679999999,10.0025564788594,1.51750842813105,3.39626414970719,5.52679804335143,-0.38575227601416,NaN,NaN,NaN,NaN,14.9020535978117,3.53100835054819,6.84890661796006,4.50008586513438,7.27280160379819,13.9091270934711,1.26601927528503,,1301.48802579232,30.0294042654005,182.474015460242
15.8333333333333,5.411387014,0,5.490000222,0.766325298921371,0,-0.258404481123074,NaN,NaN,NaN,NaN,21.3922366101222,0.27283884625586,1.15059310329584,NaN,6.47750770388535,4.34084541678807,NaN,,1299.41340705439,30.0104031732693,191.921512309286,1.166604908,0,2.937583624,0.605746176311145,0,-0.223738047860493,NaN,NaN,NaN,NaN,20.2706142203333,0.0177986365970347,NaN,NaN,7.47234162335166,4.2403946416231,NaN,,1298.34769613983,30.0152870452697,185.124316155376,0.0282131980000005,59.984849731253,2.19231683808956,1.64588680837109,11.5536094230264,-0.472994969936871,NaN,NaN,NaN,NaN,18.1157795545,1.35526187182305,11.2170557294773,51.5811458286299,7.27256281618813,23.0769686278877,0.223988593381433,,1299.7379746386,30.0168280611483,182.180599547678,0.0315439359999994,40.0139335449034,2.12086070229141,1.15704908096277,10.4777880512876,-0.408943799411157,NaN,NaN,NaN,NaN,13.7589048846667,1.95756407242859,11.3378955936091,68.9311070464421,7.27482520356196,23.52333248642,0.152003907528546,,1300.69727476937,30.0143589368075,182.473899404393,0.0683378780000004,19.9727491402476,1.951052475893,1.58268452692086,8.70485421314925,-0.415131097829575,NaN,NaN,NaN,NaN,14.7071682414463,2.92292830727752,10.2559955489755,7.81117123675313,7.27209481817383,21.873115501539,1.11445626215463,,1300.7920568178,30.0154746712757,182.677274651892,0.122077679999999,9.99375558145062,1.52470456286008,3.39335153382686,5.62816324394222,-0.38524611149841,NaN,NaN,NaN,NaN,14.7727769470031,3.75418314761868,6.92647534036277,4.46674748611479,7.27290950706388,14.0494815831488,1.26037662792459,,1299.64728743638,30.022638880901,182.480651869273
15.9166666666667,5.411387014,0,5.490000222,0.763659443829076,0,-0.252925059167616,NaN,NaN,NaN,NaN,20.125222936,0.279714414150304,1.14519276405122,NaN,6.47951272976403,4.33143856849678,NaN,,1300.01817885501,30.008586563158,191.921512309286,1.166604908,0,2.94034776045081,0.597303672772242,0,-0.223455897090953,NaN,NaN,NaN,NaN,19.0489125346667,0.0179196227780112,NaN,NaN,7.47268379594356,4.16087690651138,NaN,,1299.45673011859,30.0013120548115,185.126978412411,0.0282131980000005,59.9979556281971,2.19970557476763,1.66344694899467,11.6115224345249,-0.471589298878036,NaN,NaN,NaN,NaN,18.4075412284333,1.36221100244342,11.3226696199586,51.7551763106054,7.27211402662901,23.2773148961107,0.224355426524125,,1299.86752414942,30.0099800555207,182.184875031824,0.0315439359999994,40.032457533291,2.122254022,1.17198716664089,10.5557842183221,-0.407557018081854,NaN,NaN,NaN,NaN,13.7593400363333,1.97112501947366,11.5054521055158,68.9525244048392,7.27683852465133,23.8419025753818,0.153090173375462,,1298.5009662366,30.0100002288818,182.473501103574,0.0683378780000004,19.9927610459684,1.95887989206761,1.60214272930197,8.90891966278985,-0.418813404856379,NaN,NaN,NaN,NaN,14.7329538019872,2.9942382693876,10.3736297965261,8.07846762876279,7.27205888724497,22.093593825354,1.10282257572657,,1298.45080889978,30.0100002288818,182.683949860024,0.122077679999999,9.99744072762181,1.53091844223261,3.37153764881622,5.8619715288391,-0.389229767912721,NaN,NaN,NaN,NaN,15.0658489534969,3.91047900555754,6.93094460970301,4.66196303479415,7.27387632048479,14.0575760859816,1.2574442726552,,1300.4986430601,30.0114741040804,182.486347466017
16,5.411387014,0,5.490000222,0.754038299445824,0,-0.259920559891283,NaN,NaN,NaN,NaN,21.3376985781667,0.286694654810873,1.21529265792004,NaN,6.48066201738621,4.45363560611709,NaN,,1300.33598014208,30,191.921512309286,1.166604908,0,2.942628426,0.604059573395185,0,-0.222451511476771,NaN,NaN,NaN,NaN,17.1208684643333,0.0179375119956222,NaN,NaN,7.47331292592312,4.30532929646217,NaN,,1300.31135034192,30,185.129360957376,0.0282131980000005,59.9864791263515,2.20835321532593,1.66721518981505,11.6318296370289,-0.467673925041023,NaN,NaN,NaN,NaN,18.4389108040667,1.36505676176932,11.497495764051,51.9866346108081,7.27258028784033,23.6095904433767,0.22374667874571,,1300.65369965887,30.000094009781,182.190613058832,0.0315439359999994,40.0196052705004,2.12442401260405,1.17636834393087,10.6573893748374,-0.410127940886406,NaN,NaN,NaN,NaN,13.9272524571865,1.98920041265096,11.4590516364105,69.0323256799857,7.27228824697335,23.7536023271712,0.154382390257773,,1301.59815033943,30.0096004293863,182.473573513868,0.0683378780000004,20.0051428635587,1.96645891036299,1.58104499243831,9.0361082757511,-0.421902170118901,NaN,NaN,NaN,NaN,14.7975522590665,3.0361346472163,10.4260917568318,8.26034012396894,7.27190278560533,22.1921317232623,1.09393081949365,,1299.00706373923,30.0035353374773,182.690573059385,0.122077679999999,9.98863121406116,1.53470017808856,3.36798445907786,5.98769399149179,-0.384051533540504,NaN,NaN,NaN,NaN,14.879514736,3.99750711733358,6.9589808001706,4.85248846263337,7.27347108142056,14.1083281632481,1.2340053198867,,1299.46838053703,30.0100002288818,182.489602243493
16.0833333333333,5.411387014,0,5.490000222,0.773613302067407,0,-0.0357227214944554,NaN,NaN,NaN,NaN,22.2260711398333,0.297759718934846,1.22509615156601,NaN,6.47984238002318,4.47073130057724,NaN,"Sample 1.50 mL to AMBR-96DWP-2/E9",1301.18645191263,30.0053556187609,190.735857224906,1.166604908,0,2.94585706185745,0.61256711612486,0,-0.223495764701056,NaN,NaN,NaN,NaN,17.8813250545228,0.017781713445116,NaN,NaN,7.47484179138149,4.22829326174545,NaN,"Sample 1.50 mL to AMBR-96DWP-2/E10",1301.86875758376,30.0017901917766,183.964528987021,0.0282131980000005,59.996309960447,2.21590495898672,1.56849850186312,11.7558667057767,-0.471357103704972,NaN,NaN,NaN,NaN,18.3454472464747,1.30943281074131,11.4036067434241,52.4062743736646,7.27233501773418,23.4310660711288,0.223282066156876,"Sample 1.50 mL to AMBR-96DWP-2/E11",1299.16967695239,29.9995987474346,181.069256148244,0.0315439359999994,39.976520380473,2.13909663536568,1.12114715355912,10.8241497815506,-0.410926869716126,NaN,NaN,NaN,NaN,13.7615238193135,1.9194633257407,11.6564699935843,69.2337214502318,7.27168393094248,24.1295672626818,0.154424739296672,"Sample 1.50 mL to AMBR-96DWP-2/E12",1298.85463080309,30.0000475333813,181.413714016266,0.0683378780000004,20.0158060816167,1.97511130478924,1.56922853134449,9.132527263521,-0.418956387267263,NaN,NaN,NaN,NaN,15.0299078660989,2.94422508778504,10.4831911004388,8.37537930949363,7.27233190160411,22.2992698162191,1.09338962746949,"Sample 1.50 mL to AMBR-96DWP-2/F1",1298.98652294928,30,181.674847377924,0.122077679999999,9.99108644962716,1.53864892147368,3.34549814198397,6.09615333122557,-0.387507707393684,NaN,NaN,NaN,NaN,14.8832570979151,3.96172114715461,6.95486648245141,4.97575939159502,7.27284734853938,14.1008955054923,1.23300375949984,"Sample 1.50 mL to AMBR-96DWP-2/F2",1301.13518749165,30.0063847015592,181.293706889826
16.1666666666667,5.411387014,0,5.490000222,0.773469952053698,0,-0.256231758330064,NaN,NaN,NaN,NaN,21.6515267941667,0.3320238099409,1.20218018783241,NaN,6.47887089409146,4.43077415599666,NaN,,1299.41648935918,30.0108044779009,190.127512309286,1.166604908,0,2.947829052,0.61758548921787,0,-0.22451265042874,NaN,NaN,NaN,NaN,18.491447719794,0.0179999992251396,NaN,NaN,7.47688826765751,4.4068908968222,NaN,,1299.63472362323,30.008662152648,183.340561583376,0.0282131980000005,60.0190325479515,2.22360535303678,1.68907275740566,11.735082361975,-0.470783519695918,NaN,NaN,NaN,NaN,18.4184204105253,1.33995526787084,11.5266597942354,52.6591384924689,7.27231885955361,23.6652274032614,0.221315360250693,,1299.42547043653,30,180.405846150354,0.0315439359999994,40.0045582251508,2.14566188944984,1.1916259741384,10.6314569953235,-0.408807642172432,NaN,NaN,NaN,NaN,13.8293910943416,1.90808729177836,11.8381811230023,69.5987092306556,7.27118665165978,24.4764781140925,0.150002008545452,,1299.81127598682,30,180.69702391354,0.0683378780000004,20.0128480923387,1.98250673431688,1.60084706060578,8.7799450409834,-0.420061338452233,NaN,NaN,NaN,NaN,14.6882967699011,2.75588603714018,10.4598814761739,8.00165689390613,7.27203573743808,22.2554754611604,1.10254606476853,,1298.10692901181,30.0004012183713,180.910411891226,0.122077679999999,10.006962619441,1.54462032101589,3.37493321681946,5.70344482398312,-0.387191544503614,NaN,NaN,NaN,NaN,14.8367526045849,3.59620781679754,7.03485788267788,4.58532877718532,7.27340762531742,14.2457755288938,1.25370071444101,,1299.45321373573,30.0100002288818,180.704462788266
16.25,5.411387014,0,5.490000222,0.758238063278299,0,-0.186813666495745,NaN,NaN,NaN,NaN,21.5949601218333,0.351586246365406,1.29474230581948,NaN,6.48032099119059,4.5921854609592,NaN,,1299.69329254867,30.0051292791155,190.127512309286,1.166604908,0,2.947829052,0.607568650468553,0,-0.222363824805173,NaN,NaN,NaN,NaN,20.6918552338499,0.0179999992251396,NaN,NaN,7.47521739809565,4.18740614814784,NaN,,1301.87652732153,30.0041162618916,183.340561583376,0.0282131980000005,60.0411199720388,2.23193390565635,1.68068667175845,11.8421951702322,-0.471766549215858,NaN,NaN,NaN,NaN,18.3610599655,1.37574851389774,11.6820112119897,52.8376781409345,7.27222103182605,23.9611378582914,0.224124710823861,,1299.51757422844,30.0004010396289,180.411061942551,0.0315439359999994,39.9935283642854,2.15644170913474,1.1615244047721,10.7733440678786,-0.407707620561688,NaN,NaN,NaN,NaN,13.7194815833251,1.99235421626279,11.7060017925209,69.5279857898036,7.27143852504169,24.2239768371903,0.154948182959832,,1300.46095925822,30.0050454766191,180.705911155343,0.0683378780000004,19.9788981934687,1.988712854,1.59193983626993,8.85188102486443,-0.418864549263285,NaN,NaN,NaN,NaN,14.7185570071667,2.94351278874919,10.5158373002293,8.10193417036791,7.28051661897219,22.3605996078874,1.09266815026464,,1299.43400889834,30,180.915764610847,0.122077679999999,9.989302616901,1.54917641473973,3.38868950367555,5.75238738350047,-0.386434941690706,NaN,NaN,NaN,NaN,14.922338880286,3.80462168498562,7.03950342022173,4.60174886767884,7.27355180415301,14.2541901271445,1.2500837602729,,1302.00832276254,30.0008333657005,180.708489615204
16.3333333333333,5.411387014,0,5.490000222,0.761994080395926,0,-0.257112917473301,NaN,NaN,NaN,NaN,21.6437867985,0.363650608682298,1.25305406462008,NaN,6.48068539703556,4.51948299500331,NaN,,1298.73618192691,30,190.127512309286,1.166604908,0,2.94846410515039,0.597607815095862,0,-0.22335254694012,NaN,NaN,NaN,NaN,22.0549400335,0.0179999992251396,NaN,NaN,7.47262781282093,4.2978111843493,NaN,,1300.15270986608,30.0087422315242,183.341094342199,0.0282131980000005,60.0001335168948,2.24011640021495,1.68363664356503,11.8545623372078,-0.470924911920528,NaN,NaN,NaN,NaN,18.3215790523333,1.37789071089028,11.6703404372235,53.1712589129973,7.27205007193675,23.9388346221062,0.222950997018953,,1299.05718614177,30,180.416232827801,0.0315439359999994,39.9719812221154,2.16703588294817,1.17449325175643,10.9071683274749,-0.406702200131658,NaN,NaN,NaN,NaN,13.8796485883333,2.01910197730902,11.7949913235731,70.0805451855237,7.27141900861687,24.3939034310498,0.155637702223977,,1299.21425462199,30.0100002288818,180.71460811903,0.0683378780000004,20.0397367477237,1.988712854,1.59707651703146,9.02832522252383,-0.419524764526449,NaN,NaN,NaN,NaN,14.9194534166667,3.00515617796765,10.6486980640703,8.42149894189467,7.27787213604572,22.6105447977542,1.07208618096637,,1300.16362390867,30,180.914710217514,0.122077679999999,10.0304438570843,1.55373705573411,3.383583222922,5.98787190636869,-0.389004716487106,NaN,NaN,NaN,NaN,15.0784225970473,3.95981014027583,7.12659996301596,4.82143718840602,7.27234099911431,14.4120509013772,1.24196067857908,,1298.08160576843,30,180.712517787246
16.4166666666667,5.411387014,0,5.490000222,0.758190130311959,0,-0.223460171073234,NaN,NaN,NaN,NaN,21.9999421803333,0.366516314864708,1.24926786161609,NaN,6.48073258986762,4.51287991322586,NaN,,1299.60033940656,29.9995951643193,190.127512309286,1.166604908,0,2.95513058382284,0.598530681889651,0,-0.220450062362309,NaN,NaN,NaN,NaN,21.6736649805,0.0179999992251396,NaN,NaN,7.47184873097908,4.48533886317258,NaN,,1301.21995916481,30.0012071784128,183.347737926154,0.0282131980000005,60.0076241767481,2.24853689045436,1.69171674240431,11.8935110964896,-0.470600863774436,NaN,NaN,NaN,NaN,18.0404551228333,1.38318095486346,11.78804428321,53.3861476244581,7.27221383583062,24.1635238905921,0.222783082468625,,1300.02357733154,30,180.42170411718,0.0315439359999994,40.0466459417331,2.17824146482421,1.18444048763023,10.9402599683993,-0.41167129212209,NaN,NaN,NaN,NaN,13.9595724738333,2.02417684521217,11.9423600345446,69.9636363334493,7.27205771694801,24.6757990977217,0.156372581917432,,1300.99309650763,30.005458399355,180.723920152161,0.0683378780000004,20.0371908133236,1.99154943785177,1.58751311608953,9.18756583928947,-0.418499882265922,NaN,NaN,NaN,NaN,14.8790543691667,3.05567781194371,10.7933827399812,8.61221514341039,7.27188331600678,22.8830495725709,1.06680905126058,,1301.77703874795,30,180.916289899,0.122077679999999,9.99384906727618,1.56150911861732,3.42977939348121,6.13249033388907,-0.384860117994614,NaN,NaN,NaN,NaN,14.8385755515,4.05460835173257,7.17422368810322,4.99260979104538,7.27287058677235,14.4984161053349,1.22835960987508,,1302.2180978502,30,180.719657684075
16.5,5.411387014,0,5.490000222,0.760261098016949,0,-0.258343204717724,NaN,NaN,NaN,NaN,19.7680499466667,0.367534438985712,1.21235889980469,NaN,6.47874477997979,4.44853090610152,NaN,,1299.41154865496,30.0019016250038,190.127512309286,1.166604908,0,2.96291616729513,0.608067398648747,0,-0.223658977954988,NaN,NaN,NaN,NaN,21.593485945,0.0179999992251396,NaN,NaN,7.47302989782112,4.39606020271368,NaN,,1300.49036175233,30.0008052078743,183.355571902121,0.0282131980000005,60.012389355607,2.25911967628827,1.68131836241074,11.9845687161813,-0.467890593978684,NaN,NaN,NaN,NaN,18,1.39432388818451,11.8236336339179,53.850087175855,7.27253906148449,24.2315881015373,0.22255493245527,,1298.6417366412,30,180.429162064884,0.0315439359999994,39.9880752606052,2.18605449347289,1.1771470694096,10.9273708480636,-0.407053039021678,NaN,NaN,NaN,NaN,13.799398516,2.02329508659258,12.0167733484053,70.3582189164323,7.27177496874195,24.8182829301043,0.155311011490466,,1299.03653084435,30,180.729841680101,0.0683378780000004,20.0496342853963,2.00400605916143,1.58344171221197,9.3262667810661,-0.417990722740074,NaN,NaN,NaN,NaN,14.920058474845,3.09881665459081,10.8140240813378,8.71244725088132,7.27094016342364,22.9219688696033,1.07045085002943,,1299.68956280126,30,180.92769120607,0.122077679999999,10.0015646156748,1.56833156894834,3.44481397448501,6.21761393887673,-0.386519114120943,NaN,NaN,NaN,NaN,14.9251317203333,4.11284883997581,7.18699246488,5.17470884446438,7.27297821304579,14.5216070578333,1.2016999798616,,1300.20808111831,29.9946044898578,180.726050950836
16.5833333333333,5.411387014,0,5.490000222,0.759011185069898,0,-0.251578664951762,NaN,NaN,NaN,NaN,20.4278203673333,0.363607007477671,1.22172153970509,NaN,6.47989900952429,4.46484448687625,NaN,,1300.52541357769,30.0001104441194,190.127512309286,1.166604908,0,2.96569865227166,0.607660423253897,0,-0.223924913980894,NaN,NaN,NaN,NaN,24.7774962075526,0.0179999992251396,NaN,NaN,7.47235201896623,4.35551915374007,NaN,,1300.47888571485,30,183.358331489319,0.0282131980000005,60.000957843759,2.26837419708122,1.6931630940768,12.0121028682963,-0.468285356107651,NaN,NaN,NaN,NaN,18.315027086562,1.39743695864347,12.0644509244852,53.9596506660624,7.27236971021548,24.6924975314608,0.222613246112235,,1298.83160972423,30,180.435567460525,0.0315439359999994,39.9976800086135,2.19481243915808,1.17360519333974,10.965319228874,-0.407335858504392,NaN,NaN,NaN,NaN,13.7991964268333,2.03058169103093,12.1228113284486,70.2135717365617,7.2721821697796,25.0215602426038,0.156172714313878,,1298.24372840992,30,180.736805638739,0.0683378780000004,20.0033393259038,2.01031273822591,1.58605405335307,9.4025098780524,-0.418562086654064,NaN,NaN,NaN,NaN,14.6782067244883,3.12516235126347,10.864112974568,8.77772625921425,7.27095964186214,23.0164252613294,1.07119034456432,,1303.25197546136,30,180.933044157347,0.122077679999999,10.0285519857649,1.57640832235016,3.4700451227101,6.27248783793051,-0.387327860294951,NaN,NaN,NaN,NaN,15.1561108198333,4.15158438700737,7.2465941072035,5.30455603127667,7.27502772027402,14.6297569287291,1.18247983870719,,1299.37952197397,29.9901295501402,180.733598467417
16.6666666666667,5.411387014,0,5.490000222,0.758831920041607,0,-0.255995281852549,NaN,NaN,NaN,NaN,21.1210428503333,0.36101384097771,1.30362149450985,NaN,6.47996499892286,4.60767345562121,NaN,,1300.15868481422,30,190.127512309286,1.166604908,0,2.96927364324394,0.600134358107311,0,-0.223429959574216,NaN,NaN,NaN,NaN,25.5589771812808,0.0179999992251396,NaN,NaN,7.4724868078847,4.4597330801175,NaN,,1300.10425738102,30,183.361904657613,0.0282131980000005,59.9873064109859,2.27577802150746,1.66677560070354,12.055535427961,-0.47134678173693,NaN,NaN,NaN,NaN,18.5188099252327,1.4029657025636,12.0229839825815,53.9679091652171,7.27210796429749,24.6129843739121,0.22338359157866,,1299.78955280545,30,180.439864362527,0.0315439359999994,39.9992910807493,2.20325042280226,1.17197847924851,10.9685411112006,-0.409954526081205,NaN,NaN,NaN,NaN,13.9192248545,2.03106909891014,12.226563858126,70.602030918351,7.27216016119292,25.2207891301826,0.155357703687227,,1300.46083038204,30,180.743251451401,0.0683378780000004,20.0165131464128,2.01836073981267,1.58561008493173,9.45742082075077,-0.417755554274254,NaN,NaN,NaN,NaN,14.6406441395598,3.14640108260244,10.8524040050804,8.8687435856681,7.27091919431079,22.994337870407,1.06638752409686,,1301.09697914232,30.0052283177273,180.939935226654,0.122077679999999,10.0077047527992,1.57983022510415,3.46930031454809,6.31407620380333,-0.382178401457321,NaN,NaN,NaN,NaN,15.0813709021667,4.17748565239092,7.15102509572945,5.33954611438145,7.27358425878196,14.4563533892519,1.18255419538156,,1300.58611577002,29.9987854548703,180.736492455108
16.75,5.411387014,0,5.490000222,0.747957852380548,0,-0.224085138589935,NaN,NaN,NaN,NaN,19.8590387820642,0.357079816564644,1.33184974431474,NaN,6.47961743839464,4.65691376002767,NaN,,1300.56135226571,30.0044286423279,190.127512309286,1.166604908,0,2.97307430412897,0.592313550901999,0,-0.224263145252522,NaN,NaN,NaN,NaN,25.537603247,0.0180404498331033,NaN,NaN,7.47220568048825,4.39604598252784,NaN,,1300.01815623701,30.0028121058372,183.365707681376,0.0282131980000005,59.9980439305834,2.28490386615756,1.64226901757518,12.065204098716,-0.471398556908905,NaN,NaN,NaN,NaN,18.4782824925386,1.40505552859403,12.204431852178,54.2723594190622,7.27196865489289,24.9612665777653,0.222309407229345,,1300.40716381504,30,180.445990171597,0.0315439359999994,40.0405340776867,2.21121205541082,1.15019594809678,11.0205259110262,-0.410524272555013,NaN,NaN,NaN,NaN,13.8788290036667,2.04173977165505,12.2962439162682,70.744036019914,7.27210478078459,25.3551970451017,0.155784209339194,,1300.44646016984,30,180.749321817177,0.0683378780000004,19.9778504551895,2.02572426313401,1.5929145636795,9.48062152459809,-0.418646854804723,NaN,NaN,NaN,NaN,14.9971427709402,3.15415660599714,11.0882313770212,8.85270492884338,7.27095979980985,23.4402211761015,1.07094208618083,,1301.8883402164,30,180.946345328602,0.122077679999999,10.0046380061493,1.58529853718977,3.50154996443997,6.35259844424514,-0.38467077222365,NaN,NaN,NaN,NaN,15.1208864471667,4.20139577869803,7.265380647433,5.36432444049383,7.27311051843633,14.6638601452234,1.18423062793282,,1299.61424151575,30,180.741429680991
16.8333333333333,5.411387014,0,5.490000222,0.749567005124015,0,-0.25697579334377,NaN,NaN,NaN,NaN,20.0802986411024,0.35535167485431,1.34548073999292,NaN,6.47855798991216,4.68069490510397,NaN,,1299.48127847275,30.0020124193912,190.127512309286,1.166604908,0,2.9780187465591,0.585983799712688,0,-0.222029621104936,NaN,NaN,NaN,NaN,25.4171791481431,0.0179594184459089,NaN,NaN,7.47300669048998,4.42856896324307,NaN,,1300.07574664566,30.009794827756,183.370748657863,0.0282131980000005,59.9975827563566,2.29463110746861,1.6483585810328,12.1275185834572,-0.471229923862453,NaN,NaN,NaN,NaN,18.577303554,1.41232987316728,12.3495989265674,54.5263754261083,7.27173945906526,25.2403501726074,0.222416330812963,,1300.62421499043,30,180.452707464699,0.0315439359999994,39.9593907902379,2.2225365616992,1.138190590239,11.1290707923078,-0.410410111324681,NaN,NaN,NaN,NaN,13.7986371841667,2.06196982153196,12.2879292766126,70.9015415291477,7.27195059566273,25.3388588476091,0.156965300955054,,1299.6007080761,30.003082169292,180.758756362929,0.0683378780000004,19.979519290747,2.03492741152446,1.56208074622853,9.4930014590916,-0.418623665385683,NaN,NaN,NaN,NaN,14.8791946901667,3.15965937587077,11.0173412800347,8.8106259520199,7.27091970224314,23.305876003414,1.07745232098321,,1300.00454975807,30,180.954394979697,0.122077679999999,10.0018370131932,1.5927240634876,3.52221937457027,6.38320128780811,-0.38530284720208,NaN,NaN,NaN,NaN,15.1952117684497,4.22228668579367,7.26662086553952,5.38578326925043,7.27417760222327,14.6661054039568,1.18519783387389,,1300.12384546381,30,180.748327286664
16.9166666666667,5.411387014,0,5.490000222,0.752565997526378,0,-0.254139389063683,NaN,NaN,NaN,NaN,19.8394568031667,0.351665805225209,1.31516774201598,NaN,6.47649323875892,4.62781902822999,NaN,,1299.6117023268,30.0004021882635,190.127512309286,1.166604908,0,2.98090661738743,0.596788782705009,0,-0.223659850773565,NaN,NaN,NaN,NaN,21.1955139975236,0.0177205147654051,NaN,NaN,7.47233115469094,4.48103360436149,NaN,,1299.37617021916,30.0021565799574,183.373537670197,0.0282131980000005,59.985444953985,2.30336424458205,1.63153907455895,12.145383763983,-0.470034931380174,NaN,NaN,NaN,NaN,18.7228161167007,1.41473760245797,12.3978506487823,54.5249239773805,7.27188207351339,25.3333034686675,0.222749578443808,,1301.08483952126,30,180.458536341716,0.0315439359999994,40.0377958625567,2.23445799949667,1.14157138555711,11.1811795244163,-0.408398772855394,NaN,NaN,NaN,NaN,13.6785305491667,2.07392991270883,12.4067785025212,71.2921254785252,7.27216403492635,25.5676306496624,0.156836423898149,,1299.74397847809,30.0041415654657,180.768786230111,0.0683378780000004,19.9594345648597,2.04273878145386,1.56917077647093,9.51868411090379,-0.420594291514333,NaN,NaN,NaN,NaN,14.7598857175,3.17046803103284,11.0045082126041,8.80059767952597,7.27095833693709,23.281648423674,1.08159645874215,,1299.34171587563,30,180.961251540626,0.122077679999999,10.0037531010243,1.59830739018788,3.5117136894408,6.40726106336071,-0.382984623585372,NaN,NaN,NaN,NaN,15.2225506152165,4.23843223157505,7.2861723775679,5.40415475817116,7.27304372646797,14.7016126428578,1.18561774177924,,1298.88551411996,30,180.753280144991
17,5.411387014,0,5.490000222,0.75909498895275,0,-0.257378293388799,NaN,NaN,NaN,NaN,19.9643577606408,0.348582752938591,1.37554828454273,NaN,6.47695058601585,4.73315515620992,NaN,,1300.25380985014,30,190.127512309286,1.166604908,0,2.9851157355066,0.601578165938214,0,-0.223189860693406,NaN,NaN,NaN,NaN,19.5513620616667,0.0179588801801613,NaN,NaN,7.4730148294091,4.55088034710427,NaN,,1300.4271135177,29.9899997711182,183.377747148164,0.0282131980000005,59.9929977646808,2.31128777209182,1.6345551319925,12.1362593484847,-0.469524152781853,NaN,NaN,NaN,NaN,18.413276909466,1.41356795327446,12.327267159011,54.5770667316918,7.27234964474536,25.1975126988206,0.222369697246212,,1299.33933069633,30,180.463355755114,0.0315439359999994,39.9890109575021,2.24410354290316,1.16603496034471,11.197022694835,-0.404747320843159,NaN,NaN,NaN,NaN,13.7589018026465,2.07637682453928,12.52435026966,71.3877787896142,7.27198262880106,25.7944580565995,0.156848112924801,,1300.12665617763,29.9979922254634,180.776537684208,0.0683378780000004,19.9493955188469,2.05169246960365,1.58838008420529,9.53023077412647,-0.418885278838387,NaN,NaN,NaN,NaN,14.9196745065,3.17554098574177,11.1265000144915,8.78536624988441,7.27131065626123,23.5124651796397,1.08478636715168,,1299.82449597249,30,180.969052958503,0.122077679999999,10.0094200210705,1.60448346867932,3.52995964232794,6.43363374155709,-0.384361199509188,NaN,NaN,NaN,NaN,15.1447136487772,4.25706869103744,7.31264392979896,5.43865344044825,7.2735377330193,14.7497074289859,1.18295023791996,,1301.00983944351,30,180.759027067636
17.0833333333333,5.411387014,0,5.490000222,0.757647266808555,0,-0.254231004953032,NaN,NaN,NaN,NaN,19.9555255828592,0.343449540553737,1.34564501537367,NaN,6.4774802231554,4.6809797413174,NaN,"Sample 1.50 mL to AMBR-96DWP-2/G5",1302.02815167536,30,190.039877197904,1.166604908,0,2.98911060435798,0.592050318878209,0,-0.222262263577587,NaN,NaN,NaN,NaN,19.5324080969158,0.0176785123832606,NaN,NaN,7.47267209163211,4.56950487918132,NaN,"Sample 1.50 mL to AMBR-96DWP-2/G6",1298.08881844171,29.9924101322557,183.318974576275,0.0282131980000005,59.9955628824483,2.32062001832113,1.54807422714118,12.1725668943264,-0.46737579443718,NaN,NaN,NaN,NaN,18.236268101,1.4178999644029,12.4982612413512,54.8006561750963,7.27250300709879,25.5268640994924,0.222068132131864,"Sample 1.50 mL to AMBR-96DWP-2/G7",1301.9015404515,30,180.441975544212,0.0315439359999994,39.9752375035452,2.25151719144093,1.12354017611057,11.1983955536539,-0.409257745696127,NaN,NaN,NaN,NaN,13.7997693163535,2.07821733269742,12.6278704713094,71.3810735901189,7.27193925148932,25.9942788143897,0.156832443417971,,1299.81591824018,29.9995988045242,180.782090039079,0.0683378780000004,20.0084240808553,2.05924483485426,1.57555204372418,9.53715966546413,-0.41790503863476,NaN,NaN,NaN,NaN,14.8159162751667,3.18082513243238,11.262041580012,8.78115384191075,7.27135644083298,23.7694069935433,1.08616029038863,,1299.56100804266,30,180.975551596538,0.122077679999999,10.0015474387245,1.60910974200528,3.51196595879346,6.45340515594974,-0.384602755670189,NaN,NaN,NaN,NaN,14.8005254993899,4.26625603003982,7.39521254697646,5.42717435103431,7.27290076744228,14.8997101840557,1.1893558999908,"Sample 1.50 mL to AMBR-96DWP-2/G10",1299.04292779356,29.9997538073586,180.676809673654
17.1666666666667,5.411387014,0,5.490000222,0.761425075476189,0,-0.257145386206635,NaN,NaN,NaN,NaN,19.6471452787394,0.355010997956336,1.32499506523791,NaN,6.47611040603441,4.64495396052332,NaN,,1300.84286851197,30.0059522992408,188.333512309286,1.166604908,0,2.99313488,0.590312450862519,0,-0.22209976410077,NaN,NaN,NaN,NaN,18.2669290474176,0.017919467925441,NaN,NaN,7.47467013591472,4.53946074736896,NaN,,1299.52893885017,29.9955976608158,181.591867411376,0.0282131980000005,60.0150558983211,2.3286974349795,1.64158410521699,12.3188763419506,-0.471597313281235,NaN,NaN,NaN,NaN,18.6012345713452,1.33262978294897,12.6130248635925,55.4215155145917,7.2720434732007,25.7484770797625,0.219007091894708,,1299.27662335439,30.0008763508561,178.680859999755,0.0315439359999994,40.0493103600378,2.25963257187848,1.14854700133738,11.3008159722957,-0.408871133039923,NaN,NaN,NaN,NaN,13.8808523685242,1.92619780607125,12.5369270171407,71.8387103741336,7.27262092544887,25.8186413868626,0.15251599114111,"Sample 1.50 mL to AMBR-96DWP-2/G8",1301.76150028622,29.9980878283482,179.015401728754,0.0683378780000004,19.9684715093885,2.06410621887015,1.54441401437865,9.6493716699771,-0.418530134244996,NaN,NaN,NaN,NaN,14.7824132773333,2.92893554411832,11.4661059738289,8.92342594342574,7.27174070700855,24.1574590174796,1.09081082757947,"Sample 1.50 mL to AMBR-96DWP-2/G9",1302.42715889325,30.0001819165541,179.256568485213,0.122077679999999,9.99605831709752,1.61665880532605,3.55824290237347,6.50743737897432,-0.384857708246353,NaN,NaN,NaN,NaN,15.0401756938333,3.96971437497392,7.52890067299094,5.46405945072647,7.2733420815154,15.1428663690379,1.20340068560927,,1299.02938828668,29.9978390967253,178.976142225394
17.25,5.411387014,0,5.490000222,0.748780052767651,0,-0.244425139627493,NaN,NaN,NaN,NaN,19.9504329460939,0.380664664329018,1.34973495411525,NaN,6.47702272154725,4.68811360713073,NaN,,1298.7176131659,30.0100002288818,188.333512309286,1.166604908,0,2.99313488,0.593503801832042,0,-0.119249916572494,NaN,NaN,NaN,NaN,19.3617537118333,0.0179595813797988,NaN,NaN,7.47305366476641,4.50803167621556,NaN,,1298.80517721553,30.0012042432556,181.591867411376,0.0282131980000005,59.9989418031653,2.33736520535466,1.67594005895766,12.2546760659529,-0.473348880134563,NaN,NaN,NaN,NaN,18.3206870756645,1.41379940282138,12.8649154617946,55.618499048753,7.27199366957947,26.236240943253,0.220311419213226,,1299.86087440424,30.0099663151571,178.686416080756,0.0315439359999994,40.0380513776304,2.2669245066027,1.1574346739013,11.0509272256906,-0.409094994835149,NaN,NaN,NaN,NaN,13.9585413751425,2.0263129230034,12.7415847693575,72.2080849526968,7.27224333991328,26.2143607940843,0.15278551213117,,1300.5376483011,30.0100002288818,178.999690289273,0.0683378780000004,19.9957609478581,2.07305552738424,1.59602933448972,9.0959410207156,-0.416056738979185,NaN,NaN,NaN,NaN,14.7989315831667,2.98025230140169,11.4155226900671,8.2522499897849,7.27091157426342,24.0608287374417,1.10345660890351,,1298.7999531091,30.0062457939545,179.1932814014,0.122077679999999,9.98319749702951,1.62165227463568,3.56444472346302,5.85286368647415,-0.383801366412635,NaN,NaN,NaN,NaN,14.8798788553333,3.8370731385929,7.57977003540902,4.87929169357699,7.27238112164691,15.235489555777,1.19958118995591,,1301.17665746024,30.0036208662731,178.980605878136
17.3333333333333,5.411387014,0,5.490000222,0.745502378813777,0,-0.257996017190988,NaN,NaN,NaN,NaN,19.4337211043333,0.400827052143503,1.3598368657775,NaN,6.47800188987235,4.70574043183124,NaN,,1300.38554131367,30.0100002288818,188.333512309286,1.166604908,0,2.99620602788724,0.588930918717006,0,-0.220680524614665,NaN,NaN,NaN,NaN,19.0692771121667,0.0179999992251396,NaN,NaN,7.47251664193959,4.57244487939224,NaN,,1298.82882696175,30.0004885525085,181.594833656066,0.0282131980000005,60.0226491525434,2.34669998098973,1.67797035339639,12.4514892154262,-0.466666522216331,NaN,NaN,NaN,NaN,18.2466356134903,1.43659565774458,12.9205768108053,55.9038328688886,7.27209887296131,26.3442510286692,0.222730732208935,,1301.57256431606,30.0020196962344,178.692751681217,0.0315439359999994,39.9664250638563,2.27778613791993,1.15886078987523,11.3892417573854,-0.408023542331938,NaN,NaN,NaN,NaN,13.8943317708333,2.09208676910301,12.9417928127762,72.3552171505132,7.27207011999561,26.6025581030443,0.157406190867808,,1300.97153653857,30.0100002288818,179.008662080533,0.0683378780000004,20.003097722729,2.08014036362488,1.60741755250881,9.46829403799128,-0.418844663231327,NaN,NaN,NaN,NaN,14.94014194,3.12140438827462,11.526520415365,8.57342276446816,7.2710198606061,24.271875818852,1.10439018034487,,1301.23394917066,30,179.199389190554,0.122077679999999,10.0098406120436,1.6268712883586,3.57002080492745,6.18875317659477,-0.380499491779177,NaN,NaN,NaN,NaN,14.859136818,4.05745639960128,7.54511851833835,5.15894630680391,7.27268977100932,15.1724211279102,1.19961847313652,,1299.67120224603,30,178.98529441803
17.4166666666667,5.411387014,0,5.490000222,0.744707813365887,0,-0.229229890513018,NaN,NaN,NaN,NaN,19.2103587832756,0.406092310830275,1.40197619813999,NaN,6.47718991244298,4.77926769931536,NaN,,1299.94188765609,30.0029823812397,188.333512309286,1.166604908,0,2.99885407996747,0.597291456239276,0,-0.218373265659314,NaN,NaN,NaN,NaN,18.9203170133222,0.0179596211720646,NaN,NaN,7.47236080869662,4.63210465607608,NaN,,1300.23121448467,30.0008037770682,181.597486417705,0.0282131980000005,60.0309079311198,2.35409288963361,1.66640289816678,12.5406795401264,-0.470220759472097,NaN,NaN,NaN,NaN,17.9613306138209,1.44669003256202,12.8689731065926,56.1220590589338,7.27161648514718,26.2440879943356,0.223454030788867,,1299.64599926804,30,178.697139944912,0.0315439359999994,39.9859864958813,2.28904806836839,1.15420956527691,11.5272791537922,-0.410053485655923,NaN,NaN,NaN,NaN,13.9196519731667,2.11976737900618,13.0225660455049,72.6882125730044,7.27176697631809,26.7595284208851,0.15858558280128,,1300.19690013242,30.0080399868298,179.018038773781,0.0683378780000004,19.9913124465086,2.08888060879013,1.60494882620788,9.64947212800733,-0.413770999220657,NaN,NaN,NaN,NaN,14.6352878845,3.18030346859019,11.6555256207314,8.80484226811685,7.27124213681216,24.517590746602,1.09594539791315,,1299.66395413551,30,179.207074429746,0.122077679999999,9.99729610744807,1.63433422882318,3.58451742425157,6.3775229034095,-0.381989430332175,NaN,NaN,NaN,NaN,15.060682316,4.17949886744476,7.66651028486757,5.3100395704173,7.27287266673474,15.3934791002923,1.20102523917686,,1300.83486875235,30,178.992126493987
17.5,5.411387014,0,5.490000222,0.75756634801278,0,-0.253109442733736,NaN,NaN,NaN,NaN,19.1507100388911,0.408558069795356,1.37896985630121,NaN,6.47972543150651,4.73912649256914,NaN,,1300.38606672813,30,188.333512309286,1.166604908,0,3.003341352,0.583189793449579,0,-0.222476379287298,NaN,NaN,NaN,NaN,20.1669417275112,0.017959656248005,NaN,NaN,7.4726016936715,4.82101370318073,NaN,,1301.21532248176,30,181.602073883376,0.0282131980000005,60.0101349446788,2.36346174178847,1.6577323187085,12.5573750131213,-0.469816313526034,NaN,NaN,NaN,NaN,18.2646584090125,1.44888401528472,12.9435913522082,56.297733330256,7.27236028575389,26.3889513832806,0.223053374495508,,1300.78798199976,30,178.703606903078,0.0315439359999994,39.9748001178354,2.30008787742169,1.1721386855869,11.5929523235858,-0.410587253623648,NaN,NaN,NaN,NaN,13.9597350003333,2.13177303517748,13.0316849704844,72.6664954024267,7.2723992383767,26.777243585242,0.159538825258164,,1299.46795246202,29.9995970767864,179.027188940829,0.0683378780000004,19.9926880892784,2.09701927100178,1.59418452746938,9.71765027977424,-0.419679639813889,NaN,NaN,NaN,NaN,14.843535358,3.20321876151032,11.694126011045,8.87651132986108,7.27088523909641,24.5912476059223,1.09476324901345,,1302.93846228405,30,179.214034700086,0.122077679999999,9.99928943413521,1.63963564269343,3.58539935134779,6.4811104229079,-0.385226301126862,NaN,NaN,NaN,NaN,14.7585920845,4.24676832556813,7.60690568958959,5.38150294632872,7.27279589308347,15.284879333672,1.20433025760957,,1299.55545786742,30,178.996996738453
17.5833333333333,5.411387014,0,5.490000222,0.749826833719706,0,-0.25058184551632,NaN,NaN,NaN,NaN,19.053448761,0.407624927157179,1.35778697360263,NaN,6.47844887920192,4.70216770731001,NaN,,1299.68368780876,30,188.333512309286,1.166604908,0,3.00823284227146,0.581356181936096,0,-0.220261398943601,NaN,NaN,NaN,NaN,19.0400051395,0.0179596302203825,NaN,NaN,7.47285302363715,4.73676826741039,NaN,,1300.97181509621,30.0024089373733,181.606865174374,0.0282131980000005,60.0249495320938,2.37244133961788,1.66990390142899,12.464980334623,-0.468734849746815,NaN,NaN,NaN,NaN,18.5579959151667,1.43927067534392,13.1003859537118,56.4535559943007,7.27250602928849,26.6940677050549,0.2208024925222,,1300.05612606421,29.9995981256737,178.709485862066,0.0315439359999994,39.9641429319696,2.30869588372763,1.16570814566327,11.5660364497041,-0.409586977668805,NaN,NaN,NaN,NaN,13.8793094321667,2.12740435242158,13.0507525828414,72.7493893450615,7.27254928242122,26.8144771416027,0.158985364943422,,1300.78562214004,29.9981413097989,179.033910126308,0.0683378780000004,20.0548416908686,2.10653565404284,1.57564132665971,9.78190899314496,-0.418556605186508,NaN,NaN,NaN,NaN,14.924868817,3.22417208410047,11.6450196560301,8.98173669901573,7.27095384166666,24.4975648124095,1.08909330013268,,1299.25941041305,30,179.222537187974,0.122077679999999,10.0269067847605,1.64597802020367,3.6005817152443,6.54755247778453,-0.382362868386743,NaN,NaN,NaN,NaN,14.9600214793333,4.29026506303154,7.65894929566263,5.44802601990092,7.27320154036574,15.3796857764336,1.20184661244308,,1300.60365764705,30,179.002813431752
17.6666666666667,5.411387014,0,5.490000222,0.764591772391848,0,-0.254150417605958,NaN,NaN,NaN,NaN,19.2372380787213,0.404449582525681,1.4018061617255,NaN,6.47704558218008,4.77897078131106,NaN,,1301.02948094514,30,188.333512309286,1.166604908,0,3.01176554780035,0.588243155405513,0,-0.220953820766962,NaN,NaN,NaN,NaN,19.4516133048585,0.0179196256580064,NaN,NaN,7.47206602328909,4.8371873871691,NaN,,1299.53865937392,30.0024167214581,181.610400197888,0.0282131980000005,60.038278133635,2.38122981568691,1.659874862498,12.3651076347171,-0.469477332631466,NaN,NaN,NaN,NaN,18.8393310621667,1.42752751009995,13.2264238542014,56.6001910766156,7.27241424265455,26.9395162045513,0.21846474241838,,1298.91422928136,30,178.715270053919,0.0315439359999994,40.0034706857462,2.31598931203039,1.18161615508517,11.5557005434388,-0.407438301138166,NaN,NaN,NaN,NaN,14,2.12395150685787,13.1996327276669,72.3024045697926,7.2723579058755,27.1042812413675,0.15983096767623,,1300.27123706167,29.9934140668934,179.039418371171,0.0683378780000004,19.9860365633501,2.11544780039811,1.56271747935779,9.82672267492925,-0.416719284936052,NaN,NaN,NaN,NaN,14.5503898368333,3.23524401711105,11.8239831061115,9.08773703524707,7.27087948715228,24.8393210140994,1.08137245564063,,1299.29778840376,30,179.230276845218,0.122077679999999,10.0059425889874,1.65321640720588,3.60939281929111,6.59132183723903,-0.38713155944684,NaN,NaN,NaN,NaN,14.8795718918333,4.31814967728704,7.72144041501595,5.52511461514334,7.27362167939149,15.4935917228556,1.19298006775201,,1298.48145828989,29.9948800254274,179.009521101336
17.75,5.411387014,0,5.490000222,0.754242891533174,0,-0.250057408224268,NaN,NaN,NaN,NaN,19.6457806641121,0.399344242011725,1.37659892637963,NaN,6.47651894110454,4.73498377124057,NaN,,1300.38970170461,29.9956024953614,188.333512309286,1.166604908,0,3.01329461,0.577642346045119,0,-0.226555767598468,NaN,NaN,NaN,NaN,20.2012073414749,0.0177597409337748,NaN,NaN,7.47212557948976,4.87553814308399,NaN,,1299.3581997415,30,181.612027141376,0.0282131980000005,60.0409424738536,2.3902826209829,1.63859226116661,12.2675919605557,-0.470401053111761,NaN,NaN,NaN,NaN,18.5098504118333,1.41647795665219,13.0963435269131,56.7940110912719,7.27216549123841,26.6859380650688,0.216002050259466,,1299.28172403895,30,178.721323856894,0.0315439359999994,39.9272815460817,2.32507233341709,1.15090861543379,11.6127584721281,-0.404962762477427,NaN,NaN,NaN,NaN,13.9597094818333,2.13769359535395,13.2424634553472,72.8345353519182,7.2719657502787,27.187771926346,0.159441425537118,,1298.53104247876,30,179.046512705185,0.0683378780000004,19.9660607756706,2.13052920712102,1.59026151852027,9.86852767766272,-0.416703867551055,NaN,NaN,NaN,NaN,14.8385715929311,3.25514832191094,11.9988989211366,9.36271419499077,7.27184905181028,25.1739221195333,1.05407318845127,,1300.83231727315,30.0054510777234,179.244401429302,0.122077679999999,9.98705736186887,1.65647529798615,3.65072261972255,6.62317666653431,-0.37939576814627,NaN,NaN,NaN,NaN,14.9492241879464,4.33743543964095,7.73562734859136,5.55109305299303,7.27238369220861,15.5194606470116,1.19313008729925,,1298.58897323732,29.9904053616435,179.012246922983
17.8333333333333,5.411387014,0,5.490000222,0.746250270819959,0,-0.259989789124455,NaN,NaN,NaN,NaN,19.7569344940844,0.397968651272055,1.37917624498823,NaN,6.47692565280389,4.73948275638717,NaN,,1300.34106240321,29.9911291426402,188.333512309286,1.166604908,0,3.01731946738127,0.582455136475598,0,-0.223209561449248,NaN,NaN,NaN,NaN,22.0842295359898,0.0177147033726253,NaN,NaN,7.47179369456698,4.79159447088012,NaN,,1297.92502146833,30.0007772424409,181.615951238425,0.0282131980000005,59.9779618568498,2.40025482643488,1.63726997562283,12.2540956566619,-0.467018866600859,NaN,NaN,NaN,NaN,18.8467973983333,1.41634284498538,13.2330825008004,56.7990909373428,7.2724670376717,26.9524980939304,0.215745355254426,,1298.5450819914,30,178.72829527135,0.0315439359999994,40.0049705019872,2.33483753577496,1.16630927273661,11.6540899504172,-0.406450254939801,NaN,NaN,NaN,NaN,13.7195043905,2.14544225160944,13.3883306916273,72.8942938396758,7.27217515308491,27.4729830492553,0.159877538394146,,1301.02960730969,30,179.054391795239,0.0683378780000004,19.968079075672,2.13620839022647,1.56282912749476,9.89776517786067,-0.415801541748571,NaN,NaN,NaN,NaN,14.5794138074333,3.26857120921782,11.9799574788257,9.39848481886268,7.27143609284929,25.1375895248335,1.05315455152043,,1298.0393446914,30.0001775447376,179.249130273035,0.122077679999999,10.0050400798837,1.6925135460058,3.63286433478718,6.64912376168563,-0.384968474265948,NaN,NaN,NaN,NaN,14.9697047935536,4.3567369174955,7.77016547045768,5.57031934026793,7.27315724986903,15.5824492660571,1.19367205735344,,1300.60160889121,29.9986408221494,179.04704620539
17.9166666666667,5.411387014,0,5.490000222,0.736123826259016,0,-0.255892621761093,NaN,NaN,NaN,NaN,19.6519359452465,0.394075838198664,1.40282788056624,NaN,6.4760441506069,4.78075241749711,NaN,,1298.56398976239,30,188.333512309286,1.166604908,0,3.02361843802073,0.578559303261298,0,-0.198058371516672,NaN,NaN,NaN,NaN,27.7757046695102,0.0176483616956351,NaN,NaN,7.4718610944749,4.86318004787459,NaN,,1300.14986779911,30.0016003600061,181.622148850912,0.0282131980000005,60.0155719471014,2.40960670175504,1.63885810306327,12.2151209255105,-0.467709023916465,NaN,NaN,NaN,NaN,19.0816396431667,1.41177582871527,13.3434143955243,56.904465979944,7.27187436579724,27.1678512379787,0.214661133603161,,1299.07002767817,30,178.734655403878,0.0315439359999994,40.0042164536671,2.34261802890394,1.14537150241103,11.6784465082765,-0.407103459125025,NaN,NaN,NaN,NaN,13.8796716833333,2.1488373219675,13.4638435612235,73.221351576712,7.27209378257851,27.6205330980337,0.159496343102367,,1297.90277719438,30,179.060284674985,0.0683378780000004,19.9825751160463,2.14552206785003,1.58135142789523,9.92001822962876,-0.416623671320574,NaN,NaN,NaN,NaN,14.8030825656356,3.27498622975691,11.9450548132201,9.25426101572392,7.27137733692776,25.0707610025973,1.07195093885703,,1298.95329555215,29.9958273727883,179.257288392363,0.122077679999999,10.0044997763651,1.699464554,3.62094571993372,6.66225823834892,-0.384712264226491,NaN,NaN,NaN,NaN,14.8808309885,4.36686424437245,7.80312938928959,5.58641897802341,7.27339986059836,15.6425958144325,1.19258408192686,,1299.43520997889,29.9975871136428,179.054281394752
18,5.411387014,0,5.490000222,0.752992163806531,0,-0.255079550674488,NaN,NaN,NaN,NaN,19.5611356360024,0.390263541908236,1.40644849951806,NaN,6.47693502113954,4.78707513961141,NaN,,1301.05183505258,30,188.333512309286,1.166604908,0,3.028331626,0.574005451416806,0,-0.223651692432681,NaN,NaN,NaN,NaN,31.6456027061667,0.0176733455002045,NaN,NaN,7.47217928202259,4.94429423751138,NaN,,1298.90974757986,29.9932992236574,181.627064157376,0.0282131980000005,59.9755964953027,2.41955023880301,1.64072753385829,12.2318257827161,-0.465340696990429,NaN,NaN,NaN,NaN,19.439083314,1.41452951571424,13.3930075363521,56.9997646454344,7.27195845621377,27.2647440431014,0.214594920346737,,1299.76953936911,30,178.741594687116,0.0315439359999994,40.0072382785603,2.35040395926457,1.15300777971031,11.6879309102214,-0.403553776188696,NaN,NaN,NaN,NaN,13.959505165,2.15077345425883,13.5216715812098,73.3358610108888,7.27234954757361,27.7338474502956,0.15937578265991,,1303.0354322948,30,179.066287295316,0.0683378780000004,20.0199534392959,2.15189000060924,1.58942053366476,9.95972308297895,-0.417038046875103,NaN,NaN,NaN,NaN,14.7748228971667,3.2859701236176,12.0796662957195,9.24247915805349,7.27134596854461,25.3286919636985,1.07760408277512,,1299.36096843347,29.9933309006583,179.262608481026,0.122077679999999,9.99146293781426,1.70377197909241,3.61785269598899,6.68217835235451,-0.380952220523705,NaN,NaN,NaN,NaN,15.1600816038172,4.37899976685521,7.84758589491544,5.61317696679464,7.27232449734858,15.7237220829699,1.19046876909738,,1299.39250060399,29.9995998885976,179.057958010989
18.0833333333333,5.411387014,0,5.490000222,0.746987650123858,0,-0.254400261222018,NaN,NaN,NaN,NaN,19.6642730201667,0.385123365342609,1.44705940025758,NaN,6.47691967246099,4.8579468640779,NaN,,1299.21417361541,29.9957700069887,188.333512309286,1.166604908,0,3.03229902647047,0.596940530147035,0,-0.21924125857612,NaN,NaN,NaN,NaN,29.1297900186667,0.0175171421372161,NaN,NaN,7.47209400665234,5.06187079204547,NaN,,1298.90791310559,29.9899997711182,181.630930528442,0.0282131980000005,59.9706677660908,2.42922726701805,1.64884819561356,12.2182547920627,-0.469092990668423,NaN,NaN,NaN,NaN,19.081134858459,1.41300996898932,13.3332605920394,57.0624450614053,7.27198891660817,27.1479558486848,0.214121807387235,,1299.68182631615,30,178.748362600324,0.0315439359999994,39.9981683351411,2.35863996550234,1.16934950988058,11.7400817518522,-0.407517054772738,NaN,NaN,NaN,NaN,13.5234759110622,2.16157320395992,13.6488768053381,73.4289969955875,7.27215867981787,27.9834752677188,0.15988443602782,,1299.17353935055,30,179.072533159399,0.0683378780000004,19.9721902825218,2.16506704225167,1.58107626993276,10.0082562367838,-0.419312738608242,NaN,NaN,NaN,NaN,14.7589071371667,3.30252642653995,12.1019725186283,9.3382703385996,7.2709196606332,25.3714716201321,1.07175936089202,,1301.09780113442,30,179.274627307153,0.122077679999999,9.98728554450838,1.70981892096324,3.61905429552544,6.71090651038182,-0.384941481254186,NaN,NaN,NaN,NaN,14.6393930621782,4.40008932900756,7.85992244999815,5.66570023612775,7.27213386736832,15.7462421006394,1.1844814397212,,1300.19083572492,30.00038579421,179.063373840706
18.1666666666667,5.411387014,0,5.490000222,0.75741469976016,0,-0.254722767573483,NaN,NaN,NaN,NaN,20.7000157246491,0.381939193166287,1.39503461250953,NaN,6.47631171927077,4.76715927850426,NaN,,1300.83066529826,29.9970045670066,188.333512309286,1.166604908,0,3.03861078842067,0.593574700804992,0,-0.221103909277847,NaN,NaN,NaN,NaN,27.2899068373333,0.0171746626506711,NaN,NaN,7.47251394539425,4.95165778576856,NaN,,1299.49850284349,29.9946441315351,181.637141693099,0.0282131980000005,60.0107334942981,2.44037997551437,1.64389500959084,12.2236594622002,-0.467115910432665,NaN,NaN,NaN,NaN,18.8016825663743,1.4141767619063,13.4136593876254,57.2917926325988,7.27248853128565,27.3051271680325,0.213359842530816,,1299.30654801163,30.000674994675,178.756341327963,0.0315439359999994,39.9634768332047,2.36722198972483,1.15835493105517,11.7837272428368,-0.407322901282677,NaN,NaN,NaN,NaN,13.9543965857711,2.1716447186297,13.7995151541869,73.7207725597672,7.27171203786425,28.2794751625983,0.159843250099337,,1299.40440961667,30,179.079228257985,0.0683378780000004,20.0138056484772,2.1822913752395,1.58486667536176,10.0828112864503,-0.415715394973422,NaN,NaN,NaN,NaN,15.0742683034,3.32903003590639,12.3354273771652,9.57857422628931,7.27111284681325,25.8201925554635,1.05271110743884,,1297.30213258631,30.0040424444737,179.290791504594,0.122077679999999,10.0033676260191,1.71694438990481,3.59512769757868,6.7403492991116,-0.38519950086484,NaN,NaN,NaN,NaN,14.7869164291482,4.42213922538886,7.94045321401812,5.71341579020758,7.2720290577182,15.893373589272,1.17974156123004,,1301.75754302768,30.002420508143,179.070072901851
18.25,5.411387014,0,5.490000222,0.752738701474426,0,-0.254673460364991,NaN,NaN,NaN,NaN,20.8788003911842,0.377044650764699,1.4628953676738,NaN,6.47553108288285,4.88558959620239,NaN,,1299.41412865267,30,188.333512309286,1.166604908,0,3.04338812,0.578546261210665,0,-0.22466992124174,NaN,NaN,NaN,NaN,28.2807888954706,0.0173222400668063,NaN,NaN,7.47290292360078,5.03719613869607,NaN,,1300.41635097688,30.0076344299623,181.642120651376,0.0282131980000005,60.0376683824201,2.446757502,1.67127201362754,12.182686564573,7.91805509890181,NaN,NaN,NaN,NaN,18.7579543633785,1.4089361863103,13.5330544417385,57.2966352033558,7.28599933641927,27.5390613972994,0.212622686722849,,1299.24696127879,29.9958755887493,178.760014773757,0.0315439359999994,39.9900664346933,2.37651384867791,1.15380645286035,11.8257940830143,-0.405020061063054,NaN,NaN,NaN,NaN,13.7184499041667,2.17733148240856,13.975981382501,73.4609984245541,7.27225776023317,28.627346060808,0.160986619890306,,1299.56913656161,30,179.086738888899,0.0683378780000004,20.006266759348,2.19922063863363,1.5820368513667,10.1502465256133,-0.419006638612419,NaN,NaN,NaN,NaN,14.9245255167667,3.3510391460664,12.4169188592227,9.76653073269196,7.27164672833765,25.97712334938,1.03929075518678,,1298.70015702428,30.0084077694291,179.306675642605,0.122077679999999,9.99495424498557,1.7245556901976,3.62330413385603,6.77103496427961,-0.381947818344878,NaN,NaN,NaN,NaN,14.7304229813565,4.44135981936489,7.95485784522032,5.73235136559841,7.27277035612226,15.9196484049823,1.1811977680657,,1301.37135491912,30.0003987155707,179.077050557341
18.3333333333333,5.411387014,0,5.490000222,0.746696751832222,0,-0.255590458642201,NaN,NaN,NaN,NaN,26.1371468160037,0.373691422192757,1.46601809132824,NaN,6.47599268076269,4.89104253656823,NaN,,1299.95360298119,30.0065049256058,188.333512309286,1.166604908,0,3.04817691834233,0.592548851550763,0,-0.221626371920964,NaN,NaN,NaN,NaN,28.7762763903628,0.0171347456545801,NaN,NaN,7.4723248523396,4.94459026650863,NaN,,1301.62275416174,30.0012069573314,181.646707205307,0.0282131980000005,59.9997765087704,2.446757502,1.67243354051117,11.802465364676,21.6257421850298,NaN,NaN,NaN,NaN,18.3576286451489,1.3634407236002,13.6190594557819,56.170396164529,7.31018353920071,27.7076521516103,0.210114939886861,,1302.59546111669,29.9803669834762,178.757015408672,0.0315439359999994,39.9595703352159,2.38446711829512,1.155031814121,11.8408393419608,-0.408580401541926,NaN,NaN,NaN,NaN,14.1203201536667,2.18252693468234,13.9674768540591,74.0182444689704,7.27215077147503,28.6105078852338,0.15997247992398,,1299.718138229,30,179.092706829081,0.0683378780000004,20.0446507084994,2.20861094369,1.57960706430127,10.1436768329591,-0.416171950479663,NaN,NaN,NaN,NaN,14.8467860195,3.34521819928556,12.4500592295661,9.59599113040835,7.27180115791281,26.040942948012,1.05717110408103,,1299.50456530896,30,179.315211019585,0.122077679999999,10.005631357143,1.72959683865034,3.60984877187688,6.78862496586471,-0.380799617441255,NaN,NaN,NaN,NaN,14.8024573961913,4.45253240876446,8.03515266959731,5.71480725144922,7.2727223679733,16.066441121618,1.18790913845164,,1301.79173203559,30.0004055234615,179.081765482588
18.4166666666667,5.411387014,0,5.490000222,0.744700154014951,0,-0.255999426029293,NaN,NaN,NaN,NaN,33.2706363416714,0.368760571531078,1.47568035956923,NaN,6.47348279819,4.90790769236333,NaN,,1300.37648497604,30.0100002288818,188.333512309286,1.166604908,0,3.05345821521626,0.600863217919208,0,-0.224357198492458,NaN,NaN,NaN,NaN,25.9486511190232,0.0171969501148704,NaN,NaN,7.4738709892487,5.04968973719041,NaN,,1299.12493985433,29.9967013882558,181.652190397071,0.0282131980000005,59.9819707708929,2.446757502,1.68373513633406,11.2183133070084,38.7795102402045,NaN,NaN,NaN,NaN,18.2769480128516,1.29575954890986,13.6934057387018,55.1816064886336,7.33651900931048,27.8536342692063,0.203283474569459,,1300.32598695587,29.9698378225746,178.754014313427,0.0315439359999994,39.9916917850402,2.39260549184762,1.16437100036271,11.8885644580382,-0.407557563163596,NaN,NaN,NaN,NaN,14.080773468,2.19217076872187,13.9840844335614,73.9113551709031,7.27204316033511,28.6434528769696,0.160851430759544,,1298.62495361608,30,179.098960683492,0.0683378780000004,20.0756002436803,2.214621462075,1.59193842410195,10.1260321392266,-0.416495071352338,NaN,NaN,NaN,NaN,14.8731212163751,3.3351546341073,12.5257029049726,9.39636039983097,7.27587437725419,26.1868479667598,1.07765837147779,,1300.02340144403,30,179.320168467543,0.122077679999999,10.0152100523015,1.73560110696993,3.63372189649973,6.79855603666951,-0.385872702621861,NaN,NaN,NaN,NaN,15.1482834373972,4.45657891049635,8.10337099849857,5.66573722230672,7.27260376610672,16.1912335880205,1.19994570502375,,1299.88107992615,30,179.08703651382
18.5,5.411387014,0,5.490000222,0.74064349932071,0,-0.254763644731374,NaN,NaN,NaN,NaN,35.5591193719915,0.364307668537919,1.46811147356208,NaN,6.47298992170803,4.89469920742071,NaN,,1298.7496082035,30.0039770505887,188.333512309286,1.166604908,0,3.0550901406844,0.583355660413125,0,-0.220989317371937,NaN,NaN,NaN,NaN,25.9321202686435,0.0170711689393097,NaN,NaN,7.4725962329309,5.10725523633705,NaN,,1300.27276242936,29.9952736517766,181.653722312695,0.0282131980000005,59.999848456471,2.446757502,1.67711042016754,10.2888829310913,63.6545850767909,NaN,NaN,NaN,NaN,18.4259771817876,1.18765521447998,13.6156214900413,53.4667341314813,7.36610977990086,27.7009099306141,0.192388900096497,,1299.4985694382,29.9582809570842,178.751013020204,0.0315439359999994,39.9876072023441,2.40112615512181,1.14351283624806,11.8539446718079,-0.404356784875519,NaN,NaN,NaN,NaN,13.9996246063333,2.18994466399725,14.1495985441681,75.0956526034636,7.27254053408328,28.9705967577075,0.157854150096004,,1299.6117597109,30,179.105699571534,0.0683378780000004,20.0341861826708,2.214852434,1.57453117715293,10.0870599892026,-0.417218513715649,NaN,NaN,NaN,NaN,14.8559388679836,3.31759885689937,12.6365336552913,9.30826730383737,7.27683874926569,26.4009885227967,1.08366757330867,,1301.70110789927,30,179.31944343696,0.122077679999999,10.0048527496576,1.74085421853356,3.63717182102026,6.81409211059914,-0.383578834310519,NaN,NaN,NaN,NaN,14.8486397715782,4.46361621075034,8.10829503891327,5.65233655591492,7.27228328158457,16.2002346975448,1.20554208939759,,1299.35613582051,30,179.09186271518
18.5833333333333,5.411387014,0,5.49461576812648,0.764689183693418,0,-0.253918240573013,NaN,NaN,NaN,NaN,33.0139092363333,0.359762773773634,1.50650942516441,NaN,6.47419745092662,4.96172611906778,NaN,"Sample 1.50 mL to AMBR-96DWP-3/A1",1298.69000418146,29.9981134893674,188.046449104033,1.166604908,0,3.05926820167807,0.594403856211454,0,-0.219727585119009,NaN,NaN,NaN,NaN,25.8787559745176,0.0170408597929636,NaN,NaN,7.47284895416109,4.94749972980146,NaN,"Sample 1.50 mL to AMBR-96DWP-3/A2",1296.92614826895,29.9995462879138,181.428548477647,0.0331973333757736,60.028761454311,2.446757502,1.58819998879408,9.17687592132235,70.4057528357454,NaN,NaN,NaN,NaN,18.5290358746667,1.05747265514752,13.5776647016119,51.9688544813997,7.39551419412717,27.6265228557746,0.176473030146039,,1300.89163115741,29.9589061126518,178.752420420452,0.0315439359999994,40.0232813244413,2.4081159003003,1.04605396912703,11.9077960505898,-0.410996630726862,NaN,NaN,NaN,NaN,13.7587563396667,2.19963997261465,14.2867943390121,75.4109550069169,7.27211103083464,29.2424628856959,0.15788479481771,,1299.06352438675,30,179.110701683677,0.0683378780000004,20.0359302457073,2.214852434,1.58378969974651,10.0664452074542,-0.416855862622415,NaN,NaN,NaN,NaN,15.0032061389035,3.31271614627402,12.6069728761016,9.24584207041832,7.27322658397219,26.3437942307558,1.08883634662458,,1298.81147067682,30,179.318386422605,0.122077679999999,9.98936823728439,1.74484797482049,3.62449414560528,6.82166745168651,-0.383843766760358,NaN,NaN,NaN,NaN,15.00944519878,4.46470723657183,8.13727712322022,5.63181032901143,7.27273057843941,16.2533314029922,1.2118756238868,"Sample 1.50 mL to AMBR-96DWP-3/A6",1301.28218371308,30,178.96901461232
18.6666666666667,5.411387014,0,5.494811288,0.753985874026487,0,-0.258569316776951,NaN,NaN,NaN,NaN,32.8573917015998,0.374767200960893,1.5569113239955,NaN,6.47552907378108,5.04973908117259,NaN,,1301.45285569697,29.9943551661171,186.544323375286,1.166604908,0,3.063469938,0.59108791739771,0,-0.22268841193304,NaN,NaN,NaN,NaN,23.1880157770046,0.0170400463883454,NaN,NaN,7.47458926410781,5.02055916366747,NaN,,1299.49402685828,29.9996509871721,179.868202469376,0.0794239188933296,59.9827437585513,2.446757502,1.62656479079761,8.85653630229674,68.7918979261533,NaN,NaN,NaN,NaN,18.2747556581667,0.906561204897805,13.5903209977266,52.1133452647372,7.40044547636362,27.6512151498228,0.160341624721909,"Sample 1.50 mL to AMBR-96DWP-3/A3",1300.41975494101,29.966479429966,177.029514083908,0.0315439359999994,40.0074019407028,2.41552353047609,1.13686063380739,12.0285260909457,-0.405406916907249,NaN,NaN,NaN,NaN,13.8796447506667,2.04699320040959,14.2643397020752,76.0575859744531,7.27250625070719,29.1978416695105,0.153701862073107,"Sample 1.50 mL to AMBR-96DWP-3/A4",1299.63787627158,30.002898609174,177.364762798644,0.0683378780000004,20.0073955142656,2.22103679313266,1.54056924901669,10.1799843259796,-0.413192833182834,NaN,NaN,NaN,NaN,14.9418164134045,3.07016885180356,12.7082317211827,9.32742877165793,7.27091889928224,26.5396833766997,1.10479095086692,"Sample 1.50 mL to AMBR-96DWP-3/A5",1299.27197558287,29.9959839445886,177.587139272574,0.122077679999999,9.99037931871227,1.74973630958164,3.62490077430532,6.83006407997496,-0.382826199835479,NaN,NaN,NaN,NaN,15.0312436927932,4.14424654269626,8.14459899399098,5.63051920817556,7.27383989402002,16.2666834574046,1.23968356680844,,1299.491682872,30.0008005711339,177.305784369147
18.75,5.411387014,0,5.494811288,0.747618570321402,0,-0.216585028129373,NaN,NaN,NaN,NaN,37.0269379655669,0.398796800671524,1.60722553119452,NaN,6.47508068548737,5.13760739152476,NaN,,1300.9975898298,29.9990950908011,186.544323375286,1.166604908,0,3.063469938,0.587736307528292,0,-0.1415218725991,NaN,NaN,NaN,NaN,24.7508378466445,0.0173524260487039,NaN,NaN,7.47277633340883,5.28531764042337,NaN,,1300.69306703689,30.0083572173254,179.868202469376,0.104181951172237,60.0135413773665,2.446757502,1.67710733897235,7.92714063571316,72.0934170588002,NaN,NaN,NaN,NaN,18.6473842176861,0.902665630424268,13.6325145200263,52.1121202365632,7.39970010890915,27.7340802117506,0.151451203556583,,1300.83353059127,29.9815986212438,177.023588377065,0.0315439359999994,39.9939962289623,2.42388478048589,1.15873928810045,11.6429191620672,-0.405095335641933,NaN,NaN,NaN,NaN,13.9192835658333,2.12882174851368,14.244368402792,76.3907940520255,7.27219488090529,29.158231858214,0.152157576984301,,1300.86637701845,30.0100002288818,177.328716079776,0.0683378780000004,19.9882157261424,2.23599130170294,1.56974021133788,9.65617517834302,-0.415550827596346,NaN,NaN,NaN,NaN,14.9202852177856,3.12987430782442,12.6906945634789,8.65950082238842,7.27126611735667,26.5057372026737,1.11686445313195,,1297.1233472459,30.0005404795036,177.543206875196,0.122077679999999,9.99804303219114,1.749737272,3.59014878723431,6.18628606317479,-0.38286412996195,NaN,NaN,NaN,NaN,15.1196075874269,4.01113051028847,8.25817505571155,4.87548727905631,7.2722077804878,16.4747363814609,1.26879250927362,,1299.14670415211,30.0085955430528,177.305256260541
18.8333333333333,5.411387014,0,5.494811288,0.747929951114992,0,-0.255899245308835,NaN,NaN,NaN,NaN,39.1764509506667,0.415102594254492,1.64201133236856,NaN,6.47745807366388,5.19837464261559,NaN,,1299.57119686835,30,186.544323375286,1.166604908,0,3.06720202107028,0.573304750614841,0,-0.217024086420043,NaN,NaN,NaN,NaN,25.7187711008333,0.0171298051845267,0.968195561222668,NaN,7.47339519036367,5.36865641340413,NaN,,1297.68862285599,30.0100002288818,179.871835711959,0.124180938107883,59.9747205986565,2.446757502,1.65758256206049,7.64500556951812,74.1347647580058,NaN,NaN,NaN,NaN,18.2766830034806,0.874610104157137,13.6651191392041,51.9765203434962,7.39836150503874,27.7980677332958,0.147084738665082,,1301.22974477637,29.9899997711182,177.040629862407,0.0315439359999994,40.0365490148842,2.43289008481064,1.14569025536864,11.8821790414793,-0.408450554981017,NaN,NaN,NaN,NaN,13.9598487936667,2.17444747134302,14.3166637980913,76.6822264895047,7.2721244009514,29.3017131755876,0.154953062283234,,1299.41702142306,30.0100002288818,177.335849448112,0.0683378780000004,19.9802630587083,2.25198897321426,1.58593034567998,10.0605193813322,-0.414673039112147,NaN,NaN,NaN,NaN,14.9482770014835,3.28355165813974,12.8372255367522,9.27233631146665,7.27146681845354,26.7895163823149,1.08523724776916,,1297.22512882012,30.0100002288818,177.557946796634,0.122077679999999,10.0019232154031,1.75574494420976,3.59733419241251,6.50245177357344,-0.378427089733133,NaN,NaN,NaN,NaN,15.4545499456308,4.21409257218487,8.3122847959362,5.11269386827359,7.27237877971708,16.5740324829051,1.27185221236431,,1299.48842137441,30.0086744226339,177.310530898727
18.9166666666667,5.411387014,0,5.494811288,0.761129572144726,0,-0.238249524382351,NaN,NaN,NaN,NaN,31.917681733954,0.41982584154486,1.61642992124587,NaN,6.476047220587,5.1536921113347,NaN,,1298.3549156187,30.0022062453825,186.544323375286,1.166604908,0,3.07097283544866,0.575379302757726,0,-0.166901592075583,NaN,NaN,NaN,NaN,26.040016838,0.017201150196711,1.0008726254534,NaN,7.47306475172011,5.42640552238803,NaN,,1299.15313174703,30.0146686718482,179.875605203904,0.13823678364053,60.0153680049877,2.446757502,1.66642037125543,7.34292417975041,77.0618758544596,NaN,NaN,NaN,NaN,17.9596305211667,0.840257310181724,13.6607046212172,51.8843456784788,7.39986865350749,27.7893573059064,0.141523666034854,,1300.4160708803,29.9848705481789,177.051690299485,0.0315439359999994,40.024040622881,2.44317109749007,1.17629432985182,11.9452621564466,-0.407396883039072,NaN,NaN,NaN,NaN,13.9597388173333,2.18625058085896,14.4595297896528,76.8245289483592,7.2723617606029,29.5857333449165,0.155488357245422,,1297.92536724648,30.0023976724138,177.344242109973,0.0683378780000004,20.0005231622384,2.26599754872633,1.5843050973578,10.2727119990713,-0.414412618867053,NaN,NaN,NaN,NaN,14.7699657533976,3.35830400918644,12.9624100599084,9.72818064751006,7.2718717513927,27.0326212250466,1.05603223862273,,1299.9128881042,30.0100002288818,177.57110516118,0.122077679999999,10.0027137188221,1.76232464091819,3.6011256279193,6.6830245981946,-0.381210424809563,NaN,NaN,NaN,NaN,15.2667330089735,4.33051855200846,8.32823610703995,5.28550448343183,7.27323457184477,16.6031877486205,1.26441582492611,,1300.93052511827,30.0004024251939,177.316680252675
19,5.411387014,0,5.494811288,0.752488921996388,0,-0.252620897526124,NaN,NaN,NaN,NaN,33.176484531046,0.420823639733846,1.68213269310491,NaN,6.47558490591955,5.2684812212339,NaN,,1299.6399101139,30.0100002288818,186.544323375286,1.166604908,0,3.073442674,0.599238005726033,0,-0.222016899219974,NaN,NaN,NaN,NaN,26.281955582,0.0174218993823065,0.918920800640609,NaN,7.47287321744645,5.32727281383908,NaN,,1300.78254658154,30.0109552572785,179.878175205376,0.154962197056799,60.0150650558397,2.446757502,1.70569085383501,6.9562557554028,79.3141731977373,NaN,NaN,NaN,NaN,18.7898702549264,0.796182508238368,13.6408339112355,51.6468523356185,7.39959621477111,27.7503563767288,0.134689400970452,,1301.46661257617,29.9846905403223,177.06541621291,0.0315439359999994,39.998269097569,2.45333814683892,1.16802648964621,11.916683139072,-0.403557007492792,NaN,NaN,NaN,NaN,13.8791118605,2.18366560802586,14.6430935804402,77.1119564618152,7.27211155724781,29.9517828542923,0.154537667227904,,1300.15484321586,30.0004029112034,177.352539548357,0.0683378780000004,20.011548533632,2.27661472645651,1.56992062940695,10.3994361766321,-0.413229020728192,NaN,NaN,NaN,NaN,15,3.40124332543837,13.141453959487,9.96929991705083,7.27172713950593,27.380835824255,1.04315641346939,,1303.47301194993,30.007571303051,177.580671183959,0.122077679999999,9.97074906765705,1.766710409903,3.59746482757825,6.78371797855764,-0.382055340472653,NaN,NaN,NaN,NaN,15.6313133693129,4.39591277818688,8.46504035462574,5.43314114568528,7.27259350078202,16.8542538516814,1.24859149925766,,1301.44067381686,30,177.320544368253
19.0833333333333,5.411387014,0,5.494811288,0.750769978035782,0,-0.221943137683506,NaN,NaN,NaN,NaN,34.0035520236807,0.417221312552629,1.67420486115731,NaN,6.47303686392544,5.25462213556326,NaN,,1302.1037421727,30.0078757652645,186.544323375286,1.166604908,0,3.07884359341122,0.602310332107862,0,-0.217940785514776,NaN,NaN,NaN,NaN,24.8416299766667,0.0172195721909605,0.968646385623903,NaN,7.47199912097204,5.49001280772539,NaN,,1300.76818888624,30.0098311118603,179.883375038607,0.168379860754758,59.9686107881959,2.446757502,1.68456954647728,6.60032971974898,81.0201788961589,NaN,NaN,NaN,NaN,18.5755935282403,0.755715422267732,13.6402527929099,51.5152846219916,7.39814602035721,27.7492190319193,0.128120322577649,,1299.35767202672,29.9902353680738,177.076033117573,0.0315439359999994,40.0076099831685,2.4641392035682,1.16069472218056,11.9193789857256,-0.40785969478433,NaN,NaN,NaN,NaN,13.7589740131667,2.18366012791183,14.5450153694593,77.0881906740953,7.27224697198132,29.7559349215866,0.154620560771289,,1299.29223151982,30,177.361463683778,0.0683378780000004,19.9964393655663,2.28361512446538,1.57118942335772,10.4422355623131,-0.415652759184696,NaN,NaN,NaN,NaN,14.7992908616667,3.41185326764563,13.2439607928857,9.86609057200376,7.2714502223379,27.5806222127568,1.05842576637202,,1301.08226001783,30,177.586700033742,0.122077679999999,9.99423061055216,1.77159467250294,3.59401617397426,6.83637182276091,-0.37961677671302,NaN,NaN,NaN,NaN,14.9720274939161,4.4341444691606,8.40115629182742,5.50641553741781,7.27234897359669,16.7369782329106,1.24153714635359,,1298.77732704538,30,177.324891067663
19.1666666666667,5.411387014,0,5.49585859755597,0.754812298563171,0,-0.253531742186282,NaN,NaN,NaN,NaN,29.305967195986,0.414640880526635,1.6911761019961,NaN,6.47342343333962,5.28427606201476,NaN,,1299.5538444917,30,186.545269788054,1.166604908,0,3.08655351737615,0.582823442307495,0,-0.220180787326756,NaN,NaN,NaN,NaN,25.7930486751667,0.0171207927762634,0.978970996520145,NaN,7.47236119268967,5.48145659684944,NaN,,1300.39140525667,29.9983893768141,179.891185951548,0.174908037460266,59.9687557333494,2.446757502,1.6771516297668,6.23047501843529,82.704621721862,NaN,NaN,NaN,NaN,18.460870965,0.713847627550335,13.6807709792371,51.3284608527076,7.39958510313832,27.8290904529778,0.121384641560226,,1301.50207207133,29.9990010403323,177.079494945405,0.0315439359999994,40.0214460811723,2.47357712603065,1.15169566527604,11.8949642191619,1.85347451194047,NaN,NaN,NaN,NaN,13.9343553812566,2.18042133078037,14.4798615527564,77.2884440827498,7.27947722543908,29.6261986080355,0.153904122375111,,1302.28803686302,29.9906489436979,177.36912845989,0.0683378780000004,20.0212671894342,2.29319110639907,1.57330053458632,10.4619621003246,-0.41512517228223,NaN,NaN,NaN,NaN,15,3.41694488206218,13.2403765114458,9.75465662359566,7.27175014062519,27.5737037312612,1.0725151875319,,1298.7271577197,29.9995998631168,177.595158316455,0.122077679999999,9.99463176985722,1.77919122127185,3.58827717669027,6.87210555609379,-0.379688960582328,NaN,NaN,NaN,NaN,14.8813965533333,4.45867157775401,8.57365214387041,5.56225372115087,7.27388967673826,17.0538433119196,1.23549180836389,,1300.92047910484,30,177.331958653725
19.25,5.411387014,0,5.499836612,0.753279121364475,0,-0.245212685739413,NaN,NaN,NaN,NaN,31.0144554741642,0.410307852754402,1.69698349374607,NaN,6.47480898474169,5.29443741094407,NaN,,1299.38758004712,30,186.549348699286,1.166604908,0,3.09053352368863,0.574359428239271,0,-0.209492205305018,NaN,NaN,NaN,NaN,25.3082382621667,0.0170804353557352,0.969624122325131,NaN,7.47217117506892,5.51361224277128,NaN,,1300.8058448266,29.9979002272328,179.895165816823,0.190483066431044,60.0255602509242,2.446757502,1.64593710367614,5.89519556213388,83.9885181785958,NaN,NaN,NaN,NaN,18.879386125,0.675336197153195,13.64494399813,51.2108480530842,7.39980295584443,27.7585581175316,0.115114977295777,,1299.07514838106,29.9961782724568,177.091885897196,0.0315439359999994,39.9795405086754,2.47463052,1.17147680016688,11.6989354217115,17.0875741957358,NaN,NaN,NaN,NaN,13.6821004747375,2.1449385752261,14.5866585892528,77.0673038976393,7.30148603506098,29.8391176891428,0.151800261132393,,1300.24523353904,29.9799995422363,177.368404432764,0.0683378780000004,19.9750638084001,2.30281197187292,1.55687268428462,10.4684808214097,-0.419275845962722,NaN,NaN,NaN,NaN,14.9598176761667,3.41828695844126,13.3403009019094,9.75340919330547,7.27204373708727,27.7688927546035,1.07334334719983,,1300.06524358038,29.999196613619,177.603698065803,0.122077679999999,9.98185468797545,1.78474464385553,3.57054762290691,6.89262316568611,-0.379009426991381,NaN,NaN,NaN,NaN,15.2404267738333,4.47130212294783,8.60145494691369,5.59451996914131,7.2736192658816,17.10497228083,1.23203269463163,,1296.68187758583,30,177.336977674833
19.3333333333333,5.411387014,0,5.50367845708666,0.738820401551192,0,-0.251412259606015,NaN,NaN,NaN,NaN,31.9616458050245,0.407669597218565,1.74198422046624,NaN,6.47529266916869,5.37308193252775,NaN,,1299.11879044611,30,186.553084739437,1.166604908,0,3.09532779205617,0.573786331696628,0,-0.221662803533593,NaN,NaN,NaN,NaN,25.3990516769638,0.017000000923872,NaN,NaN,7.47291850560893,5.32231655557774,NaN,,1299.37232123974,29.9972818482112,179.899959134778,0.205877859189996,59.9727793894707,2.446757502,1.65990952600439,5.56011060055903,84.4186729071131,NaN,NaN,NaN,NaN,18.666393133,0.637208935140426,13.6808324431837,51.1084497437683,7.39957666093464,27.8289463149394,0.108790323807178,,1299.07216291165,30,177.104384711801,0.0315439359999994,39.9482527418223,2.47463052,1.17282488748036,11.153128488808,48.5588437457846,NaN,NaN,NaN,NaN,13.8620732896726,2.04569907205843,14.7380534331211,76.4303442453577,7.32722790284034,30.141369133346,0.145916542478998,,1299.54857494833,29.9671830955629,177.366528967165,0.0683378780000004,20.021564613392,2.31331026141005,1.56036758380566,10.5064502165179,-0.418040381795943,NaN,NaN,NaN,NaN,14.9198564583333,3.43474672263219,13.4875986148984,9.95630481275568,7.27181943476441,28.0568682348822,1.05528089931229,,1298.80330254322,30,177.61305300988,0.122077679999999,9.98209828628333,1.7890961300155,3.57521290892065,6.90524871335009,-0.382029551431957,NaN,NaN,NaN,NaN,15.2012414116667,4.483153558441,8.5619472722847,5.66259965365594,7.27317987539427,17.0323168516446,1.21948297335224,,1300.44728854186,30,177.340793234033
19.4166666666667,5.411387014,0,5.50818488642836,0.753770273570818,0,-0.241603392857034,NaN,NaN,NaN,NaN,32.1458143518372,0.402484507704962,1.7236600498044,NaN,6.47504544113757,5.34104768001127,NaN,,1299.55747655954,30.0048172882898,186.557594833367,1.166604908,0,3.09955096076901,0.588595611915191,0,-0.220112599073948,NaN,NaN,NaN,NaN,25.6065048900362,0.017000000923872,0.915399181176586,NaN,7.47216123343585,5.37992422728509,NaN,,1299.70318282253,30,179.904181045267,0.218967564840148,59.9981174915818,2.446757502,1.66292838392685,5.26508370529584,84.7718061238337,NaN,NaN,NaN,NaN,18.4318016886501,0.603907416339743,13.5402739469256,51.0228271291866,7.39906620714449,27.5531685158205,0.103191166393118,,1298.82913495028,29.9987974730486,177.114566605522,0.0315439359999994,39.9776632159998,2.47463052,1.17605270107136,10.168602991099,66.8088293795631,NaN,NaN,NaN,NaN,13.7594425668333,1.8665004985569,14.6925398059564,75.5210250871266,7.35628346668764,30.0505453984978,0.134635217561136,,1300.75974169758,29.9583937517694,177.364654440922,0.0683378780000004,20.0234955333685,2.32300643795397,1.57346304663618,10.5704436164064,-0.419093846192502,NaN,NaN,NaN,NaN,15.1603812856667,3.45425808718431,13.5781277245078,10.0923835454892,7.27205367438471,28.2343078361055,1.04737092594389,,1299.60702554457,30,177.621893579275,0.122077679999999,9.99888648975102,1.79510220221021,3.58385280539445,6.91208214469248,-0.380319655993914,NaN,NaN,NaN,NaN,14.9491500035348,4.48898344089199,8.5606303441847,5.68540607907724,7.27308917143373,17.0299149573975,1.21575988216158,,1299.82990235551,30,177.346283698729
19.5,5.411387014,0,5.510218386,0.755007475984032,0,-0.251610148862699,NaN,NaN,NaN,NaN,34.3574510404741,0.398465926110891,1.74382272539619,NaN,6.47469698827174,5.37628727833051,NaN,,1299.62314140538,30,186.559730473286,1.166604908,0,3.10445377419549,0.572898502411647,0,-0.218258305254002,NaN,NaN,NaN,NaN,25.9596889086667,0.017000000923872,0.944058709862268,NaN,7.47239003846467,5.43721410109118,NaN,,1301.07064538992,30,179.909084865698,0.229448661842861,60.0264422432513,2.446757502,1.6662191528649,4.97763881685531,84.9473192259451,NaN,NaN,NaN,NaN,18.649894873457,0.570564859745625,13.4759858784115,51.0762086853697,7.39928055427118,27.4271122776345,0.0974565299894642,,1298.78567196491,30,177.12205045694,0.0315439359999994,39.9556348025272,2.47463052,1.18086973267325,9.19552165433044,68.7450481121447,NaN,NaN,NaN,NaN,13.9197514638333,1.6886987673067,14.5593029703214,74.8387528369144,7.38411009282049,29.7845386536719,0.122865771653369,,1298.43098640467,29.9621186567464,177.362781077147,0.0683378780000004,19.9801339842867,2.3290231700691,1.571873358669,10.588264306497,-0.414933182644383,NaN,NaN,NaN,NaN,14.9197916321667,3.45929551718749,13.6023397930984,9.96304013459758,7.27177955030461,28.2818007492305,1.06280366423842,,1299.61457152164,29.998598179844,177.626855042881,0.122077679999999,10.0169821247453,1.80062536804807,3.57850715393874,6.92343667045764,-0.379959886385985,NaN,NaN,NaN,NaN,14.9303155706319,4.49673913478083,8.66586455852241,5.72193241387227,7.27369830627392,17.2235039568558,1.20999467658969,,1300.6893283633,30,177.351171861318
19.5833333333333,5.411387014,0,5.510218386,0.754063126546249,0,-0.240556851926862,NaN,NaN,NaN,NaN,35.6718955375,0.393513827960415,1.72607071373208,NaN,6.47524890860266,5.3452579600564,NaN,,1300.21361122247,30,186.559730473286,1.166604908,0,3.10907086074269,0.569071118327996,0,-0.217245612538084,NaN,NaN,NaN,NaN,24.9624719755,0.0169600038419826,0.966849144607933,NaN,7.47276109418542,5.50973410865809,NaN,,1301.17123686447,30.0000269916123,179.913703132858,0.239292252826549,60.0230009748959,2.446757502,1.66376700515355,4.72450481759137,85.3521313113526,NaN,NaN,NaN,NaN,18.2037718702262,0.54187089075453,13.5499001288419,51.1953970694747,7.3987605065075,27.5719344401744,0.0922838013321413,,1299.42545045112,30,177.128899247112,0.053039770890251,39.9820891313717,2.47463052,1.18341966270132,8.38446468086953,69.0575447209464,NaN,NaN,NaN,NaN,13.8815073310017,1.54259854382302,14.7371172143025,75.0769954476551,7.40024175265503,30.1394862574534,0.111677794057035,,1300.13903943456,29.9699993133545,177.381566950654,0.0683378780000004,19.9868696222454,2.33629443724282,1.57571490053996,10.5897857635623,-0.417236068413415,NaN,NaN,NaN,NaN,15.0003484715,3.45969374533756,13.5823127480625,9.78745193832774,7.27187557020434,28.2425271994921,1.08199234916575,,1300.83144164708,29.9929699388,177.632974135336,0.122077679999999,9.99961341875816,1.80534003111455,3.5924543483081,6.95032786522333,-0.379406937385324,NaN,NaN,NaN,NaN,14.9381714562597,4.51194306470321,8.73860200197861,5.75882427900105,7.2732598480085,17.3573786038905,1.20690153024498,,1299.20223765984,30,177.355467998935
19.6666666666667,5.411387014,0,5.51184733240581,0.747362606796348,0,-0.251811912508243,NaN,NaN,NaN,NaN,35.9593358246224,0.389009020356856,1.74884001033467,NaN,6.47476051907762,5.38505528590865,NaN,,1299.51477981699,29.9991976190337,186.561253243977,1.166604908,0,3.11426233270521,0.57239123882645,0,-0.223153668566103,NaN,NaN,NaN,NaN,24.9598821713333,0.0168794202041073,0.905500422044478,NaN,7.47298240840834,5.26513859844811,NaN,,1299.75344397759,30.0083151774671,179.918892395837,0.248137638301316,60.0513430763639,2.446757502,1.66326185242742,4.49419439129617,85.6173175125447,NaN,NaN,NaN,NaN,18.5249771475657,0.515363141687455,13.545743455521,51.1154022118281,7.39887842670258,27.563909128184,0.0879216558205756,,1299.28779324043,29.9927692817691,177.134818277643,0.0841147722240531,39.9690252996862,2.47463052,1.18158845252073,7.89627065278149,71.3022508327672,NaN,NaN,NaN,NaN,13.7207025574192,1.45442163408096,14.8105888044317,74.9966833160153,7.39929225002768,30.2865548308711,0.105289037594529,,1299.56414144153,29.9776619286221,177.411164990468,0.0683378780000004,19.9767024886705,2.34401817669144,1.58286352419817,10.5933731341216,-0.417174111857447,NaN,NaN,NaN,NaN,15.0398633618333,3.461143880094,13.7707412484309,9.72427297723656,7.27201467644075,28.6131931687885,1.08937555758429,,1299.03830590992,30,177.6397426433,0.122077679999999,9.99549054719475,1.81201288206973,3.58796740915036,6.96363732951893,-0.382995341194492,NaN,NaN,NaN,NaN,15.142770225907,4.51915165839763,8.76964609626001,5.77206875735204,7.27363053163413,17.4145644920877,1.20643959339336,,1300.08753455698,30,177.361586032446
19.75,5.411387014,0,5.51553588,0.755620258380839,0,-0.215819756611221,NaN,NaN,NaN,NaN,35.8401596168776,0.380874388100461,1.83246945581783,NaN,6.47402979821544,5.53126407342708,NaN,,1300.10467809548,29.998982916718,186.565047967286,1.166604908,0,3.11876798,0.572965964087247,0,-0.217264899508992,NaN,NaN,NaN,NaN,25.5493482421667,0.0169597974891155,0.917875630825393,NaN,7.47287048223853,5.30853222733192,NaN,,1300.53453457108,30.0037099695625,179.923500511376,0.25637513050834,59.9950318372897,2.446757502,1.68231025943153,4.26128948616064,85.5540419127048,NaN,NaN,NaN,NaN,18.8326182574343,0.488945267495435,13.5702775429225,50.9715899119266,7.39874741935951,27.6119464916179,0.083599526281796,,1298.23955845296,30,177.139990853724,0.1049229442235,39.998335982561,2.47463052,1.17727901512808,7.57501140476906,73.7757498856526,NaN,NaN,NaN,NaN,13.8355921457457,1.39557556242089,14.7609590436979,75.0440429394997,7.39884665634201,30.1871817829767,0.100939796343762,,1301.58221537041,29.9807496394181,177.430213762548,0.0683378780000004,20.029542112351,2.35123965094809,1.5661496468802,10.5909967132567,-0.414588890583691,NaN,NaN,NaN,NaN,14.959829752,3.45984652695497,13.9299353297571,9.69720431402259,7.27201932046932,28.9263410314774,1.09217102515422,,1298.90665265214,30,177.645811063474,0.122077679999999,9.98295699832021,1.815475522,3.58917140309611,6.97557137790213,-0.381874034833184,NaN,NaN,NaN,NaN,14.7996909295,4.52785384002483,8.86191782305525,5.80334533499603,7.27301874484726,17.5846352422739,1.20201128168584,,1300.19917587023,30,177.364634096978
19.8333333333333,5.411387014,0,5.51553588,0.735842597509232,0,-0.255946898433973,NaN,NaN,NaN,NaN,35.4830983421106,0.375807630722815,1.81234447593746,NaN,6.47621816648817,5.49607528812946,NaN,,1300.78875154203,29.9899997711182,186.565047967286,1.166604908,0,3.12350205644459,0.595227959222111,0,-0.218654576672931,NaN,NaN,NaN,NaN,25.6163437746278,0.0167990410305988,0.978354588461335,NaN,7.47360535269387,5.36910495166782,NaN,,1299.16296040978,30,179.928134246429,0.263940030780492,60.0023821648604,2.446757502,1.65988095967105,4.03933596257569,85.806205147186,NaN,NaN,NaN,NaN,18.2992032288333,0.463772752261359,13.4666935624814,50.9131927484669,7.39863584648881,27.4090129668567,0.0793403415973207,,1302.17697260849,30,177.144632778464,0.121469576696489,40.0348353158228,2.47463052,1.15983883480645,7.26575434302111,76.9078521555456,NaN,NaN,NaN,NaN,13.6779410673333,1.33843307850937,14.6818843388339,74.8978144026206,7.39998019723007,30.0291671833557,0.0970093077485709,,1300.90385296771,29.988841150863,177.444885442518,0.0683378780000004,20.0199315547065,2.35757584842865,1.55773045913928,10.618421838918,-0.41630815167058,NaN,NaN,NaN,NaN,15,3.46600450401945,13.9661840854662,9.71396505295219,7.27211572931685,28.9978899802461,1.09311027593969,,1297.21355252184,30,177.651191780128,0.122077679999999,10.0086888779393,1.82281613257285,3.59286656469653,6.99193106192034,-0.38067151936335,NaN,NaN,NaN,NaN,14.828759248,4.54091720716713,8.85003526469461,5.84836220772147,7.27291105036641,17.5627272780394,1.19553733174922,,1300.26590099391,30,177.371242215154
19.9166666666667,5.411387014,0,5.51553588,0.75226466753054,0,-0.241440783385783,NaN,NaN,NaN,NaN,34.6154378999301,0.371155287443089,1.78334278324571,NaN,6.47467143705402,5.44538128981278,NaN,,1300.02955210262,29.9933493988133,186.565047967286,1.166604908,0,3.12690643968678,0.581017324787112,0,-0.221007308009156,NaN,NaN,NaN,NaN,22.8361814953722,0.0167586414910595,0.995488433006587,NaN,7.47244613078296,5.49886456766774,NaN,,1300.1038858441,30.0013849670145,179.931537041689,0.270817244537498,59.9967918936334,2.446757502,1.66618048320218,3.85205244583963,85.8546545467752,NaN,NaN,NaN,NaN,18.4553789993604,0.442400185636267,13.4383986461146,51.0466413497623,7.39864834036299,27.3535825961451,0.0754611609933627,,1300.50708610056,30,177.148517340609,0.138378543339852,40.0098215162556,2.47463052,1.16666161510592,6.96955344158601,78.6518883714681,NaN,NaN,NaN,NaN,13.8374538149393,1.28401337233438,14.5771542699785,74.8738008617414,7.39914431160042,29.8201114977207,0.0930831480861681,,1297.99376866206,29.9899997711182,177.459944890838,0.0683378780000004,20.0489036446377,2.36340767104964,1.57718853473968,10.6491405511547,-0.413024792255213,NaN,NaN,NaN,NaN,14.8393201906667,3.4742741471489,14.0791872393502,9.74644904424457,7.2718334605324,29.2210729623455,1.09263763071688,,1299.55556349614,30,177.655964206684,0.122077679999999,10.0015745477086,1.82839454378655,3.5808650546973,7.00184187970582,-0.381132311795989,NaN,NaN,NaN,NaN,14.9703946281667,4.54566748427753,8.87485979641821,5.83258802363231,7.27295826759808,17.6085107756487,1.20047161029576,,1300.26486637056,29.9935160811769,177.376390457181
20,5.411387014,0,5.51678325666408,0.749160358700417,0,-0.251999433756848,NaN,NaN,NaN,NaN,34.9767076552926,0.367761187046575,1.78950046112408,NaN,6.47346483803795,5.45613598582237,NaN,,1300.28790554667,30,186.566194981034,1.166604908,0,3.13359719013464,0.572286897609736,0,-0.218592862214291,NaN,NaN,NaN,NaN,21.4152563545,0.0167593013926689,0.946716011846589,NaN,7.47346824655941,5.44548237465245,NaN,,1299.16878738133,30.0016909986688,179.938232505989,0.277162004785735,60.0072077583319,2.446757502,1.64912831875465,3.66508262823978,86.1027686350671,NaN,NaN,NaN,NaN,18.0563564516396,0.421061519434326,13.4528556700877,51.0633602598664,7.39880622736231,27.3818319723472,0.0717756156852866,,1300.00960456896,30,177.151875437918,0.147046449823953,39.9824346469629,2.47463052,1.18784245860941,6.69920637458044,80.6016003875913,NaN,NaN,NaN,NaN,13.6942188960608,1.23490430542535,14.7139824081096,74.7957904405554,7.39701018254384,30.0932348542934,0.0895664726464155,,1298.88992894557,29.9899997711182,177.466937164172,0.0683378780000004,20.0234555374536,2.37307069182906,1.56879123760745,10.7105822514421,-0.416147370894988,NaN,NaN,NaN,NaN,14.9598461103333,3.49579958962666,13.9892934170925,10.0036959613881,7.27204896771469,29.0435307096118,1.0707089787438,,1300.57048628649,30.007172499175,177.66447377853,0.122077679999999,9.99011467169473,1.83343690207696,3.6035434896126,6.99970455075607,-0.382864046481335,NaN,NaN,NaN,NaN,14.7181130288333,4.54318788912966,8.81344001006053,5.81356030389672,7.27297596906533,17.4952652588908,1.20403220987459,,1299.65948553792,29.9988495632639,177.380903923773
20.0833333333333,5.411387014,0,5.520541726,0.743665738643481,0,-0.240415816855663,NaN,NaN,NaN,NaN,32.1172078645218,0.363113951105623,1.8493697880045,NaN,6.47643623423826,5.56083541015053,NaN,"Sample 1.50 mL to AMBR-96DWP-3/B9",1300.18787744067,30,186.263215323172,1.166604908,0,3.1383956858793,0.589175039972668,0,-0.223045178503144,NaN,NaN,NaN,NaN,22.25010877,0.0167188076446142,0.937151200144099,NaN,7.47454329168511,5.45803897432109,NaN,"Sample 1.50 mL to AMBR-96DWP-3/B10",1300.82632057515,29.9887035108398,179.699816749985,0.283592734946457,60.0065171732221,2.446757502,1.55156957369641,3.50642304539381,85.9990503855202,NaN,NaN,NaN,NaN,18.2169870808953,0.40220170432167,13.4534127881519,51.1357378034397,7.39825589705674,27.3829330191093,0.0685010803584399,"Sample 1.50 mL to AMBR-96DWP-3/B11",1300.01612293192,30,176.973978258964,0.158163908599295,40.0120363549611,2.47463052,1.10297533106702,6.38223638938831,81.7863278291531,NaN,NaN,NaN,NaN,13.5214397994455,1.17686322928392,14.6703255573443,74.6587658406296,7.39995480919556,30.00611541912,0.0853973489619945,"Sample 1.50 mL to AMBR-96DWP-3/B12",1300.28902323087,29.995839696836,177.353026747561,0.0683378780000004,19.9825935288237,2.38109190110262,1.54763225534935,10.7461769440514,-0.41583957207071,NaN,NaN,NaN,NaN,14.8791855726667,3.50594191621462,14.1966199798072,10.0696240652073,7.27210505758792,29.4535816776909,1.06725570749764,"Sample 1.50 mL to AMBR-96DWP-3/C1",1298.77361131516,30.0040734700055,177.604349714652,0.122077679999999,9.98628508236825,1.83962642947841,3.56060696465527,7.00969852460302,-0.381365228272731,NaN,NaN,NaN,NaN,15.1211367608333,4.54637888518762,8.88947738666408,5.84617884755376,7.272198295731,17.6354835203844,1.19934824065519,"Sample 1.50 mL to AMBR-96DWP-3/C2",1300.49502835367,30,177.175741953437
20.1666666666667,5.411387014,0,5.520541726,0.750237296689639,0,-0.25050261528688,NaN,NaN,NaN,NaN,33.2485945643115,0.378701183725209,1.87445807135465,NaN,6.47828502374973,5.6046974127448,NaN,,1297.05366642023,30.0000523070686,184.776053813286,1.166604908,0,3.13873293,0.596719476194309,0,-0.220288692368273,NaN,NaN,NaN,NaN,23.1665752725,0.0165586529973628,1.02423271365577,NaN,7.47257174129966,5.60971767632424,NaN,,1299.19976502218,29.9925586585235,178.149465461376,0.289500876768074,59.967191571238,2.446757502,1.66604082392072,3.4494432256097,86.4912170717063,NaN,NaN,NaN,NaN,18.5577122511047,0.359985593807988,13.4432958059025,51.6907726211646,7.39788789957141,27.3631216010189,0.0645159370994309,,1300.68120591454,29.9996007338884,175.364298092128,0.17221259315957,39.9818206315429,2.47463052,1.18502659494508,6.29316449251956,83.2614205302117,NaN,NaN,NaN,NaN,13.8213373790545,1.04505625927776,14.6399950606503,75.4194650270979,7.39996488528791,29.9456345683322,0.0794378559653363,,1298.5879874008,29.9987990805766,175.694238251988,0.0683378780000004,20.0448582629027,2.38796599800746,1.56059675581672,10.8317934186204,-0.414081016254947,NaN,NaN,NaN,NaN,14.6785391195,3.21921042591792,14.2594974021042,10.0700538593293,7.27214341204805,29.5782089372388,1.07906907066131,,1300.9736574034,30.0042827039377,175.883358872645,0.122077679999999,9.99880951046157,1.84757373681685,3.59783327169757,6.98270829814028,-0.381154943321431,NaN,NaN,NaN,NaN,14.8392070255,4.2214495932916,9.09141001872939,5.84737330624594,7.27342592792825,18.0084030856,1.20203987875986,,1301.60303961098,30.0075181456244,175.599982765495
20.25,5.411387014,0,5.520541726,0.741683409703245,0,-0.146899710954884,NaN,NaN,NaN,NaN,33.8795223775,0.400602642276479,1.88882896139796,NaN,6.47755392140477,5.62983012484121,NaN,,1300.01074622181,30.0099540935728,184.776053813286,1.166604908,0,3.14137232324365,0.592078770795802,0,-0.129876358656534,NaN,NaN,NaN,NaN,23.7558465148333,0.0168390084601499,1.0356684785088,NaN,7.47264051476418,5.62964125114005,NaN,,1299.98754547798,30.0088527661424,178.152003160697,0.294277111513321,60.0108745484873,2.446757502,1.6521848691966,3.1886461339129,86.4684760784704,NaN,NaN,NaN,NaN,18.0702345204352,0.362884170341722,13.4594549176979,51.3558056243557,7.39906267569667,27.3947631543098,0.0620889791445832,,1299.33643209106,30,175.36602199664,0.187749290627272,39.9971402696251,2.47463052,1.1864032649009,5.7542517994905,83.8985880842496,NaN,NaN,NaN,NaN,13.9195437383333,1.0513693160629,14.6742117372801,74.8040178637843,7.399398599757,30.0138708330177,0.0769247474933241,,1298.8731934053,30.0032123681669,175.707910191011,0.0683378780000004,20.0530904936926,2.39830423368479,1.59008874534489,10.2880997858985,-0.41778009541431,NaN,NaN,NaN,NaN,14.9599257926667,3.32448848403843,14.4373612812968,9.58321646854353,7.27184288664834,29.9317302632185,1.07366393076073,,1299.36908969773,30.0100002288818,175.892542187823,0.122077679999999,9.99838775239013,1.85435732002103,3.55852939970689,6.45390195517074,-0.383501676914491,NaN,NaN,NaN,NaN,15.1500939271106,4.15257294820134,9.06979773047913,5.38188564901925,7.27391111432726,17.9684350975124,1.19920801226695,,1299.6735090557,30.0100002288818,175.60623853479
20.3333333333333,5.411387014,0,5.520541726,0.74875479938793,0,-0.25255841561638,NaN,NaN,NaN,NaN,33.9198221698333,0.415202978771614,1.87171084202393,NaN,6.47762485437278,5.59989119407611,NaN,,1299.51454404294,30.0096938851677,184.776053813286,1.166604908,0,3.14436636197113,0.579125299402858,0,-0.2174003967091,NaN,NaN,NaN,NaN,22.6744781684287,0.0167182684288591,0.994996337995406,NaN,7.47215472577905,5.55878423485432,NaN,,1298.63217308923,30.0019958756309,178.154999249426,0.298665158480787,60.0441509037983,2.446757502,1.65592819155681,3.08978670832334,86.732825369804,NaN,NaN,NaN,NaN,17.9982154427315,0.351427287560042,13.4685227027162,51.4288965791669,7.39694185232929,27.4124803944275,0.0600792517497825,,1300.44368764183,30,175.367555134433,0.201000014986668,40.0176106211784,2.47463052,1.1591565558343,5.60874999751731,84.1166490601392,NaN,NaN,NaN,NaN,13.7585756191667,1.02526877020364,14.6731321354495,75.0642789900112,7.39971870489584,30.0116676035345,0.0747195418085817,,1300.74647077457,30,175.719301539057,0.0683378780000004,20.0271058657274,2.40752837384797,1.57676917570523,10.7049943134596,-0.413905572761284,NaN,NaN,NaN,NaN,15.0806888203333,3.45804883631104,14.4093546424983,10.0135261321723,7.27230518474755,29.875849442385,1.06904482554101,,1299.42977348181,30.0053933918354,175.90070845101,0.122077679999999,10.0080941067093,1.8582521824125,3.60935662490671,6.77108907479691,-0.382313576064602,NaN,NaN,NaN,NaN,14.9099038356682,4.35271480881865,9.2763966533039,5.60517720133394,7.27327339344913,18.3507386428185,1.20798335666725,,1299.37991124313,30.0057721961054,175.609497062006
20.4166666666667,5.411387014,0,5.520541726,0.761047029041783,0,-0.20103658325612,NaN,NaN,NaN,NaN,34.3627711714219,0.419331597644305,1.91467419377153,NaN,6.47547473884311,5.6750389302328,NaN,,1300.84842406066,30.0031975229681,184.776053813286,1.166604908,0,3.14974323774533,0.589339572335945,0,-0.168399848863488,NaN,NaN,NaN,NaN,23.834193357364,0.0168393145343668,0.950305070232593,NaN,7.47239073772705,5.41667447137633,NaN,,1300.98764703866,30,178.160373964036,0.300423453364527,59.9808856221667,2.446757502,1.6758585989407,2.95863423963926,86.8551086418834,NaN,NaN,NaN,NaN,18.6474629487847,0.336493253650709,13.2957822806382,51.4627145672624,7.39883969356298,27.0747438964118,0.0574907698632778,,1299.26670672122,30,175.36625634437,0.214186166810973,39.9986926105657,2.47463052,1.17398825131678,5.3694852499554,84.308058764826,NaN,NaN,NaN,NaN,13.6458864533333,0.982357983583618,14.5884853944307,75.0477512236137,7.39963081291705,29.842750882626,0.0715483877185771,,1299.823912805,30,175.730620157138,0.0683378780000004,20.0211351904483,2.41513779035132,1.58646373999604,10.8707564223782,-0.415761923153707,NaN,NaN,NaN,NaN,14.9596056466667,3.51191455406514,14.5758343756701,10.1333029628745,7.27181481123127,30.207451831307,1.0727779027314,,1303.01726718725,30,175.907256562002,0.122077679999999,9.99279436278747,1.86607819348212,3.57700400990621,6.94151971774735,-0.382219867374289,NaN,NaN,NaN,NaN,15.0202759417494,4.45978485790154,9.24520487495334,5.70979224438415,7.27410041119179,18.2929310777934,1.21571569996244,,1301.29529472142,30,175.616995630739
20.5,5.411387014,0,5.520541726,0.748683111030742,0,-0.255481027443947,NaN,NaN,NaN,NaN,34.3603768416132,0.422389181911136,1.99785939259143,NaN,6.47624003656395,5.82059833877467,NaN,,1299.54252077517,30,184.776053813286,1.166604908,0,3.153808902,0.592218748641482,0,-0.215647783965724,NaN,NaN,NaN,NaN,24.994659184472,0.016879282269418,0.965023383810927,NaN,7.47312773518777,5.47160941320066,NaN,,1299.09378728205,29.9944791846715,178.164541433376,0.303255779107186,60.0405181414699,2.446757502,1.65947068574741,2.8447145443924,87.0523939818811,NaN,NaN,NaN,NaN,18.3561266613819,0.323731258671728,13.461288811561,51.3471195879737,7.39892323211837,27.3983521457563,0.055401594689019,,1300.09012373032,30,175.366098545396,0.224955692406677,39.9876175054685,2.47463052,1.15691081744931,5.15244485364118,84.6423568938312,NaN,NaN,NaN,NaN,13.953310586,0.942914945559245,14.706986221141,75.1047018599311,7.39947755916381,30.0793187441262,0.0686025081262886,,1300.8456211708,30.001570413108,175.739595090285,0.0683378780000004,19.9684296037238,2.42631061499675,1.56427334548717,10.9970287274793,-0.412895188753702,NaN,NaN,NaN,NaN,14.8283902566667,3.5549586585049,14.6343505926368,10.3994403209607,7.27210352074302,30.3241055237614,1.05751371957924,,1302.72361434883,30.000805529155,175.917370774562,0.122077679999999,10.0054093576359,1.86837362425748,3.58830157869695,7.03512088396335,-0.376811379433404,NaN,NaN,NaN,NaN,14.9995685613623,4.51895835980813,9.19486648068645,5.78137553208261,7.27348317341379,18.1997581026405,1.21686140281853,,1301.24089240973,30,175.618662826605
20.5833333333333,5.411387014,0,5.520541726,0.755791248713647,0,-0.152615358021975,NaN,NaN,NaN,NaN,32.8917474402611,0.420551562174169,2.00954794116252,NaN,6.47710271891485,5.84105128156527,NaN,,1301.11092286297,30,184.776053813286,1.166604908,0,3.15655089775126,0.570910501446997,0,-0.208300708775337,NaN,NaN,NaN,NaN,26.747509661402,0.0168134021920132,1.07724557109228,NaN,7.47295804877842,5.70207615724767,NaN,,1298.71589968061,29.9950814471325,178.167183246006,0.307322099862893,59.9976628540464,2.446757502,1.65415993528928,2.74338888898326,87.0809883647776,NaN,NaN,NaN,NaN,17.9998030133333,0.31209877276156,13.3825171086785,51.2643796606486,7.39911021975662,27.2442168123979,0.0535142420001644,,1300.09182602852,30,175.367176872741,0.235050528213683,40.0209887784366,2.47463052,1.18108945096638,4.93328585696711,84.7242327867914,NaN,NaN,NaN,NaN,14,0.903310600917997,14.5688352461805,75.1606154278489,7.39944997361472,29.8034533859804,0.0656375761535905,,1300.88537879281,30.0000363801711,175.747830440748,0.0683378780000004,20.0279113888241,2.43681941338205,1.56166293963211,11.06294341405,-0.413053366145064,NaN,NaN,NaN,NaN,14.5696450431667,3.58258271076929,14.8043789030477,10.5974220470454,7.2719191844239,30.664092132106,1.04393455749957,,1301.13035636122,30,175.926835015069,0.122077679999999,9.99468664618781,1.87177709642124,3.58973291257159,7.09854939913009,-0.381474813534407,NaN,NaN,NaN,NaN,15.0791888559428,4.55935468409282,9.25954756594952,5.83450525928416,7.27292740265105,18.3194865229328,1.21666048683449,,1299.3352421931,30,175.621537847303
20.6666666666667,5.411387014,0,5.520541726,0.745908490266768,0,-0.25577004545139,NaN,NaN,NaN,NaN,30.1066879746139,0.418645493449503,2.03782945373673,NaN,6.47743719521198,5.89054737856725,NaN,,1300.80423172572,30,184.776053813286,1.166604908,0,3.16193046157386,0.574614800533541,0,-0.218371761918524,NaN,NaN,NaN,NaN,26.8795140011667,0.016503000313812,1.11722042309567,NaN,7.47269623108206,5.77174527523201,NaN,,1299.36864435308,30,178.172563362884,0.311772907303049,60.0267672993265,2.446757502,1.64502371858063,2.6439609467754,87.1828852879465,NaN,NaN,NaN,NaN,18.3610156141667,0.300796838513764,13.4494176778557,51.2324685107953,7.39895524519672,27.3751206419438,0.0516079414297694,,1300.39489476763,30,175.368639431278,0.244743226932462,40.0220233406947,2.47463052,1.14215974953209,4.73134454104416,84.8594125632398,NaN,NaN,NaN,NaN,13.879613448,0.866460968295111,14.5625542527632,75.1613828571763,7.39954007711394,29.7911493817448,0.0629483623208468,,1299.95728640707,30,175.755719463097,0.0683378780000004,20.0141015628555,2.44517845435508,1.5395274821698,11.1087728303656,-0.417852075558098,NaN,NaN,NaN,NaN,14.8793887756667,3.59564478702794,14.7360761414852,10.6389417939845,7.27183595810577,30.5273440676341,1.04416451287624,,1301.59640078359,30,175.934242360905,0.122077679999999,10.0117023580236,1.87737971232615,3.55110026576321,7.13982590412645,-0.380285297702333,NaN,NaN,NaN,NaN,14.9824738252544,4.58685142332048,9.33118030539935,5.91174757667271,7.2727120606783,18.4521951181699,1.20773893135878,,1298.64274668086,30,175.626608061554
20.75,5.411387014,0,5.520541726,0.740572505714992,0,-0.138652477307636,NaN,NaN,NaN,NaN,26.4557469395899,0.414312737344646,2.07434641939541,NaN,6.47748920987363,5.95448066030846,NaN,,1300.56643341568,29.9990621375545,184.776053813286,1.166604908,0,3.16534761270324,0.568947588646875,0,-0.218276348719311,NaN,NaN,NaN,NaN,26.9808385594579,0.0166189659849503,1.07927287230851,NaN,7.47215943078635,5.70560980493976,NaN,,1300.46216244831,30,178.17597705002,0.315263604727902,59.9501297002519,2.446757502,1.63317615930661,2.53791911153886,87.3199145183197,NaN,NaN,NaN,NaN,18.4821567438333,0.288968107614554,13.3165020656531,51.3037625042734,7.39914242423939,27.1152209134515,0.0494690126625897,,1300.49940962361,30,175.369140841655,0.254612575471121,40.0321362714219,2.47463052,1.13418699752277,4.54367352763728,85.1977630496338,NaN,NaN,NaN,NaN,13.8387750015,0.832109632519049,14.545169412051,75.2214429870452,7.39885598554337,29.75631875852,0.0604041798321827,,1297.77935124905,30,175.763679832747,0.0683378780000004,19.9780814913754,2.4536111762379,1.54724224855702,11.1404759542685,-0.417042266445746,NaN,NaN,NaN,NaN,14.8389555683333,3.60482366372074,14.8774689527348,10.5341863232476,7.27220549241694,30.8105085780602,1.0575634948902,,1299.46498366504,30,175.941517789511,0.122077679999999,10.0035819663326,1.88247645593018,3.56331240122035,7.17479580545515,-0.379680751655689,NaN,NaN,NaN,NaN,15.0169245172456,4.60994795780808,9.41557746188686,5.97420237140647,7.27274791107487,18.6087075976484,1.20096356881871,,1299.01780839796,30,175.631169514492
20.8333333333333,5.411387014,0,5.520541726,0.741083913515409,0,-0.251237606525204,NaN,NaN,NaN,NaN,25.2847319338801,0.411964532794316,2.04013797703222,NaN,6.47535830453975,5.89459201009603,NaN,,1301.04007614328,29.9989354778272,184.776053813286,1.166604908,0,3.17023842652685,0.560940194278373,0,-0.217243006069554,NaN,NaN,NaN,NaN,26.5380114592088,0.0164968845742381,1.12704497873419,NaN,7.47221762870292,5.78885973496668,NaN,,1299.31140207924,29.995829937237,178.180871486879,0.31896189055792,60.0398873467081,2.446757502,1.63709065230829,2.44872116633868,87.416680428562,NaN,NaN,NaN,NaN,18.2619256155,0.278763299391162,13.372287802126,51.2444490734979,7.39868736459789,27.2243136237431,0.0477856420138229,,1298.53608089213,30,175.369789255094,0.262403553184294,39.9861808369837,2.47463052,1.15299514805111,4.36496057957304,85.3120215959804,NaN,NaN,NaN,NaN,13.718885051,0.799883040233639,14.5396258541741,75.0624678569136,7.39925049320024,29.7454301932934,0.0581504386838958,,1299.24115086027,30,175.769600420255,0.0683378780000004,20.0179161869877,2.46359437912353,1.54431703713185,11.1870124450081,-0.413573134726422,NaN,NaN,NaN,NaN,14.9197737153333,3.6238733399714,14.8822933363264,10.6559453850634,7.27224505457766,30.8202116054868,1.04985185596768,,1298.75974812242,30.002806868041,175.950450103029,0.122077679999999,10.0062475603632,1.886472832,3.53711029885055,7.19514318987665,-0.383440306468853,NaN,NaN,NaN,NaN,14.83899632,4.62253278990001,9.39317442245398,5.98708325410419,7.27255837348383,18.5671576378927,1.20179112102515,,1299.11669635698,30,175.634743623239
20.9166666666667,5.411387014,0,5.520541726,0.745293798862064,0,-0.166879802866032,NaN,NaN,NaN,NaN,23.8787821316199,0.407288265350569,2.02871674884723,NaN,6.47372320050244,5.87460031098832,NaN,,1300.64877187166,30.0004029621562,184.776053813286,1.166604908,0,3.17583554535072,0.546791927249021,0,-0.209710454402377,NaN,NaN,NaN,NaN,25.598895313767,0.0163851527411569,1.06186586125365,NaN,7.4725566861153,5.67528477478223,NaN,,1299.59844250479,29.9969396785964,178.186465561301,0.322370104206329,60.0273605439949,2.446757502,1.63172113908625,2.36529130994132,87.5014297368715,NaN,NaN,NaN,NaN,18.3397878988333,0.269180590962849,13.3516332939829,51.2299335149988,7.39882115376644,27.1838393615409,0.0461699793381025,,1300.85252679316,30,175.370281758823,0.270799213201733,40.0129226507225,2.47463052,1.15891822074613,4.19280268878094,85.4330630183586,NaN,NaN,NaN,NaN,13.4131527363333,0.76877307455301,14.6121348770905,75.0664113209868,7.39896584816407,29.8898038469452,0.0558547094000062,,1298.69241921137,29.9995970110982,175.776199239109,0.0683378780000004,19.9937594702643,2.47319504585235,1.55824084101041,11.2418769814435,-0.414590126518975,NaN,NaN,NaN,NaN,14.8795899668333,3.64056153158514,15.1657197766269,10.7509728077505,7.27199617169945,31.389883537553,1.04566310701881,,1301.46322101881,30.0004015796045,175.958993984492,0.122077679999999,10.0025911480185,1.89198972182962,3.57311155132462,7.20993921679448,-0.380237511433616,NaN,NaN,NaN,NaN,15,4.63064021692153,9.53215928551282,5.9994345369323,7.27240807711342,18.8251094290042,1.20178359251903,,1298.5895287655,30,175.639532121298
21,5.411387014,0,5.520541726,0.753495989929789,0,-0.250391699966957,NaN,NaN,NaN,NaN,24.4043149056667,0.403175308066905,2.01495475786686,NaN,6.47521432781498,5.85050914341903,NaN,,1299.51258244499,30.0008039665909,184.776053813286,1.166604908,0,3.18005878863981,0.563684056734736,0,-0.220839917213928,NaN,NaN,NaN,NaN,23.436888295233,0.0162406757685092,1.05144766341106,NaN,7.47239767980448,5.65712827992178,NaN,,1299.49319894721,30,178.19068999302,0.32569879999433,59.9499059467197,2.446757502,1.6400606841926,2.29067034047687,87.7239271532567,NaN,NaN,NaN,NaN,17.998897975,0.260793370416209,13.4776413463787,51.183893615808,7.3980750782676,27.430401339082,0.0447540346818783,,1299.59785867401,30,175.370674156979,0.277215410138607,40.005410275222,2.47463052,1.17290345403575,4.0348055258828,85.7502363242113,NaN,NaN,NaN,NaN,13.9434931495,0.7393755369216,14.5229492867117,74.6666219917161,7.39930469294215,29.7120369852775,0.0540388534135193,,1300.70381124716,29.9921704687454,175.780762539422,0.0683378780000004,19.9868363228449,2.48177644064269,1.54629763542745,11.2675364709912,-0.415361953701196,NaN,NaN,NaN,NaN,15,3.6482044342688,15.2736637919051,10.7144058435766,7.27178921572798,31.6076193857638,1.05162636870752,,1300.5612279225,30,175.966523329587,0.122077679999999,9.99865106969208,1.89979747461927,3.56906026427416,7.23931596215046,-0.37708147730428,NaN,NaN,NaN,NaN,15.1205562538333,4.65006914624105,9.41301047689161,6.01580279657124,7.27390620837294,18.6039337408901,1.20340898029635,,1300.25259753756,30,175.64690735507
21.0833333333333,5.411387014,0,5.520541726,0.746703811204388,0,-0.20794188716775,NaN,NaN,NaN,NaN,25,0.397872234635204,2.06518440789977,NaN,6.47511742122716,5.93843964159138,NaN,,1300.49320928357,29.9992119465366,184.776053813286,1.166604908,0,3.18647890641152,0.576523900740657,0,-0.214468517264699,NaN,NaN,NaN,NaN,23.9629533115516,0.0162006354915125,1.0574521527771,NaN,7.4730880071149,5.66759114821085,NaN,,1300.61780180031,30,178.197111603894,0.328304806462455,59.9565585174369,2.446757502,1.62486918711884,2.21636879709975,87.8909924824671,NaN,NaN,NaN,NaN,18.240711744,0.252567738421335,13.3621814309261,51.1030013296293,7.39826581765865,27.2044725394101,0.0433705109294363,,1300.07169151688,30,175.370236000685,0.283902978367875,40.0216777767916,2.47463052,1.165304197315,3.87635214381264,85.8043023135756,NaN,NaN,NaN,NaN,13.639359903,0.710624982497297,14.576263712485,74.6773372572275,7.39910268642808,29.8182437951468,0.0519075860898206,,1298.800637186,29.9990011113994,175.78559205906,0.0683378780000004,19.9641338370044,2.49099833402081,1.55190811908845,11.2975719666081,-0.413673833338161,NaN,NaN,NaN,NaN,14.840030917,3.65956045631909,15.1817424880241,10.7206552584107,7.27191719432683,31.4221541848053,1.05381457839207,,1298.78880767463,30,175.974690438324,0.122077679999999,10.0050102426475,1.90278102601954,3.57493706207837,7.25700178811797,-0.378494247767842,NaN,NaN,NaN,NaN,14.930694321185,4.66251610184733,9.49985518086086,6.05301954692512,7.27254661271401,18.7652305707961,1.19894371483981,,1298.96406854784,30,175.649360103589
21.1666666666667,5.411387014,0,5.520541726,0.745915030812795,0,-0.248969738273866,NaN,NaN,NaN,NaN,24.5179377783333,0.393738923030552,2.12340553392334,NaN,6.47542945523939,6.04037680396022,NaN,,1300.5575430721,29.9955747307493,184.776053813286,1.166604908,0,3.189044604,0.58092200189555,0,-0.216812439116101,NaN,NaN,NaN,NaN,23.7159386729484,0.0161610092650172,1.07859955095191,NaN,7.47330962315499,5.70443767120297,NaN,,1300.57595084046,30,178.199777135376,0.330317771040776,60.0355649277772,2.446757502,1.61550558669154,2.15344026536458,88.0094023781337,NaN,NaN,NaN,NaN,18.490890816756,0.245231923863742,13.352792484938,50.9665313899359,7.39875636855569,27.1860955629652,0.0422520968625348,,1299.46945548002,30,175.369263336259,0.290034186945623,39.9949618535521,2.47463052,1.15611570630164,3.74022083248229,86.0801153942898,NaN,NaN,NaN,NaN,13.9196470515,0.685384651288927,14.5950355888687,74.5504852231749,7.3991640645895,29.8557293186361,0.0501714959249317,,1300.72545003113,30,175.789881564959,0.0683378780000004,19.9890397643415,2.4992945058417,1.56107482527408,11.3149400391471,-0.413601509193229,NaN,NaN,NaN,NaN,14.9198413601667,3.66725547217142,15.1971168730722,10.6811304608695,7.27225587334939,31.4531366823905,1.05935747728461,,1300.20916028614,29.9995985556502,175.982035823024,0.122077679999999,10.0012020562569,1.91314804080891,3.58173419259632,7.29915800482734,-0.378969068690544,NaN,NaN,NaN,NaN,14.8688284234816,4.69134157923435,9.52924852218864,6.17325314807993,7.27216019599951,18.8197315006084,1.18243556317773,,1299.24894711519,30.0070628182747,175.659095521561
21.25,5.411387014,0,5.52086451343032,0.743409230194371,0,-0.209543096261366,NaN,NaN,NaN,NaN,24.9596576961667,0.387711756371622,2.15162909460648,NaN,6.47277134138116,6.08980708397044,NaN,,1299.26982180344,30,184.776284687459,1.166604908,0,3.19163715205669,0.578951311606422,0,-0.215305984640062,NaN,NaN,NaN,NaN,23.1171416584737,0.0160399918336809,1.07204420295244,NaN,7.47240512372113,5.69301746036285,NaN,,1298.97093403315,29.9912035755805,178.202269517251,0.332603153585509,60.0104479876806,2.446757502,1.63649904432159,2.09892003285884,88.1123242726131,NaN,NaN,NaN,NaN,18.4397646535245,0.23880731871951,13.3296091178749,50.9584392100962,7.39860230165671,27.1408713192893,0.041188683938398,,1300.13631369888,30,175.368561659445,0.296448381377126,39.9817994839913,2.47463052,1.15376574851071,3.60126027848665,86.0577080235489,NaN,NaN,NaN,NaN,13.9197654791667,0.660944586763301,14.4852301485081,74.604051724564,7.3989822935676,29.6368552683399,0.0482720480547187,,1299.45358307411,30,175.794460607307,0.0683378780000004,19.9960126878532,2.50617666737471,1.55435155632218,11.303836454981,-0.412024085433421,NaN,NaN,NaN,NaN,14.7994166766667,3.6624408390293,15.3246950487803,10.5686770655828,7.27181731432616,31.7107568210631,1.06956419326678,,1302.12325980966,30,175.987764463268,0.122077679999999,10.0044218180543,1.92174268621134,3.59200674287997,7.33450457302548,-0.380156601106451,NaN,NaN,NaN,NaN,14.9602125367473,4.71718748313275,9.71229319714686,6.28149502265211,7.27386865998273,19.160078643498,1.16778335271959,,1300.42475308406,30.0017765280539,175.667159627384
21.3333333333333,5.411387014,0,5.52923742293494,0.737615570805193,0,-0.249539586628585,NaN,NaN,NaN,NaN,24.6786400231667,0.383534449671782,2.17349937633862,NaN,6.47416719152734,6.12813609651149,NaN,,1300.55858033521,30.0034809024847,184.784650287396,1.166604908,0,3.19668074217881,0.569679043772717,0,-0.214588509194349,NaN,NaN,NaN,NaN,21.8852062022808,0.0160000007599592,1.05471746486089,NaN,7.47220067498341,5.66282318930423,NaN,,1298.46657115808,29.9927341626387,178.207308349845,0.335848581612086,59.9930436577548,2.446757502,1.62949153929652,2.03602670785951,88.1173729945826,NaN,NaN,NaN,NaN,18.0338975863862,0.231796695679706,13.2655085727558,50.7782675422886,7.3973281013289,27.0157282007221,0.0400966005597875,,1300.06803025552,30,175.368886396262,0.302159229417562,40.0328081330502,2.47463052,1.15982614357982,3.48527130808142,86.2456025041827,NaN,NaN,NaN,NaN,13.8399791078333,0.639597238585206,14.47315924214,74.6882572659928,7.39890400453562,29.6128254371608,0.0466655099707379,,1300.99164406755,30,175.798269492775,0.0683378780000004,20.043954914057,2.51489060809363,1.57755315304356,11.3463387517197,-0.413797144118533,NaN,NaN,NaN,NaN,14.7187688169383,3.67374545851159,15.4762218876162,10.6578793600946,7.27216909888071,32.017449484136,1.06459871185697,,1299.53851511842,30.0044076852716,175.995524437263,0.122077679999999,10.0279798402392,1.92661699,3.58890180834638,7.33943646809365,-0.379392414665196,NaN,NaN,NaN,NaN,15.4413428597527,4.71859946375939,9.68112526573013,6.21806046957416,7.27356807807944,19.102063720388,1.18034770312612,,1299.09731170616,30,175.671707552338
21.4166666666667,5.411387014,0,5.53100892264715,0.745090959068719,0,-0.20263340401936,NaN,NaN,NaN,NaN,24.7590333171667,0.377484983711572,2.13524258918836,NaN,6.47437257175076,6.06110567005745,NaN,,1300.90212977916,30.0100002288818,184.786420340066,1.166604908,0,3.20253388100963,0.565151912506531,0,-0.219967177767833,NaN,NaN,NaN,NaN,20.8482156367455,0.0160000007599592,1.0799948471312,NaN,7.47265355313165,5.70687463675203,NaN,,1299.62151070557,30,178.213166368821,0.337474639837759,59.9724326538876,2.446757502,1.59186375749622,1.96834588969239,88.2754048496288,NaN,NaN,NaN,NaN,18.0402830833333,0.224091222207178,13.4173956536306,50.514353477429,7.39792426909725,27.3124337163587,0.0389659940430174,,1301.01350228029,30,175.367457115444,0.307111881131274,40.0146555662984,2.47463052,1.15124865218361,3.36335654558646,86.389978063987,NaN,NaN,NaN,NaN,14.0401105028333,0.617039957765744,14.4235029068905,74.7305753840683,7.39904868928829,29.5140917011141,0.0450063475328237,,1301.25929880188,30,175.801430058402,0.0683378780000004,19.997364386508,2.52278571075,1.568622136633,11.395414772234,-0.415516769083342,NaN,NaN,NaN,NaN,14.5063260017284,3.68820749404775,15.5708872128547,10.7295884508675,7.27206310771093,32.2095958432183,1.06205732062237,,1299.20221257797,30.0012030945543,176.002258765015,0.122077679999999,9.9912039809083,1.93002900080705,3.59115168499696,7.35938204421531,-0.382381458541864,NaN,NaN,NaN,NaN,15.3205260066667,4.72794516736707,9.84169893587795,6.20893884861308,7.27237733431126,19.4011283849791,1.18529359977124,,1302.05175676617,29.9982672257775,175.67449319283
21.5,5.411387014,0,5.535091792,0.751812737436739,0,-0.252245842783583,NaN,NaN,NaN,NaN,24.959848803,0.372067885580403,2.14028093789962,NaN,6.47445812322479,6.06993507949643,NaN,,1299.88258361892,30.0100002288818,184.790603879286,1.166604908,0,3.2075454305099,0.581912575255902,0,-0.216532985453835,NaN,NaN,NaN,NaN,20.5186828940583,0.0160000007599592,1.09541757477906,NaN,7.47242973998322,5.73375659689873,NaN,,1299.48263652124,30,178.218176235828,0.33925738,59.9624211487675,2.446757502,1.63395653581041,1.92514459367094,88.4632507222617,NaN,NaN,NaN,NaN,18.2022613028916,0.219229349725152,13.2728222270526,50.5368601304492,7.3976612396717,27.0299182663976,0.0380938308379098,,1299.18842698876,30,175.366322482115,0.311835578369319,39.9778644306215,2.47463052,1.1434515452535,3.25294446716708,86.6768810420261,NaN,NaN,NaN,NaN,13.8859101287806,0.597233045504494,14.4765530310216,74.8214873644729,7.39919863441863,29.6195621133465,0.0434766056715858,,1300.14993328246,30,175.804229638831,0.0683378780000004,19.9945428033301,2.53042225696501,1.57128157308102,11.4234749096117,-0.413250758246794,NaN,NaN,NaN,NaN,14.8501357481667,3.69786908048724,15.5951673989272,10.7538369863644,7.27214982006126,32.2588593424302,1.06227192269661,,1297.9542096168,30,176.008949131477,0.122077679999999,10.0057159922398,1.93638992099049,3.59769503251625,7.3786983569046,-0.380840175231607,NaN,NaN,NaN,NaN,14.943145105,4.74032376464946,9.7413022540795,6.22142419167846,7.27242002622476,19.2141277568237,1.1860218026277,,1301.37929471283,29.9953079818207,175.6802171923
21.5833333333333,5.411387014,0,5.535593801105,0.746983149593308,0,-0.215807768830769,NaN,NaN,NaN,NaN,24.8232858255738,0.365833250905401,2.20626251028959,NaN,6.47532682336834,6.18550868031004,NaN,"Sample 1.50 mL to AMBR-96DWP-3/D5",1300.30924138834,30.0036530956725,184.533468368591,1.166604908,0,3.2138910896465,0.57355392278071,0,-0.21505097491437,NaN,NaN,NaN,NaN,20.0147505502751,0.0160000007599592,1.14982658436064,NaN,7.47320744637791,5.82856729857712,NaN,"Sample 1.50 mL to AMBR-96DWP-3/D6",1300.36095518119,30.0016055753229,177.982364902709,0.340160259620695,59.999728331166,2.446757502,1.53946297986387,1.87705646060596,88.6812998285162,NaN,NaN,NaN,NaN,18.7211728764417,0.213484742039642,13.1573763523746,50.2974913942712,7.39875766426697,26.8049542499726,0.0372866801286552,"Sample 1.50 mL to AMBR-96DWP-3/D7",1300.20297247899,30,175.161754267792,0.316132329329671,40.0448183200449,2.47463052,1.09685322591294,3.14735266748174,86.62476271398,NaN,NaN,NaN,NaN,13.7523824925527,0.577172454082844,14.4742780032618,74.6663084661016,7.39902404392693,29.6150227119975,0.0421122452429732,"Sample 1.50 mL to AMBR-96DWP-3/D8",1300.37530686803,30,175.663851266703,0.0683378780000004,19.988309391117,2.53625515748026,1.51772489621387,11.4550857857857,-0.412645556792363,NaN,NaN,NaN,NaN,14.8334475816585,3.70636281380192,15.8158219280305,10.7606041029723,7.27185409647658,32.7082087154661,1.0645894041588,"Sample 1.50 mL to AMBR-96DWP-3/D9",1300.54449521654,30,175.929132677607,0.122077679999999,9.99828128627563,1.94470011961407,3.59083375197693,7.41632129102658,-0.379944151310361,NaN,NaN,NaN,NaN,15.0563706068333,4.75933624828956,9.90577571044527,6.27552143553226,7.27399499090798,19.520603431142,1.18283546672076,"Sample 1.50 mL to AMBR-96DWP-3/D10",1300.52022016842,30,175.457043541554
21.6666666666667,5.411387014,0,5.540331374,0.749253871376074,0,-0.250377780477228,NaN,NaN,NaN,NaN,24.4022766515929,0.382661635920861,2.23501877543931,NaN,6.47698482600223,6.23589645861937,NaN,,1301.12709957174,29.9973486831409,183.001843461286,1.166604908,0,3.219488718,0.532931138604623,0,16.578932696804,NaN,NaN,NaN,NaN,20.4742965870275,0.0163378729731741,1.19553797343573,NaN,7.47762640742133,5.90825271015869,NaN,,1301.42653541931,29.9444028750081,176.436221249376,0.342627074,59.9721686162121,2.446757502,1.63326668251603,1.86329667735769,88.9567875704821,NaN,NaN,NaN,NaN,18.2408898061667,0.194639184905549,13.1857576001232,50.84383720217,7.3976360198549,26.8601299831364,0.0357351410268049,,1299.25220030886,30.0006370529273,173.569717694434,0.322058306,40.0225841117378,2.47463052,1.15346488679776,3.12025173046354,87.2724376625831,NaN,NaN,NaN,NaN,13.9587463823402,0.519328223701986,14.5675592910556,75.5070282260639,7.39645528964319,29.8008985575985,0.0397046298687015,,1300.4890310019,30.0015064138433,174.01687451805,0.0683378780000004,20.0154340829944,2.54343074032621,1.55789137960313,11.5405422303224,-0.413747947081865,NaN,NaN,NaN,NaN,14.6072694843416,3.40260843580771,15.8590874329794,10.8516405154415,7.2724239243556,32.7966021665872,1.06633074186557,,1299.37066794022,30.0068093504367,174.225776191667,0.122077679999999,10.0085642711172,1.94845036507317,3.57714237168504,7.37690878096852,-0.379873750993661,NaN,NaN,NaN,NaN,14.7992584043333,4.38507759268276,9.90858461353521,6.22512599614454,7.27295422955011,19.5259009322301,1.20986928245325,,1300.97016358338,30,173.897318519981
21.75,5.411387014,0,5.540331374,0.742866069553282,0,-0.0684658846952727,NaN,NaN,NaN,NaN,24.5930337258538,0.410001319937776,2.2327463603356,NaN,6.47822001190859,6.23190888860335,NaN,,1301.00899731309,29.9995985366381,183.001843461286,1.166604908,0,3.219488718,0.525803364919726,0,25.3994416655816,NaN,NaN,NaN,NaN,22.0794514661182,0.0169599388168053,1.07322865025989,NaN,7.48154559439278,5.69513022598171,NaN,,1299.95621372581,29.8566046329454,176.436221249376,0.343787135039762,60.0391633127262,2.446757502,1.61610501109216,1.7864567705289,89.2759707977211,NaN,NaN,NaN,NaN,18.4014815556667,0.201141137747664,13.1994587157714,50.6310590513537,7.39863976477687,26.8867966740449,0.0352837597777014,,1300.80492642704,30.0041769141631,173.567821024276,0.323362454720083,40.0411783757481,2.47463052,1.17617839055614,2.91709615081297,87.506339147414,NaN,NaN,NaN,NaN,13.5191554158666,0.530246779198938,14.5069535716827,75.5924075028272,7.39914885037492,29.6801054031145,0.0385899141952648,,1299.38358688041,30.0025140706712,174.016254654514,0.0683378780000004,20.0073326559886,2.54984198799534,1.55112897497491,10.9219724007619,-0.411292623528438,NaN,NaN,NaN,NaN,14.9577664978333,3.50083006817236,16.0477174830011,10.246386851556,7.27220076261811,33.1824040157824,1.0659679531942,,1303.01498015029,30.0080707713378,174.231204496264,0.122077679999999,9.99664299085829,1.9572600531745,3.57246297887121,6.78453520164138,-0.3836002519552,NaN,NaN,NaN,NaN,15,4.31587598148272,9.95449180118817,5.60800394881376,7.27296081563617,19.6116244409028,1.2100663895768,,1300.77184551407,30.0023799922508,173.905497227752
21.8333333333333,5.411387014,0,5.540331374,0.752660141845079,0,-0.246710423136474,NaN,NaN,NaN,NaN,23.9292897669795,0.429504436477196,2.22456530761907,NaN,6.47998124598932,6.217576754997,NaN,,1301.23776190231,30.0028513526424,183.001843461286,1.166604908,0,3.22014112283238,0.525306355192769,0,10.2447291734264,NaN,NaN,NaN,NaN,22.0503204918542,0.017000000923872,1.07137099731607,NaN,7.47528531448683,5.69183971366311,NaN,,1300.47648725417,29.8805486187788,176.436772201296,0.346035723999999,59.9922747499621,2.446757502,1.6577679448048,1.76244917583734,89.42369173451,NaN,NaN,NaN,NaN,18.4963171978333,0.198426189459757,13.2873974946642,50.5012090662225,7.39791388415736,27.0584676878946,0.0348991390068337,,1299.99685030616,30,173.567148469754,0.327395506032634,39.9754422703187,2.47463052,1.15972679933224,2.87109681635342,87.6985800364828,NaN,NaN,NaN,NaN,13.8799754366266,0.521889146386489,14.4831795843045,75.4900343957712,7.39920070041664,29.6327859676658,0.038032915613289,,1300.22265802803,30.0004016686232,174.018431205902,0.0683378780000004,20.0010474730686,2.55802538705689,1.56698367057912,11.3362015705797,-0.414635826389395,NaN,NaN,NaN,NaN,14.799618751,3.63345049155246,15.9799974483143,10.7599413794753,7.27192148485319,33.043754622964,1.05359057321089,,1300.7918923716,30.0063995447022,174.238232915873,0.122077679999999,10.0033892152458,1.96734784034952,3.56691514044113,7.1529672894157,-0.380965395940436,NaN,NaN,NaN,NaN,15.0786885388333,4.55360912904505,10.0728730155643,6.07150368374072,7.27250565063026,19.8326473824428,1.17833675174666,,1301.16097331419,30.0091988849226,173.914953826724
21.9166666666667,5.411387014,0,5.540331374,0.745699295073918,0,-0.0614411436632318,NaN,NaN,NaN,NaN,23.9198668246667,0.433442423800925,2.29408835769719,NaN,6.47757916172703,6.33940913393423,NaN,,1299.84236464622,30.0100002288818,183.001843461286,1.166604908,0,3.23693905881904,0.586762979147511,0,0.954488880330906,NaN,NaN,NaN,NaN,23.808366335,0.017000000923872,1.03996484646468,NaN,7.47128724357701,5.63713214820468,NaN,,1300.07404695107,29.9363708102372,176.453149984542,0.346035723999999,59.9625970944321,2.446757502,1.64677895815355,1.72526687775351,89.4766675227756,NaN,NaN,NaN,NaN,18.6673089860164,0.194290204404822,13.0971869539522,50.3254400706643,7.39942639162724,26.6876998446807,0.0342825209010872,,1300.51907500809,30,173.564159236465,0.330888575158511,39.9937602221344,2.47463052,1.17369728867973,2.79394274781954,87.8765433977382,NaN,NaN,NaN,NaN,13.7190794158333,0.50835063230528,14.3654673272769,75.4297532869592,7.3991193965362,29.3987506959664,0.0370403226336048,,1299.43489134063,30.0003992663799,174.020069058512,0.0683378780000004,20.0222695591412,2.5678138749023,1.58125610711221,11.4799173523624,-0.409649790453974,NaN,NaN,NaN,NaN,14.4781770333333,3.68082154615247,16.1135365463528,10.9880645543379,7.27187961250755,33.3173545906849,1.04477446562619,,1298.54119367734,30.0046856719241,174.24696890319,0.122077679999999,10.0036161406961,1.9800526342864,3.57740246331492,7.36386722100945,-0.379642271418671,NaN,NaN,NaN,NaN,14.9793495917863,4.6920975846177,10.1680991513265,6.39845641363133,7.27375253247426,20.0107563351256,1.15092401096362,,1300.65792609861,30.0095860598436,173.927331206905
22,5.411387014,0,5.540331374,0.75021514436545,0,-0.248743550496227,NaN,NaN,NaN,NaN,23.9629739859709,0.434876938108934,2.27136840482998,NaN,6.47632973424258,6.29959533219066,NaN,,1299.38935839243,30.0076194507464,183.001843461286,1.166604908,0,3.26287939039264,0.563812253542325,0,-0.216491094547717,NaN,NaN,NaN,NaN,24.444149376,0.0169170940076158,1.11089629871657,NaN,7.4711920128303,5.76072721918638,NaN,,1298.38473629027,29.9656374429732,176.479100111557,0.349253315688449,59.955888939927,2.446757502,1.6454509766948,1.68839681195952,89.591143552053,NaN,NaN,NaN,NaN,18.4499894824836,0.19024745328778,13.107482594187,50.3084732895376,7.3976816508947,26.7076832792703,0.0335608395190604,,1300.73836336311,29.9982878523461,173.564324178769,0.334112790987501,39.9778048409288,2.47463052,1.16532556540253,2.71485888780839,87.9021447123249,NaN,NaN,NaN,NaN,13.6228396948333,0.494160307610088,14.2936775068095,75.4147854234152,7.39896036938258,29.2560908585696,0.0359993113144265,,1301.49203546463,30,174.021438602324,0.0683378780000004,20.0068036297371,2.57865262267003,1.57198888266847,11.5591419498967,-0.414942356515209,NaN,NaN,NaN,NaN,14.6793508583333,3.7073130775853,16.0364115071703,11.1676878609188,7.27181745042153,33.1592051565387,1.03507332899634,,1301.78018958186,30.0049402954034,174.256751711727,0.122077679999999,9.99545780204928,1.98544906776274,3.59590668605499,7.47886531160742,-0.378504958828628,NaN,NaN,NaN,NaN,14.899655518678,4.76561663109137,10.2327767219587,6.51320002157264,7.27421092811364,20.1318273332188,1.14826054629455,,1300.39013806146,30.0001137023812,173.932200102462
22.0833333333333,5.411387014,0,5.540331374,0.743223751630424,0,-0.0989645314070549,NaN,NaN,NaN,NaN,25.3883836581958,0.433484885734833,2.32803554668324,NaN,6.4763686695951,6.3989184862025,NaN,,1300.70140272618,30,183.001843461286,1.166604908,0,3.28800166260726,0.561866038904911,0,-0.21664069682553,NaN,NaN,NaN,NaN,25.2409335458333,0.0163209489522334,1.08165093456646,NaN,7.47143403978052,5.70975243557372,NaN,,1300.70924536021,29.9804110416146,176.50422613256,0.349346983999999,59.9592303885347,2.446757502,1.63777908771414,1.64438048371047,89.5748936162069,NaN,NaN,NaN,NaN,18.711033203553,0.185229650869093,13.2735356001385,50.2600113570362,7.39913339439399,27.0315387573352,0.0327175731191847,,1298.79915393087,29.9997017223833,173.561495806469,0.33743134012158,40.0154791168747,2.47463052,1.17315767601679,2.64241572537177,88.1233881016963,NaN,NaN,NaN,NaN,13.45370862431,0.480737920923749,14.4164559871871,75.3768034523225,7.39913223523963,29.5000440642585,0.0350562590915752,,1299.96155287883,30,174.022905464928,0.0683378780000004,19.9747237471412,2.58975283453394,1.56653922617481,11.587931459586,-0.412114259439919,NaN,NaN,NaN,NaN,14.459823804,3.71983686360704,16.1097318116417,11.3485161684967,7.27327256743179,33.309493157772,1.02110753708185,,1300.17029086664,30,174.266793759097,0.122077679999999,10.018454962203,1.99533340468971,3.57638469880028,7.56449286915091,-0.378795716497489,NaN,NaN,NaN,NaN,14.6783581266195,4.82132919559688,10.1839462597008,6.61241140970296,7.27357722114112,20.0404044267548,1.14401198554334,,1299.66735594545,30.0046243077879,173.941350941177
22.1666666666667,5.411387014,0,5.540331374,0.742731251672824,0,-0.243575524178655,NaN,NaN,NaN,NaN,24.468819082232,0.432052338463148,2.37269717009857,NaN,6.47862547159419,6.47721869096041,NaN,,1299.76999915773,30,183.001843461286,1.166604908,0,3.31130807610707,0.614518599039513,0,-0.21585079555895,NaN,NaN,NaN,NaN,25.2418085868333,0.0160400317411875,1.05269257909524,NaN,7.47129415192827,5.65930228587219,NaN,,1300.8295267115,29.9975689996951,176.527635206386,0.351794076711495,59.9694208519828,2.446757502,1.63211224962852,1.61119284363452,89.7619707076475,NaN,NaN,NaN,NaN,18.1276127773342,0.181517618434946,13.2225599023505,50.2755108149867,7.39759677682365,26.9319841595607,0.0320472656626694,,1301.33469763612,30,173.560887563422,0.340896135618611,39.99022967417,2.47463052,1.17338232058735,2.5673721213523,88.1825733247093,NaN,NaN,NaN,NaN,13.8298547560342,0.467111042769805,14.398415108586,75.4121535656539,7.39886683672704,29.4641364506221,0.0340443635402368,,1302.13171276018,30,174.024513015277,0.0683378780000004,20.0244560864611,2.592998326,1.56238594075488,11.5842421950154,8.82003229498546,NaN,NaN,NaN,NaN,14.482374541,3.71878216243032,16.2543333841222,11.32236545977,7.28772638269773,33.6066747571519,1.02324025377231,,1301.18267234538,29.9884740761936,174.269194390762,0.122077679999999,10.0046962377945,2.00713041665936,3.58157489473699,7.64367354156262,-0.380544970961482,NaN,NaN,NaN,NaN,14.8793136675758,4.8741159087598,10.364218118685,6.79387857330836,7.27341600259101,20.3781633072371,1.1251204672563,,1299.43322159067,30.0050186667405,173.95271986069
22.25,5.411387014,0,5.540331374,0.742276522543173,0,-0.0924319394834868,NaN,NaN,NaN,NaN,23.0787949636014,0.426855204740479,2.28109990036869,NaN,6.47714183013635,6.31664854596313,NaN,,1299.86920407588,30,183.001843461286,1.166604908,0,3.33194916959766,0.537078759008795,0,-0.218483924651866,NaN,NaN,NaN,NaN,23.8062601095,0.0159196587604659,1.05963922409256,NaN,7.47150992382521,5.67140024595611,NaN,,1300.86902395761,29.9973045556426,176.548276537455,0.352736156,60.0273004952745,2.446757502,1.61382161242486,1.58887049898446,89.7735335335903,NaN,NaN,NaN,NaN,18.1110034686128,0.178892687599578,13.210588943919,50.225421279014,7.3978736895838,26.908638261012,0.0316351862097518,,1300.21438639279,30.0004031821979,173.558909803772,0.344399070838591,39.9994420983372,2.47463052,1.17839573456309,2.49560538418659,88.2767645052718,NaN,NaN,NaN,NaN,13.4854801653225,0.454250717890478,14.4009239042478,75.317478248855,7.39871764013984,29.4691150442464,0.0331346949551442,,1300.65989036194,30,174.026160991049,0.0683378780000004,20.0157534918277,2.592998326,1.55809265746426,11.387123885669,37.3588582338917,NaN,NaN,NaN,NaN,14.7728363838333,3.64683659970694,16.2689750887056,10.4578958864192,7.30720186913343,33.6368363029543,1.09025921977159,,1300.72153477166,29.9701734750556,174.268140615265,0.122077679999999,10.0021997651814,2.01460785671491,3.60681410663179,7.68638486115535,-0.380965317331941,NaN,NaN,NaN,NaN,14.5574763756737,4.90120799918891,10.2249711088603,6.86454457416712,7.27276096274992,20.1171658953487,1.11972346364781,,1300.3783549267,30,173.959708425527
22.3333333333333,5.411387014,0,5.540331374,0.740463243305234,0,-0.245937858998181,NaN,NaN,NaN,NaN,23.7838422238333,0.422171929859658,2.31645357469991,NaN,6.47711281165687,6.37861958594219,NaN,,1300.13814708637,29.999196755649,183.001843461286,1.166604908,0,3.3501954111533,0.559052398256974,0,-0.216837178161644,NaN,NaN,NaN,NaN,23.1193166869842,0.0156782392720709,1.1934388941509,NaN,7.4718965515578,5.90459775476991,NaN,,1299.94906482117,29.9904048522344,176.56662685846,0.352736156,60.0121522671522,2.446757502,1.62982719069076,1.54787562193954,89.9457230333197,NaN,NaN,NaN,NaN,17.9650634333333,0.174230141004189,13.1870651690564,50.1553372864391,7.3990359738276,26.8626253617932,0.0308615501623775,,1301.45294209699,30.0003987646601,173.555920148674,0.347244070867692,39.9292043641461,2.47463052,1.16332558180146,2.43957279645405,88.4927572816364,NaN,NaN,NaN,NaN,13.8396143481667,0.443538752237906,14.3181452274681,74.5053628767566,7.39896433177497,29.3046809005363,0.0327459001364161,,1299.13334625241,30,174.027149915993,0.0683378780000004,19.974088587696,2.592998326,1.57219714432785,10.9146191780536,61.9180262689337,NaN,NaN,NaN,NaN,15.0403698121667,3.4783286275314,16.0823477380097,8.55993785368716,7.33086922150178,33.2533148116574,1.2808295816392,,1301.31576078571,29.9551040110984,174.267083122436,0.122077679999999,9.97934477267025,2.02222768582107,3.56034431639634,7.70581617021527,-0.379181307577064,NaN,NaN,NaN,NaN,14.9871276435792,4.91160191931114,10.4160056377007,6.81765079206571,7.27466175644427,20.4753285605384,1.13028912570368,,1301.58096416037,29.9995180858909,173.966919479607
22.4166666666667,5.411387014,0,5.540331374,0.731228011205007,0,-0.176132036822352,NaN,NaN,NaN,NaN,23.9198330223333,0.416755656672072,2.37388891468065,NaN,6.47765654827854,6.47931008176674,NaN,,1300.69950634483,29.9939670594268,183.001843461286,1.166604908,0,3.36729145057627,0.56623208632459,0,-0.21639052610682,NaN,NaN,NaN,NaN,21.9900149053492,0.0152581683186298,1.19816758006724,NaN,7.47184120716915,5.91284598170766,NaN,,1299.34882529517,29.9972387990561,176.583619623551,0.353854046506676,60.0289508383131,2.446757502,1.64461515766163,1.51759629193642,90.0397331620964,NaN,NaN,NaN,NaN,18.200910698,0.170732675095186,13.1287813833664,50.1068937395739,7.39911171139507,26.749063368856,0.0302871205381591,,1299.90546228245,30,173.553983657774,0.350219689284159,40.0064777312619,2.47463052,1.1597514111081,2.37609059936902,88.5286923035168,NaN,NaN,NaN,NaN,13.8793338848333,0.432397857869418,14.2972797732627,74.5795246740009,7.39880396579801,29.2632093063005,0.0318651661027389,,1300.5679703774,29.9995978598943,174.028271915823,0.0683378780000004,19.9732045018262,2.592998326,1.58494939916398,10.2383369837738,65.1541666302141,NaN,NaN,NaN,NaN,14.8790482365,3.2530216666878,16.0735597497896,6.67269361285135,7.35397140407478,33.2352747500921,1.53868801104812,,1302.4407551671,29.9544396747418,174.26602080218,0.122077679999999,10.0242837785163,2.02816403093049,3.53603745645658,7.72628221334814,-0.381868071347973,NaN,NaN,NaN,NaN,15.0571788775283,4.92970979965198,10.4893006689929,6.86903302906716,7.27230256321206,20.6129773743757,1.12480487786698,,1301.81090447866,29.9964565869388,173.972142707
22.5,5.411387014,0,5.540331374,0.737101278441841,0,-0.250324668418066,NaN,NaN,NaN,NaN,23.9694672323104,0.412258493155746,2.38927166432962,NaN,6.47835219273431,6.50629508083897,NaN,,1299.32798864751,30,183.001843461286,1.166604908,0,3.38352872553589,0.593068986883562,0,-0.217117172337869,NaN,NaN,NaN,NaN,26.5348642466667,0.0149598901265044,1.13822847045511,NaN,7.4719387644741,5.80835671835074,NaN,,1299.45748589914,29.9899997711182,176.599958438947,0.355969504,59.9911852996322,2.446757502,1.648672300596,1.49505482744709,90.1568049290169,NaN,NaN,NaN,NaN,17.9998440178333,0.168238976003,13.1162288793448,49.9407402389642,7.39758097516465,26.7246505483038,0.0299366042058902,,1300.65171199377,30,173.553172047261,0.352405029999999,40.0231673421144,2.47463052,1.13845551992185,2.31637524286609,88.581660096535,NaN,NaN,NaN,NaN,14,0.421259014463334,14.3413978208422,74.7805804298676,7.39917459596296,29.3508755684001,0.03097655348274,,1300.00809033332,30,174.028670023273,0.0683378780000004,20.0369200809686,2.592998326,1.5547784128366,9.51452485128562,67.3542514398603,NaN,NaN,NaN,NaN,15.0781049411001,3.01909152635703,16.15268127302,5.50624480846716,7.37637427077911,33.3976756036305,1.73003986112696,,1302.67440000197,29.9675587847749,174.264956571054,0.122077679999999,9.99760865486105,2.03904844979452,3.5406294033959,7.77822205690046,-0.381318108509768,NaN,NaN,NaN,NaN,15.1564718308925,4.96311483760719,10.5163361017568,6.96407171958943,7.27315083807735,20.663715590615,1.11692145546874,,1301.27677871272,30.0023322138025,173.982548904869
22.5833333333333,5.411387014,0,5.540331374,0.754371445612986,0,-0.152156973275605,NaN,NaN,NaN,NaN,24.1507038696896,0.405328582379434,2.41296942281342,NaN,6.47701039170164,6.54784331948339,NaN,,1300.40034420205,30,183.001843461286,1.166604908,0,3.39785514569644,0.569867430810931,0,-0.216417179887867,NaN,NaN,NaN,NaN,26.7606391965264,0.0149999996647239,1.20915913972875,NaN,7.47147051931642,5.93201014777231,NaN,,1297.82817772144,30.0022113638179,176.614377040663,0.355969504,60.0207418484884,2.446757502,1.63768715799303,1.47265980575375,90.3531865949309,NaN,NaN,NaN,NaN,18.0402638878333,0.165725801039295,13.1416773396081,49.8571470761895,7.39925900970378,26.7741821819968,0.0295377666995025,,1300.4607001257,30,173.550181095264,0.35556917191761,40.0077701460112,2.47463052,1.14788837424501,2.25826216068703,88.7884191875858,NaN,NaN,NaN,NaN,14,0.410787080666748,14.3401844991839,75.1205234319581,7.39833145792382,29.3484105318566,0.030061861206246,,1298.98146828132,30,174.029912007856,0.0739231936393535,19.9830871897701,2.592998326,1.55737240542548,8.83794156575344,69.7222858450828,NaN,NaN,NaN,NaN,14.8411410363999,2.80167093007448,16.2798766130125,4.76647973229131,7.39680578849781,33.659350339714,1.85531666842019,,1301.38359485753,29.9771194482544,174.268932501396,0.122077679999999,9.99993369413961,2.0462644540985,3.52539105947181,7.81397306360998,-0.379803126280188,NaN,NaN,NaN,NaN,15.0400793556667,4.98523513775584,10.5273916878749,7.01654801689805,7.27351441967447,20.6844956025854,1.11365139416015,,1300.05719743828,30.0008764787703,173.989313624587
22.6666666666667,5.411387014,0,5.54167155646595,0.747141450535,0,-0.24661558810845,NaN,NaN,NaN,NaN,23.8794182925,0.399792518147323,2.38956834271679,NaN,6.47437815228562,6.50681537109409,NaN,,1300.67400701028,30.0007487743129,183.003086445432,1.166604908,0,3.41103549078074,0.523809294635377,0,-0.215803491165152,NaN,NaN,NaN,NaN,26.6728331329736,0.0147552206739032,1.22189575307413,NaN,7.47180682395877,5.95421519871057,NaN,,1299.36795329407,30.0031301310214,176.627464519147,0.357321933752075,59.9853398880903,2.446757502,1.62487612866437,1.44947690856468,90.3697149675033,NaN,NaN,NaN,NaN,18.6535112568333,0.163139794915401,13.1096918493191,49.7688922715543,7.39872946201393,26.711896571193,0.0291239391638633,,1300.86056772841,30,173.54846979571,0.35766543442687,39.9833401086691,2.47463052,1.16423648242747,2.20466207438699,88.8053696459455,NaN,NaN,NaN,NaN,13.7189218626667,0.400890112374553,14.3085559115918,74.8910802163367,7.39850067259425,29.2856079166008,0.0294385785097946,,1298.98978881837,29.9967852173895,174.030148379022,0.10980051392066,20.0283510994962,2.592998326,1.56875844927222,8.26776667241028,69.874016660813,NaN,NaN,NaN,NaN,14.7186977371667,2.62370192859063,16.1512728415052,4.29088474234614,7.39997219408784,33.394777114012,1.92710696918169,,1299.32180238818,29.9822576936918,174.303815453205,0.122077679999999,9.99030974720482,2.04913969581707,3.53154324343259,7.8386945076161,-0.37960156131381,NaN,NaN,NaN,NaN,15.1070248453333,4.99981552559862,10.5812422869053,6.94989738251899,7.27182119906832,20.7857199855184,1.12789586823466,,1298.66912315682,30,173.991561104586
22.75,5.411387014,0,5.545122962,0.747519190873163,0,-0.130183013701719,NaN,NaN,NaN,NaN,23.7214458304791,0.39404368856992,2.4397751072776,NaN,6.47541024664687,6.59486222039282,NaN,,1300.12758172853,30.0024683634398,183.006635049286,1.166604908,0,3.42524714312491,0.650872061428913,0,-0.21661506735218,NaN,NaN,NaN,NaN,23.063794888665,0.014522040571348,1.22855263734819,NaN,7.47232095202303,5.96582184854506,NaN,,1298.96731510387,30.0020086949443,176.641678127904,0.359611889999999,59.9535136994591,2.446757502,1.63842731682203,1.4232322556359,90.4698999634665,NaN,NaN,NaN,NaN,18.5522288533333,0.160195721241492,13.110244891648,49.7690763142198,7.39680923021173,26.7129754566944,0.0285967313258166,,1300.03599284209,29.9987305473102,173.547843323892,0.359493057882847,40.0086833435696,2.47463052,1.15353759645983,2.15788778701294,88.9530635732149,NaN,NaN,NaN,NaN,13.6785195465,0.392840708877,14.3807544296768,74.9884148599664,7.39911286709252,29.4290121911665,0.0287763726149676,,1299.42910158409,29.9995994720662,174.030117724745,0.129907726477824,19.9768106882138,2.592998326,1.54526454923796,7.9032760603919,74.3860602327307,NaN,NaN,NaN,NaN,14.8390949171667,2.50687983875786,16.0379538597507,3.95266632494325,7.39969967267809,33.1624466305416,2.0004976289271,,1304.70371504007,29.9899997711182,174.322923071841,0.122077679999999,9.99504243497996,2.06036594201155,3.49106770935485,7.88793261897166,-0.37681670679095,NaN,NaN,NaN,NaN,15.3695201541667,5.03093494410573,10.6219752481527,6.97403802323925,7.2726626204353,20.8623841993255,1.13104688406891,,1302.41037476287,30.0052187158719,174.002355616477
22.8333333333333,5.411387014,0,5.545122962,0.723406694720677,0,-0.247849396152639,NaN,NaN,NaN,NaN,23.3556425108542,0.388702043811813,2.39747840717393,NaN,6.47432958007586,6.52069055380449,NaN,,1299.2356591337,30.0006931312567,183.006635049286,1.166604908,0,3.43762998906608,0.478186090539379,0,-0.212447295465622,NaN,NaN,NaN,NaN,22.125622471335,0.0141609872394241,1.28807391522152,NaN,7.47196318560702,6.06961306231071,NaN,,1298.99204731032,29.9960280203357,176.654162016307,0.359611889999999,60.0316570250979,2.446757502,1.60644135142904,1.39626199674477,90.5400400453729,NaN,NaN,NaN,NaN,18.4036819573333,0.157142311765048,13.2322136693137,49.7292945388596,7.3979679283004,26.950713031663,0.0280776373637615,,1300.24137372641,29.9988577481015,173.544853781303,0.362981556652222,40.0323004322467,2.47463052,1.16243797305366,2.12080999068691,89.0653534745508,NaN,NaN,NaN,NaN,13.2284459958333,0.385135191729633,14.2065391159138,73.9972413544121,7.39189645934371,29.0832975444847,0.028663886505692,,1299.03505763212,30,174.031825056951,0.147797106905552,19.9904840640176,2.592998326,1.53414336987207,7.61564149449781,76.4469843140596,NaN,NaN,NaN,NaN,14.6782498013333,2.41669673633493,16.1287802548115,3.57621350165107,7.39918996590289,33.348920829858,2.13060647498882,,1301.5699940234,29.9899997711182,174.339825442771,0.122077679999999,10.0091041767612,2.07046995742358,3.46983520385456,7.92519109635397,-0.379630982052763,NaN,NaN,NaN,NaN,14.9247788681667,5.05726346710916,10.7585559514206,7.04374254991606,7.27298758204352,21.1196078388306,1.12514035369848,,1300.43420589783,30.0048349043052,174.011830481642
22.9166666666667,5.411387014,0,5.545122962,0.721869116563845,0,-0.21145578150038,NaN,NaN,NaN,NaN,23.6776385509871,0.382016743162797,2.43171810973189,NaN,6.47463084112053,6.58073096302719,NaN,,1300.5387081021,30.0001099847564,183.006635049286,1.166604908,0,3.45037284248935,0.566508306100928,0,-0.214952313401164,NaN,NaN,NaN,NaN,20.6306104471667,0.0140402582285728,1.32022383922758,NaN,7.47179541422167,6.12570455786717,NaN,,1299.23223721609,29.9899997711182,176.666798430079,0.359611889999999,59.9976408800754,2.446757502,1.62939883562203,1.36921624311697,90.5472341159191,NaN,NaN,NaN,NaN,18.239592016,0.154038492420231,13.20806482383,49.5527193023512,7.39939814949751,26.9035990016243,0.0276314236025382,,1300.68848720145,30,173.541863176624,0.362981583999999,40.0262204048245,2.47463052,1.14622438065282,2.092623235319,89.2359265634221,NaN,NaN,NaN,NaN,13.8507669378641,0.379932534808984,14.1505334279452,74.1898451349462,7.39244410954869,28.972357068205,0.0282089713866477,,1300.06598681381,30,174.029966571161,0.164027804827377,20.0201338142692,2.592998326,1.53068465616214,7.35975835867073,78.5861519934016,NaN,NaN,NaN,NaN,14.7989761666667,2.33561239742179,16.1488568963171,3.27611878711295,7.3987588122917,33.3898326914773,2.24722705707482,,1297.05663927047,29.9972437711164,174.354960869662,0.122077679999999,10.0067274542344,2.0763074582546,3.49345508050798,7.94596895624857,-0.378251766358375,NaN,NaN,NaN,NaN,15.0003643906667,5.06914847185574,10.8064263017085,7.03019626638116,7.27318500744118,21.2097973865069,1.13027155043595,,1300.24463898699,30,174.017135872608
23,5.411387014,0,5.545122962,0.720424749871218,0,-0.250356291093435,NaN,NaN,NaN,NaN,23.8178346223997,0.377870537488234,2.46926972188956,NaN,6.47625615838792,6.64660686604222,NaN,,1299.45997682211,29.9923606572217,183.006635049286,1.166604908,0,3.4627604846866,0.541286455609867,0,-0.21754113545469,NaN,NaN,NaN,NaN,21.4522279736667,0.0140000004321337,1.29585436810698,NaN,7.47181491300761,6.08318076829853,NaN,,1300.55823600506,29.9899997711182,176.679292799261,0.362302911547317,60.0173770911439,2.446757502,1.60612314344397,1.35110329116572,90.6768112136122,NaN,NaN,NaN,NaN,18,0.151993108511921,13.1800897182633,49.4923690677359,7.39825048187531,26.8490354835088,0.0272992106095222,,1299.86153565753,30,173.541495130857,0.362981583999999,39.9532916205507,2.47463052,1.15587800351307,2.04899613496558,89.3647488991635,NaN,NaN,NaN,NaN,13.9152476556359,0.372214669777057,14.2391058448124,73.8365650922936,7.39312036077937,29.1480389260662,0.027754454974263,,1297.65183600603,30.0015407625598,174.028107922566,0.179031295386131,20.0290334806814,2.592998326,1.53219108909396,7.13302290558115,80.5213636102677,NaN,NaN,NaN,NaN,14.8869123059983,2.26170751679918,16.2387732952049,3.01824633601993,7.39937785009157,33.5746465472393,2.36393153641327,,1299.76403433399,29.9936675105925,174.368988317109,0.122077679999999,10.0069097298329,2.08369171324405,3.43553409734781,7.97277178447011,-0.376471100805605,NaN,NaN,NaN,NaN,15,5.0850558228655,10.7850579717798,7.04761271734115,7.27271999714637,21.1694886939605,1.13127372954549,,1298.67059029251,30.0024726869773,174.024095774651
23.0833333333333,5.411387014,0,5.545122962,0.727334518141578,0,-0.196364798158011,NaN,NaN,NaN,NaN,23.9808408249465,0.372817917619987,2.48413440334322,NaN,6.47577878720051,6.67269090043446,NaN,,1300.27007081864,30.0017532333891,183.006635049286,1.166604908,0,3.47306926787881,0.58504079464527,0,-0.212628810923493,NaN,NaN,NaN,NaN,21.2635761991728,0.0140000004321337,1.29395944313355,NaN,7.47182117187051,6.07987639923041,NaN,,1299.78785842839,29.9899997711182,176.689601817851,0.363001062,59.9959739152436,2.446757502,1.58558193333096,1.3351817448387,90.7914480369295,NaN,NaN,NaN,NaN,18.080170581,0.150174553108481,13.2320448882992,49.3231779254338,7.398749136022,26.9504909761789,0.0270692927136124,,1300.43822450535,30.0004017819092,173.539269528292,0.362981583999999,40.0169347714089,2.47463052,1.16954266479338,1.9993920974607,89.4627114878738,NaN,NaN,NaN,NaN,13.9197942026667,0.363090268595617,14.2720015335918,73.5804244321737,7.39430044522744,29.2130664485038,0.0271777820133733,,1301.01506601914,30.0036932803468,174.026250800847,0.193958052667778,19.9853746001684,2.592998326,1.53727338555824,6.89523455162002,81.1546512247753,NaN,NaN,NaN,NaN,14.9923979790017,2.18568248020244,16.2317153281717,2.80404807030443,7.39944230591183,33.5601484108087,2.45946818252359,,1301.01210617869,30,174.382844814317,0.122077679999999,9.98796048634698,2.09169370617787,3.40243115473093,8.00933330674805,-0.378142983174367,NaN,NaN,NaN,NaN,15.201737507,5.10748965456161,10.8049737775374,7.09791070621811,7.27278264878367,21.2070891341717,1.12849196378924,,1298.96890521106,30.0015444469471,174.031567369799
23.1666666666667,5.411387014,0,5.55039641535739,0.746761135579131,0,-0.245406092789897,NaN,NaN,NaN,NaN,24.080837211,0.383806494565788,2.56517905907711,NaN,6.47708240221297,6.81490751769697,NaN,"Sample 1.50 mL to AMBR-96DWP-3/F1",1299.95732866348,30.0051720421993,181.24576919062,1.166604908,0,3.477474828,0.52737521011579,0,-0.214233236333441,NaN,NaN,NaN,NaN,19.6105922524939,0.0140000004321337,1.33006522937627,NaN,7.47232254795026,6.14285871277613,NaN,"Sample 1.50 mL to AMBR-96DWP-3/F2",1299.6152405351,29.9949706608419,174.974825389746,0.363880982940814,60.0155632114268,2.446757502,1.54013579900723,1.33748976655757,91.1245858690159,NaN,NaN,NaN,NaN,18.1597506438333,0.138923142655925,13.0810180380538,49.8182857678961,7.39861919479759,26.6560926941681,0.026420421687679,"Sample 1.50 mL to AMBR-96DWP-3/F3",1299.78813726496,30.0004009827276,171.865359155177,0.362981583999999,40.0136976876039,2.47463052,1.10111445417381,1.9997083114865,89.9192508343641,NaN,NaN,NaN,NaN,13.6383958485,0.331421110515973,14.3521515532023,73.5733499011726,7.39673622221545,29.3721827879381,0.0260355494207494,"Sample 1.50 mL to AMBR-96DWP-3/F4",1300.19065225562,29.9963794848999,172.403099232853,0.208767841694561,20.0202566184629,2.592998326,1.50465118923096,6.81809889746762,82.8502693044933,NaN,NaN,NaN,NaN,14.7991804345,1.96251237664198,16.3163693229933,2.75066780960681,7.39873841838042,33.7344138166856,2.5117688944678,"Sample 1.50 mL to AMBR-96DWP-3/F5",1299.71510794948,29.9963768813336,172.824797445396,0.122077679999999,9.99363889679871,2.09584091696227,3.38013140199751,8.10141285967216,-0.37768872832077,NaN,NaN,NaN,NaN,15.0588444882196,4.81534982578815,11.0057266905272,7.17655947143638,7.27242636487339,21.5861045159618,1.15135880150249,"Sample 1.50 mL to AMBR-96DWP-3/F6",1300.3542338125,30.0003534283291,172.307603154599
23.25,5.411387014,0,5.550771582,0.747832872364978,0,-0.0177202015607431,NaN,NaN,NaN,NaN,23.0338790193033,0.415134991618382,2.52185781335894,NaN,6.47927350383578,6.7388745339583,NaN,,1298.91367859289,30.0091941156801,181.218283669286,1.166604908,0,3.48076693214813,0.552287073741789,0,-0.214486617418471,NaN,NaN,NaN,NaN,23.9077234851391,0.0140000004321337,1.30115136023191,NaN,7.47168677844402,6.09242576187361,NaN,,1299.48571521351,30,174.903299126143,0.366370755999999,59.9772501623523,2.446757502,1.63865206777199,1.30224272483513,91.2544277761844,NaN,NaN,NaN,NaN,18.1748979788333,0.14429577728936,12.9807328881646,49.7208522049252,7.39620040143637,26.4610631763588,0.0261048528659778,,1299.82256781164,30,171.742654672511,0.362981583999999,39.9928277394,2.47463052,1.1539107507604,1.88925538052141,90.1375309462037,NaN,NaN,NaN,NaN,13.8391486714696,0.335898615949774,14.2469779876864,74.6775982837588,7.3994880911543,29.1634346318384,0.0249816290254955,,1301.35244835157,29.9996000646747,172.228535983667,0.222111904782656,19.9979184213604,2.592998326,1.54518803483493,6.17419944879874,83.7174162056042,NaN,NaN,NaN,NaN,14.8663408756533,1.89248970331429,16.2887050538589,2.39720423382341,7.39897886771845,33.6774707762965,2.59078763033349,,1300.05278543884,30,172.614870486742,0.122077679999999,10.0050776414263,2.10560475012812,3.32647496091586,7.31903492653313,-0.378090913210407,NaN,NaN,NaN,NaN,15.0233328811138,4.58912863462505,11.0768434396975,6.27257885967761,7.27277545940417,21.7206303843543,1.16910729797638,,1300.86774135177,30.0100002288818,172.250318622384
23.3333333333333,5.411387014,0,5.550771582,0.745570318402635,0,-0.236425471591833,NaN,NaN,NaN,NaN,22.9966392251967,0.436492986636368,2.53227269756917,NaN,6.47898082901179,6.75715238431652,NaN,,1300.171917795,30.0031799010155,181.218283669286,1.166604908,0,3.4895118720938,0.568397287993367,0,-0.216573609861777,NaN,NaN,NaN,NaN,24.27843939444,0.0140000004321337,1.3370492701297,NaN,7.47222401068882,6.15504595392952,NaN,,1298.00317393594,29.9923318361287,174.912144047778,0.366370755999999,59.9746715819923,2.446757502,1.61900063222817,1.29251973909858,91.3321541674142,NaN,NaN,NaN,NaN,18.8797915378333,0.143905268367864,13.0127022444411,49.6208499837058,7.39705322188458,26.5232181046039,0.0260480719623245,,1299.71554446728,30.0032019291459,171.739663442427,0.366237697718434,40.0097774204934,2.47463052,1.1496909807658,1.87086605854371,90.2295630577339,NaN,NaN,NaN,NaN,13.9191842430304,0.336693369817746,14.238995828518,75.1595402504658,7.39883437591774,29.1475733084813,0.0248952089993627,,1299.79432882925,30,172.229863878337,0.233484823412248,19.9827663571562,2.592998326,1.55409053527087,6.09461779336358,84.1048454862605,NaN,NaN,NaN,NaN,14.6285430735131,1.91626651381417,16.2022680965044,2.33082610662325,7.39925450914645,33.4995898120568,2.61485466525493,,1301.8448615378,30,172.625177365882,0.122077679999999,9.98713795911283,2.11508721170584,3.31116604369313,7.70242273299799,-0.380619206960119,NaN,NaN,NaN,NaN,14.9833987258333,4.86113547095635,11.1490693888718,6.67124224714977,7.27196655276673,21.8573532362929,1.15463557058031,,1299.17934455464,30.0100002288818,172.25937232844
23.4166666666667,5.411387014,0,5.550771582,0.743553286314004,0,-0.00504053696446015,NaN,NaN,NaN,NaN,23.0728459113333,0.444843175025539,2.58040056638518,NaN,6.47672166482674,6.84162630381104,NaN,,1298.64809634909,30,181.218283669286,1.166604908,0,3.49989399785529,0.537439327377332,0,-0.216803852870319,NaN,NaN,NaN,NaN,20.0057056465876,0.0140000004321337,1.4094641240775,NaN,7.4717181245433,6.28139824664069,NaN,,1297.56937000131,29.9972132030651,174.9223251004,0.366370755999999,59.9467875422601,2.446757502,1.60557710182894,1.28264062080349,91.4658437120135,NaN,NaN,NaN,NaN,18.9192384975,0.142787287044466,13.0232376769552,49.3811265076658,7.39777140152947,26.543691613843,0.0259744446874307,,1300.98278696374,30.0000161863492,171.736672235105,0.366751224281247,39.9610386374705,2.47463052,1.16038748402715,1.84546271132229,90.2645027146156,NaN,NaN,NaN,NaN,13.839208194,0.33235452113393,14.2777411027266,75.1752790777717,7.39979016815264,29.2245069196485,0.0245515612913616,,1299.97316974018,30,172.228525268627,0.240854524,20.0132115767844,2.592998326,1.5567184753807,5.99429738251802,84.1748690749359,NaN,NaN,NaN,NaN,14.7407697603336,1.88606793445312,16.2095169276091,2.32186491062918,7.39123711622063,33.5144770976734,2.58168212952298,,1299.28845770194,30,172.631754148275,0.122077679999999,9.99909018733839,2.1261322196505,3.28977799544005,7.96978407261155,-0.37694345633554,NaN,NaN,NaN,NaN,15.8392625753333,5.03201346885918,11.2337888662955,6.98586820379715,7.27221637417822,22.0179027600814,1.14088284218289,,1300.02079469501,30.0009611202511,172.269677612491
23.5,5.411387014,0,5.550771582,0.744705858258622,0,-0.235094539269919,NaN,NaN,NaN,NaN,24.804615981,0.45038176188208,2.53874528091575,NaN,6.47774259387401,6.76850984532101,NaN,,1298.97372714589,30,181.218283669286,1.166604908,0,3.51151469692565,0.512500180268936,0,-0.213734199961845,NaN,NaN,NaN,NaN,19.951720663,0.0140000004321337,1.51795014158062,NaN,7.47196905300663,6.47077102595897,NaN,,1299.8217221926,30.0047414691178,174.93404179902,0.366370755999999,59.9653733269144,2.446757502,1.62679515715285,1.26210511768738,91.5394396440627,NaN,NaN,NaN,NaN,18.7148610022958,0.140558215591132,13.0954699099176,49.3546418671115,7.39875886978205,26.6842157380326,0.0255721762004012,,1299.05863780738,30,171.733681723941,0.36983784,40.016761159005,2.47463052,1.16636205452668,1.81685792952309,90.364314464818,NaN,NaN,NaN,NaN,13.9967154924572,0.327250754677421,14.1597160983085,75.3159275210185,7.39855518163361,28.9905066649597,0.0241264497395059,,1300.43698023147,30,172.229826044824,0.246304428094268,19.9764812716419,2.592998326,1.56201293280971,5.85924259462861,84.4223750638323,NaN,NaN,NaN,NaN,14.9599074273333,1.84386833463974,16.2235347792867,2.31157366302226,7.39764764481784,33.5434150348797,2.53470238836676,,1299.80128102675,30,172.635933213411,0.122077679999999,10.0013230427523,2.13835346047529,3.27586354710559,8.13662343535922,-0.375196467542915,NaN,NaN,NaN,NaN,15.5578080638333,5.14033686118505,11.1355176303387,7.19983164579417,7.27369752230141,21.8317311505092,1.13013656546218,,1299.98556679233,30,172.281475073365
23.5833333333333,5.411387014,0,5.550771582,0.745998593366091,0,-0.138813944737584,NaN,NaN,NaN,NaN,28.1268659316667,0.450538326923423,2.61601039938696,NaN,6.47851952718668,6.90415361583341,NaN,,1300.79969195421,29.9963858445071,181.218283669286,1.166604908,0,3.52292379260059,0.545375357874254,0,-0.215336045218369,NaN,NaN,NaN,NaN,19.6478662279753,0.0140000004321337,1.3979479098062,NaN,7.47173390906432,6.26131788462418,NaN,,1298.79372020571,30.0087849996233,174.945457294641,0.366370755999999,60.0165553912278,2.446757502,1.6325509066726,1.24429308086669,91.5836880871747,NaN,NaN,NaN,NaN,18.8019661683709,0.13841606910328,13.0913269802957,49.2017407771433,7.3993126527097,26.6761798012539,0.0252895543270997,,1301.00427561616,30,171.730690162405,0.36983784,39.9950981328601,2.47463052,1.16925210998113,1.78900381802634,90.6024911564034,NaN,NaN,NaN,NaN,13.8025336860428,0.322280245650895,14.1669696870514,75.6582718618326,7.39955999157508,29.0048686467082,0.0236491151052272,,1299.50179133826,30,172.227972143248,0.256880271072986,19.9986314528196,2.592998326,1.56902973456574,5.64841445126826,84.4248362795695,NaN,NaN,NaN,NaN,15,1.77937411673299,16.3076545550606,2.29431968095076,7.39916705039211,33.716496607914,2.46193513261397,,1303.01792385532,30,172.645379723403,0.122077679999999,10.0055676378207,2.1453504619007,3.24085755388063,8.24491742922287,-0.37789491321948,NaN,NaN,NaN,NaN,15.7338236811526,5.21036521945245,11.2141285323217,7.39599779743416,7.27242418809105,21.9806615243577,1.11482439452741,,1302.05400903172,30,172.288050599374
23.6666666666667,5.411387014,0,5.550771582,0.754350596656135,0,-0.247853744898286,NaN,NaN,NaN,NaN,28.9598303175,0.448386745276179,2.61423639436696,NaN,6.47803037783146,6.90102866600438,NaN,,1298.93600490609,29.9934133527871,181.218283669286,1.166604908,0,3.53470719254572,0.59537459064614,0,-0.2135653990382,NaN,NaN,NaN,NaN,21.225421057858,0.0140000004321337,1.35625024422598,NaN,7.47216563204427,6.18855876912035,NaN,,1300.38023486671,29.9967368811721,174.957237716994,0.36754273507005,59.9941051379886,2.446757502,1.68125356307559,1.22251643965256,91.6191116743241,NaN,NaN,NaN,NaN,19,0.136011261724847,13.0565517957485,49.1762370759649,7.39872881050659,26.6085240618019,0.0248599770661368,,1300.36084614999,30,171.728800851366,0.372654748242941,39.9859183113962,2.47463052,1.15911261393619,1.76107005729244,90.7924522932776,NaN,NaN,NaN,NaN,13.8064797805,0.316973124973482,14.1629013318305,75.0933402480437,7.39844964863884,28.9968921819265,0.0234549841676139,,1299.86468108492,30,172.228866904905,0.268100872028846,20.042704753044,2.592998326,1.57596367532433,5.45968272998879,84.7260696921911,NaN,NaN,NaN,NaN,14.8801424693333,1.72034248000204,16.1832880129422,2.28328404906776,7.39836897536904,33.4605983650386,2.39113466688262,,1300.2320801919,30,172.655669719805,0.122077679999999,10.031812422451,2.15539598575562,3.24799305872361,8.3136766870248,-0.377528963622838,NaN,NaN,NaN,NaN,15.8244926860141,5.25294909322846,11.4093511103447,7.45573098654018,7.2729424679806,22.3512842187004,1.11507624559891,,1298.88120820109,30,172.29736511193
23.75,5.411387014,0,5.550771582,0.749793429656802,0,-0.11200630768753,NaN,NaN,NaN,NaN,28.9080067557533,0.443569653721072,2.59932706474163,NaN,6.47847235893212,6.87485196114802,NaN,,1299.7615184745,29.9901171017778,181.218283669286,1.166604908,0,3.54357909930166,0.594109898270441,0,-0.215059800294278,NaN,NaN,NaN,NaN,19.2945477171667,0.0138787638190948,1.43925469418082,NaN,7.47184329108207,6.33338530865451,NaN,,1300.24528523647,29.998998232081,174.966103883604,0.369740449999999,59.9875975768479,2.446757502,1.66863220241925,1.21607081118543,91.7642094455361,NaN,NaN,NaN,NaN,18.9197916716667,0.135294791171984,13.0175800040766,49.1266917563921,7.39638361106561,26.5327112792508,0.0247539280456754,,1300.7233613032,30,171.72807325312,0.373207534,40.0063721138612,2.47463052,1.18979127300395,1.73313823803841,90.7703526882856,NaN,NaN,NaN,NaN,13.6297695746667,0.312337176488512,14.0553014911814,75.413825937432,7.39899099775701,28.7839176364813,0.0229852767941167,,1302.1138932409,29.99679113635,172.227632891947,0.277173541059492,19.9860608895632,2.592998326,1.58102915860937,5.27457393070667,84.8544736747703,NaN,NaN,NaN,NaN,15,1.66182349567045,16.1691724501179,2.26651802738207,7.39895578475638,33.4315777115609,2.32717039210008,,1299.81793033074,30,172.663549918923,0.122077679999999,10.0041488158947,2.16454721404225,3.22950429138711,8.38642636201975,-0.377710246316846,NaN,NaN,NaN,NaN,15.6036991880444,5.29688173057407,11.4245386381117,7.58009722977882,7.27194581075764,22.3800847100502,1.10641397210287,,1300.60978029186,30,172.306169019553
23.8333333333333,5.411387014,0,5.550771582,0.745310405511948,0,-0.243035418464442,NaN,NaN,NaN,NaN,25.2336358757467,0.439232795170208,2.66213229365373,NaN,6.47777486748719,6.98513204433002,NaN,,1299.53635312059,29.9935021925296,181.218283669286,1.166604908,0,3.55427906250612,0.569358152220435,0,-0.213401392598382,NaN,NaN,NaN,NaN,20.6950306135942,0.0136265522818266,1.46376223747708,NaN,7.47161907660874,6.37616299080283,NaN,,1300.36591892733,30.0029298717088,174.976811907713,0.369740449999999,60.0111214018503,2.446757502,1.67430147801817,1.20258525586064,91.7801307200685,NaN,NaN,NaN,NaN,19,0.133783403944811,12.9346268497101,48.9937702953308,7.39741872516221,26.3715241162252,0.0245456281499094,,1299.93520556553,29.992594449921,171.725079895072,0.37320798074605,39.9973389330424,2.47463052,1.17334161390084,1.7026911721768,90.7269608854151,NaN,NaN,NaN,NaN,13.678314959,0.306645493242477,14.1135134763358,75.4052659457562,7.39984856832086,28.8990555244082,0.0225843367953865,,1300.31766099921,30,172.225779209497,0.28755929159987,20.0078497308268,2.592998326,1.59019808424661,5.10902108163449,85.2797271741172,NaN,NaN,NaN,NaN,14.597076129042,1.61136672799366,16.3060751491637,2.26858829923704,7.39851796486262,33.7132530613058,2.25205753877757,,1301.81488977235,29.9960705932701,172.67300829643,0.122077679999999,10.0165008669807,2.17623691202959,3.22372312358508,8.44663961473963,-0.378384574785329,NaN,NaN,NaN,NaN,15.6690707282132,5.33550176317044,11.4359981718877,7.67451379155788,7.27430978934598,22.4019143409651,1.10060867972819,,1300.54942194918,30,172.317262844646
23.9166666666667,5.411387014,0,5.550771582,0.75052408502819,0,-0.142598315413613,NaN,NaN,NaN,NaN,22,0.431692548643949,2.65431293019857,NaN,6.47608046651835,6.97140055543539,NaN,,1299.47726185818,29.9988513642788,181.218283669286,1.166604908,0,3.56578616917365,0.577643310876226,0,-0.214617373943013,NaN,NaN,NaN,NaN,21.6406993274238,0.0136504157852598,1.48305360375199,NaN,7.47221103940355,6.40984611341606,NaN,,1298.40652338197,30.0018871062188,174.988217406456,0.369740449999999,60.0068635191429,2.446757502,1.69520391274135,1.18604884038259,91.9390016723827,NaN,NaN,NaN,NaN,18.8792095686667,0.131896568900995,12.9581437545001,48.9905538421638,7.39837368083628,26.4171768773113,0.0242097397635254,,1301.98316731858,29.9903930132995,171.72208593116,0.376594040327448,40.0202084741345,2.47463052,1.17426427251764,1.67352166671639,90.7738989047226,NaN,NaN,NaN,NaN,13.919299496,0.301355050849456,14.2258835042931,75.3299673623687,7.39817170488741,29.1216928366431,0.0222194482299883,,1298.55287050088,30,172.227241104889,0.296683504385733,19.9617798317627,2.592998326,1.59660306963649,4.93679890739433,85.450025428466,NaN,NaN,NaN,NaN,14.5592929726247,1.55820852300235,16.3196357355568,2.25273174619691,7.40003127669227,33.7413122682489,2.19145445488634,,1301.97073992241,29.9958891142498,172.68100291992,0.122077679999999,9.97857148862652,2.18525209909142,3.22714658672431,8.50879776015262,-0.374915392802782,NaN,NaN,NaN,NaN,15.1288430490757,5.37388442424784,11.4824514442278,7.73467651627608,7.27255001775616,22.4904144778871,1.10008954463944,,1300.42814685891,30,172.325633032445
24,5.411387014,0,5.550771582,0.78347488731309,0,-0.243406787826396,NaN,NaN,NaN,NaN,21.4038871526095,0.42628608588226,2.65540430638891,NaN,6.4738134148342,6.97331841437865,NaN,,1300.53815642834,30.0012011515815,181.218283669286,1.166604908,0,3.57553052867502,0.67297345095699,0,-0.213313562811968,NaN,NaN,NaN,NaN,20.4815832196364,0.0135564122297573,1.55726730188679,NaN,7.47258441693932,6.53941728780876,NaN,,1297.38758192327,29.99275300945,174.998162533696,0.369740449999999,59.9865651196566,2.446757502,1.70355438329505,1.16943871313906,91.8791955502104,NaN,NaN,NaN,NaN,18.8793676443333,0.130043409100378,12.9876846545584,48.987357500684,7.39921003416199,26.4747141452663,0.0238722568029664,,1301.85916355328,29.9993237912756,171.719091524241,0.37665514,40.009837347786,2.47463052,1.15891843152791,1.65060724769028,90.9897790516947,NaN,NaN,NaN,NaN,13.7985117741667,0.297402173650173,14.2748949428141,75.6879689996101,7.39913778932331,29.2188648264577,0.0218113696560787,,1300.21555768113,30,172.225517871741,0.306798225961717,19.992815751173,2.592998326,1.58234321658559,4.78021068833236,85.8122941457431,NaN,NaN,NaN,NaN,14.7586071415,1.51088099788026,16.332131575474,2.24899794338999,7.39965784585222,33.7669335064533,2.12548321501727,,1300.161043879,30,172.690057069607,0.122077679999999,9.9968370403929,2.19541173850344,3.22836005274261,8.54311075955489,-0.378943996526985,NaN,NaN,NaN,NaN,14.915849934,5.40083960792484,11.725475486587,7.79532915361769,7.27408266614672,22.9533481607141,1.09593041887176,,1299.59014490463,29.9975870887347,172.335465434401
24.0833333333333,5.411387014,0,5.550771582,0.74450979601987,0,-0.168815387562103,NaN,NaN,NaN,NaN,21.3600661417487,0.423163595153485,2.66807831807762,NaN,6.47423448835854,6.99557693130965,NaN,,1301.17896991035,29.9908460784915,181.218283669286,1.166604908,0,3.58495808083191,0.639741014766427,0,-0.214534939847888,NaN,NaN,NaN,NaN,22.0269267960122,0.0132819242870985,1.56020603819098,NaN,7.47224673233975,6.54455869816645,NaN,,1300.60917327272,29.9916090905568,175.007486277649,0.370695425961585,60.0111202484139,2.446757502,1.67841499495711,1.16126948749744,91.9911837727051,NaN,NaN,NaN,NaN,18.9599375665,0.129157274512427,12.9212868258013,48.9171559391634,7.39878279037937,26.3456394660644,0.0237396542506077,,1301.02974669782,30,171.716984741952,0.37665514,40.0240371303882,2.47463052,1.17128075063485,1.62775079789703,90.9428630470219,NaN,NaN,NaN,NaN,13.9193025271667,0.292993688874181,14.1929177732997,75.2589374534296,7.39985186865691,29.0562869364794,0.0216320059041283,,1300.77953651203,30,172.223663449773,0.316020445220878,19.9931512422915,2.592998326,1.57462710350881,4.63292344751694,86.0502162032567,NaN,NaN,NaN,NaN,14.8536658435147,1.46507838223588,16.2984454007927,2.22842765913827,7.39950890945813,33.6975430936327,2.07902004812965,,1300.08933095388,29.9987952436009,172.698223572895,0.122077679999999,10.0104380476014,2.2028513308978,3.20862016044899,8.55489187198745,-0.376265369772777,NaN,NaN,NaN,NaN,14.8830567926667,5.41121579552286,11.7942828598514,7.81388433433461,7.27289687581449,23.0846254531121,1.0954446923117,,1299.36609393323,29.9955740069588,172.342271852939
24.1666666666667,5.411387014,0,5.550771582,0.752312782960617,0,-0.244419020112034,NaN,NaN,NaN,NaN,21.7627071003084,0.421558470798526,2.62063405659608,NaN,6.47594826943178,6.91226252952667,NaN,,1299.79185047163,29.9899997711182,181.218283669286,1.166604908,0,3.59274407868177,0.593943549034538,0,-0.213131477320453,NaN,NaN,NaN,NaN,21.8491709676667,0.0131609528191031,1.57002761420164,NaN,7.4720180142934,6.56169870845649,NaN,,1299.59505358618,29.9931086736454,175.015276318947,0.373129622,59.9951107604962,2.446757502,1.69668475391503,1.15453275774061,92.0476595104432,NaN,NaN,NaN,NaN,18.7959334535597,0.128368356334002,12.9277723027465,48.8965609123805,7.39524833743231,26.3581762900928,0.0236117623855349,,1300.08479733338,30,171.71649292186,0.378863642621547,40.0165020732717,2.47463052,1.16309967810733,1.60126241065738,91.1629924214231,NaN,NaN,NaN,NaN,13.6019728426307,0.288268904184379,14.1196552099654,75.514338195372,7.39875085859377,28.9114428457525,0.0212083535024723,,1297.32729532489,30,172.223947161042,0.324985817511368,19.992234376115,2.592998326,1.58220399769679,4.48828786303647,85.9588511268577,NaN,NaN,NaN,NaN,14.7732385655192,1.41921136621319,16.2445517586053,2.21298792278622,7.39926524658821,33.5865721783026,2.02814978899083,,1300.70879584987,30,172.706198596949,0.122077679999999,10.0090247312197,2.21063664274005,3.24255068122294,8.59526035233427,-0.379741779629371,NaN,NaN,NaN,NaN,14.9200313271667,5.43282417813643,11.6907959170826,7.78081310408094,7.27348128352967,22.887072947029,1.10474535980599,,1301.89792806427,30,172.349634955705
24.25,5.411387014,0,5.550771582,0.757496255289855,0,-0.158543628484978,NaN,NaN,NaN,NaN,22.5259838260717,0.417127841200741,2.60157562019706,NaN,6.47643201763231,6.87880096944357,NaN,,1298.990565091,29.9859822525632,181.218283669286,1.166604908,0,3.60059278460555,0.602394321933602,0,-0.215003636702052,NaN,NaN,NaN,NaN,19.9007394848333,0.0133619894132222,1.51914267802445,NaN,7.47231973384959,6.47284038458209,NaN,,1300.46358801875,30,175.023223543893,0.373129622,59.9955031020847,2.446757502,1.67746896831903,1.14461595323238,92.147679434327,NaN,NaN,NaN,NaN,18.4918055464598,0.127314869887367,12.9819640750465,48.692406506718,7.39590184734972,26.4634402519102,0.0235069868321164,,1299.21110167147,30,171.713498758566,0.380083267999999,39.9755070132278,2.47463052,1.18664465848532,1.57923692860401,91.2194758483483,NaN,NaN,NaN,NaN,13.3553616518693,0.284523101072176,13.9744419636988,75.4014836573709,7.39831816609335,28.6242492701317,0.0209477066954206,,1299.72438175919,30,172.22338214535,0.332949922363437,19.9626485546102,2.592998326,1.58895903070974,4.34640934978275,86.1014591900694,NaN,NaN,NaN,NaN,14.8101434092995,1.375124624121,16.2348325407869,2.19395404661724,7.39919775363714,33.5665758707947,1.98106582442961,,1302.34613661955,30,172.713107198257,0.122077679999999,10.0174932322691,2.21926707373153,3.22968199134027,8.64176883407038,-0.378328060195955,NaN,NaN,NaN,NaN,14.9195643643333,5.46273424387432,11.6135445645146,7.8546892004969,7.27320695212744,22.7397887523261,1.10024940375164,,1299.65470801992,29.9943912019421,172.357626152964
24.3333333333333,5.411387014,0,5.550771582,0.75749975753567,0,-0.244447112430029,NaN,NaN,NaN,NaN,23.9550222524586,0.414271539107866,2.66398158984705,NaN,6.47549279666169,6.98838111138432,NaN,,1299.672050301,29.9925647577964,181.218283669286,1.166604908,0,3.60768833364022,0.587903391853045,0,-0.214614319027808,NaN,NaN,NaN,NaN,20.6432942738333,0.0133617521025166,1.56888993426773,NaN,7.47180426310002,6.5597088361847,NaN,,1300.85419256621,29.9937727765601,175.030222240471,0.373129622,59.9790516547581,2.446757502,1.67718572148031,1.12731971539543,92.2134483658936,NaN,NaN,NaN,NaN,18.708185749008,0.12534065551171,12.996323502764,48.6199117321376,7.39655923672982,26.4914366962451,0.0231864796641864,,1299.98488416472,30,171.710504678427,0.380083267999999,39.9961773959049,2.47463052,1.17429462203202,1.56030313450142,91.3036153675719,NaN,NaN,NaN,NaN,13.5931088068584,0.281171906675488,14.0453891773617,75.2555334200341,7.39871824113778,28.7643411540735,0.0207367448702603,,1298.37809208803,30,172.221528926919,0.340009608985639,20.0224586076499,2.592998326,1.58373761255039,4.21553467284941,86.3852658786411,NaN,NaN,NaN,NaN,14.7132221297729,1.33469247429579,16.2573864095684,2.19079174735364,7.39903473871499,33.6130436393854,1.9242111472611,,1301.07191915855,30.0064296318292,172.719102106094,0.122077679999999,10.013638598781,2.2293104075709,3.21452884047854,8.67715136293112,-0.378802338879916,NaN,NaN,NaN,NaN,14.7588259388333,5.48236129403294,11.8517203527461,7.87240312569391,7.27345597374855,23.1944441126004,1.10224024471231,,1300.28419179623,29.9987740003404,172.36714850975
24.4166666666667,5.411387014,0,5.550771582,0.751032991509174,0,-0.145610738708044,NaN,NaN,NaN,NaN,24.2788708667549,0.408844442274529,2.64990876971942,NaN,6.4750391211414,6.96366530200672,NaN,,1300.9510579335,29.9979846464183,181.218283669286,1.166604908,0,3.61452968484846,0.58078296523283,0,-0.214398034775468,NaN,NaN,NaN,NaN,22.0809067954398,0.0132408331999233,1.54667848386247,NaN,7.4719001104126,6.52092704248979,NaN,,1298.56408922088,29.9985895937091,175.037162518878,0.373129622,59.9879573624402,2.446757502,1.71899026946941,1.11536749951772,92.2832338193167,NaN,NaN,NaN,NaN,18.7181187869725,0.123994081455883,12.848037757756,48.4675123214465,7.39754307748273,26.2034378086337,0.0230126428289372,,1300.63982189359,29.9995972968114,171.707509945368,0.380083267999999,39.9740811462154,2.47463052,1.15103338640408,1.53886942680179,91.331203805091,NaN,NaN,NaN,NaN,13.5593755571267,0.277360813101836,14.0920908446788,75.4240875814339,7.39934725333713,28.8566689043457,0.02040559734434,,1300.72527658938,30,172.219676108774,0.346726567176962,20.0198092861463,2.592998326,1.58701544712676,4.09374864942581,86.4265547483944,NaN,NaN,NaN,NaN,14.7634605320604,1.29591745227697,16.2752861681332,2.19210776191375,7.39891361599485,33.6499308225362,1.86751145653758,,1299.85087027598,30.0052318132923,172.724762396276,0.122077679999999,9.98975162050465,2.23810858088888,3.21050114321971,8.72028140754707,-0.37948082872034,NaN,NaN,NaN,NaN,15.0411976331557,5.50860170368566,11.9530680206046,7.89783420405563,7.27343647454631,23.3883182861819,1.10415584525282,,1299.26737454999,30,172.375416891868
24.5,5.411387014,0,5.55654535458611,0.754039456264656,0,-0.243857028389664,NaN,NaN,NaN,NaN,24.3942929302148,0.40408674392244,2.67592048043975,NaN,6.47358692554864,7.00934841837873,NaN,,1300.19801757054,30.002054367148,181.223858729494,1.166604908,0,3.6232147514841,0.654645445821945,0,-0.21317746895087,NaN,NaN,NaN,NaN,20.3669457777898,0.0131719312132387,1.5589468791969,NaN,7.4722490304034,6.54236415156015,NaN,,1301.02884497513,29.9955815255198,175.04574296874,0.373129622,60.0056441340803,2.446757502,1.70798608666958,1.10471864810822,92.3595830362137,NaN,NaN,NaN,NaN,18.998700558,0.122798004002537,12.8490953096856,48.4414392432026,7.39825671790425,26.205496836893,0.0228052123081418,,1299.73205072406,30,171.704514516616,0.3819352227989,39.9643843173982,2.47463052,1.16394244575261,1.5186809454466,91.3729978351138,NaN,NaN,NaN,NaN,13.4563906255841,0.273704684613646,14.0492002060362,75.2187222622766,7.39844892959031,28.771906891317,0.0201934678182267,,1300.66135773837,30,172.219606029555,0.353188866587714,19.9719071116826,2.592998326,1.59329347932518,3.97226947423046,86.6704446634254,NaN,NaN,NaN,NaN,14.8117451137363,1.25725747023658,16.2094581293944,2.18515055914088,7.39868370671437,33.5143629977968,1.81783758504062,,1299.56033292173,30,172.730164500968,0.122077679999999,9.99563359496013,2.25005916942106,3.21913569494594,8.75621613313214,-0.375182479705397,NaN,NaN,NaN,NaN,15.1595213491776,5.53228522618333,11.9149925341921,7.88655819187541,7.27425248472345,23.3155591438693,1.11027121093328,,1301.24841979872,30,172.386837442146
24.5833333333333,5.411387014,0,5.56062745,0.765488732648348,0,-0.166700558322353,NaN,NaN,NaN,NaN,26.3638227158333,0.398268742664324,2.67434762462277,NaN,6.47429758581139,7.00658764864972,NaN,"Sample 1.50 mL to AMBR-96DWP-3/G9",1298.75164919221,30.009957191031,181.222538452212,1.166604908,0,3.63019851510094,0.616874597953883,0,-0.213813790818048,NaN,NaN,NaN,NaN,20.0112052812704,0.0131907018954164,1.53286707514437,NaN,7.47240386299118,6.49684779530735,NaN,,1300.14688045109,30,175.052828369306,0.373129622,60.0100803550271,2.446757502,1.67180292109392,1.09425228815789,92.3717652318721,NaN,NaN,NaN,NaN,18.8282527917232,0.121613833687484,13.028695172744,48.379973193553,7.39916964108955,26.5543239631868,0.0226167811466672,,1299.5753118599,30,171.701518964098,0.383491918,39.9576694193029,2.47463052,1.16758105947147,1.50330467542708,91.5581278817389,NaN,NaN,NaN,NaN,13.5785674439306,0.271149418451049,14.0986445380246,75.4458533717673,7.39795556152982,28.8696382319882,0.0199278488204781,,1298.14575341932,30,172.219379757768,0.359286435154381,20.003360046561,2.592998326,1.5871585763742,3.85629417246626,86.7981016923356,NaN,NaN,NaN,NaN,14.7058078396766,1.22188450455138,16.2629509345382,2.17094951110793,7.39861601609881,33.6243923868834,1.77630419978544,,1300.788964859,30,172.735204189549,0.122077679999999,10.0016151249578,2.25960996483251,3.21904837530951,8.77912094797627,-0.378180440635251,NaN,NaN,NaN,NaN,14.8549874936568,5.54898402059413,12.0111833405802,7.91603705012479,7.27460072305936,23.4998844391137,1.10911902483376,,1300.44550009315,30.0040266688927,172.395857406149
24.6666666666667,5.411387014,0,5.56476930809451,0.775001232197432,0,-0.245810001517052,NaN,NaN,NaN,NaN,28.4266972916989,0.413363014797191,2.72573842777741,NaN,6.47834587162422,7.09685883558559,NaN,,1300.20927015284,30.0056177768052,179.438183378509,1.166604908,0,3.633415696,0.636029653212687,0,1.30136102723204,NaN,NaN,NaN,NaN,19.0231940345434,0.0132007170782876,1.61029512069327,NaN,7.47399639645633,6.63203340924354,NaN,"Sample 1.50 mL to AMBR-96DWP-3/G10",1301.05548844593,29.9963812233564,173.307691034894,0.374368586853728,59.9790262670591,2.446757502,1.58899311284971,1.09983692684641,92.768688957458,NaN,NaN,NaN,NaN,18.6452382361102,0.113339621669682,12.8562382420546,48.8232478380514,7.3984566174615,26.2194294767328,0.0222699773009481,"Sample 1.50 mL to AMBR-96DWP-3/G11",1300.17977384808,29.9995973036432,170.000738006938,0.383491918,40.0180195355693,2.47463052,1.09437233090486,1.51055049825946,91.9952005855383,NaN,NaN,NaN,NaN,13.677799965667,0.250359939574283,14.0107733590531,76.3632856775913,7.39851663651815,28.6960331174339,0.01921065611507,"Sample 1.50 mL to AMBR-96DWP-3/G12",1297.84298125397,30,170.568381443605,0.365619217979967,20.0405059011509,2.592998326,1.55885242570404,3.83846693369284,87.7370693536044,NaN,NaN,NaN,NaN,14.8392446117538,1.10233150986361,16.3334486164525,2.167789987789,7.39860281019986,33.7697686965574,1.74903265738584,"Sample 1.50 mL to AMBR-96DWP-3/H1",1300.00885236523,30,171.140120007241,0.122077679999999,10.0039499492466,2.26624833090774,3.24971840222977,8.8809197713464,-0.379034625849898,NaN,NaN,NaN,NaN,15.0440537957453,5.21762489251925,11.969989430287,8.0225187732706,7.27366928380027,23.4206831754077,1.11902863513339,"Sample 1.50 mL to AMBR-96DWP-3/H2",1300.99758360056,30.0046301161758,170.646113949196
24.75,5.411387014,0,5.565574862,0.758003744712738,0,-0.0432265086093044,NaN,NaN,NaN,NaN,26.5402993138011,0.448353648437697,2.73070209356154,NaN,6.4805353224718,7.10557865537579,NaN,,1302.43953346683,30.0100002288818,179.439086949286,1.166604908,0,3.63418870996503,0.628034951067225,0,0.0392651821275227,NaN,NaN,NaN,NaN,20.8726096817899,0.0134016930522301,1.68644622929105,NaN,7.47240673063064,6.76508649499313,NaN,,1300.76033423498,30,173.262820523656,0.376518794,59.9937246917045,2.446757502,1.69425137839534,1.08258779577128,92.9993674889773,NaN,NaN,NaN,NaN,18.527041506231,0.118644998863952,12.9125966575813,48.3709991603588,7.39615994094589,26.3287166871992,0.022342499701397,,1298.47389246272,30.0020103273433,169.904915529828,0.383491918,40.0104646048521,2.47463052,1.16830226844792,1.45500180967141,92.2469019314849,NaN,NaN,NaN,NaN,13.7988171446667,0.257360672244475,14.0384036872035,75.9577035632107,7.39972831479792,28.7505840617018,0.019030983913085,,1301.1905577732,30.0064130356205,170.42167412388,0.371926757028906,19.9998012984194,2.592998326,1.60531004872364,3.48936014454744,88.2022076494378,NaN,NaN,NaN,NaN,14.9195945071667,1.0718035511736,16.274906129299,2.0143987876882,7.39879136241384,33.6490853072101,1.72518772668987,,1299.07075715905,29.9954503131217,170.951731805948,0.122077679999999,10.0026523677624,2.27940363649355,3.22994980162345,8.06298315766042,-0.378136527052797,NaN,NaN,NaN,NaN,15.0355818241423,5.0001264690626,12.2412875347419,7.15570322556653,7.27277882461312,23.9413127297237,1.12838463857519,,1299.82010711003,30.0104023831045,170.620514663831
24.8333333333333,5.411387014,0,5.565574862,0.760474578130848,0,-0.23054801751018,NaN,NaN,NaN,NaN,28.0918721775,0.471908121272753,2.7509779504185,NaN,6.47931253871244,7.14120367353814,NaN,,1299.87069999684,30.0089704491442,179.439086949286,1.166604908,0,3.64394204861822,0.53559157779421,0,-0.216737092924805,NaN,NaN,NaN,NaN,23.5908609223333,0.0135233735811751,1.73006267294413,NaN,7.47232121468398,6.84129537910186,NaN,,1302.5993343241,30.0059057685542,173.272474161281,0.376518794,60.0066410321608,2.446757502,1.7040266072166,1.08200090516408,93.0556751725045,NaN,NaN,NaN,NaN,18.753529416269,0.118931627166322,12.9806246687734,48.2416015846327,7.39671600972039,26.4608973263642,0.0224288222216491,,1299.70864687776,29.9980765883056,169.901918480578,0.386199603358746,40.0135246591925,2.47463052,1.17628017575026,1.45974415586074,92.3027439144503,NaN,NaN,NaN,NaN,13.9995635623333,0.259994379244304,14.094811573691,75.7540598575927,7.3994368983679,28.8621210664585,0.0192722128351545,,1300.94188220957,30.0016417281925,170.422459031791,0.377803266793886,19.9717857934914,2.592998326,1.60827138273509,3.48182263124676,88.2120236337173,NaN,NaN,NaN,NaN,15,1.09245098892998,16.1920434497728,2.05275384267825,7.39763090316596,33.4785950230236,1.69626555180266,,1299.79944553359,29.9949107157132,170.956619414645,0.122077679999999,10.0223039125176,2.29628546049062,3.25131240828163,8.51768886123162,-0.377975808801992,NaN,NaN,NaN,NaN,14.9184760466222,5.33039799093334,12.4489282934446,7.66620757638787,7.27250585827489,24.3412039126556,1.11121087536094,,1300.28223216205,30.0098655613501,170.636821926595
24.9166666666667,5.411387014,0,5.565574862,0.755007104329914,0,-0.0552493850635584,NaN,NaN,NaN,NaN,29.620928171,0.477280489885497,2.73616512074035,NaN,6.47947464217814,7.11517926882728,NaN,,1298.64490515451,30.0008040430127,179.439086949286,1.166604908,0,3.65375171444308,0.593737862577925,0,-0.216301846206029,NaN,NaN,NaN,NaN,22.47657304129,0.0133610407347334,1.7647374269399,NaN,7.4717905562598,6.90190120012485,NaN,,1302.92982119854,30.0033315413745,173.282280735714,0.376518794,60.0018395983007,2.446757502,1.71136876253479,1.07204232964066,93.017182250596,NaN,NaN,NaN,NaN,18.4384966246667,0.117808144457282,12.8921216836488,48.2562081931286,7.39708470137811,26.288999972177,0.0222157263969384,,1300.53162565668,29.9931007522028,169.898920311168,0.387122684941491,40.0156462280677,2.47463052,1.17651163022134,1.45031511679775,92.2761125251587,NaN,NaN,NaN,NaN,13.8794921028333,0.25848383766151,14.0941787837992,76.0757637309475,7.39984264394201,28.8607976380366,0.0190664586639664,,1301.47795947012,30,170.421527819744,0.379518406,19.9839688208325,2.592998326,1.58670734291868,3.4548980291979,88.4197417975906,NaN,NaN,NaN,NaN,14.879597923,1.08490652340066,16.1235102030914,2.07651210842538,7.39794726217413,33.3378022008073,1.66382933768784,,1298.60094087243,30,170.957345933636,0.122077679999999,10.0133302990761,2.31220726418703,3.24366813447735,8.86389064370313,-0.37797449954582,NaN,NaN,NaN,NaN,15.0657264508333,5.5508000900211,12.5643352956056,8.219028378618,7.27266836569504,24.5636942893707,1.07896540624873,,1301.8619658785,30.0012134020597,170.652240531849
25,5.411387014,0,5.565574862,0.740837746346142,0,-0.233557512044346,NaN,NaN,NaN,NaN,30,0.481823638426311,2.7685037131957,NaN,6.47826080111449,7.17200035007835,NaN,,1301.30860451108,30,179.439086949286,1.166604908,0,3.66618160599431,0.592314823806831,0,-0.218080977260657,NaN,NaN,NaN,NaN,23.6393553274017,0.013181564897315,1.69576129485915,NaN,7.47244943887111,6.78134785123143,NaN,,1299.55520015764,30,173.294712897878,0.376518794,60.0048406139338,2.446757502,1.70801418241821,1.05488483776369,93.0804615982108,NaN,NaN,NaN,NaN,18.8784693021192,0.11590084015407,12.8354627618934,48.2319628585951,7.39774902365997,26.179071067239,0.0218711983330754,,1300.41381147,30,169.895922400049,0.390211827999999,39.9927734667028,2.47463052,1.17352752462309,1.44529424076871,92.4395160942372,NaN,NaN,NaN,NaN,13.959605643,0.257354850293879,14.0717830865873,75.5673388104229,7.39301867626127,28.8165124350096,0.0191284529970367,,1299.86144017687,30.002745190031,170.422829052223,0.38441438682956,19.9918662475325,2.592998326,1.59346045321559,3.3851598949339,88.5931453030671,NaN,NaN,NaN,NaN,14.7995753153333,1.06342495780096,16.2482994261699,2.0913154589874,7.39868272370581,33.5943334852305,1.6186948621503,,1301.13083330398,30,170.960983326673,0.122077679999999,9.99682549737353,2.32682469866151,3.28787973902434,9.08696170106197,-0.375929206312431,NaN,NaN,NaN,NaN,15.1594199407381,5.69209345239161,12.3711598016603,8.52002385776581,7.27281008630613,24.1911656114069,1.06656657960013,,1300.22106574686,30.0076745612427,170.666327400558
25.0833333333333,5.411387014,0,5.565574862,0.749193590141067,0,-0.0505478736929147,NaN,NaN,NaN,NaN,29.8676455035,0.478422274197265,2.74133994622721,NaN,6.47676718297643,7.12427339415963,NaN,,1300.08423134322,30,179.439086949286,1.166604908,0,3.67702941892903,0.583635513305419,0,-0.214891828388195,NaN,NaN,NaN,NaN,21.3652906496716,0.0132604422734107,1.7393749919454,NaN,7.47219447904552,6.8575715683029,NaN,,1298.6048441211,29.9994245861348,173.305467984203,0.376518794,59.9798452261368,2.446757502,1.68177126828909,1.04509124699152,93.2039437778048,NaN,NaN,NaN,NaN,18.9204268563808,0.11493586469899,12.8822745049284,48.2883072802722,7.3984655511346,26.2698556183448,0.0216428746394901,,1300.42517418187,30,169.892925396156,0.390211827999999,39.9566414514072,2.47463052,1.18202027054339,1.44005333138599,92.4524677349892,NaN,NaN,NaN,NaN,13.838956078,0.256748466560583,14.0921056923064,75.8003541860272,7.39222991853838,28.8568522578837,0.0190010393817464,,1299.03362227199,30.0052872824602,170.420973851727,0.391803546434919,20.0040770026758,2.592998326,1.58920717030368,3.3049220896641,88.679897828828,NaN,NaN,NaN,NaN,14.6751381290126,1.03794390510159,16.2677431190334,2.07417428552269,7.3937586744133,33.6343614809083,1.59341814943429,,1300.57233275235,30,170.967452852813,0.122077679999999,10.0027558323572,2.34317294513434,3.2853308300594,9.24200237708847,-0.378954790112976,NaN,NaN,NaN,NaN,15.5270954427619,5.79460332848134,12.5895129129948,8.77545891267416,7.27222579441628,24.61233803481,1.05319931777024,,1302.05627810533,30.0100002288818,170.682148981003
25.1666666666667,5.411387014,0,5.565574862,0.755138096320164,0,-0.232609476978226,NaN,NaN,NaN,NaN,29.6902348441667,0.475082769828015,2.77198767411686,NaN,6.47684421329164,7.17812688852884,NaN,,1299.12285102875,30,179.439086949286,1.166604908,0,3.68734054064269,0.554238089888577,0,-0.211323179647581,NaN,NaN,NaN,NaN,21.1002448803033,0.0131595612950604,1.74885999717596,NaN,7.47205898154521,6.8741470476825,NaN,,1299.47468358882,29.9989631238053,173.315870888913,0.376518794,59.987856819033,2.446757502,1.74053187344211,1.03492741069522,93.1953862399478,NaN,NaN,NaN,NaN,18.9193224345,0.113781357627848,12.9117256744283,48.6482459806418,7.3992007899599,26.3271215511139,0.0212740025997971,,1301.5690349696,30,169.889929493756,0.390211827999999,39.9675319949422,2.47463052,1.19052198231456,1.42570817796437,92.5682158891199,NaN,NaN,NaN,NaN,14,0.25416199002514,14.0299643431317,75.6099080198447,7.3928139438411,28.7340338293403,0.0188590843497939,,1300.73381869092,30.0014488351608,170.419120870563,0.39301666,19.9829790312431,2.592998326,1.58267221290472,3.2475071834964,88.9198168188618,NaN,NaN,NaN,NaN,14.8411188753543,1.02015237246242,16.1429862568353,2.06903783595371,7.38918277595365,33.3777551646942,1.56957313563788,,1300.45173656158,30,170.967677864101,0.122077679999999,9.99814831564389,2.36103724835273,3.25890940784394,9.36503121532117,-0.37486958334292,NaN,NaN,NaN,NaN,15.4106772683416,5.87657458234689,12.7825070841772,8.96284507554595,7.27306496701432,24.985826373987,1.04489996920457,,1299.59128030072,30.0076555457592,170.699483246677
25.25,5.411387014,0,5.565574862,0.752557606343806,0,-0.0888086644464662,NaN,NaN,NaN,NaN,27.4157088225,0.469405251256655,2.7531205275805,NaN,6.47653909660853,7.1449705598866,NaN,,1299.81627378141,30,179.439086949286,1.166604908,0,3.69568557410742,0.59389758519974,0,-0.212259493794108,NaN,NaN,NaN,NaN,21.9637849868333,0.0131615620588508,1.78210922549979,NaN,7.47198186177567,6.93227527760466,NaN,,1299.69760649658,30,173.324316713536,0.378892399718987,60.0272653568773,2.446757502,1.67975236874129,1.02521730653855,93.3252896594369,NaN,NaN,NaN,NaN,18.8802672805,0.112638903003347,12.8441228133001,48.4169923876881,7.39682970067618,26.1958554602312,0.0211748537566034,,1299.41811575831,30,169.889236971693,0.390211827999999,40.0133354803611,2.47463052,1.19319312077206,1.40856702904314,92.646819910686,NaN,NaN,NaN,NaN,13.4585373895,0.251016814814264,14.0955525806222,75.4245140955818,7.39286331052211,28.8636442032488,0.0186786611988781,,1300.35704086847,30.0079924759887,170.417266435064,0.39301666,20.0087718888397,2.592998326,1.5795234150741,3.16971003317207,88.8723342097164,NaN,NaN,NaN,NaN,14.9615800569665,0.99599370108944,16.2253279193185,2.06114165030858,7.3934710680995,33.5470714794014,1.53784719613715,,1296.64556135139,30,170.966622822112,0.122077679999999,10.0052521537639,2.37605839510795,3.29948574843221,9.47580375279075,-0.377578533780337,NaN,NaN,NaN,NaN,15.2531491342905,5.9510448395372,12.8217082929657,9.15028294792578,7.27195943354078,25.0616144665983,1.03558267023494,,1299.40385649225,30.0008044075527,170.713879974111
25.3333333333333,5.411387014,0,5.565574862,0.752798342344291,0,-0.238914672604285,NaN,NaN,NaN,NaN,23.7172991276667,0.465442927347554,2.76401037454533,NaN,6.47618215327426,7.16410403320162,NaN,,1300.07605168643,30,179.439086949286,1.166604908,0,3.70493701561764,0.610270719093352,0,-0.210339757173515,NaN,NaN,NaN,NaN,23.3810682418333,0.0131598646005914,1.82677014094777,NaN,7.47248848107949,7.01035352056428,NaN,,1300.48896594045,29.9983612668949,173.33346657266,0.379927443999999,59.9894715302125,2.446757502,1.67372328743596,1.02291570202063,93.3667962660564,NaN,NaN,NaN,NaN,18.8392705721667,0.112387294498215,12.8768364967866,48.0688704303893,7.39559759580053,26.2593600915424,0.0212802943422647,,1299.88201236919,30,169.887342388786,0.390211827999999,39.9558407414941,2.47463052,1.17933474905214,1.39047846332615,92.6269547192421,NaN,NaN,NaN,NaN,13.81928434,0.247707686911183,14.0180220598503,75.6963286997259,7.39311973749559,28.7103033077221,0.0183717373631506,,1300.50576007795,30.0100002288818,170.415411555853,0.393567102796732,19.9777679851553,2.592998326,1.56620880876015,3.06534791427353,88.8990373635499,NaN,NaN,NaN,NaN,14.9190026785,0.96317409123802,16.3701122241294,2.05010673731042,7.39864211908952,33.8452700754563,1.49522128777574,,1298.81175114451,30,170.965984724459,0.122077679999999,10.0173088234696,2.39310539093113,3.2639479846584,9.58100189844611,-0.375251337310649,NaN,NaN,NaN,NaN,14.9384160471887,6.01794491175658,12.7251366096935,9.27818955870455,7.27222227925252,24.87452406009,1.03264036362729,,1301.09490643957,30,170.730497888778
25.4166666666667,5.411387014,0,5.565574862,0.74856266461685,0,-0.105756236159322,NaN,NaN,NaN,NaN,24.7499772758333,0.459787672701704,2.78659858954498,NaN,6.47573538820132,7.20379974550065,NaN,,1300.13864733704,30,179.439086949286,1.166604908,0,3.7131573156401,0.567205340848195,0,-0.211277208825141,NaN,NaN,NaN,NaN,24.6823986314436,0.0130403638575037,1.80303769867463,NaN,7.47195376806016,6.96885739744583,NaN,,1300.47839265777,29.9915925612501,173.341686460513,0.379927443999999,60.037021371019,2.446757502,1.69297524575283,1.01314978823413,93.4164162493238,NaN,NaN,NaN,NaN,18.6389008941667,0.111311318422745,12.939165829959,48.0450135867274,7.39580611662719,26.3803179760507,0.0210876381306558,,1299.78185467502,30,169.884344147885,0.390211827999999,39.9586528585113,2.47463052,1.18591898481336,1.36793345127834,92.5157340627431,NaN,NaN,NaN,NaN,13.868478793,0.243906293558741,13.9368253438094,75.2355524734323,7.39340147647745,28.5499687574409,0.0181846494115991,,1300.44147824618,30.0100002288818,170.413557475206,0.4041479480604,19.9692730341665,2.592998326,1.56809733282548,2.96193103809764,89.2816328641269,NaN,NaN,NaN,NaN,15,0.93150324874481,16.2796459593552,2.04435154849699,7.39818377842186,33.6587808711174,1.44886083516951,,1301.08202038785,30,170.975372393678,0.122077679999999,10.0076426319694,2.40751343503287,3.29077484638749,9.67070666605221,-0.377648048655038,NaN,NaN,NaN,NaN,14.9414219185162,6.07345644255884,12.8540869991698,9.36840526294879,7.27259283491046,25.124386385553,1.03226743898737,,1299.56104944786,29.9996014201858,170.744484531396
25.5,5.411387014,0,5.565574862,0.755963371773898,0,-0.239394451937272,NaN,NaN,NaN,NaN,25.770895083,0.456563401621382,2.79783407363121,NaN,6.47514218468897,7.22355010567758,NaN,,1301.01498961535,30,179.439086949286,1.166604908,0,3.72217366151862,0.636328458586638,0,-0.211453907644192,NaN,NaN,NaN,NaN,25.3220815863898,0.0130000002682209,1.83804048126724,NaN,7.472517091717,7.03006190138805,NaN,,1301.06152351856,29.9935471555041,173.35070327081,0.379927443999999,59.9729827981236,2.446757502,1.68237761495601,0.99967115731843,93.4886385085178,NaN,NaN,NaN,NaN,18.9600364096667,0.109834429758085,12.86046462988,48.1125496634891,7.39667568056023,26.2275875536871,0.0207778271682371,,1298.79647310753,29.9951759503338,169.881345366168,0.390211827999999,40.0157315672935,2.47463052,1.18018839764322,1.35372708616247,92.6667699004704,NaN,NaN,NaN,NaN,13.4423223808333,0.241142878870365,14.0975639904693,75.324179146767,7.3939308534005,28.8674984346905,0.0179742248260406,,1299.40591013242,30.0100002288818,170.41170387091,0.413215346,19.9872459096527,2.592998326,1.55533833472161,2.90206809961852,89.562273709674,NaN,NaN,NaN,NaN,14.7996331857133,0.913222435705649,16.1514122813165,2.029928688705,7.38179100980318,33.3950803689524,1.42967125416092,,1301.10105560403,30,170.983657806389,0.122077679999999,10.0092072902571,2.42017828699447,3.27152880779446,9.74447823450896,-0.377618230975339,NaN,NaN,NaN,NaN,15.0990554309963,6.11750870397038,13.0284049929752,9.41355176037266,7.27263527131037,25.463033686599,1.03515618821431,,1299.5355525018,29.9978298664441,170.756528801003
25.5833333333333,5.411387014,0,5.565574862,0.758475578433519,0,-0.12589085173162,NaN,NaN,NaN,NaN,24.2277312241667,0.448504233182797,2.72328021969985,NaN,6.47593119193684,7.09254067577163,NaN,,1301.11035808976,30,179.439086949286,1.166604908,0,3.73084854199933,0.565014970688086,0,-0.212546046264365,NaN,NaN,NaN,NaN,20.8278869768574,0.0130803846537303,1.86040174866638,NaN,7.47249376453186,7.06916903531331,NaN,,1300.3401227837,29.9988171966821,173.359479897968,0.379927443999999,59.9709079955629,2.446757502,1.66133114326189,0.988677080497971,93.5079793295948,NaN,NaN,NaN,NaN,18.919249854,0.108682391078813,12.917676270622,47.9855926738864,7.39663750625348,26.3386252159438,0.020603661402948,,1297.44692140389,29.9983916868745,169.878348385315,0.390211827999999,40.0103279675851,2.47463052,1.18124039428288,1.34064833608081,92.6122338559953,NaN,NaN,NaN,NaN,13.6429741513333,0.23870360152329,14.1057558544981,75.1733890182196,7.39428144681327,28.8837084293715,0.0178361600482897,,1301.41290200161,30.0095387869691,170.409848513931,0.413215346,20.0206502338555,2.592998326,1.57766059024594,2.88234929031207,89.8396526849663,NaN,NaN,NaN,NaN,14.7198553314647,0.906748630179823,16.239705650279,2.00944662862607,7.38325107254396,33.5766233167149,1.43441420549902,,1299.97361940563,30,170.982604101406,0.122077679999999,9.99167715675746,2.43238296588677,3.27728975904533,9.80979004465291,-0.378107172415033,NaN,NaN,NaN,NaN,14.8393073016667,6.15938657554203,13.0226203660487,9.49068681066587,7.27225976440714,25.4518396929459,1.03362479037727,,1299.72816261178,29.9933382402446,170.768294566642
25.6666666666667,5.411387014,0,5.565574862,0.763777392373331,0,-0.239727112226675,NaN,NaN,NaN,NaN,23,0.441644453079848,2.75501687205124,NaN,6.47462256955212,7.14830104352398,NaN,,1299.09366438838,30,179.439086949286,1.166604908,0,3.73865527348041,0.563221332562531,0,-0.213748763404601,NaN,NaN,NaN,NaN,17.8437407766426,0.0130000002682209,1.84039224406014,NaN,7.47229009171211,7.03418049699633,NaN,,1299.87948391479,30.0094958323407,173.367192909333,0.379927443999999,59.9794852229027,2.446757502,1.68603778925453,0.97787853196591,93.5975775111403,NaN,NaN,NaN,NaN,18.7991954918333,0.107444689922528,12.8279833014365,47.7257180451582,7.39739342711672,26.1645656667983,0.0204896308453732,,1301.49969280174,30,169.875350912957,0.390211827999999,40.0081018709998,2.47463052,1.17051154425011,1.32874020838653,92.837135833957,NaN,NaN,NaN,NaN,13.6409323326667,0.236605483826027,14.0401586398354,75.3033202329525,7.39495637748532,28.7540203016214,0.0176473047809217,,1298.30130534449,30.0020474229771,170.407992497331,0.413215346,19.9977887448127,2.592998326,1.58017295477337,2.8238631398893,89.7350922372999,NaN,NaN,NaN,NaN,14.8694436147119,0.887635673751312,16.2487013237773,1.99769479895409,7.38763652317169,33.5952477154436,1.41365835968035,,1300.72915034619,30,170.981549720306,0.122077679999999,10.0222232821029,2.44474261330766,3.27727291342138,9.89446140226884,-0.374626068914831,NaN,NaN,NaN,NaN,14.770575382933,6.21199040590759,13.0020906138106,9.48552385585464,7.27292203314289,25.4117655682585,1.04311568912565,,1300.55158022889,30,170.780132297643
25.75,5.411387014,0,5.565574862,0.756288143735442,0,-0.119731438295733,NaN,NaN,NaN,NaN,22.1003901601667,0.434528692247089,2.80587752290123,NaN,6.47644059713966,7.23768229907017,NaN,,1299.99211178518,30,179.439086949286,1.166604908,0,3.74550840822122,0.550441432437988,0,-0.212305476930405,NaN,NaN,NaN,NaN,20.5904249635,0.0130399650589383,1.8794598011024,NaN,7.4722524283253,7.10249839115069,NaN,,1299.21375865792,30.0099999224976,173.374139992474,0.379927443999999,59.9751792097629,2.446757502,1.6827466656526,0.968184992019349,93.7395881434744,NaN,NaN,NaN,NaN,18.9597776671667,0.106371008563858,12.8313684805179,47.8238449553141,7.39804051170676,26.1711340452888,0.0202448327428874,,1300.26797609747,30,169.872353004668,0.390211827999999,39.9815979969342,2.47463052,1.18200225255887,1.31619065618004,92.8728858988657,NaN,NaN,NaN,NaN,13.767475883247,0.234257190620692,14.1043065882532,75.3996554338929,7.39563465080813,28.8809108247264,0.0174581364781847,,1298.50673724013,29.9984501033298,170.406136750442,0.413215346,19.9913200115852,2.592998326,1.56744026467226,2.73783574512618,89.595185696178,NaN,NaN,NaN,NaN,14.7675923412767,0.860987880720139,16.2496298517705,1.98872111662068,7.39070122916256,33.5971489282152,1.37668428696988,,1298.68062517554,30,170.980495177667,0.122077679999999,10.0095174329568,2.45580646391757,3.28368498754036,9.9686105947228,-0.377402410930808,NaN,NaN,NaN,NaN,14.779537490674,6.25468849148049,13.1854571807801,9.49534396298636,7.27220610224213,25.768849276179,1.04984558340935,,1300.00502139967,30,170.790621258515
25.8333333333333,5.411387014,0,5.565574862,0.751595744894129,0,-0.240286060081604,NaN,NaN,NaN,NaN,21.9596526005,0.43068971145932,2.78114662975108,NaN,6.47562480333845,7.19422056940701,NaN,,1300.61777335451,29.9918443647116,179.439086949286,1.166604908,0,3.75149798689173,0.578053051726317,0,-0.211289893882582,NaN,NaN,NaN,NaN,22.5977008711667,0.0130000002682209,1.84717731246213,NaN,7.47204017347798,7.0460415260425,NaN,,1300.49049077775,29.9939858661794,173.380130812051,0.379927443999999,60.023830011043,2.446757502,1.68602959517402,0.958066603673935,93.7618458894322,NaN,NaN,NaN,NaN,18.8554576935,0.105253353644353,12.8184399437876,47.8486858064325,7.39812089494684,26.1460649055601,0.020022884260808,,1300.07627788722,30,169.869355249371,0.390211827999999,39.998192165653,2.47463052,1.18492048790935,1.29967705189214,92.8665338884619,NaN,NaN,NaN,NaN,13.7107683034196,0.231414446971369,13.9823889815545,75.0772037453305,7.39723356258937,28.6399945570204,0.0173136793402035,,1299.19793244985,29.9899997711182,170.404280572767,0.413215346,20.0231164457097,2.592998326,1.55756724995294,2.65118199002034,89.8685958500305,NaN,NaN,NaN,NaN,14.7647779325106,0.834187529681876,16.1184285477268,1.98371605228647,7.39444226807146,33.3273864334085,1.33653829111264,,1298.81379043617,30,170.979441200616,0.122077679999999,9.99957627450491,2.46920296874728,3.27420275464289,10.0359905734166,-0.377662323719702,NaN,NaN,NaN,NaN,14.7263346747263,6.29275938589857,13.332702589343,9.46981590925625,7.27242402732589,26.0561679789892,1.05978791407795,,1299.85848817525,30,170.803467654181
25.9166666666667,5.411387014,0,5.565574862,0.734721548844401,0,-0.201451733532289,NaN,NaN,NaN,NaN,22.0100961107966,0.42772545566482,2.81625557900645,NaN,6.47552976381009,7.25593082033453,NaN,,1299.22408798991,29.9928956387645,179.439086949286,1.166604908,0,3.75815405102003,0.579559399892753,0,-0.210853507659434,NaN,NaN,NaN,NaN,20.2499842835,0.0130801732583623,1.84174850353079,NaN,7.47221581476209,7.03654902883939,NaN,,1300.20421130243,29.992144936101,173.386783284356,0.379927443999999,59.9831801278694,2.446757502,1.71263485623769,0.947107133431036,93.8168079328016,NaN,NaN,NaN,NaN,18.8233432572601,0.104015218001607,12.7085467422554,47.7439642068744,7.39819981095689,25.9333228973248,0.019837284894245,,1299.34553860845,30,169.866356097085,0.390211827999999,39.9771029064193,2.47463052,1.16369822386804,1.28636546318999,92.9612196933875,NaN,NaN,NaN,NaN,13.8929483401667,0.228942678832098,14.0439175668908,75.0323171302952,7.3979197515379,28.7614657901173,0.0171464945215888,,1302.43403514858,29.9899997711182,170.402424129062,0.413215346,20.0135845607182,2.592998326,1.54333794502338,2.57107889485492,89.9763889643044,NaN,NaN,NaN,NaN,14.7579429038227,0.808594799993639,16.2785455060475,1.99245607925741,7.39838624384549,33.6567004100917,1.29043263144112,,1300.92958804314,30,170.978387315184,0.122077679999999,9.96839849948361,2.4792430318846,3.26218111744745,10.0944995391253,-0.374750797030992,NaN,NaN,NaN,NaN,14.838865994,6.32724143931844,13.3806063292747,9.44915356902848,7.27220824342714,26.1497078834525,1.06829903003732,,1299.61183183177,30,170.81305408384
26,5.411387014,0,5.565574862,0.733928564038058,0,-0.244008405105334,NaN,NaN,NaN,NaN,22.0322186824889,0.425130704449685,2.81310198136508,NaN,6.47657865032322,7.25038914894277,NaN,,1299.89772769783,30,179.439086949286,1.166604908,0,3.76557979386805,0.539501142089152,0,-0.211652746640771,NaN,NaN,NaN,NaN,22.3733975691667,0.0130402122611455,1.88713305258722,NaN,7.47257613950091,7.11591958848735,NaN,,1300.03298744504,30,173.394107346769,0.379927443999999,59.9627915097366,2.446757502,1.69504331964618,0.936051006916135,93.8779912374848,NaN,NaN,NaN,NaN,18.7589777189066,0.102819561366682,12.8034277690781,47.5407670742131,7.39890024422859,26.1169832929417,0.0196894588995537,,1300.05799693963,30,169.863356858853,0.390211827999999,40.0527034649888,2.47463052,1.18622330921616,1.2723498144362,93.0034640507803,NaN,NaN,NaN,NaN,13.5627984368967,0.22636334204191,13.965609264098,74.8857097857236,7.39874588204924,28.6067776752657,0.0169929457897014,,1298.40607417714,29.9952148600277,170.400567531748,0.425008776399094,19.9932190375938,2.592998326,1.57920245133001,2.49024069405299,90.2134675623073,NaN,NaN,NaN,NaN,14.7627853513333,0.783642946462555,16.2071529349467,1.97604134644897,7.39987615879654,33.5096557396961,1.26021866055567,,1298.23429899465,30,170.988716397385,0.122077679999999,9.98975889215184,2.4903596670213,3.27863500504442,10.1552337617844,-0.377784390590713,NaN,NaN,NaN,NaN,14.8015324816019,6.3692044007584,13.4280087588989,9.44939198847669,7.27196120041449,26.2425035577638,1.07469708678236,,1301.31655290605,30,170.823527465087
26.0833333333333,5.411387014,0,5.565574862,0.747534237126389,0,-0.167484908349557,NaN,NaN,NaN,NaN,22.1579803653812,0.42044509257018,2.83338840913562,NaN,6.47576167458921,7.28604015704703,NaN,"Sample 1.50 mL to AMBR-96DWP-4/A5",1300.2756756927,29.9995826927838,179.311997567386,1.166604908,0,3.77194387115443,0.606397601232641,0,-0.212476074149023,NaN,NaN,NaN,NaN,22.6323506116667,0.0130400190337805,1.92785372413973,NaN,7.47247313259814,7.18715898310305,NaN,"Sample 1.50 mL to AMBR-96DWP-4/A6",1300.9255821156,29.9967193639439,173.293327744145,0.380108728829987,59.9744439945586,2.446757502,1.59635104481621,0.930538457866198,93.8837952433751,NaN,NaN,NaN,NaN,18.6246476897468,0.102049860746199,12.8399231078847,47.5342152898612,7.39960190625379,26.1877629835578,0.0195726063721175,"Sample 1.50 mL to AMBR-96DWP-4/A7",1300.50388833524,29.9974568284544,169.767591441808,0.390270120870695,40.0203697227664,2.47463052,1.10775975418625,1.26092946641353,93.0756559743919,NaN,NaN,NaN,NaN,13.9031602914366,0.223996586642446,13.7303275635833,75.0553332440824,7.3997022990713,28.1433211512208,0.0167994223193977,"Sample 1.50 mL to AMBR-96DWP-4/A8",1300.63069914536,29.988198399544,170.327716022362,0.433589334,20.033866388533,2.592998326,1.57265046764901,2.43620712745314,90.3719337346482,NaN,NaN,NaN,NaN,15.1122474818333,0.766451886481686,16.1039372596306,1.96234437348793,7.38410365617032,33.2976168985935,1.24151729093224,"Sample 1.50 mL to AMBR-96DWP-4/A9",1299.97764095424,29.9999930785312,170.947155819683,0.122077679999999,10.002438708161,2.50221671526596,3.23885136569228,10.2299005163312,-0.374127378496582,NaN,NaN,NaN,NaN,14.9909051886165,6.40801834755424,13.4104703305066,9.46539258298739,7.27210155932608,26.2080912187625,1.08094710449239,"Sample 1.50 mL to AMBR-96DWP-4/A10",1300.17905081479,30.0008029475743,170.626673103177
26.1666666666667,5.411387014,0,5.565574862,0.762960479263251,0,-0.0926494246657301,NaN,NaN,NaN,NaN,22.3653221536153,0.443974915319396,2.8437476585433,NaN,6.47550860735403,7.30425272274816,NaN,,1299.21147326424,30.0015973940239,177.645086949286,1.166604908,0,3.77391051,0.612749363876841,0,-0.214643212532045,NaN,NaN,NaN,NaN,22.7817022861667,0.0130400155389466,1.89104084126854,NaN,7.47546271982389,7.12275811019629,NaN,,1300.44969502511,29.9899997711182,171.608643041376,0.383355548699673,59.9668570502934,2.446757502,1.71019936027825,0.937887576092856,94.3653000288463,NaN,NaN,NaN,NaN,18.7222717231204,0.095684484596078,12.72528998672,48.0142887731057,7.39583913105339,25.9656059121612,0.019334235880608,,1298.82200314166,29.9932967161159,168.066788515409,0.398375245913964,39.9946789011359,2.47463052,1.19158495780795,1.26573822720373,93.6155208739079,NaN,NaN,NaN,NaN,14.0246804976173,0.208145511451308,13.8300123818252,76.3909754149295,7.39448258377343,28.3395029928868,0.0164294144083198,,1300.48685396295,29.9865742663414,168.610875915768,0.433589334,19.9966386033664,2.592998326,1.64025119172447,2.46035709721858,91.5805313901076,NaN,NaN,NaN,NaN,14.7992706661667,0.702839849467789,16.175422698096,1.97848577385323,7.3801440905586,33.4445609983004,1.244354691525,,1300.07267672547,29.9873226001989,169.201600049025,0.122077679999999,10.001501852044,2.51555601336186,3.25451212032166,10.2238519116696,-0.308823949882704,NaN,NaN,NaN,NaN,14.8064140434483,5.95460844734767,13.6002122266655,9.42465669599833,7.27197153294652,26.5798794619791,1.08968961874184,,1302.40313602033,30.0058790069084,169.053667738678
26.25,5.411387014,0,5.565574862,0.743482828763616,0,-0.10817161033518,NaN,NaN,NaN,NaN,21.833392084735,0.479735514160029,2.84423474529994,NaN,6.47559947076562,7.30511553927722,NaN,,1300.59833779107,30.0100002288818,177.645086949286,1.166604908,0,3.77391051,0.541974735623416,0,-0.21402375436409,NaN,NaN,NaN,NaN,22.0805675696667,0.0131204900036374,1.95381484716955,NaN,7.47407946388746,7.23258805543755,NaN,,1299.61224926931,29.9944001030898,171.608643041376,0.383355572,59.9867866843719,2.446757502,1.69248016510183,0.930097672309377,94.5477446106399,NaN,NaN,NaN,NaN,18.8420156057028,0.10109647674635,12.7473056655024,47.9221359191581,7.39652655703007,26.0082583622754,0.0194080118496777,,1299.72216610224,30.0016782425303,168.063790679218,0.400009262,40.0138743585246,2.47463052,1.17678090897538,1.24860271593301,93.8374095449326,NaN,NaN,NaN,NaN,13.7344646528827,0.219614933999697,13.7961438764058,75.226195918854,7.39182551240108,28.272752114926,0.0165993970344051,,1299.43382169144,29.9997489137499,168.610790125235,0.433589334,19.99176990476,2.592998326,1.64934386713718,2.32144301738985,90.0343678299504,NaN,NaN,NaN,NaN,14.9798628358858,0.721653711187541,15.9194791634246,1.82639326972239,7.39264633105595,32.9197972812685,1.27105240816691,,1301.03550313653,29.8712974352055,169.200546288432,0.122077679999999,10.0015488628196,2.53225289326833,3.26432187395252,9.54023933580602,-0.375798029659575,NaN,NaN,NaN,NaN,14.5582430621667,5.9199799014808,13.6468933972201,8.73428459134037,7.27184058752325,26.6715492895423,1.09224733404487,,1299.19120063605,30.0100002288818,169.06984662407
26.3333333333333,5.411387014,0,5.56955003584595,0.744771036720032,0,-0.237453555268715,NaN,NaN,NaN,NaN,21.6801026723164,0.500457248838144,2.88031291498297,NaN,6.47568733954068,7.36854818228977,NaN,,1299.98932718773,30.0108026264318,177.64897134323,1.166604908,0,3.78019276905037,0.593337884119676,0,-0.213250397954734,NaN,NaN,NaN,NaN,22.9310364251714,0.0130802744083789,1.89690687198801,NaN,7.47236217071115,7.13301799866329,NaN,,1299.94085467253,30.0079725289025,171.614711840814,0.383355572,60.0147151304697,2.446757502,1.7157434658006,0.932605920090062,94.5929975318957,NaN,NaN,NaN,NaN,18.7261414582633,0.101278778412488,12.7415809635972,47.7830841923028,7.39704007506107,25.9972320373289,0.0195175375599166,,1300.51752337138,30.0035419169052,168.060791312297,0.400009262,40.0019899393475,2.47463052,1.20623378614152,1.26693056813651,93.8976702675081,NaN,NaN,NaN,NaN,13.7096200868702,0.222848724749982,13.7493549229599,75.3303430424995,7.39263741143994,28.1807410288899,0.0168208361480229,,1299.71192201892,30,168.608931376681,0.439526968490181,20.0135151375574,2.592998326,1.66207625154886,2.36931925065533,89.653181033819,NaN,NaN,NaN,NaN,14.8586997701142,0.737693883662925,15.7688110050664,1.86661558994277,7.39876440260901,32.6123564815146,1.26945239695828,,1298.76550033118,29.8266733618533,169.20529422813,0.122077679999999,10.0126780191187,2.55334674339768,3.28119194526021,10.1293897508348,-0.37608229609525,NaN,NaN,NaN,NaN,15,6.28404814680927,13.9055797799105,9.31074471726953,7.27207986488767,27.1804539240662,1.08807826856484,,1301.9108660133,30.0157956545039,169.090203092029
26.4166666666667,5.411387014,0,5.570132714,0.761083366208785,0,-0.110180587869691,NaN,NaN,NaN,NaN,22.185614533,0.505676771758384,2.87627271136771,NaN,6.47602945308961,7.36144318674461,NaN,,1299.98369820688,30.0100002288818,177.649644801286,1.166604908,0,3.78793459044167,0.557227342194299,0,-0.213138145346624,NaN,NaN,NaN,NaN,23.8118839125541,0.0130000002682209,1.95042673590809,NaN,7.47224725528542,7.22664603545642,NaN,,1299.76606137998,30.0095862243606,171.622567790966,0.383355572,59.9504627970777,2.446757502,1.70375571472715,0.918309504307997,94.6279093777489,NaN,NaN,NaN,NaN,18.8796663828333,0.0997645349854282,12.6626675949827,47.5577185873048,7.39743828598359,25.8444872005524,0.0193094708849056,,1299.6852886956,30.0019380527062,168.05779077906,0.400009262,40.0147116568833,2.47463052,1.18256480420044,1.25601411526432,93.8885168905049,NaN,NaN,NaN,NaN,13.4101676182801,0.220909737439192,13.9146331604235,75.1962176973971,7.39360503320528,28.5062108702667,0.0167053520403856,,1299.96438864753,30,168.607072753123,0.4403482,19.9654349167074,2.592998326,1.60455223619669,2.34362193817476,89.6913083358924,NaN,NaN,NaN,NaN,14.880823080879,0.73004169449367,15.6392981486166,1.89933186098759,7.39800024032593,32.3485407645546,1.23397568920585,,1298.44383346957,29.8770714664675,169.205197580323,0.122077679999999,10.0009376551378,2.5732998889612,3.27375518379049,10.4994460431314,-0.373029230738813,NaN,NaN,NaN,NaN,14.7593641943333,6.52256847242655,13.9928343469573,9.92739660946209,7.27206840897731,27.3526604656365,1.05768760532422,,1300.10471653551,30.0106366420978,169.109832380903
26.5,5.411387014,0,5.570132714,0.761865164106441,0,-0.233364532344151,NaN,NaN,NaN,NaN,23.8027717258333,0.510432134696638,2.85018286916749,NaN,6.47635669519776,7.31557331476924,NaN,,1300.36630634889,30.0005546802887,177.649644801286,1.166604908,0,3.79806436579434,0.588542006972224,0,-0.211370523967145,NaN,NaN,NaN,NaN,26.0587690646078,0.0131866236810428,2.00240101418799,NaN,7.47154865002311,7.31760193038486,NaN,,1299.24630956442,30.005733139157,171.632490394667,0.383355572,60.0276722941463,2.446757502,1.6989717382979,0.909015045301047,94.7493624772242,NaN,NaN,NaN,NaN,18.8788043623333,0.0987200437695884,12.7257664892343,47.5366133239729,7.39800086883426,25.9665658699505,0.0191225219197843,,1300.00837989515,30.0004697598029,168.05479121918,0.400009262,39.9497379340827,2.47463052,1.18325438144781,1.24558626162777,93.9944995065356,NaN,NaN,NaN,NaN,13.554334884683,0.219155621780133,13.9425930962668,75.0941453023152,7.39472278018477,28.5613426465965,0.0165887497118286,,1300.47591891833,30,168.605214348517,0.4403482,19.9998598067559,2.592998326,1.64998634496906,2.29703211377724,89.8923743737325,NaN,NaN,NaN,NaN,14.8774142992877,0.71618731219045,15.7320477389469,1.92094037481851,7.39877049722324,32.5373675564851,1.19589834849506,,1298.69915307891,29.9264608122267,169.204144953661,0.122077679999999,10.0076447113943,2.59127716182369,3.28471427563619,10.7331958695417,-0.374841685026242,NaN,NaN,NaN,NaN,15.0214536415,6.67280584831313,14.0506449700445,10.2739816544046,7.27147820890105,27.4670146605886,1.04471121272065,,1299.03107730494,30.0100002288818,169.127071796392
26.5833333333333,5.411387014,0,5.570132714,0.750872387781586,0,-0.0351208669810298,NaN,NaN,NaN,NaN,22.7822919948333,0.509640174519608,2.86965175759025,NaN,6.47486802207595,7.34979378869433,NaN,,1298.49000093264,30,177.649644801286,1.166604908,0,3.80899800376188,0.607740774772013,0,-0.210330393232344,NaN,NaN,NaN,NaN,19.9741860956883,0.0131744594044184,2.0171487232569,NaN,7.47206046819321,7.34340641366698,NaN,,1299.91836650313,30,171.643527460233,0.383355572,59.9847694089589,2.446757502,1.72550416239422,0.896293477077611,94.7904933674295,NaN,NaN,NaN,NaN,19,0.0972611464841344,12.7004889690952,47.4229820390926,7.39879134072224,25.9177037026909,0.0189000120687975,,1298.23791278589,30,168.051788979373,0.400009262,39.9498314755477,2.47463052,1.1800103828338,1.23215406898657,94.0300942175406,NaN,NaN,NaN,NaN,14,0.216927759118202,13.8780270640021,74.9340805624841,7.39579751627456,28.4340497276011,0.0164450497214452,,1301.06976627186,30.0003946396257,168.603356830901,0.4403482,20.0364257413977,2.592998326,1.58532696176135,2.24208234998746,89.878739442738,NaN,NaN,NaN,NaN,14.7934613986569,0.698950088477863,15.5931485008273,1.94292631543079,7.39980626284662,32.254799151957,1.1539957248199,,1297.66859554279,29.9617350049566,169.203092600831,0.122077679999999,9.9975900387232,2.61264059393215,3.61202847629798,10.9300761225296,-0.376243919600781,NaN,NaN,NaN,NaN,15.0585014978333,6.79979560506289,13.9348125819384,10.5448324792114,7.27261505116912,27.2381287219555,1.0365668237705,,1300.15345774377,30.0100002288818,169.148120698027
26.6666666666667,5.411387014,0,5.57304236933241,0.738750453657735,0,-0.218865987117982,NaN,NaN,NaN,NaN,22,0.505791922121359,2.8435832993946,NaN,6.47492499694115,7.30396207959953,NaN,,1299.92416263797,30,177.652452114441,1.166604908,0,3.81800522693323,0.612206404813019,0,-0.213777341143052,NaN,NaN,NaN,NaN,25.0382944471072,0.0130000002682209,2.00733106127771,NaN,7.47185799811029,7.32622470711771,NaN,,1297.20956016081,30,171.652548639438,0.383355572,60.0075582162127,2.446757502,1.67611432219656,0.88799738710564,94.9124127294258,NaN,NaN,NaN,NaN,18.9192990491942,0.0964409382167288,12.7544259749831,47.2510692884058,7.39974721434322,26.0220899150428,0.0187934326894048,,1299.79701696907,30,168.048787584579,0.400009262,39.9973200835627,2.47463052,1.18160074301921,1.21966087359003,94.082928199902,NaN,NaN,NaN,NaN,13.718950074,0.214456578089831,13.8538740838715,74.4134940458326,7.39639348551611,28.3866161402468,0.0163926096201253,,1300.03344611875,30.0048207395988,168.601498620029,0.445089353678303,20.0241041737171,2.592998326,1.61854341558594,2.19178190911093,90.0493961483629,NaN,NaN,NaN,NaN,14.8062147501765,0.682669045699041,15.6109440611381,1.96183697700326,7.39879819570836,32.2908869803398,1.11726132561388,,1297.77784318195,29.9799995422363,169.206645478613,0.122077679999999,10.0250479255071,2.63116561773054,3.45163472274876,11.0858652932781,-0.377765609762123,NaN,NaN,NaN,NaN,15.0394541671667,6.90170679460231,14.1915441732217,10.8083902528821,7.27175372811844,27.7459499598769,1.02568176714944,,1299.23024938188,30.0100002288818,169.166013428957
26.75,5.411387014,0,5.575196994,0.748207134101622,0,-0.14700671983173,NaN,NaN,NaN,NaN,21.749956754,0.499452045378132,2.85992733106535,NaN,6.47600578929008,7.33269972075543,NaN,,1299.55705526393,30,177.654709081286,1.166604908,0,3.82711083438857,0.531445211379201,0,-0.210362718488382,NaN,NaN,NaN,NaN,29.4621207011157,0.0131206755841678,2.01423411949222,NaN,7.47210559961856,7.33830461943882,NaN,,1300.51724188778,30,171.661730044413,0.38628156109333,59.9050875618831,2.446757502,1.69746416176051,0.880715721382424,94.9518716476034,NaN,NaN,NaN,NaN,18.9600614396391,0.0956175690417797,12.7944498058081,47.1858156308561,7.39543911938571,26.0996508895425,0.0186650829657583,,1301.27427203032,30.0042230070164,168.04864397933,0.400009262,39.9472493347768,2.47463052,1.19029017434824,1.20556194899428,94.1348749051426,NaN,NaN,NaN,NaN,13.331834621758,0.212023057180003,13.8951047997043,74.6216874926073,7.39825712648036,28.4677260880486,0.0161577288207911,,1299.62097580914,30,168.599639595477,0.447107066,20.0219666736757,2.592998326,1.62734571853574,2.14943838208192,90.2073040693653,NaN,NaN,NaN,NaN,14.8787928796667,0.669435272193901,15.5988727994217,1.95819162922587,7.39731718336614,32.2663586285361,1.09767283621524,,1298.64060513368,29.9887857133212,169.207745064347,0.122077679999999,9.99905528090158,2.65087632359817,3.46100501226624,11.2190619042419,-0.376368001177341,NaN,NaN,NaN,NaN,15.2793340538333,6.98219475844533,14.3749108051725,10.9662709358853,7.2725698902135,28.1095847656258,1.02305231650837,,1299.59564870696,30.0011916720096,169.18519555291
26.8333333333333,5.411387014,0,5.575196994,0.757340234322579,0,-0.240822554829929,NaN,NaN,NaN,NaN,25.7361150631646,0.494112180247704,2.87191015241477,NaN,6.47571101757264,7.35376856597243,NaN,,1299.66561364562,29.9991971781186,177.654709081286,1.166604908,0,3.83540437889246,0.558496631070395,0,-0.215985205252024,NaN,NaN,NaN,NaN,26.2012256390585,0.013040040503284,1.98165247370986,NaN,7.47250584260854,7.28128388058489,NaN,,1300.20695668712,30,171.669935113282,0.386744744000001,60.0067094994628,2.446757502,1.70330705165842,0.87546467518914,95.0511963465859,NaN,NaN,NaN,NaN,18.9193861598333,0.0950802232696415,12.8189998240629,47.0445163524642,7.39287984811119,26.1471479993084,0.0186094134542836,,1300.36959156601,30.0144103776515,168.046175019679,0.400009262,40.0110714063264,2.47463052,1.1563297174904,1.1932147925124,94.265214260301,NaN,NaN,NaN,NaN,13.4807781941985,0.209829655294183,13.7350497977283,74.6483864550859,7.39918330908172,28.1526359773083,0.0159869132005181,,1299.21165446993,29.992365302108,168.597780343858,0.447107066,20.0377389391812,2.592998326,1.59703390998445,2.1042092994838,90.3617005938518,NaN,NaN,NaN,NaN,14.9599627986667,0.655329278928823,15.5962253755758,1.94764631094743,7.39839308187634,32.2610436054373,1.08039947675004,,1299.74241232701,29.9899997711182,169.206691645203,0.122077679999999,10.0118740320536,2.66865386776672,3.44016789473035,11.3505676728757,-0.373631046085504,NaN,NaN,NaN,NaN,15.0430885123333,7.06465253134558,14.331689734911,11.0851531193127,7.27189353148339,28.0236077839283,1.02394334242296,,1299.7777808869,30.0003972276966,169.202442469112
26.9166666666667,5.411387014,0,5.575196994,0.736589615073507,0,-0.149437570941607,NaN,NaN,NaN,NaN,29.1639629810021,0.486224429199236,2.88769909221113,NaN,6.47492504342309,7.38153090406604,NaN,,1299.22196323545,30.0056337254361,177.654709081286,1.166604908,0,3.84395544837409,0.606513357448262,0,-0.210383401645424,NaN,NaN,NaN,NaN,25.2854304781969,0.0130800971090165,1.98098925676327,NaN,7.47293245584998,7.28012323363981,NaN,,1300.6530073657,30,171.678488904752,0.386744744000001,59.9848401827962,2.446757502,1.68121675655086,0.86643447449195,95.0426053706546,NaN,NaN,NaN,NaN,18.9197528383333,0.0940237560033169,12.8137910455556,46.9439285868197,7.39278604277957,26.1370574982221,0.0184567959539307,,1298.79214038658,30.0100002288818,168.043172901642,0.401696751864665,40.011439499977,2.47463052,1.16222356332219,1.18343825532625,94.2569110203881,NaN,NaN,NaN,NaN,13.6215821352101,0.208057189102604,13.7405611154223,74.8031173070065,7.39857638591371,28.1634291676878,0.0158231781636421,,1300.10288321649,29.9991953458617,168.597541165691,0.448386220508385,19.987169877205,2.592998326,1.56479897885062,2.0526655816558,90.4091701396804,NaN,NaN,NaN,NaN,14.8796812376667,0.639293947588639,15.4054644427125,1.93357814133458,7.3997105870888,31.8741939733329,1.06158161669965,,1299.49937642632,29.9946958009927,169.206780165151,0.122077679999999,10.013259715429,2.681818006,3.39772079036315,11.5046510354438,-0.376620587155433,NaN,NaN,NaN,NaN,14.830783262252,7.15742695507926,14.006677356501,11.1286755659589,7.2825490769027,27.3805482027638,1.03384078831696,,1299.96604585348,29.8980085910165,169.215491723553
27,5.411387014,0,5.57578472566969,0.759975193756319,0,-0.238299997901635,NaN,NaN,NaN,NaN,30.2808841153333,0.479001473044775,2.92905019188855,NaN,6.47259489869218,7.45424838169762,NaN,,1299.60762143485,30.0100002288818,177.655196657642,1.166604908,0,3.85089689219665,0.639339455378885,0,-0.211910501688606,NaN,NaN,NaN,NaN,24.7809639056667,0.0130403169808293,1.97543108331616,NaN,7.47274591287531,7.27039913451002,NaN,,1298.78294734186,30.0015670319125,171.68552599361,0.386744744000001,59.9312832364788,2.446757502,1.70281913568409,0.85354551514858,95.0849796416575,NaN,NaN,NaN,NaN,19,0.0926951099799626,12.7391637235258,46.8522204478954,7.39294386379836,25.992582717043,0.0182179529446822,,1300.937209772,30.0100002288818,168.040171138292,0.403378956,39.9912969306236,2.47463052,1.18938492248455,1.17536310604939,94.3266013747249,NaN,NaN,NaN,NaN,13.984211950018,0.206564155829695,13.6636417359725,74.6705803031843,7.39721641382531,28.0122586521182,0.0157428790289082,,1298.97442482013,29.9986388892524,168.597430276954,0.453904887999999,19.9893226674665,2.592998326,1.61334792643973,2.00484401139094,90.6023851960662,NaN,NaN,NaN,NaN,14.5748297873333,0.625248925887615,15.5395203648908,1.92141566006251,7.39834625170963,32.1458970324109,1.04343002124374,,1299.4718392048,30,169.211382942013,0.122077679999999,10.0051714116108,2.681818006,3.39039986306561,11.6968746810535,-0.373771898991286,NaN,NaN,NaN,NaN,14.995122821748,7.24581042178119,13.8966000529038,10.7031908895604,7.29152635874481,27.1627867831579,1.09308427611792,,1301.03439439353,29.836651015414,169.214963218055
27.0833333333333,5.411387014,0,5.58020284,0.758050435903451,0,-0.138011284658431,NaN,NaN,NaN,NaN,30.7164827386667,0.471656419126328,2.93991851242672,NaN,6.47579645873177,7.47336585024836,NaN,,1297.79389872104,29.9909188397535,177.659714927286,1.166604908,0,3.85858497174341,0.626703501685911,0,-0.211912946279357,NaN,NaN,NaN,NaN,27.1612281255,0.0130000002682209,2.012539936368,NaN,7.47292147208236,7.33534197955415,NaN,,1300.10066275146,30.0004404707078,171.693215587385,0.386744744000001,60.0001542963234,2.446757502,1.69994080037395,0.84334469504409,95.1806813292999,NaN,NaN,NaN,NaN,18.842153121806,0.0915543243557015,12.6748577988965,46.809515290818,7.39388297687992,25.8680295291032,0.0180165604318472,,1299.35085781598,30.0100002288818,168.03717075057,0.403378956,39.9740621190323,2.47463052,1.20568213322766,1.16569344637693,94.4032411039091,NaN,NaN,NaN,NaN,13.855505164982,0.204851141730529,13.7875954673759,74.4663419607987,7.39812078636349,28.255970583439,0.0156564180764433,,1299.21221122839,29.9908021005033,168.5955703462,0.453904887999999,19.9875390051633,2.592998326,1.55848778876107,1.97293949112272,90.8400171889473,NaN,NaN,NaN,NaN,14.6832510801033,0.615566553345304,15.4463618902284,1.91354496178505,7.39810008995938,31.9570871118947,1.03104677206375,,1300.96665166812,30.0016090687711,169.210331289788,0.122077679999999,9.97298941214624,2.681818006,3.3592837667912,11.7865025742354,-0.375464421361593,NaN,NaN,NaN,NaN,15.0130235375,7.2789706372997,13.9899134836829,10.2783574358158,7.29263016686958,27.3468329026532,1.1468663995176,,1299.62662737332,29.8751857187952,169.214432694135
27.1666666666667,5.411387014,0,5.58020284,0.764925111207412,0,-0.237396409434112,NaN,NaN,NaN,NaN,31.1498095586667,0.467403455488538,2.93166871386733,NaN,6.47694506456065,7.45885327097424,NaN,,1299.65525545238,29.9799995422363,177.659714927286,1.166604908,0,3.86335146297967,0.574194928570127,0,-0.214127662148454,NaN,NaN,NaN,NaN,27.5656684673333,0.0130000002682209,2.00592573485424,NaN,7.47150472347173,7.32376554036402,NaN,,1299.85773239169,30,171.69788137341,0.386744744000001,59.9788578663181,2.446757502,1.7017899732103,0.831402831036031,95.2350375897697,NaN,NaN,NaN,NaN,18.997122972694,0.0901941408104119,12.7809878538077,46.7199716189698,7.39487984858425,26.0734895204646,0.017795533414678,,1300.72637312027,30.0031622123556,168.034167789719,0.403378956,39.957206142869,2.47463052,1.1683248079053,1.15433479512949,94.4510407279143,NaN,NaN,NaN,NaN,13.3506183081667,0.202973139520763,13.849826217869,74.5542318136981,7.39852943508212,28.3784452431452,0.0154855248356844,,1300.99908389173,29.9899997711182,168.593710687233,0.455635642873774,20.0467221052449,2.592998326,1.57081584039429,1.93036718192424,90.8744319613907,NaN,NaN,NaN,NaN,14.5227372165633,0.602132659546357,15.4202228863524,1.90263550172722,7.39966849589858,31.9040497742618,1.01458415975395,,1299.59950284006,30,169.210874456066,0.122077679999999,9.99905794913039,2.681818006,3.41222448792512,11.8572377330116,-0.373253425719564,NaN,NaN,NaN,NaN,15.0807052718333,7.31253761114501,13.9963523783581,10.010663001827,7.29082117832316,27.3595734533755,1.18451881448397,,1296.92146814068,29.9183762684238,169.213900883289
27.25,5.411387014,0,5.58020284,0.742702631637053,0,-0.201528966644276,NaN,NaN,NaN,NaN,29.956265675163,0.461059944844165,2.89692161544589,NaN,6.47582344343243,7.39774589744389,NaN,,1300.43725024877,29.9858748084591,177.659714927286,1.166604908,0,3.87103671452214,0.593706295568075,0,-0.21129754636202,NaN,NaN,NaN,NaN,29.2032536729831,0.0130000002682209,2.00387056472694,NaN,7.47239017102032,7.32016687191602,NaN,,1300.64584708744,29.9995987909273,171.705667007377,0.386744744000001,60.029758605288,2.446757502,1.68835464786796,0.821602342231844,95.3011262418309,NaN,NaN,NaN,NaN,18.8793024815,0.0891240253735618,12.5995786110167,46.7859012952079,7.39580002850063,25.7225934894606,0.0175609419425312,,1301.20571670766,29.9935714480105,168.031164892984,0.403378956,39.9931513043932,2.47463052,1.18096321055171,1.14036437164346,94.5714513664942,NaN,NaN,NaN,NaN,13.4851752095,0.200521224305194,13.8095808525042,74.5118438207877,7.39912318919898,28.2993266524213,0.0153065895216713,,1300.25942596375,29.9899997711182,168.591851967864,0.460663754,20.0299966109657,2.592998326,1.61795434380218,1.89663272707853,91.0606287090874,NaN,NaN,NaN,NaN,14.4548533725921,0.591236001678831,15.394063945162,1.89856203800184,7.39706556742473,31.8513209047439,0.999005105001002,,1299.5730317681,30.0065386633263,169.214985987198,0.122077679999999,9.99993506256921,2.681818006,3.38736801887999,11.916256493436,-0.376222310231445,NaN,NaN,NaN,NaN,14.7602579615,7.34039550492018,14.066256207733,9.83843163947601,7.28916929206508,27.4977156631827,1.21121254001163,,1300.6529685156,29.9463151238384,169.21336851377
27.3333333333333,5.411387014,0,5.58130831725216,0.746412466864149,0,-0.241861124809791,NaN,NaN,NaN,NaN,30.7465863570222,0.456718836244222,2.93441894967655,NaN,6.47502721135376,7.46369297828369,NaN,,1300.36890324022,29.9954302316004,177.660721055006,1.166604908,0,3.87664594786949,0.609272841951534,0,-0.210408726108266,NaN,NaN,NaN,NaN,25.2548745373502,0.0130000002682209,2.00885170747992,NaN,7.47261035338022,7.32888399460381,NaN,,1297.96672725597,30,171.711278194174,0.386744744000001,60.005366497729,2.446757502,1.64350187990548,0.811196756137277,95.2965169344531,NaN,NaN,NaN,NaN,18.919658513,0.0879663398027829,12.5974231518788,46.6909419944797,7.39620277963211,25.7183598083105,0.0173737449980934,,1301.55739397288,29.9991985925843,168.028160415535,0.403800725660069,40.0173414363635,2.47463052,1.16885802992357,1.13267412077611,94.6796613652707,NaN,NaN,NaN,NaN,13.3175003081667,0.199033229260894,13.7051529466207,74.4736362951049,7.40009481031138,28.0939140396149,0.0152111637514794,,1302.7992245752,29.9948185985049,168.590262189584,0.460663754,20.0121489221518,2.592998326,1.57363275567291,1.86609773329644,91.1423978429604,NaN,NaN,NaN,NaN,14.9590637890746,0.581679026952992,15.3871808360123,1.89209958252708,7.39741008908608,31.837165390301,0.98625585937826,,1299.2913804156,30.0063011938312,169.213933375339,0.122077679999999,9.99366178505125,2.681818006,3.32864625768142,11.9771551124433,-0.372866485118769,NaN,NaN,NaN,NaN,14.8577098870179,7.36965986995257,14.1500259270998,9.72486014396644,7.28745022079686,27.6635174952174,1.23162408738525,,1299.5899479249,29.9673357426166,169.212835568967
27.4166666666667,5.411387014,0,5.585189208,0.733664642172285,0,-0.170533424791656,NaN,NaN,NaN,NaN,30.9011456652162,0.449557488751407,2.9605966174304,NaN,6.47424236403438,7.50973833513517,NaN,,1298.93264895496,30.0066087851663,177.664701295286,1.166604908,0,3.8826486549706,0.549714091861979,0,-0.207801638802096,NaN,NaN,NaN,NaN,25.8858547305,0.0130000002682209,2.04760557537123,NaN,7.47241566488545,7.39671873363876,NaN,,1300.53479441971,30,171.717280358672,0.386744744000001,60.0102238340566,2.446757502,1.68717482597083,0.804305126224613,95.3941097761008,NaN,NaN,NaN,NaN,19,0.0872011181338158,12.573132613565,46.5272427580715,7.39691098273547,25.6714260010184,0.0172869659348134,,1299.9437061818,30,168.025155947097,0.41350844227309,40.0075818153474,2.47463052,1.17394472524457,1.13746082919768,94.6672461908253,NaN,NaN,NaN,NaN,13.7184539465,0.199823810710722,13.8225949316776,74.5178023135747,7.36968764560541,28.3249096134217,0.0152669346203515,,1299.62608938454,30,168.598208922016,0.460663754,20.0148691285379,2.592998326,1.58898002797199,1.82844938784298,91.2524079683163,NaN,NaN,NaN,NaN,14.5538641225,0.569936554529915,15.3467517804781,1.87547385056456,7.3989278666224,31.7553376185242,0.974934847033731,,1301.13852488172,30,169.212880746564,0.122077679999999,9.98610537588781,2.681818006,3.37449968121429,12.0549376589214,-0.375292528059637,NaN,NaN,NaN,NaN,14.9409014546488,7.41105261508193,14.155946927845,9.65917065700712,7.28467704979751,27.675172845871,1.24803603579011,,1301.22033163646,29.976886192239,169.212302048201
27.5,5.411387014,0,5.58746708632566,0.744766967638296,0,-0.235452402082596,NaN,NaN,NaN,NaN,30.7195012479071,0.443677205377282,2.92043845799846,NaN,6.47310151540791,7.43910458378958,NaN,,1299.49566343202,30.0100002288818,177.666878921877,1.166604908,0,3.88864702066168,0.588141061457821,0,-0.211181692735733,NaN,NaN,NaN,NaN,29.823417289,0.0130000002682209,2.05686663976317,NaN,7.47234271179012,7.41293738309426,NaN,,1300.40780961363,30,171.723279203193,0.386744744000001,60.0209816159492,2.446757502,1.70623643331414,0.796754568971809,95.4388258638207,NaN,NaN,NaN,NaN,18.8951364975,0.0863717569693775,12.6045840126536,46.4503746205232,7.39716066595561,25.7321765958027,0.0171528043416296,,1301.44445368301,30,168.022150553262,0.413526993999999,39.9965595746071,2.47463052,1.18032591273257,1.19182168398586,94.7917352171316,NaN,NaN,NaN,NaN,13.5984628985,0.209350852997958,13.7244371373785,74.4296001533073,7.3504483233854,28.1316922480074,0.0160145331271743,,1299.88730357562,30,168.596418100234,0.461469194535175,19.9919336310921,2.592998326,1.62275274490513,1.78900849890258,91.3521378658957,NaN,NaN,NaN,NaN,14.3563932024848,0.557827412747063,15.2894791439908,1.86708643261221,7.39983484640839,31.6396011259184,0.958184146569495,,1300.15684417073,30,169.212430397511,0.122077679999999,10.0068717281789,2.681818006,3.20733510310654,12.1074164472783,-0.376911149673183,NaN,NaN,NaN,NaN,14.6718738039408,7.44356480931981,14.3088056080974,9.62006014227249,7.2825525064167,27.9782725971416,1.25856259798194,,1300.91786642682,29.9896600038134,169.211768389452
27.5833333333333,5.411387014,0,5.590195054,0.742774950183209,0,0.122922288416378,NaN,NaN,NaN,NaN,26.7968744891915,0.436712385519446,2.98306624985078,NaN,6.47437682949236,7.54927275102632,NaN,"Sample 1.50 mL to AMBR-96DWP-4/C1",1300.98550524711,30.0014661680988,177.3750611751,1.166604908,0,3.89434964196653,0.61169035505757,0,-0.212654812356023,NaN,NaN,NaN,NaN,29.3770607008333,0.0130000002682209,2.02268701090182,NaN,7.472554965961,7.35310786302492,NaN,"Sample 1.50 mL to AMBR-96DWP-4/C2",1299.8448753154,29.9986505773132,171.475449260336,0.386744744000001,60.0116813076828,2.446757502,1.61974069064106,0.78680993804092,95.5538771413576,NaN,NaN,NaN,NaN,18.864868240672,0.0853572896468784,12.564138984997,46.3017842667191,7.39780548437253,25.6540825152417,0.0170021843146977,,1300.22227631563,29.999999895861,168.019145155581,0.413526993999999,40.0098382529824,2.47463052,1.15366758463176,1.20661709114559,94.8189939761467,NaN,NaN,NaN,NaN,13.410497068,0.211999485285017,13.6664683259327,74.5091510233481,7.34609724776467,28.0177794291433,0.016196004175212,,1299.67525337713,30,168.594557162519,0.470811586083492,20.0133707338848,2.592998326,1.57913161019026,1.75709760054413,91.4533481040052,NaN,NaN,NaN,NaN,14.3642152161315,0.548122847191969,15.3342315710831,1.86340790645436,7.39349284396743,31.7300725547777,0.943046662277272,,1297.77235166761,30,169.220923549652,0.122077679999999,9.9964492476709,2.681818006,3.0380833533453,12.1778285431226,-0.372150667421672,NaN,NaN,NaN,NaN,14.7646585663925,7.47321421641935,14.4214452147453,9.61341705640092,7.28065078411133,28.202044271339,1.26775105726728,"Sample 1.50 mL to AMBR-96DWP-4/C6",1301.54409128099,29.9952270012789,169.064669163581
27.6666666666667,5.411387014,0,5.590195054,0.754538901444802,0,6.95095849762566,NaN,NaN,NaN,NaN,27.713754211,0.460196170672341,3.00572551992988,NaN,6.4752652298518,7.58913883415265,NaN,,1300.43855242623,30.0056777105545,175.875707141286,1.166604908,0,3.895336362,0.600352216570388,0,-0.211150823269438,NaN,NaN,NaN,NaN,30.1354499220923,0.0130000002682209,2.0693788363549,NaN,7.47588174717165,7.43483582009501,NaN,,1300.68945058792,29.9953254301934,169.936068893376,0.393997503366274,60.0101745565039,2.446757502,1.71243985368401,0.79232553940606,95.3960662934863,NaN,NaN,NaN,NaN,18.8384182429947,0.0860182559745141,12.4797659561562,46.8443859186067,7.39912895149789,25.49129443021,0.0176753588848751,"Sample 1.50 mL to AMBR-96DWP-4/C3",1300.40910662731,29.8752837577222,166.229822664314,0.413526993999999,39.9922416645193,2.47463052,1.2061798260654,1.21776122908629,94.8134686067268,NaN,NaN,NaN,NaN,13.785729702,0.201935784434014,13.5676557173211,76.0727954979356,7.3466796369135,27.8238532134615,0.0159879232955678,"Sample 1.50 mL to AMBR-96DWP-4/C4",1301.41598110703,29.9280384025686,166.81863273243,0.470811792,20.0354180725862,2.592998326,1.61274270620951,1.77231632719956,91.7313857813543,NaN,NaN,NaN,NaN,14.7961738413838,0.509401058736022,15.2564388487988,1.87644549427889,7.39394967407943,31.5728493606389,0.955114807609115,"Sample 1.50 mL to AMBR-96DWP-4/C5",1301.44892167163,30,167.464545188952,0.122077679999999,9.99168842428865,2.681818006,3.30224415530365,12.2128342153714,-0.374310269440477,NaN,NaN,NaN,NaN,14.5163070539282,6.99797024446144,14.460330342765,9.58867263270629,7.28584072430144,28.2793767991162,1.31154524877336,,1298.68778751158,29.9908027576883,167.416700098076
27.75,5.411387014,0,5.59397127768296,0.752008713163214,0,1.66308413760274,NaN,NaN,NaN,NaN,27.9190769848054,0.495358060943967,2.9705936218555,NaN,6.47555195921093,7.52733217365881,NaN,,1299.61727186472,30.0063844790008,175.879377716488,1.166604908,0,3.895336362,0.554875217991734,0,-0.209882266516215,NaN,NaN,NaN,NaN,24.317575647741,0.0130783838024794,2.10543046230024,NaN,7.47420704835974,7.49795671545508,NaN,,1300.1256611585,30.008095878669,169.936068893376,0.401829666354173,59.9928932664688,2.446757502,1.78483346607928,0.876652646405706,95.6772871955035,NaN,NaN,NaN,NaN,18.7991603593333,0.0941660242892889,12.3953154519973,46.7786961320702,7.39817762273292,25.3284002029604,0.018773110743672,,1299.96314677345,29.8316296316896,166.234149000824,0.413526993999999,39.9879457687284,2.47463052,1.22454161147164,1.23060758653105,94.5063324887286,NaN,NaN,NaN,NaN,13.7990437013333,0.213929722491263,13.6276820260421,75.0659754130187,7.35288541669916,27.9416298951234,0.0163951505758689,,1299.0036692646,29.833975569051,166.796835576317,0.470811792,20.0093384218385,2.592998326,1.55075666592138,1.67271290559477,91.9021235675841,NaN,NaN,NaN,NaN,15,0.513824638341033,15.2681458867366,1.73416407057412,7.39567035501362,31.5964938326728,0.96566470563312,,1299.64528333712,30.0024150336945,167.424820216662,0.122077679999999,10.0033555862529,2.681818006,3.06327669337615,11.5111693823789,-0.37098912547996,NaN,NaN,NaN,NaN,14.6347706921491,6.97710920614121,14.3729624090098,8.5111836304114,7.28708442522186,28.1055949567277,1.35248705701018,,1299.69854389784,29.9991353195878,167.416165068544
27.8333333333333,5.411387014,0,5.595415158,0.768004050631673,0,-0.218965083829974,NaN,NaN,NaN,NaN,28.2907236008665,0.512991054286045,2.94741965269073,NaN,6.47641136609191,7.48656032145734,NaN,,1301.15593267678,30.0068085797941,175.880927245286,1.166604908,0,3.8992975061024,0.565996043751941,0,-0.208526628526804,NaN,NaN,NaN,NaN,26.746296800988,0.0130024254783747,2.10634876964076,NaN,7.47208327036257,7.49956529202132,NaN,,1298.95793108482,30.0091937068974,169.939834922506,0.40382695,59.9718613624158,2.446757502,1.72032756646368,0.878618970878131,95.7002622931423,NaN,NaN,NaN,NaN,19,0.0942607192088484,12.283591586579,46.6875912994262,7.39838014442609,25.1133505139709,0.0188191859221839,,1299.1051218112,29.8810375108927,166.233210128802,0.413526993999999,39.9997977386443,2.47463052,1.2591344149255,1.22111285959078,94.5920959700658,NaN,NaN,NaN,NaN,14,0.212272059604603,13.5712905093233,75.306936002817,7.35443479107009,27.8310065292792,0.0162171906945142,,1301.26966506608,29.8649991061886,166.794975313288,0.470811792,20.0029489748668,2.592998326,1.59854242878502,1.6657225542863,91.9514128366997,NaN,NaN,NaN,NaN,14.8796559418333,0.514024446023419,15.260304951968,1.77090712479169,7.39693062217911,31.5806828929786,0.940630733755715,,1298.53682793576,30,167.423767662871,0.122077679999999,10.0101516596625,2.681818006,2.9978198417065,11.9108251751959,-0.372939844702781,NaN,NaN,NaN,NaN,14.8462031935894,7.21943678669444,14.4706827255518,8.92697802898875,7.28299759270209,28.2999587982469,1.33432047285352,,1300.22461928136,30.0034720987749,167.415629413231
27.9166666666667,5.411387014,0,5.595415158,0.752328271837129,0,-0.123673738513949,NaN,NaN,NaN,NaN,28.1640462511615,0.513967310013851,3.0032903268104,NaN,6.47611763629214,7.58485850325163,NaN,,1300.96113462616,30.0004006145308,175.880927245286,1.166604908,0,3.90783915558336,0.535894763515271,0,-0.213288012262028,NaN,NaN,NaN,NaN,25.189581125512,0.0130806237929361,2.13758350519032,NaN,7.47199888607967,7.55427637035472,NaN,,1300.56025749262,30.0100002288818,169.948470760515,0.40382695,59.9790731519071,2.446757502,1.70684691794619,0.858747005484334,95.7279261866724,NaN,NaN,NaN,NaN,18.9197100453333,0.0921068799285782,12.2081301849636,46.4885043014548,7.39967303315228,24.9683249328964,0.018472177492988,,1299.7022931994,29.9241938798636,166.230205447208,0.413526993999999,39.9961617539295,2.47463052,1.24111210709778,1.1989682183621,94.629376660774,NaN,NaN,NaN,NaN,13.3979652168287,0.208440789850202,13.390892041609,75.4507547483788,7.35569424376795,27.4777122593262,0.015892614446363,,1301.16784558135,29.9205214482228,166.793115096746,0.470811792,19.9876222622768,2.592998326,1.52085269775863,1.63776168604952,92.0069903005842,NaN,NaN,NaN,NaN,14.9813742822357,0.505572404308968,15.2142141423272,1.78586357924242,7.39850112122799,31.4876465990273,0.917087499611261,,1299.77071317475,29.9974043348313,167.422715968197,0.122077679999999,9.9995571928136,2.681818006,2.8938886655164,12.1044426702884,-0.371819823040385,NaN,NaN,NaN,NaN,14.5977080373333,7.33980077940155,14.5266556026478,9.21282931825272,7.27906893781691,28.4114637145089,1.31391018820595,,1301.52871965344,30.0087951787144,167.415093973456
28,5.411387014,0,5.595415158,0.738553279525598,0,-0.232018384058999,NaN,NaN,NaN,NaN,28.5042938231667,0.511737289159326,2.97596289132618,NaN,6.47544567431042,7.53678071001093,NaN,,1301.51064340671,30.0064277143686,175.880927245286,1.166604908,0,3.91706338470576,0.558791141569942,0,-0.208267001342272,NaN,NaN,NaN,NaN,27.2113293070709,0.0130402006781436,2.05206681650993,NaN,7.47197980276995,7.40452899129774,NaN,,1299.80923556165,30.0076767455501,169.957581670048,0.40382695,60.005768705731,2.446757502,1.75983976233199,0.838356268818051,95.7823845100752,NaN,NaN,NaN,NaN,18.9542305624755,0.0899154355946112,12.2541919486423,46.4505668832225,7.39903971943797,25.0567922668743,0.0180484907046154,,1300.08524583224,29.9540593161482,166.227200238701,0.413526993999999,40.0246275476284,2.47463052,1.2288033442242,1.1771274370029,94.7395694482101,NaN,NaN,NaN,NaN,13.8698171467396,0.204725818944806,13.4507542422182,75.6851950840121,7.35693015914375,27.5948615103471,0.0155549541913727,,1297.93520417593,29.9578712995829,166.791254992771,0.470811792,20.0032782468062,2.592998326,1.6029562455283,1.6069865275293,92.144043176311,NaN,NaN,NaN,NaN,14.8178043932643,0.496432368203586,15.2017990583097,1.79363066889742,7.39961748596452,31.4626135673921,0.895954149935631,,1299.71340498265,29.9929597920061,167.421664512092,0.122077679999999,9.99435974500096,2.681818006,2.89175241265889,12.2419859337868,-0.375309854203644,NaN,NaN,NaN,NaN,14.9025486652389,7.42638544104347,14.5610338965106,9.4231935404763,7.27530805187261,28.4799694831446,1.29915114873347,,1299.76147057304,30.0029989292085,167.414558685399
28.0833333333333,5.411387014,0,5.595415158,0.752212705783342,0,-0.207005546474482,NaN,NaN,NaN,NaN,28.3941684616204,0.504598992040115,3.02019423847081,NaN,6.47656973951038,7.61460669904753,NaN,,1299.93148639616,29.9981441112364,175.880927245286,1.166604908,0,3.92665967868858,0.622376445495086,0,-0.208133073206206,NaN,NaN,NaN,NaN,29.4409324134291,0.0130400108079458,2.0775486232052,NaN,7.47266227824972,7.44915306968352,NaN,,1300.4542397174,30.0031945375898,169.96720233692,0.40529273499818,59.9950359689636,2.446757502,1.73477011516255,0.822564948808581,95.8372790888762,NaN,NaN,NaN,NaN,18.9249675721912,0.0881609012535721,12.2193836811644,46.2958386352285,7.39816568878492,24.9899573827411,0.0177675862121678,,1301.41963363421,29.9755863558255,166.225593023155,0.413526993999999,40.0007732309193,2.47463052,1.23108441277142,1.15440356537463,94.6904058830169,NaN,NaN,NaN,NaN,13.8059521229317,0.200779505165718,13.4537398693572,75.7750464590931,7.35780130550853,27.6007255820326,0.0152366560592217,,1299.07041171984,29.9712092482254,166.789395216638,0.479899392440274,20.0294051714906,2.592998326,1.59729460897843,1.57763455698888,92.0697216174263,NaN,NaN,NaN,NaN,14.7485408866667,0.487241597089385,15.1098740272706,1.79364141156426,7.39918655862524,31.2774355155959,0.879584672718873,,1302.72661135871,30,167.429496523835,0.122077679999999,10.0038117769046,2.68445104089676,2.85698509183181,12.339428787426,3.41810866102854,NaN,NaN,NaN,NaN,14.7357738114277,7.489273428089,14.6896293668851,9.60526539435312,7.27639195087684,28.7366885520989,1.28465878859501,,1300.44170566694,30.0014850105333,167.416570910837
28.1666666666667,5.411387014,0,5.595415158,0.747830298674441,0,-0.240564068678165,NaN,NaN,NaN,NaN,25.8285616115462,0.498603813068123,3.03104357520415,NaN,6.47684476648351,7.63369404380766,NaN,,1300.97121812517,29.9899997711182,175.880927245286,1.166604908,0,3.93542442328279,0.521907687393699,0,-0.209941689880953,NaN,NaN,NaN,NaN,27.4115288895983,0.0130000002682209,2.1069740424096,NaN,7.47230649381039,7.5006616485928,NaN,,1301.08592757287,29.9953272817974,169.975955856204,0.407177165999999,60.0137285502132,2.446757502,1.7420766446221,0.813621562064203,95.9344275981796,NaN,NaN,NaN,NaN,18.8789791396667,0.0872139705676518,12.2266826337547,46.2046645697366,7.39576211991787,25.0039091659342,0.0176092427689717,,1299.92519527682,29.985539091092,166.22453715478,0.413526993999999,40.0196635639454,2.47463052,1.20171953663923,1.13075681261126,94.7586170100303,NaN,NaN,NaN,NaN,13.8007632416667,0.196644888691294,13.3980106308479,75.5758876933828,7.3583224467589,27.4916712504802,0.0149643603910438,,1300.51528541536,29.9828104700902,166.787535360212,0.481133968330139,19.990689918595,2.592998326,1.60385817878364,1.55934513687546,92.2949586152282,NaN,NaN,NaN,NaN,14.9699752771667,0.481380752190826,15.0616079794929,1.78940520667173,7.39964874035856,31.1803720778568,0.871453836936639,,1300.9754995731,30,167.429815779908,0.122077679999999,9.99832919276847,2.686103166,2.89713346503735,12.2041295978488,48.3056822957908,NaN,NaN,NaN,NaN,14.9805138636388,7.40596496096854,14.6956500615965,9.42671708149514,7.29544157097177,28.7486634006596,1.295068398548,,1299.5159502144,29.9728961515948,167.417774008285
28.25,5.411387014,0,5.595415158,0.733954563081432,0,6.73176358292186,NaN,NaN,NaN,NaN,28.517796653,0.513362117910123,2.99206346106965,NaN,6.47816839554871,7.56510203657291,NaN,,1299.8501272924,29.9349517320695,175.880927245286,1.166604908,0,3.94247985308783,0.533876939589464,0,-0.210292449622647,NaN,NaN,NaN,NaN,25.2208791248276,0.0130000038919807,2.12954362675676,NaN,7.47219552811648,7.54018305979799,NaN,,1300.10125961245,29.9986441074635,169.983112778035,0.407177165999999,59.9794039516751,2.446757502,1.73510834824607,0.796292962554953,95.963420643578,NaN,NaN,NaN,NaN,18.9193117116667,0.0853702618287567,12.1558758568375,46.3053090991069,7.39654933934738,24.8678940812276,0.0171968168397747,,1300.18860668094,29.9979028904254,166.221530163806,0.413526993999999,40.0053131192869,2.47463052,1.17367023164866,1.11073867411499,94.790944316015,NaN,NaN,NaN,NaN,14,0.193049644715881,13.1949917062413,75.4821775695547,7.35907971859083,27.0952758763528,0.0147170637820413,,1299.72752195341,29.9983678907982,166.785675327875,0.489133112511616,19.9702427184681,2.592998326,1.60932946130237,1.53523803214132,92.2670201298821,NaN,NaN,NaN,NaN,14.8793421925,0.474210125271172,15.1434560741013,1.78971962301255,7.40008016507629,31.3450055317489,0.857834201633986,,1299.13682983245,29.9992361433432,167.436696695468,0.122077679999999,10.0118618031982,2.686103166,3.3139699018229,11.5718130960397,58.536413803035,NaN,NaN,NaN,NaN,14.8189608465278,6.99656503301585,14.6814787027526,8.19561853050398,7.31276775119897,28.7203428384291,1.41431880816567,,1300.72669051764,29.9640607999759,167.417238179101
28.3333333333333,5.411387014,0,5.595415158,0.801089905218096,0,11.3689557805697,NaN,NaN,NaN,NaN,28.7363747985,0.569502990396785,2.87813672076239,NaN,6.48252384724523,7.36471471052267,NaN,,1298.5544839885,29.8577081564363,175.880927245286,1.166604908,0,3.94991327536644,0.574905494813473,0,-0.208922396961283,NaN,NaN,NaN,NaN,27.6813074159139,0.0130401497772094,2.15724034387848,NaN,7.47234163198106,7.58868926537365,NaN,,1299.21288246726,30,169.990461981544,0.407177165999999,59.9838580104781,2.446757502,1.79015923094113,0.781692458920023,96.0245190784235,NaN,NaN,NaN,NaN,18.9199263568333,0.0838299641697606,12.1334836594083,46.206638876158,7.39724079773577,24.824920316906,0.016917269850341,,1300.75164213226,30,166.218524573021,0.413526993999999,40.0307514249629,2.47463052,1.24348548783077,1.09517499518941,94.825329273094,NaN,NaN,NaN,NaN,13.8395417666667,0.190385751893732,13.3061233114969,75.5423422563386,7.35906976881837,27.3121559196131,0.014499740417468,,1299.24188374533,30,166.783815018459,0.496812992336745,20.0122693586223,2.592998326,1.5598239540155,1.5107399563548,92.3342379670672,NaN,NaN,NaN,NaN,15,0.467117839561793,15.0957273107453,1.78894299477722,7.3968784249363,31.2489025454005,0.844495331874808,,1300.86860066978,29.9999529853979,167.443325477303,0.122077679999999,9.9967669871887,2.686103166,3.38096251922824,10.9046328030592,59.7296612767357,NaN,NaN,NaN,NaN,14.9144592290926,6.5674566006827,14.6427583856945,6.94930515178013,7.32854741379347,28.6430792509949,1.57104877914305,,1299.28120824374,29.9732172707277,167.416700109476
28.4166666666667,5.411387014,0,5.595415158,0.770073347560454,0,4.06965947852814,NaN,NaN,NaN,NaN,27.8100036621667,0.57199855925034,2.78785767091031,NaN,6.48401061687667,7.2060125812499,NaN,,1300.40139848209,29.8992877767704,175.880927245286,1.166604908,0,3.95683601241002,0.587020138210735,0,-0.210986122139955,NaN,NaN,NaN,NaN,29.5821406693269,0.0130401607559704,2.15348716561783,NaN,7.47232069296414,7.58211638047019,NaN,,1300.19414797968,29.9975927666341,169.99745238756,0.407177165999999,60.000091472987,2.446757502,1.6750332178748,0.768098702657669,96.1143145571882,NaN,NaN,NaN,NaN,19.0211158902962,0.0823383221610784,12.0826691885262,46.0564918862526,7.39683878646841,24.7274123197954,0.01667747612385,,1300.06714642524,29.9969902582874,166.215518506804,0.413526993999999,40.0088987160759,2.47463052,1.21377798541003,1.07592835287117,94.8717910918872,NaN,NaN,NaN,NaN,13.6129360588333,0.18695464156062,13.2760637882031,75.3161826241426,7.35995948886579,27.253410223269,0.0142878250705894,,1301.33536921319,29.9995962711796,166.781954418414,0.497886212,19.9570844856162,2.592998326,1.59156993588887,1.49969435749996,92.3795769420888,NaN,NaN,NaN,NaN,14.9194937358333,0.463411886689522,15.1118066402791,1.77990689252898,7.39496803263283,31.281283782357,0.842582235354511,,1300.5365372321,30.0003454734904,167.443484139923,0.122077679999999,9.99527367045008,2.686103166,3.42273978869022,10.2777453165495,61.760387636352,NaN,NaN,NaN,NaN,15.0516988706957,6.17906411578536,14.694591927644,6.03167619302939,7.34433992341227,28.7465500749931,1.70532682501808,,1298.75376450457,29.9799995422363,167.416160533855
28.5,5.411387014,0,5.595415158,0.715770298145852,0,-0.070213513726803,NaN,NaN,NaN,NaN,26.305351566,0.559579760489696,2.73007866072473,NaN,6.48112066729746,7.10448679059677,NaN,,1299.78782156033,29.9410375263568,175.880927245286,1.166604908,0,3.9632181103666,0.557173417471391,0,-0.20852148236113,NaN,NaN,NaN,NaN,25.5105963378333,0.0130802802968798,2.20843747752303,NaN,7.47170914378978,7.67838149424904,NaN,,1299.36144883297,29.9995981621229,170.003850395558,0.407177165999999,60.0180999903777,2.446757502,1.68249836788639,0.755602626993521,96.0736539914769,NaN,NaN,NaN,NaN,18.5777465367038,0.0809656879168828,12.0494965143701,46.0430860875206,7.39666261481875,24.6638027657836,0.0164108194565369,,1301.66047208715,29.9953747310584,166.212510832139,0.413526993999999,39.9881772370668,2.47463052,1.17785082491697,1.05830706678879,95.0083619779053,NaN,NaN,NaN,NaN,13.343155986546,0.184005410580925,13.2633635741679,75.4663338262177,7.36038329207096,27.2285797250856,0.0140253471960798,,1299.15565007188,29.9992066409819,166.780093848021,0.497886212,19.9970612971331,2.592998326,1.56286032061822,1.48184053298467,92.4521300110894,NaN,NaN,NaN,NaN,14.5679123506667,0.458207141663795,15.1070547208302,1.77124556413422,7.39435905045814,31.2716978573189,0.836622256846322,,1299.23434428398,30.0024682945501,167.442433910325,0.122077679999999,10.0008690871805,2.686103166,3.30772401198964,9.6934308189394,66.2589894006229,NaN,NaN,NaN,NaN,14.9826697042063,5.82492421082524,14.7157068441938,5.34662678900416,7.35910502193511,28.7888220073516,1.8139445933278,,1298.05986332357,29.9843403225116,167.41562043127
28.5833333333333,5.411387014,0,5.595415158,0.67460350446253,0,-0.238457588192197,NaN,NaN,NaN,NaN,26.0788067895,0.539156771281993,2.73425139581172,NaN,6.4790628429877,7.11181442467021,NaN,,1301.34125483724,29.9591971691587,175.880927245286,1.166604908,0,3.96988707595589,0.603229471402193,0,-0.208236033123148,NaN,NaN,NaN,NaN,29.2920269817595,0.0130000002682209,2.21916459012932,NaN,7.4718907789503,7.69717035551557,NaN,,1301.16746010491,29.9995993059424,170.010416207694,0.407177165999999,60.0035287380461,2.446757502,1.75716973495638,0.742878987371826,96.1960294178083,NaN,NaN,NaN,NaN,18.7874600215566,0.0795881446477629,12.024105994563,45.9017936831215,7.39616104538774,24.6151583238728,0.0161839755297525,,1299.40580579663,30,166.209502728541,0.413526993999999,40.0027303201584,2.47463052,1.24357552937795,1.04577622328828,95.1045614386396,NaN,NaN,NaN,NaN,13.638991947954,0.181862531451747,13.1460610646316,75.3039098458903,7.36071934281449,26.99982741751,0.0138896967629592,,1300.56616227068,30,166.778233475073,0.497886212,19.9764668416818,2.592998326,1.60634736787463,1.46295355882588,92.5435502852269,NaN,NaN,NaN,NaN,14.668567478,0.452459130039221,15.1802999962345,1.7679726234598,7.39418617831743,31.4192475276302,0.82748121783665,,1300.33921497096,30,167.441383834275,0.122077679999999,10.0296830604442,2.686103166,3.363069958902,9.16434228976279,70.1737402381245,NaN,NaN,NaN,NaN,14.9400173295486,5.5052844684838,14.7138004310735,4.73833773894616,7.37482104004988,28.7849633224084,1.93562968573243,,1300.61993788102,29.9899997711182,167.415080125107
28.6666666666667,5.411387014,0,5.595415158,0.815999320388766,0,-0.240963548705856,NaN,NaN,NaN,NaN,27.0834749192404,0.520327651918015,2.70936531492748,NaN,6.47505410098446,7.0680979757874,NaN,,1299.63039692381,29.979150801814,175.880927245286,1.166604908,0,3.97627929393676,0.53825767304281,0,-0.208682014572852,NaN,NaN,NaN,NaN,31.2965619687027,0.0130000002682209,2.16986842194343,NaN,7.47219962976391,7.61081232132991,NaN,,1298.76103445983,29.9936184314022,170.016908832281,0.407177165999999,59.9808047987458,2.446757502,1.7394537781668,0.730623454829342,96.2544854975757,NaN,NaN,NaN,NaN,18.5714530714434,0.0782606568718664,11.9872717231278,45.6778522708131,7.39619959798924,24.5446285322426,0.0159949867941381,,1301.72683958456,30,166.206494406219,0.413526993999999,40.0038575817492,2.47463052,1.20831229684705,1.02905551406617,95.0528630986984,NaN,NaN,NaN,NaN,13.2231436483333,0.178847782404254,13.1559720502794,75.2427529398283,7.36091910136675,27.0191500744906,0.0136784939365692,,1301.15207637827,30,166.776373170633,0.497886212,19.9672064752234,2.592998326,1.61382777976187,1.44571139728835,92.623026282532,NaN,NaN,NaN,NaN,14.8394105053333,0.447248048282598,15.1105265669072,1.7655459790335,7.39467930128781,31.278840980658,0.81886182590502,,1299.75386569654,30.0004032696929,167.440334181432,0.122077679999999,10.0155164317405,2.686103166,3.33663619326527,8.68965287991124,72.5167242842902,NaN,NaN,NaN,NaN,14.8290841007901,5.21472265449505,14.6251678907479,4.17506312415218,7.39103628643483,28.6079309256928,2.08285073741775,,1298.21612278048,29.9899997711182,167.414539490495
28.75,5.411387014,0,5.60433084375147,0.785616667953638,0,-0.238562593925651,NaN,NaN,NaN,NaN,25.0542073745929,0.500590194141297,2.69402866882589,NaN,6.47389629660438,7.04115449733996,NaN,,1299.93480480368,29.9951465382523,175.889639438229,1.166604908,0,3.98314980589806,0.598063008876943,0,-0.209303661287731,NaN,NaN,NaN,NaN,33.0738454883711,0.0130000002682209,2.15118970049559,NaN,7.47235890392694,7.57809326228721,NaN,,1298.52443770345,29.9999571959457,170.023781240863,0.407177165999999,59.9469773364809,2.446757502,1.69205740511961,0.7174955166995,96.221951489294,NaN,NaN,NaN,NaN,18.5537296943333,0.0769244107182608,12.0058925454645,45.596403352315,7.39645036265983,24.5802310592864,0.0157357546764026,,1297.85035997375,30,166.203486923217,0.413526993999999,40.031755450887,2.47463052,1.1808348009105,1.01373417976358,95.1127792327569,NaN,NaN,NaN,NaN,13.7739337773333,0.176119943244653,13.1312817870181,75.124253729504,7.36313038346165,26.97105482685,0.0134961425630997,,1300.09641705043,30,166.774512303057,0.497886212,19.9953833288326,2.592998326,1.53440416744734,1.42635450749433,92.6590394357495,NaN,NaN,NaN,NaN,14.8197133168333,0.441330586537076,15.0712054945347,1.77190508307877,7.39477998534262,31.1995506945534,0.804998496305532,,1301.11634827503,30.0040224039637,167.439284849737,0.141858537627775,10.015694519994,2.686103166,3.30704865413806,8.23941293923822,73.352067031236,NaN,NaN,NaN,NaN,14.8380742136667,4.94254709342831,14.5877758715667,3.71514482640385,7.40046969017871,28.5332836885988,2.21904323682102,,1300.73231310297,29.9899997711182,167.432960703498
28.8333333333333,5.411387014,0,5.6094810687773,0.805403391532062,0,-0.240508458083419,NaN,NaN,NaN,NaN,25.5046237906662,0.482501916653187,2.70862435628408,NaN,6.47325649380531,7.0667937932711,NaN,,1301.73836968785,29.9995971070787,175.894687934632,1.166604908,0,3.98908868371713,0.573703543611418,0,-0.208008051295171,NaN,NaN,NaN,NaN,31.900450742,0.0130000002682209,2.14276284458074,NaN,7.47166652846853,7.5633329889844,NaN,,1299.19323798851,30.0020300191762,170.029623645208,0.407177165999999,59.9726428701543,2.446757502,1.76962860066017,0.707188661511302,96.2987588766623,NaN,NaN,NaN,NaN,18.8832885215,0.0757911934308326,12.0537975327287,45.5120791069583,7.39631882486748,24.6720744235848,0.0155384579976098,,1300.1196102404,30,166.200480533986,0.413526993999999,39.9737219416291,2.47463052,1.23616929853291,0.995981942420442,95.1382907946147,NaN,NaN,NaN,NaN,13.7516519918333,0.17300278586543,13.1306098821415,75.0053459954391,7.36759768304674,26.969749002276,0.0132805633749557,,1298.06547403896,30.0012798365008,166.772650672977,0.497886212,20.0038097767032,2.592998326,1.60062144193264,1.41058538508531,92.7676232389793,NaN,NaN,NaN,NaN,14.4401748235,0.436237782942397,15.0352700176488,1.76920321665383,7.39400005340576,31.1272710326989,0.797307898689357,,1300.60457583514,30.0037722213223,167.438235132328,0.172986304081953,9.99593777612961,2.686103166,3.30892376083404,7.89993445619779,74.233270639263,NaN,NaN,NaN,NaN,15.2406567211667,4.73810166513975,14.7181192260233,3.37269614868848,7.39965424157507,28.7937225859585,2.34307671416488,,1301.15184593369,29.9974095118965,167.463822458335
28.9166666666667,5.411387014,0,5.620794992,0.789775985512901,0,-0.240994971875893,NaN,NaN,NaN,NaN,24.7987710656671,0.463985758758289,2.76072543506115,NaN,6.47559777838849,7.15833252697652,NaN,,1299.60687536149,30.0040153399267,175.906307079286,1.166604908,0,3.99545110651813,0.553456885566233,0,-0.208426680850738,NaN,NaN,NaN,NaN,24.3786396763236,0.0130000002682209,2.18417515286144,NaN,7.47219337542537,7.63587029133908,NaN,,1299.65008701553,30.0036018462489,170.036083276095,0.407177165999999,60.030559111338,2.446757502,1.72818777197096,0.700658084063648,96.3644014614961,NaN,NaN,NaN,NaN,18.9205427705,0.0750374483342355,12.0056210902645,45.3650218449436,7.39680114527982,24.5797267889087,0.0154450131507248,,1299.67561831511,30,166.197472605906,0.413526993999999,39.9780966586941,2.47463052,1.20299588577643,0.978488179838471,95.2126661146087,NaN,NaN,NaN,NaN,13.2034997355,0.170118502922928,13.030100725173,74.8216702058884,7.36988664269844,26.774165217059,0.0130795449515709,,1298.97086871115,30.0091937426816,166.770790261781,0.497886212,19.9631122037344,2.592998326,1.52456998382462,1.39402880240274,92.7770351506623,NaN,NaN,NaN,NaN,14.5621941715,0.431054744548798,14.9693710680605,1.7688015544206,7.39476215737085,30.9948317279292,0.788130566654766,,1298.58147375417,30.0091958962958,167.437185095949,0.189841642,10.0088434857847,2.686103166,3.37672306158386,7.70025301221631,75.495727170392,NaN,NaN,NaN,NaN,14.9997244475,4.61894967313769,14.7087584066169,3.11287187240815,7.38452556727309,28.7749170891672,2.47436371779698,,1301.21286675716,30,167.480679530308
29,5.411387014,0,5.62110014784894,0.741461269746564,0,-0.239908329589709,NaN,NaN,NaN,NaN,26.8854515740086,0.449996099642464,2.78788870522108,NaN,6.47424892028226,7.20606566519354,NaN,,1300.54382810608,30,175.906510437462,1.166604908,0,4.0003416328016,0.605015686043283,0,-0.210655689924844,NaN,NaN,NaN,NaN,26.8192815789367,0.0130000002682209,2.26334898893106,NaN,7.47235593827419,7.77459598019249,NaN,,1299.38350573037,30.0015978184488,170.041073079424,0.407177165999999,59.974931957634,2.446757502,1.71305615704613,0.687697160189174,96.4465911820929,NaN,NaN,NaN,NaN,18.9195547428333,0.073644943175364,11.9074487082778,45.3832600316084,7.39679160819399,24.3917637512786,0.015153098004489,,1299.94172134832,29.9967898854113,166.194463105987,0.413526993999999,39.9968829226694,2.47463052,1.24777416835065,0.966127303257823,95.2352337703375,NaN,NaN,NaN,NaN,13.7986383541667,0.167952071529747,13.0579575722592,74.8323580345635,7.369919359139,26.8283627263055,0.0129126127379573,,1301.08882461816,30.0039844162306,166.768930117437,0.497886212,19.9726778898995,2.592998326,1.57040531905356,1.3735560196001,92.7705468466774,NaN,NaN,NaN,NaN,14.3208605946667,0.425022878363907,14.9514007498216,1.76540989199265,7.39505261905958,30.9587403610911,0.778049196141677,,1300.81138395141,30.0026885808803,167.436135553082,0.189841642,10.0092276255455,2.686103166,3.30101362533284,7.6567056603059,76.5383429947086,NaN,NaN,NaN,NaN,14.8855614025287,4.58913348806294,14.6210400875071,2.93372485739062,7.38813124726039,28.5997206774519,2.61252175647337,,1299.50384966149,30,167.480137947947
29.0833333333333,5.411387014,0,5.63328768280169,0.642576138219064,0,-0.218357194000217,NaN,NaN,NaN,NaN,26.536832314336,0.435439302542382,2.77581962018979,NaN,6.47338578035319,7.18485548643507,NaN,"Sample 1.50 mL to AMBR-96DWP-4/D9",1300.03031697747,29.9912150177873,175.657415195907,1.166604908,0,4.00521157192758,0.573200929448667,0,-0.213122836414587,NaN,NaN,NaN,NaN,28.6510255972398,0.0130000002682209,2.20575614126575,NaN,7.47203878997399,7.67367769292482,NaN,"Sample 1.50 mL to AMBR-96DWP-4/D10",1298.62692026016,29.9949520091,169.804157754318,0.407177165999999,60.0383923103022,2.446757502,1.5699182517314,0.682064134793054,96.4877086265678,NaN,NaN,NaN,NaN,19.1190569513415,0.0729739819330166,11.9122975737705,45.4343963504717,7.39688185242658,24.4010546779047,0.015003891977719,"Sample 1.50 mL to AMBR-96DWP-4/D11",1301.7408509095,29.9997041160012,165.983881421287,0.413526993999999,39.982704380663,2.47463052,1.15738352941869,0.95444614882466,95.3660326597077,NaN,NaN,NaN,NaN,13.7233937771667,0.165680158406079,13.0808994578796,75.0433990815904,7.37108123511675,26.8729650855053,0.0127163857722571,"Sample 1.50 mL to AMBR-96DWP-4/D12",1300.85760863371,29.999239839665,166.620867616089,0.497886212,20.0134188879431,2.592998326,1.52817991898158,1.35962398434818,92.9396341297144,NaN,NaN,NaN,NaN,14.2052928366667,0.420291995853723,15.0021023666856,1.75520955669738,7.3965348261822,31.0605952674318,0.774640221627706,"Sample 1.50 mL to AMBR-96DWP-4/E1",1301.07484825439,29.9999273624957,167.346775225883,0.194690086155438,10.0139881948334,2.686103166,3.2677648042145,7.48611070606202,77.4228201525097,NaN,NaN,NaN,NaN,14.9129979904713,4.47449251013296,14.6711596160261,2.70853789140676,7.39830515446682,28.6997277288507,2.77072792146451,"Sample 1.50 mL to AMBR-96DWP-4/E2",1300.72714591588,29.999131061567,167.248090441893
29.1666666666667,5.411387014,0,5.635598272,0.798640638822839,0,2.19533284518556,NaN,NaN,NaN,NaN,28.2967758156553,0.481738515847037,2.73703039265752,NaN,6.47592746203418,7.11670619701834,NaN,,1299.22638223792,29.9845574774118,174.127110359286,1.166604908,0,4.010198128,0.595852203089068,0,-0.209959803727053,NaN,NaN,NaN,NaN,27.6365019056667,0.0130402631371538,2.22993603013583,NaN,7.47938899470745,7.71605523976744,NaN,,1300.48513943152,29.9942055520337,168.256930659376,0.407177165999999,60.0056983574615,2.446757502,1.69723788779063,0.678644675554097,96.6047255699308,NaN,NaN,NaN,NaN,18.8409753464918,0.0688042476043996,11.9336866853581,45.8349101819263,7.39736156013728,24.4420142750967,0.0145842863870179,,1300.62614830112,29.9994946321066,164.394443661006,0.413526993999999,39.9654120167256,2.47463052,1.14947875573604,0.955736585309019,95.4648638143969,NaN,NaN,NaN,NaN,13.5939863625,0.155171696013961,13.0607849767171,76.6052238981672,7.37171453311371,26.8338122898998,0.0123077309848306,,1299.82226568773,29.9903190793847,164.971207372511,0.497886212,20.0002230586037,2.592998326,1.6563909735162,1.36576094308859,93.1526985194623,NaN,NaN,NaN,NaN,14.3470875552004,0.386416775390452,15.0056912749608,1.75090864721966,7.3986066144562,31.0677980899362,0.77988800274991,,1300.847978469,29.9908403057912,165.640036485103,0.22676778414487,10.0081600560215,2.686103166,3.37707473435518,7.36102433919152,78.76178318712,NaN,NaN,NaN,NaN,14.9967765333374,4.052940901541,14.7031163234371,2.6116845395295,7.40015114485991,28.7635986637839,2.97304080844424,,1298.51383170475,29.9964494610482,165.72136665027
29.25,5.411387014,0,5.635598272,0.745085079261459,0,-0.20917616777744,NaN,NaN,NaN,NaN,26.0565347920426,0.525416311186422,2.68103813004483,NaN,6.47605502926345,7.01833754649831,NaN,,1300.14197431236,29.9981291971767,174.127110359286,1.166604908,0,4.010198128,0.602157848984608,0,-0.208287882621883,NaN,NaN,NaN,NaN,25.8206714218333,0.0130000002682209,2.27355344293175,NaN,7.47847444221031,7.79248054991938,NaN,,1300.11715459842,30,168.256930659376,0.407177165999999,59.9905856323898,2.446757502,1.7031938524602,0.668968829597992,96.6605404549561,NaN,NaN,NaN,NaN,18.7771069581034,0.0708171426038429,11.9290558549011,45.6339932125185,7.39776269257966,24.4331790426227,0.0146596699710803,,1300.90888659555,30,164.391433046813,0.413526993999999,40.0493700128903,2.47463052,1.17483886482675,0.930708641644472,95.5469480267053,NaN,NaN,NaN,NaN,13.5185021653333,0.159870595321023,13.044297414798,75.2105649418343,7.3724702869026,26.8017713030873,0.0123764540368759,,1298.10247275738,30.0006881394232,164.969344963478,0.50061038047948,20.0782881723394,2.592998326,1.58317166409457,1.2928936504036,93.1832287478158,NaN,NaN,NaN,NaN,14.1708680817996,0.395151238369297,14.9234278869602,1.64960121384999,7.39154647698816,30.9026605291061,0.783833102991559,,1300.27951382618,30,165.641641444509,0.246937958714245,10.0069243010187,2.686103166,3.30040953291554,6.68895153584195,79.3427070203879,NaN,NaN,NaN,NaN,15.2445864886626,3.97122159727416,14.5808417776568,2.09720066552242,7.39922816189627,28.5194560151565,3.18958769699876,,1302.67095444918,30,165.741264104505
29.3333333333333,5.411387014,0,5.635598272,0.718114982441347,0,-0.23899489430522,NaN,NaN,NaN,NaN,24.7305568187402,0.524300260932166,2.76138762349192,NaN,6.47362830941171,7.15949791979688,NaN,,1299.26085222167,30,174.127110359286,1.166604908,0,4.010198128,0.505433980073368,0,-0.20825872492155,NaN,NaN,NaN,NaN,29.5990207536667,0.0131202640091003,2.31347776837977,NaN,7.47377243751586,7.8624616354896,NaN,,1300.67015424263,29.9934568380857,168.256930659376,0.407177165999999,60.0444772709249,2.446757502,1.71733951304651,0.661049093269538,96.6768283480441,NaN,NaN,NaN,NaN,18.741066881434,0.0699996873442597,11.8203109767143,45.6361432401958,7.39704038218742,24.225128198086,0.0144853045938561,,1299.47132758616,29.9958046960877,164.388422480576,0.413526993999999,39.9826064951574,2.47463052,1.21056800170258,0.927361114034588,95.567365983525,NaN,NaN,NaN,NaN,13.2923641663333,0.159108587097287,12.9696925669716,74.9007437227045,7.37326473880495,26.6567170385453,0.0123830972662159,,1298.02588079109,30.002933051364,164.967481573873,0.501294861999999,19.9991892365426,2.592998326,1.53259172236451,1.33649255425256,93.1986389314313,NaN,NaN,NaN,NaN,14.4328346252374,0.407951253601187,14.9881543780706,1.70198045601762,7.37266245087095,31.0325533825955,0.785247909131708,,1299.59739712946,30.0003961689607,165.641342968374,0.261380608472539,9.99490000624142,2.686103166,3.42064585115667,6.71264218103572,79.5455260242456,NaN,NaN,NaN,NaN,14.8321024025484,3.98533358975251,14.5156802372676,2.06887848753276,7.39911789073913,28.3895598424152,3.24474997502655,,1299.87792244498,29.9963885253718,165.7552383882
29.4166666666667,5.411387014,0,5.65169174823015,0.720184404854192,0,-0.239737799140384,NaN,NaN,NaN,NaN,25.1426025905506,0.510142681002174,2.79333260016482,NaN,6.47288866465562,7.2156357632223,NaN,,1301.19445778559,29.995554021397,174.142780752939,1.166604908,0,4.01732585667276,0.521865198033465,0,-0.208839637818269,NaN,NaN,NaN,NaN,26.6278731931667,0.0132406951245072,2.20983789314326,NaN,7.47280210210935,7.6808340195728,NaN,,1298.8638461569,29.9988866146318,168.26385644911,0.407177165999999,59.9902437440553,2.446757502,1.64444203421111,0.653084145755802,96.7034865884062,NaN,NaN,NaN,NaN,19.1847537993645,0.0691428010081339,11.9194287421835,45.5586165634419,7.39721602623887,24.414666101031,0.0143351220415539,,1299.82222218018,29.9989749291452,164.385411354234,0.413526993999999,40.005929757991,2.47463052,1.17469855739166,0.918699184572037,95.5852087697162,NaN,NaN,NaN,NaN,13.4012761936653,0.157737679921656,12.9247550235379,75.1921827978911,7.37379873468956,26.5694585399622,0.0122196517932015,,1299.04248381561,30,164.965618262675,0.501294861999999,20.0139251765955,2.592998326,1.60633880033565,1.3618244322902,93.3060771781304,NaN,NaN,NaN,NaN,14.3299591355959,0.415865947716153,15.0604137131482,1.72119219698622,7.36536281115866,31.1778530835921,0.791235214715309,,1301.4193015405,30,165.640290956171,0.274151810741891,10.0002051709307,2.686103166,3.45262268681556,6.59346569352972,79.9609030585334,NaN,NaN,NaN,NaN,15.1030487099607,3.91795794433772,14.5994515370035,2.0731758350736,7.39895774760167,28.556586299515,3.18072044742547,,1300.26814341158,29.9963919876427,165.767467216923
29.5,5.411387014,0,5.656673468,0.702698548552465,0,-0.239135757872825,NaN,NaN,NaN,NaN,26.3444439097376,0.494412692296517,2.81544375754408,NaN,6.4761581220505,7.25449928313519,NaN,,1300.73556251778,29.9976225703629,174.148185555286,1.166604908,0,4.02570751941909,0.604304381680386,0,-0.207002667326567,NaN,NaN,NaN,NaN,25.8404606009706,0.0131204049076234,2.25195639588397,NaN,7.47192932890211,7.75462838674357,NaN,,1298.48545576213,30.0064063490103,168.272241063664,0.407177165999999,59.9851487035058,2.446757502,1.64103355960829,0.644532229552867,96.7110401275861,NaN,NaN,NaN,NaN,18.7744592750982,0.0682552928827576,11.8359261009581,45.487235648,7.39782688028708,24.2549932215965,0.0141695419985857,,1299.98213816919,30,164.382401043003,0.413526993999999,40.0293207020079,2.47463052,1.22335564613787,0.908867735566333,95.6507714289296,NaN,NaN,NaN,NaN,13.441723328668,0.156080201763344,12.9308567984034,75.2874841216904,7.37417916080527,26.5813048364265,0.0120734213257573,,1302.96516430115,29.9994145689625,164.963755318701,0.501294861999999,19.9857594824134,2.592998326,1.59016095637213,1.36179609417826,93.3954357149643,NaN,NaN,NaN,NaN,14.388641313,0.416088698703551,15.0473622157519,1.72612898138787,7.36303877018905,31.1516289733831,0.788941492279581,,1298.91240863894,29.9987936318774,165.639239450001,0.284711624532141,9.99734772571683,2.686103166,3.44087666508237,6.44711107095022,80.2723479348994,NaN,NaN,NaN,NaN,14.8258572499909,3.83661636093357,14.5854949135296,2.10922910009595,7.39931536514847,28.5288230417979,3.05660245425441,,1300.53276263849,30,165.777623002065
29.5833333333333,5.411387014,0,5.65786852307341,0.682994431018583,0,-0.240936201182168,NaN,NaN,NaN,NaN,25.2848346904915,0.47515276422516,2.84531547591556,NaN,6.47351739336481,7.307006875913,NaN,,1300.88159070848,30.0040103282153,174.149278953978,1.166604908,0,4.03465562449048,0.575742980726719,0,-0.205700898582333,NaN,NaN,NaN,NaN,25.8781049622835,0.0130403116198284,2.30616370186299,NaN,7.47223847977295,7.84963802083879,NaN,,1299.16331913812,30.0020930013995,168.281187744879,0.407177165999999,59.9823315981516,2.446757502,1.72555044163789,0.636597763820294,96.7437554219265,NaN,NaN,NaN,NaN,19.1621696751887,0.0674008546531136,11.8031834490071,45.4189637323213,7.39801083206628,24.1924500178504,0.0140160820511913,,1300.70671885893,30,164.379390926643,0.413526993999999,39.9887023157445,2.47463052,1.17073277577677,0.899551883517727,95.7765164432841,NaN,NaN,NaN,NaN,13.416230059,0.154464172772375,12.9545501397037,75.4090308224184,7.37481222680457,26.6272814475875,0.0119308323655022,,1300.56055087534,29.9921464530257,164.961892089735,0.501294861999999,19.9980503985944,2.592998326,1.56001511831849,1.34657407578426,93.4729523223339,NaN,NaN,NaN,NaN,14.8176997623333,0.41172992344519,14.891765876356,1.72978456645234,7.36304011192368,30.8391432088757,0.778480626286778,,1300.00111601321,30,165.638188687433,0.296268211999974,10.0085588685721,2.686103166,3.38000592224936,6.29052316778985,80.4744491678782,NaN,NaN,NaN,NaN,14.7752692114743,3.74734670436795,14.6030325149703,2.08349284417324,7.39828793922194,28.5637208767787,3.01919641955201,,1300.36030426028,30,165.788503292628
29.6666666666667,5.411387014,0,5.67219878686622,0.730255959208873,0,-0.237785931523684,NaN,NaN,NaN,NaN,29.6192800029376,0.460170472104706,2.90152310003227,NaN,6.47262080485519,7.40583896407922,NaN,,1299.88282844092,29.9988938969164,174.163308209722,1.166604908,0,4.0432191536344,0.556375619392566,0,-0.208084571625399,NaN,NaN,NaN,NaN,26.8766695072459,0.0130400114826126,2.35447507192057,NaN,7.47248791838372,7.93432900479512,NaN,,1299.19558016951,30.0043382121056,168.289852536056,0.407177165999999,59.9709269171824,2.446757502,1.67884838863735,0.631421699549221,96.8646475191137,NaN,NaN,NaN,NaN,19.2722723857165,0.0668769090479763,11.8385578317727,45.1907103650131,7.39836733629851,24.2600251201841,0.0139725786419994,,1301.07549958607,30,164.376381239128,0.413526993999999,39.9898680733635,2.47463052,1.14554675875139,0.890074516196596,95.7875092813551,NaN,NaN,NaN,NaN,13.8015185123876,0.152816043014851,12.9623648299268,74.985542360497,7.3762494155249,26.6424723439757,0.0118718579083859,,1301.23736441129,29.9995974036155,164.960028921731,0.501294861999999,19.9989113639691,2.592998326,1.54388211314499,1.33046542006963,93.4991186906884,NaN,NaN,NaN,NaN,14.7219328261667,0.406741421605005,14.8326903303709,1.71894404685305,7.36402245800233,30.7207385168785,0.774002560096858,,1301.0670774828,30,165.637138142489,0.305293520495053,10.0120318348261,2.686103166,3.44139550166966,6.15765550268098,80.7130854059889,NaN,NaN,NaN,NaN,15.1841029735257,3.67159516348459,14.5967816717803,2.08491027196008,7.39913981679687,28.5512940761062,2.95422817215855,,1299.91736784885,30,165.797128439445
29.75,5.411387014,0,5.681741654,0.774211341965258,0,-0.239355100273167,NaN,NaN,NaN,NaN,31.1333299501905,0.444914598440667,2.9099662592834,NaN,6.47431684441149,7.42068447554395,NaN,,1299.22590781299,29.9923926076205,174.173253741286,1.166604908,0,4.05039821975143,0.581076114142487,0,-0.209221888425064,NaN,NaN,NaN,NaN,27.2946316791193,0.0130000002682209,2.35566329920865,NaN,7.47190706452641,7.93640810860955,NaN,,1300.51693094993,30.0056494856468,168.296929440271,0.407177165999999,59.9591300201771,2.446757502,1.68291404706773,0.620549067673768,96.8333864864928,NaN,NaN,NaN,NaN,18.8360374862467,0.0657195783277499,11.8489762592828,45.007303293044,7.39851794318416,24.2799166109835,0.0137877310381261,,1298.80138694246,30,164.373371564598,0.413526993999999,39.9985565202835,2.47463052,1.22628322992918,0.880021165124556,95.8313031510121,NaN,NaN,NaN,NaN,13.6290169539733,0.151105588859535,12.9444841301883,74.8061190956327,7.37741012850368,26.6077622659558,0.0117656244064842,,1299.65157672894,30,164.958166150432,0.501294861999999,19.9864182079527,2.592998326,1.57179058771924,1.30995483544399,93.5710119121695,NaN,NaN,NaN,NaN,14.7624667368387,0.400520278412028,14.874789265173,1.71155610465649,7.36473725271874,30.8051180915228,0.765363134264636,,1297.34293230078,30,165.636087462855,0.314581831597969,10.0173348108854,2.686103166,3.45097184373333,6.01665821574009,80.7729097872246,NaN,NaN,NaN,NaN,14.7592531245,3.58842603760039,14.631975557205,2.09269372771201,7.39918197055412,28.6215097294471,2.87506352926989,,1301.03543835509,30,165.805804922306
29.8333333333333,5.411387014,0,5.68205925658966,0.760873176176665,0,-0.236070868671274,NaN,NaN,NaN,NaN,28.4222680742875,0.431932301364165,2.89772123418191,NaN,6.47358833322331,7.39915172788614,NaN,,1299.007627197,29.9891975260117,174.173470605126,1.166604908,0,4.0599622159686,0.575210806452664,0,-0.209114067779663,NaN,NaN,NaN,NaN,29.3823645547706,0.0130402958299925,2.30694677756354,NaN,7.47238870781706,7.85100888168245,NaN,,1299.66137867022,30,168.306493736757,0.407177165999999,59.9952850574814,2.446757502,1.68128274189775,0.615727935046519,96.8299850525281,NaN,NaN,NaN,NaN,19.2462853095147,0.0651601768817594,11.7907082356261,44.8199867140822,7.39844585428722,24.1685699238875,0.0137378502805492,,1299.09083903826,30,164.370361061921,0.413526993999999,40.0033254407075,2.47463052,1.23708054670844,0.873015894156221,95.858592254333,NaN,NaN,NaN,NaN,13.8532325854943,0.149796831738319,12.8248300374814,74.7816891761063,7.37836066704942,26.3755584640677,0.0116760178742946,,1299.38398271241,30.0012253650174,164.956302989184,0.501294861999999,19.9905949476982,2.592998326,1.56221131519039,1.29208989227401,93.7550513615113,NaN,NaN,NaN,NaN,14.786273719285,0.395350258694947,14.8840752341236,1.70288302113925,7.36508028632028,30.8237068675182,0.758770659244925,,1301.25605301848,30,165.635037321897,0.323647729379278,10.0091552471699,2.686103166,3.3613485027099,5.87496235852556,81.0764609762538,NaN,NaN,NaN,NaN,15.0129324679829,3.50690086981893,14.5758896155145,2.06799565766845,7.39939977947453,28.5096924099671,2.84087197423315,,1297.79782153749,30,165.814332538951
29.9166666666667,5.411387014,0,5.69026981756202,0.690692627318113,0,-0.23868847149939,NaN,NaN,NaN,NaN,29.9190317677602,0.418753526430257,2.94382477222543,NaN,6.47304251079104,7.48023720560485,NaN,,1300.54361291743,29.9904030050556,174.181682278659,1.166604908,0,4.06759864612346,0.524992902305041,0,-0.208763483252292,NaN,NaN,NaN,NaN,27.5211929001633,0.0130400927527926,2.35214108110203,NaN,7.47223747524313,7.93023757210911,NaN,,1300.02481865021,30,168.314232264789,0.407177165999999,59.9843923017034,2.446757502,1.63209203393902,0.611057456404162,96.9254882334146,NaN,NaN,NaN,NaN,19.206254345,0.0646465690587266,11.7921695566172,44.5813990090387,7.39839830349212,24.1713790225163,0.0137066897320128,,1301.21145431808,30,164.367348745878,0.413526993999999,40.0044633830126,2.47463052,1.22881515135976,0.862218206331746,95.8732414537035,NaN,NaN,NaN,NaN,14.0743023453115,0.147999854075216,12.8887620226936,74.9798078020183,7.37927869669197,26.4997217146867,0.0115008851389815,,1301.54709686275,30.0100002288818,164.954439296316,0.501294861999999,20.0073622165425,2.592998326,1.56399075278663,1.27300348827155,93.7890114482413,NaN,NaN,NaN,NaN,14.8679634097096,0.389409728126031,14.8926517731489,1.69460851722565,7.36621534165966,30.8410517596716,0.75121414840382,,1302.50576509726,30,165.633987690093,0.333947116827997,9.998792164968,2.686103166,3.32862183574693,5.75483323153094,81.4475824697683,NaN,NaN,NaN,NaN,15.0285792050727,3.43658096123952,14.5726241990037,2.04446566320408,7.39895081962025,28.5031033624528,2.81483208414312,,1299.82720043491,30,165.824097692565
30,5.411387014,0,5.69824692192328,0.736791873322769,0,-0.239172470857681,NaN,NaN,NaN,NaN,27.3482510684598,0.407504924569921,2.97105178356816,NaN,6.47387506860228,7.52813180859105,NaN,,1300.31003569131,29.9913683670088,174.189554880249,1.166604908,0,4.07580934811704,0.55141377485966,0,-0.206049933390713,NaN,NaN,NaN,NaN,27.2561811912339,0.0130000002682209,2.3156970416422,NaN,7.47226569846784,7.86634391467903,NaN,,1300.31562156862,30,168.322338878456,0.407177165999999,59.9929312596051,2.446757502,1.65428616442508,0.602995605132544,97.0136502941538,NaN,NaN,NaN,NaN,18.9196556088333,0.063799060987117,11.7775774345039,44.5210738817332,7.39828121444516,24.1435065434057,0.0135441502592253,,1300.94851428364,30,164.364336619626,0.413526993999999,39.9777090864092,2.47463052,1.2230995336605,0.853133413077138,95.8986220690237,NaN,NaN,NaN,NaN,13.8417326986722,0.146484776323329,12.8429126179719,75.1139678505264,7.37996187228299,26.4106876909901,0.0113593070808195,,1299.3499568529,30.0080492721773,164.952575999558,0.501294861999999,20.005295067865,2.592998326,1.56842006857072,1.25426714104002,93.7023128817958,NaN,NaN,NaN,NaN,14.7526767652028,0.383496178509637,14.8045593709868,1.68473745194164,7.3682946025532,30.6643424286652,0.744500091240438,,1297.88723106848,30,165.632937581938,0.342478379914979,9.9946833335848,2.686103166,3.39043313686339,5.63934428650884,81.4260932551423,NaN,NaN,NaN,NaN,15.0462372257038,3.37070608346979,14.6710835474372,2.0172372964263,7.39856447204576,28.6995959264124,2.79555878124738,,1301.41654305959,30,165.832158249205
30.0833333333333,5.411387014,0,5.70194034,0.688350461092634,0,-0.239084232265211,NaN,NaN,NaN,NaN,28.1425490876682,0.39581662292834,2.96458783725707,NaN,6.47493288449368,7.51675937982258,NaN,,1299.46799910905,29.9996010905282,174.193452427286,1.166604908,0,4.08521821451772,0.477657615503567,0,-0.208007558766628,NaN,NaN,NaN,NaN,31.9990495927129,0.0130000002682209,2.30686546641828,NaN,7.47236279295528,7.85086498695352,NaN,,1300.55431407664,30,168.331748843765,0.407177165999999,59.9910150396232,2.446757502,1.58959976963275,0.600694498900206,97.020900100153,NaN,NaN,NaN,NaN,18.9768256776945,0.0635350302767112,11.7232176246419,44.352646492103,7.39882740658019,24.0396954155997,0.0135436282769033,,1300.38604758959,30,164.361323607216,0.413526993999999,40.0123683899688,2.47463052,1.21257704569551,0.84666784901501,95.9567651009499,NaN,NaN,NaN,NaN,13.9590333723803,0.145367226768388,12.8930990895998,74.8793216132014,7.38099146032451,26.5079825934896,0.011308846100395,,1300.02629375998,30,164.950712814538,0.501294861999999,19.935738881639,2.592998326,1.48784341004859,1.23357149889709,93.8015187385011,NaN,NaN,NaN,NaN,14.8054294879639,0.377484848987549,14.7496596037353,1.6806875069115,7.37311997218458,30.5544697779831,0.733976246439115,,1303.97806396522,30,165.631887246964,0.350733803699132,10.0010302540679,2.686103166,3.39582171969122,5.5197408205561,81.7051639136788,NaN,NaN,NaN,NaN,15.1129693644072,3.30187136282587,14.5269831674835,2.00106738905746,7.39920698155412,28.4123555946043,2.75842464504528,,1298.70660166345,30,165.839802713389
30.1666666666667,5.411387014,0,5.70194034,0.683262567074439,0,-0.237688260251144,NaN,NaN,NaN,NaN,27.6607225648267,0.385899885124187,2.99071627445618,NaN,6.47342197576237,7.56272848597918,NaN,,1300.21254279008,29.9963900964928,174.193452427286,1.166604908,0,4.09423942670769,0.56632489369303,0,-0.206952011239428,NaN,NaN,NaN,NaN,32.1831695946667,0.0130000002682209,2.3090529450421,NaN,7.47206496397815,7.8546965413935,NaN,,1299.53632199394,30,168.340769502797,0.407177165999999,59.957322140683,2.446757502,1.64944814600849,0.592450262324358,97.0696048436758,NaN,NaN,NaN,NaN,18.9832126556388,0.0626384213618337,11.7110826119489,44.1257903610175,7.39894089902894,24.0165507161015,0.0134263785108132,,1300.57564411547,30,164.358309889344,0.413526993999999,40.0077471126492,2.47463052,1.17531476662582,0.840396328562952,95.9623312589191,NaN,NaN,NaN,NaN,13.9987137859475,0.144105539420669,12.9447144949457,74.4502973267035,7.3817495378855,26.6081795177437,0.0112892971862204,,1299.60579160394,30,164.948848926646,0.501294861999999,20.0191214879014,2.592998326,1.59690123242314,1.21705093115929,93.9419859793946,NaN,NaN,NaN,NaN,14.8794107328333,0.372572822900059,14.7437468974468,1.67742490493409,7.38156662120104,30.5426589585871,0.725558981061829,,1298.47505652626,29.9996828377792,165.630838300208,0.359850077021182,10.0038541013671,2.686103166,3.30949121422518,5.40458472746695,81.8761202625616,NaN,NaN,NaN,NaN,14.8357377921667,3.23584197971042,14.6349748055032,2.00106185854039,7.39803348099154,28.6274855032918,2.70085006903161,,1298.92140968089,30,165.84845354406
30.25,5.411387014,0,5.70350124055999,0.756372595827572,0,-0.237905679149811,NaN,NaN,NaN,NaN,28.1334558123861,0.374974251672504,3.09366451805506,NaN,6.47295405716444,7.74392179872675,NaN,,1299.6874527486,29.9927767037673,174.194920659236,1.166604908,0,4.10240608527386,0.526455054804022,0,-0.209456825943207,NaN,NaN,NaN,NaN,25.7778253065617,0.0130000002682209,2.33279441141943,NaN,7.47265524196756,7.89631580803189,NaN,,1301.25093858634,29.9966960755159,168.349036461275,0.407177165999999,59.964324377734,2.446757502,1.59854584891633,0.586663462344969,97.0482929230892,NaN,NaN,NaN,NaN,18.9754847997832,0.0620612365100072,11.7767865122301,43.9859569003252,7.39873769352565,24.1419871339021,0.0133376161697491,,1300.38665982458,30,164.355296216138,0.413526993999999,40.0199237069067,2.47463052,1.20377954895888,0.83340658386271,96.0411733208846,NaN,NaN,NaN,NaN,13.9198655913333,0.142920012476347,12.891414270533,74.6365585584063,7.38206135010961,26.5047713738447,0.0111676869339759,,1301.27546494727,30,164.946984057885,0.501294861999999,20.0120907108254,2.592998326,1.51129089728462,1.19981838716467,94.0396087202721,NaN,NaN,NaN,NaN,14.8800260671667,0.367038515964972,14.6644952259836,1.6754742066424,7.39140110495475,30.3842818325132,0.716117240789852,,1298.30685786467,29.9995155409603,165.62978873234,0.367554934300014,10.0112004798218,2.686103166,3.45761924753736,5.29910807127758,82.131242981665,NaN,NaN,NaN,NaN,15.2994839423333,3.17504880373568,14.5732844082514,2.00076855586484,7.39870959655161,28.5044185988741,2.64876594952557,,1297.8105696814,30.0004010185884,165.85562084492
30.3333333333333,5.411387014,0,5.72458201235638,0.669315116597074,0,-0.238065018798735,NaN,NaN,NaN,NaN,27.4532130441211,0.36590401850437,3.09082516238629,NaN,6.47289864900748,7.73891911036936,NaN,,1299.95617874535,29.998798990835,174.21568145103,1.166604908,0,4.10803536772515,0.53531195820291,0,-0.207292166037079,NaN,NaN,NaN,NaN,27.4409121534383,0.0130000002682209,2.31792315415882,NaN,7.4722807323012,7.87024634259214,NaN,,1300.972911336,29.9972792132126,168.354666078878,0.407177165999999,60.012897402107,2.446757502,1.64637441311759,0.585325348427323,97.1190717395995,NaN,NaN,NaN,NaN,19.0244225625501,0.0618797257580334,11.7761417498448,43.8969104133944,7.3984258397003,24.1407517035739,0.0133342162213887,,1298.24408608309,30.0020071835231,164.35228262371,0.413526993999999,39.9570595189151,2.47463052,1.16074179890954,0.829701294063292,96.0249046372279,NaN,NaN,NaN,NaN,14,0.142322168182083,12.9601918438474,74.5412560846086,7.38282121375698,26.6382846085619,0.0111323817496289,,1299.17439236515,30.0009791100529,164.945118941257,0.506994659292722,20.0147220569247,2.592998326,1.54516318968921,1.18403494400897,94.0035668944826,NaN,NaN,NaN,NaN,14.7325420353333,0.362060612431722,14.6926955061999,1.66150678798181,7.39964950613184,30.4406000722902,0.712638837549943,,1301.21571880051,30,165.633836798072,0.374259828079158,10.0146437425679,2.686103166,3.33043296379267,5.1845296906331,82.25081956602,NaN,NaN,NaN,NaN,15.0248205701667,3.1085547971972,14.5358454732507,2.00357360059455,7.3990109482127,28.4297535490939,2.58763264397062,,1298.99358144947,30,165.861785310873
30.4166666666667,5.411387014,0,5.727398086,0.711794854728523,0,-0.239056492318435,NaN,NaN,NaN,NaN,27.5035391856332,0.356981977182319,3.09938886051066,NaN,6.47325058142177,7.75399883650611,NaN,,1298.79110502226,29.9996294012571,174.218910173286,1.166604908,0,4.11322193152166,0.532502038914965,0,-0.20723618829274,NaN,NaN,NaN,NaN,25.2620696065,0.0130000002682209,2.31373237839293,NaN,7.47200042279655,7.86290399030343,NaN,,1299.71099343353,30,168.359854225111,0.407177165999999,59.9722610259589,2.446757502,1.68173765222991,0.576837106999897,97.1205970884187,NaN,NaN,NaN,NaN,18.9600373363333,0.0609889634085534,11.6332364792553,43.9041267815648,7.39833248325156,23.8681042418126,0.0131385474869048,,1299.9095571581,30.0004077615177,164.349267941469,0.413526993999999,40.0180778431765,2.47463052,1.20399991249652,0.822049555371946,96.0812819948838,NaN,NaN,NaN,NaN,13.8789515326667,0.14108042599088,12.8667606197601,74.5254747616762,7.38248199369693,26.4568860432465,0.011032106327131,,1300.35287865358,30.001833158825,164.943254891159,0.537338075580072,19.9797243104891,2.592998326,1.56908762100535,1.17425661388615,94.0455428929221,NaN,NaN,NaN,NaN,14.624482083,0.359014367978078,14.8038416056954,1.64832664568192,7.39959016031728,30.6629432002554,0.712408050029768,,1299.06623891761,30,165.663523855363,0.380299381964405,10.0000839985508,2.686103166,3.36064015109049,5.0659102835224,82.381897413765,NaN,NaN,NaN,NaN,14.8225386081898,3.03841569163434,14.5690203627128,1.9879743850175,7.39869445165798,28.4959235048504,2.54825387467791,,1301.64856237658,30,165.867294810374
30.5,5.411387014,0,5.73214063489695,0.802305820620555,0,-0.240044235817667,NaN,NaN,NaN,NaN,27.3195087063333,0.348453120821197,3.16210095763492,NaN,6.4733836594179,7.86442766028635,NaN,,1299.87959516751,30.0071992460262,174.22355404784,1.166604908,0,4.11880394228337,0.536747941405358,0,-0.205871644542793,NaN,NaN,NaN,NaN,28.9181991841271,0.0130000002682209,2.29168729940709,NaN,7.47188213399443,7.82426079270864,NaN,,1300.52856683193,30,168.365435785085,0.407177165999999,60.0488056372479,2.446757502,1.62006112461565,0.572827650990877,97.0773295427951,NaN,NaN,NaN,NaN,18.9998725633333,0.0605110615333037,11.6262810044515,43.8051269590892,7.39834852128784,23.8548918212113,0.0130768680644721,,1300.91877362995,30,164.346252995907,0.413526993999999,40.0195196250815,2.47463052,1.14912023407582,0.816265932104329,96.22618715794,NaN,NaN,NaN,NaN,13.8680196416109,0.139937744881715,12.7665141867635,74.389710222232,7.38264384045342,26.2625625923215,0.0109745872219363,,1297.86483083574,30,164.941389706928,0.571306562652687,19.9913212752596,2.592998326,1.5514163245394,1.18620334901809,94.1822042667399,NaN,NaN,NaN,NaN,14.919658338,0.362928327494653,14.7836528529399,1.64505882649684,7.39255906150902,30.6225235893063,0.721089636177915,,1299.20945624739,30,165.695806689972,0.387241092151329,10.0164245640619,2.686103166,3.41415484976044,4.94620546472333,82.5833683012689,NaN,NaN,NaN,NaN,15.2576146676436,2.96911124182175,14.4886790449996,1.97435240566446,7.39862275728037,28.3358118699201,2.50526462119397,,1298.33310664229,29.9997927442581,165.873695430584
30.5833333333333,5.411387014,0,5.73690676480766,0.733594113883136,0,-0.174290900292934,NaN,NaN,NaN,NaN,27.6318060338092,0.340438000293944,3.16706183922579,NaN,6.4743609654721,7.87316144163693,NaN,"Sample 1.50 mL to AMBR-96DWP-4/F5",1300.76062504859,29.9985222792351,173.951625165499,1.166604908,0,4.12377072149069,0.546642191387321,0,-0.206937938960587,NaN,NaN,NaN,NaN,31.6722672707062,0.0130000002682209,2.25448488616042,NaN,7.47282638911655,7.75906223819567,NaN,"Sample 1.50 mL to AMBR-96DWP-4/F6",1300.06872141449,29.9992673680034,168.158441680837,0.40741543685696,60.0239569130124,2.446757502,1.58010104010978,0.569068450600268,97.1946606983797,NaN,NaN,NaN,NaN,19.0402377476667,0.0600388163989402,11.7618127849727,43.6953822644277,7.39784376311334,24.1134193966835,0.0130208841291429,"Sample 1.50 mL to AMBR-96DWP-4/F7",1300.43888563018,29.999601926019,164.189620461071,0.413526993999999,40.0502367866009,2.47463052,1.16710636846892,0.812687086628238,96.1984485957339,NaN,NaN,NaN,NaN,13.8117484772225,0.139074122618872,12.8158352401637,74.1492666637401,7.38248451984099,26.3581481165111,0.0109573411127262,"Sample 1.50 mL to AMBR-96DWP-4/F8",1300.39261603658,29.9995395409862,164.845844700304,0.583453066,20.0349357425601,2.592998326,1.48529465847332,1.234099491905,94.2949090122585,NaN,NaN,NaN,NaN,14.8396022108614,0.377209975310014,14.6956854849777,1.62349097657802,7.36701091243581,30.4466234456117,0.760342380929998,"Sample 1.50 mL to AMBR-96DWP-4/F9",1300.28040635582,29.999848172112,165.637664416835,0.394321932802639,9.98999603329161,2.686103166,3.43206901815046,4.84998614953661,82.7941993785458,NaN,NaN,NaN,NaN,14.9201565266667,2.90661646420944,14.4444258933428,1.96833092119972,7.39919970663307,28.2477023073693,2.46798035266246,"Sample 1.50 mL to AMBR-96DWP-4/F10",1301.3886242042,29.9928081932414,165.625988552327
30.6666666666667,5.411387014,0,5.737351344,0.683173992761257,0,3.78262130249964,NaN,NaN,NaN,NaN,27.58496765282,0.383003664612478,3.21231998754056,NaN,6.47845358962272,7.95288879635469,NaN,,1297.54255359332,29.994660020287,172.434863431286,1.166604908,0,4.1255858,0.561256226151482,0,-0.205742534507929,NaN,NaN,NaN,NaN,31.6394905871667,0.0130000002682209,2.26929036384829,NaN,7.47891107537767,7.78500950890419,NaN,,1299.45079933011,29.9963166136793,166.578318331376,0.410176777999999,59.9868706412096,2.446757502,1.693204004996,0.573587825185816,97.2715589687165,NaN,NaN,NaN,NaN,18.960064566,0.0570791682472475,11.6839912378652,44.0289823806297,7.394321682085,23.9648667705956,0.0129292012462554,,1301.33547111111,29.9919700296395,162.549217998738,0.413526993999999,40.036554684717,2.47463052,1.20682240797312,0.819892477333446,96.2949154195046,NaN,NaN,NaN,NaN,13.879687304,0.130601314558779,12.6129260548893,74.4077735047801,7.38300252899584,25.9654205122542,0.0107739766551823,,1299.07584775469,29.9956478218355,163.143656695386,0.583453066,19.9875210974416,2.592998326,1.56405992975943,1.25881066226276,94.4291792386207,NaN,NaN,NaN,NaN,14.6402069694797,0.354437446537972,14.6885509000684,1.63630228068915,7.37302189708166,30.4323211642175,0.777659601097691,,1300.92198537632,29.9953333618446,163.912694694993,0.404690623809552,9.9941501954773,2.686103166,3.44697453266739,4.79685681930079,83.5709514179007,NaN,NaN,NaN,NaN,15.171758417983,2.67496326860298,14.4362389627838,1.94127107440409,7.39886380961546,28.2314104582787,2.55532208156504,,1300.90309688392,29.9899997711182,164.096002208748
30.75,5.411387014,0,5.737351344,0.683967535322355,0,0.148244526938555,NaN,NaN,NaN,NaN,25.6917191597723,0.422899291921671,3.06944273834453,NaN,6.47871455072614,7.70128144866737,NaN,,1299.6720807932,30.0004009223545,172.434863431286,1.166604908,0,4.1255858,0.519952335630921,0,-0.206909797617692,NaN,NaN,NaN,NaN,26.5811060825,0.0130405342067008,2.39079722385951,NaN,7.47824974003935,7.99801922462607,NaN,,1300.35134351993,30.0024097967179,166.578318331376,0.410176777999999,59.9853233044096,2.446757502,1.69230311219001,0.565310606420135,97.2765639806807,NaN,NaN,NaN,NaN,19,0.0590711214586952,11.6784391403783,43.9393693470793,7.39360585543934,23.954289830308,0.0128658541364957,,1301.21449385749,30,162.546201761103,0.413526993999999,39.9894249654958,2.47463052,1.19857030094464,0.793306313615433,96.2693917202891,NaN,NaN,NaN,NaN,14.0400407428333,0.134447737359594,12.7479166367047,75.0385684942393,7.38352087345446,26.2265423745789,0.0105737927246619,,1299.650972204,30,163.141789425013,0.595885374411478,19.9868813508871,2.592998326,1.51998652774151,1.20396550996887,94.4867042651727,NaN,NaN,NaN,NaN,14.7179944723255,0.364330589682593,14.6932092293207,1.51242607710789,7.36917862420218,30.4416467404174,0.796063397064977,,1301.95305971628,30,163.923758322266,0.412716711384094,10.0011150220236,2.686103166,3.42126301892532,4.45192036271238,83.7996697407367,NaN,NaN,NaN,NaN,15.3487826333503,2.64897597195643,14.6087045701161,1.70539813253428,7.39895072404821,28.5752186218513,2.61104863372936,,1299.32996554359,29.9961275960731,164.1035704892
30.8333333333333,5.411387014,0,5.737351344,0.753557578334494,0,-0.238139222834556,NaN,NaN,NaN,NaN,24.2342982308413,0.428349455260977,3.13394268619452,NaN,6.47725566392977,7.81484109116859,NaN,,1300.04592293732,30,172.434863431286,1.166604908,0,4.12610604461856,0.567289177474349,0,-0.207796733634024,NaN,NaN,NaN,NaN,24.4702894186667,0.0132806845015594,2.40938171684181,NaN,7.47316115369089,8.03061050991224,NaN,,1299.13023316726,30.0008002841233,166.578736079049,0.410176777999999,60.0471668269989,2.446757502,1.64428725587221,0.561596379857425,97.2874210691121,NaN,NaN,NaN,NaN,18.9201510608333,0.0586586800885823,11.5966094949235,43.8343311999709,7.39309154887551,23.7983095313811,0.0128118790834362,,1299.47397104972,30,162.543185034991,0.413526993999999,40.0002438767605,2.47463052,1.21140791233317,0.794919472954847,96.3123035461477,NaN,NaN,NaN,NaN,13.959795736,0.134757924170617,12.7663521007557,74.8332486681024,7.38395915609126,26.2622284907333,0.010624305003188,,1297.88580409741,30,163.139923175262,0.599269201999999,20.0312257840725,2.592998326,1.66937437309371,1.2264616637873,94.5947366626466,NaN,NaN,NaN,NaN,14.3941209298333,0.371136779859976,14.6077937861272,1.54138567951005,7.35261354086589,30.2711747507249,0.795709990591227,,1301.61019658632,29.9927336496753,163.926409801501,0.418841427734572,9.9979966505871,2.686103166,3.44743564311417,4.48519432031417,83.8339954178699,NaN,NaN,NaN,NaN,15.117995400908,2.66957557527972,14.4648262590721,1.76602449121099,7.39877839434167,28.2883539972167,2.53981959543578,,1299.4791047436,30.00609069258,164.109226380359
30.9166666666667,5.411387014,0,5.737351344,0.710137107785822,0,-0.23695029442156,NaN,NaN,NaN,NaN,27.2337660165906,0.420323748191016,3.18121556386743,NaN,6.47693660184884,7.89809142922491,NaN,,1299.0439960781,30,172.434863431286,1.166604908,0,4.13530552921815,0.541159511807768,0,-0.207993973551522,NaN,NaN,NaN,NaN,23.2362717611993,0.0130799411861576,2.44448217929725,NaN,7.47221775330529,8.09217866192979,NaN,,1299.50907243803,30,166.587832916889,0.410176777999999,59.9802640415386,2.446757502,1.71698549246454,0.55541864704058,97.3514090076949,NaN,NaN,NaN,NaN,18.919798664,0.0580001678697472,11.624766137526,43.8241983882734,7.39304317434125,23.8519997836077,0.012673838995939,,1301.14746561766,29.9999959977327,162.540166783379,0.413526993999999,39.9930597025111,2.47463052,1.21474243161698,0.79057292541663,96.3388940837182,NaN,NaN,NaN,NaN,14,0.133887757265387,12.8213439050611,74.2678667249227,7.38412041833974,26.368852790724,0.0106466435128684,,1301.89376004398,30,163.138055663843,0.599269201999999,19.9967849700175,2.592998326,1.83677780864323,1.21830541472042,94.6535589225879,NaN,NaN,NaN,NaN,14.7276950371795,0.36834918506292,14.4760022090697,1.56260341270559,7.35530856069269,30.0084290734329,0.779682577904167,,1299.36579733613,29.9980323984395,163.925358970013,0.424657122304152,9.99156787138072,2.686103166,3.37078020003947,4.41348431255105,83.8582281190761,NaN,NaN,NaN,NaN,15.3238178232587,2.62858194593569,14.4630679390089,1.79847850207037,7.39871850405648,28.2848334725368,2.45430525718025,,1297.32153561038,30.0039753209975,164.114439846965
31,5.411387014,0,5.737351344,0.754217596481345,0,-0.239685717244576,NaN,NaN,NaN,NaN,24.6079833448333,0.410765937631215,3.22308144598336,NaN,6.47420433335352,7.97184275835483,NaN,,1299.26835405145,30,172.434863431286,1.166604908,0,4.14539607157158,0.563817069456144,0,-0.208187248932221,NaN,NaN,NaN,NaN,27.1904214572148,0.0133615689346533,2.40681880420269,NaN,7.47248083281447,8.02611567395505,NaN,,1300.17761973088,29.9983930854232,166.597924225643,0.410176777999999,60.0229515485356,2.446757502,1.68545809575048,0.550450966116474,97.3442137679362,NaN,NaN,NaN,NaN,19,0.0574962596936218,11.5051623167671,43.6664201130836,7.39254334061869,23.6241527148713,0.01260583470399,,1299.82898508035,29.9925561995962,162.537149506668,0.413526993999999,39.9842186052496,2.47463052,1.15508433313691,0.784996097896423,96.38018300157,NaN,NaN,NaN,NaN,14,0.132919732062132,12.6964577443488,74.0727775471046,7.38438883413192,26.1269426414094,0.010599368525195,,1300.53004482721,30,163.136188409427,0.599269201999999,20.0258182038317,2.592998326,1.90903381678894,1.20115954422192,94.6619464153326,NaN,NaN,NaN,NaN,14.3482507477806,0.36320213053536,14.5344708852779,1.55802272645128,7.36233674785881,30.1248204118027,0.770976882432767,,1300.34860668639,30,163.924307663384,0.42973352780134,9.99738213314787,2.686103166,3.44657271963108,4.32814741921695,84.0318820489665,NaN,NaN,NaN,NaN,14.9611383928333,2.58008130539088,14.4526039214928,1.82528691043444,7.39893474563477,28.2640174158628,2.37126075524381,,1300.18403862226,30.0019830431689,164.11904423036
31.0833333333333,5.411387014,0,5.74243175752704,0.664748674507784,0,-0.236534108200528,NaN,NaN,NaN,NaN,23.4762951466873,0.398951657587035,3.22840544120483,NaN,6.47346474964163,7.98122712887598,NaN,,1298.76887966027,29.9971947866736,172.439743413334,1.166604908,0,4.15382414167915,0.542723779176015,0,-0.207145158083924,NaN,NaN,NaN,NaN,27.5629638942525,0.0131205698533171,2.42953703575425,NaN,7.47178535823546,8.06596600549382,NaN,,1298.66103438603,29.998385999976,166.606354523279,0.410176777999999,59.9811216581338,2.446757502,1.65796716177605,0.545746451198142,97.3813310616665,NaN,NaN,NaN,NaN,18.9198496683333,0.0569999085164578,11.6397548281803,43.6693385923053,7.39302082516413,23.8805738252068,0.0124973195701293,,1299.92769355223,29.9994138042834,162.534131332491,0.413526993999999,39.9622077759034,2.47463052,1.17293940828104,0.778029514871933,96.4281071033714,NaN,NaN,NaN,NaN,13.839572383,0.131867490003207,12.6958812029553,74.2230323568805,7.3849997654742,26.1258047660526,0.0104836867237768,,1299.90396352519,30,163.134320917953,0.599269201999999,19.9824042301448,2.592998326,1.90408614753364,1.17983544872801,94.6986467788878,NaN,NaN,NaN,NaN,14.5214967828732,0.356839942706552,14.6863996079702,1.55759162693147,7.34944616669492,30.4280763340464,0.757483905162843,,1299.95385129867,30,163.923256600973,0.434147417281938,9.99188084479812,2.686103166,3.44494914785675,4.24970399924979,84.1836586032478,NaN,NaN,NaN,NaN,15.1317891291667,2.53477831049467,14.5003839951964,1.82975084195197,7.39428396052264,28.3591536510786,2.32257016440665,,1299.96973152522,30,164.122929030028
31.1666666666667,5.411387014,0,5.74980486083492,0.701905646287613,0,-0.236866635136677,NaN,NaN,NaN,NaN,22.6980960209794,0.388350449685284,3.27112856300066,NaN,6.47255092181842,8.05650659804374,NaN,,1299.88880744921,30,172.447115353421,1.166604908,0,4.16324859369775,0.490578591670211,0,-0.205494203337594,NaN,NaN,NaN,NaN,26.9619726715,0.013040105852128,2.36868495081163,NaN,7.47202842810837,7.9592440581743,NaN,,1300.49950518531,29.9995985571069,166.615778936322,0.410176777999999,59.9483758878848,2.446757502,1.63183764891936,0.539721129083679,97.3961416266442,NaN,NaN,NaN,NaN,19,0.0563833746104146,11.6172267289976,43.4473705565795,7.3934334422448,23.8376477588881,0.012422596959897,,1299.90948584864,30,162.531113992835,0.413526993999999,39.98615657539,2.47463052,1.17243055088278,0.773516134756729,96.5134850044775,NaN,NaN,NaN,NaN,14,0.131040670498113,12.6849278339425,73.9943883996823,7.38542160008235,26.1046102216117,0.0104558830282194,,1301.01427859888,30,163.132454373917,0.599269201999999,20.0137620125153,2.592998326,1.91654647912083,1.15962082819248,94.8028712409686,NaN,NaN,NaN,NaN,14.9203431073333,0.350834609930628,14.5956058961148,1.55158847433736,7.34541601214779,30.2467319202071,0.747392213236301,,1299.17464750666,30,163.922205918012,0.434290542,9.98717378432739,2.686103166,3.45235200141891,4.19213131943355,84.3282692053832,NaN,NaN,NaN,NaN,15.4210848066667,2.50175610454049,14.4940941437651,1.82360421592653,7.39476717215539,28.346630776382,2.29882857397166,,1300.46018459688,29.999712539495,164.122607809206
31.25,5.411387014,0,5.757413684,0.729967757031224,0,-0.238309458105211,NaN,NaN,NaN,NaN,22.3859886981039,0.377154105813717,3.27936010475515,NaN,6.47328920988053,8.07101448564574,NaN,,1299.25231410761,30,172.454925771286,1.166604908,0,4.17407978924155,0.604374616429704,0,-0.206295377861446,NaN,NaN,NaN,NaN,30.6494516400554,0.0131606246590493,2.31472878145894,NaN,7.47286237483694,7.86464484052005,NaN,,1299.25626614157,29.9995966644153,166.626710212753,0.410176777999999,60.0172825096457,2.446757502,1.62183093964471,0.537763347411067,97.3677855044344,NaN,NaN,NaN,NaN,18.879111384,0.0561604580483329,11.6088872487098,43.3003167582537,7.39404043967222,23.8216783337167,0.0124194051512426,,1298.1044366758,30,162.52809720649,0.413526993999999,40.0085314717868,2.47463052,1.17640143401891,0.769416035838614,96.5291047731513,NaN,NaN,NaN,NaN,13.8804269471667,0.13026201555546,12.7021314221242,73.9653889476223,7.38567884774131,26.1378907421327,0.0104040029515564,,1299.05282478945,30.0072332902514,163.130585699844,0.599269201999999,19.972992993232,2.592998326,1.90878914494691,1.13825917162791,94.9084079274415,NaN,NaN,NaN,NaN,15,0.344411402943365,14.5900235278396,1.54286360255243,7.34412810314389,30.2355997550193,0.737754932054195,,1300.84138121513,29.9991952010267,163.921155240275,0.43567523035677,9.98808758382922,2.686103166,3.47055049984515,4.11376138434883,84.5179072833139,NaN,NaN,NaN,NaN,15.5565133218758,2.45686996214688,14.4575453123501,1.85009406900889,7.39875414713648,28.2738873899382,2.22356820196067,,1300.68872641902,29.993848777262,164.123323790263
31.3333333333333,5.411387014,0,5.7648582395037,0.695086496768761,0,-0.236979602047181,NaN,NaN,NaN,NaN,21.5457857125729,0.366739806710223,3.33482623208548,NaN,6.47291397752902,8.16879275930543,NaN,,1299.48875052328,30.0027388373722,172.462161156095,1.166604908,0,4.18050217955428,0.565524533094403,0,-0.20625960030722,NaN,NaN,NaN,NaN,32.3543070596113,0.0130000002682209,2.33157958182951,NaN,7.47265246140382,7.89418620095075,NaN,,1298.83196988268,30.0003346938736,166.633133605032,0.410176777999999,59.9726493575828,2.446757502,1.63561774336731,0.532497865626917,97.4848929741233,NaN,NaN,NaN,NaN,19.0037110872805,0.0555979211418634,11.5763086854249,43.156499215284,7.39347435048524,23.7596267780094,0.012338858549487,,1300.31438900248,30.000363738539,162.525079033943,0.413526993999999,39.9990621383663,2.47463052,1.23629802443124,0.766680605190071,96.5599873366205,NaN,NaN,NaN,NaN,13.8286351058997,0.129587912192186,12.6797912791392,73.4025696902278,7.38624979826887,26.0946896434082,0.0104463918623219,,1300.12942878046,30,163.128716206586,0.599269201999999,19.9801799003374,2.592998326,1.84243469916992,1.11733985254517,94.9306549107137,NaN,NaN,NaN,NaN,14.9194953605,0.338365707836724,14.6231173136259,1.53358917820214,7.34722619026309,30.3016565962286,0.728581189284129,,1300.81083788718,30,163.920105142543,0.442793252899229,10.0036186184501,2.686103166,3.45445318970014,4.0136140034819,84.6032022857139,NaN,NaN,NaN,NaN,15.3157708791396,2.39904751563763,14.4326970199892,1.84701434884492,7.39914483761181,28.2243856014086,2.17306881352039,,1299.89425550221,30,164.129910122462
31.4166666666667,5.411387014,0,5.767814936,0.734121865866696,0,-0.239558537346091,NaN,NaN,NaN,NaN,23.1901326131565,0.355867044783417,3.35631758820014,NaN,6.47341709213765,8.20668040327012,NaN,,1300.81113221187,30.0100002288818,172.465327023286,1.166604908,0,4.18772681023357,0.544045555000261,0,-0.20440463177681,NaN,NaN,NaN,NaN,24.6091033296667,0.0130401870669747,2.40345318103827,NaN,7.47211641951397,8.02021103372112,NaN,,1300.6243984482,30.0096338411761,166.640253466333,0.410176777999999,59.9766169736205,2.446757502,1.63858179430369,0.527001494791954,97.5721031842272,NaN,NaN,NaN,NaN,19.0366072505528,0.0550375297052,11.5521207961635,43.0734730862116,7.39279863099343,23.7135603927586,0.0122350061049674,,1300.39251833625,30.0004366395848,162.522061111881,0.413526993999999,39.9852049312832,2.47463052,1.17895856621817,0.759317125431654,96.5557462273196,NaN,NaN,NaN,NaN,13.8494265416003,0.128474140797398,12.673823229668,73.7376735185566,7.38788793177756,26.0831788599496,0.0102990304260019,,1300.82836702592,29.9979657096499,163.12684585611,0.599269201999999,20.0352132457879,2.592998326,1.77431601869437,1.09759481763777,94.9628249377616,NaN,NaN,NaN,NaN,14.9195484901667,0.332322667699523,14.4904604636982,1.53226919442668,7.34882426961884,30.0372830612508,0.716341264509841,,1302.05132959154,29.9983864877738,163.91905546914,0.450623028033916,10.0071707349711,2.686103166,3.41631059010861,3.92682288874011,84.7175346440134,NaN,NaN,NaN,NaN,16.3346608511513,2.3481661607082,14.413661923172,1.84690465930152,7.39889370729507,28.1865221494793,2.12615553315758,,1300.55405064099,30.0041464720647,164.137275700544
31.5,5.411387014,0,5.77183599260364,0.780690257885728,0,-0.236812465082179,NaN,NaN,NaN,NaN,25.0219157618333,0.347335924677375,3.32700035979744,NaN,6.47308878802629,8.15500080667296,NaN,,1300.50692663862,30.0085899947532,172.469147942056,1.166604908,0,4.19551189468583,0.531384148304255,0,-0.205925465198556,NaN,NaN,NaN,NaN,28.774579888,0.0130000002682209,2.37628817006704,NaN,7.47205073477251,7.97257796281774,NaN,,1302.07350934031,30.006930214843,166.64804259649,0.410176777999999,60.0060001182764,2.446757502,1.69604176770436,0.525793908457622,97.5256647512048,NaN,NaN,NaN,NaN,18.9197048066667,0.0548874376605232,11.4721487600703,43.2016481711557,7.39287778601794,23.5613431920293,0.0121707618322387,,1300.3387619076,30,162.519042999217,0.413526993999999,40.0125653643292,2.47463052,1.23602109805298,0.753438658799739,96.6562814317027,NaN,NaN,NaN,NaN,13.9197562081667,0.127483622160896,12.6807574827753,73.6964586103301,7.38864100424571,26.0965880754174,0.0102250978810418,,1301.33885295674,29.9988158612745,163.124976866553,0.599269201999999,20.0417143520817,2.592998326,1.85579717601431,1.07896510907897,95.0591952616087,NaN,NaN,NaN,NaN,14.839382007,0.326325236998555,14.2728490391002,1.53835250157624,7.35418932837201,29.6046396519399,0.701384882589266,,1299.94848507136,30,163.918005171726,0.456162537834424,10.002120869167,2.686103166,3.45142398621198,3.84863908294704,84.9015739422328,NaN,NaN,NaN,NaN,16.1215482574831,2.30133283469843,14.3121704183386,1.83654596950112,7.39785223652298,27.984855426775,2.09558107079244,,1298.83141736499,30.0030857895232,164.142214317724
31.5833333333333,5.411387014,0,5.777826628,0.704013896123454,0,-0.237979682353744,NaN,NaN,NaN,NaN,26.0814679975111,0.338691633055471,3.35478587726273,NaN,6.47385401943426,8.2039826612862,NaN,,1302.2014922978,30,172.475338715286,1.166604908,0,4.20362330687925,0.525290026616096,0,-0.205107946872627,NaN,NaN,NaN,NaN,28.9734098538419,0.0130802706237116,2.42916402358867,NaN,7.47281393135851,8.0653045005409,NaN,,1300.15693752037,30,166.656254458899,0.410176777999999,59.9490128274464,2.446757502,1.62106872005719,0.520263610609144,97.5693796678332,NaN,NaN,NaN,NaN,19,0.0543216526984754,11.5081177494949,43.1171589182701,7.39269460932014,23.6297744804974,0.0120664012450044,,1300.41175394344,30,162.51602447529,0.413526993999999,40.005300543061,2.47463052,1.21955909376637,0.747956949421566,96.6535403882901,NaN,NaN,NaN,NaN,14,0.1265197704187,12.725244689825,73.6632746841973,7.38927128218314,26.1827014776594,0.0101556243607312,,1300.75119755426,30,163.12310649422,0.599269201999999,20.0091465645342,2.592998326,1.88234639212179,1.06166004724875,95.1188977730568,NaN,NaN,NaN,NaN,14.9196259355,0.320966707862273,14.3752160327287,1.53328218602908,7.35155447727935,29.807911217903,0.692418451733194,,1297.87758751408,30.0004023952316,163.916953871581,0.460192941401269,9.99438786895843,2.686103166,3.49768126726566,3.77368419195308,85.0493995350106,NaN,NaN,NaN,NaN,15.3793925005169,2.25738627338442,14.345390198435,1.812217200775,7.39904635793032,28.0508424437392,2.08235777199038,,1300.13261585229,30,164.14571036726
31.6666666666667,5.411387014,0,5.777826628,0.753378348160749,0,-0.236310184066623,NaN,NaN,NaN,NaN,23.3465612937666,0.33152006218903,3.39918410809386,NaN,6.47320907374153,8.28227306383073,NaN,,1299.77971720996,30,172.475338715286,1.166604908,0,4.2088046966782,0.515042136342633,0,-0.205343730600881,NaN,NaN,NaN,NaN,27.0154832659553,0.0130000002682209,2.38245954003991,NaN,7.47197941007283,7.9833977253828,NaN,,1299.25875945916,29.9986341051179,166.66143780316,0.410176777999999,60.0253577174201,2.446757502,1.6194630888194,0.519606064056745,97.5383980711499,NaN,NaN,NaN,NaN,18.9199386511667,0.0542408590820558,11.6168782016028,43.0167602595384,7.39282459560914,23.8369944818259,0.0120792117833203,,1300.08268322267,30,162.513006530858,0.413526993999999,40.0143941493689,2.47463052,1.22120116110265,0.742739211005615,96.645333215403,NaN,NaN,NaN,NaN,13.8392524005,0.125570204061549,12.6381258185033,73.4154824610665,7.39031148341272,26.0140974244395,0.0101186063053835,,1299.42529255229,30.0036210163816,163.121236335562,0.599269201999999,19.9835223939458,2.592998326,1.88460901903909,1.0428750243829,95.190778622453,NaN,NaN,NaN,NaN,14.9600156753333,0.31541314736232,14.3580747645305,1.52621044362241,7.36163898522218,29.7738350911867,0.683312160704913,,1303.58595378008,30.0019550023004,163.915902855007,0.467253427365923,10.0060242477598,2.686103166,3.36186525091297,3.70061463885764,85.3254844429787,NaN,NaN,NaN,NaN,14.9189356346667,2.21465312156186,14.3940264483846,1.82191459798751,7.39835923350166,28.1475370443315,2.03125876238259,,1301.03995855618,30,164.152239169707
31.75,5.411387014,0,5.7834777374051,0.772529395776336,0,-0.238223827788494,NaN,NaN,NaN,NaN,24.5111280468891,0.325104312991098,3.42743151228543,NaN,6.47321941789736,8.33209543383197,NaN,,1299.78381615817,30,172.480791753935,1.166604908,0,4.21502523053527,0.522941158324086,0,-0.203078394499307,NaN,NaN,NaN,NaN,28.7356292510362,0.0130400306374491,2.46928040822247,NaN,7.47208125727817,8.13567775612714,NaN,,1299.14753999834,29.9989512055456,166.667655221203,0.410176777999999,59.9961954102676,2.446757502,1.60557121484938,0.516602478397919,97.554237720764,NaN,NaN,NaN,NaN,18.9765636984796,0.0539200105014162,11.5825676632304,42.993837750697,7.39271870042199,23.7715653731578,0.0120158002887312,,1301.1022804192,30,162.509986741338,0.413526993999999,39.9617285444191,2.47463052,1.20718394171821,0.738701519755446,96.7108564488799,NaN,NaN,NaN,NaN,13.9192563758333,0.124856809597817,12.6536435941199,73.1262288420524,7.39138406968765,26.0441101364799,0.0101029716158874,,1300.02348405122,30,163.11936496258,0.599269201999999,19.9996772862602,2.592998326,1.87211828988776,1.02408708354503,95.1749699286963,NaN,NaN,NaN,NaN,14.9990370791667,0.309961334542332,14.3951477438573,1.51556447129975,7.36343534919255,29.847530085457,0.675719753399958,,1300.60174529829,30.0032631488825,163.914852389078,0.472394892338057,10.0072408143415,2.686103166,3.43385827524946,3.64044557127112,85.4559396858711,NaN,NaN,NaN,NaN,15.9145553433123,2.1791100936104,14.4280121920492,1.81137937019551,7.39769495281361,28.2151383116488,2.00980856337308,,1298.96492138342,30.0011092181672,164.156918108894
31.8333333333333,5.411387014,0,5.78774093,0.70770684614934,0,-0.235145402935273,NaN,NaN,NaN,NaN,28.8172166876667,0.320343730276468,3.43004900107419,NaN,6.47419196099083,8.33671839248718,NaN,,1299.81854086522,29.9919038091242,172.485253017286,1.166604908,0,4.21964487634771,0.518129296613202,0,-0.202836960225406,NaN,NaN,NaN,NaN,27.9480868118333,0.0130400101871124,2.42099012913795,NaN,7.47191431625406,8.05097298524235,NaN,,1298.91452658589,29.9975911091495,166.672275885366,0.410176777999999,59.9880398579877,2.446757502,1.62305671685167,0.508835974887176,97.6362099255985,NaN,NaN,NaN,NaN,19.0234591330204,0.0530634172020896,11.4677643135883,42.6109127202652,7.39243828769134,23.553074081503,0.0119414443894651,,1299.57190155385,30,162.506966437127,0.413526993999999,39.9945551506815,2.47463052,1.23279940620631,0.733480613076622,96.7745054182514,NaN,NaN,NaN,NaN,14.0405743923333,0.124081819139977,12.7098084400797,73.3802982459279,7.39255717927852,26.1527521872572,0.00999772856808365,,1301.74942770128,30,163.117495024387,0.599269201999999,19.9890423104027,2.592998326,1.89355905929796,1.00738763965314,95.2617340615231,NaN,NaN,NaN,NaN,14.8392018066667,0.304901049309857,14.4017468669635,1.51230229945257,7.35916867692262,29.8606307578877,0.666143871180572,,1304.43284333994,30,163.913802274849,0.477605896094444,9.98910200112464,2.686103166,3.38879498776937,3.57568317113492,85.5465462809587,NaN,NaN,NaN,NaN,15.1715246873877,2.14107336544662,14.3513317149245,1.80028499425918,7.39600676670266,28.0626274219492,1.9861723853233,,1298.40416811987,30.0031845349268,164.161529603337
31.9166666666667,5.411387014,0,5.7881152663714,0.735535249588621,0,-0.23708832989248,NaN,NaN,NaN,NaN,31.09838919967,0.315208466985296,3.41783799135987,NaN,6.47239449191866,8.31517721102603,NaN,,1299.92660780984,29.9892509834048,172.485528321042,1.166604908,0,4.2259924215056,0.477913824017971,0,-0.206365885621648,NaN,NaN,NaN,NaN,29.7412502325233,0.0130401344161327,2.45949522435143,NaN,7.47248410277028,8.11851222638533,NaN,,1300.31957789115,29.9967804096461,166.678625278288,0.410176777999999,60.011621934714,2.446757502,1.64286944393492,0.507251043574825,97.6191116871752,NaN,NaN,NaN,NaN,19.1603293573333,0.0529194185103675,11.584082954932,42.5811839065085,7.39271731773095,23.7744160977569,0.0119126759021947,,1299.48623356546,30,162.503945486363,0.413526993999999,39.9892089305643,2.47463052,1.1937901395657,0.730694370725624,96.7548131720506,NaN,NaN,NaN,NaN,14.0278737493333,0.123505256717434,12.6596611552212,73.125784890469,7.39371771188937,26.0557536592404,0.00999397439247871,,1298.73983512488,30,163.115623872676,0.599269201999999,19.9946653876039,2.592998326,1.92859531523201,0.990323811007391,95.3198974660897,NaN,NaN,NaN,NaN,14.8391238263333,0.299909056976963,14.35793522736,1.50711410684236,7.35986345160279,29.7735885410675,0.657103254214799,,1299.44633287678,29.9995968270373,163.912752363926,0.481602604,10.0041904556158,2.686103166,3.41838254232269,3.52277329329852,85.7343800914457,NaN,NaN,NaN,NaN,15.0352819946333,2.11030117467375,14.3464881864472,1.77669949812459,7.3856322922324,28.0530048161628,1.98280347621466,,1300.44182519849,30.0075897671736,164.16513036521
32,5.411387014,0,5.79270782,0.726827922701159,0,-0.237977540464291,NaN,NaN,NaN,NaN,27.3624185084966,0.310998979751234,3.51222541230684,NaN,6.47370917950659,8.48171272539209,NaN,,1300.44300656404,29.9968331992277,172.490219907286,1.166604908,0,4.23058152321264,0.478264434185149,0,-0.204663218294965,NaN,NaN,NaN,NaN,28.5737677041433,0.0130000002682209,2.38519959076542,NaN,7.47221072333897,7.9881998478223,NaN,,1299.64195399344,29.9907541967269,166.683212677076,0.410176777999999,59.9917617424109,2.446757502,1.60683558101545,0.505423335884652,97.6670012898606,NaN,NaN,NaN,NaN,19.120429977,0.0527178738527411,11.5993940219111,42.5611338807312,7.39287892357963,23.8036165775799,0.0118752774816297,,1299.79763300721,30.000401875523,162.500924884263,0.413526993999999,39.9953902012156,2.47463052,1.169391330032,0.724707771149378,96.8225549914651,NaN,NaN,NaN,NaN,13.9719704056667,0.122510191614668,12.6347276711355,73.0900943093839,7.39557969863235,26.007576249199,0.00991696436143384,,1300.71464173206,30,163.113752956286,0.599269201999999,19.9927083854514,2.592998326,1.88007400744881,0.975978421293876,95.3221510234652,NaN,NaN,NaN,NaN,14.8394618503333,0.295472961522687,14.1920564740061,1.50101555517119,7.34900692042552,29.4444806776802,0.650225296510618,,1299.82740318269,30,163.91170263247,0.481602604,9.99523110017654,2.686103166,3.47593562653431,3.50385221554042,85.9059118219545,NaN,NaN,NaN,NaN,15.0045235268333,2.09865807942315,14.3050934698373,1.75713576168376,7.3847970842268,27.9708101861465,1.99407687322357,,1299.99940155341,30.0017885572075,164.164598897206
32.0833333333333,5.411387014,0,5.79664016126816,0.67529227002717,0,-0.239989134155134,NaN,NaN,NaN,NaN,26.1670364126667,0.30544626070102,3.52667415332332,NaN,6.47325259807728,8.50721355353281,NaN,,1299.59670713575,29.9946745287241,172.494053079155,1.166604908,0,4.23514742101449,0.539512328861412,0,-0.204806205132503,NaN,NaN,NaN,NaN,32.3465265855,0.0130000002682209,2.39825446314191,NaN,7.47220619756882,8.01109525291655,NaN,,1297.82622801464,30,166.687780530475,0.410176777999999,60.0302183659752,2.446757502,1.65344825119015,0.49984321860028,97.7032830622473,NaN,NaN,NaN,NaN,18.9596314218333,0.0521206643754086,11.5696126098105,42.423828999216,7.39287921037218,23.7469004520924,0.0117822042739052,,1299.02924854364,29.9928364228687,162.497903596836,0.413526993999999,40.0162392460487,2.47463052,1.17649698343625,0.721308669105318,96.8591974783399,NaN,NaN,NaN,NaN,13.7592446041667,0.12187824454366,12.7046063415332,72.8741499721067,7.39738325092546,26.142742099872,0.00989961444397972,,1298.38453682854,30,163.11188141341,0.599269201999999,20.0053997713782,2.592998326,1.77823109043299,0.959218107110922,95.3888863369925,NaN,NaN,NaN,NaN,14.9193406918333,0.290376826564962,14.1838428986338,1.50482237578767,7.35569837211587,29.4282324970462,0.637459550027822,,1302.09687049375,30,163.910652752313,0.481602604,10.0106002808655,2.686103166,3.4144989936222,3.45656020619177,86.0939834203769,NaN,NaN,NaN,NaN,15.3226132804844,2.07060280351057,14.2132355990344,1.7586677994143,7.38612073019429,27.7886067885341,1.96560657709887,,1299.04380110526,29.9994912763565,164.164067377127
32.1666666666667,5.411387014,0,5.797694188,0.755290344304021,0,-0.235961088934457,NaN,NaN,NaN,NaN,26.4879924461702,0.301146718622695,3.5414149234257,NaN,6.47446610625616,8.53323180816496,NaN,,1300.94776662019,30.0070372924521,172.495206275286,1.166604908,0,4.24057276850263,0.521008523414288,0,-0.201601750365474,NaN,NaN,NaN,NaN,29.6671161961189,0.0130000002682209,2.39791009188229,NaN,7.47232672763138,8.01049076362596,NaN,,1300.02914010921,29.9979890702729,166.693203017176,0.410176777999999,60.0149152616911,2.446757502,1.60508131225549,0.499140169221216,97.665368202476,NaN,NaN,NaN,NaN,19.1206535503333,0.052040138552967,11.4943842006068,42.4435601199319,7.39299941943736,23.6036592777106,0.0117601468132182,,1300.50818195518,29.9999277546086,162.494881545893,0.413526993999999,39.9952832807521,2.47463052,1.18834712827479,0.719493939254753,96.846557042965,NaN,NaN,NaN,NaN,13.9588965525,0.121521588205877,12.6715495812381,73.0193657674682,7.39854898362406,26.078749939734,0.00985547051844553,,1300.60857005291,30,163.110009621164,0.599269201999999,20.0196008070977,2.592998326,1.75079083855107,0.944530957215063,95.4589928291478,NaN,NaN,NaN,NaN,14.838137556,0.285895114598586,14.2054835916269,1.50269324972842,7.35223849521316,29.4712263118308,0.628574848778881,,1301.57478737781,30,163.909602877191,0.481602604,10.0055668076051,2.686103166,3.38427352622312,3.38739504742923,86.2384612556368,NaN,NaN,NaN,NaN,15.4399712516767,2.02980292419128,14.171233739656,1.75638573590467,7.3885538487718,27.7054983820326,1.9286399863058,,1300.76568630144,29.9989105941744,164.16353610977
32.25,5.411387014,0,5.79819536365441,0.675925322048097,0,-0.235433305974084,NaN,NaN,NaN,NaN,28.5210028258298,0.295236130489264,3.60073014194941,NaN,6.47384136610004,8.63796066347971,NaN,,1298.75813181753,30.0100002288818,172.495598847518,1.166604908,0,4.24579511773384,0.52504610571668,0,-0.205151290199211,NaN,NaN,NaN,NaN,30.2804872502361,0.0130000002682209,2.44223697381091,NaN,7.47262748498711,8.08823577578708,NaN,,1298.4422495558,30,166.698426014789,0.410176777999999,59.9910301939863,2.446757502,1.65166150504295,0.498120189100075,97.806979612566,NaN,NaN,NaN,NaN,19,0.0519347492369269,11.528391923042,42.4296714971327,7.39300103512463,23.668369512246,0.0117399244947623,,1298.68728724356,30,162.491859341273,0.417561174357871,40.0382321056184,2.47463052,1.15839738640438,0.711995149927979,96.8581394277211,NaN,NaN,NaN,NaN,14,0.120294653859677,12.5808342632985,73.0645771290313,7.39995526178308,25.9034923490954,0.00974610412281128,,1299.83225253448,30,163.111908348262,0.599269201999999,19.9679039535833,2.592998326,1.93102020729911,0.932087006357051,95.4728936480999,NaN,NaN,NaN,NaN,14.9197622848333,0.282032422353165,14.1398375684154,1.49615139590371,7.34830044125296,29.3410890541122,0.623000193595298,,1298.06105289504,30,163.908552542483,0.481602604,10.0101874941739,2.686103166,3.44431656797799,3.31508260219579,86.4293476165301,NaN,NaN,NaN,NaN,15.0421606335055,1.9869675114444,14.3141272809983,1.73994808340603,7.39310476651808,27.9887383528679,1.90527166188755,,1297.13826952011,30,164.163004953246
32.3333333333333,5.411387014,0,5.80303116,0.737718222030532,0,-0.236619298908672,NaN,NaN,NaN,NaN,28.980687308149,0.291604156913664,3.62423923047731,NaN,6.47508437178234,8.67947241605989,NaN,,1299.74296281526,30.0038763157914,172.500543247286,1.166604908,0,4.2503493394789,0.491513102668121,0,-0.201266380635416,NaN,NaN,NaN,NaN,30.266890875645,0.0130000002682209,2.41729072448588,NaN,7.472682923563,8.04447954558196,NaN,,1299.63501805869,30,166.702981541514,0.410176777999999,59.959982903516,2.446757502,1.65248380564459,0.490806719989007,97.7413064281291,NaN,NaN,NaN,NaN,18.9196463516667,0.0512004560479496,11.5243114635555,42.3212880383267,7.39279908745901,23.6606182559652,0.0115971411618932,,1300.32440319845,30,162.488838334134,0.432346765629462,39.9991557132492,2.47463052,1.14439443357682,0.70935165354658,96.8909605194693,NaN,NaN,NaN,NaN,13.9191005416109,0.1198430972005,12.505347840526,73.1611999341182,7.39963711732846,25.7576465730831,0.00969679446945467,,1301.6489765969,29.9969173753393,163.124948878742,0.599269201999999,19.9457886682128,2.592998326,1.97625676919191,0.917750543249812,95.5773952471905,NaN,NaN,NaN,NaN,14.4823248353333,0.27808790548559,14.2254327978709,1.48663239950538,7.34461194547841,29.5106044368388,0.617349354195499,,1300.86420081178,29.9959830160756,163.907502752896,0.481602604,9.99946430823752,2.686103166,3.42474870306614,3.23251964827391,86.5574742354569,NaN,NaN,NaN,NaN,15.0392840125213,1.93838270953018,14.3900123155433,1.75541387344152,7.39723451812072,28.1394997539998,1.84180240618758,,1298.67977066194,30,164.162473976581
32.4166666666667,5.411387014,0,5.80626022155654,0.698220512282022,0,-0.236728317245345,NaN,NaN,NaN,NaN,25.4034362350176,0.287571562237461,3.57146638342093,NaN,6.47468841412589,8.58628468346875,NaN,,1299.86955344584,29.9988250218558,172.503672616178,1.166604908,0,4.25351196721039,0.578142083025099,0,-0.203655299238447,NaN,NaN,NaN,NaN,29.1714195141667,0.0131606285198833,2.38382199029831,NaN,7.47233142582212,7.98578263586791,NaN,,1299.02541398723,30.0041307555375,166.706144533779,0.410176777999999,60.0063629510423,2.446757502,1.62428760933544,0.489325309267681,97.8522648613828,NaN,NaN,NaN,NaN,19,0.0510402411400451,11.5038420686674,42.3174243474295,7.39258194587425,23.6216383510465,0.0115633168823332,,1299.60652397664,30,162.485817442543,0.434934052643006,39.9990467475366,2.47463052,1.18736841376122,0.706557678514339,96.9368169519222,NaN,NaN,NaN,NaN,13.8171677826929,0.119360928890576,12.5314239991458,72.8020783696395,7.39995977052019,25.8079624860941,0.00970667197336851,,1300.39826391456,29.999063555467,163.125597366139,0.599269201999999,19.9904369259272,2.592998326,1.95985160986324,0.903482913942269,95.6047545720915,NaN,NaN,NaN,NaN,14.7941866131667,0.273911089637225,14.2214947541247,1.47602259410373,7.33779526543293,29.5027988937593,0.612117064576661,,1298.09897613738,30.0014961919465,163.90645440225,0.48722354073492,9.99951023410873,2.686103166,3.43153509925771,3.15442706977836,86.6212217705754,NaN,NaN,NaN,NaN,15.3548755753121,1.89235531144583,14.3444464719402,1.75108765904203,7.39925574930353,28.0489431381519,1.80138967967115,,1299.54415721683,30,164.167361296493
32.5,5.411387014,0,5.808017528,0.711317065661085,0,-0.239039873448756,NaN,NaN,NaN,NaN,29.126290135,0.285027669732369,3.57026600815377,NaN,6.47487452693653,8.58416793634552,NaN,,1300.48602911675,29.9999726416756,172.505529615286,1.166604908,0,4.256458482,0.471395087496704,0,-0.207065272688785,NaN,NaN,NaN,NaN,27.7036355963333,0.013080624878603,2.41412349289692,NaN,7.47263578091387,8.03892677265635,NaN,,1299.06845260899,30.0047075560774,166.709191013376,0.410176777999999,59.9721546078928,2.446757502,1.65336190956036,0.488208398038845,97.8741839290711,NaN,NaN,NaN,NaN,18.9200106848333,0.0509077127109401,11.4810232102391,42.2750937301799,7.39216195358745,23.5782373737822,0.0115484356869004,,1299.52344282068,30,162.482796254192,0.443483470493041,39.9660301430673,2.47463052,1.20580663393296,0.704254503404203,96.9309140538058,NaN,NaN,NaN,NaN,13.7815833448629,0.118960165963763,12.5836753863435,72.6312074316816,7.39975810757641,25.9088844864027,0.00969802603499972,,1301.41416094415,30,163.132475741133,0.599269201999999,19.996828232556,2.592998326,1.90180758601489,0.892776441825797,95.5945336697189,NaN,NaN,NaN,NaN,15,0.270556323991244,14.1449480459195,1.46589495898357,7.33126269520281,29.3512429588869,0.609039706298812,,1300.87170783108,30.0041303317465,163.90540588694,0.495325733610783,10.0032780107225,2.686103166,3.43709787174349,3.08293437969448,86.778063519313,NaN,NaN,NaN,NaN,15.7182626813333,1.85054495174233,14.390968713837,1.74042605346749,7.3993085277659,28.1414025703823,1.77145061391593,,1301.46360615126,30,164.174998750661
32.5833333333333,5.411387014,0,5.808017528,0.641398258345379,0,-0.238353811056271,NaN,NaN,NaN,NaN,26.3455327493333,0.281491895421261,3.57536293451592,NaN,6.47456390452467,8.59316913261517,NaN,,1301.26960063493,30,172.505529615286,1.166604908,0,4.25949989335319,0.496453744866755,0,-0.204639846571932,NaN,NaN,NaN,NaN,24.9476871320079,0.013040018129947,2.46188715007017,NaN,7.47191727148368,8.1227072967105,NaN,,1299.87750247141,29.9927655451686,166.712130495995,0.410176777999999,59.9136534551076,2.446757502,1.63579307588826,0.484957779267477,97.8230722940442,NaN,NaN,NaN,NaN,18.8798590226667,0.0506104048719184,11.5499427004836,42.1923728736929,7.39220570282276,23.7093853195898,0.0114939934680879,,1300.41324823227,30,162.479775957385,0.448020579488631,39.9693087840574,2.47463052,1.16861718254185,0.703369733487386,96.947029749016,NaN,NaN,NaN,NaN,13.9191687991667,0.118891532655058,12.5721084128236,72.6705561203554,7.39202037813856,25.8865279492613,0.00968029839224909,,1299.59091179708,30,163.135007506803,0.599269201999999,19.9997310597215,2.592998326,1.84727348118218,0.880945506500717,95.6902338166145,NaN,NaN,NaN,NaN,14.8793919148333,0.266788212839655,14.1230634251685,1.47421339448499,7.32609535730948,29.307851329373,0.59758146926622,,1297.98736442111,30,163.904356882698,0.498528985999999,9.99929180604838,2.686103166,3.37047083888757,3.03243618972516,86.9487880232914,NaN,NaN,NaN,NaN,15.8792632351667,1.82125161256709,14.3140761166734,1.7553115627773,7.39569632399622,27.988698792351,1.7276445606663,,1300.27415011278,29.9921360441691,164.177808975112
32.6666666666667,5.411387014,0,5.808017528,0.672895453847791,0,-0.2378941139732,NaN,NaN,NaN,NaN,29.3124553706667,0.278892357868432,3.6268575383512,NaN,6.47459404840891,8.68409590048298,NaN,,1300.44853349971,30.0004053322038,172.505529615286,1.166604908,0,4.2639000323535,0.550192532952596,0,-0.204763241305334,NaN,NaN,NaN,NaN,27.0343801265281,0.0130801551438593,2.48449288038193,NaN,7.47212354324787,8.1623689155769,NaN,,1298.54998658346,29.9959805323121,166.716531825124,0.410176777999999,60.0601890688023,2.446757502,1.67216594366964,0.479892287534987,97.8771083716959,NaN,NaN,NaN,NaN,19.0398818416667,0.05003399880911,11.4786974754809,42.1339267206103,7.39224118767437,23.5738037043204,0.0113897797860741,,1298.99183761149,30,162.476756567568,0.450204067999999,39.9939604165115,2.47463052,1.16199995156402,0.727540208119559,96.9936607305331,NaN,NaN,NaN,NaN,14,0.122930000301713,12.4739386095913,72.6205636968774,7.37123002236921,25.6970982005548,0.0100195477817434,,1301.0081585739,30,163.135452865756,0.599269201999999,20.0032296706019,2.592998326,1.5609461292073,0.869242358967478,95.7016334250992,NaN,NaN,NaN,NaN,14.7184639152284,0.263251004464584,14.0417916326288,1.47430578312555,7.31852923026172,29.1471675456062,0.589609872940234,,1300.77972777707,30,163.903307045308,0.498528985999999,10.0060829146637,2.686103166,3.37923776617187,2.99604813884316,87.0843835800398,NaN,NaN,NaN,NaN,15.8385586108333,1.79956732198699,14.0732479252323,1.74250877642019,7.39590149975135,27.5116528576885,1.71940054748848,,1299.7511555466,29.9969993638041,164.177278864463
32.75,5.411387014,0,5.808017528,0.713445174969296,0,-0.240045012807631,NaN,NaN,NaN,NaN,27.2956835247117,0.275263934489329,3.67295003121582,NaN,6.4742274124761,8.76551909951416,NaN,,1300.49231533608,30.0008017690423,172.505529615286,1.166604908,0,4.26767942619899,0.482785494076369,0,-0.205410620934386,NaN,NaN,NaN,NaN,28.6177496571926,0.0130000002682209,2.44206989204547,NaN,7.47206616798533,8.0879428316205,NaN,,1298.46721413622,30,166.720311627496,0.410176777999999,59.9807823514275,2.446757502,1.68240546734216,0.479355822474435,97.8975360405077,NaN,NaN,NaN,NaN,18.9194886993333,0.0499596593038995,11.4512406747507,42.0843531831588,7.39231628264061,23.5215773576712,0.0113904585025897,,1300.51704715749,30,162.473733500312,0.450204067999999,40.0275837859351,2.47463052,1.20987321949849,0.745246893831046,97.1126500122213,NaN,NaN,NaN,NaN,14,0.125765158638302,12.4897239343553,72.2393821684021,7.36426835104128,25.7275014976611,0.0103175034222624,,1300.64684307152,30,163.13357981632,0.599269201999999,20.0144600065868,2.592998326,1.42733409847272,0.859054173976105,95.7321108467989,NaN,NaN,NaN,NaN,14.5876893494382,0.260078770875077,14.0007106031017,1.46580665433994,7.31224592748852,29.0659822008149,0.586069651615607,,1298.76584656105,30.0016140188794,163.902257682279,0.498528985999999,10.0116541830957,2.686103166,3.46904681008801,2.95199729984809,87.2459591746327,NaN,NaN,NaN,NaN,16.017602233995,1.77317127992135,13.9181702046012,1.71655391830852,7.39750574953014,27.2052615383707,1.7197273414911,,1300.47484651431,30.0093550134677,164.176748857517
32.8333333333333,5.411387014,0,5.8149413048861,0.704281460039165,0,-0.233641273624109,NaN,NaN,NaN,NaN,26.2130498491216,0.273043251939647,3.69749758203054,NaN,6.47414251899,8.80888489684176,NaN,,1299.36089212653,30,172.512248123784,1.166604908,0,4.27185447988792,0.525847722456246,0,-0.202231810931036,NaN,NaN,NaN,NaN,28.5121361387715,0.0130000002682209,2.36141767372614,NaN,7.47240648259741,7.94650017665385,NaN,,1300.8444635733,30,166.724485985357,0.410176777999999,59.9751744365769,2.446757502,1.64960952352228,0.477562914931085,97.8632965493922,NaN,NaN,NaN,NaN,19,0.0497986816533236,11.4832247157361,41.9995377434723,7.39259152500169,23.5824086140455,0.0113707633990642,,1301.15581316264,30.0004031112146,162.470711877388,0.450204067999999,39.9893394933576,2.47463052,1.17601890352474,0.745121813784859,97.0514958202562,NaN,NaN,NaN,NaN,14,0.125723449242942,12.5826623262979,72.1939087034078,7.36403871045833,25.9069296196854,0.0103228733676025,,1299.88628706912,30.0031399491437,163.131705398749,0.599269201999999,20.0142918370298,2.592998326,1.50283037112631,0.847972141637722,95.7742430862449,NaN,NaN,NaN,NaN,14.5258323241667,0.256640771551912,14.0203227389415,1.4525608140171,7.30954739274189,29.1047045798905,0.583788040626397,,1298.91789104952,30.0004036400384,163.901207696776,0.501964535814637,10.0001962592318,2.686103166,3.36236147426695,2.8998746177364,87.399019997507,NaN,NaN,NaN,NaN,15.4991888108383,1.74180204925696,14.0864878749673,1.68924209544322,7.39885937589695,27.5377766388942,1.71667676953811,,1300.64315028517,30.0039244595917,164.179517920935
32.9166666666667,5.411387014,0,5.8231107616765,0.708920616211872,0,-0.236047138386517,NaN,NaN,NaN,NaN,26.1952899005,0.269713293250622,3.73031019624863,NaN,6.47405551162012,8.86687076124682,NaN,,1298.89558174379,30,172.520420952978,1.166604908,0,4.276559778,0.534307850460036,0,-0.20448658338721,NaN,NaN,NaN,NaN,31.6389348491667,0.0130000002682209,2.36868846392195,NaN,7.47345946427559,7.95924964115055,NaN,,1300.34988048582,30.0012093863467,166.729292309376,0.410176777999999,60.0660382074241,2.446757502,1.61650816503425,0.473807426059955,97.9373144559182,NaN,NaN,NaN,NaN,18.6387280575,0.0493561767871838,11.51748840527,41.9204029513076,7.39225399732865,23.6476562198511,0.0113025235505268,,1300.54520604344,30.0004054145686,162.467689437233,0.450204067999999,39.9453586662941,2.47463052,1.15347296530008,0.73615359212523,97.1601448121898,NaN,NaN,NaN,NaN,13.5690666879262,0.124367115199302,12.4407862705037,72.3062102450264,7.36503363215667,25.6331426057381,0.0101825112410826,,1301.88156840661,30.0000796858828,163.129831771322,0.599269201999999,19.9841110809805,2.592998326,1.58917243940076,0.836622428472167,95.8190093926939,NaN,NaN,NaN,NaN,14.9198488003333,0.253191085768222,13.9715462142503,1.44240331736732,7.30680542018511,29.0084875812187,0.580038358861246,,1298.41732856073,29.9991447428217,163.900157549545,0.508269514907826,10.0093660628326,2.686103166,3.39935986864974,2.8478389329592,87.6033860529058,NaN,NaN,NaN,NaN,15.794820700887,1.71114046525123,14.1506215661828,1.67680494659923,7.39902567927741,27.664599713284,1.69845486559651,,1300.73160354329,30,164.18536264922
33,5.411387014,0,5.828196736,0.688101638450198,0,-0.235992259036986,NaN,NaN,NaN,NaN,26.2993427355,0.267429371911983,3.7007735867517,NaN,6.47525101677542,8.81467719979516,NaN,,1298.35398854604,30.0008034390338,172.525708823286,1.166604908,0,4.27743209661164,0.519520028768088,0,-0.201148425117803,NaN,NaN,NaN,NaN,32.0027653733333,0.0130941321823405,2.43182427451499,NaN,7.47186456516582,8.06997022297672,NaN,,1302.26963759491,30.0020048208106,166.730063762674,0.410176777999999,60.0279411582281,2.446757502,1.61516785987989,0.471507886848758,97.870643772498,NaN,NaN,NaN,NaN,18.7801757190795,0.0490963840851273,11.4278511509584,41.8361088692864,7.39236177423378,23.4771990630421,0.0112704221992022,,1299.29588922759,30.0064233501208,162.464663866641,0.450204067999999,40.0244744349498,2.47463052,1.17275119020396,0.727444363054644,97.1887141079641,NaN,NaN,NaN,NaN,13.7878079737405,0.122823201067203,12.3869782935255,72.1521115586085,7.36502547934714,25.5294535351258,0.0100834513885258,,1300.88172103903,29.9989500187501,163.127958755666,0.599269201999999,19.9476209381967,2.592998326,1.58902146052354,0.827323158609439,95.9365287379274,NaN,NaN,NaN,NaN,14.3235458885,0.250567386479315,14.0178728245053,1.43247419687805,7.30451183754527,29.099875515849,0.577557065046157,,1302.87053688469,29.9988325723921,163.899107731719,0.511750091796601,10.0007029253109,2.686103166,3.42584694858636,2.8030470494846,87.6447987501524,NaN,NaN,NaN,NaN,15.5280500834463,1.68489708287416,14.1680120123752,1.68875887714077,7.39924549826829,27.6990140052,1.6598358043275,,1299.71606578896,30,164.188244531211
33.0833333333333,5.411387014,0,5.828196736,0.683731133522209,0,-0.235800804790388,NaN,NaN,NaN,NaN,25.7283453025,0.264617673305631,3.65591454520708,NaN,6.47469033339705,8.73542719552662,NaN,,1299.76262067327,30.0008016715834,172.525708823286,1.166604908,0,4.281585102,0.487046015341902,0,-0.207436240604695,NaN,NaN,NaN,NaN,27.1796265932412,0.0131054046842333,2.46099354355248,NaN,7.47252823936866,8.12113939693874,NaN,,1299.64469292543,30,166.734317633376,0.410176777999999,60.0248524107756,2.446757502,1.62209678321726,0.467949884055231,97.9815485943876,NaN,NaN,NaN,NaN,18.7375436692547,0.0487189244914717,11.4542328328405,41.4722580412971,7.39245597419808,23.527270583993,0.0112835172165937,,1299.77499110316,30.0001417962221,162.461637968762,0.450204067999999,39.9920701099418,2.47463052,1.16509423680311,0.720088824347272,97.1954059824793,NaN,NaN,NaN,NaN,13.8396614426667,0.12145765355581,12.4449964648622,71.7891814656061,7.36652145328372,25.6412479962905,0.0100320626887435,,1300.07261770911,29.9994409129205,163.126084221022,0.599269201999999,20.0084622360847,2.592998326,1.41029537248566,0.817871259196758,95.9905333836725,NaN,NaN,NaN,NaN,14.3893635531667,0.247919103500026,13.9761380766247,1.42631497194751,7.30561001137068,29.0174587123169,0.573433463899019,,1300.31771210166,30,163.898059034647,0.51543589,10.0156914624736,2.686103166,3.41353900308138,2.75779194922799,87.8492735978889,NaN,NaN,NaN,NaN,15.7415061885156,1.65802507057761,14.1383331814535,1.66942757623209,7.39878636354563,27.6402479354023,1.65195010304603,,1299.24079401019,30,164.191536514608
33.1666666666667,5.411387014,0,5.828196736,0.70010694904814,0,-0.239050996586176,NaN,NaN,NaN,NaN,25.195973452,0.262599547820277,3.70708659206647,NaN,6.47441849284975,8.82583004521443,NaN,,1298.92379719473,29.9995979302259,172.525708823286,1.166604908,0,4.28460482095955,0.525985874454664,0,-0.202303261905522,NaN,NaN,NaN,NaN,27.9688974517588,0.0130421597045393,2.55805517743782,NaN,7.47294130731164,8.2914634680308,NaN,,1300.53132971678,30.0020118121607,166.737237878073,0.410176777999999,60.0062793414779,2.446757502,1.56172191355652,0.464036775317825,98.078410024442,NaN,NaN,NaN,NaN,18.5967528129991,0.0483147251915975,11.4462581347233,41.4353393649509,7.3925921962732,23.5121198954286,0.0111990909557468,,1300.95214447782,30.0014680515036,162.458612376409,0.450204067999999,39.9894623655255,2.47463052,1.17863748499606,0.708961909318039,97.2905921173483,NaN,NaN,NaN,NaN,13.8388970198333,0.119562929015733,12.5095955910132,71.7353395240093,7.36833549367561,25.7658587010719,0.00988447308231757,,1299.92206560179,30,163.124208714982,0.599269201999999,20.0001961311478,2.592998326,1.27651986978736,0.810079097781906,96.0180239979692,NaN,NaN,NaN,NaN,14.759204957,0.245353519930696,13.9438236129427,1.42046330076162,7.30070452326569,28.953776379009,0.57030528602799,,1299.8086290672,30,163.897010175731,0.520989035716147,9.99775843900233,2.686103166,3.37657738637955,2.71700243209637,87.9356819912271,NaN,NaN,NaN,NaN,15.7868792845926,1.63359322051632,14.0706262094969,1.65385199818738,7.39861779845587,27.5064001563267,1.64282843511352,,1301.35153260044,30,164.196354701361
33.25,5.411387014,0,5.8295631559679,0.736977542752271,0,-0.236917888243471,NaN,NaN,NaN,NaN,24.5173393713333,0.260879942696419,3.67945241596431,NaN,6.47400098299956,8.77700246093705,NaN,,1301.14954877757,29.9967789162269,172.526975017294,1.166604908,0,4.28657147,0.480445243891991,0,-0.201620498077704,NaN,NaN,NaN,NaN,27.3103958348333,0.0130000002682209,2.54204012629047,NaN,7.47243501050121,8.26335073367313,NaN,,1300.02069722801,29.9995977927128,166.739304001376,0.410176777999999,59.9728124706909,2.446757502,1.59690230493762,0.462182892280839,98.0046046070983,NaN,NaN,NaN,NaN,18.7123204873731,0.048152746789427,11.4598637410499,41.4623070266441,7.39255806902404,23.5379815879321,0.0111471182608226,,1301.02924312107,30,162.455587869873,0.450204067999999,39.988687647218,2.47463052,1.16278781199319,0.703050321572987,97.3085280106136,NaN,NaN,NaN,NaN,13.919431348,0.118428226051411,12.5015683108207,71.1386300011879,7.36867833285634,25.7504080185537,0.00988580951345615,,1298.30675675433,30,163.122332579225,0.599269201999999,20.0020411860725,2.592998326,1.21692766143451,0.800247498108683,96.0242351373684,NaN,NaN,NaN,NaN,14.8807441116667,0.242323406164728,13.7879326705479,1.40707010145427,7.29721908344416,28.6464973837212,0.568749687281093,,1301.30344477682,29.996611810854,163.895960604958,0.525622884,10.0166083830248,2.686103166,3.42903992387556,2.67812317986135,88.0460687150692,NaN,NaN,NaN,NaN,15.2027574848918,1.61038838582962,14.1055999247814,1.62726638453913,7.39592029203661,27.5755171401709,1.64580815514668,,1298.85608810022,30,164.200664415873
33.3333333333333,5.411387014,0,5.833202582,0.664060102092426,0,-0.235326914932025,NaN,NaN,NaN,NaN,27.6000826053333,0.259700466988255,3.67431363109515,NaN,6.47398103842874,8.76792377490293,NaN,,1300.44043648276,30,172.530714669286,1.166604908,0,4.28994931165528,0.509839651049435,0,-0.200029706648974,NaN,NaN,NaN,NaN,30.5045771158333,0.0130789185758233,2.4694617411519,NaN,7.47286950604085,8.13600044455062,NaN,,1299.23311368331,30.0004006159042,166.742581748354,0.410176777999999,60.0425920440675,2.446757502,1.62948084886471,0.460843497691581,98.0721307649804,NaN,NaN,NaN,NaN,18.3629754752936,0.0479988948408012,11.3910814681697,41.3484109307276,7.39216430277036,23.4072316742023,0.0111454891451141,,1299.1202878157,30,162.452564267514,0.450204067999999,40.0002419785222,2.47463052,1.13893526384177,0.692184452797388,97.234868304692,NaN,NaN,NaN,NaN,13.8823222596675,0.116662734525685,12.4465815670855,71.3440594825462,7.36848333363096,25.6442985169403,0.00970352755483044,,1297.6401315697,29.9943755961622,163.120454790925,0.599269201999999,20.0359994858889,2.592998326,1.26710973601563,0.791568541046982,96.0974765123887,NaN,NaN,NaN,NaN,14.6256050341667,0.239624198744097,13.9183918283757,1.40126068392584,7.29691994060636,28.9035157048448,0.564908221817379,,1298.57282968605,29.996032358005,163.894910889063,0.525622884,10.0066708651278,2.686103166,3.3407178243132,2.64109712124756,88.2454613180525,NaN,NaN,NaN,NaN,15.4012549664814,1.58811482589972,14.0050113454066,1.61838368076557,7.39879579719535,27.3766524814155,1.63199562966892,,1300.64723154724,30,164.200134860713
33.4166666666667,5.411387014,0,5.833202582,0.682406465671768,0,-0.235875013340912,NaN,NaN,NaN,NaN,29.5958288591124,0.257987801126995,3.75050632771587,NaN,6.47441949902089,8.90256408005505,NaN,,1299.10870643471,30,172.530714669286,1.166604908,0,4.29313268564492,0.479709104672037,0,-0.204023152726996,NaN,NaN,NaN,NaN,30.6567282871596,0.0131208640396987,2.42335069399858,NaN,7.47303970075141,8.05510789797402,NaN,,1300.65452100415,29.9975892186162,166.745763895806,0.410176777999999,60.0456173280672,2.446757502,1.6228629398695,0.459466381245321,98.0765619276585,NaN,NaN,NaN,NaN,18.9196701095,0.0478049874661949,11.4297357094556,41.4560645416493,7.39224142704842,23.4807012446884,0.0110832781946012,,1299.04330611492,29.999973266747,162.449538005459,0.450204067999999,39.9970173838795,2.47463052,1.14637831339008,0.684045228512996,97.3726537659986,NaN,NaN,NaN,NaN,13.6759681119992,0.11520041273203,12.5021504523974,70.9949972439128,7.37081431704181,25.7515991140084,0.00963668159666134,,1299.21099790727,30.0024191832111,163.118577180253,0.599269201999999,20.0066804209017,2.592998326,1.27166806415375,0.784831483602621,96.1485713210287,NaN,NaN,NaN,NaN,14.4110367013333,0.237376135397582,13.9801060363635,1.39348477513693,7.29679961677498,29.0253037058806,0.563222576609225,,1301.11667895422,29.9989325623155,163.893860584347,0.531297051769387,9.97133690788868,2.686103166,3.41212860523119,2.59551679490141,88.3651518505394,NaN,NaN,NaN,NaN,15.682573749852,1.56108779081826,14.1299192891968,1.63590005858971,7.39830209761322,27.6236124796009,1.58663492107582,,1299.67865754156,30,164.205142259769
33.5,5.411387014,0,5.833202582,0.693831908872309,0,-0.233073921871831,NaN,NaN,NaN,NaN,25.9326057338876,0.257142031645123,3.76130168557784,NaN,6.47517985799331,8.92164624005916,NaN,,1301.5628133907,30,172.530714669286,1.166604908,0,4.29660264,0.5127713209013,0,-0.204662790506501,NaN,NaN,NaN,NaN,30.6676325943404,0.0132816118833806,2.38268848765798,NaN,7.47333198408472,7.98379773953639,NaN,,1298.73960304013,30,166.749335171376,0.410176777999999,60.0417723970583,2.446757502,1.55442022796164,0.455779017426069,98.134627148986,NaN,NaN,NaN,NaN,19.0402030648333,0.0474427848996681,11.4622868998061,41.2673510669501,7.39236083750001,23.5426063562597,0.0110446141199361,,1300.04760644924,29.9996249592457,162.446511400212,0.450204067999999,40.0377267536897,2.47463052,1.18026222057502,0.676461920894761,97.4199737665021,NaN,NaN,NaN,NaN,13.8755263555646,0.113913670852872,12.5526556775269,71.0813085650557,7.37343034191039,25.8489724938516,0.00951824539023182,,1300.61718267594,30.0060106758336,163.116699583696,0.599269201999999,19.9763362790415,2.592998326,1.27685501288255,0.776074901826689,96.119751035868,NaN,NaN,NaN,NaN,14.7993974111667,0.234854882274796,13.971408319904,1.38447921750886,7.29695983661286,29.0081404244166,0.560562297790837,,1303.02237242058,30,163.892810032984,0.532582834164433,10.0113161798728,2.686103166,3.38799899734931,2.55714080623904,88.5162714103444,NaN,NaN,NaN,NaN,15.6912442355,1.53925607486696,14.1833935596882,1.60698411256585,7.39923902192123,27.7295069266401,1.59127866005357,,1300.88645478084,29.9918872987226,164.20596927671
33.5833333333333,5.411387014,0,5.833202582,0.712456322643687,0,-0.238376053354171,NaN,NaN,NaN,NaN,27.690895724,0.255422866290486,3.72404696415711,NaN,6.47538979270779,8.85580088980642,NaN,,1299.33813887504,30.0025634203224,172.530714669286,1.166604908,0,4.29660264,0.494229649717735,0,-0.201607076780885,NaN,NaN,NaN,NaN,30.7001633131667,0.0134815093669797,2.41749790105864,NaN,7.47167323114159,8.04484361846602,NaN,,1300.283926274,30,166.749335171376,0.410176777999999,59.9826898795629,2.446757502,1.54740477690284,0.455823866543938,98.0620592693621,NaN,NaN,NaN,NaN,19.0402479421667,0.0474392274646331,11.4858736084133,41.2312751075796,7.39193354493591,23.5874728542978,0.0110553960777715,,1299.20228745157,30,162.443484517321,0.450204067999999,39.9684216759926,2.47463052,1.17235931763593,0.671277050154248,97.4136423623676,NaN,NaN,NaN,NaN,13.8025239439354,0.113000058592995,12.5688438019855,70.9828411416477,7.37573918041729,25.8802542126906,0.00945852894505596,,1300.15939999908,30,163.114820746486,0.599269201999999,20.0216715200537,2.592998326,1.16252278799209,0.767018340207952,96.1857275720856,NaN,NaN,NaN,NaN,14.759171935,0.232230371981371,13.9230371354235,1.38020249477966,7.29768504884591,28.9127158903741,0.555748847402408,,1299.76061403798,30,163.891760337295,0.539228748793688,10.0064761366382,2.686103166,3.36171074881901,2.51568306649113,88.6535444592421,NaN,NaN,NaN,NaN,15.6681424721077,1.51442895799453,14.1094726124225,1.5867575760058,7.39846989465388,27.5832146627288,1.58544216050034,,1298.71961896576,29.9899997711182,164.212015444719
33.6666666666667,5.411387014,0,5.833202582,0.73108284444366,0,-0.235107071256569,NaN,NaN,NaN,NaN,27.1603852236667,0.255441079807315,3.76562870031588,NaN,6.47340758571561,8.92929443507172,NaN,,1299.26573000102,30.0010455368349,172.530714669286,1.166604908,0,4.30136509841007,0.60092050779767,0,-0.202098457985193,NaN,NaN,NaN,NaN,31.839530596,0.0134824757618048,2.47279093924956,NaN,7.47314618265466,8.14185005143465,NaN,,1300.05229011606,29.9994310263655,166.753995184676,0.410176777999999,60.0168053631438,2.446757502,1.61786210842249,0.451299065249893,98.1104295264382,NaN,NaN,NaN,NaN,19.0400546525,0.0469999983906746,11.4049370216604,41.1223348400637,7.39210727350283,23.4336053279779,0.0109746148405028,,1300.45035743495,30,162.440459604741,0.450204067999999,39.9860545320825,2.47463052,1.18269690463954,0.664013843735024,97.4488308790355,NaN,NaN,NaN,NaN,13.7589739406667,0.111859720573047,12.5571096395054,70.9977016045326,7.3776573509163,25.857572681031,0.00935402242644101,,1300.33189483492,30,163.112942472475,0.599269201999999,19.9858382294966,2.592998326,1.44727342859448,0.759893330960759,96.1692449612881,NaN,NaN,NaN,NaN,14.7250636862515,0.229995550061232,13.857996486347,1.38557158480337,7.2968777615182,28.7845061668794,0.548452955745645,,1302.43943314121,30,163.890710418976,0.542605121141568,9.99603740327804,2.686103166,3.39010249981766,2.4818330652378,88.777511867205,NaN,NaN,NaN,NaN,16.332368709059,1.49385892378228,14.0639871666415,1.56855029748775,7.39819659383032,27.4932146867926,1.58226633384372,,1301.79444167021,29.9899997711182,164.214983636485
33.75,5.411387014,0,5.833202582,0.70658605467927,0,-0.237430779323134,NaN,NaN,NaN,NaN,26.2200134096667,0.253949440519681,3.75394120283342,NaN,6.47421725186669,8.90864521946375,NaN,,1299.06170561069,30,172.530714669286,1.166604908,0,4.30435049102596,0.501405281247829,0,-0.201349060057492,NaN,NaN,NaN,NaN,29.2913793167411,0.0133341604020684,2.57561351561774,NaN,7.47357433477247,8.32229646584573,NaN,,1300.16178465769,29.9949419209328,166.756982072922,0.410176777999999,59.976327504621,2.446757502,1.59235842362142,0.449493068577678,98.0788651133605,NaN,NaN,NaN,NaN,18.8791351171667,0.0467803351664462,11.3626395692363,40.9635201680699,7.39232205001317,23.3532449844787,0.0109730244999023,,1300.46102445653,30,162.437433496171,0.450204067999999,39.9686508981833,2.47463052,1.19351738617902,0.65753652768671,97.4953832840661,NaN,NaN,NaN,NaN,14,0.110759086345746,12.4614236154963,70.7454546651379,7.37796805019822,25.672934841585,0.00929596027161197,,1299.85692792895,30,163.111064607082,0.599269201999999,20.018993944565,2.592998326,1.48395156050052,0.752274293634429,96.225660850661,NaN,NaN,NaN,NaN,14.6323299029152,0.22777421347014,13.7929888979333,1.37512368213572,7.29628379067138,28.6564865935339,0.547072341028707,,1301.55863779096,30,163.889660660735,0.545940412708874,10.0005851145224,2.686103166,3.38589325796508,2.4479132202171,88.8716459834612,NaN,NaN,NaN,NaN,16.636100917,1.47431817746617,14.1361626755774,1.56500081037998,7.39895739480626,27.6359661484339,1.56428207985547,,1300.87408471476,29.9907685876996,164.21775622639
33.8333333333333,5.411387014,0,5.833202582,0.678381774069438,0,-0.23560215814598,NaN,NaN,NaN,NaN,29.0135995398207,0.254525161223837,3.69997581993474,NaN,6.47355853935152,8.81326748836188,NaN,,1301.33316889206,29.9947473464307,172.530714669286,1.166604908,0,4.306692244,0.489963590434539,0,-0.200256523763784,NaN,NaN,NaN,NaN,30.5908635904256,0.0135873816214999,2.4617204165312,NaN,7.47441665639353,8.12241990558829,NaN,,1299.03068942307,30,166.759424775376,0.410176777999999,59.9913151263169,2.446757502,1.64129588701109,0.446206828827369,98.1994443057129,NaN,NaN,NaN,NaN,18.6229681176667,0.0464579082402771,11.3065480570402,40.8219362185378,7.39213696418271,23.2467222417119,0.0109305945734741,,1301.71258989032,29.9982364508932,162.434407657578,0.450204067999999,39.9626968113101,2.47463052,1.17072260173086,0.651744398083183,97.4016841886465,NaN,NaN,NaN,NaN,13.839333234,0.109733549619422,12.4505043688031,70.4498512480391,7.38082741274329,25.651862565386,0.00925260896177089,,1301.11127819182,29.9995982764672,163.109187034733,0.599269201999999,20.006254343899,2.592998326,1.5283089110616,0.745906010447685,96.2502939603548,NaN,NaN,NaN,NaN,14.448384545,0.225779677474119,13.8332041843888,1.37268284290923,7.2971445758468,28.7356431992735,0.54340167912467,,1301.4977764946,30.0059273719603,163.888610973342,0.547689075494148,10.022153700086,2.686103166,3.34803771934675,2.40889745237962,89.0112083438069,NaN,NaN,NaN,NaN,16.3305583386904,1.45101524172787,14.055773464804,1.55995054173023,7.39960827845191,27.4769432279009,1.54441518277068,,1298.90926494463,30.0051433200135,164.218959733771
33.9166666666667,5.411387014,0,5.83500912354288,0.746554293282893,0,-0.237184221331047,NaN,NaN,NaN,NaN,29.8215654894011,0.253800956564478,3.73062103435494,NaN,6.47312701130664,8.86741840296058,NaN,,1299.99700891347,29.9992351710049,172.532421085262,1.166604908,0,4.306692244,0.493741725699245,0,-0.204347913564316,NaN,NaN,NaN,NaN,32.8924702385,0.0136012244096034,2.53220227025475,NaN,7.47298624704562,8.24609855089744,NaN,,1301.23311575959,30,166.759424775376,0.410176777999999,60.0352266916066,2.446757502,1.60041203168619,0.444337081639627,98.2775411660127,NaN,NaN,NaN,NaN,18.8953426706667,0.0462252525910725,11.3536224819706,40.7415070191101,7.39191644611611,23.3361196708318,0.0109063606044668,,1300.19255015578,29.998544297554,162.431381343183,0.450204067999999,39.9815037847044,2.47463052,1.1467760673061,0.645537765146102,97.4582557381343,NaN,NaN,NaN,NaN,13.839210401,0.10871980806752,12.4458756051712,70.3517298633415,7.38300534138695,25.6429366996572,0.00917723617354767,,1298.23761808716,30,163.107309038099,0.599269201999999,19.9989985381545,2.592998326,1.5191697110068,0.738605121636152,96.3260280171853,NaN,NaN,NaN,NaN,14.1603381898208,0.22350435268716,13.7758379611349,1.37344093642715,7.29834783780053,28.6226907691213,0.537785434511263,,1301.18947284878,30.0029132359521,163.887560933179,0.551995043175339,10.0024419778877,2.686103166,3.35574372157825,2.37336140743181,89.0813536970328,NaN,NaN,NaN,NaN,15.9987239793096,1.42967220882447,13.9220811196737,1.56682819859731,7.39619423044094,27.2130415890008,1.51476130954087,,1298.22571264233,30.0100002288818,164.222736723754
34,5.411387014,0,5.83839164201109,0.636377758903109,0,-0.238285290035767,NaN,NaN,NaN,NaN,25.0569745213026,0.253035118238604,3.77923636047038,NaN,6.47300564237118,8.9533488571206,NaN,,1301.70527491752,30.006823488627,172.535802190784,1.166604908,0,4.30710733108885,0.520161187698088,0,-0.202914602769938,NaN,NaN,NaN,NaN,27.0422673512707,0.0136868728150665,2.41961963756583,NaN,7.47151936144205,8.04858786621342,NaN,,1299.45615953827,30,166.759735906136,0.410176777999999,59.9701888794445,2.446757502,1.58269508812408,0.442801040062001,98.193906135467,NaN,NaN,NaN,NaN,18.9202287493333,0.0460802446870927,11.3215022985067,40.6017079813264,7.39222689058468,23.2751028146786,0.0109059569669996,,1300.58616859524,30,162.428353993738,0.450204067999999,40.0121691338225,2.47463052,1.18987884186706,0.640981605766946,97.5015660348077,NaN,NaN,NaN,NaN,13.3828605511667,0.107879396164325,12.3976973087124,70.472303951915,7.38324625860684,25.550095460441,0.00909684999272012,,1302.35721311897,29.9942343964455,163.105429934263,0.599269201999999,19.998162728963,2.592998326,1.50686095434892,0.732001825365829,96.3671376738803,NaN,NaN,NaN,NaN,14.6237305963459,0.221513588123277,13.746092270474,1.36239337747081,7.29900026321411,28.5641825477322,0.537301861268169,,1299.61758783106,29.998800139558,163.886510877564,0.552697304,10.0092165489601,2.686103166,3.34016774464876,2.35184448920534,89.2793594176949,NaN,NaN,NaN,NaN,16.0296848125,1.41629176748889,13.8531942999263,1.55047640119546,7.39570722668632,27.0772394950332,1.5168598914577,,1300.03706111529,30.0100002288818,164.222977829916
34.0833333333333,5.411387014,0,5.84327228959362,0.703822649876243,0,-0.233605349632991,NaN,NaN,NaN,NaN,26.5104627273089,0.251892739111853,3.80958639400763,NaN,6.47422761979868,9.0070122675729,NaN,,1300.37798750214,30,172.540783390528,1.166604908,0,4.31179548,0.499850312856099,0,-0.199889783227876,NaN,NaN,NaN,NaN,31.6746290930627,0.013645070818193,2.45936246168838,NaN,7.47219934478724,8.11828742169198,NaN,,1300.79891353375,30,166.764528011376,0.410176777999999,60.0206590603556,2.446757502,1.60212831512336,0.441036271389028,98.1859310007321,NaN,NaN,NaN,NaN,18.959750878,0.0458794907402871,11.3016728917418,40.6059458816732,7.39227984497097,23.2374587058778,0.0108614923690829,,1300.61541241435,30,162.42532719303,0.450204067999999,40.0278795923489,2.47463052,1.17447756615303,0.637521415855214,97.522448510964,NaN,NaN,NaN,NaN,13.7733160441667,0.107187705373039,12.4588810104383,70.1769703917494,7.38511341334492,25.6680159755403,0.00908590156453454,,1300.06801598931,29.9952146325225,163.103549533307,0.599269201999999,19.998666995915,2.592998326,1.51792272501486,0.72557877863468,96.3824324825877,NaN,NaN,NaN,NaN,14.8395001483907,0.219620068702291,13.7435461083059,1.35224963211841,7.29936196241002,28.5591793753224,0.536594520289245,,1298.52464316552,30,163.885460692269,0.552697304,10.002424670667,2.686103166,3.34453574947826,2.32520375352362,89.2447409277326,NaN,NaN,NaN,NaN,16.3533122311292,1.40023659837347,14.0155125455463,1.53428509921835,7.39644479699169,27.3974244158838,1.51554470202544,,1300.60994389782,30.0049691754228,164.222449076481
34.1666666666667,5.411387014,0,5.843272708,0.719256212081306,0,-0.23599368840578,NaN,NaN,NaN,NaN,27.8670647418333,0.252190996831755,3.80869411660215,NaN,6.47360050977465,9.00543105696892,NaN,,1299.40710681733,30,172.540784795286,1.166604908,0,4.31628290587769,0.510148035420831,0,-0.200873968281586,NaN,NaN,NaN,NaN,32.5951042911297,0.0139936995678641,2.43644616500986,NaN,7.47166166521909,8.07807922300481,NaN,,1299.28682230478,29.9984539357525,166.768510216838,0.410176777999999,59.9124775862558,2.446757502,1.58111009371334,0.440675115319912,98.2027860354068,NaN,NaN,NaN,NaN,18.7993064583333,0.0458743801422153,11.3235035438681,40.5067162914436,7.39241044132978,23.2789188703872,0.0108791962991501,,1300.77427991614,30,162.422300208347,0.450204067999999,40.0517732755942,2.47463052,1.18701950685766,0.63214594579574,97.5570741724748,NaN,NaN,NaN,NaN,13.6788691586667,0.106182760163559,12.3591841716673,69.9764497379837,7.38869665265537,25.4759552351631,0.00903551847819747,,1302.83951110517,29.9989024226624,163.101667949098,0.599269201999999,19.9965131179244,2.592998326,1.51855332325326,0.718385042786766,96.3602017814108,NaN,NaN,NaN,NaN,14.6793524997759,0.217509136995906,13.7201399488081,1.33848484481922,7.29920030086005,28.5131624408841,0.53673246005236,,1301.28506627129,30,163.884410943806,0.552697304,10.0011059411431,2.686103166,3.38118388243762,2.28712025670343,89.3541244544732,NaN,NaN,NaN,NaN,16.4784043445375,1.37738587630857,13.9918689091347,1.51469444254207,7.39779320577594,27.3506959516111,1.51003731958292,,1300.7493409769,30.0068201627559,164.221920206923
34.25,5.411387014,0,5.843272708,0.705329607830174,0,-0.236173653742349,NaN,NaN,NaN,NaN,32.9730543658117,0.251493128409013,3.74976827227929,NaN,6.47331714303916,8.90125905840017,NaN,,1301.23962380067,29.9927707711066,172.540784795286,1.166604908,0,4.336883144,0.539371404913675,0,-0.202203254864135,NaN,NaN,NaN,NaN,30.2713804528703,0.0138798845214452,2.41777349631805,NaN,7.48014608409904,8.04532653935327,NaN,,1299.30998961414,29.9899997711182,166.789615675376,0.410176777999999,59.9907637785844,2.446757502,1.6275770940524,0.435424063887736,98.2310418450974,NaN,NaN,NaN,NaN,18.8462232473698,0.0453190389203966,11.2530697736679,40.4802174272746,7.39227933834289,23.1452396923326,0.0107565300664222,,1301.46706665915,30,162.419275433914,0.454796921949229,40.0144958956827,2.47463052,1.1665752760394,0.62719689616079,97.5683174085716,NaN,NaN,NaN,NaN,13.6780779921667,0.105357210046991,12.3742949819509,70.1633658264068,7.39720285847722,25.5050222481493,0.00894058855968769,,1302.5400935391,30,163.104075392686,0.599269201999999,20.0041270777568,2.592998326,1.53176214920864,0.710738932739047,96.4172630027195,NaN,NaN,NaN,NaN,14.558623683642,0.215187801298421,13.7444786253768,1.32552569753078,7.2971119535218,28.561029241844,0.536203202630998,,1301.97364163189,30,163.883361325119,0.556610759980415,10.0149400435545,2.686103166,3.34278244251145,2.24686434080002,89.4627859577202,NaN,NaN,NaN,NaN,16.385508171,1.35433452393769,14.0661993423249,1.55742449873835,7.39770444512862,27.497573779167,1.44409853890428,,1299.48435159714,30,164.225172158311
34.3333333333333,5.411387014,0,5.84519509441746,0.64006510288528,0,-0.233669647828241,NaN,NaN,NaN,NaN,31.205581389355,0.251824163849209,3.76846998997927,NaN,6.47415810530819,8.93431566666844,NaN,,1300.22951588023,30,172.542605395411,1.166604908,0,4.336883144,0.508017869738827,0,-0.20173391847353,NaN,NaN,NaN,NaN,29.5659766924595,0.0140000004321337,2.41436089538784,NaN,7.48224131800272,8.0393414346699,NaN,,1299.25080785411,29.999494531996,166.789615675376,0.410176777999999,59.9929510151745,2.446757502,1.64458703913938,0.436649578914464,98.2326469966746,NaN,NaN,NaN,NaN,18.9517562402969,0.0454405174991896,11.3194474810978,40.3689005562186,7.39228048177937,23.2711960445838,0.0108164861600618,,1301.2412048602,30,162.416249133373,0.471693914892371,40.0138136449319,2.47463052,1.17169420513497,0.625209611506812,97.6494157817982,NaN,NaN,NaN,NaN,13.7248863340127,0.105044024459922,12.3045898684383,69.7629513645577,7.4035210120912,25.3708893516892,0.0089633939492562,,1300.90906441823,30,163.118881417861,0.599269201999999,19.9914499287951,2.592998326,1.52702564212249,0.707224080782425,96.4901605390968,NaN,NaN,NaN,NaN,14.7169245970246,0.214062539813174,13.7827758991738,1.32434168641565,7.29443300400773,28.6363654180747,0.534040972669146,,1301.14864041673,29.9967122503864,163.882311701193,0.559280867999999,9.99802920273485,2.686103166,3.3465885305031,2.21553226105395,89.6492440892729,NaN,NaN,NaN,NaN,15.888155024019,1.33545791649279,13.8411260230039,1.54261777227156,7.39660891417955,27.0534615590094,1.4369052525678,,1299.77881664304,30,164.227446959265
34.4166666666667,5.411387014,0,5.84831751,0.746791330746246,0,-0.232708410186374,NaN,NaN,NaN,NaN,29.1748071565,0.251437072333099,3.79097542945891,NaN,6.47511559400732,8.97410617845206,NaN,,1301.36113900413,30,172.545829597286,1.166604908,0,4.336883144,0.49111835791953,0,-0.202354808620366,NaN,NaN,NaN,NaN,30.2483692347756,0.0139595700181733,2.47667536771388,NaN,7.48156053314816,8.14865087950653,NaN,,1299.95367635342,30,166.789615675376,0.410176777999999,60.0148425967413,2.446757502,1.64525891293,0.433909112057709,98.3094119045783,NaN,NaN,NaN,NaN,19.039805417,0.0451311734457783,11.3723017629692,40.3607576923993,7.39234480116071,23.3716189411217,0.0107508800074154,,1299.531086002,30,162.413222096177,0.499646498643022,39.9893410959929,2.47463052,1.21413705292784,0.633416693835164,97.660806569441,NaN,NaN,NaN,NaN,13.833058677654,0.10642047649309,12.3906669785693,69.6393838028506,7.3839224347578,25.5365901924543,0.0090966459005335,,1299.64472009589,30,163.145065858901,0.599269201999999,19.9699059387005,2.592998326,1.54325577501958,0.699620033335561,96.4892582922663,NaN,NaN,NaN,NaN,14.7136991848748,0.211874015628146,13.7472992975972,1.3245333677336,7.29291662564699,28.5665605538814,0.528209577347436,,1300.19086045832,29.9984574091085,163.8812620018,0.559280867999999,10.0146447765026,2.686103166,3.29296120195437,2.18755161764626,89.8281235781668,NaN,NaN,NaN,NaN,16.3417059373791,1.31888133700525,13.8087935622746,1.55426179506211,7.39800684678918,26.9897701391311,1.40763598681297,,1298.13940353688,30,164.226918731459
34.5,5.411387014,0,5.84831751,0.725832299217201,0,-0.233785749644092,NaN,NaN,NaN,NaN,31.5061376853333,0.252040443970653,3.80671520263082,NaN,6.4745734993548,9.00193092968055,NaN,,1300.28683660089,29.9959761232846,172.545829597286,1.166604908,0,4.336883144,0.561996587111415,0,-0.201610124500327,NaN,NaN,NaN,NaN,29.182776011836,0.0140000004321337,2.39456535260031,NaN,7.48064366762901,8.00462587795657,NaN,,1300.44072155516,29.9994632065424,166.789615675376,0.410176777999999,59.9828219822204,2.446757502,1.68356350335278,0.433352581584048,98.3078849423594,NaN,NaN,NaN,NaN,18.9599113076667,0.0450801266855283,11.220036894379,40.3498108418779,7.39269806498324,23.0826093322698,0.0107400539517124,,1301.94083737543,29.9993943584266,162.410194311057,0.519915945325074,40.0166710061291,2.47463052,1.20488273723076,0.657540305939365,97.6650930798207,NaN,NaN,NaN,NaN,13.718680481,0.110476032509118,12.366843918304,69.4186939008432,7.35058379254426,25.4906686721385,0.00947354825908703,,1299.06804327714,30,163.163645300661,0.599269201999999,19.9650694313881,2.592998326,1.53121047760878,0.692153876569007,96.5505097482912,NaN,NaN,NaN,NaN,14.5712493085247,0.209740474897734,13.6776493834656,1.31009370825725,7.29161107905467,28.4296835612542,0.528337321702779,,1299.31793220721,30,163.880213031054,0.563210563084577,9.99130636436043,2.686103166,3.31567566812657,2.1531674990186,89.9043284466996,NaN,NaN,NaN,NaN,16.2918098466019,1.29846487168721,13.8063586275029,1.56944736699626,7.39804747429321,26.9849424681473,1.37276559587903,,1298.08257634986,30,164.230183750116
34.5833333333333,5.411387014,0,5.84831751,0.74124985408147,0,-0.233181007199826,NaN,NaN,NaN,NaN,27.4522170578333,0.251106309788199,3.78360808238251,NaN,6.47347565506456,8.96107844510975,NaN,,1298.70934811468,30.000841484848,172.545829597286,1.166604908,0,4.336883144,0.548489507969694,0,-0.201864162390881,NaN,NaN,NaN,NaN,30.0392280777826,0.0140000004321337,2.42317056332236,NaN,7.47926823515518,8.05479465776846,NaN,,1300.00285675237,29.9899997711182,166.789615675376,0.410176777999999,59.9875720250167,2.446757502,1.65048072295742,0.428408030595215,98.3125487993387,NaN,NaN,NaN,NaN,18.758592757,0.044557865731439,11.2948493916847,40.2950860589575,7.39249700789727,23.2245040288515,0.0106319533937576,,1302.94540715054,29.9977877669872,162.407166363409,0.525784191725874,39.9763896745306,2.47463052,1.15611677624515,0.673312779656928,97.7407376197811,NaN,NaN,NaN,NaN,13.6581340016667,0.112985433146911,12.3744262012269,68.7880632833182,7.38024405620806,25.5052603955863,0.00979167181476549,,1301.35569502719,29.996581550178,163.167696434665,0.599269201999999,20.0329182805308,2.592998326,1.48691975182961,0.686495400794814,96.6220373793138,NaN,NaN,NaN,NaN,14.5885574619339,0.20804993917183,13.6830589551596,1.30693452823164,7.28881780389199,28.4402801561329,0.525288859735891,,1300.4454902897,30,163.879164608893,0.56607869,10.0068649510797,2.686103166,3.31695701238089,2.12695486059678,90.0083982998006,NaN,NaN,NaN,NaN,16.5515796201667,1.28257782152622,13.7283812750103,1.51407503658111,7.39686365475705,26.8315324330044,1.40503650313598,,1300.82977023522,30,164.232660350255
34.6666666666667,5.411387014,0,5.84831751,0.728798461606323,0,-0.231147156590428,NaN,NaN,NaN,NaN,28.776325781,0.251568896778389,3.83991082663347,NaN,6.47275386452304,9.06063146272257,NaN,,1300.08610127695,30.0028038595921,172.545829597286,1.166604908,0,4.336883144,0.548725026911346,0,-0.201024422395315,NaN,NaN,NaN,NaN,32.575424583313,0.0140404769939049,2.39721143816793,NaN,7.47879473549545,8.00926929667251,NaN,,1298.47976514747,29.9956583786938,166.789615675376,0.410176777999999,59.9788050129563,2.446757502,1.67307373676604,0.427658150949264,98.3808805800338,NaN,NaN,NaN,NaN,18.919462783,0.0445067482033872,11.3061272474202,40.2466799196775,7.3929598604163,23.2459099543919,0.0106259616908663,,1300.40605575289,30,162.404139425728,0.527239557999999,39.9908818569917,2.47463052,1.16973421296984,0.675721742754186,97.7719431979044,NaN,NaN,NaN,NaN,13.6583917581667,0.11353792295234,12.3941266557305,69.2113706359588,7.32999328785987,25.5432633522902,0.00976467935676406,,1300.06151735135,29.9913560833727,163.167403178403,0.599269201999999,19.984891878004,2.592998326,1.52479964287945,0.681153693812869,96.6698579483449,NaN,NaN,NaN,NaN,14.839342380826,0.206150029108801,13.7227573038022,1.30440799507926,7.28729376240938,28.5183227214877,0.522201139489186,,1298.15656787652,30,163.8781153887,0.566162085819094,10.0005534062488,2.686103166,3.32217536557865,2.10260066062499,90.0848456285691,NaN,NaN,NaN,NaN,16.4117675226667,1.26809183875738,13.785239227913,1.49455918651979,7.39897430212316,26.9436407967552,1.40735386375413,,1299.87095973284,30,164.232149788032
34.75,5.411387014,0,5.84969941859981,0.678130474170107,0,-0.235297242084068,NaN,NaN,NaN,NaN,22.305650455,0.252037913665418,3.79498291412174,NaN,6.47292451631176,8.9811887234025,NaN,,1299.25479275639,29.9955566390135,172.547109481764,1.166604908,0,4.336883144,0.527466377808432,0,-0.199704773311076,NaN,NaN,NaN,NaN,31.7921016728333,0.0140844857844946,2.42241421369952,NaN,7.47759378036508,8.05346797353018,NaN,,1299.75499786503,30,166.789615675376,0.410176777999999,59.9761864080645,2.446757502,1.61498343724466,0.426681957609165,98.3741243099624,NaN,NaN,NaN,NaN,19.0397895558333,0.0443636276133278,11.2312800606721,39.9716912625543,7.39198769916342,23.1039215665244,0.0106745531050994,,1298.22835278829,29.9959806203392,162.40111225588,0.527239557999999,39.9941814138592,2.47463052,1.21597061267134,0.673085891195111,97.8382399905697,NaN,NaN,NaN,NaN,13.7488505851667,0.113106317584398,12.3166977121669,69.1551096925397,7.32919877261491,25.394170502361,0.00973454631990472,,1300.70043113924,29.9996090369963,163.165520927146,0.599269201999999,19.9796351575534,2.592998326,1.54629858732403,0.675008493117471,96.5994379111971,NaN,NaN,NaN,NaN,14.6397289163406,0.20437878407122,13.7439215094676,1.28312191511901,7.2869427744809,28.5599141758268,0.526084060518894,,1300.31029114626,30,163.87706540105,0.572527160245367,10.0013467947487,2.686103166,3.34646093638222,2.07220837829691,90.2197677832829,NaN,NaN,NaN,NaN,16.0793134086667,1.25022102818544,13.9506169408026,1.5159702806286,7.39628311068831,27.2693133155217,1.36709665750248,,1300.11902117182,29.9967813603112,164.237982271893
34.8333333333333,5.411387014,0,5.853362312,0.723020870524892,0,-0.231886037334761,NaN,NaN,NaN,NaN,24.9134817326667,0.253153615474623,3.7871572565289,NaN,6.47418057789044,8.96735130844324,NaN,,1300.997748304,29.9985187625979,172.550874399286,1.166604908,0,4.336883144,0.479473844525494,0,-0.201950878768492,NaN,NaN,NaN,NaN,31.5084938848148,0.0145993577408182,2.31974958338406,NaN,7.47661152391751,7.87345416206229,NaN,,1299.37310579952,29.9992723718696,166.789615675376,0.410176777999999,59.9791956956533,2.446757502,1.65467912482433,0.422399114194725,98.3781629434549,NaN,NaN,NaN,NaN,19.0407011226667,0.0439193274977505,11.3281139188729,39.773101634762,7.39172337969015,23.2876536624667,0.0106202238006256,,1301.93631105636,30,162.39808372707,0.527239557999999,39.9925929585348,2.47463052,1.16878998923462,0.664369171138087,97.8398522500812,NaN,NaN,NaN,NaN,13.6114061394376,0.111542006452838,12.258122219686,68.9096506348883,7.32127035110456,25.2814691445382,0.00964290543476099,,1299.26304736847,29.997174368565,163.163637224012,0.599269201999999,20.0049718923409,2.592998326,1.59491138963668,0.66889334632468,96.6390764032011,NaN,NaN,NaN,NaN,14.7848194682135,0.202610485283866,13.759529053335,1.28130165997419,7.28530479345247,28.5906044591848,0.522129254936389,,1302.62968535543,29.9995974550084,163.876016068907,0.572857033999999,9.98600980492462,2.686103166,3.41655064270466,2.05102929055722,90.2924467423021,NaN,NaN,NaN,NaN,15.9317077969579,1.23757526369823,13.9051150658556,1.51240181608092,7.39536240499727,27.1795428888816,1.35644941857506,,1300.93809368001,29.9974535185953,164.237854775322
34.9166666666667,5.411387014,0,5.853362312,0.706090950566982,0,-0.232480161859494,NaN,NaN,NaN,NaN,25.1826200158333,0.25445030149589,3.7583848164677,NaN,6.47377066972269,8.91648857009968,NaN,,1300.64979442225,29.9899997711182,172.550874399286,1.166604908,0,4.336883144,0.564183983147237,0,-0.201542351937519,NaN,NaN,NaN,NaN,35.1535210758518,0.0147911071901968,2.37118545328523,NaN,7.47575993317692,7.96362697128123,NaN,,1299.14846669613,29.9975020118469,166.789615675376,0.410176777999999,59.9895077466083,2.446757502,1.65528829728026,0.422726979074157,98.3566982982295,NaN,NaN,NaN,NaN,19.275359456,0.043958433764191,11.2713153817449,39.8669702063193,7.39212097729466,23.1798913224164,0.0106035003709432,,1299.96035517487,30.0012238647405,162.395055503239,0.527239557999999,40.0024966846511,2.47463052,1.16821737191154,0.655655246171361,97.843556718278,NaN,NaN,NaN,NaN,13.8428331363982,0.109992282905813,12.2373704965481,68.4443101511969,7.31605824276634,25.2415672026637,0.00958129502997394,,1299.41429680646,30.0060118330301,163.161751456917,0.599269201999999,19.9906414663313,2.592998326,1.54045239572124,0.664057667953952,96.7594401124974,NaN,NaN,NaN,NaN,14.6130754215341,0.20110180932304,13.7509835058196,1.28538492360845,7.28479218170137,28.5738318117983,0.516638886400906,,1299.84561430893,30,163.874966945095,0.572857033999999,10.0049830021674,2.686103166,3.36856993870878,2.02674769380508,90.4203413939286,NaN,NaN,NaN,NaN,16.1094726353754,1.2234152487816,13.9192217722135,1.48951861423387,7.39739866255006,27.2073267462388,1.36069186433522,,1300.27184318821,29.9965212173205,164.237327075793
35,5.411387014,0,5.85783364227653,0.726889086225655,0,-0.234635622986137,NaN,NaN,NaN,NaN,24.656886433,0.256640492125061,3.7960953874145,NaN,6.47403951856155,8.98315617362385,NaN,,1299.92518513857,29.9957943783865,172.555247026619,1.166604908,0,4.336883144,0.58724138606422,0,-0.199940848251128,NaN,NaN,NaN,NaN,31.3802513795627,0.0149999996647239,2.33980724229807,NaN,7.47529534928404,7.90861422576647,NaN,,1300.14710236799,30,166.789615675376,0.410176777999999,59.9934711988353,2.446757502,1.68199936547549,0.419518475201994,98.3219481308139,NaN,NaN,NaN,NaN,19.1687415542076,0.0435984290937437,11.2870575172914,39.8207723427582,7.3927519378133,23.2097222412991,0.010535269435717,,1299.62265770185,30.0023937375213,162.392026212646,0.527239557999999,39.9878337483633,2.47463052,1.23372670210978,0.645125368856543,97.9205338053938,NaN,NaN,NaN,NaN,13.8338339949975,0.108215366970205,12.3727298660848,68.3533870546056,7.32487465028973,25.5021624781344,0.00943956417989909,,1300.60571953658,30.0100002288818,163.159865803092,0.599269201999999,19.9938072744379,2.592998326,1.54702379770787,0.658296042886672,96.728317820965,NaN,NaN,NaN,NaN,14.8377558850857,0.199357581096645,13.7693770289738,1.29461858192244,7.28399991989136,28.6099917331561,0.5084966885839,,1301.3427408506,30,163.873917636269,0.572857033999999,10.0007115143181,2.686103166,3.37712091586977,1.9978709210816,90.474598211983,NaN,NaN,NaN,NaN,17.1374680743333,1.20652447179564,13.8988655009371,1.50863676249969,7.39820399448897,27.1671838481317,1.32504961212378,,1299.34860500401,30.0032089966181,164.23679964906
35.0833333333333,5.411387014,0,5.858329202,0.733282217603161,0,-0.236002055641781,NaN,NaN,NaN,NaN,25.6556198891667,0.256143352140808,3.82236012008767,NaN,6.47463632457772,9.0295940852351,NaN,,1299.95691778458,30,172.555841289286,1.166604908,0,4.336883144,0.521793351705646,0,-0.196554438087646,NaN,NaN,NaN,NaN,32.3650258102706,0.0149999996647239,2.34571461213019,NaN,7.47425788051105,7.91896886432275,NaN,,1299.11710678947,30.0036125627766,166.789615675376,0.410176777999999,59.9713900503464,2.446757502,1.62165283579596,0.418239625306345,98.4153351642398,NaN,NaN,NaN,NaN,19.1595084761257,0.0434925090627403,11.2774200244846,39.6520982776692,7.39308076795021,23.1914345782175,0.0105477621101766,,1299.58940896457,30,162.388997222375,0.527239557999999,39.9665448626239,2.47463052,1.17405039214957,0.635221954518193,97.9309534594418,NaN,NaN,NaN,NaN,13.8494254611468,0.106522796155738,12.2782932569459,68.1713358038434,7.31634933920731,25.3202459581444,0.00931972566310078,,1299.84591854847,30.0005421326479,163.157979622525,0.599269201999999,20.0198963542793,2.592998326,1.61448032799806,0.652898391308013,96.8096416687424,NaN,NaN,NaN,NaN,14.7588572421667,0.197667313804637,13.5766208826737,1.2929435965412,7.28439669431859,28.2313940146419,0.504981550167093,,1299.10915090527,30,163.872868357827,0.575174100414684,10.0191535880368,2.686103166,3.34046454885987,1.96866960945993,90.6502502331505,NaN,NaN,NaN,NaN,16.622974126,1.18867759789337,13.855294217768,1.49138016626554,7.39870011228808,27.0813510192532,1.32008217681574,,1300.35159659004,30.0024104046318,164.2385209323
35.1666666666667,5.411387014,0,5.858329202,0.758966484756361,0,-0.233181285373298,NaN,NaN,NaN,NaN,26.362160012,0.257173436255063,3.84163518209395,NaN,6.47550448727175,9.06368071533428,NaN,,1300.68609591903,30.0068375844796,172.555841289286,1.166604908,0,4.336883144,0.532138904395,0,-0.198927405276716,NaN,NaN,NaN,NaN,31.7326722634064,0.0149999996647239,2.33689777237852,NaN,7.47308772176621,7.9035092290527,NaN,,1299.45189155612,30.0008077134181,166.789615675376,0.410176777999999,59.9977640589431,2.446757502,1.69080878090163,0.414544521166473,98.4789409684038,NaN,NaN,NaN,NaN,19.1694652592367,0.0430806481888711,11.1573798455687,39.5255802472477,7.39316105348159,22.9638842010828,0.0104879597555857,,1298.40599669724,29.9983938372987,162.38596728032,0.527239557999999,40.023736873285,2.47463052,1.24256390809196,0.625152770708816,97.9439450805309,NaN,NaN,NaN,NaN,13.8885127281865,0.104822159875135,12.276575934226,67.8844669560446,7.31889926330259,25.3169946936497,0.00921054587130393,,1299.88772231385,29.9998930310669,163.156092100628,0.599269201999999,19.9888594059182,2.592998326,1.5556785083837,0.648135482276989,96.8376449289739,NaN,NaN,NaN,NaN,14.5753027776102,0.196172236320517,13.6074159042879,1.28571772044423,7.28400554110555,28.2918549384579,0.504124097360104,,1300.48790736266,30,163.87181810103,0.576777743139297,9.99359929493784,2.686103166,3.34544221758087,1.94359825797392,90.7123536063754,NaN,NaN,NaN,NaN,16.2020325903333,1.17325606180344,13.7592398777697,1.4739396687999,7.39824095468165,26.8922446866251,1.31864992091192,,1301.88397292851,30.0004019387778,164.239596576776
35.25,5.411387014,0,5.858329202,0.715615684092443,0,-0.234005216798603,NaN,NaN,NaN,NaN,25.6696668728333,0.257681522041394,3.79795648496799,NaN,6.47556448284846,8.98644612523264,NaN,,1300.24021904045,30,172.555841289286,1.166604908,0,4.336883144,0.548374866545029,0,-0.199711686354455,NaN,NaN,NaN,NaN,34.6662370115936,0.0152097633106309,2.36519263201235,NaN,7.47301202947674,7.95312433205369,NaN,,1299.32773712313,30.0009058080555,166.789615675376,0.410176777999999,59.9700786381633,2.446757502,1.59961388625789,0.413463259465956,98.4630469350815,NaN,NaN,NaN,NaN,19.1403125171322,0.0429597038144818,11.170254096922,39.421406381582,7.39324151506787,22.9882542416014,0.0104884900536257,,1301.24384928168,30,162.382937915377,0.527239557999999,39.992750010915,2.47463052,1.17102158031759,0.617007955696177,97.9687121763646,NaN,NaN,NaN,NaN,13.7582278281667,0.103336017476743,12.259060501313,67.7169077876635,7.32168584403803,25.2834997082601,0.00911312995267919,,1300.11750074664,30,163.154203508066,0.599269201999999,20.0096808848305,2.592998326,1.53043440532756,0.641398329073452,96.8204036928626,NaN,NaN,NaN,NaN,14.6001331990565,0.194206716442747,13.7068112242836,1.27702356378038,7.28399991989136,28.4869774182745,0.502283240583529,,1302.14975884363,30,163.870768209257,0.579654856,10.0074210197504,2.686103166,3.30453677060448,1.91680338467877,90.8060523132704,NaN,NaN,NaN,NaN,16.6464163765,1.15722438906096,13.8206482434341,1.45484621142383,7.3978764010538,27.0131207816831,1.31755553435515,,1298.92305670846,30,164.242014698128
35.3333333333333,5.411387014,0,5.858329202,0.746188903710597,0,-0.229031884549847,NaN,NaN,NaN,NaN,23.9077183666667,0.259488387759364,3.77677009267415,NaN,6.47522168326082,8.94899793488868,NaN,,1298.56842403855,30,172.555841289286,1.166604908,0,4.336883144,0.572789030541309,0,-0.201263535027715,NaN,NaN,NaN,NaN,33.6093728338333,0.0157671293695772,2.37458744474603,NaN,7.471953821615,7.96959460984995,NaN,,1300.40336751767,30.0023109859427,166.789615675376,0.410176777999999,59.989528240283,2.446757502,1.65044580779389,0.412892355364613,98.5069463638613,NaN,NaN,NaN,NaN,19.2010581751311,0.0429193234683155,11.1981636700585,39.4317081179002,7.39273319073975,23.0411402808993,0.0104712033306666,,1300.24046711368,30.0004020376834,162.379905909037,0.527239557999999,40.0374066031216,2.47463052,1.24314756735647,0.607126273197892,97.9813288627123,NaN,NaN,NaN,NaN,13.7589091651667,0.101723607977564,12.199367456554,67.8940651726877,7.32463933599517,25.1686418732757,0.00894413835119293,,1298.59452958124,30,163.152315635766,0.599269201999999,19.9661805714064,2.592998326,1.59672559178463,0.636656276790441,96.8528448277196,NaN,NaN,NaN,NaN,14.6938526551651,0.192731723229623,13.593991877523,1.26986683113489,7.28395979207267,28.2654713434104,0.501377561291382,,1298.8182073807,30,163.869719338425,0.579879941481828,10.0070718358113,2.686103166,3.33339188434833,1.89329394867223,90.8605104845572,NaN,NaN,NaN,NaN,16.5799699396667,1.1431977446379,13.7591122604211,1.44877843315675,7.39916061929838,26.8920103809556,1.30686221773831,,1299.58040811415,30,164.241643683886
35.4166666666667,5.411387014,0,5.858329202,0.712089087512462,0,-0.231271614028716,NaN,NaN,NaN,NaN,22.0591639133233,0.260867114258532,3.77595951594904,NaN,6.47554988080695,8.94755979072455,NaN,,1299.64700560315,29.9956475154085,172.555841289286,1.166604908,0,4.34294833305716,0.572874804168876,0,-0.19803185689289,NaN,NaN,NaN,NaN,28.8393736135875,0.0159193222404307,2.35407757886998,NaN,7.47156559303142,7.93362986809918,NaN,,1299.59299225833,30,166.795489465403,0.410176777999999,60.0614420489104,2.446757502,1.70491183122396,0.412857036228858,98.5179327716945,NaN,NaN,NaN,NaN,19.0003640153333,0.0428826121287297,11.1466429230119,39.5286561079848,7.39234663493525,22.9435322231486,0.010444487004629,,1298.18045055668,29.996382651479,162.376878008067,0.527239557999999,39.9995718415807,2.47463052,1.19055908395045,0.598637436791195,97.9693492153268,NaN,NaN,NaN,NaN,13.8668094976904,0.1003448224809,12.1875171945513,68.3313589866076,7.33255183759575,25.145823634671,0.00876083026872836,,1299.07584570407,30,163.150428265847,0.599269201999999,20.002079429425,2.592998326,1.55438525515861,0.631712274849939,96.8916530082229,NaN,NaN,NaN,NaN,14.8235717908349,0.191271899004677,13.5916957811417,1.25908784422705,7.28377913178941,28.2609138939498,0.501736113621159,,1301.49213902021,30,163.868669985959,0.587444081923334,10.0024192347956,2.686103166,3.37498088700311,1.86905812423488,90.9667259161709,NaN,NaN,NaN,NaN,17.1213306986667,1.12873283624705,13.6779689239255,1.44268514485879,7.39641818169041,26.7324971836959,1.29554856158724,,1299.75089195576,29.993752631169,164.248612265638
35.5,5.411387014,0,5.858329202,0.705726316670635,0,-0.231898381986147,NaN,NaN,NaN,NaN,21.57616076001,0.264129065933248,3.81812566851684,NaN,6.47492272297288,9.0221067353922,NaN,,1299.29463078791,29.9899997711182,172.555841289286,1.166604908,0,4.346485798,0.52595980432734,0,-0.201337732660727,NaN,NaN,NaN,NaN,28.4463714375791,0.0161637684845561,2.35214607182034,NaN,7.47276062941268,7.9302415658847,NaN,,1298.09052822127,30,166.799218329376,0.410176777999999,60.0112141933221,2.446757502,1.6494394030115,0.410022876903912,98.4644930157563,NaN,NaN,NaN,NaN,18.9950570011664,0.0425502587685742,11.1510601108474,39.4223041022431,7.39240522691728,22.9518910029655,0.0104008580635052,,1300.21330747111,30,162.373845261116,0.527239557999999,39.9823872375453,2.47463052,1.19832426927907,0.592810067233677,98.0235097891007,NaN,NaN,NaN,NaN,13.7313704383096,0.099310434429338,12.2272608839917,67.6327324618935,7.3132738827126,25.2221525393178,0.00876616528297927,,1299.20629687629,30,163.14854056681,0.599269201999999,20.0234202008864,2.592998326,1.52418584691576,0.627555840087508,96.8988466249077,NaN,NaN,NaN,NaN,14.6236534993333,0.190020611127336,13.5865113213704,1.25137975891252,7.28299999237061,28.250735764182,0.501524638617962,,1299.66714692988,30,163.867620330632,0.589861328,9.99787506980502,2.686103166,3.38171671037238,1.85534190111621,91.036159216677,NaN,NaN,NaN,NaN,16.9267883364351,1.12020638474308,13.7144646079285,1.4209467903394,7.39010397064114,26.804184812918,1.30574757365152,,1300.60038414683,29.9933767728615,164.250639159486
35.5833333333333,5.411387014,0,5.858329202,0.729524696761244,0,-0.231175261556561,NaN,NaN,NaN,NaN,22.5823544756667,0.264929964816209,3.82677683392764,NaN,6.47505120763422,9.03740741472317,NaN,,1301.20383647491,29.9982845832448,172.555841289286,1.166604908,0,4.346485798,0.556517943754432,0,-0.200046350595917,NaN,NaN,NaN,NaN,28.6931487773333,0.0166705258061136,2.34806903159616,NaN,7.47251948401869,7.9230944316588,NaN,,1299.2442367381,30,166.799218329376,0.410176777999999,60.0587359146838,2.446757502,1.65524746180935,0.406711505724583,98.4336762946578,NaN,NaN,NaN,NaN,19.2456948588336,0.0422460754854425,11.1529539894398,39.4429640279096,7.39244581674003,22.9554796872199,0.0103113544633444,,1300.57868111774,30,162.370813088827,0.527239557999999,39.9919382785944,2.47463052,1.22186958791321,0.584024217000583,98.0520355148971,NaN,NaN,NaN,NaN,13.5519637801509,0.0979580029656436,12.2299476311196,68.1165533557609,7.33837833351075,25.2272867873059,0.0085739136594819,,1302.72587666811,30,163.146653270724,0.599269201999999,19.9906271529792,2.592998326,1.6292988231734,0.623061505810091,96.9597653697766,NaN,NaN,NaN,NaN,14.6128527068333,0.188614154027551,13.4986404855138,1.24556908451405,7.28325022071276,28.0785766730078,0.500241510512388,,1297.66146669021,30,163.866570785785,0.589861328,9.99219979821654,2.686103166,3.31419791307922,1.84848367484448,91.1501434277678,NaN,NaN,NaN,NaN,15.9359967092316,1.11615952324161,13.718036590726,1.4029964199238,7.388150168406,26.8113034493369,1.31755914651614,,1300.56019369491,29.9959908758433,164.2501116392
35.6666666666667,5.411387014,0,5.858329202,0.740627058051527,0,-0.231987016666022,NaN,NaN,NaN,NaN,24.1574505211414,0.266947709866236,3.79884909310494,NaN,6.47434333808751,8.9880242403213,NaN,,1300.67769955926,30,172.555841289286,1.166604908,0,4.346485798,0.536791052436012,0,-0.202802028800346,NaN,NaN,NaN,NaN,29.4043073706667,0.017000000923872,2.37847775182851,NaN,7.47121172605025,7.97641598441005,NaN,,1301.31585829934,29.9931617383516,166.799218329376,0.410176777999999,60.0242588314308,2.446757502,1.68188353731823,0.405686096903278,98.489765757795,NaN,NaN,NaN,NaN,19.1604304678333,0.0421206940805168,11.1854252133682,39.3762749595139,7.39283128350777,23.0170139370879,0.0103029094322093,,1299.13280909611,30.0008015853097,162.367780963031,0.527239557999999,40.0043723779703,2.47463052,1.18939974243874,0.579612787014944,98.0442914373255,NaN,NaN,NaN,NaN,13.7210432585509,0.0971114272125648,12.215728982404,67.8804165887632,7.33514807538241,25.1999664669281,0.00853883588444396,,1299.31067918578,30,163.144766133125,0.599269201999999,19.9712331722437,2.592998326,1.5704646541109,0.617948747838064,96.9899894495634,NaN,NaN,NaN,NaN,14.6307022165815,0.187026634677381,13.6771648245241,1.23981334572982,7.28444681710458,28.4287391365707,0.498436250108266,,1301.81278304484,30,163.86552109698,0.589861328,10.026654908447,2.686103166,3.35962039018594,1.83515629917745,91.1961138476764,NaN,NaN,NaN,NaN,16.903188901669,1.10847379212627,13.7318986320209,1.37683881582664,7.3875673911558,26.8384638247344,1.33289899303298,,1298.37846275444,29.9987849410241,164.249584303499
35.75,5.411387014,0,5.858329202,0.750871431887235,0,-0.233374475861422,NaN,NaN,NaN,NaN,25.6134929450819,0.269475673909936,3.77537387103043,NaN,6.47554725258338,8.94652247770321,NaN,,1298.44236593037,29.9996022379917,172.555841289286,1.166604908,0,4.35044957068503,0.587042248482089,0,-0.198995041261536,NaN,NaN,NaN,NaN,29.9386334998078,0.0170803539050147,2.36564930346703,NaN,7.47168285690589,7.95392531921204,NaN,,1300.37816757295,30,166.803079602042,0.410176777999999,60.0089849515227,2.446757502,1.72293785180535,0.405700403177093,98.5980057083814,NaN,NaN,NaN,NaN,19.0246998018005,0.0421203097380712,11.2655650307033,39.23026753204,7.39239690893346,23.168950858803,0.0103415321336337,,1299.79946183181,30,162.364748510415,0.527239557999999,39.9731441820412,2.47463052,1.14331241979364,0.575173892647067,98.0637347022181,NaN,NaN,NaN,NaN,13.6291114283211,0.0962076167985081,12.2755739033071,66.5990985232809,7.32494546453413,25.3150307015979,0.00863775588323201,,1301.6196869416,30,163.142876345212,0.599269201999999,19.9888800770766,2.592998326,1.51252292584062,0.613355027907221,97.0749643487202,NaN,NaN,NaN,NaN,14.4693014324185,0.185763818032433,13.5560379257401,1.23637943188086,7.28500032424927,28.1910013116726,0.496108561615282,,1301.53285366044,30,163.864470662249,0.589861328,10.0031521367346,2.686103166,3.32321287521865,1.81603102360568,91.3211684205364,NaN,NaN,NaN,NaN,17.1196402149977,1.09688326893989,13.6485359523765,1.46085307982847,7.3882822583281,26.6746614069203,1.2438082856677,,1300.42906764729,30,164.249056358111
35.8333333333333,5.411387014,0,5.858329202,0.720227041932219,0,-0.235951347297063,NaN,NaN,NaN,NaN,27.1594440206428,0.272249782513124,3.80829851311977,NaN,6.47460130119137,9.00473415395164,NaN,,1299.49024164799,29.9963779669346,172.555841289286,1.166604908,0,4.351550078,0.554828339537531,0,-0.200103594301886,NaN,NaN,NaN,NaN,32.7567334387593,0.01789831876356,2.36702884029062,NaN,7.47137865815895,7.95634500613029,NaN,,1299.79291487914,29.9987750826628,166.804282609376,0.410176777999999,60.0087554102349,2.446757502,1.6186361552425,0.404608250629165,98.5428544803453,NaN,NaN,NaN,NaN,18.7544979428662,0.0419999970642953,11.1823463921793,39.1265670274545,7.39213643407955,23.0111791447096,0.0103410642456093,,1298.90097087375,30,162.361712762935,0.527239557999999,39.9848050517938,2.47463052,1.17906065391656,0.567807668504219,98.0662011643892,NaN,NaN,NaN,NaN,13.5502476689771,0.0950288005176086,12.2370374169606,66.9031924440393,7.31667471669434,25.2409299941047,0.00848831975767686,,1299.10335663714,29.9993274573287,163.140983070796,0.599269201999999,19.9915130455712,2.592998326,1.52799488845581,0.60784835436481,97.1046453323563,NaN,NaN,NaN,NaN,14.3161886788333,0.184149080146584,13.6318704606936,1.22710286198669,7.28420130054714,28.339772540907,0.49536924309319,,1297.52820793272,30,163.863422111549,0.589861328,9.99904752653827,2.686103166,3.35355675609502,1.79424643505251,91.4045040229273,NaN,NaN,NaN,NaN,16.9967832155,1.08365058621214,13.6464916766837,1.44142308421317,7.38875440042936,26.6706335383013,1.24479657236659,,1301.78504051093,29.9951502388229,164.248529678899
35.9166666666667,5.411387014,0,5.858329202,0.715833594147499,0,-0.23060542586953,NaN,NaN,NaN,NaN,25.9920335093983,0.273889306070349,3.77925575812818,NaN,6.47373585467112,8.9533827398178,NaN,,1300.46710641572,30.0004014112107,172.555841289286,1.166604908,0,4.35403071681969,0.470316102506879,0,-0.200705023923882,NaN,NaN,NaN,NaN,32.190747841551,0.0180793463440476,2.3428792131171,NaN,7.4733317606666,7.9139960079455,NaN,,1302.10892725077,29.999198650334,166.806661474036,0.410176777999999,60.0107312641091,2.446757502,1.6602854935268,0.40127563844195,98.5419661106561,NaN,NaN,NaN,NaN,18.8391613495,0.0416617594843007,11.1502680049466,38.9713802247082,7.3921430981584,22.9504033804187,0.0102967431827604,,1299.43602082367,30,162.358682967374,0.527239557999999,40.0017988097895,2.47463052,1.21794232172853,0.564547939335552,98.1734972661566,NaN,NaN,NaN,NaN,13.7355820817707,0.0944553076329786,12.2133323305466,66.6585269103224,7.32454863208568,25.1953546415522,0.00846976596180925,,1299.76096548739,29.9966606699039,163.139095415932,0.599269201999999,19.9630660440136,2.592998326,1.57576384601517,0.603288421503788,97.0744220410698,NaN,NaN,NaN,NaN,14.2416364973333,0.18271194072876,13.5827342081135,1.22307063926229,7.28480574286198,28.2433457129165,0.493275244136727,,1298.06404699778,30,163.86237367392,0.589861328,10.007202135605,2.686103166,3.31213764660972,1.76784478124142,91.474559959149,NaN,NaN,NaN,NaN,17.2749298501667,1.06797149361526,13.6349705108833,1.42827439872865,7.38962803969064,26.6480292669446,1.23775899188253,,1299.19590319218,29.9996408806597,164.248002455366
36,5.411387014,0,5.858329202,0.703634302709244,0,-0.233059915171196,NaN,NaN,NaN,NaN,27.0468665062937,0.277412330440202,3.78698933433167,NaN,6.47444004489541,8.96706303484337,NaN,,1299.64069546071,30,172.555841289286,1.166604908,0,4.35659488,0.467952517072229,0,-0.201727047187449,NaN,NaN,NaN,NaN,29.8333012833839,0.0188905667723796,2.36034514768056,NaN,7.47935927948596,7.94461771949767,NaN,,1298.73677888662,30,166.809327411376,0.410176777999999,60.029408566116,2.446757502,1.64071300019813,0.400934400290852,98.5175669281504,NaN,NaN,NaN,NaN,18.9478068346315,0.0416025314190804,11.1378612126693,39.0540360004536,7.39095981617929,22.9269154966018,0.0102661752375378,,1301.06617695661,29.998279858095,162.3556498569,0.527239557999999,39.9857725292149,2.47463052,1.22831917048642,0.55962584617075,98.1083693232138,NaN,NaN,NaN,NaN,13.8048348307293,0.093638172624069,12.2236535286011,66.9647925948432,7.31571160161095,25.2152002753245,0.00835724206459271,,1301.63363286278,30,163.137204820933,0.599269201999999,19.9778906388754,2.592998326,1.56831256716256,0.599885465240646,97.0656215169228,NaN,NaN,NaN,NaN,14.2820519443333,0.181785623702644,13.6158298093495,1.22129524894468,7.284924463646,28.3082571039092,0.491199252600679,,1300.96820614546,30,163.861324934962,0.589861328,10.0003844243093,2.686103166,3.30963787788031,1.7413402634883,91.6525223763958,NaN,NaN,NaN,NaN,17.9465782836667,1.05212402937806,13.6404895125317,1.4089143819497,7.39183172864477,26.6588619847195,1.23595291879465,,1301.44663257898,30,164.247475293246
36.0833333333333,5.411387014,0,5.858329202,0.742457191212078,0,-0.232595625908832,NaN,NaN,NaN,NaN,26.5031506404418,0.279284573494926,3.76585667911774,NaN,6.47519719921643,8.9296975460044,NaN,,1298.63663263273,30,172.555841289286,1.166604908,0,4.35659488,0.564931195854347,0,-0.198499342392173,NaN,NaN,NaN,NaN,33.2835856011614,0.0189999993890524,2.3371286177165,NaN,7.47928406551969,7.90392018118844,NaN,,1300.91682309468,30,166.809327411376,0.410176777999999,59.9736422296007,2.446757502,1.7104746207481,0.399895581619711,98.578604165739,NaN,NaN,NaN,NaN,18.8087069260772,0.0415235455884933,11.1865702312732,38.8395645819482,7.39173035438043,23.0192157716627,0.0102961615135724,,1299.29766794736,29.9989047518373,162.35261676726,0.527239557999999,40.0058898301906,2.47463052,1.2094030461403,0.556384685851374,98.0626309376956,NaN,NaN,NaN,NaN,14.0041185069883,0.093009754686569,12.1690306509481,66.2233861861744,7.31914605486805,25.1103006347955,0.00840289318162947,,1298.64842805929,30,163.135312548301,0.599269201999999,19.9897574616859,2.592998326,1.59837374634621,0.595032571362301,97.1371107046634,NaN,NaN,NaN,NaN,14.5624995306667,0.180337066221109,13.5628473838711,1.21257848651213,7.28474381378538,28.2044494393363,0.490733191421137,,1303.83562898898,30,163.860276342765,0.589861328,10.0170171503153,2.686103166,3.40373851120576,1.71676885455843,91.6925770646783,NaN,NaN,NaN,NaN,16.8415786218735,1.03718297295668,13.6591798763076,1.38710264556476,7.39377140218275,26.6955684093715,1.23768532209012,,1299.95602151984,30,164.24694819157
36.1666666666667,5.411387014,0,5.858329202,0.769219470770322,0,-0.22931961337326,NaN,NaN,NaN,NaN,24.9121803396667,0.287262541342581,3.80216923503962,NaN,6.47487407583973,8.9938949726903,NaN,"Sample 7.00 mL to CDW Samples 3/C1",1299.45140157269,29.9972843533585,170.35347339451,1.166604908,0,4.35659488,0.649965154310425,0,-0.19923017517034,NaN,NaN,NaN,NaN,29.7330908470219,0.0197939558255253,2.35791574502505,NaN,7.48081666220508,7.94035736326528,NaN,"Sample 7.00 mL to CDW Samples 3/C2",1298.75967439926,29.9975894239576,164.495967610899,0.410176777999999,59.9894050496871,2.446757502,1.5524463212339,0.402154715173602,98.5559107974011,NaN,NaN,NaN,NaN,18.9217023669579,0.0406356732437215,11.201963808374,39.2576201063567,7.39288726081914,23.048362621504,0.0102222320842745,"Sample 7.00 mL to CDW Samples 3/C3",1298.85280502339,29.9979864541097,159.923780686405,0.527239557999999,40.0017006073666,2.47463052,1.14086867897102,0.558385369317622,98.193228108413,NaN,NaN,NaN,NaN,13.8149422165619,0.0909367077538369,12.1332116564811,67.9134167824426,7.32340052877969,25.0415064471438,0.0081868063988644,"Sample 7.00 mL to CDW Samples 3/C4",1300.43508923361,29.9910864281742,160.595685535252,0.599269201999999,20.004744890616,2.592998326,1.5673976406563,0.602021530290976,97.1888379344769,NaN,NaN,NaN,NaN,14.3618970948333,0.17743489590734,13.5519676802531,1.23367004595998,7.28504041402671,28.1830422159072,0.487534616290902,"Sample 7.00 mL to CDW Samples 3/C5",1298.22908377643,29.9966346332713,161.206521780859,0.589861328,10.0267258828562,2.686103166,3.35428624198844,1.73604955630804,91.9059178183666,NaN,NaN,NaN,NaN,17.0015884444858,1.01708653642679,13.656584088447,1.40613204222937,7.39557759549283,26.6905053012208,1.24091970749489,"Sample 7.00 mL to CDW Samples 3/C6",1298.77939925575,29.9983919013494,160.653516569619
36.25,5.411387014,0,5.858329202,0.724911133232222,0,-0.223211475860182,NaN,NaN,NaN,NaN,29.2676509883649,0.448737257613743,3.8908401692098,NaN,6.4840074863359,9.15073050261724,NaN,,1299.51063927777,29.9899997711182,165.261841289286,1.166604908,0,4.35659488,0.530872665224359,0,-0.201720538598202,NaN,NaN,NaN,NaN,32.5725991599364,0.0240736455903543,2.4088812204926,NaN,7.49043623402193,8.0297394269942,NaN,,1299.24030387546,30.0098340109379,159.515327411376,0.410176777999999,59.981752251042,2.446757502,1.72054138630476,0.410347825542595,98.6562662832354,NaN,NaN,NaN,NaN,18.879725822,0.0395994564930583,11.1054469050032,40.4049557052551,7.39340173620682,22.865589004123,0.0100440081709345,,1300.12604224636,30,155.052553108372,0.527239557999999,40.0019242579893,2.47463052,1.20318764756521,0.568225114309964,98.1857192598686,NaN,NaN,NaN,NaN,13.6759221231165,0.0873045801703954,12.2129477133158,70.0132921058533,7.31166085592245,25.194676234651,0.00794152074967139,,1301.1997046491,30.0008909580253,155.837530273252,0.599269201999999,19.9777680668814,2.592998326,1.63174030268978,0.603811004952138,97.3757843944499,NaN,NaN,NaN,NaN,14.4411288279295,0.162369705418518,13.6489941475752,1.23753133602561,7.2850404758534,28.3734307369392,0.485729177930635,,1300.41267480447,29.9899997711182,156.564178046028,0.590041119387206,10.0188324557944,2.686103166,3.32694205480214,1.69357698206159,92.37283576743,NaN,NaN,NaN,NaN,17.5848424758406,0.918316540675447,13.5808061906757,1.35224245282611,7.3986311100566,26.5417636841625,1.2691524458908,,1299.9126255953,30.0008002486758,156.952004919354
36.3333333333333,5.411387014,0,5.858329202,0.699313196450745,0,-0.233425631662547,NaN,NaN,NaN,NaN,30.8236026864685,0.554159837352937,3.81036772347663,NaN,6.48527621202546,9.00839041125739,NaN,,1300.49449656475,29.9970353384758,165.261841289286,1.166604908,0,4.35659488,0.575139879644287,0,-0.20237104142815,NaN,NaN,NaN,NaN,31.9296566658826,0.0284965327480818,2.49275480467785,NaN,7.49099893191778,8.17686361618916,NaN,,1301.04249720408,30.004237150183,159.515327411376,0.410176777999999,60.048017404967,2.446757502,1.73559600480647,0.40728477320812,98.6828191178455,NaN,NaN,NaN,NaN,18.9594561458333,0.040354013047692,11.3278750750861,40.4851909053554,7.39287991646983,23.287190989554,0.0100600137251442,,1300.76299866521,30.0039382607726,155.049520306701,0.527239557999999,40.0296188118456,2.47463052,1.2315745102557,0.560348417792038,98.2537950245677,NaN,NaN,NaN,NaN,13.801858693,0.0893281908349236,12.1455775567608,68.6821194952465,7.31017949336715,25.0652920073889,0.00816023514617957,,1299.47700612794,30.008793093015,155.835637375133,0.599269201999999,19.9986654897971,2.592998326,1.61872547560407,0.58511436205239,97.4410408696944,NaN,NaN,NaN,NaN,14.4809668206915,0.169302173701478,13.7173368887533,1.19093945948184,7.28508088826979,28.5076993742491,0.491321335492949,,1301.3648779825,29.9948857099476,156.563128643613,0.594919857600337,9.99720818101619,2.686103166,3.38440005538691,1.63738372077141,92.4017409856809,NaN,NaN,NaN,NaN,16.2313569950808,0.944386851011325,13.6589537385501,1.25043953062784,7.39928846663643,26.6951007214906,1.30948236779362,,1301.39462170269,30.0004037609428,156.956355466763
36.4166666666667,5.411387014,0,5.858329202,0.771382920072856,0,-0.232186536881125,NaN,NaN,NaN,NaN,26.3752495965,0.566276615876035,3.75696364958347,NaN,6.48495284298646,8.91397647570135,NaN,,1300.12981874505,30,165.261841289286,1.166604908,0,4.35659488,0.507329525498576,0,-0.202904529817849,NaN,NaN,NaN,NaN,29.6816441018748,0.0295835214964691,2.53972846769082,NaN,7.48648344967123,8.25929375822338,NaN,,1299.94944815479,30.0062415069501,159.515327411376,0.410176777999999,59.996914808844,2.446757502,1.69003119126673,0.40869793015005,98.7241423731537,NaN,NaN,NaN,NaN,18.9997667791667,0.0404912031857152,11.2319939647763,40.3613402469189,7.39291966967117,23.1052821720417,0.0101258724320851,,1299.88778642526,30.0016875273002,155.04648570635,0.527239557999999,39.9764191954273,2.47463052,1.27381223908417,0.556765319682009,98.2240998810769,NaN,NaN,NaN,NaN,13.7969290443333,0.0887989076653599,12.1411344066808,68.9953545472639,7.31999450572844,25.0567582452809,0.00807090265936673,,1299.95805363829,30.000821562417,155.833741898063,0.599269201999999,19.9688778907937,2.592998326,1.59463274129212,0.586686130450719,97.4183799971264,NaN,NaN,NaN,NaN,14.3196696970453,0.169802111728983,13.640831216033,1.2016329840613,7.28576485701999,28.3573502625217,0.488258160811402,,1301.20592314225,30,156.562079627692,0.599663255077359,9.9966570515536,2.686103166,3.38776698236917,1.64481384620984,92.4751675133389,NaN,NaN,NaN,NaN,16.4011173537193,0.948710490215502,13.6493438352073,1.254744563454,7.39915464180483,26.676247042781,1.31090175161979,,1299.97333725255,29.9987740629395,156.960572006377
36.5,5.411387014,0,5.858329202,0.709251119267366,0,-0.228856073426859,NaN,NaN,NaN,NaN,31.6571727833229,0.559852452316407,3.84186832550123,NaN,6.48489356229712,9.06409922842618,NaN,,1299.49823163284,30,165.261841289286,1.166604908,0,4.35659488,0.581571807925258,0,-0.199686324688404,NaN,NaN,NaN,NaN,30.3877791539358,0.0295018147680015,2.5381601576111,NaN,7.48167190212283,8.25654143223451,NaN,,1300.66100082645,30.0067816547879,159.515327411376,0.410176777999999,60.0102666209613,2.446757502,1.69518266954365,0.405705892087494,98.7425156463319,NaN,NaN,NaN,NaN,18.8391009266667,0.0402014544174728,11.2448116339552,40.2068354032737,7.3930409655371,23.1296221514388,0.0100905557386984,,1300.20724474888,30,155.043451732704,0.527239557999999,40.0099720845792,2.47463052,1.22981779957216,0.553382572810061,98.3114807169114,NaN,NaN,NaN,NaN,13.8389459328333,0.0883692272100893,12.1267622979969,69.4167142430449,7.32329311690586,25.0291467532038,0.00797195886549076,,1298.23225157425,29.9991953604437,155.831848797606,0.599269201999999,19.9858092146033,2.592998326,1.608697761096,0.582096180467712,97.4460534214191,NaN,NaN,NaN,NaN,14.63745519209,0.168487745574304,13.624860184776,1.20522691882132,7.28655866717106,28.3260148316468,0.482994441226186,,1299.37908356388,30,156.561030800658,0.601935318783562,10.0072142566434,2.686103166,3.44835759237718,1.63139738423224,92.5186705703763,NaN,NaN,NaN,NaN,16.4419383773333,0.941486533498622,13.5747701592577,1.25836918507623,7.39920436177077,26.529956640803,1.29660723280822,,1298.16639301467,29.994398419968,156.962317451431
36.5833333333333,5.411387014,0,5.858329202,0.721711983389783,0,0.251446314640512,NaN,NaN,NaN,NaN,33.9744262850104,0.547807394078556,3.83981953828458,NaN,6.4839826080121,9.06046985753536,NaN,,1299.37778431001,29.9935939895331,165.261841289286,1.166604908,0,4.35659488,0.564227978561939,0,-0.200789488592582,NaN,NaN,NaN,NaN,32.9588524429557,0.0289598600598874,2.58450296016457,NaN,7.47686822271236,8.33788547638934,NaN,,1301.58531438203,30.0100002288818,159.515327411376,0.410176777999999,60.0655106413026,2.446757502,1.7793976928097,0.403220541127267,98.7727685613881,NaN,NaN,NaN,NaN,19.0804705616667,0.0399196310337877,11.2304607063569,40.2670835715995,7.39258144406412,23.1024732950571,0.0100137506818824,,1301.09153354147,30,155.040416079303,0.527239557999999,40.0320877925956,2.47463052,1.22869636983988,0.549967019522991,98.2869876073715,NaN,NaN,NaN,NaN,14,0.0877989384657017,11.988602388161,69.5669448554776,7.325008842301,24.7642697857723,0.00790561074917447,,1299.25881670268,30,155.829956462465,0.599269201999999,19.9955525844523,2.592998326,1.56261623310043,0.578442637074885,97.5079267174243,NaN,NaN,NaN,NaN,14.6542508204103,0.16740651208096,13.5843887286218,1.20589639088887,7.28691971397276,28.246606386575,0.479698548307602,,1299.10962265773,30,156.559981945298,0.603660370980712,10.0003934219035,2.686103166,3.43496051716817,1.61268621546458,92.610638122164,NaN,NaN,NaN,NaN,16.936420882911,0.931216953562925,13.6630589987485,1.27527173220421,7.39936609008322,26.7032252107347,1.2646470211116,,1300.6254595679,29.9987916391951,156.963514606828
36.6666666666667,5.411387014,0,5.858329202,0.705894334651976,0,-0.192928800717992,NaN,NaN,NaN,NaN,31.1727029243333,0.538101246048239,3.79062740756457,NaN,6.48313983755764,8.97348646353026,NaN,,1300.80106188934,29.9907229657837,165.261841289286,1.166604908,0,4.35724130309498,0.509925727172239,0,-0.200768686835139,NaN,NaN,NaN,NaN,32.2684919926945,0.0288344463042655,2.52720731576723,NaN,7.47252530835751,8.23732150018119,NaN,,1301.3083877459,30.0100002288818,159.515774769115,0.410176777999999,59.9947921839737,2.446757502,1.73064378205238,0.40123206424195,98.7252327226278,NaN,NaN,NaN,NaN,19.0926182574356,0.0397597989467357,11.2347436675149,40.2865622520511,7.39236158833282,23.1105552609784,0.00995964601629588,,1302.50078234998,30,155.03738058792,0.527239557999999,40.0226882442688,2.47463052,1.21380496740524,0.546680723972678,98.3166765370117,NaN,NaN,NaN,NaN,13.8218468136667,0.0872188904433699,12.1600281599802,69.2963746777852,7.31693787198351,25.0929838164685,0.00788901925526621,,1299.45645425976,29.9937965167418,155.828062891476,0.599269201999999,20.0337327918352,2.592998326,1.64113252191712,0.574148728525762,97.462681873536,NaN,NaN,NaN,NaN,14.6428865702541,0.166090240398837,13.6575524674861,1.2010740044007,7.28621127429782,28.3902192885288,0.478050174757661,,1300.26420038014,30,156.5589327877,0.60744869562153,9.99362405298837,2.686103166,3.46240391821285,1.59493088396919,92.6378318643676,NaN,NaN,NaN,NaN,16.7932042355199,0.920867546460843,13.6296176859538,1.27732722050515,7.39845493993236,26.6375506635105,1.24865130175487,,1299.38910638705,30,156.966774101946
36.75,5.411387014,0,5.858329202,0.676788393283524,0,-0.229101467387681,NaN,NaN,NaN,NaN,26.82509261,0.52707297709224,3.85082121777977,NaN,6.48176286968687,9.07992918758969,NaN,,1299.05887956807,29.9955764008275,165.261841289286,1.166604908,0,4.36998886683538,0.594213595733422,0,-0.203724794400928,NaN,NaN,NaN,NaN,32.6442824577015,0.0280398447270831,2.52937606347793,NaN,7.47212476054775,8.24112526170855,NaN,,1300.54380058446,30.0063825348263,159.528621241616,0.410176777999999,59.946401636152,2.446757502,1.76169020316894,0.401582788791161,98.7704101386038,NaN,NaN,NaN,NaN,19.548671198003,0.0397980439877297,11.2357496458133,40.1204086781521,7.39245266596637,23.1124763474445,0.0100095026020833,,1300.90546473353,30,155.034346892526,0.527239557999999,40.0000558846494,2.47463052,1.26102665930491,0.542671966303423,98.3742770151753,NaN,NaN,NaN,NaN,13.68405177,0.0865573540200262,12.1502879504512,69.1398377915818,7.31301221438185,25.0742780218674,0.00784895536357284,,1299.10114281061,29.9945418282002,155.82616862584,0.599269201999999,19.9755233524907,2.592998326,1.56639007108053,0.569604794912512,97.5361633456003,NaN,NaN,NaN,NaN,14.5832723544126,0.164654700945084,13.6706241246249,1.20006897596485,7.28642237831922,28.4158695227902,0.474668557712895,,1300.53356333787,30,156.557882954675,0.610235316,10.0085747373567,2.686103166,3.4516559125761,1.5787157255995,92.7708410088376,NaN,NaN,NaN,NaN,17.3300544440114,0.911987536882058,13.5773499455686,1.2655028266594,7.39748166404217,26.5349795477519,1.24774096517127,,1299.32561489129,30,156.96910339326
36.8333333333333,5.411387014,0,5.858329202,0.691942885752215,0,-0.233519370198608,NaN,NaN,NaN,NaN,29.3975651076667,0.519322441267815,3.88408581227124,NaN,6.4806606187947,9.13876555011398,NaN,,1299.39073520693,29.9964934406657,165.261841289286,1.166604908,0,4.371573462,0.576964366186825,0,-0.2011866009233,NaN,NaN,NaN,NaN,34.3733663285,0.0278041729443823,2.55414080937495,NaN,7.47240775067293,8.28459696444358,NaN,,1300.28874447999,29.9955747454463,159.530305993376,0.410176777999999,60.0197996904345,2.446757502,1.73573600091842,0.395695309658365,98.8215276104486,NaN,NaN,NaN,NaN,19.1686605491766,0.0391955275368479,11.0972669898286,39.9872831698157,7.39275664114549,22.8500721059435,0.00989561604213429,,1300.51267233701,29.9959782236293,155.031313334249,0.527239557999999,40.01188291629,2.47463052,1.1621130293808,0.5406726616834,98.3291621550299,NaN,NaN,NaN,NaN,13.7631285251667,0.0861895873319785,12.1282251855582,68.5875178808255,7.31235468830862,25.0319300025049,0.00788377209232059,,1299.33242180238,29.9996191309511,155.824274071735,0.599269201999999,20.0009427407006,2.592998326,1.56744706893341,0.565186089993861,97.5568787624773,NaN,NaN,NaN,NaN,14.2773394151103,0.163481771006935,13.5989441958227,1.19343890504695,7.28773885692592,28.2751381305462,0.473607276677885,,1298.95854214094,29.9982414220586,156.556832873147,0.61084403519068,9.98801094751791,2.686103166,3.46652864250059,1.56312759229277,92.7703332946025,NaN,NaN,NaN,NaN,17.599275477779,0.902922502242527,13.5720196754783,1.27290798689705,7.39960603949144,26.524508109739,1.22802714462848,,1301.97552479751,30,156.969115141829
36.9166666666667,5.411387014,0,5.858329202,0.719637118079542,0,-0.229278627830747,NaN,NaN,NaN,NaN,29.462525444165,0.511433844255112,3.84625034820266,NaN,6.47997866286688,9.0718443104461,NaN,,1299.78169503463,29.9948076973461,165.261841289286,1.166604908,0,4.37676047923279,0.600115807705041,0,-0.202503155547273,NaN,NaN,NaN,NaN,26.189647483,0.027149907847615,2.59376477124263,NaN,7.47119092956184,8.35415033342365,NaN,,1299.32690111825,29.9972872530099,159.535287796225,0.410176777999999,60.0465788694816,2.446757502,1.68469082973682,0.392988051829627,98.7956703455677,NaN,NaN,NaN,NaN,19.3573458985514,0.0389193854039579,11.1917878765768,39.9043664613608,7.39244173518085,23.0291108665217,0.00984838837171308,,1301.11450795877,30,155.028278331752,0.527239557999999,40.0097653765083,2.47463052,1.27778670122028,0.536660593120889,98.3825591746801,NaN,NaN,NaN,NaN,13.3636554523333,0.0854308028402833,12.1603481722174,67.8120985671587,7.31485489087326,25.0935994829736,0.00791478089054661,,1298.61948994364,30.0040258202783,155.822377070984,0.599269201999999,19.9598487734713,2.592998326,1.64040313339932,0.561044012384536,97.6753902407643,NaN,NaN,NaN,NaN,14.3164073213897,0.162336038087335,13.6636059605009,1.19227771716781,7.28821142317919,28.4020641731994,0.470584650975238,,1300.90766789903,29.9945256695304,156.555783487345,0.613663443999999,9.9940901342488,2.686103166,3.45540430348587,1.54508799702051,92.9328679745143,NaN,NaN,NaN,NaN,17.8124380348457,0.892736006500613,13.5031150810384,1.25235072378931,7.39940132241172,26.3894609014218,1.2338411405459,,1300.46391591324,29.9995970428056,156.971477661549
37,5.411387014,0,5.858329202,0.714450189901663,0,-0.231914457924099,NaN,NaN,NaN,NaN,31.0990146028355,0.507139757395171,3.88189575689869,NaN,6.48010062386635,9.13489957133334,NaN,,1297.4964520635,29.9899997711182,165.261841289286,1.166604908,0,4.381702022,0.524855550979783,0,-0.201309581980637,NaN,NaN,NaN,NaN,27.5240562387068,0.0270512299817297,2.54357219349016,NaN,7.47232165708397,8.26604083394527,NaN,,1299.32625560895,29.9904001254914,159.540434553376,0.410176777999999,59.9672021054804,2.446757502,1.72814728705534,0.390283981392986,98.8079807245289,NaN,NaN,NaN,NaN,19.4410534763229,0.0386379637128084,11.1683741754231,39.6723784658335,7.39200024088001,22.984701495685,0.00983753548218873,,1299.43304906963,30,155.025241761589,0.527239557999999,39.9868783813612,2.47463052,1.17358079735882,0.533081683086266,98.3719183401567,NaN,NaN,NaN,NaN,13.839107776,0.0850039414822186,12.0603842541955,68.6255981104578,7.32256363455259,24.9018451136947,0.00776803611498577,,1299.66833821329,30.0088210694469,155.820480312632,0.599269201999999,19.9566602095859,2.592998326,1.6642775877873,0.555555969797226,97.6373663751742,NaN,NaN,NaN,NaN,14.9111816058316,0.160871843300897,13.6004800460166,1.18859605331127,7.29001589595339,28.2781484848423,0.467417012319442,,1298.60425211425,30.0012582859609,156.554734818104,0.616782607818744,10.0079291978922,2.686103166,3.46408771630748,1.52816491773671,92.9888412141796,NaN,NaN,NaN,NaN,17.0140740910996,0.883355160235199,13.4485417211077,1.25813821766718,7.39810990334376,26.2826021497134,1.21496925839507,,1299.85251619972,30,156.974003623606
37.0833333333333,5.411387014,0,5.858329202,0.736242068522546,0,-0.229996924724834,NaN,NaN,NaN,NaN,28.3468915351662,0.501240289592644,3.88274196986481,NaN,6.48036540209451,9.13639175716407,NaN,,1299.12579795026,29.9965843652475,165.261841289286,1.166604908,0,4.38655987612553,0.53657918703808,0,-0.202771209283518,NaN,NaN,NaN,NaN,30.425046708758,0.0270000007003546,2.52732696761268,NaN,7.47111551656145,8.23753418890237,NaN,,1299.96602956324,29.9899997711182,159.545091121667,0.410176777999999,59.9658505506261,2.446757502,1.74689890388695,0.387184989455773,98.7919267232934,NaN,NaN,NaN,NaN,19.0015621241771,0.038370483795746,11.1363935194061,39.7600026630652,7.39207962249174,22.9241705598196,0.00973823206730789,,1300.64369826235,29.999596957587,155.022207267766,0.527239557999999,39.9700494284992,2.47463052,1.20763376822307,0.529070809737131,98.4247589275316,NaN,NaN,NaN,NaN,13.848563068896,0.084404591446107,12.1032035502905,68.8472566110975,7.31555325871385,24.9839124507496,0.00768472182495233,,1301.00746407131,29.9996677107547,155.818586167693,0.599269201999999,20.0509123937824,2.592998326,1.59389950988948,0.551394942257122,97.6436940811703,NaN,NaN,NaN,NaN,14.4840220295017,0.15956638224876,13.5370297571528,1.18347369696574,7.28991402755327,28.1537182813908,0.465932856356151,,1300.58313037609,30.0079784373161,156.553686377597,0.61757230658288,10.0099414965624,2.686103166,3.44569492114942,1.51387653606977,93.0501077637671,NaN,NaN,NaN,NaN,18.0678972597713,0.87487789024816,13.5892002595376,1.26232188058386,7.3992053638066,26.5582214327761,1.19934651474727,,1298.67329943407,30.0040173950471,156.974263991736
37.1666666666667,5.411387014,0,5.858329202,0.709585350682174,0,-0.231121168050557,NaN,NaN,NaN,NaN,28.1510278031835,0.496433131222894,3.9240575720399,NaN,6.47890692877212,9.20948789411111,NaN,,1297.50911034982,30.0025235397446,165.261841289286,1.166604908,0,4.39454525597278,0.546850764701813,0,-0.201476347259712,NaN,NaN,NaN,NaN,28.2096346038685,0.0269430104286655,2.58450863837981,NaN,7.47109208648275,8.33789983641219,NaN,,1297.87213430346,29.9940163862808,159.553075040236,0.410176777999999,59.9798818263257,2.446757502,1.76124484091258,0.386400544567524,98.8480138804574,NaN,NaN,NaN,NaN,18.9199088976667,0.0382809554874787,11.0676440288848,39.7367685296498,7.39224206825794,22.7940013592992,0.00972415450188243,,1299.81112202214,30,155.019173938772,0.527239557999999,39.9749748671914,2.47463052,1.25482474629571,0.526160512914452,98.4337197102142,NaN,NaN,NaN,NaN,13.9096135072253,0.083919315264502,12.0771300338853,68.5379171076774,7.31160941915513,24.9338959188965,0.00767695339806261,,1299.68874048699,29.996316194893,155.816692164087,0.599269201999999,19.9914351818408,2.592998326,1.54382421246484,0.548672621544963,97.6988707833937,NaN,NaN,NaN,NaN,14.6555377387854,0.158598264562936,13.6091534256814,1.17505056650363,7.29077699074069,28.2951826500519,0.466950999352502,,1299.85209094514,30,156.55263527033,0.622757195786045,7.28079709309009,2.686103166,3.40158139638524,1.49909977323673,93.0902067848912,NaN,NaN,NaN,NaN,18.4007334616708,0.866291400485096,13.5675435983076,1.23590874440365,7.39734060541039,26.5158352511142,1.21298970007491,,1300.48906748011,30.0020597926429,156.978942123153
37.25,5.411387014,0,5.858329202,0.742005982079163,0,-0.230758584550879,NaN,NaN,NaN,NaN,27.2695819105015,0.488272854667745,3.95415734848901,NaN,6.47760369054756,9.26276419116033,NaN,,1299.07688055375,30.0100002288818,165.261841289286,1.166604908,0,4.40180331264092,0.521146383230463,0,-0.200064693468705,NaN,NaN,NaN,NaN,31.3802271753333,0.026606717246738,2.53795263055359,NaN,7.47189421123995,8.25618244931132,NaN,,1299.85652082869,29.9936446952603,159.5605357203,0.410176777999999,42.5104430142065,2.446757502,1.33476832795804,0.383953125584823,98.8701958928384,NaN,NaN,NaN,NaN,18.8519073331975,0.038021914048606,11.1124402228131,39.6867797049023,7.39206997751323,22.8787919563906,0.00967469766839281,,1298.46815057192,30.0026120314085,155.0162689931,0.527239557999999,16.8059502525806,2.47463052,0.696852390581017,0.525893344639648,98.4546557260346,NaN,NaN,NaN,NaN,13.594221606113,0.0838857879662009,12.0473035789258,68.5269959397577,7.31588242932582,24.8770526621876,0.00767433021672303,,1302.40382310511,30.0088399802373,155.815120420274,0.599269201999999,2.60235437782413,2.592998326,1.19782142588947,0.546529401486015,97.6901547865926,NaN,NaN,NaN,NaN,14.8706070279993,0.158000007271767,13.8310558062752,1.1612985407108,7.29200029373169,28.7316933318109,0.47063212481647,,1293.73232101578,30,156.551989028335,0.623850437999999,0,2.686103166,3.20647567755907,NaN,NaN,NaN,NaN,NaN,NaN,NaN,NaN,13.5954680688827,NaN,NaN,26.5788885314347,NaN,,NaN,NaN,156.979967955978
37.3333333333333,5.411387014,0,5.858329202,0.709414341002886,0,-0.230029437496746,NaN,NaN,NaN,NaN,30.4816156825428,0.484786915272092,4.0057703590332,NaN,6.47704620562412,9.35413717620136,NaN,,1299.58712672251,30.0100002288818,165.261841289286,1.166604908,0,4.401803318,0.549143260550005,NaN,NaN,NaN,NaN,NaN,NaN,NaN,NaN,2.86064781045613,NaN,NaN,8.82311943407884,NaN,,NaN,NaN,159.560535849376,0.410176777999999,0,2.446757502,0.351419930590541,NaN,NaN,NaN,NaN,NaN,NaN,NaN,NaN,11.4937575183674,NaN,NaN,23.6032293255199,NaN,,NaN,NaN,155.015528569001,0.527239557999999,0,2.47463052,0.30902984893689,NaN,NaN,NaN,NaN,NaN,NaN,NaN,NaN,14.7526655313055,NaN,NaN,30.3891617101647,NaN,,NaN,NaN,155.81496181131,0.599269201999999,0,2.592998326,1.12794458625027,NaN,NaN,NaN,NaN,NaN,NaN,NaN,NaN,10.4315077123061,NaN,NaN,22.2845032423822,NaN,,NaN,NaN,156.551981398758,0.623850437999999,0,2.686103166,7.34362207334164,NaN,NaN,NaN,NaN,NaN,NaN,NaN,NaN,9.6190543884652,NaN,NaN,18.9876953847758,NaN,,NaN,NaN,156.979967955978
37.4166666666667,5.411387014,0,5.858329202,0.734355776048497,NaN,NaN,NaN,NaN,NaN,NaN,NaN,NaN,4.26805235582228,NaN,NaN,9.8210382447578,NaN,,NaN,NaN,165.261841289286,1.166604908,0,4.401803318,7.64482315031952,NaN,NaN,NaN,NaN,NaN,NaN,NaN,NaN,6.56966204988227,NaN,NaN,15.5387522129309,NaN,,NaN,NaN,159.560535849376,0.410176777999999,0,2.446757502,24.2177230392864,NaN,NaN,NaN,NaN,NaN,NaN,NaN,NaN,11.8386886153796,NaN,NaN,24.2609680577194,NaN,,NaN,NaN,155.015528569001,0.527239557999999,0,2.47463052,0.587645147708898,NaN,NaN,NaN,NaN,NaN,NaN,NaN,NaN,22.7460549938216,NaN,NaN,47.7621351066658,NaN,,NaN,NaN,155.81496181131,0.599269201999999,0,2.592998326,51.7079138273723,NaN,NaN,NaN,NaN,NaN,NaN,NaN,NaN,7.4455342989744,NaN,NaN,16.6891460478719,NaN,,NaN,NaN,156.551981398758,0.623850437999999,0,2.686103166,3.38973385609432,NaN,NaN,NaN,NaN,NaN,NaN,NaN,NaN,9.46433797586714,NaN,NaN,18.6991637127242,NaN,,NaN,NaN,156.979967955978
37.5,5.411387014,0,5.858329202,26.2121024764095,NaN,NaN,NaN,NaN,NaN,NaN,NaN,NaN,6.56749949229963,NaN,NaN,13.9313398334246,NaN,,NaN,NaN,165.261841289286,1.166604908,0,4.401803318,6.7015499519506,NaN,NaN,NaN,NaN,NaN,NaN,NaN,NaN,11.8283578406747,NaN,NaN,25.1706818307908,NaN,,NaN,NaN,159.560535849376,0.410176777999999,0,2.446757502,16.8629290170989,NaN,NaN,NaN,NaN,NaN,NaN,NaN,NaN,11.6037017097764,NaN,NaN,23.811816043541,NaN,,NaN,NaN,155.015528569001,0.527239557999999,0,2.47463052,0.305576785664607,NaN,NaN,NaN,NaN,NaN,NaN,NaN,NaN,21.4998205884358,NaN,NaN,44.7259188808959,NaN,,NaN,NaN,155.81496181131,0.599269201999999,0,2.592998326,23.1077329074838,NaN,NaN,NaN,NaN,NaN,NaN,NaN,NaN,NaN,NaN,NaN,NaN,NaN,,NaN,NaN,156.551981398758,0.623850437999999,0,2.686103166,3.20975911528643,NaN,NaN,NaN,NaN,NaN,NaN,NaN,NaN,NaN,NaN,NaN,NaN,NaN,,NaN,NaN,156.979967955978
37.5833333333333,5.411387014,0,5.858329202,1.26236700811462,NaN,NaN,NaN,NaN,NaN,NaN,NaN,NaN,NaN,NaN,NaN,NaN,NaN,,NaN,NaN,165.261841289286,1.166604908,0,4.401803318,0.55701809661441,NaN,NaN,NaN,NaN,NaN,NaN,NaN,NaN,NaN,NaN,NaN,NaN,NaN,,NaN,NaN,159.560535849376,0.410176777999999,0,2.446757502,1.8943831259498,NaN,NaN,NaN,NaN,NaN,NaN,NaN,NaN,NaN,NaN,NaN,NaN,NaN,,NaN,NaN,155.015528569001,0.527239557999999,0,2.47463052,0.302079918020294,NaN,NaN,NaN,NaN,NaN,NaN,NaN,NaN,NaN,NaN,NaN,NaN,NaN,,NaN,NaN,155.81496181131,0.599269201999999,0,2.592998326,9.23612045805244,NaN,NaN,NaN,NaN,NaN,NaN,NaN,NaN,NaN,NaN,NaN,NaN,NaN,,NaN,NaN,156.551981398758,0.623850437999999,0,2.686103166,3.19644680524158,NaN,NaN,NaN,NaN,NaN,NaN,NaN,NaN,NaN,NaN,NaN,NaN,NaN,,NaN,NaN,156.979967955978
37.6666666666667,5.411387014,0,5.858329202,0.968053910211778,NaN,NaN,NaN,NaN,NaN,NaN,NaN,NaN,NaN,NaN,NaN,NaN,NaN,,NaN,NaN,165.261841289286,1.166604908,0,4.401803318,0.532976115305312,NaN,NaN,NaN,NaN,NaN,NaN,NaN,NaN,NaN,NaN,NaN,NaN,NaN,,NaN,NaN,159.560535849376,0.410176777999999,0,2.446757502,0.426237880933302,NaN,NaN,NaN,NaN,NaN,NaN,NaN,NaN,NaN,NaN,NaN,NaN,NaN,,NaN,NaN,155.015528569001,0.527239557999999,0,2.47463052,0.309931934627445,NaN,NaN,NaN,NaN,NaN,NaN,NaN,NaN,NaN,NaN,NaN,NaN,NaN,,NaN,NaN,155.81496181131,0.599269201999999,0,2.592998326,4.17540511760888,NaN,NaN,NaN,NaN,NaN,NaN,NaN,NaN,NaN,NaN,NaN,NaN,NaN,,NaN,NaN,156.551981398758,0.623850437999999,0,2.686103166,3.20085049892153,NaN,NaN,NaN,NaN,NaN,NaN,NaN,NaN,NaN,NaN,NaN,NaN,NaN,,NaN,NaN,156.979967955978
37.75,5.411387014,0,5.858329202,0.578366028687562,NaN,NaN,NaN,NaN,NaN,NaN,NaN,NaN,NaN,NaN,NaN,NaN,NaN,,NaN,NaN,165.261841289286,1.166604908,0,4.401803318,0.539015549978717,NaN,NaN,NaN,NaN,NaN,NaN,NaN,NaN,NaN,NaN,NaN,NaN,NaN,,NaN,NaN,159.560535849376,0.410176777999999,0,2.446757502,0.302184715244171,NaN,NaN,NaN,NaN,NaN,NaN,NaN,NaN,NaN,NaN,NaN,NaN,NaN,,NaN,NaN,155.015528569001,0.527239557999999,0,2.47463052,0.298398256112923,NaN,NaN,NaN,NaN,NaN,NaN,NaN,NaN,NaN,NaN,NaN,NaN,NaN,,NaN,NaN,155.81496181131,0.599269201999999,0,2.592998326,2.28898587962726,NaN,NaN,NaN,NaN,NaN,NaN,NaN,NaN,NaN,NaN,NaN,NaN,NaN,,NaN,NaN,156.551981398758,0.623850437999999,0,2.686103166,3.18897890600216,NaN,NaN,NaN,NaN,NaN,NaN,NaN,NaN,NaN,NaN,NaN,NaN,NaN,,NaN,NaN,156.979967955978
37.8333333333333,5.411387014,0,5.858329202,0.283719724855607,NaN,NaN,NaN,NaN,NaN,NaN,NaN,NaN,NaN,NaN,NaN,NaN,NaN,,NaN,NaN,165.261841289286,1.166604908,0,4.401803318,0.532620010056006,NaN,NaN,NaN,NaN,NaN,NaN,NaN,NaN,NaN,NaN,NaN,NaN,NaN,,NaN,NaN,159.560535849376,0.410176777999999,0,2.446757502,0.259351400170444,NaN,NaN,NaN,NaN,NaN,NaN,NaN,NaN,NaN,NaN,NaN,NaN,NaN,,NaN,NaN,155.015528569001,0.527239557999999,0,2.47463052,0.303337979457712,NaN,NaN,NaN,NaN,NaN,NaN,NaN,NaN,NaN,NaN,NaN,NaN,NaN,,NaN,NaN,155.81496181131,0.599269201999999,0,2.592998326,1.56591424239986,NaN,NaN,NaN,NaN,NaN,NaN,NaN,NaN,NaN,NaN,NaN,NaN,NaN,,NaN,NaN,156.551981398758,0.623850437999999,0,2.686103166,3.22160324615815,NaN,NaN,NaN,NaN,NaN,NaN,NaN,NaN,NaN,NaN,NaN,NaN,NaN,,NaN,NaN,156.979967955978
37.9166666666667,5.411387014,0,5.858329202,0.0990237505258293,NaN,NaN,NaN,NaN,NaN,NaN,NaN,NaN,NaN,NaN,NaN,NaN,NaN,,NaN,NaN,165.261841289286,1.166604908,0,4.401803318,0.5521910489387,NaN,NaN,NaN,NaN,NaN,NaN,NaN,NaN,NaN,NaN,NaN,NaN,NaN,,NaN,NaN,159.560535849376,0.410176777999999,0,2.446757502,0.351310855764149,NaN,NaN,NaN,NaN,NaN,NaN,NaN,NaN,NaN,NaN,NaN,NaN,NaN,,NaN,NaN,155.015528569001,0.527239557999999,0,2.47463052,0.304904846068941,NaN,NaN,NaN,NaN,NaN,NaN,NaN,NaN,NaN,NaN,NaN,NaN,NaN,,NaN,NaN,155.81496181131,0.599269201999999,0,2.592998326,1.42033957527528,NaN,NaN,NaN,NaN,NaN,NaN,NaN,NaN,NaN,NaN,NaN,NaN,NaN,,NaN,NaN,156.551981398758,0.623850437999999,0,2.686103166,3.19943509556136,NaN,NaN,NaN,NaN,NaN,NaN,NaN,NaN,NaN,NaN,NaN,NaN,NaN,,NaN,NaN,156.979967955978
38,5.411387014,0,5.858329202,0.190963182169078,NaN,NaN,NaN,NaN,NaN,NaN,NaN,NaN,NaN,NaN,NaN,NaN,NaN,,NaN,NaN,165.261841289286,1.166604908,0,4.401803318,0.551843034171751,NaN,NaN,NaN,NaN,NaN,NaN,NaN,NaN,NaN,NaN,NaN,NaN,NaN,,NaN,NaN,159.560535849376,0.410176777999999,0,2.446757502,0.343378182996591,NaN,NaN,NaN,NaN,NaN,NaN,NaN,NaN,NaN,NaN,NaN,NaN,NaN,,NaN,NaN,155.015528569001,0.527239557999999,0,2.47463052,0.300062391165423,NaN,NaN,NaN,NaN,NaN,NaN,NaN,NaN,NaN,NaN,NaN,NaN,NaN,,NaN,NaN,155.81496181131,0.599269201999999,0,2.592998326,1.22142009800527,NaN,NaN,NaN,NaN,NaN,NaN,NaN,NaN,NaN,NaN,NaN,NaN,NaN,,NaN,NaN,156.551981398758,0.623850437999999,0,2.686103166,3.21703798303067,NaN,NaN,NaN,NaN,NaN,NaN,NaN,NaN,NaN,NaN,NaN,NaN,NaN,,NaN,NaN,156.979967955978
38.0833333333333,5.411387014,0,5.858329202,0.254898584850396,NaN,NaN,NaN,NaN,NaN,NaN,NaN,NaN,NaN,NaN,NaN,NaN,NaN,,NaN,NaN,165.261841289286,1.166604908,0,4.401803318,0.561630492588614,NaN,NaN,NaN,NaN,NaN,NaN,NaN,NaN,NaN,NaN,NaN,NaN,NaN,,NaN,NaN,159.560535849376,0.410176777999999,0,2.446757502,0.348074781416847,NaN,NaN,NaN,NaN,NaN,NaN,NaN,NaN,NaN,NaN,NaN,NaN,NaN,,NaN,NaN,155.015528569001,0.527239557999999,0,2.47463052,0.304279248110923,NaN,NaN,NaN,NaN,NaN,NaN,NaN,NaN,NaN,NaN,NaN,NaN,NaN,,NaN,NaN,155.81496181131,0.599269201999999,0,2.592998326,1.28065238602743,NaN,NaN,NaN,NaN,NaN,NaN,NaN,NaN,NaN,NaN,NaN,NaN,NaN,,NaN,NaN,156.551981398758,0.623850437999999,0,2.686103166,3.23609633871085,NaN,NaN,NaN,NaN,NaN,NaN,NaN,NaN,NaN,NaN,NaN,NaN,NaN,,NaN,NaN,156.979967955978
38.1666666666667,5.411387014,0,5.858329202,0.298973903217102,NaN,NaN,NaN,NaN,NaN,NaN,NaN,NaN,NaN,NaN,NaN,NaN,NaN,,NaN,NaN,165.261841289286,1.166604908,0,4.401803318,0.56365760476315,NaN,NaN,NaN,NaN,NaN,NaN,NaN,NaN,NaN,NaN,NaN,NaN,NaN,,NaN,NaN,159.560535849376,0.410176777999999,0,2.446757502,0.350612289790147,NaN,NaN,NaN,NaN,NaN,NaN,NaN,NaN,NaN,NaN,NaN,NaN,NaN,,NaN,NaN,155.015528569001,0.527239557999999,0,2.47463052,0.30949757500023,NaN,NaN,NaN,NaN,NaN,NaN,NaN,NaN,NaN,NaN,NaN,NaN,NaN,,NaN,NaN,155.81496181131,0.599269201999999,0,2.592998326,1.34828296354388,NaN,NaN,NaN,NaN,NaN,NaN,NaN,NaN,NaN,NaN,NaN,NaN,NaN,,NaN,NaN,156.551981398758,0.623850437999999,0,2.686103166,3.23963502654501,NaN,NaN,NaN,NaN,NaN,NaN,NaN,NaN,NaN,NaN,NaN,NaN,NaN,,NaN,NaN,156.979967955978
38.25,5.411387014,0,5.858329202,0.34539589494432,NaN,NaN,NaN,NaN,NaN,NaN,NaN,NaN,NaN,NaN,NaN,NaN,NaN,,NaN,NaN,165.261841289286,1.166604908,0,4.401803318,0.583468923083223,NaN,NaN,NaN,NaN,NaN,NaN,NaN,NaN,NaN,NaN,NaN,NaN,NaN,,NaN,NaN,159.560535849376,0.410176777999999,0,2.446757502,0.416398252169459,NaN,NaN,NaN,NaN,NaN,NaN,NaN,NaN,NaN,NaN,NaN,NaN,NaN,,NaN,NaN,155.015528569001,0.527239557999999,0,2.47463052,0.306662247108468,NaN,NaN,NaN,NaN,NaN,NaN,NaN,NaN,NaN,NaN,NaN,NaN,NaN,,NaN,NaN,155.81496181131,0.599269201999999,0,2.592998326,1.27714881240888,NaN,NaN,NaN,NaN,NaN,NaN,NaN,NaN,NaN,NaN,NaN,NaN,NaN,,NaN,NaN,156.551981398758,0.623850437999999,0,2.686103166,3.23854667581489,NaN,NaN,NaN,NaN,NaN,NaN,NaN,NaN,NaN,NaN,NaN,NaN,NaN,,NaN,NaN,156.979967955978
38.3333333333333,5.411387014,0,5.858329202,0.430470146242999,NaN,NaN,NaN,NaN,NaN,NaN,NaN,NaN,NaN,NaN,NaN,NaN,NaN,,NaN,NaN,165.261841289286,1.166604908,0,4.401803318,0.557002153826774,NaN,NaN,NaN,NaN,NaN,NaN,NaN,NaN,NaN,NaN,NaN,NaN,NaN,,NaN,NaN,159.560535849376,0.410176777999999,0,2.446757502,0.367013410246416,NaN,NaN,NaN,NaN,NaN,NaN,NaN,NaN,NaN,NaN,NaN,NaN,NaN,,NaN,NaN,155.015528569001,0.527239557999999,0,2.47463052,0.314709661678113,NaN,NaN,NaN,NaN,NaN,NaN,NaN,NaN,NaN,NaN,NaN,NaN,NaN,,NaN,NaN,155.81496181131,0.599269201999999,0,2.592998326,1.27480853852739,NaN,NaN,NaN,NaN,NaN,NaN,NaN,NaN,NaN,NaN,NaN,NaN,NaN,,NaN,NaN,156.551981398758,0.623850437999999,0,2.686103166,3.24645756425692,NaN,NaN,NaN,NaN,NaN,NaN,NaN,NaN,NaN,NaN,NaN,NaN,NaN,,NaN,NaN,156.979967955978
38.4166666666667,5.411387014,0,5.858329202,0.386435785793192,NaN,NaN,NaN,NaN,NaN,NaN,NaN,NaN,NaN,NaN,NaN,NaN,NaN,,NaN,NaN,165.261841289286,1.166604908,0,4.401803318,0.588752938836475,NaN,NaN,NaN,NaN,NaN,NaN,NaN,NaN,NaN,NaN,NaN,NaN,NaN,,NaN,NaN,159.560535849376,0.410176777999999,0,2.446757502,0.408128623026953,NaN,NaN,NaN,NaN,NaN,NaN,NaN,NaN,NaN,NaN,NaN,NaN,NaN,,NaN,NaN,155.015528569001,0.527239557999999,0,2.47463052,0.315333023508044,NaN,NaN,NaN,NaN,NaN,NaN,NaN,NaN,NaN,NaN,NaN,NaN,NaN,,NaN,NaN,155.81496181131,0.599269201999999,0,2.592998326,1.45285417457489,NaN,NaN,NaN,NaN,NaN,NaN,NaN,NaN,NaN,NaN,NaN,NaN,NaN,,NaN,NaN,156.551981398758,0.623850437999999,0,2.686103166,3.24458035439724,NaN,NaN,NaN,NaN,NaN,NaN,NaN,NaN,NaN,NaN,NaN,NaN,NaN,,NaN,NaN,156.979967955978
38.5,5.411387014,0,5.858329202,0.575916632137608,NaN,NaN,NaN,NaN,NaN,NaN,NaN,NaN,NaN,NaN,NaN,NaN,NaN,,NaN,NaN,165.261841289286,1.166604908,0,4.401803318,0.611515648630703,NaN,NaN,NaN,NaN,NaN,NaN,NaN,NaN,NaN,NaN,NaN,NaN,NaN,,NaN,NaN,159.560535849376,0.410176777999999,0,2.446757502,0.475764097103051,NaN,NaN,NaN,NaN,NaN,NaN,NaN,NaN,NaN,NaN,NaN,NaN,NaN,,NaN,NaN,155.015528569001,0.527239557999999,0,2.47463052,0.310407581220572,NaN,NaN,NaN,NaN,NaN,NaN,NaN,NaN,NaN,NaN,NaN,NaN,NaN,,NaN,NaN,155.81496181131,0.599269201999999,0,2.592998326,1.37258372202187,NaN,NaN,NaN,NaN,NaN,NaN,NaN,NaN,NaN,NaN,NaN,NaN,NaN,,NaN,NaN,156.551981398758,0.623850437999999,0,2.686103166,3.18998832330675,NaN,NaN,NaN,NaN,NaN,NaN,NaN,NaN,NaN,NaN,NaN,NaN,NaN,,NaN,NaN,156.979967955978
38.5833333333333,5.411387014,0,5.858329202,0.691312798390089,NaN,NaN,NaN,NaN,NaN,NaN,NaN,NaN,NaN,NaN,NaN,NaN,NaN,,NaN,NaN,165.261841289286,1.166604908,0,4.401803318,0.554819327378236,NaN,NaN,NaN,NaN,NaN,NaN,NaN,NaN,NaN,NaN,NaN,NaN,NaN,,NaN,NaN,159.560535849376,0.410176777999999,0,2.446757502,0.3176986251731,NaN,NaN,NaN,NaN,NaN,NaN,NaN,NaN,NaN,NaN,NaN,NaN,NaN,,NaN,NaN,155.015528569001,0.527239557999999,0,2.47463052,0.302504642331687,NaN,NaN,NaN,NaN,NaN,NaN,NaN,NaN,NaN,NaN,NaN,NaN,NaN,,NaN,NaN,155.81496181131,0.599269201999999,0,2.592998326,1.00709786963021,NaN,NaN,NaN,NaN,NaN,NaN,NaN,NaN,NaN,NaN,NaN,NaN,NaN,,NaN,NaN,156.551981398758,0.623850437999999,0,2.686103166,3.18196239468231,NaN,NaN,NaN,NaN,NaN,NaN,NaN,NaN,NaN,NaN,NaN,NaN,NaN,,NaN,NaN,156.979967955978
38.6666666666667,5.411387014,0,5.858329202,0.519195189254712,NaN,NaN,NaN,NaN,NaN,NaN,NaN,NaN,NaN,NaN,NaN,NaN,NaN,,NaN,NaN,165.261841289286,1.166604908,0,4.401803318,0.511456242272228,NaN,NaN,NaN,NaN,NaN,NaN,NaN,NaN,NaN,NaN,NaN,NaN,NaN,,NaN,NaN,159.560535849376,0.410176777999999,0,2.446757502,0.214726100196668,NaN,NaN,NaN,NaN,NaN,NaN,NaN,NaN,NaN,NaN,NaN,NaN,NaN,,NaN,NaN,155.015528569001,0.527239557999999,0,2.47463052,0.289985292644406,NaN,NaN,NaN,NaN,NaN,NaN,NaN,NaN,NaN,NaN,NaN,NaN,NaN,,NaN,NaN,155.81496181131,0.599269201999999,0,2.592998326,0.96113388476681,NaN,NaN,NaN,NaN,NaN,NaN,NaN,NaN,NaN,NaN,NaN,NaN,NaN,,NaN,NaN,156.551981398758,0.623850437999999,0,2.686103166,3.18189527643229,NaN,NaN,NaN,NaN,NaN,NaN,NaN,NaN,NaN,NaN,NaN,NaN,NaN,,NaN,NaN,156.979967955978
38.75,5.411387014,0,5.858329202,0.397862519044431,NaN,NaN,NaN,NaN,NaN,NaN,NaN,NaN,NaN,NaN,NaN,NaN,NaN,,NaN,NaN,165.261841289286,1.166604908,0,4.401803318,0.475609166066547,NaN,NaN,NaN,NaN,NaN,NaN,NaN,NaN,NaN,NaN,NaN,NaN,NaN,,NaN,NaN,159.560535849376,0.410176777999999,0,2.446757502,0.201776273704923,NaN,NaN,NaN,NaN,NaN,NaN,NaN,NaN,NaN,NaN,NaN,NaN,NaN,,NaN,NaN,155.015528569001,,,,,,,,,,,,,,,,,,,,,,,,,,,,,,,,,,,,,,,,,,,,,,,,,,,,,,,,,,,,,,,
