time,Sub,Biomass,Ca,Cl,Co,Cu,Fe,Mg,Mo,Na,Zn,K,Ni,NH4,P,S,CO2_l,CO2_g,O2_l,O2_g,H,OH
0,10,0.05,0,0,0,0,0,0,0,0,0,0,0,0,0,0,1.5e-05,0.0004,0.00025,0.21,0,0
1.20240481,9.995014909,0.05049850908,-0.1198339134,-0.1198339134,-0.1797724774,-0.1797724774,-0.03447504009,-0.0718934352,-0.1797724774,-0.1437868704,-0.1797724774,-0.003195571024,-0.1797724774,-4.765861183e-05,-0.0005422702923,-9.018029252e-05,3.400371244e-05,0.0004053971236,0.0002390374499,0.2099843612,5.18308463e-05,0
2.404809619,9.989980141,0.05100198588,-0.2408619896,-0.2408619896,-0.3613364142,-0.3613364142,-0.06929362909,-0.1445032992,-0.3613364142,-0.2890065984,-0.3613364142,-0.006422986388,-0.3613364142,-9.579214881e-05,-0.001089944389,-0.0001812592451,4.594605877e-05,0.0004180987712,0.0002320492382,0.209964483,0.0001041781947,0
3.607214429,9.984895202,0.05151047984,-0.363096115,-0.363096115,-0.5447096424,-0.5447096424,-0.1044591866,-0.2178367232,-0.5447096424,-0.4356734463,-0.5447096424,-0.009682563067,-0.5447096424,-0.0001444053383,-0.001643076078,-0.0002732458028,5.352336107e-05,0.0004354110412,0.0002275167849,0.2099418813,0.0001570471864,0
4.809619238,9.979759591,0.05202404091,-0.486548295,-0.486548295,-0.7299101721,-0.7299101721,-0.1399751665,-0.2919009096,-0.7299101721,-0.5838018192,-0.7299101721,-0.0129746212,-0.7299101721,-0.0001935029548,-0.002201719686,-0.0003661490001,5.840390434e-05,0.0004556680931,0.0002245004945,0.2099174931,0.0002104430139,0
6.012024048,9.974572805,0.05254271952,-0.6112306542,-0.6112306542,-0.9169561924,-0.9169561924,-0.1758450568,-0.3667031326,-0.9169561924,-0.7334062652,-0.9169561924,-0.01629948411,-0.9169561924,-0.0002430898204,-0.002765930079,-0.0004599779614,6.162047711e-05,0.0004778396071,0.0002224186799,0.2098918972,0.0002643709213,0
7.214428858,9.969334334,0.05306656662,-0.7371554375,-0.7371554375,-1.105866073,-1.105866073,-0.2120723804,-0.4422507384,-1.105866073,-0.8845014768,-1.105866073,-0.01965747833,-1.105866073,-0.000293170805,-0.003335762667,-0.0005547419015,6.380958019e-05,0.0005012915759,0.0002209128406,0.2098654497,0.000318836205,0
8.416833667,9.964043664,0.05359563365,-0.8643350114,-0.8643350114,-1.296658365,-1.296658365,-0.2486606948,-0.5185511462,-1.296658365,-1.037102292,-1.296658365,-0.02304893364,-1.296658365,-0.0003437508267,-0.003911273412,-0.0006504501268,6.536610873e-05,0.0005256316224,0.000219760547,0.20983837,0.0003738442137,0
9.619238477,9.958700274,0.05412997256,-0.9927818653,-0.9927818653,-1.489351807,-1.489351807,-0.2856135933,-0.5956118488,-1.489351807,-1.191223698,-1.489351807,-0.02647418308,-1.489351807,-0.0003948348527,-0.004492518829,-0.0007471120361,6.653309944e-05,0.000550619253,0.0002188248953,0.2098107924,0.0004294003493,0
10.82164329,9.953303642,0.05466963583,-1.122508613,-1.122508613,-1.683965319,-1.683965319,-0.3229347046,-0.6734404137,-1.683965319,-1.346880827,-1.683965319,-0.029933563,-1.683965319,-0.0004464278995,-0.005079555997,-0.0008447371213,6.746161047e-05,0.0005761059778,0.0002180207829,0.2097827991,0.0004855100674,0
12.0240481,9.947853236,0.05521467645,-1.253527992,-1.253527992,-1.880518011,-1.880518011,-0.3606276933,-0.7520444831,-1.880518011,-1.504088966,-1.880518011,-0.03342741311,-1.880518011,-0.0004985350331,-0.00567244256,-0.000943334969,6.82446441e-05,0.0006020013885,0.000217295804,0.2097544397,0.0005421788777,0
13.22645291,9.942348521,0.05576514793,-1.385852868,-1.385852868,-2.079029185,-2.079029185,-0.3986962608,-0.8314317754,-2.079029185,-1.662863551,-2.079029185,-0.03695607648,-2.079029185,-0.00055116137,-0.006271236735,-0.001042915261,6.893971294e-05,0.000628250592,0.00021661754,0.2097257438,0.0005994123446,0
14.42885772,9.936788957,0.05632110433,-1.519496234,-1.519496234,-2.279518331,-2.279518331,-0.4371441447,-0.9116100854,-2.279518331,-1.823220171,-2.279518331,-0.04051989957,-2.279518331,-0.0006043120777,-0.006875997316,-0.001143487774,6.958264054e-05,0.0006548204105,0.0002159657871,0.2096967288,0.0006572160878,0
15.63126253,9.931173998,0.05688260024,-1.654471211,-1.654471211,-2.482005134,-2.482005134,-0.4759751202,-0.9925872855,-2.482005134,-1.985174571,-2.482005134,-0.04411923229,-2.482005134,-0.0006579923746,-0.007486783681,-0.001245062383,7.019541454e-05,0.0006816915281,0.0002153281338,0.209667404,0.0007155957827,0
16.83366733,9.925503092,0.05744969078,-1.790791052,-1.790791052,-2.686509475,-2.686509475,-0.5151929997,-1.074371326,-2.686509475,-2.148742652,-2.686509475,-0.04775442805,-2.686509475,-0.0007122075311,-0.008103655798,-0.001347649061,7.07916347e-05,0.0007088530435,0.0002146968921,0.2096377743,0.0007745571611,0
18.03607214,9.919775684,0.05802243162,-1.928469139,-1.928469139,-2.893051431,-2.893051431,-0.5548016334,-1.156970236,-2.893051431,-2.313940473,-2.893051431,-0.05142584371,-2.893051431,-0.0007669628699,-0.00872667423,-0.00145125788,7.137989631e-05,0.0007362990865,0.0002140671922,0.2096078415,0.0008341060116,0
19.23847695,9.91399121,0.058600879,-2.06751899,-2.06751899,-3.10165128,-3.10165128,-0.59480491,-1.240392126,-3.10165128,-2.480784251,-3.10165128,-0.05513383974,-3.10165128,-0.0008222637666,-0.00935590014,-0.001555899011,7.196539183e-05,0.000764027217,0.0002134360806,0.2095776056,0.0008942481804,0
20.44088176,9.908149103,0.05918508971,-2.207954258,-2.207954258,-3.312329503,-3.312329503,-0.6352067575,-1.324645185,-3.312329503,-2.64929037,-3.312329503,-0.05887878021,-3.312329503,-0.0008781156513,-0.009991395315,-0.001661582729,7.255135407e-05,0.0007920369824,0.0002128017072,0.2095470654,0.000954989573,0
21.64328657,9.902248789,0.05977512111,-2.349788729,-2.349788729,-3.525106784,-3.525106784,-0.6760111419,-1.409737686,-3.525106784,-2.819475371,-3.525106784,-0.06266103277,-3.525106784,-0.0009345240069,-0.01063322214,-0.001768319409,7.313985007e-05,0.0008203291226,0.0002121628781,0.2095162191,0.001016336152,0
22.84569138,9.896289689,0.06037103111,-2.493036324,-2.493036324,-3.740004005,-3.740004005,-0.7172220682,-1.495677979,-3.740004005,-2.991355958,-3.740004005,-0.06648096863,-3.740004005,-0.0009914943696,-0.01128144361,-0.001876119527,7.373220933e-05,0.0008489051429,0.0002115188143,0.2094850644,0.001078293939,0
24.04809619,9.890271218,0.06097287819,-2.637711102,-2.637711102,-3.95704226,-3.95704226,-0.7588435813,-1.5824745,-3.95704226,-3.164949001,-3.95704226,-0.07033896273,-3.95704226,-0.001049032331,-0.01193612334,-0.001984993664,7.432921509e-05,0.0008777671229,0.0002108690444,0.2094535985,0.001140869015,0
25.250501,9.884192786,0.06158072142,-2.783827265,-2.783827265,-4.17624285,-4.17624285,-0.8008797665,-1.670135769,-4.17624285,-3.340271538,-4.17624285,-0.07423539374,-4.17624285,-0.00110714354,-0.0125973256,-0.002094952506,7.493135015e-05,0.0009069174714,0.000210213266,0.2094218187,0.001204067522,0
26.45290581,9.878053795,0.06219462048,-2.931399154,-2.931399154,-4.397627292,-4.397627292,-0.8433347497,-1.758670389,-4.397627292,-3.517340779,-4.397627292,-0.0781706441,-4.397627292,-0.001165833698,-0.01326511528,-0.002206006845,7.553897157e-05,0.0009363587514,0.0002095512468,0.2093897219,0.001267895662,0
27.65531062,9.871853644,0.0628146356,-3.08044125,-3.08044125,-4.62121731,-4.62121731,-0.8862126971,-1.848087049,-4.62121731,-3.696174099,-4.62121731,-0.0821451,-4.62121731,-0.001225108566,-0.01393955793,-0.00231816758,7.615234217e-05,0.0009660936491,0.0002088828077,0.2093573053,0.001332359701,0
28.85771543,9.865591724,0.06344082764,-3.230968182,-3.230968182,-4.847034849,-4.847034849,-0.9295178171,-1.938394525,-4.847034849,-3.87678905,-4.847034849,-0.08615915151,-4.847034849,-0.001284973961,-0.01462071972,-0.002431445719,7.677163372e-05,0.0009961249711,0.0002082078204,0.2093245655,0.001397465963,0
30.06012024,9.85926742,0.06407325804,-3.382994721,-3.382994721,-5.07510207,-5.07510207,-0.9732543596,-2.029601679,-5.07510207,-4.059203357,-5.07510207,-0.09021319256,-5.07510207,-0.001345435759,-0.01530866751,-0.002545852379,7.739697065e-05,0.001026455601,0.0002075261828,0.2092914995,0.00146322084,0
31.26252505,9.852880111,0.06471198887,-3.536535787,-3.536535787,-5.305441354,-5.305441354,-1.017426617,-2.121717461,-5.305441354,-4.243434922,-5.305441354,-0.09430762099,-5.305441354,-0.001406499892,-0.01600346881,-0.002661398787,7.802845774e-05,0.001057088472,0.0002068378038,0.2092581041,0.001529630783,0
32.46492986,9.846429172,0.06535708282,-3.691606447,-3.691606447,-5.538075305,-5.538075305,-1.062038923,-2.214750912,-5.538075305,-4.429501823,-5.538075305,-0.09844283859,-5.538075305,-0.001468172354,-0.0167051918,-0.002778096282,7.866618476e-05,0.001088026562,0.0002061426004,0.2092243759,0.00159670231,0
33.66733467,9.839913968,0.06600860318,-3.848221918,-3.848221918,-5.77302675,-5.77302675,-1.107095655,-2.308711159,-5.77302675,-4.617422318,-5.77302675,-0.1026192511,-5.77302675,-0.001530459195,-0.01741390534,-0.002895956315,7.931023023e-05,0.001119272892,0.0002054404953,0.2091903117,0.001664442002,0
34.86973948,9.833333861,0.06666661387,-4.006397565,-4.006397565,-6.010318742,-6.010318742,-1.152601236,-2.403607423,-6.010318742,-4.807214846,-6.010318742,-0.1068372684,-6.010318742,-0.001593366527,-0.01812967896,-0.003014990449,7.996066652e-05,0.001150830517,0.0002047314149,0.2091559082,0.001732856506,0
36.07214429,9.826688205,0.06733117947,-4.16614891,-4.16614891,-6.249974564,-6.249974564,-1.198560129,-2.499449015,-6.249974564,-4.998898029,-6.249974564,-0.1110973043,-6.249974564,-0.001656900523,-0.01885258291,-0.003135210366,8.061756319e-05,0.001182702528,0.0002040152862,0.2091211619,0.001801952533,0
37.2745491,9.819976346,0.0680023654,-4.327491682,-4.327491682,-6.492017814,-6.492017814,-1.24497686,-2.59624537,-6.492017814,-5.192490741,-6.492017814,-0.1153997782,-6.492017814,-0.001721067438,-0.01958268835,-0.003256627901,8.128098842e-05,0.001214892061,0.0002032920372,0.2090860695,0.001871736889,0
38.47695391,9.813197624,0.06868023757,-4.490441724,-4.490441724,-6.736472258,-6.736472258,-1.291855987,-2.694005995,-6.736472258,-5.388011991,-6.736472258,-0.1197451126,-6.736472258,-0.001785873573,-0.02032006698,-0.003379254977,8.195101011e-05,0.001247402273,0.0002025615953,0.2090506274,0.001942216425,0
39.67935872,9.806351382,0.06936486183,-4.655014864,-4.655014864,-6.983361642,-6.983361642,-1.339202063,-2.792740386,-6.983361642,-5.585480771,-6.983361642,-0.1241337297,-6.983361642,-0.001851325223,-0.02106479042,-0.003503103506,8.26276962e-05,0.001280236319,0.0002018238881,0.2090148324,0.002013397986,0
40.88176353,9.79943694,0.07005630603,-4.82122741,-4.82122741,-7.232710432,-7.232710432,-1.387019781,-2.892458325,-7.232710432,-5.784916651,-7.232710432,-0.1285660643,-7.232710432,-0.001917428875,-0.02181693248,-0.00362818576,8.331111253e-05,0.001313397455,0.0002010788434,0.2089786807,0.002085288628,0
42.08416834,9.792453625,0.07075463752,-4.989095558,-4.989095558,-7.484542921,-7.484542921,-1.435313798,-2.99316953,-7.484542921,-5.98633906,-7.484542921,-0.1330425482,-7.484542921,-0.001984190967,-0.02257656643,-0.003754513927,8.400132547e-05,0.00134688891,0.0002003263889,0.2089421689,0.002157895355,0
43.28657315,9.785400751,0.07145992488,-5.158635789,-5.158635789,-7.738883838,-7.738883838,-1.484088858,-3.094883889,-7.738883838,-6.189767777,-7.738883838,-0.137563621,-7.738883838,-0.002051618058,-0.02334376687,-0.003882100411,8.469840169e-05,0.001380713976,0.0001995664515,0.2089052935,0.002231225295,0
44.48897796,9.778277624,0.07217223762,-5.329864812,-5.329864812,-7.995758246,-7.995758246,-1.533349766,-3.197611424,-7.995758246,-6.395222849,-7.995758246,-0.1421297283,-7.995758246,-0.002119716789,-0.0241186094,-0.004010957785,8.540240799e-05,0.001414875987,0.0001987989575,0.2088680507,0.002305285674,0
45.69138277,9.771083551,0.07289164493,-5.502799263,-5.502799263,-8.255191105,-8.255191105,-1.583101309,-3.301362119,-8.255191105,-6.602724238,-8.255191105,-0.1467413137,-8.255191105,-0.00218849378,-0.0249011693,-0.004141098569,8.611341184e-05,0.001449378264,0.0001980238331,0.2088304369,0.00238008369,0
46.89378758,9.763817819,0.07361821814,-5.677456284,-5.677456284,-8.517208129,-8.517208129,-1.633348419,-3.406146256,-8.517208129,-6.812292513,-8.517208129,-0.1513988342,-8.517208129,-0.002257955845,-0.02569152414,-0.004272535662,8.683148478e-05,0.001484224225,0.000197241001,0.2087924485,0.002455626756,0
48.09619238,9.756479721,0.07435202792,-5.853852866,-5.853852866,-8.781834808,-8.781834808,-1.684095984,-3.51197403,-8.781834808,-7.023948059,-8.781834808,-0.1561027431,-8.781834808,-0.002328109744,-0.02648975081,-0.004405281851,8.755669709e-05,0.001519417259,0.000196450385,0.2087540817,0.002531922221,0
49.29859719,9.749068534,0.07509314662,-6.032006398,-6.032006398,-9.049097229,-9.049097229,-1.735349005,-3.618855872,-9.049097229,-7.237711744,-9.049097229,-0.1608535039,-9.049097229,-0.002398962392,-0.02729592801,-0.004539350223,8.828912107e-05,0.001554960836,0.000195651907,0.2087153328,0.002608977606,0
50.501002,9.741583528,0.07584164725,-6.211934435,-6.211934435,-9.319021727,-9.319021727,-1.787112535,-3.726802315,-9.319021727,-7.453604629,-9.319021727,-0.1656515849,-9.319021727,-0.00247052077,-0.02811013516,-0.004674753987,8.902883015e-05,0.001590858456,0.0001948454876,0.2086761979,0.002686800504,0
51.70340681,9.734023972,0.07659760281,-6.393654522,-6.393654522,-9.591634624,-9.591634624,-1.839391619,-3.835823884,-9.591634624,-7.671647768,-9.591634624,-0.1704974539,-9.591634624,-0.002542791856,-0.02893245166,-0.004811506349,8.977589815e-05,0.001627113618,0.0001940310476,0.2086366732,0.002765398504,0
52.90581162,9.726389129,0.07736108714,-6.577184409,-6.577184409,-9.866962547,-9.866962547,-1.892191365,-3.945931229,-9.866962547,-7.891862458,-9.866962547,-0.1753915842,-9.866962547,-0.00261578271,-0.02976295784,-0.004949620664,9.053040041e-05,0.001663729861,0.0001932085061,0.2085967548,0.002844779283,0
54.10821643,9.718678251,0.07813217493,-6.762542049,-6.762542049,-10.14503243,-10.14503243,-1.945516938,-4.05713512,-10.14503243,-8.114270241,-10.14503243,-0.1803344546,-10.14503243,-0.002689500471,-0.03060173493,-0.005089110444,9.129241378e-05,0.001700710764,0.0001923777812,0.2085564389,0.002924950606,0
55.31062124,9.710890583,0.0789109417,-6.949745601,-6.949745601,-10.42587151,-10.42587151,-1.999373561,-4.169446452,-10.42587151,-8.338892904,-10.42587151,-0.1853265494,-10.42587151,-0.002763952361,-0.03144886511,-0.005229989353,9.206201667e-05,0.001738059946,0.0001915387897,0.2085157215,0.003005920326,0
56.51302605,9.703025361,0.07969746385,-7.138813425,-7.138813425,-10.70950734,-10.70950734,-2.053766518,-4.28287624,-10.70950734,-8.565752481,-10.70950734,-0.190368358,-10.70950734,-0.002839145684,-0.03230443147,-0.00537227121,9.283928781e-05,0.001775781067,0.0001906914475,0.2084745986,0.003087696387,0
57.71543086,9.695081813,0.08049181865,-7.329764099,-7.329764099,-10.99596778,-10.99596778,-2.108701152,-4.397435629,-10.99596778,-8.794871258,-10.99596778,-0.195460376,-10.99596778,-0.002915087825,-0.03316851806,-0.005515969994,9.362427127e-05,0.001813877865,0.0001898356902,0.2084330662,0.003170286822,0
58.91783567,9.687059158,0.08129408422,-7.522616398,-7.522616398,-11.285281,-11.285281,-2.164182864,-4.513135884,-11.285281,-9.026271767,-11.285281,-0.200603104,-11.285281,-0.002991786254,-0.03404120985,-0.005661099835,9.441699108e-05,0.00185235414,0.0001889714643,0.2083911201,0.003253699752,0
60.12024048,9.678956609,0.08210433913,-7.717389213,-7.717389213,-11.57747534,-11.57747534,-2.22021709,-4.629988337,-11.57747534,-9.259976673,-11.57747534,-0.2057970457,-11.57747534,-0.003069248482,-0.03492259233,-0.005807674948,9.521756052e-05,0.001891213625,0.0001880986649,0.2083487562,0.003337943349,0
61.32264529,9.670773373,0.0829226627,-7.914101611,-7.914101611,-11.87257941,-11.87257941,-2.276809315,-4.748004428,-11.87257941,-9.496008855,-11.87257941,-0.2110427096,-11.87257941,-0.003147482094,-0.03581275177,-0.005955709683,9.602611036e-05,0.001930460072,0.0001872171767,0.2083059705,0.003423025858,0
62.5250501,9.662508648,0.08374913517,-8.112772878,-8.112772878,-12.17062213,-12.17062213,-2.333965088,-4.867195727,-12.17062213,-9.734391454,-12.17062213,-0.2163406101,-12.17062213,-0.003226494758,-0.03671177545,-0.006105218553,9.68427465e-05,0.001970097301,0.0001863268982,0.2082627587,0.003508955622,0
63.72745491,9.654161625,0.08458383753,-8.313422484,-8.313422484,-12.47163272,-12.47163272,-2.391690009,-4.987573916,-12.47163272,-9.975147832,-12.47163272,-0.2216912662,-12.47163272,-0.003306294219,-0.03761975148,-0.00625621621,9.766753816e-05,0.002010129208,0.0001854277488,0.2082191167,0.003595741062,0
64.92985972,9.645731484,0.08542685157,-8.51607009,-8.51607009,-12.77564067,-12.77564067,-2.449989735,-5.109150789,-12.77564067,-10.21830158,-12.77564067,-0.2270952024,-12.77564067,-0.003386888296,-0.03853676882,-0.00640871745,9.850049938e-05,0.002050559783,0.0001845196789,0.20817504,0.003683390681,0
66.13226453,9.637217401,0.0862782599,-8.720735552,-8.720735552,-13.08267576,-13.08267576,-2.508869979,-5.23193826,-13.08267576,-10.46387652,-13.08267576,-0.232552948,-13.08267576,-0.003468284885,-0.03946291732,-0.006562737215,9.934170025e-05,0.002091392998,0.0001836026063,0.2081305244,0.003771913069,0
67.33466934,9.628618541,0.08713814594,-8.927438927,-8.927438927,-13.3927681,-13.3927681,-2.56833651,-5.355948361,-13.3927681,-10.71189672,-13.3927681,-0.2380650381,-13.3927681,-0.003550491963,-0.04039828776,-0.0067182906,0.000100191243,0.002132632836,0.0001826764301,0.2080855655,0.003861316899,0
68.53707415,9.619934061,0.08800659394,-9.136200465,-9.136200465,-13.70594805,-13.70594805,-2.628395155,-5.481193241,-13.70594805,-10.96238648,-13.70594805,-0.2436320124,-13.70594805,-0.003633517585,-0.04134297176,-0.006875392843,0.0001010492686,0.002174283278,0.0001817410267,0.208040159,0.003951610931,0
69.73947896,9.61116311,0.08888368896,-9.347040615,-9.347040615,-14.02224629,-14.02224629,-2.689051795,-5.607685168,-14.02224629,-11.21537034,-14.02224629,-0.2492544164,-14.02224629,-0.003717369881,-0.04229706185,-0.007034059332,0.000101915832,0.002216348434,0.0001807963214,0.2079943003,0.004042804009,0
70.94188377,9.602304831,0.08976951692,-9.559980028,-9.559980028,-14.3416938,-14.3416938,-2.750312373,-5.735436532,-14.3416938,-11.47087306,-14.3416938,-0.2549328007,-14.3416938,-0.003802057066,-0.04326065149,-0.00719430561,0.0001027909961,0.002258832446,0.0001798422347,0.207947985,0.004134905065,0
72.14428858,9.593358348,0.09066416519,-9.77503971,-9.77503971,-14.6643221,-14.6643221,-2.812182932,-5.864459935,-14.6643221,-11.72891987,-14.6643221,-0.2606677256,-14.6643221,-0.003887587494,-0.04423383574,-0.007356147483,0.0001036748519,0.002301739499,0.0001788786699,0.2079012086,0.004227923185,0
73.34669339,9.584322681,0.09156773192,-9.99224325,-9.99224325,-14.99016658,-14.99016658,-2.874670257,-5.99476953,-14.99016658,-11.98953906,-14.99016658,-0.26645982,-14.99016658,-0.003973970547,-0.04521672133,-0.007519602705,0.0001045675036,0.002345074294,0.0001779055177,0.2078539658,0.004321868572,0
74.5490982,9.575197057,0.09248029428,-10.2116092,-10.2116092,-15.31925506,-15.31925506,-2.937779687,-6.126376446,-15.31925506,-12.25275289,-15.31925506,-0.2723095787,-15.31925506,-0.004061213602,-0.04620939223,-0.007684685235,0.0001054690249,0.002388840534,0.0001769226965,0.2078062526,0.004416749249,0
75.75150301,9.565980592,0.09340194083,-10.43315885,-10.43315885,-15.65161948,-15.65161948,-3.001517346,-6.259293457,-15.65161948,-12.51858691,-15.65161948,-0.2782175694,-15.65161948,-0.004149325127,-0.04721194477,-0.007851411096,0.000106379501,0.002433042468,0.0001759301126,0.2077580645,0.004512574426,0
76.95390782,9.55667248,0.09433275205,-10.65691155,-10.65691155,-15.98728887,-15.98728887,-3.0658888,-6.393532167,-15.98728887,-12.78706433,-15.98728887,-0.284184308,-15.98728887,-0.004238312815,-0.04822446649,-0.008019794845,0.000107299011,0.002477683958,0.0001749276799,0.2077093972,0.004609352469,0
78.15631263,9.547271885,0.09527281151,-10.88288738,-10.88288738,-16.32629337,-16.32629337,-3.130899828,-6.52910463,-16.32629337,-13.05820926,-16.32629337,-0.2902103302,-16.32629337,-0.004328184657,-0.04924704831,-0.008189851602,0.000108227637,0.00252276901,0.0001739153088,0.2076602463,0.004707092068,0
79.35871743,9.537777755,0.09622222446,-11.11111165,-11.11111165,-16.66867092,-16.66867092,-3.196557708,-6.666026026,-16.66867092,-13.33205205,-16.66867092,-0.2962963107,-16.66867092,-0.004418950713,-0.0502798047,-0.008361600405,0.0001091654824,0.002568302675,0.0001728928868,0.2076106063,0.004805804165,0
80.56112224,9.528189051,0.09718109492,-11.34160936,-11.34160936,-17.01445904,-17.01445904,-3.262869635,-6.804311353,-17.01445904,-13.60862271,-17.01445904,-0.3024429162,-17.01445904,-0.004510620929,-0.05132284882,-0.008535060071,0.0001101126495,0.002614289941,0.0001718603024,0.2075604719,0.004905499576,0
81.76352705,9.518504749,0.09814952507,-11.57440506,-11.57440506,-17.36369458,-17.36369458,-3.329842674,-6.943975349,-17.36369458,-13.8879507,-17.36369458,-0.3086508017,-17.36369458,-0.004603205073,-0.05237629182,-0.008710249085,0.0001110692385,0.002660735708,0.0001708174462,0.2075098376,0.005006188924,0
82.96593186,9.508723992,0.09912760079,-11.80951942,-11.80951942,-17.71640851,-17.71640851,-3.397482765,-7.085030399,-17.71640851,-14.1700608,-17.71640851,-0.3149205179,-17.71640851,-0.004696711356,-0.05344022712,-0.008887182983,0.0001120353337,0.002707644098,0.0001697642267,0.2074586989,0.005107881138,0
84.16833667,9.498845858,0.1001154142,-12.04697456,-12.04697456,-18.07263403,-18.07263403,-3.465796278,-7.227489786,-18.07263403,-14.45497957,-18.07263403,-0.321252655,-18.07263403,-0.004791148583,-0.0545147549,-0.009065878425,0.0001130110254,0.002755019527,0.0001687005453,0.2074070511,0.005210585795,0
85.37074148,9.488869398,0.1011130602,-12.28679331,-12.28679331,-18.4324054,-18.4324054,-3.534789776,-7.3713672,-18.4324054,-14.7427344,-18.4324054,-0.3276478216,-18.4324054,-0.004886525829,-0.05559997843,-0.009246352584,0.0001139964067,0.002802866548,0.0001676263006,0.2073548892,0.005314312764,0
86.57314629,9.47879366,0.102120634,-12.52899855,-12.52899855,-18.79575693,-18.79575693,-3.604469845,-7.516676372,-18.79575693,-15.03335274,-18.79575693,-0.334106628,-18.79575693,-0.004982852195,-0.05669600127,-0.009428622684,0.0001149915712,0.002851189729,0.0001665413908,0.2073022081,0.005419071945,0
87.7755511,9.468617626,0.1031382374,-12.77361475,-12.77361475,-19.16272534,-19.16272534,-3.674843525,-7.663431983,-19.16272534,-15.32686397,-19.16272534,-0.3406297267,-19.16272534,-0.005080137416,-0.05780293416,-0.00961270714,0.0001159966186,0.002899993953,0.0001654457071,0.2072490027,0.005524873921,0
88.97795591,9.458340288,0.1041659712,-13.02066616,-13.02066616,-19.53334699,-19.53334699,-3.745917788,-7.811648574,-19.53334699,-15.62329715,-19.53334699,-0.3472177642,-19.53334699,-0.005178391129,-0.05892088677,-0.009798624192,0.0001170116476,0.002949284055,0.000164339142,0.2071952675,0.005631729176,0
90.18036072,9.447960657,0.1052039343,-13.27017652,-13.27017652,-19.90765753,-19.90765753,-3.817699469,-7.961340399,-19.90765753,-15.9226808,-19.90765753,-0.3538713739,-19.90765753,-0.005277622784,-0.06004996663,-0.009986391719,0.000118036755,0.002999064778,0.0001632215899,0.2071409975,0.005739647986,0
91.38276553,9.437477744,0.1062522256,-13.52216961,-13.52216961,-20.2856926,-20.2856926,-3.890195407,-8.112521716,-20.2856926,-16.22504343,-20.2856926,-0.3605911896,-20.2856926,-0.005377841834,-0.06119028128,-0.01017602761,0.000119072038,0.003049340864,0.000162092945,0.2070861874,0.00584864063,0
92.58517034,9.426890503,0.1073109497,-13.7766706,-13.7766706,-20.66748997,-20.66748997,-3.963412841,-8.265207626,-20.66748997,-16.53041525,-20.66748997,-0.3673778826,-20.66748997,-0.005479058287,-0.06234194461,-0.0103675508,0.0001201175987,0.003100117334,0.0001609530959,0.2070308319,0.005958717996,0
93.78757515,9.416197873,0.1083802127,-14.03370498,-14.03370498,-21.05308788,-21.05308788,-4.037359108,-8.419413427,-21.05308788,-16.83882685,-21.05308788,-0.3742321327,-21.05308788,-0.005581282285,-0.06350507201,-0.01056098048,0.0001211735408,0.003151399279,0.0001598019293,0.2069749252,0.006069891111,0
94.98997996,9.405398824,0.1094601176,-14.29329751,-14.29329751,-21.44252349,-21.44252349,-4.11204133,-8.57515397,-21.44252349,-17.15030794,-21.44252349,-0.3811546002,-21.44252349,-0.005684523674,-0.06467977551,-0.01075633528,0.0001222399651,0.003203191637,0.0001586393355,0.2069184622,0.006182170683,0
96.19238477,9.394492326,0.1105507674,-14.55547294,-14.55547294,-21.83583391,-21.83583391,-4.187466628,-8.732444108,-21.83583391,-17.46488822,-21.83583391,-0.3881459452,-21.83583391,-0.005788792299,-0.06586616713,-0.01095363383,0.0001233169722,0.003255499349,0.0001574652046,0.2068614373,0.00629556742,0
97.39478958,9.383477312,0.1116522688,-14.82025692,-14.82025692,-22.23305762,-22.23305762,-4.263642379,-8.89129922,-22.23305762,-17.78259844,-22.23305762,-0.3952068512,-22.23305762,-0.005894098355,-0.06706436288,-0.01115289542,0.0001244046668,0.003308327531,0.0001562794226,0.206803845,0.006410092409,0
98.59719439,9.372352678,0.1127647322,-15.087676,-15.087676,-22.63423446,-22.63423446,-4.340576222,-9.051735242,-22.63423446,-18.10347048,-22.63423446,-0.4023380267,-22.63423446,-0.006000452406,-0.06827448294,-0.01135414005,0.0001255031574,0.003361681481,0.0001550818714,0.2067456795,0.006525757139,0
99.7995992,9.361117345,0.1138882655,-15.35775614,-15.35775614,-23.03940336,-23.03940336,-4.418275624,-9.213767742,-23.03940336,-18.42753548,-23.03940336,-0.4095401636,-23.03940336,-0.006107864773,-0.06949664475,-0.01155738723,0.0001266125498,0.003415566379,0.0001538724355,0.2066869352,0.006642572835,0
101.002004,9.349770218,0.1150229782,-15.6305236,-15.6305236,-23.44860374,-23.44860374,-4.496748145,-9.377412485,-23.44860374,-18.75482497,-23.44860374,-0.4168139626,-23.44860374,-0.006216345905,-0.07073096723,-0.01176265675,0.0001277329511,0.003469987468,0.0001526509983,0.2066276063,0.00676055086,0
102.2044088,9.338310192,0.1161689808,-15.906005,-15.906005,-23.86187551,-23.86187551,-4.576001438,-9.542685434,-23.86187551,-19.08537087,-23.86187551,-0.4241601333,-23.86187551,-0.006325906386,-0.07197757076,-0.01196996863,0.0001288644697,0.003524950058,0.0001514174415,0.2065676871,0.006879702724,0
103.4068136,9.326736145,0.1173263855,-16.18422728,-16.18422728,-24.2792591,-24.2792591,-4.656043256,-9.709602751,-24.2792591,-19.4192055,-24.2792591,-0.4315793941,-24.2792591,-0.006436556929,-0.07323657726,-0.01217934313,0.0001300072153,0.003580459524,0.0001501716456,0.2065071717,0.007000040079,0
104.6092184,9.315046943,0.1184953057,-16.4652177,-16.4652177,-24.7007954,-24.7007954,-4.736881442,-9.878180798,-24.7007954,-19.7563616,-24.7007954,-0.4390724721,-24.7007954,-0.00654830838,-0.07450811014,-0.01239080079,0.000131161299,0.003636521308,0.0001489134893,0.2064460542,0.007121574719,0
105.8116232,9.303241439,0.1196758561,-16.74900388,-16.74900388,-25.12652583,-25.12652583,-4.818523937,-10.04843613,-25.12652583,-20.09687226,-25.12652583,-0.4466401034,-25.12652583,-0.006661171714,-0.07579229427,-0.01260436237,0.0001323268332,0.003693140916,0.0001476428503,0.2063843285,0.007244318583,0
107.0140281,9.291318485,0.1208681515,-17.03561333,-17.03561333,-25.55649169,-25.55649169,-4.900978663,-10.22038527,-25.55649169,-20.44077054,-25.55649169,-0.4542830222,-25.55649169,-0.006775157884,-0.07708925429,-0.0128200486,0.0001335039318,0.003750323844,0.0001463596046,0.2063219888,0.007368283579,0
108.2164329,9.279276925,0.1220723075,-17.32507392,-17.32507392,-25.99073477,-25.99073477,-4.984253633,-10.39404493,-25.99073477,-20.78808985,-25.99073477,-0.4620019713,-25.99073477,-0.006890277966,-0.0783991162,-0.01303788043,0.0001346927099,0.003808075647,0.0001450636274,0.2062590288,0.007493481756,0
109.4188377,9.267115578,0.1232884422,-17.61741399,-17.61741399,-26.42929758,-26.42929758,-5.068356998,-10.5694321,-26.42929758,-21.1388642,-26.42929758,-0.4697977064,-26.42929758,-0.007006543231,-0.07972200826,-0.01325787919,0.000135893284,0.003866401978,0.0001437547918,0.2061954425,0.007619925369,0
110.6212425,9.254833254,0.1245166746,-17.91266217,-17.91266217,-26.87222309,-26.87222309,-5.153297,-10.74656398,-26.87222309,-21.49312796,-26.87222309,-0.4776709912,-26.87222309,-0.007123965069,-0.08105806007,-0.01348006644,0.0001371057719,0.003925308551,0.0001424329696,0.2061312237,0.007747626807,0
111.8236473,9.242428748,0.1257571252,-18.21084741,-18.21084741,-27.31955472,-27.31955472,-5.239081967,-10.92545792,-27.31955472,-21.85091585,-27.31955472,-0.4856225977,-27.31955472,-0.007242554994,-0.08240740263,-0.01370446396,0.0001383302927,0.003984801144,0.0001410980314,0.2060663659,0.00787659859,0
113.0260521,9.229900843,0.1270099157,-18.51199897,-18.51199897,-27.77133636,-27.77133636,-5.325720313,-11.10613149,-27.77133636,-22.21226297,-27.77133636,-0.4936533059,-27.77133636,-0.007362324639,-0.08377016831,-0.01393109375,0.0001395669669,0.00404488559,0.000139749846,0.206000863,0.008006853371,0
114.2284569,9.21724831,0.128275169,-18.8161464,-18.8161464,-28.22761234,-28.22761234,-5.413220541,-11.2886024,-28.22761234,-22.5772048,-28.22761234,-0.501763904,-28.22761234,-0.007483285758,-0.08514649084,-0.01415997808,0.0001408159162,0.004105567786,0.0001383882811,0.2059347084,0.008138403933,0
115.4308617,9.204469907,0.1295530093,-19.12331954,-19.12331954,-28.68842744,-28.68842744,-5.501591238,-11.47288856,-28.68842744,-22.94577713,-28.68842744,-0.5099551878,-28.68842744,-0.007605450219,-0.08653650527,-0.01439113938,0.0001420772604,0.004166853689,0.0001370132057,0.2058678956,0.008271263183,0
116.6332665,9.191564394,0.1308435606,-19.43354821,-19.43354821,-29.15382639,-29.15382639,-5.59084098,-11.65900787,-29.15382639,-23.31801574,-29.15382639,-0.5182279524,-29.15382639,-0.007728829882,-0.08794034654,-0.01462460011,0.0001433510565,0.004228749314,0.0001356245407,0.2058004181,0.008405444019,0
117.8356713,9.178530526,0.1321469474,-19.74686236,-19.74686236,-29.6238541,-29.6238541,-5.680978383,-11.84697828,-29.6238541,-23.69395657,-29.6238541,-0.5265829962,-29.6238541,-0.007853436655,-0.08935815013,-0.01486038279,0.0001446373331,0.004291260729,0.0001342222307,0.2057322694,0.00854095939,0
119.0380762,9.165367029,0.1334632971,-20.06329257,-20.06329257,-30.09855647,-30.09855647,-5.772012248,-12.03681816,-30.09855647,-24.07363631,-30.09855647,-0.5350211353,-30.09855647,-0.007979282706,-0.0907900545,-0.01509851045,0.0001459362748,0.00435439398,0.0001328060916,0.2056634427,0.008677822531,0
120.240481,9.152072614,0.1347927386,-20.38286985,-20.38286985,-30.57798002,-30.57798002,-5.863951493,-12.22854609,-30.57798002,-24.45709218,-30.57798002,-0.5435431961,-30.57798002,-0.008106380363,-0.09223619993,-0.01533900641,0.0001472481306,0.004418155129,0.0001313758854,0.2055939316,0.008816046849,0
121.4428858,9.138645984,0.1361354016,-20.70562537,-20.70562537,-31.0621715,-31.0621715,-5.956805087,-12.42218078,-31.0621715,-24.84436157,-31.0621715,-0.55215001,-31.0621715,-0.008234742023,-0.09369672746,-0.01558189414,0.000148573093,0.004482550331,0.0001299314197,0.2055237291,0.008955645826,0
122.6452906,9.125085831,0.1374914169,-21.03159061,-21.03159061,-31.55117812,-31.55117812,-6.050582083,-12.61774112,-31.55117812,-25.23548224,-31.55117812,-0.5608424162,-31.55117812,-0.008364380203,-0.09517177954,-0.01582719732,0.000149911344,0.004547585813,0.0001284725095,0.2054528286,0.009096633076,0
123.8476954,9.11139083,0.138860917,-21.36079736,-21.36079736,-32.0450476,-32.0450476,-6.145291632,-12.81524618,-32.0450476,-25.63049236,-32.0450476,-0.5696212628,-32.0450476,-0.008495307552,-0.09666150005,-0.01607493988,0.0001512629037,0.004613268031,0.0001269991031,0.205381223,0.009239022354,0
125.0501002,9.097559647,0.1402440353,-21.69327773,-21.69327773,-32.54382811,-32.54382811,-6.24094297,-13.01471522,-32.54382811,-26.02943044,-32.54382811,-0.578487406,-32.54382811,-0.00862753684,-0.09816603431,-0.01632514599,0.0001526277471,0.004679603547,0.0001255111858,0.2053089053,0.009382827547,0
126.252505,9.083590931,0.1416409069,-22.02906415,-22.02906415,-33.04756829,-33.04756829,-6.337545426,-13.2161677,-33.04756829,-26.43233541,-33.04756829,-0.5874417107,-33.04756829,-0.008761080962,-0.09968552906,-0.01657784005,0.0001540059944,0.004746598845,0.0001240086242,0.2052358683,0.009528062681,0
127.4549098,9.069483322,0.1430516678,-22.36818938,-22.36818938,-33.55631727,-33.55631727,-6.435108423,-13.41962328,-33.55631727,-26.83924655,-33.55631727,-0.59648505,-33.55631727,-0.008895952945,-0.1012201325,-0.01683304671,0.0001553978141,0.004814260424,0.0001224912457,0.2051621049,0.009674741922,0
128.6573146,9.055235443,0.1444764557,-22.71068647,-22.71068647,-34.07012467,-34.07012467,-6.533641474,-13.62510178,-34.07012467,-27.25020355,-34.07012467,-0.6056183058,-34.07012467,-0.009032165938,-0.1027699942,-0.01709079084,0.000156803564,0.00488259466,0.00012095872,0.2050876082,0.009822879571,0
129.8597194,9.040845905,0.1459154095,-23.05658882,-23.05658882,-34.58904056,-34.58904056,-6.633154183,-13.83262323,-34.58904056,-27.66524646,-34.58904056,-0.6148423685,-34.58904056,-0.00916973322,-0.1043352654,-0.01735109758,0.0001582232979,0.004951608297,0.0001194109655,0.2050123708,0.009972490069,0
131.0621242,9.026313306,0.1473686694,-23.40593014,-23.40593014,-35.11311553,-35.11311553,-6.733656249,-14.04220787,-35.11311553,-28.08441574,-35.11311553,-0.624158137,-35.11311553,-0.0093086682,-0.1059160985,-0.01761399229,0.0001596570566,0.00502130816,0.0001178479118,0.2049363853,0.010123588,0
132.2645291,9.011636229,0.1488363771,-23.7587445,-23.7587445,-35.6424007,-35.6424007,-6.835157478,-14.25387614,-35.6424007,-28.50775227,-35.6424007,-0.6335665201,-35.6424007,-0.00944898443,-0.1075126478,-0.01787950062,0.0001611049881,0.005091701039,0.0001162694007,0.2048596443,0.0102761881,0
133.4669339,8.996813049,0.1503186951,-24.11507093,-24.11507093,-36.17695459,-36.17695459,-6.937669093,-14.46765144,-36.17695459,-28.93530288,-36.17695459,-0.6430685582,-36.17695459,-0.009590697426,-0.1091250898,-0.01814765194,0.0001625672857,0.005162794686,0.000114675231,0.2047821393,0.01043030724,0
134.6693387,8.981842536,0.1518157464,-24.47493904,-24.47493904,-36.71682163,-36.71682163,-7.041199612,-14.68355154,-36.71682163,-29.36710308,-36.71682163,-0.652665041,-36.71682163,-0.009733818967,-0.1107535586,-0.01841846852,0.0001640440634,0.005234595016,0.0001130652766,0.2047038639,0.01058595824,0
135.8717435,8.966723224,0.1533276776,-24.83838404,-24.83838404,-37.26205467,-37.26205467,-7.145759171,-14.90159758,-37.26205467,-29.80319516,-37.26205467,-0.6623569077,-37.26205467,-0.00987836306,-0.1123982134,-0.01869197688,0.0001655354561,0.005307109067,0.0001114393887,0.2046248105,0.01074315633,0
137.0741483,8.951453747,0.1548546253,-25.20543877,-25.20543877,-37.81270295,-37.81270295,-7.251357211,-15.12180924,-37.81270295,-30.24361848,-37.81270295,-0.6721450338,-37.81270295,-0.01002434276,-0.114059203,-0.01896820171,0.0001670415966,0.00538034339,0.0001097974223,0.2045449718,0.01090191571,0
138.2765531,8.936032833,0.1563967167,-25.57613381,-25.57613381,-38.36881235,-38.36881235,-7.358002535,-15.34420488,-38.36881235,-30.68840976,-38.36881235,-0.682030235,-38.36881235,-0.01017177023,-0.1157366656,-0.01924716604,0.0001685626094,0.005454304089,0.000108139242,0.2044643412,0.0110622496,0
139.4789579,8.920458776,0.1579541224,-25.9505102,-25.9505102,-38.93044444,-38.93044444,-7.465706946,-15.56880912,-38.93044444,-31.13761824,-38.93044444,-0.6920136054,-38.93044444,-0.0103206618,-0.1174307869,-0.01952890075,0.0001700986606,0.005528999354,0.0001064646666,0.2043829098,0.01122417576,0
140.6813627,8.904729893,0.1595270107,-26.32860835,-26.32860835,-39.49765984,-39.49765984,-7.57448207,-15.7956462,-39.49765984,-31.59129239,-39.49765984,-0.7020962226,-39.49765984,-0.01047103353,-0.11914175,-0.01981343624,0.0001716499143,0.005604437248,0.0001047735175,0.2043006688,0.01138771166,0
141.8837675,8.888844504,0.1611155496,-26.71046866,-26.71046866,-40.07051916,-40.07051916,-7.684339531,-16.02474035,-40.07051916,-32.04948071,-40.07051916,-0.7122791642,-40.07051916,-0.01062290149,-0.1208697374,-0.02010080293,0.000173216534,0.005680625836,0.0001030656164,0.2042176094,0.01155287478,0
143.0861723,8.872801052,0.1627198948,-27.09612855,-27.09612855,-40.64907853,-40.64907853,-7.795290094,-16.25611404,-40.64907853,-32.51222808,-40.64907853,-0.7225634279,-40.64907853,-0.01077628057,-0.1226149187,-0.02039102896,0.0001747986712,0.005757572585,0.0001013407982,0.2041337235,0.0117196813,0
144.2885772,8.856598126,0.1643401874,-27.48562196,-27.48562196,-41.23338888,-41.23338888,-7.907343525,-16.48978762,-41.23338888,-32.97957524,-41.23338888,-0.732949919,-41.23338888,-0.01093118426,-0.1243774474,-0.02068413989,0.0001763964632,0.005835284269,9.959891362e-05,0.2040490037,0.01188814591,0
145.490982,8.840234171,0.1659765829,-27.87898627,-27.87898627,-41.82350627,-41.82350627,-8.020510573,-16.72578351,-41.82350627,-33.45156703,-41.82350627,-0.7434396339,-41.82350627,-0.01108762743,-0.1261574925,-0.02098016384,0.0001780100611,0.005913768347,9.783979778e-05,0.2039634418,0.01205828477,0
146.6933868,8.82370763,0.167629237,-28.27625889,-28.27625889,-42.41948683,-42.41948683,-8.134802005,-16.96412417,-42.41948683,-33.92824834,-42.41948683,-0.7540335704,-42.41948683,-0.01124562495,-0.1279552235,-0.02127912897,0.0001796396165,0.005993032287,9.60632857e-05,0.2038770297,0.01223011406,0
147.8957916,8.80701694,0.169298306,-28.6774774,-28.6774774,-43.02138693,-43.02138693,-8.250228628,-17.20483213,-43.02138693,-34.40966425,-43.02138693,-0.7647327305,-43.02138693,-0.01140519177,-0.1297708104,-0.02158106355,0.0001812852814,0.006073083586,9.426921173e-05,0.2037897593,0.01240365003,0
149.0981964,8.790160409,0.1709839591,-29.08268248,-29.08268248,-43.62926762,-43.62926762,-8.366802152,-17.4479318,-43.62926762,-34.89586361,-43.62926762,-0.7755381995,-43.62926762,-0.01156634408,-0.1316044372,-0.02188599821,0.0001829472202,0.006153930368,9.245739676e-05,0.2037016216,0.01257891029,0
150.3006012,8.773136371,0.1726863629,-29.49191415,-29.49191415,-44.24318892,-44.24318892,-8.484534086,-17.6934472,-44.24318892,-35.3868944,-44.24318892,-0.7864510441,-44.24318892,-0.01172909779,-0.1334562851,-0.02219396305,0.0001846255946,0.006235580616,9.062766464e-05,0.203612608,0.01275591213,0
151.503006,8.755943201,0.1744056799,-29.90521152,-29.90521152,-44.86320949,-44.86320949,-8.603435679,-17.94140178,-44.86320949,-35.88280355,-44.86320949,-0.7974723071,-44.86320949,-0.01189346844,-0.135326531,-0.0225049875,0.0001863205627,0.006318042135,8.877984314e-05,0.20352271,0.01293467248,0
152.7054108,8.738579271,0.1761420729,-30.32261367,-30.32261367,-45.48938798,-45.48938798,-8.723518179,-18.19181899,-45.48938798,-36.38363798,-45.48938798,-0.8086030312,-45.48938798,-0.01205947159,-0.1372153518,-0.02281910098,0.0001880322826,0.006401322728,8.691376001e-05,0.2034319191,0.01311520824,0
153.9078156,8.721042913,0.1778957087,-30.74416075,-30.74416075,-46.12178461,-46.12178461,-8.844793134,-18.44472292,-46.12178461,-36.88944584,-46.12178461,-0.8198442866,-46.12178461,-0.0122271232,-0.1391229291,-0.02313633371,0.0001897609163,0.006485430406,8.50292388e-05,0.2033402264,0.01329753678,0
155.1102204,8.703332329,0.1796667671,-31.16989594,-31.16989594,-46.76046416,-46.76046416,-8.967272967,-18.70013947,-46.76046416,-37.40027895,-46.76046416,-0.8311972251,-46.76046416,-0.01239644045,-0.1410494584,-0.02345671817,0.0001915066369,0.006570373789,8.31260906e-05,0.2032476227,0.01348167676,0
156.3126253,8.68544581,0.181455419,-31.59986034,-31.59986034,-47.40548829,-47.40548829,-9.090969504,-18.95809331,-47.40548829,-37.91618662,-47.40548829,-0.8426629425,-47.40548829,-0.01256743968,-0.1429951257,-0.0237802853,0.00019326961,0.006656161082,8.120413504e-05,0.203154099,0.01366764598,0
157.5150301,8.667381654,0.1832618346,-32.03409485,-32.03409485,-48.05691835,-48.05691835,-9.215894507,-19.21860897,-48.05691835,-38.43721793,-48.05691835,-0.8542425293,-48.05691835,-0.01274013715,-0.1449601159,-0.02410706587,0.0001950500002,0.006742800444,7.926319258e-05,0.2030596464,0.01385546211,0
158.7174349,8.649138161,0.1850861839,-32.47264036,-32.47264036,-48.71481568,-48.71481568,-9.342059743,-19.48171097,-48.71481568,-38.96342195,-48.71481568,-0.8659370762,-48.71481568,-0.01291454913,-0.1469446143,-0.02443709067,0.0001968479725,0.00683030004,7.730308363e-05,0.2029642559,0.01404514285,0
159.9198397,8.630713546,0.1869286454,-32.91553977,-32.91553977,-49.37924466,-49.37924466,-9.469477555,-19.74742507,-49.37924466,-39.49485014,-49.37924466,-0.8777477272,-49.37924466,-0.01309069268,-0.1489488148,-0.02477039196,0.0001986637019,0.006918668429,7.532361749e-05,0.2028679184,0.01423670674,0
161.1222445,8.612105988,0.1887894012,-33.36283683,-33.36283683,-50.0502709,-50.0502709,-9.598160526,-20.0157775,-50.0502709,-40.03155501,-50.0502709,-0.8896756488,-50.0502709,-0.0132685852,-0.1509729155,-0.02510700268,0.000200497368,0.007007914341,7.332459905e-05,0.2027706241,0.01443017272,0
162.3246493,8.593313689,0.1906686311,-33.81457478,-33.81457478,-50.72795929,-50.72795929,-9.7281211,-20.28679422,-50.72795929,-40.57358843,-50.72795929,-0.9017219942,-50.72795929,-0.01344824389,-0.153017112,-0.02544695537,0.0002023491467,0.007098046404,7.130583658e-05,0.2026723638,0.01462555948,0
163.5270541,8.574334824,0.1925665176,-34.27079749,-34.27079749,-51.41237561,-51.41237561,-9.859371892,-20.56050152,-51.41237561,-41.12100304,-51.41237561,-0.913887933,-51.41237561,-0.01362968619,-0.1550816029,-0.02579028303,0.000204219217,0.00718907337,6.926713549e-05,0.2025731279,0.014822886,0
164.7294589,8.555167545,0.1944832455,-34.73154941,-34.73154941,-52.10358657,-52.10358657,-9.991925695,-20.8369261,-52.10358657,-41.67385219,-52.10358657,-0.9261746509,-52.10358657,-0.01381292978,-0.1571665893,-0.02613701912,0.00020610776,0.007281004112,6.720829842e-05,0.2024729067,0.01502217151,0
165.9318637,8.535809974,0.1964190026,-35.19687562,-35.19687562,-52.80165979,-52.80165979,-10.12579548,-21.11609498,-52.80165979,-42.23218996,-52.80165979,-0.9385833499,-52.80165979,-0.0139979926,-0.1592722752,-0.02648719757,0.0002080149599,0.007373847624,6.512912517e-05,0.2023716904,0.01522343549,0
167.1342685,8.516260222,0.1983739778,-35.66682159,-35.66682159,-53.50666348,-53.50666348,-10.26099432,-21.39803545,-53.50666348,-42.79607091,-53.50666348,-0.9511152425,-53.50666348,-0.01418489272,-0.1613988663,-0.02684085259,0.0002099409584,0.007467613023,6.30294557e-05,0.2022694691,0.01542669763,0
168.3366733,8.496516415,0.2003483585,-36.14143233,-36.14143233,-54.21866516,-54.21866516,-10.39753516,-21.68277451,-54.21866516,-43.36554903,-54.21866516,-0.9637715287,-54.21866516,-0.01437364804,-0.1635465664,-0.02719801805,0.0002118856715,0.007562309555,6.090934698e-05,0.2021662327,0.01563197738,0
169.5390782,8.476576654,0.2023423346,-36.6207535,-36.6207535,-54.93773335,-54.93773335,-10.53543116,-21.97033957,-54.93773335,-43.94067914,-54.93773335,-0.9765534268,-54.93773335,-0.01456427673,-0.1657155821,-0.02755872833,0.0002138492844,0.007657946339,5.876859737e-05,0.2020619713,0.01583929451,0
170.741483,8.456438999,0.2043561001,-37.10483176,-37.10483176,-55.66393802,-55.66393802,-10.67469572,-22.2607586,-55.66393802,-44.5215172,-55.66393802,-0.9894621804,-55.66393802,-0.01475679734,-0.1679061244,-0.02792301851,0.0002158323929,0.007754532274,5.660661087e-05,0.2019566751,0.01604866918,0
171.9438878,8.436101499,0.2063898501,-37.59371397,-37.59371397,-56.39734948,-56.39734948,-10.81534233,-22.55405972,-56.39734948,-45.10811945,-56.39734948,-1.002499039,-56.39734948,-0.0149512285,-0.1701184054,-0.02829092389,0.000217835308,0.007852076592,5.442306488e-05,0.2018503341,0.01626012166,0
173.1462926,8.415562186,0.2084437814,-38.08744745,-38.08744745,-57.13803872,-57.13803872,-10.9573846,-22.85027133,-57.13803872,-45.70054265,-57.13803872,-1.015665265,-57.13803872,-0.01514758904,-0.1723526394,-0.02866248005,0.000219858175,0.007950588784,5.221779532e-05,0.2017429379,0.01647367242,0
174.3486974,8.394819073,0.2105180927,-38.58607998,-38.58607998,-57.88607743,-57.88607743,-11.10083629,-23.14942208,-57.88607743,-46.29884417,-57.88607743,-1.028962133,-57.88607743,-0.01534589797,-0.1746090425,-0.02903772297,0.000221900836,0.008050078739,4.999092877e-05,0.2016344758,0.01668934214,0
175.5511022,8.373870151,0.2126129849,-39.08965982,-39.08965982,-58.641538,-58.641538,-11.24571126,-23.45154094,-58.641538,-46.90308188,-58.641538,-1.042390929,-58.641538,-0.01554617446,-0.176887833,-0.02941668896,0.0002239634343,0.008150556138,4.774230252e-05,0.2015249373,0.01690715168,0
176.753507,8.352713395,0.2147286605,-39.5982357,-39.5982357,-59.40449352,-59.40449352,-11.39202355,-23.75665713,-59.40449352,-47.51331425,-59.40449352,-1.055952952,-59.40449352,-0.01574843791,-0.1791892315,-0.02979941469,0.0002260463424,0.008252030531,4.547153377e-05,0.2014143118,0.01712712212,0
177.9559118,8.331346757,0.2168653243,-40.1118568,-40.1118568,-60.17501777,-60.17501777,-11.53978729,-24.06480015,-60.17501777,-48.12960031,-60.17501777,-1.069649515,-60.17501777,-0.01595270787,-0.1815134605,-0.03018593716,0.0002281499536,0.008354511538,4.317821967e-05,0.2013025889,0.01734927472,0
179.1583166,8.309768173,0.2190231827,-40.63057276,-40.63057276,-60.95318525,-60.95318525,-11.68901678,-24.37599981,-60.95318525,-48.75199962,-60.95318525,-1.08348194,-60.95318525,-0.01615900408,-0.1838607448,-0.03057629375,0.0002302743013,0.008458009237,4.086230222e-05,0.2011897576,0.01757363097,0
180.3607214,8.287975557,0.2212024443,-41.15443373,-41.15443373,-61.73907116,-61.73907116,-11.83972644,-24.69028617,-61.73907116,-49.38057234,-61.73907116,-1.097451566,-61.73907116,-0.01636734649,-0.1862313111,-0.03097052218,0.0002324195081,0.008562533713,3.852363781e-05,0.201075807,0.01780021255,0
181.5631263,8.265966784,0.2234033216,-41.68349076,-41.68349076,-62.53275209,-62.53275209,-11.99193095,-25.00768987,-62.53275209,-50.01537974,-62.53275209,-1.111559754,-62.53275209,-0.01657775541,-0.1886253906,-0.03136866087,0.0002345858142,0.008668095123,3.61619694e-05,0.2009607259,0.01802904154,0
182.7655311,8.243739482,0.2256260518,-42.2178009,-42.2178009,-63.33431365,-63.33431365,-12.14564673,-25.32824513,-63.33431365,-50.65649027,-63.33431365,-1.125808024,-63.33431365,-0.01679025351,-0.1910432413,-0.03177075276,0.000236773477,0.008774704827,3.377702034e-05,0.200844502,0.01826014262,0
183.9679359,8.22129177,0.227870823,-42.75740938,-42.75740938,-64.14382367,-64.14382367,-12.30088679,-25.65197909,-64.14382367,-51.30395819,-64.14382367,-1.140197584,-64.14382367,-0.0170048588,-0.193485068,-0.03217683189,0.0002389826642,0.008882371865,3.136860627e-05,0.2007271254,0.01849353535,0
185.1703407,8.198621506,0.2301378494,-43.30236765,-43.30236765,-64.96135933,-64.96135933,-12.45766594,-25.97892262,-64.96135933,-51.95784524,-64.96135933,-1.154729804,-64.96135933,-0.01722159172,-0.1959511035,-0.03258693696,0.0002412135725,0.008991106517,2.893651174e-05,0.2006085849,0.01872924199,0
186.3727455,8.175726746,0.2324273254,-43.85272246,-43.85272246,-65.78699078,-65.78699078,-12.61599761,-26.30910376,-65.78699078,-52.61820751,-65.78699078,-1.169405932,-65.78699078,-0.01744047088,-0.1984415593,-0.03300110317,0.0002434663885,0.009100918117,2.64805335e-05,0.2004888703,0.01896728274,0
187.5751503,8.152605466,0.2347394534,-44.40852246,-44.40852246,-66.620791,-66.620791,-12.77589581,-26.64255169,-66.620791,-53.28510338,-66.620791,-1.184227266,-66.620791,-0.01766151562,-0.2009566555,-0.03341936713,0.0002457413077,0.009211816374,2.400045864e-05,0.2003679711,0.01920767867,0
188.7775551,8.129255149,0.2370744851,-44.96982815,-44.96982815,-67.46285075,-67.46285075,-12.93737795,-26.97930273,-67.46285075,-53.95860546,-67.46285075,-1.199195417,-67.46285075,-0.01788475001,-0.2034966661,-0.03384177436,0.0002480385717,0.009323813368,2.149602369e-05,0.200245874,0.01945045593,0
189.9799599,8.105673308,0.2394326692,-45.53669932,-45.53669932,-68.3132597,-68.3132597,-13.10046121,-27.31939272,-68.3132597,-54.63878545,-68.3132597,-1.214311982,-68.3132597,-0.01811019782,-0.2060618614,-0.03426836985,0.0002503584195,0.00943692103,1.896696848e-05,0.2001225662,0.01969564038,0
191.1823647,8.081857458,0.2418142542,-46.10919571,-46.10919571,-69.17210753,-69.17210753,-13.26516281,-27.66285754,-69.17210753,-55.32571508,-69.17210753,-1.229578552,-69.17210753,-0.01833788281,-0.2086525119,-0.03469919858,0.0002527010899,0.009551151292,1.641303287e-05,0.1999980345,0.01994325787,0
192.3847695,8.057805295,0.2442194705,-46.68737272,-46.68737272,-70.03947728,-70.03947728,-13.43149865,-28.00973039,-70.03947728,-56.01946078,-70.03947728,-1.244996606,-70.03947728,-0.01856782701,-0.2112688682,-0.03513430222,0.000255066803,0.009666515209,1.383397691e-05,0.1998722668,0.02019333235,0
193.5871743,8.03351472,0.246648528,-47.27128077,-47.27128077,-70.91544465,-70.91544465,-13.59948327,-28.36004154,-70.91544465,-56.72008308,-70.91544465,-1.260567487,-70.91544465,-0.01880005048,-0.2139111585,-0.03557371872,0.0002574557583,0.009783022853,1.122958334e-05,0.1997452524,0.02044588563,0
194.7895792,8.008983426,0.2491016574,-47.86097533,-47.86097533,-71.80009282,-71.80009282,-13.7691326,-28.71382425,-71.80009282,-57.42764851,-71.80009282,-1.276292675,-71.80009282,-0.01903457528,-0.2165796338,-0.03601748982,0.0002598681764,0.009900685293,8.599611834e-06,0.199616979,0.02070094171,0
195.991984,7.984209105,0.2515790895,-48.45651191,-48.45651191,-72.69350506,-72.69350506,-13.94046262,-29.07111184,-72.69350506,-58.14222369,-72.69350506,-1.292173651,-72.69350506,-0.01927142347,-0.2192745453,-0.0364656573,0.0002623042781,0.01001951361,5.943821801e-06,0.1994874345,0.02095852459,0
197.1943888,7.959189444,0.2540810556,-49.05794605,-49.05794605,-73.59576472,-73.59576472,-14.11348932,-29.43193764,-73.59576472,-58.86387528,-73.59576472,-1.308211895,-73.59576472,-0.01951061717,-0.2219961444,-0.03691826295,0.0002647642831,0.01013951891,3.261973817e-06,0.199356607,0.02121865831,0
198.3967936,7.933922014,0.2566077986,-49.66533619,-49.66533619,-74.50695945,-74.50695945,-14.2882295,-29.79633668,-74.50695945,-59.59267336,-74.50695945,-1.324408965,-74.50695945,-0.01975217959,-0.2247446955,-0.03737535076,0.0002672483248,0.01026071294,5.53918181e-07,0.1992244835,0.02148136812,0
199.5991984,7.908404321,0.2591595679,-50.27874229,-50.27874229,-75.42717921,-75.42717921,-14.46470041,-30.16434496,-75.42717921,-60.32868992,-75.42717921,-1.340766461,-75.42717921,-0.0199961346,-0.2275204699,-0.03783696584,0.0002697566037,0.01038310771,-2.180565538e-06,0.199091051,0.02174667997,0
200.8016032,7.882633921,0.2617366079,-50.89822305,-50.89822305,-76.35651203,-76.35651203,-14.64291894,-30.53599767,-76.35651203,-61.07199535,-76.35651203,-1.357285948,-76.35651203,-0.02024250553,-0.2303237331,-0.03830315236,0.0002722895131,0.01050671479,-4.941899191e-06,0.1989562969,0.02201461924,0
202.004008,7.856608342,0.2643391658,-51.52383793,-51.52383793,-77.29504717,-77.29504717,-14.8229022,-30.91133052,-77.29504717,-61.82266103,-77.29504717,-1.373969012,-77.29504717,-0.02049131604,-0.2331547545,-0.03877395509,0.0002748472995,0.01063154603,-7.730351061e-06,0.1988202082,0.02228521167,0
203.2064128,7.830324989,0.2669675011,-52.15564931,-52.15564931,-78.24287815,-78.24287815,-15.00466813,-31.29038089,-78.24287815,-62.58076179,-78.24287815,-1.390817315,-78.24287815,-0.02074259093,-0.2360138161,-0.03924942095,0.0002774301542,0.01075761395,-1.05461315e-05,0.1986827713,0.02255848421,0
204.4088176,7.803781291,0.2696218709,-52.79371897,-52.79371897,-79.20009769,-79.20009769,-15.1882345,-31.67318588,-79.20009769,-63.34637176,-79.20009769,-1.407832506,-79.20009769,-0.02099635477,-0.2389011975,-0.03972959644,0.0002800383067,0.0108849309,-1.338949155e-05,0.1985439727,0.0228344636,0
205.6112224,7.77697484,0.272302516,-53.4381048,-53.4381048,-80.16679263,-80.16679263,-15.37361798,-32.05978021,-80.16679263,-64.11956042,-80.16679263,-1.425016128,-80.16679263,-0.02125263059,-0.2418171609,-0.04021452514,0.0002826719938,0.01101350843,-1.626068877e-05,0.1984037999,0.02311317488,0
206.8136273,7.749903101,0.2750096899,-54.08886776,-54.08886776,-81.14305441,-81.14305441,-15.56083609,-32.45020044,-81.14305441,-64.90040089,-81.14305441,-1.442369807,-81.14305441,-0.02151144263,-0.2447619818,-0.0407042529,0.000285331453,0.0111433587,-1.915998202e-05,0.1982622395,0.0233946444,0
208.0160321,7.72256402,0.277743598,-54.7460572,-54.7460572,-82.12895707,-82.12895707,-15.74990304,-32.8444762,-82.12895707,-65.68895239,-82.12895707,-1.459894859,-82.12895707,-0.02177281051,-0.2477358838,-0.04119881687,0.0002880168774,0.01127449159,-2.208758181e-05,0.1981192809,0.02367889353,0
209.2184369,7.694954703,0.2805045297,-55.40974271,-55.40974271,-83.12460501,-83.12460501,-15.94083884,-33.24264922,-83.12460501,-66.48529844,-83.12460501,-1.477593139,-83.12460501,-0.02203676192,-0.2507391816,-0.04169826942,0.0002907285373,0.01140692098,-2.504378309e-05,0.1979749088,0.02396595235,0
210.4208417,7.667072255,0.2832927745,-56.07999387,-56.07999387,-84.13010259,-84.13010259,-16.13366352,-33.64476125,-84.13010259,-67.28952249,-84.13010259,-1.495466503,-84.13010259,-0.02230332452,-0.2537721902,-0.0422026629,0.0002934667019,0.01154066078,-2.802887939e-05,0.1978291081,0.02425585096,0
211.6232465,7.638913782,0.2861086218,-56.75688024,-56.75688024,-85.1455542,-85.1455542,-16.32839708,-34.05085402,-85.1455542,-68.10170805,-85.1455542,-1.513516806,-85.1455542,-0.02257252598,-0.2568352244,-0.04271204968,0.0002962316405,0.01167572488,-3.104316426e-05,0.1976818638,0.02454861944,0
212.8256513,7.610476414,0.2889523586,-57.44047082,-57.44047082,-86.17106333,-86.17106333,-16.52505938,-34.46096894,-86.17106333,-68.92193788,-86.17106333,-1.531745889,-86.17106333,-0.02284439375,-0.2599285963,-0.04322648167,0.0002990236197,0.01181212707,-3.40869286e-05,0.1975331606,0.02484428765,0
214.0280561,7.581757622,0.2918242378,-58.13082641,-58.13082641,-87.20672119,-87.20672119,-16.7236679,-34.87514246,-87.20672119,-69.75028493,-87.20672119,-1.550155371,-87.20672119,-0.02311895199,-0.2630525811,-0.04374600463,0.0003018428727,0.01194987949,-3.716042662e-05,0.1973829855,0.02514288187,0
215.2304609,7.552754765,0.2947245235,-58.82801046,-58.82801046,-88.25262297,-88.25262297,-16.92424091,-35.29341268,-88.25262297,-70.58682535,-88.25262297,-1.568746946,-88.25262297,-0.02339622596,-0.266207466,-0.0442706663,0.0003046896435,0.01208899482,-4.026392445e-05,0.1972313246,0.02544442956,0
216.4328657,7.523465121,0.2976534879,-59.53208844,-59.53208844,-89.3088669,-89.3088669,-17.12679723,-35.71581885,-89.3088669,-71.4316377,-89.3088669,-1.587522358,-89.3088669,-0.02367624167,-0.2693935472,-0.04480051596,0.0003075641844,0.01222948613,-4.339769721e-05,0.1970781636,0.02574895903,0
217.6352705,7.493885966,0.3006114034,-60.24312582,-60.24312582,-90.37555117,-90.37555117,-17.3313557,-36.14240026,-90.37555117,-72.28480052,-90.37555117,-1.606483355,-90.37555117,-0.02395902518,-0.2726111209,-0.04533560288,0.0003104667476,0.01237136651,-4.656202003e-05,0.1969234882,0.02605649859,0
218.8376754,7.464014541,0.3035985459,-60.96118892,-60.96118892,-91.4527753,-91.4527753,-17.5379354,-36.5731967,-91.4527753,-73.14639339,-91.4527753,-1.625631704,-91.4527753,-0.02424460286,-0.2758604872,-0.04587597695,0.0003133975889,0.0125146492,-4.975717175e-05,0.1967672841,0.02636707693,0
220.0400802,7.433847839,0.3066152161,-61.68635003,-61.68635003,-92.54064772,-92.54064772,-17.74655713,-37.00825153,-92.54064772,-74.01650307,-92.54064772,-1.644969334,-92.54064772,-0.02453300345,-0.2791419734,-0.0464216926,0.0003163569877,0.01265934865,-5.29834571e-05,0.1966095354,0.02668072532,0
221.242485,7.403382974,0.3096617026,-62.41867851,-62.41867851,-93.63927249,-93.63927249,-17.95724084,-37.44760638,-93.63927249,-74.89521275,-93.63927249,-1.664498094,-93.63927249,-0.02482425455,-0.2824558932,-0.046972802,0.0003193452119,0.0128054787,-5.624116809e-05,0.1964502272,0.02699747376,0
222.4448898,7.3726171,0.31273829,-63.15824279,-63.15824279,-94.74875226,-94.74875226,-18.17000622,-37.89130228,-94.74875226,-75.78260456,-94.74875226,-1.684219808,-94.74875226,-0.02511838337,-0.2858025563,-0.04752935666,0.0003223625256,0.01295305304,-5.953059269e-05,0.1962893444,0.02731735184,0
223.6472946,7.34154737,0.315845263,-63.9051113,-63.9051113,-95.86918968,-95.86918968,-18.38487296,-38.3393803,-95.86918968,-76.6787606,-95.86918968,-1.704136301,-95.86918968,-0.02541541711,-0.2891822724,-0.04809140807,0.0003254091928,0.01310208532,-6.285201889e-05,0.1961268721,0.02764038917,0
224.8496994,7.310170901,0.3189829099,-64.65935335,-64.65935335,-97.00068876,-97.00068876,-18.60186099,-38.79188202,-97.00068876,-77.58376404,-97.00068876,-1.724249423,-97.00068876,-0.02571538336,-0.2925953551,-0.0486590084,0.0003284854577,0.01325258943,-6.620571078e-05,0.1959627954,0.02796661571,0
226.0521042,7.2784846,0.32215154,-65.42104326,-65.42104326,-98.14336097,-98.14336097,-18.8209917,-39.24885203,-98.14336097,-78.49770406,-98.14336097,-1.744561154,-98.14336097,-0.02601831166,-0.2960421407,-0.04923221358,0.000331591467,0.01340458034,-6.959181522e-05,0.1957970977,0.02829606363,0
227.254509,7.24648544,0.325351456,-66.19025384,-66.19025384,-99.29731553,-99.29731553,-19.04228603,-39.710334,-99.29731553,-79.420668,-99.29731553,-1.765073436,-99.29731553,-0.02632423097,-0.2995229587,-0.04981107838,0.0003347276092,0.01355807249,-7.301076669e-05,0.1956297634,0.0286287644,0
228.4569138,7.214170396,0.3285829604,-66.96705779,-66.96705779,-100.4626615,-100.4626615,-19.2657649,-40.17637156,-100.4626615,-80.35274313,-100.4626615,-1.785788208,-100.4626615,-0.02663317021,-0.3030381382,-0.05039565754,0.0003378942618,0.01371308031,-7.646298656e-05,0.1954607767,0.02896474947,0
229.6593186,7.181536406,0.3318463594,-67.75152871,-67.75152871,-101.6395093,-101.6395093,-19.49144948,-40.64700886,-101.6395093,-81.29401772,-101.6395093,-1.806707432,-101.6395093,-0.02694515864,-0.306588012,-0.05098600642,0.0003410916863,0.01386961852,-7.994875861e-05,0.1952901217,0.02930405068,0
230.8617234,7.148580133,0.3351419867,-68.54374681,-68.54374681,-102.8279793,-102.8279793,-19.71936284,-41.12229402,-102.8279793,-82.24458803,-102.8279793,-1.827833248,-102.8279793,-0.02726022818,-0.3101729432,-0.0515821854,0.0003443201252,0.01402770321,-8.346834127e-05,0.1951177807,0.02964670271,0
232.0641283,7.115298663,0.3384701337,-69.34378215,-69.34378215,-104.0281766,-104.0281766,-19.94952515,-41.60226907,-104.0281766,-83.20453814,-104.0281766,-1.849167524,-104.0281766,-0.02757840667,-0.3137932489,-0.05218424719,0.0003475798462,0.01418734838,-8.702202687e-05,0.1949437385,0.02999273588,0
233.2665331,7.081688892,0.3418311108,-70.15170933,-70.15170933,-105.2402131,-105.2402131,-20.18195787,-42.08697878,-105.2402131,-84.17395755,-105.2402131,-1.870712249,-105.2402131,-0.02789972379,-0.3174492667,-0.05279224795,0.0003508711378,0.01434856894,-9.06101309e-05,0.1947679788,0.03034218245,0
234.4689379,7.047747925,0.3452252075,-70.96759796,-70.96759796,-106.4641931,-106.4641931,-20.41668102,-42.57646489,-106.4641931,-85.15292978,-106.4641931,-1.892469279,-106.4641931,-0.02822420722,-0.3211413114,-0.05340624004,0.000354194258,0.0145113788,-9.423293443e-05,0.1945904865,0.03069507252,0
235.6713427,7.013472889,0.3486527111,-71.7915171,-71.7915171,-107.7002204,-107.7002204,-20.65371446,-43.07076884,-107.7002204,-86.14153768,-107.7002204,-1.914440456,-107.7002204,-0.02855188443,-0.3248696956,-0.05402627544,0.0003575494679,0.01467579175,-9.789072178e-05,0.1944112466,0.03105143597,0
236.8737475,6.978860161,0.3521139839,-72.62355382,-72.62355382,-108.9484255,-108.9484255,-20.89308326,-43.56994287,-108.9484255,-87.13988574,-108.9484255,-1.936628102,-108.9484255,-0.02888279005,-0.3286348133,-0.05465241968,0.0003609370913,0.01484182521,-0.0001015838459,0.19423024,0.03141131045,0
238.0761523,6.94390616,0.355609384,-73.46379424,-73.46379424,-110.2089376,-110.2089376,-21.13481217,-44.07403866,-110.2089376,-88.14807731,-110.2089376,-1.959034513,-110.2089376,-0.02921695832,-0.3324370543,-0.05528473757,0.0003643574481,0.0150094964,-0.000105312655,0.194047448,0.03177473321,0
239.2785571,6.908607301,0.3591392699,-74.31232449,-74.31232449,-111.481886,-111.481886,-21.37892599,-44.58310786,-111.481886,-89.16621571,-111.481886,-1.981661986,-111.481886,-0.02955442351,-0.3362768083,-0.05592329392,0.0003678108579,0.01517882252,-0.0001090774976,0.1938628518,0.03214174151,0
240.4809619,6.872960366,0.3627039634,-75.16922196,-75.16922196,-112.7673867,-112.7673867,-21.62544698,-45.09719691,-112.7673867,-90.19439382,-112.7673867,-2.004512586,-112.7673867,-0.02989521638,-0.3401544255,-0.05656814697,0.0003712976026,0.01534981906,-0.0001128786804,0.1936764345,0.03251236883,0
241.6833667,6.836962238,0.3663037762,-76.03456159,-76.03456159,-114.0655522,-114.0655522,-21.8743967,-45.61635077,-114.0655522,-91.23270154,-114.0655522,-2.027588309,-114.0655522,-0.03023936675,-0.344070245,-0.05721935312,0.0003748179529,0.015522501,-0.0001167164986,0.1934881799,0.03288664756,0
242.8857715,6.800609583,0.3699390417,-76.90842348,-76.90842348,-115.3765026,-115.3765026,-22.12579818,-46.14061749,-115.3765026,-92.28123498,-115.3765026,-2.050891293,-115.3765026,-0.03058690647,-0.3480246293,-0.05787697264,0.0003783722023,0.01569688437,-0.0001205912718,0.1932980704,0.03326461236,0
244.0881764,6.763899071,0.3736100929,-77.79088772,-77.79088772,-116.7003581,-116.7003581,-22.37967448,-46.67004513,-116.7003581,-93.34009025,-116.7003581,-2.074423673,-116.7003581,-0.03093786739,-0.3520179407,-0.05854106581,0.0003819606442,0.01587298517,-0.0001245033199,0.1931060885,0.03364629787,0
245.2905812,6.72682734,0.377317266,-78.6820351,-78.6820351,-118.0372398,-118.0372398,-22.63604882,-47.20468215,-118.0372398,-94.40936429,-118.0372398,-2.098187603,-118.0372398,-0.03129228164,-0.356050545,-0.05921169342,0.0003855835463,0.01605081959,-0.0001284529356,0.1929122168,0.03403173903,0
246.492986,6.689390832,0.3810609168,-79.58195116,-79.58195116,-119.3872762,-119.3872762,-22.89494584,-47.74457987,-119.3872762,-95.48915974,-119.3872762,-2.122185364,-119.3872762,-0.03165018325,-0.3601228291,-0.05988891985,0.0003892410254,0.01623040493,-0.000132440256,0.1927164362,0.03442097285,0
247.6953908,6.651586028,0.3848413972,-80.49072047,-80.49072047,-120.750594,-120.750594,-23.15638985,-48.28978904,-120.750594,-96.57957807,-120.750594,-2.146419213,-120.750594,-0.03201160585,-0.3642351759,-0.06057280875,0.0003929335626,0.01641175793,-0.000136465798,0.1925187285,0.03481403589,0
248.8977956,6.613409412,0.3886590588,-81.40842761,-81.40842761,-122.1273202,-122.1273202,-23.42040518,-48.84036038,-122.1273202,-97.68072075,-122.1273202,-2.170891403,-122.1273202,-0.03237658306,-0.3683879679,-0.06126342375,0.0003966615862,0.01659489538,-0.0001405300226,0.1923190754,0.03521096474,0
250.1002004,6.574857423,0.3925142577,-82.33515811,-82.33515811,-123.517583,-123.517583,-23.68701644,-49.39634522,-123.517583,-98.79269043,-123.517583,-2.195604216,-123.517583,-0.03274514892,-0.3725815922,-0.06196082922,0.000400425351,0.01677983445,-0.0001446332097,0.1921174583,0.0356117964,0
251.3026052,6.535926091,0.3964073909,-83.27100742,-83.27100742,-124.9215257,-124.9215257,-23.9562511,-49.95780082,-124.9215257,-99.91560164,-124.9215257,-2.220560198,-124.9215257,-0.03311734138,-0.3768164809,-0.06266509701,0.0004042251421,0.01696659428,-0.0001487756724,0.1919138562,0.03601657214,0
252.50501,6.496612195,0.4003387805,-84.216053,-84.216053,-126.3392645,-126.3392645,-24.22813143,-50.52477365,-126.3392645,-101.0495473,-126.3392645,-2.245761413,-126.3392645,-0.03349319125,-0.3810929843,-0.06337628539,0.0004080612455,0.01715519037,-0.0001529577219,0.1917082523,0.03642532548,0
253.7074148,6.456912096,0.4043087904,-85.17038231,-85.17038231,-127.7709305,-127.7709305,-24.5026826,-51.09731618,-127.7709305,-102.1946324,-127.7709305,-2.271210195,-127.7709305,-0.03387273331,-0.3854114983,-0.06409446018,0.0004119339702,0.0173456402,-0.0001571796949,0.1915006274,0.03683809424,0
254.9098196,6.41682268,0.408317732,-86.1340702,-86.1340702,-129.2166362,-129.2166362,-24.77992614,-51.67547333,-129.2166362,-103.3509467,-129.2166362,-2.296908539,-129.2166362,-0.03425599733,-0.3897723616,-0.06481967773,0.0004158435752,0.01753795878,-0.0001614418739,0.1912909652,0.0372549108,0
256.1122244,6.37634028,0.412365972,-87.10720482,-87.10720482,-130.6765135,-130.6765135,-25.05988742,-52.25929796,-130.6765135,-104.5185959,-130.6765135,-2.322858795,-130.6765135,-0.03464301836,-0.3941759731,-0.06555200434,0.0004197903737,0.01773216372,-0.0001657446004,0.1910792466,0.03767581327,0
257.3146293,6.335460725,0.4164539275,-88.08988642,-88.08988642,-132.1507131,-132.1507131,-25.34259526,-52.84885023,-132.1507131,-105.6977005,-132.1507131,-2.349063638,-132.1507131,-0.03503383628,-0.3986227864,-0.06629151549,0.0004237747128,0.01792827509,-0.0001700882529,0.1908654496,0.03810084503,0
258.5170341,6.294179865,0.4205820135,-89.08221479,-89.08221479,-133.6393846,-133.6393846,-25.62807839,-53.44419001,-133.6393846,-106.88838,-133.6393846,-2.375525728,-133.6393846,-0.03542849078,-0.403113253,-0.06703828625,0.0004277969374,0.01812631288,-0.0001744732079,0.1906495525,0.03853004923,0
259.7194389,6.252493574,0.4247506426,-90.08428909,-90.08428909,-135.1426767,-135.1426767,-25.91636533,-54.04537678,-135.1426767,-108.0907536,-135.1426767,-2.402247709,-135.1426767,-0.03582702128,-0.4076478218,-0.06779239125,0.00043185739,0.01832629692,-0.0001788998387,0.1904315336,0.03896346877,0
260.9218437,6.210398295,0.4289601705,-91.09619484,-91.09619484,-136.6607178,-136.6607178,-26.20748067,-54.65246186,-136.6607178,-109.3049237,-136.6607178,-2.429231862,-136.6607178,-0.03622946181,-0.4122268797,-0.06855389485,0.0004359563499,0.01852824436,-0.0001833684499,0.1902113743,0.03940114062,0
262.1242485,6.167890363,0.4332109637,-92.11802011,-92.11802011,-138.19364,-138.19364,-26.50144977,-55.26549808,-138.19364,-110.5309962,-138.19364,-2.456480536,-138.19364,-0.03663584739,-0.4168508253,-0.06932286333,0.0004400941083,0.01873217284,-0.0001878793592,0.1899890553,0.0398431029,0
263.3266533,6.124965943,0.4375034057,-93.14985714,-93.14985714,-139.7415816,-139.7415816,-26.79829915,-55.88454077,-139.7415816,-111.7690815,-139.7415816,-2.48399619,-139.7415816,-0.03704621469,-0.4215200758,-0.07009936609,0.0004442709756,0.01893810082,-0.0001924329049,0.1897645564,0.04028939548,0
264.5290581,6.081621198,0.4418378802,-94.19179813,-94.19179813,-141.3046809,-141.3046809,-27.09805534,-56.50964526,-141.3046809,-113.0192905,-141.3046809,-2.511781284,-141.3046809,-0.0374606004,-0.4262350487,-0.07088347253,0.000448487262,0.01914604677,-0.0001970294255,0.1895378576,0.04074005825,0
265.7314629,6.037852233,0.4462147767,-95.24393669,-95.24393669,-142.8830785,-142.8830785,-27.40074527,-57.1408677,-142.8830785,-114.2817354,-142.8830785,-2.539838312,-142.8830785,-0.03787904174,-0.4309961674,-0.0716752531,0.0004527431489,0.01935602957,-0.000201669117,0.1893089382,0.0411951317,0
266.9338677,5.993654961,0.4506345039,-96.30637112,-96.30637112,-144.4769217,-144.4769217,-27.70639722,-57.77826707,-144.4769217,-115.5565341,-144.4769217,-2.568169897,-144.4769217,-0.03830157781,-0.4358038767,-0.07247478175,0.0004570385229,0.01956806935,-0.0002063518495,0.1890777764,0.04165465833,0
268.1362725,5.94902537,0.455097463,-97.37919785,-97.37919785,-146.0863552,-146.0863552,-28.01503894,-58.42190122,-146.0863552,-116.8438024,-146.0863552,-2.596778609,-146.0863552,-0.03872824695,-0.4406586131,-0.07328213107,0.0004613742453,0.01978218489,-0.0002110785692,0.1888443516,0.04211867988,0
269.3386774,5.903959423,0.4596040577,-98.46251387,-98.46251387,-147.7115246,-147.7115246,-28.32669832,-59.07182834,-147.7115246,-118.1436567,-147.7115246,-2.625667036,-147.7115246,-0.03915908773,-0.4455608155,-0.07409737403,0.0004657508049,0.01999839544,-0.0002158498119,0.1886086429,0.04258723827,0
270.5410822,5.858452994,0.4641547006,-99.55641841,-99.55641841,-149.3525786,-149.3525786,-28.64140391,-59.72810796,-149.3525786,-119.4562159,-149.3525786,-2.654837824,-149.3525786,-0.03959413964,-0.4505109329,-0.07492058534,0.0004701683575,0.02021672105,-0.0002206657452,0.1883706284,0.04306037644,0
271.743487,5.812501627,0.4687498373,-100.6610186,-100.6610186,-151.0096781,-151.0096781,-28.95918654,-60.39080434,-151.0096781,-120.7816087,-151.0096781,-2.684293829,-151.0096781,-0.04003344525,-0.4555094499,-0.07575184557,0.0004746271471,0.02043718329,-0.0002255266341,0.1881302845,0.04353814071,0
272.9458918,5.766101569,0.4733898431,-101.7764046,-101.7764046,-152.6829582,-152.6829582,-29.28007214,-61.05997161,-152.6829582,-122.1199432,-152.6829582,-2.714037456,-152.6829582,-0.04047704045,-0.4605567749,-0.07659122262,0.000479127477,0.02065980023,-0.0002304328096,0.1878875917,0.04402057009,0
274.1482966,5.719248739,0.4780751261,-102.9026746,-102.9026746,-154.3725662,-154.3725662,-29.60408894,-61.73566861,-154.3725662,-123.4713372,-154.3725662,-2.744071321,-154.3725662,-0.04092496426,-0.4656533516,-0.07743879032,0.0004836696413,0.02088459155,-0.0002353845924,0.1876425283,0.04450770702,0
275.3507014,5.671939656,0.4828060344,-104.0399121,-104.0399121,-156.0786276,-156.0786276,-29.93126103,-62.41794555,-156.0786276,-124.8358911,-156.0786276,-2.774397657,-156.0786276,-0.04137724994,-0.4707995588,-0.07829461163,0.0004882538767,0.02111157404,-0.0002403822407,0.1873950762,0.04499958769,0
276.5531062,5.624170053,0.4875829947,-105.1882199,-105.1882199,-157.8012963,-157.8012963,-30.26161789,-63.10686396,-157.8012963,-126.2137279,-157.8012963,-2.805019197,-157.8012963,-0.0418339383,-0.4759958606,-0.07915876374,0.0004928804855,0.0213407683,-0.0002454260836,0.1871452129,0.04549625646,0
277.755511,5.575935035,0.4924064965,-106.3477155,-106.3477155,-159.5407488,-159.5407488,-30.59519339,-63.80249445,-159.5407488,-127.6049889,-159.5407488,-2.83593908,-159.5407488,-0.04229507615,-0.4812427896,-0.08003133521,0.0004975498024,0.02157219795,-0.0002505164862,0.1868929126,0.04599776424,0
278.9579158,5.527229743,0.4972770257,-107.5185158,-107.5185158,-161.2971604,-161.2971604,-30.93202114,-64.50490708,-161.2971604,-129.0098142,-161.2971604,-2.867160421,-161.2971604,-0.04276070991,-0.4865408742,-0.08091241394,0.0005022621585,0.02180588643,-0.0002556538091,0.1866381498,0.04650416154,0
280.1603206,5.478050112,0.5021949888,-108.7007185,-108.7007185,-163.0706775,-163.0706775,-31.27212924,-65.21416048,-163.0706775,-130.428321,-163.0706775,-2.898685826,-163.0706775,-0.04323087847,-0.4918905567,-0.08180207347,0.0005070177865,0.02204185342,-0.0002608383061,0.1863809029,0.04701549062,0
281.3627255,5.428392141,0.5071607859,-109.8944197,-109.8944197,-164.8614446,-164.8614446,-31.61554536,-65.93031235,-164.8614446,-131.8606247,-164.8614446,-2.930517858,-164.8614446,-0.04370562006,-0.4972922722,-0.08270038616,0.0005118169112,0.02228011828,-0.0002660702221,0.186121151,0.04753179308,0
282.5651303,5.378251529,0.5121748471,-111.0997229,-111.0997229,-166.6696167,-166.6696167,-31.96229924,-66.65342473,-166.6696167,-133.3068495,-166.6696167,-2.962659276,-166.6696167,-0.04418497582,-0.5027464887,-0.08360742983,0.0005166597945,0.02252070178,-0.0002713498428,0.1858588713,0.04805311365,0
283.7675351,5.327623947,0.5172376053,-112.3167321,-112.3167321,-168.4953499,-168.4953499,-32.31242084,-67.38356004,-168.4953499,-134.7671201,-168.4953499,-2.995112855,-168.4953499,-0.04466898713,-0.5082536771,-0.08452328281,0.0005215466962,0.02276362488,-0.0002766774512,0.1855940411,0.04857949733,0
284.9699399,5.276504928,0.5223495072,-113.5455546,-113.5455546,-170.3388053,-170.3388053,-32.66594103,-68.1207827,-170.3388053,-136.2415654,-170.3388053,-3.027881457,-170.3388053,-0.04515769668,-0.5138143231,-0.08544802586,0.0005264778626,0.02300890918,-0.0002820533162,0.1853266367,0.04911099056,0
286.1723447,5.22489007,0.527510993,-114.7862964,-114.7862964,-172.2001417,-172.2001417,-33.02289025,-68.86515618,-172.2001417,-137.7303124,-172.2001417,-3.060967904,-172.2001417,-0.04565114656,-0.5194289057,-0.08638173863,0.0005314535464,0.02325657597,-0.0002874777133,0.185056635,0.04964763911,0
287.3747495,5.172774986,0.5327225014,-116.0390628,-116.0390628,-174.0795173,-174.0795173,-33.38329885,-69.61674379,-174.0795173,-139.2334876,-174.0795173,-3.094375009,-174.0795173,-0.04614937872,-0.5250979021,-0.08732450051,0.0005364740015,0.02350664648,-0.0002929509194,0.1847840127,0.05018948861,0
288.5771543,5.12015521,0.537984479,-117.3039613,-117.3039613,-175.977093,-175.977093,-33.74719772,-70.37560989,-175.977093,-140.7512198,-175.977093,-3.128105635,-175.977093,-0.04665243585,-0.5308217981,-0.08827639225,0.0005415394134,0.02375914238,-0.0002984731369,0.1845087464,0.05073658546,0
289.7795591,5.067026215,0.5432973785,-118.5811006,-118.5811006,-177.8930323,-177.8930323,-34.11461816,-71.14181981,-177.8930323,-142.2836396,-177.8930323,-3.162162683,-177.8930323,-0.04716036124,-0.5366010862,-0.08923749578,0.00054664991,0.0240140857,-0.0003040445056,0.1842308119,0.05128897677,0
290.9819639,5.013383533,0.5486616467,-119.8705882,-119.8705882,-179.8274961,-179.8274961,-34.48559106,-71.91543795,-179.8274961,-143.8308759,-179.8274961,-3.196549018,-179.8274961,-0.04767319759,-0.5424362523,-0.0902078919,0.0005518056745,0.02427149813,-0.0003096652254,0.1839501857,0.05184670896,0
292.1843687,4.959222581,0.5540777419,-121.1725341,-121.1725341,-181.7806498,-181.7806498,-34.86014812,-72.69653041,-181.7806498,-145.3930608,-181.7806498,-3.231267576,-181.7806498,-0.04819098871,-0.5483277949,-0.0911876635,0.0005570069372,0.02453140187,-0.0003153355475,0.1836668435,0.05240982968,0
293.3867735,4.904538633,0.5595461367,-122.4870521,-122.4870521,-183.7526638,-183.7526638,-35.23832204,-73.48516538,-183.7526638,-146.9703308,-183.7526638,-3.266321389,-183.7526638,-0.0487137798,-0.5542762284,-0.09217689614,0.0005622543656,0.02479381939,-0.0003210561978,0.1833807607,0.0529783881,0
294.5891784,4.849327414,0.5650672586,-123.8142449,-123.8142449,-185.7436923,-185.7436923,-35.62014237,-74.28140448,-185.7436923,-148.562809,-185.7436923,-3.301713196,-185.7436923,-0.04924161173,-0.5602820175,-0.09317566709,0.0005675479203,0.02505877164,-0.0003268271333,0.1830919147,0.05355242864,0
295.7915832,4.793584342,0.5706415658,-125.1542225,-125.1542225,-187.7539004,-187.7539004,-36.00564079,-75.08531378,-187.7539004,-150.1706276,-187.7539004,-3.337445934,-187.7539004,-0.04977452828,-0.5663456606,-0.09418405925,0.000572887553,0.02532628111,-0.000332648302,0.1828002809,0.05413199894,0
296.993988,4.737304446,0.5762695554,-126.5071047,-126.5071047,-189.7834675,-189.7834675,-36.39485169,-75.89696502,-189.7834675,-151.79393,-189.7834675,-3.373522791,-189.7834675,-0.050312577,-0.5724676987,-0.09520216258,0.0005782734215,0.02559637197,-0.0003385198761,0.1825058328,0.0547171507,0
298.1963928,4.680483726,0.5819516274,-127.8729874,-127.8729874,-191.8325378,-191.8325378,-36.78780272,-76.71641583,-191.8325378,-153.4328317,-191.8325378,-3.409946329,-191.8325378,-0.05085579612,-0.5786485667,-0.0962300494,0.0005837056387,0.02586906369,-0.0003444419785,0.1822085494,0.05530792549,0
299.3987976,4.623117604,0.5876882396,-129.2519807,-129.2519807,-193.9012765,-193.9012765,-37.18452556,-77.54373228,-193.9012765,-155.0874646,-193.9012765,-3.446719485,-193.9012765,-0.05140422941,-0.5848887628,-0.09726780255,0.000589184294,0.02614437859,-0.0003504147069,0.1819084062,0.05590437093,0
300.6012024,4.565201325,0.5934798675,-130.6441989,-130.6441989,-195.9898549,-195.9898549,-37.58505308,-78.37898292,-195.9898549,-156.7579658,-195.9898549,-3.483845305,-195.9898549,-0.05195792233,-0.591188804,-0.09831550804,0.0005947094447,0.02642233987,-0.0003564381236,0.181605378,0.05650653645,0
301.8036072,4.506731687,0.5993268313,-132.0497191,-132.0497191,-198.0983885,-198.0983885,-37.98940742,-79.22221392,-198.0983885,-158.4444278,-198.0983885,-3.521325842,-198.0983885,-0.05251690548,-0.5975490387,-0.09937322378,0.0006002811115,0.0267029632,-0.0003625122513,0.1812994476,0.05711445532,0
303.006012,4.447702841,0.6052297159,-133.4686817,-133.4686817,-200.2270883,-200.2270883,-38.39762904,-80.07350965,-200.2270883,-160.1470193,-200.2270883,-3.559164845,-200.2270883,-0.05308123479,-0.6039701032,-0.1004410556,0.0006058993414,0.02698627716,-0.0003686371413,0.180990584,0.05772818839,0
304.2084168,4.388109463,0.6111890537,-134.9012148,-134.9012148,-202.3761463,-202.3761463,-38.80975475,-80.93294689,-202.3761463,-161.8658938,-202.3761463,-3.597365729,-202.3761463,-0.05365096116,-0.6104525767,-0.1015190998,0.0006115641243,0.02727230782,-0.0003748127824,0.1806787587,0.05834779099,0
305.4108216,4.327947656,0.6172052344,-136.3474121,-136.3474121,-204.545703,-204.545703,-39.22581151,-81.80058183,-204.545703,-163.6011637,-204.545703,-3.63593099,-204.545703,-0.05422612184,-0.6169968829,-0.1026074269,0.0006172752868,0.02756107442,-0.0003810389858,0.1803639507,0.05897330364,0
306.6132265,4.267212902,0.6232787098,-137.8073822,-137.8073822,-206.7359213,-206.7359213,-39.64583055,-82.67647963,-206.7359213,-165.3529593,-206.7359213,-3.674863524,-206.7359213,-0.05480676002,-0.6236035133,-0.1037061186,0.0006230327284,0.02785259917,-0.0003873156416,0.1800461358,0.05960477332,0
307.8156313,4.205900693,0.6294099307,-139.2812333,-139.2812333,-208.9469638,-208.9469638,-40.06984306,-83.56070532,-208.9469638,-167.1214106,-208.9469638,-3.714166222,-208.9469638,-0.0553929188,-0.6302729584,-0.1048152565,0.0006288363708,0.02814690424,-0.0003936426648,0.1797252899,0.0602422469,0
309.0180361,4.144006517,0.6355993483,-140.7690741,-140.7690741,-211.1789932,-211.1789932,-40.49788024,-84.45332395,-211.1789932,-168.9066479,-211.1789932,-3.753841976,-211.1789932,-0.05598464133,-0.637005709,-0.1059349221,0.0006346861349,0.02844401177,-0.000400019969,0.1794013888,0.06088577129,0
310.2204409,4.081525902,0.6418474098,-142.271012,-142.271012,-213.4321709,-213.4321709,-40.92997301,-85.35440003,-213.4321709,-170.7088001,-213.4321709,-3.793893652,-213.4321709,-0.05658197034,-0.6438022515,-0.1070651964,0.000640581848,0.02874394384,-0.000406447366,0.1790744084,0.06153539299,0
311.4228457,4.018454428,0.6481545572,-143.7871532,-143.7871532,-215.706656,-215.706656,-41.36615195,-86.26399729,-215.706656,-172.5279946,-215.706656,-3.834324084,-215.706656,-0.05718494811,-0.6506630667,-0.1082061594,0.0006465232422,0.02904672234,-0.0004129245636,0.1787443249,0.06219115795,0
312.6252505,3.954787422,0.6545212578,-145.31761,-145.31761,-218.0026173,-218.0026173,-41.80644936,-87.18218312,-218.0026173,-174.3643662,-218.0026173,-3.875136268,-218.0026173,-0.05779361929,-0.6575886629,-0.1093578955,0.0006525099934,0.02935237047,-0.0004194512085,0.178411113,0.06285311476,0
313.8276553,3.890520641,0.6609479359,-146.8624846,-146.8624846,-220.3202077,-220.3202077,-42.2508946,-88.10901874,-220.3202077,-176.2180375,-220.3202077,-3.916332923,-220.3202077,-0.05840802447,-0.6645795017,-0.1105204816,0.0006585414135,0.02966090968,-0.0004260265508,0.1780747493,0.06352130754,0
315.0300601,3.825649962,0.6674350038,-148.4218759,-148.4218759,-222.6595758,-222.6595758,-42.69951617,-89.04456357,-222.6595758,-178.0891271,-222.6595758,-3.957916691,-222.6595758,-0.05902820304,-0.6716360315,-0.1116939922,0.0006646171778,0.02997236049,-0.0004326502362,0.1777352114,0.06419577914,0
316.2324649,3.760171177,0.6739828823,-149.9958852,-149.9958852,-225.0208735,-225.0208735,-43.15234318,-89.98887833,-225.0208735,-179.9777567,-225.0208735,-3.999890271,-225.0208735,-0.05965419525,-0.6787587103,-0.1128785034,0.000670736784,0.030286744,-0.0004393217172,0.1773924763,0.06487657334,0
317.4348697,3.69408016,0.680591984,-151.5846115,-151.5846115,-227.4042496,-227.4042496,-43.60940415,-90.9420225,-227.4042496,-181.884045,-227.4042496,-4.042256308,-227.4042496,-0.06028604054,-0.6859479865,-0.1140740899,0.0006768995601,0.03060408106,-0.0004460402613,0.1770465214,0.065563733,0
318.6372745,3.627372835,0.6872627165,-153.188153,-153.188153,-229.8098509,-229.8098509,-44.07072728,-91.90405487,-229.8098509,-183.8081097,-229.8098509,-4.085017413,-229.8098509,-0.06092377786,-0.6932043038,-0.1152808254,0.0006831047537,0.03092439238,-0.000452805048,0.1766973239,0.06625730053,0
319.8396794,3.560045245,0.6939954755,-154.8066047,-154.8066047,-232.2378202,-232.2378202,-44.53633994,-92.87503252,-232.2378202,-185.750065,-232.2378202,-4.128176125,-232.2378202,-0.06156744507,-0.7005280925,-0.1164987815,0.0006893515138,0.03124769819,-0.0004596151499,0.1763448619,0.06695731706,0
321.0420842,3.492093539,0.7007906461,-156.4400591,-156.4400591,-234.6882965,-234.6882965,-45.00626875,-93.85501097,-234.6882965,-187.7100219,-234.6882965,-4.171734911,-234.6882965,-0.06221707897,-0.7079197716,-0.1177280279,0.0006956388737,0.0315740183,-0.000466469513,0.1759891138,0.06766382263,0
322.244489,3.423514031,0.7076485969,-158.088605,-158.088605,-237.1614125,-237.1614125,-45.4805392,-94.84404339,-237.1614125,-189.6880868,-237.1614125,-4.215696134,-237.1614125,-0.06287271481,-0.7153797421,-0.1189686312,0.0007019657154,0.03190337187,-0.0004733669183,0.1756300587,0.06837685557,0
323.4468938,3.354303166,0.7145696834,-159.7523277,-159.7523277,-239.6572966,-239.6572966,-45.95917589,-95.84218105,-239.6572966,-191.6843621,-239.6572966,-4.260062073,-239.6572966,-0.06353438656,-0.7229083905,-0.1202206557,0.0007083307658,0.03223577757,-0.0004803059781,0.1752676761,0.06909645284,0
324.6492986,3.284457599,0.7215542401,-161.4313077,-161.4313077,-242.1760693,-242.1760693,-46.44220194,-96.84947218,-242.1760693,-193.6989444,-242.1760693,-4.304834872,-242.1760693,-0.0642021262,-0.7305060808,-0.121484162,0.0007147325773,0.03257125323,-0.000487285114,0.1749019468,0.06982264921,0
325.8517034,3.213974078,0.7286025922,-163.1256231,-163.1256231,-244.7178479,-244.7178479,-46.92963985,-97.86596368,-244.7178479,-195.7319274,-244.7178479,-4.350016617,-244.7178479,-0.06487596484,-0.7381731667,-0.1227592089,0.0007211695226,0.03290981639,-0.0004943025523,0.1745328515,0.0705554785,0
327.0541082,3.14284961,0.735715039,-164.8353459,-164.8353459,-247.2827404,-247.2827404,-47.42151031,-98.89169874,-247.2827404,-197.7833975,-247.2827404,-4.395609225,-247.2827404,-0.06555593107,-0.7459099739,-0.1240458506,0.0007276397822,0.03325148352,-0.0005013563091,0.1741603724,0.07129497183,0
328.256513,3.071081431,0.7428918569,-166.5605425,-166.5605425,-249.8708463,-249.8708463,-47.91783243,-99.92671718,-249.8708463,-199.8534344,-249.8708463,-4.441614467,-249.8708463,-0.06624205133,-0.7537168029,-0.1253441369,0.0007341412986,0.0335962702,-0.0005084441415,0.1737844923,0.07204115792,0
329.4589178,2.998667096,0.7501332904,-168.3012717,-168.3012717,-252.482254,-252.482254,-48.41862313,-100.9710543,-252.482254,-201.9421086,-252.482254,-4.488033913,-252.482254,-0.06693434899,-0.7615939197,-0.1266541122,0.0007406717133,0.03394419076,-0.0005155634785,0.1734051958,0.07279406222,0
330.6613226,2.92560444,0.757439556,-170.0575856,-170.0575856,-255.1170415,-255.1170415,-48.92389737,-102.0247413,-255.1170415,-204.0494825,-255.1170415,-4.534868948,-255.1170415,-0.06763284474,-0.7695415598,-0.1279758157,0.0007472283401,0.03429525849,-0.0005227113912,0.1730224683,0.07355370721,0
331.8637275,2.851891637,0.7648108363,-171.8295279,-171.8295279,-257.7752745,-257.7752745,-49.43366779,-103.0878045,-257.7752745,-206.175609,-257.7752745,-4.582120745,-257.7752745,-0.06833755605,-0.777559922,-0.1293092803,0.0007538081676,0.03464948534,-0.0005298845969,0.1726362967,0.0743201119,0
333.0661323,2.777527295,0.7722472705,-173.6171323,-173.6171323,-260.4570034,-260.4570034,-49.94794402,-104.160264,-260.4570034,-208.320528,-260.4570034,-4.629790196,-260.4570034,-0.06904849623,-0.7856491575,-0.1306545312,0.0007604077897,0.03500688152,-0.0005370793824,0.1722466701,0.07509329076,0
334.2685371,2.70251046,0.779748954,-175.4204216,-175.4204216,-263.1622625,-263.1622625,-50.46673264,-105.2421336,-263.1622625,-210.4842671,-263.1622625,-4.677877911,-263.1622625,-0.06976567438,-0.7938093702,-0.1320115858,0.0007670233078,0.0353674556,-0.0005442914974,0.1718535789,0.0758732537,0
335.4709419,2.626840692,0.7873159308,-177.2394065,-177.2394065,-265.8910677,-265.8910677,-50.99003671,-106.3334195,-265.8910677,-212.666839,-265.8910677,-4.726384172,-265.8910677,-0.07048909473,-0.8020406079,-0.1333804519,0.0007736503249,0.03573121413,-0.0005515161484,0.1714570161,0.07666000529,0
336.6733467,2.550518123,0.7949481877,-179.0740836,-179.0740836,-268.6434143,-268.6434143,-51.51785531,-107.4341199,-268.6434143,-214.8682399,-268.6434143,-4.775308896,-268.6434143,-0.071218756,-0.8103428562,-0.1347611272,0.0007802839535,0.03609816136,-0.0005587480071,0.1710569771,0.07745354416,0
337.8757515,2.473543548,0.8026456452,-180.9244339,-180.9244339,-271.4192734,-271.4192734,-52.05018293,-108.5442234,-271.4192734,-217.0884468,-271.4192734,-4.824651572,-271.4192734,-0.07195465059,-0.8187160287,-0.1361535972,0.0007869184411,0.03646829914,-0.0005659808023,0.1706534597,0.07825386205,0
339.0781563,2.395918539,0.8104081461,-182.7904197,-182.7904197,-274.2185886,-274.2185886,-52.58700872,-109.6637073,-274.2185886,-219.3274145,-274.2185886,-4.874411193,-274.2185886,-0.07269676349,-0.8271599545,-0.1375578336,0.0007935472402,0.03684162633,-0.0005732073959,0.1702464653,0.07906094262,0
340.2805611,2.317645558,0.8182354442,-184.6719818,-184.6719818,-277.0412709,-277.0412709,-53.12831564,-110.7925359,-277.0412709,-221.5850719,-277.0412709,-4.924586181,-277.0412709,-0.07344507114,-0.8356743655,-0.1389737918,0.0008001628686,0.03721813836,-0.0005804196312,0.1698359989,0.07987476026,0
341.4829659,2.238728098,0.8261271902,-186.5690361,-186.5690361,-279.8871944,-279.8871944,-53.67407954,-111.9306591,-279.8871944,-223.8613182,-279.8871944,-4.975174296,-279.8871944,-0.07419954017,-0.844258882,-0.1404014087,0.0008067567217,0.03759782674,-0.0005876081274,0.1694220697,0.08069527866,0
342.6853707,2.159170611,0.8340829389,-188.4814757,-188.4814757,-282.7561987,-282.7561987,-54.22426963,-113.0780125,-282.7561987,-226.1560251,-282.7561987,-5.026172685,-282.7561987,-0.074960128,-0.8529130196,-0.1418406036,0.0008133189009,0.03798067958,-0.0005947620933,0.1690046906,0.08152245154,0
343.8877756,2.078979246,0.8421020754,-190.4091527,-190.4091527,-285.6480618,-285.6480618,-54.77884339,-114.2345076,-285.6480618,-228.4690151,-285.6480618,-5.077577406,-285.6480618,-0.07572677585,-0.8616361094,-0.1432912654,0.0008198378029,0.03836667837,-0.0006018688792,0.1685838819,0.08235621495,0
345.0901804,1.998161398,0.8501838602,-192.3518895,-192.3518895,-288.5625172,-288.5625172,-55.33774967,-115.4000375,-288.5625172,-230.8000751,-288.5625172,-5.129383719,-288.5625172,-0.07649941302,-0.8704273472,-0.1447532603,0.0008263007602,0.03875579959,-0.0006089146752,0.1681596692,0.08319649202,0
346.2925852,1.916725822,0.8583274178,-194.3094754,-194.3094754,-291.4992491,-291.4992491,-55.90092793,-116.5744762,-291.4992491,-233.1489524,-291.4992491,-5.181586012,-291.4992491,-0.07727795581,-0.8792857803,-0.1462264299,0.0008326929503,0.03914801521,-0.0006158833222,0.167732083,0.0840431917,0
347.49499,1.834685305,0.8665314695,-196.2816032,-196.2816032,-294.4577964,-294.4577964,-56.46828973,-117.7576391,-294.4577964,-235.5152782,-294.4577964,-5.234176086,-294.4577964,-0.07806228198,-0.8882100179,-0.1477105428,0.000838993758,0.03954328326,-0.0006227523457,0.1673011691,0.08489618106,0
348.6973948,1.752053675,0.8747946325,-198.2679405,-198.2679405,-297.4376605,-297.4376605,-57.03973946,-118.9493269,-297.4376605,-237.8986537,-297.4376605,-5.28714508,-297.4376605,-0.07885225933,-0.897198556,-0.149205349,0.0008451828991,0.03994155633,-0.0006294996324,0.1668669792,0.08575531634,0
349.8997996,1.66884826,0.883115174,-200.2680707,-200.2680707,-300.4382164,-300.4382164,-57.61515726,-120.1492896,-300.4382164,-240.2985792,-300.4382164,-5.340481885,-300.4382164,-0.07964772218,-0.9062495094,-0.150710535,0.0008512360901,0.0403427739,-0.0006360987088,0.1664295793,0.08662041734,0
351.1022044,1.585090123,0.8914909877,-202.2814874,-202.2814874,-303.4587046,-303.4587046,-58.19439749,-121.3572235,-303.4587046,-242.714447,-303.4587046,-5.394172998,-303.4587046,-0.08044846919,-0.9153605871,-0.1522257197,0.0008571225675,0.04074686362,-0.0006425160371,0.1659890482,0.0874912651,0
352.3046092,1.500804848,0.8999195152,-204.3075758,-204.3075758,-306.4982024,-306.4982024,-58.77728321,-122.5727596,-306.4982024,-245.1455192,-306.4982024,-5.448202021,-306.4982024,-0.08125425576,-0.924529006,-0.1537504403,0.0008628055875,0.04115373701,-0.0006487115601,0.1655454824,0.0883675936,0
353.507014,1.416023536,0.9083976464,-206.3455881,-206.3455881,-309.5555883,-309.5555883,-59.36359934,-123.7954494,-309.5555883,-247.5908989,-309.5555883,-5.502549015,-309.5555883,-0.08206478455,-0.933751383,-0.1552841342,0.0008682412038,0.04156328579,-0.000654637368,0.1650989999,0.08924907947,0
354.7094188,1.330784077,0.9169215923,-208.3946135,-208.3946135,-312.6294959,-312.6294959,-59.95308383,-125.0247465,-312.6294959,-250.049493,-312.6294959,-5.557189694,-312.6294959,-0.08287969333,-0.9430235965,-0.156826116,0.0008733757449,0.04197537816,-0.0006602349494,0.1646497444,0.09013532878,0
355.9118236,1.245132819,0.9254867181,-210.453538,-210.453538,-315.7182539,-315.7182539,-60.54541619,-126.2599824,-315.7182539,-252.5199648,-315.7182539,-5.612094347,-315.7182539,-0.08369853901,-0.9523406049,-0.1583755473,0.000878142812,0.04238985367,-0.0006654319174,0.1641978909,0.09102585965,0
357.1142285,1.159126617,0.9340873383,-212.5209948,-212.5209948,-318.8198119,-318.8198119,-61.1402032,-127.5003372,-318.8198119,-255.0006745,-318.8198119,-5.667226528,-318.8198119,-0.08452077804,-0.9616962236,-0.1599313995,0.0008824598127,0.04280651661,-0.0006701382314,0.1637436527,0.09192008092,0
358.3166333,1.072835346,0.9427164654,-214.5953042,-214.5953042,-321.93165,-321.93165,-61.73696164,-128.7448032,-321.93165,-257.4896064,-321.93165,-5.722541445,-321.93165,-0.08534574239,-0.9710828515,-0.1614924086,0.0008862230913,0.04322512862,-0.0006742408878,0.1632872897,0.0928172661,0
359.5190381,0.9863474865,0.9513652513,-216.6743393,-216.6743393,-325.0505775,-325.0505775,-62.33507962,-129.9921043,-325.0505775,-259.9842086,-325.0505775,-5.77798238,-325.0505775,-0.08617258617,-0.9804908641,-0.163056974,0.0008892976993,0.04364539155,-0.0006775927684,0.1628291268,0.09371649525,0
360.7214429,0.8997740433,0.9600225957,-218.7554317,-218.7554317,-328.1725913,-328.1725913,-62.93378947,-131.2406397,-328.1725913,-262.4812794,-328.1725913,-5.833478177,-328.1725913,-0.08700024815,-0.9899081863,-0.1646230876,0.0008915122121,0.04406693349,-0.0006800069892,0.1623695697,0.09461661423,0
361.9238477,0.8132563326,0.9686743667,-220.8351843,-220.8351843,-331.2925953,-331.2925953,-63.53211388,-132.4883713,-331.2925953,-264.9767426,-331.2925953,-5.888938248,-331.2925953,-0.08782737732,-0.999319446,-0.1661881929,0.0008926391991,0.04448929016,-0.0006812356095,0.1619091243,0.09551615375,0
363.1262525,0.7269783849,0.9773021615,-222.9091734,-222.9091734,-334.4039529,-334.4039529,-64.12878019,-133.7326452,-334.4039529,-267.4652903,-334.4039529,-5.944244625,-334.4039529,-0.08865221429,-1.008704625,-0.167748961,0.0008923723736,0.04491186705,-0.0006809447212,0.1614484388,0.09641320041,0
364.3286573,0.6411812035,0.9858818797,-224.9716057,-224.9716057,-337.4979732,-337.4979732,-64.72212169,-134.9699855,-337.4979732,-269.9399711,-337.4979732,-5.999242818,-337.4979732,-0.08947245503,-1.018037506,-0.169301032,0.000890295203,0.04533390106,-0.0006786802284,0.1609883451,0.09730524846,0
365.5310621,0.5561900773,0.9943809923,-227.0146616,-227.0146616,-340.5629255,-340.5629255,-65.30988882,-136.1957012,-340.5629255,-272.3914024,-340.5629255,-6.053724309,-340.5629255,-0.0902849897,-1.027282707,-0.1708385215,0.000885820869,0.04575438678,-0.0006738023926,0.1605299394,0.09818891581,0
366.7334669,0.472450591,1.002754941,-229.02763,-229.02763,-343.582741,-343.582741,-65.88900006,-137.4033662,-343.582741,-274.8067323,-343.582741,-6.107403467,-343.582741,-0.0910855584,-1.036391756,-0.1723533688,0.0008781095558,0.046171983,-0.0006653956621,0.1600746838,0.09905956965,0
367.9358717,0.3905904158,1.010940958,-230.9954227,-230.9954227,-346.5347849,-346.5347849,-66.45511469,-138.5839282,-346.5347849,-277.1678565,-346.5347849,-6.159877939,-346.5347849,-0.09186816046,-1.045296376,-0.1738342194,0.0008659238828,0.0465848548,-0.0006521110677,0.1596245786,0.09991068397,0
369.1382766,0.3115164552,1.018848354,-232.8962391,-232.8962391,-349.3863521,-349.3863521,-67.00196089,-139.7243084,-349.3863521,-279.4486168,-349.3863521,-6.210566375,-349.3863521,-0.09262412567,-1.053897916,-0.1752646673,0.0008473948767,0.04699043207,-0.0006319110894,0.1591824258,0.1007328295,0
370.3406814,0.2365693997,1.02634306,-234.697851,-234.697851,-352.0890949,-352.0890949,-67.52026695,-140.8051716,-352.0890949,-281.6103432,-352.0890949,-6.258609359,-352.0890949,-0.09334063671,-1.062050538,-0.1766204596,0.0008196511435,0.04738502385,-0.0006016653866,0.1587522492,0.101512067,0
371.5430862,0.1677532319,1.033224677,-236.3520858,-236.3520858,-354.5707453,-354.5707453,-67.99617405,-141.7976171,-354.5707453,-283.5952342,-354.5707453,-6.302722287,-354.5707453,-0.09399853507,-1.069536252,-0.177865344,0.000778299643,0.04776321415,-0.0005565847486,0.1583399531,0.1022275605,0
372.745491,0.1079744526,1.039202555,-237.7890757,-237.7890757,-356.7264893,-356.7264893,-68.40958193,-142.6597281,-356.7264893,-285.3194562,-356.7264893,-6.341042018,-356.7264893,-0.09457003391,-1.076038893,-0.1789467422,0.0007170927882,0.04811702394,-0.0004898581722,0.1579542363,0.1028490907,0
373.9478958,0.06088625532,1.043911374,-238.9210035,-238.9210035,-358.4245851,-358.4245851,-68.73522645,-143.3388195,-358.4245851,-286.677639,-358.4245851,-6.371226759,-358.4245851,-0.09502020788,-1.081161073,-0.1797985676,0.0006293672344,0.04843523504,-0.0003942214024,0.1576073284,0.1033386748,0
375.1503006,0.02929017825,1.047070982,-239.6805246,-239.6805246,-359.5640037,-359.5640037,-68.95373321,-143.7944883,-359.5640037,-287.5889767,-359.5640037,-6.391480655,-359.5640037,-0.09532227363,-1.084598044,-0.1803701407,0.0005147268523,0.04870453072,-0.0002692425867,0.1573137473,0.1036671847,0
376.3527054,0.01216294159,1.048783706,-240.092237,-240.092237,-360.1816465,-360.1816465,-69.07217883,-144.041492,-360.1816465,-288.0829841,-360.1816465,-6.402459653,-360.1816465,-0.09548601394,-1.086461118,-0.1806799724,0.0003881846558,0.04891490667,-0.000131288634,0.1570843993,0.1038452595,0
377.5551102,0.004585257878,1.049541474,-240.2743928,-240.2743928,-360.4549132,-360.4549132,-69.12458328,-144.1507751,-360.4549132,-288.3015501,-360.4549132,-6.407317142,-360.4549132,-0.09555845834,-1.087285407,-0.1808170527,0.000273728921,0.04906645337,-6.511117324e-06,0.1569191859,0.103924046,0
378.757515,0.001649361844,1.049835064,-240.3449673,-240.3449673,-360.5607875,-360.5607875,-69.14488685,-144.1931156,-360.5607875,-288.3862313,-360.5607875,-6.409199127,-360.5607875,-0.09558652618,-1.087604769,-0.180870163,0.0001855359994,0.04916901681,8.963516808e-05,0.1568073732,0.103954571,0
379.9599198,0.000582201158,1.04994178,-240.3706202,-240.3706202,-360.5992715,-360.5992715,-69.15226694,-144.2085059,-360.5992715,-288.4170118,-360.5992715,-6.409883204,-360.5992715,-0.09559672848,-1.087720853,-0.180889468,0.0001240300975,0.04923574621,0.0001566877602,0.156734626,0.1039656664,0
381.1623246,0.0002040828716,1.049979592,-240.3797095,-240.3797095,-360.6129072,-360.6129072,-69.15488186,-144.213959,-360.6129072,-288.427918,-360.6129072,-6.410125588,-360.6129072,-0.09560034338,-1.087761984,-0.1808963081,8.343706611e-05,0.04927819004,0.0002009415292,0.1566883545,0.1039695978,0
382.3647295,7.136165273e-05,1.049992864,-240.3829,-240.3829,-360.6176934,-360.6176934,-69.15579971,-144.2158731,-360.6176934,-288.4317461,-360.6176934,-6.410210666,-360.6176934,-0.09560161222,-1.087776421,-0.1808987091,5.742801616e-05,0.04930484873,0.0002292961124,0.1566592917,0.1039709777,0
383.5671343,2.49312755e-05,1.049997507,-240.3840161,-240.3840161,-360.6193678,-360.6193678,-69.15612081,-144.2165427,-360.6193678,-288.4330853,-360.6193678,-6.410240429,-360.6193678,-0.09560205611,-1.087781472,-0.180899549,4.102789182e-05,0.04932147612,0.0002471752234,0.1566411649,0.1039714605,0
384.7695391,8.70747124e-06,1.049999129,-240.3844061,-240.3844061,-360.6199528,-360.6199528,-69.15623301,-144.2167766,-360.6199528,-288.4335533,-360.6199528,-6.410250829,-360.6199528,-0.09560221121,-1.087783236,-0.1808998425,3.07769463e-05,0.04933180647,0.0002583506139,0.1566299029,0.1039716292,0
385.9719439,3.040916975e-06,1.049999696,-240.3845423,-240.3845423,-360.6201572,-360.6201572,-69.15627219,-144.2168584,-360.6201572,-288.4337167,-360.6201572,-6.410254461,-360.6201572,-0.09560226538,-1.087783853,-0.180899945,2.4400588e-05,0.04933821057,0.0002653020013,0.1566229213,0.1039716881,0
387.1743487,1.061953072e-06,1.049999894,-240.3845899,-240.3845899,-360.6202286,-360.6202286,-69.15628588,-144.2168869,-360.6202286,-288.4337738,-360.6202286,-6.41025573,-360.6202286,-0.0956022843,-1.087784068,-0.1808999808,2.044505562e-05,0.04934217579,0.0002696142492,0.1566185985,0.1039717087,0
388.3767535,3.708178532e-07,1.049999963,-240.3846065,-240.3846065,-360.6202535,-360.6202535,-69.15629066,-144.2168969,-360.6202535,-288.4337937,-360.6202535,-6.410256173,-360.6202535,-0.09560229091,-1.087784143,-0.1808999933,1.799499135e-05,0.04934462923,0.0002722852638,0.1566159238,0.1039717158,0
389.5791583,1.294978207e-07,1.049999987,-240.3846123,-240.3846123,-360.6202622,-360.6202622,-69.15629233,-144.2169004,-360.6202622,-288.4338007,-360.6202622,-6.410256327,-360.6202622,-0.09560229322,-1.08778417,-0.1808999977,1.647870963e-05,0.0493461467,0.000273938286,0.1566142694,0.1039717183,0
390.7815631,4.518691169e-08,1.049999995,-240.3846143,-240.3846143,-360.6202652,-360.6202652,-69.15629291,-144.2169016,-360.6202652,-288.4338031,-360.6202652,-6.410256381,-360.6202652,-0.09560229402,-1.087784179,-0.1808999992,1.55407472e-05,0.04934708507,0.0002749608352,0.1566132464,0.1039717192,0
391.9839679,1.581702675e-08,1.049999998,-240.384615,-240.384615,-360.6202663,-360.6202663,-69.15629311,-144.216902,-360.6202663,-288.433804,-360.6202663,-6.4102564,-360.6202663,-0.0956022943,-1.087784182,-0.1808999997,1.496075075e-05,0.04934766521,0.0002755931366,0.156612614,0.1039717195,0
393.1863727,5.557167773e-09,1.049999999,-240.3846153,-240.3846153,-360.6202667,-360.6202667,-69.15629318,-144.2169021,-360.6202667,-288.4338043,-360.6202667,-6.410256407,-360.6202667,-0.0956022944,-1.087784183,-0.1808999999,1.460226372e-05,0.04934802375,0.0002759839525,0.1566122231,0.1039717196,0
394.3887776,1.895350242e-09,1.05,-240.3846153,-240.3846153,-360.6202668,-360.6202668,-69.15629321,-144.2169022,-360.6202668,-288.4338044,-360.6202668,-6.410256409,-360.6202668,-0.09560229444,-1.087784183,-0.1809,1.438055323e-05,0.04934824548,0.0002762256571,0.1566119814,0.1039717197,0
395.5911824,6.537083367e-10,1.05,-240.3846154,-240.3846154,-360.6202668,-360.6202668,-69.15629322,-144.2169022,-360.6202668,-288.4338044,-360.6202668,-6.41025641,-360.6202668,-0.09560229445,-1.087784184,-0.1809,1.424345911e-05,0.04934838258,0.0002763751146,0.1566118319,0.1039717197,0
396.7935872,2.224742173e-10,1.05,-240.3846154,-240.3846154,-360.6202669,-360.6202669,-69.15629322,-144.2169022,-360.6202669,-288.4338044,-360.6202669,-6.41025641,-360.6202669,-0.09560229445,-1.087784184,-0.1809,1.415868985e-05,0.04934846735,0.0002764675285,0.1566117395,0.1039717197,0
397.995992,6.816247469e-11,1.05,-240.3846154,-240.3846154,-360.6202669,-360.6202669,-69.15629322,-144.2169022,-360.6202669,-288.4338044,-360.6202669,-6.41025641,-360.6202669,-0.09560229445,-1.087784184,-0.1809,1.410641994e-05,0.04934851962,0.0002765245122,0.1566116825,0.1039717197,0
399.1983968,-3.084056714e-11,1.05,-240.3846154,-240.3846154,-360.6202669,-360.6202669,-69.15629322,-144.2169022,-360.6202669,-288.4338044,-360.6202669,-6.41025641,-360.6202669,-0.09560229446,-1.087784184,-0.1809,1.407384572e-05,0.04934855219,0.000276560024,0.156611647,0.1039717197,0
400.4008016,-6.385292274e-11,1.05,-240.3846154,-240.3846154,-360.6202669,-360.6202669,-69.15629322,-144.2169022,-360.6202669,-288.4338044,-360.6202669,-6.41025641,-360.6202669,-0.09560229446,-1.087784184,-0.1809,1.405365497e-05,0.04934857239,0.0002765820355,0.156611625,0.1039717197,0
401.6032064,-1.706585388e-11,1.05,-240.3846154,-240.3846154,-360.6202669,-360.6202669,-69.15629322,-144.2169022,-360.6202669,-288.4338044,-360.6202669,-6.41025641,-360.6202669,-0.09560229446,-1.087784184,-0.1809,1.404126551e-05,0.04934858477,0.0002765955423,0.1566116115,0.1039717197,0
402.8056112,2.435766486e-11,1.05,-240.3846154,-240.3846154,-360.6202669,-360.6202669,-69.15629322,-144.2169022,-360.6202669,-288.4338044,-360.6202669,-6.41025641,-360.6202669,-0.09560229445,-1.087784184,-0.1809,1.403364532e-05,0.04934859239,0.0002766038497,0.1566116032,0.1039717197,0
404.008016,7.447067774e-13,1.05,-240.3846154,-240.3846154,-360.6202669,-360.6202669,-69.15629322,-144.2169022,-360.6202669,-288.4338044,-360.6202669,-6.41025641,-360.6202669,-0.09560229446,-1.087784184,-0.1809,1.40288859e-05,0.04934859715,0.0002766090383,0.156611598,0.1039717197,0
405.2104208,-4.614154068e-11,1.05,-240.3846154,-240.3846154,-360.6202669,-360.6202669,-69.15629322,-144.2169022,-360.6202669,-288.4338044,-360.6202669,-6.41025641,-360.6202669,-0.09560229446,-1.087784184,-0.1809,1.402595329e-05,0.04934860009,0.0002766122354,0.1566115948,0.1039717197,0
406.4128257,-3.758493597e-11,1.05,-240.3846154,-240.3846154,-360.6202669,-360.6202669,-69.15629322,-144.2169022,-360.6202669,-288.4338044,-360.6202669,-6.41025641,-360.6202669,-0.09560229446,-1.087784184,-0.1809,1.40241724e-05,0.04934860187,0.0002766141769,0.1566115929,0.1039717197,0
407.6152305,1.724245762e-11,1.05,-240.3846154,-240.3846154,-360.6202669,-360.6202669,-69.15629322,-144.2169022,-360.6202669,-288.4338044,-360.6202669,-6.41025641,-360.6202669,-0.09560229445,-1.087784184,-0.1809,1.402307662e-05,0.04934860296,0.0002766153715,0.1566115917,0.1039717197,0
408.8176353,5.284576333e-11,1.05,-240.3846154,-240.3846154,-360.6202669,-360.6202669,-69.15629322,-144.2169022,-360.6202669,-288.4338044,-360.6202669,-6.41025641,-360.6202669,-0.09560229445,-1.087784184,-0.1809,1.402233196e-05,0.04934860371,0.0002766161833,0.1566115909,0.1039717197,0
410.0200401,6.661785332e-11,1.05,-240.3846154,-240.3846154,-360.6202669,-360.6202669,-69.15629322,-144.2169022,-360.6202669,-288.4338044,-360.6202669,-6.41025641,-360.6202669,-0.09560229445,-1.087784184,-0.1809,1.402176882e-05,0.04934860427,0.0002766167972,0.1566115902,0.1039717197,0
411.2224449,5.136616338e-11,1.05,-240.3846154,-240.3846154,-360.6202669,-360.6202669,-69.15629322,-144.2169022,-360.6202669,-288.4338044,-360.6202669,-6.41025641,-360.6202669,-0.09560229445,-1.087784184,-0.1809,1.4021483e-05,0.04934860456,0.0002766171088,0.1566115899,0.1039717197,0
412.4248497,3.467616278e-11,1.05,-240.3846154,-240.3846154,-360.6202669,-360.6202669,-69.15629322,-144.2169022,-360.6202669,-288.4338044,-360.6202669,-6.41025641,-360.6202669,-0.09560229445,-1.087784184,-0.1809,1.40213086e-05,0.04934860473,0.0002766172989,0.1566115897,0.1039717197,0
413.6272545,2.613856387e-11,1.05,-240.3846154,-240.3846154,-360.6202669,-360.6202669,-69.15629322,-144.2169022,-360.6202669,-288.4338044,-360.6202669,-6.41025641,-360.6202669,-0.09560229445,-1.087784184,-0.1809,1.402118793e-05,0.04934860485,0.0002766174305,0.1566115896,0.1039717197,0
414.8296593,1.44452788e-11,1.05,-240.3846154,-240.3846154,-360.6202669,-360.6202669,-69.15629322,-144.2169022,-360.6202669,-288.4338044,-360.6202669,-6.41025641,-360.6202669,-0.09560229445,-1.087784184,-0.1809,1.402118901e-05,0.04934860485,0.0002766174293,0.1566115896,0.1039717197,0
416.0320641,7.705818524e-12,1.05,-240.3846154,-240.3846154,-360.6202669,-360.6202669,-69.15629322,-144.2169022,-360.6202669,-288.4338044,-360.6202669,-6.41025641,-360.6202669,-0.09560229445,-1.087784184,-0.1809,1.402117538e-05,0.04934860486,0.0002766174442,0.1566115896,0.1039717197,0
417.2344689,3.572382305e-12,1.05,-240.3846154,-240.3846154,-360.6202669,-360.6202669,-69.15629322,-144.2169022,-360.6202669,-288.4338044,-360.6202669,-6.41025641,-360.6202669,-0.09560229446,-1.087784184,-0.1809,1.402118654e-05,0.04934860485,0.000276617432,0.1566115896,0.1039717197,0
418.4368737,1.488181066e-12,1.05,-240.3846154,-240.3846154,-360.6202669,-360.6202669,-69.15629322,-144.2169022,-360.6202669,-288.4338044,-360.6202669,-6.41025641,-360.6202669,-0.09560229446,-1.087784184,-0.1809,1.402122795e-05,0.04934860481,0.0002766173869,0.1566115897,0.1039717197,0
419.6392786,1.258721909e-12,1.05,-240.3846154,-240.3846154,-360.6202669,-360.6202669,-69.15629322,-144.2169022,-360.6202669,-288.4338044,-360.6202669,-6.41025641,-360.6202669,-0.09560229446,-1.087784184,-0.1809,1.402124444e-05,0.0493486048,0.0002766173689,0.1566115897,0.1039717197,0
420.8416834,1.029262752e-12,1.05,-240.3846154,-240.3846154,-360.6202669,-360.6202669,-69.15629322,-144.2169022,-360.6202669,-288.4338044,-360.6202669,-6.41025641,-360.6202669,-0.09560229446,-1.087784184,-0.1809,1.402126093e-05,0.04934860478,0.0002766173509,0.1566115897,0.1039717197,0
422.0440882,7.998035955e-13,1.05,-240.3846154,-240.3846154,-360.6202669,-360.6202669,-69.15629322,-144.2169022,-360.6202669,-288.4338044,-360.6202669,-6.41025641,-360.6202669,-0.09560229446,-1.087784184,-0.1809,1.402127742e-05,0.04934860476,0.0002766173329,0.1566115897,0.1039717197,0
423.246493,5.703444386e-13,1.05,-240.3846154,-240.3846154,-360.6202669,-360.6202669,-69.15629322,-144.2169022,-360.6202669,-288.4338044,-360.6202669,-6.41025641,-360.6202669,-0.09560229446,-1.087784184,-0.1809,1.402129391e-05,0.04934860475,0.000276617315,0.1566115897,0.1039717197,0
424.4488978,3.408852817e-13,1.05,-240.3846154,-240.3846154,-360.6202669,-360.6202669,-69.15629322,-144.2169022,-360.6202669,-288.4338044,-360.6202669,-6.41025641,-360.6202669,-0.09560229446,-1.087784184,-0.1809,1.40213104e-05,0.04934860473,0.000276617297,0.1566115897,0.1039717197,0
425.6513026,2.028056788e-13,1.05,-240.3846154,-240.3846154,-360.6202669,-360.6202669,-69.15629322,-144.2169022,-360.6202669,-288.4338044,-360.6202669,-6.41025641,-360.6202669,-0.09560229446,-1.087784184,-0.1809,1.402132127e-05,0.04934860472,0.0002766172851,0.1566115898,0.1039717197,0
426.8537074,1.699153246e-13,1.05,-240.3846154,-240.3846154,-360.6202669,-360.6202669,-69.15629322,-144.2169022,-360.6202669,-288.4338044,-360.6202669,-6.41025641,-360.6202669,-0.09560229446,-1.087784184,-0.1809,1.402132569e-05,0.04934860471,0.0002766172803,0.1566115898,0.1039717197,0
428.0561122,1.370249704e-13,1.05,-240.3846154,-240.3846154,-360.6202669,-360.6202669,-69.15629322,-144.2169022,-360.6202669,-288.4338044,-360.6202669,-6.41025641,-360.6202669,-0.09560229446,-1.087784184,-0.1809,1.402133011e-05,0.04934860471,0.0002766172755,0.1566115898,0.1039717197,0
429.258517,1.041346162e-13,1.05,-240.3846154,-240.3846154,-360.6202669,-360.6202669,-69.15629322,-144.2169022,-360.6202669,-288.4338044,-360.6202669,-6.41025641,-360.6202669,-0.09560229446,-1.087784184,-0.1809,1.402133453e-05,0.04934860471,0.0002766172707,0.1566115898,0.1039717197,0
430.4609218,7.1244262e-14,1.05,-240.3846154,-240.3846154,-360.6202669,-360.6202669,-69.15629322,-144.2169022,-360.6202669,-288.4338044,-360.6202669,-6.41025641,-360.6202669,-0.09560229446,-1.087784184,-0.1809,1.402133894e-05,0.0493486047,0.0002766172659,0.1566115898,0.1039717197,0
431.6633267,3.835390778e-14,1.05,-240.3846154,-240.3846154,-360.6202669,-360.6202669,-69.15629322,-144.2169022,-360.6202669,-288.4338044,-360.6202669,-6.41025641,-360.6202669,-0.09560229446,-1.087784184,-0.1809,1.402134336e-05,0.0493486047,0.0002766172611,0.1566115898,0.1039717197,0
432.8657315,3.034296368e-14,1.05,-240.3846154,-240.3846154,-360.6202669,-360.6202669,-69.15629322,-144.2169022,-360.6202669,-288.4338044,-360.6202669,-6.41025641,-360.6202669,-0.09560229446,-1.087784184,-0.1809,1.402134457e-05,0.0493486047,0.0002766172597,0.1566115898,0.1039717197,0
434.0681363,2.917189406e-14,1.05,-240.3846154,-240.3846154,-360.6202669,-360.6202669,-69.15629322,-144.2169022,-360.6202669,-288.4338044,-360.6202669,-6.41025641,-360.6202669,-0.09560229446,-1.087784184,-0.1809,1.40213449e-05,0.0493486047,0.0002766172594,0.1566115898,0.1039717197,0
435.2705411,2.800082444e-14,1.05,-240.3846154,-240.3846154,-360.6202669,-360.6202669,-69.15629322,-144.2169022,-360.6202669,-288.4338044,-360.6202669,-6.41025641,-360.6202669,-0.09560229446,-1.087784184,-0.1809,1.402134523e-05,0.04934860469,0.000276617259,0.1566115898,0.1039717197,0
436.4729459,2.682975482e-14,1.05,-240.3846154,-240.3846154,-360.6202669,-360.6202669,-69.15629322,-144.2169022,-360.6202669,-288.4338044,-360.6202669,-6.41025641,-360.6202669,-0.09560229446,-1.087784184,-0.1809,1.402134556e-05,0.04934860469,0.0002766172587,0.1566115898,0.1039717197,0
437.6753507,2.56586852e-14,1.05,-240.3846154,-240.3846154,-360.6202669,-360.6202669,-69.15629322,-144.2169022,-360.6202669,-288.4338044,-360.6202669,-6.41025641,-360.6202669,-0.09560229446,-1.087784184,-0.1809,1.402134589e-05,0.04934860469,0.0002766172583,0.1566115898,0.1039717197,0
438.8777555,2.448761558e-14,1.05,-240.3846154,-240.3846154,-360.6202669,-360.6202669,-69.15629322,-144.2169022,-360.6202669,-288.4338044,-360.6202669,-6.41025641,-360.6202669,-0.09560229446,-1.087784184,-0.1809,1.402134622e-05,0.04934860469,0.0002766172579,0.1566115898,0.1039717197,0
440.0801603,2.331654595e-14,1.05,-240.3846154,-240.3846154,-360.6202669,-360.6202669,-69.15629322,-144.2169022,-360.6202669,-288.4338044,-360.6202669,-6.41025641,-360.6202669,-0.09560229446,-1.087784184,-0.1809,1.402134655e-05,0.04934860469,0.0002766172576,0.1566115898,0.1039717197,0
441.2825651,2.214547633e-14,1.05,-240.3846154,-240.3846154,-360.6202669,-360.6202669,-69.15629322,-144.2169022,-360.6202669,-288.4338044,-360.6202669,-6.41025641,-360.6202669,-0.09560229446,-1.087784184,-0.1809,1.402134688e-05,0.04934860469,0.0002766172572,0.1566115898,0.1039717197,0
442.4849699,2.097440671e-14,1.05,-240.3846154,-240.3846154,-360.6202669,-360.6202669,-69.15629322,-144.2169022,-360.6202669,-288.4338044,-360.6202669,-6.41025641,-360.6202669,-0.09560229446,-1.087784184,-0.1809,1.402134721e-05,0.04934860469,0.0002766172569,0.1566115898,0.1039717197,0
443.6873747,1.980333709e-14,1.05,-240.3846154,-240.3846154,-360.6202669,-360.6202669,-69.15629322,-144.2169022,-360.6202669,-288.4338044,-360.6202669,-6.41025641,-360.6202669,-0.09560229446,-1.087784184,-0.1809,1.402134755e-05,0.04934860469,0.0002766172565,0.1566115898,0.1039717197,0
444.8897796,1.863226747e-14,1.05,-240.3846154,-240.3846154,-360.6202669,-360.6202669,-69.15629322,-144.2169022,-360.6202669,-288.4338044,-360.6202669,-6.41025641,-360.6202669,-0.09560229446,-1.087784184,-0.1809,1.402134788e-05,0.04934860469,0.0002766172561,0.1566115898,0.1039717197,0
446.0921844,1.746119785e-14,1.05,-240.3846154,-240.3846154,-360.6202669,-360.6202669,-69.15629322,-144.2169022,-360.6202669,-288.4338044,-360.6202669,-6.41025641,-360.6202669,-0.09560229446,-1.087784184,-0.1809,1.402134821e-05,0.04934860469,0.0002766172558,0.1566115898,0.1039717197,0
447.2945892,1.629012823e-14,1.05,-240.3846154,-240.3846154,-360.6202669,-360.6202669,-69.15629322,-144.2169022,-360.6202669,-288.4338044,-360.6202669,-6.41025641,-360.6202669,-0.09560229446,-1.087784184,-0.1809,1.402134854e-05,0.04934860469,0.0002766172554,0.1566115898,0.1039717197,0
448.496994,1.511905861e-14,1.05,-240.3846154,-240.3846154,-360.6202669,-360.6202669,-69.15629322,-144.2169022,-360.6202669,-288.4338044,-360.6202669,-6.41025641,-360.6202669,-0.09560229446,-1.087784184,-0.1809,1.402134887e-05,0.04934860469,0.0002766172551,0.1566115898,0.1039717197,0
449.6993988,1.394798899e-14,1.05,-240.3846154,-240.3846154,-360.6202669,-360.6202669,-69.15629322,-144.2169022,-360.6202669,-288.4338044,-360.6202669,-6.41025641,-360.6202669,-0.09560229446,-1.087784184,-0.1809,1.40213492e-05,0.04934860469,0.0002766172547,0.1566115898,0.1039717197,0
450.9018036,1.277691937e-14,1.05,-240.3846154,-240.3846154,-360.6202669,-360.6202669,-69.15629322,-144.2169022,-360.6202669,-288.4338044,-360.6202669,-6.41025641,-360.6202669,-0.09560229446,-1.087784184,-0.1809,1.402134953e-05,0.04934860469,0.0002766172543,0.1566115898,0.1039717197,0
452.1042084,1.160584975e-14,1.05,-240.3846154,-240.3846154,-360.6202669,-360.6202669,-69.15629322,-144.2169022,-360.6202669,-288.4338044,-360.6202669,-6.41025641,-360.6202669,-0.09560229446,-1.087784184,-0.1809,1.402134986e-05,0.04934860469,0.000276617254,0.1566115898,0.1039717197,0
453.3066132,1.043478012e-14,1.05,-240.3846154,-240.3846154,-360.6202669,-360.6202669,-69.15629322,-144.2169022,-360.6202669,-288.4338044,-360.6202669,-6.41025641,-360.6202669,-0.09560229446,-1.087784184,-0.1809,1.402135019e-05,0.04934860469,0.0002766172536,0.1566115898,0.1039717197,0
454.509018,9.263710503e-15,1.05,-240.3846154,-240.3846154,-360.6202669,-360.6202669,-69.15629322,-144.2169022,-360.6202669,-288.4338044,-360.6202669,-6.41025641,-360.6202669,-0.09560229446,-1.087784184,-0.1809,1.402135052e-05,0.04934860469,0.0002766172533,0.1566115898,0.1039717197,0
455.7114228,8.092640882e-15,1.05,-240.3846154,-240.3846154,-360.6202669,-360.6202669,-69.15629322,-144.2169022,-360.6202669,-288.4338044,-360.6202669,-6.41025641,-360.6202669,-0.09560229446,-1.087784184,-0.1809,1.402135085e-05,0.04934860469,0.0002766172529,0.1566115898,0.1039717197,0
456.9138277,6.921571262e-15,1.05,-240.3846154,-240.3846154,-360.6202669,-360.6202669,-69.15629322,-144.2169022,-360.6202669,-288.4338044,-360.6202669,-6.41025641,-360.6202669,-0.09560229446,-1.087784184,-0.1809,1.402135118e-05,0.04934860469,0.0002766172525,0.1566115898,0.1039717197,0
458.1162325,5.750501641e-15,1.05,-240.3846154,-240.3846154,-360.6202669,-360.6202669,-69.15629322,-144.2169022,-360.6202669,-288.4338044,-360.6202669,-6.41025641,-360.6202669,-0.09560229446,-1.087784184,-0.1809,1.402135151e-05,0.04934860469,0.0002766172522,0.1566115898,0.1039717197,0
459.3186373,4.57943202e-15,1.05,-240.3846154,-240.3846154,-360.6202669,-360.6202669,-69.15629322,-144.2169022,-360.6202669,-288.4338044,-360.6202669,-6.41025641,-360.6202669,-0.09560229446,-1.087784184,-0.1809,1.402135184e-05,0.04934860469,0.0002766172518,0.1566115898,0.1039717197,0
460.5210421,3.408362399e-15,1.05,-240.3846154,-240.3846154,-360.6202669,-360.6202669,-69.15629322,-144.2169022,-360.6202669,-288.4338044,-360.6202669,-6.41025641,-360.6202669,-0.09560229446,-1.087784184,-0.1809,1.402135217e-05,0.04934860469,0.0002766172515,0.1566115898,0.1039717197,0
461.7234469,2.237292778e-15,1.05,-240.3846154,-240.3846154,-360.6202669,-360.6202669,-69.15629322,-144.2169022,-360.6202669,-288.4338044,-360.6202669,-6.41025641,-360.6202669,-0.09560229446,-1.087784184,-0.1809,1.40213525e-05,0.04934860469,0.0002766172511,0.1566115898,0.1039717197,0
462.9258517,1.111406994e-15,1.05,-240.3846154,-240.3846154,-360.6202669,-360.6202669,-69.15629322,-144.2169022,-360.6202669,-288.4338044,-360.6202669,-6.41025641,-360.6202669,-0.09560229446,-1.087784184,-0.1809,1.402135281e-05,0.04934860469,0.0002766172507,0.1566115898,0.1039717197,0
464.1282565,1.069710714e-15,1.05,-240.3846154,-240.3846154,-360.6202669,-360.6202669,-69.15629322,-144.2169022,-360.6202669,-288.4338044,-360.6202669,-6.41025641,-360.6202669,-0.09560229446,-1.087784184,-0.1809,1.402135284e-05,0.04934860469,0.0002766172507,0.1566115898,0.1039717197,0
465.3306613,1.028014434e-15,1.05,-240.3846154,-240.3846154,-360.6202669,-360.6202669,-69.15629322,-144.2169022,-360.6202669,-288.4338044,-360.6202669,-6.41025641,-360.6202669,-0.09560229446,-1.087784184,-0.1809,1.402135286e-05,0.04934860469,0.0002766172507,0.1566115898,0.1039717197,0
466.5330661,9.863181545e-16,1.05,-240.3846154,-240.3846154,-360.6202669,-360.6202669,-69.15629322,-144.2169022,-360.6202669,-288.4338044,-360.6202669,-6.41025641,-360.6202669,-0.09560229446,-1.087784184,-0.1809,1.402135289e-05,0.04934860469,0.0002766172507,0.1566115898,0.1039717197,0
467.7354709,9.446218747e-16,1.05,-240.3846154,-240.3846154,-360.6202669,-360.6202669,-69.15629322,-144.2169022,-360.6202669,-288.4338044,-360.6202669,-6.41025641,-360.6202669,-0.09560229446,-1.087784184,-0.1809,1.402135291e-05,0.04934860469,0.0002766172506,0.1566115898,0.1039717197,0
468.9378758,9.029255949e-16,1.05,-240.3846154,-240.3846154,-360.6202669,-360.6202669,-69.15629322,-144.2169022,-360.6202669,-288.4338044,-360.6202669,-6.41025641,-360.6202669,-0.09560229446,-1.087784184,-0.1809,1.402135294e-05,0.04934860469,0.0002766172506,0.1566115898,0.1039717197,0
470.1402806,8.612293151e-16,1.05,-240.3846154,-240.3846154,-360.6202669,-360.6202669,-69.15629322,-144.2169022,-360.6202669,-288.4338044,-360.6202669,-6.41025641,-360.6202669,-0.09560229446,-1.087784184,-0.1809,1.402135296e-05,0.04934860469,0.0002766172506,0.1566115898,0.1039717197,0
471.3426854,8.195330353e-16,1.05,-240.3846154,-240.3846154,-360.6202669,-360.6202669,-69.15629322,-144.2169022,-360.6202669,-288.4338044,-360.6202669,-6.41025641,-360.6202669,-0.09560229446,-1.087784184,-0.1809,1.402135299e-05,0.04934860469,0.0002766172506,0.1566115898,0.1039717197,0
472.5450902,7.778367556e-16,1.05,-240.3846154,-240.3846154,-360.6202669,-360.6202669,-69.15629322,-144.2169022,-360.6202669,-288.4338044,-360.6202669,-6.41025641,-360.6202669,-0.09560229446,-1.087784184,-0.1809,1.402135301e-05,0.04934860469,0.0002766172505,0.1566115898,0.1039717197,0
473.747495,7.361404758e-16,1.05,-240.3846154,-240.3846154,-360.6202669,-360.6202669,-69.15629322,-144.2169022,-360.6202669,-288.4338044,-360.6202669,-6.41025641,-360.6202669,-0.09560229446,-1.087784184,-0.1809,1.402135304e-05,0.04934860469,0.0002766172505,0.1566115898,0.1039717197,0
474.9498998,6.94444196e-16,1.05,-240.3846154,-240.3846154,-360.6202669,-360.6202669,-69.15629322,-144.2169022,-360.6202669,-288.4338044,-360.6202669,-6.41025641,-360.6202669,-0.09560229446,-1.087784184,-0.1809,1.402135306e-05,0.04934860469,0.0002766172505,0.1566115898,0.1039717197,0
476.1523046,6.527479162e-16,1.05,-240.3846154,-240.3846154,-360.6202669,-360.6202669,-69.15629322,-144.2169022,-360.6202669,-288.4338044,-360.6202669,-6.41025641,-360.6202669,-0.09560229446,-1.087784184,-0.1809,1.402135309e-05,0.04934860469,0.0002766172505,0.1566115898,0.1039717197,0
477.3547094,6.110516364e-16,1.05,-240.3846154,-240.3846154,-360.6202669,-360.6202669,-69.15629322,-144.2169022,-360.6202669,-288.4338044,-360.6202669,-6.41025641,-360.6202669,-0.09560229446,-1.087784184,-0.1809,1.402135311e-05,0.04934860469,0.0002766172504,0.1566115898,0.1039717197,0
478.5571142,5.693553567e-16,1.05,-240.3846154,-240.3846154,-360.6202669,-360.6202669,-69.15629322,-144.2169022,-360.6202669,-288.4338044,-360.6202669,-6.41025641,-360.6202669,-0.09560229446,-1.087784184,-0.1809,1.402135314e-05,0.04934860469,0.0002766172504,0.1566115898,0.1039717197,0
479.759519,5.276590769e-16,1.05,-240.3846154,-240.3846154,-360.6202669,-360.6202669,-69.15629322,-144.2169022,-360.6202669,-288.4338044,-360.6202669,-6.41025641,-360.6202669,-0.09560229446,-1.087784184,-0.1809,1.402135316e-05,0.04934860469,0.0002766172504,0.1566115898,0.1039717197,0
480.9619238,4.859627971e-16,1.05,-240.3846154,-240.3846154,-360.6202669,-360.6202669,-69.15629322,-144.2169022,-360.6202669,-288.4338044,-360.6202669,-6.41025641,-360.6202669,-0.09560229446,-1.087784184,-0.1809,1.402135318e-05,0.04934860469,0.0002766172503,0.1566115898,0.1039717197,0
482.1643287,4.442665173e-16,1.05,-240.3846154,-240.3846154,-360.6202669,-360.6202669,-69.15629322,-144.2169022,-360.6202669,-288.4338044,-360.6202669,-6.41025641,-360.6202669,-0.09560229446,-1.087784184,-0.1809,1.402135321e-05,0.04934860469,0.0002766172503,0.1566115898,0.1039717197,0
483.3667335,4.025702375e-16,1.05,-240.3846154,-240.3846154,-360.6202669,-360.6202669,-69.15629322,-144.2169022,-360.6202669,-288.4338044,-360.6202669,-6.41025641,-360.6202669,-0.09560229446,-1.087784184,-0.1809,1.402135323e-05,0.04934860469,0.0002766172503,0.1566115898,0.1039717197,0
484.5691383,3.608739577e-16,1.05,-240.3846154,-240.3846154,-360.6202669,-360.6202669,-69.15629322,-144.2169022,-360.6202669,-288.4338044,-360.6202669,-6.41025641,-360.6202669,-0.09560229446,-1.087784184,-0.1809,1.402135326e-05,0.04934860469,0.0002766172503,0.1566115898,0.1039717197,0
485.7715431,3.19177678e-16,1.05,-240.3846154,-240.3846154,-360.6202669,-360.6202669,-69.15629322,-144.2169022,-360.6202669,-288.4338044,-360.6202669,-6.41025641,-360.6202669,-0.09560229446,-1.087784184,-0.1809,1.402135328e-05,0.04934860469,0.0002766172502,0.1566115898,0.1039717197,0
486.9739479,2.774813982e-16,1.05,-240.3846154,-240.3846154,-360.6202669,-360.6202669,-69.15629322,-144.2169022,-360.6202669,-288.4338044,-360.6202669,-6.41025641,-360.6202669,-0.09560229446,-1.087784184,-0.1809,1.402135331e-05,0.04934860469,0.0002766172502,0.1566115898,0.1039717197,0
488.1763527,2.357851184e-16,1.05,-240.3846154,-240.3846154,-360.6202669,-360.6202669,-69.15629322,-144.2169022,-360.6202669,-288.4338044,-360.6202669,-6.41025641,-360.6202669,-0.09560229446,-1.087784184,-0.1809,1.402135333e-05,0.04934860469,0.0002766172502,0.1566115898,0.1039717197,0
489.3787575,1.940888386e-16,1.05,-240.3846154,-240.3846154,-360.6202669,-360.6202669,-69.15629322,-144.2169022,-360.6202669,-288.4338044,-360.6202669,-6.41025641,-360.6202669,-0.09560229446,-1.087784184,-0.1809,1.402135336e-05,0.04934860469,0.0002766172502,0.1566115898,0.1039717197,0
490.5811623,1.523925588e-16,1.05,-240.3846154,-240.3846154,-360.6202669,-360.6202669,-69.15629322,-144.2169022,-360.6202669,-288.4338044,-360.6202669,-6.41025641,-360.6202669,-0.09560229446,-1.087784184,-0.1809,1.402135338e-05,0.04934860469,0.0002766172501,0.1566115898,0.1039717197,0
491.7835671,1.106962791e-16,1.05,-240.3846154,-240.3846154,-360.6202669,-360.6202669,-69.15629322,-144.2169022,-360.6202669,-288.4338044,-360.6202669,-6.41025641,-360.6202669,-0.09560229446,-1.087784184,-0.1809,1.402135341e-05,0.04934860469,0.0002766172501,0.1566115898,0.1039717197,0
492.9859719,6.899999929e-17,1.05,-240.3846154,-240.3846154,-360.6202669,-360.6202669,-69.15629322,-144.2169022,-360.6202669,-288.4338044,-360.6202669,-6.41025641,-360.6202669,-0.09560229446,-1.087784184,-0.1809,1.402135343e-05,0.04934860469,0.0002766172501,0.1566115898,0.1039717197,0
494.1883768,3.950008e-17,1.05,-240.3846154,-240.3846154,-360.6202669,-360.6202669,-69.15629322,-144.2169022,-360.6202669,-288.4338044,-360.6202669,-6.41025641,-360.6202669,-0.09560229446,-1.087784184,-0.1809,1.402135345e-05,0.04934860469,0.0002766172501,0.1566115898,0.1039717197,0
495.3907816,3.905601167e-17,1.05,-240.3846154,-240.3846154,-360.6202669,-360.6202669,-69.15629322,-144.2169022,-360.6202669,-288.4338044,-360.6202669,-6.41025641,-360.6202669,-0.09560229446,-1.087784184,-0.1809,1.402135345e-05,0.04934860469,0.0002766172501,0.1566115898,0.1039717197,0
496.5931864,3.861194334e-17,1.05,-240.3846154,-240.3846154,-360.6202669,-360.6202669,-69.15629322,-144.2169022,-360.6202669,-288.4338044,-360.6202669,-6.41025641,-360.6202669,-0.09560229446,-1.087784184,-0.1809,1.402135345e-05,0.04934860469,0.0002766172501,0.1566115898,0.1039717197,0
497.7955912,3.816787501e-17,1.05,-240.3846154,-240.3846154,-360.6202669,-360.6202669,-69.15629322,-144.2169022,-360.6202669,-288.4338044,-360.6202669,-6.41025641,-360.6202669,-0.09560229446,-1.087784184,-0.1809,1.402135345e-05,0.04934860469,0.0002766172501,0.1566115898,0.1039717197,0
498.997996,3.772380668e-17,1.05,-240.3846154,-240.3846154,-360.6202669,-360.6202669,-69.15629322,-144.2169022,-360.6202669,-288.4338044,-360.6202669,-6.41025641,-360.6202669,-0.09560229446,-1.087784184,-0.1809,1.402135345e-05,0.04934860469,0.0002766172501,0.1566115898,0.1039717197,0
500.2004008,3.727973835e-17,1.05,-240.3846154,-240.3846154,-360.6202669,-360.6202669,-69.15629322,-144.2169022,-360.6202669,-288.4338044,-360.6202669,-6.41025641,-360.6202669,-0.09560229446,-1.087784184,-0.1809,1.402135345e-05,0.04934860469,0.0002766172501,0.1566115898,0.1039717197,0
501.4028056,3.683567002e-17,1.05,-240.3846154,-240.3846154,-360.6202669,-360.6202669,-69.15629322,-144.2169022,-360.6202669,-288.4338044,-360.6202669,-6.41025641,-360.6202669,-0.09560229446,-1.087784184,-0.1809,1.402135345e-05,0.04934860469,0.0002766172501,0.1566115898,0.1039717197,0
502.6052104,3.639160169e-17,1.05,-240.3846154,-240.3846154,-360.6202669,-360.6202669,-69.15629322,-144.2169022,-360.6202669,-288.4338044,-360.6202669,-6.41025641,-360.6202669,-0.09560229446,-1.087784184,-0.1809,1.402135345e-05,0.04934860469,0.0002766172501,0.1566115898,0.1039717197,0
503.8076152,3.594753336e-17,1.05,-240.3846154,-240.3846154,-360.6202669,-360.6202669,-69.15629322,-144.2169022,-360.6202669,-288.4338044,-360.6202669,-6.41025641,-360.6202669,-0.09560229446,-1.087784184,-0.1809,1.402135345e-05,0.04934860469,0.0002766172501,0.1566115898,0.1039717197,0
505.01002,3.550346503e-17,1.05,-240.3846154,-240.3846154,-360.6202669,-360.6202669,-69.15629322,-144.2169022,-360.6202669,-288.4338044,-360.6202669,-6.41025641,-360.6202669,-0.09560229446,-1.087784184,-0.1809,1.402135345e-05,0.04934860469,0.0002766172501,0.1566115898,0.1039717197,0
506.2124248,3.50593967e-17,1.05,-240.3846154,-240.3846154,-360.6202669,-360.6202669,-69.15629322,-144.2169022,-360.6202669,-288.4338044,-360.6202669,-6.41025641,-360.6202669,-0.09560229446,-1.087784184,-0.1809,1.402135345e-05,0.04934860469,0.00027661725,0.1566115898,0.1039717197,0
507.4148297,3.461532837e-17,1.05,-240.3846154,-240.3846154,-360.6202669,-360.6202669,-69.15629322,-144.2169022,-360.6202669,-288.4338044,-360.6202669,-6.41025641,-360.6202669,-0.09560229446,-1.087784184,-0.1809,1.402135346e-05,0.04934860469,0.00027661725,0.1566115898,0.1039717197,0
508.6172345,3.417126004e-17,1.05,-240.3846154,-240.3846154,-360.6202669,-360.6202669,-69.15629322,-144.2169022,-360.6202669,-288.4338044,-360.6202669,-6.41025641,-360.6202669,-0.09560229446,-1.087784184,-0.1809,1.402135346e-05,0.04934860469,0.00027661725,0.1566115898,0.1039717197,0
509.8196393,3.37271917e-17,1.05,-240.3846154,-240.3846154,-360.6202669,-360.6202669,-69.15629322,-144.2169022,-360.6202669,-288.4338044,-360.6202669,-6.41025641,-360.6202669,-0.09560229446,-1.087784184,-0.1809,1.402135346e-05,0.04934860469,0.00027661725,0.1566115898,0.1039717197,0
511.0220441,3.328312337e-17,1.05,-240.3846154,-240.3846154,-360.6202669,-360.6202669,-69.15629322,-144.2169022,-360.6202669,-288.4338044,-360.6202669,-6.41025641,-360.6202669,-0.09560229446,-1.087784184,-0.1809,1.402135346e-05,0.04934860469,0.00027661725,0.1566115898,0.1039717197,0
512.2244489,3.283905504e-17,1.05,-240.3846154,-240.3846154,-360.6202669,-360.6202669,-69.15629322,-144.2169022,-360.6202669,-288.4338044,-360.6202669,-6.41025641,-360.6202669,-0.09560229446,-1.087784184,-0.1809,1.402135346e-05,0.04934860469,0.00027661725,0.1566115898,0.1039717197,0
513.4268537,3.239498671e-17,1.05,-240.3846154,-240.3846154,-360.6202669,-360.6202669,-69.15629322,-144.2169022,-360.6202669,-288.4338044,-360.6202669,-6.41025641,-360.6202669,-0.09560229446,-1.087784184,-0.1809,1.402135346e-05,0.04934860469,0.00027661725,0.1566115898,0.1039717197,0
514.6292585,3.195091838e-17,1.05,-240.3846154,-240.3846154,-360.6202669,-360.6202669,-69.15629322,-144.2169022,-360.6202669,-288.4338044,-360.6202669,-6.41025641,-360.6202669,-0.09560229446,-1.087784184,-0.1809,1.402135346e-05,0.04934860469,0.00027661725,0.1566115898,0.1039717197,0
515.8316633,3.150685005e-17,1.05,-240.3846154,-240.3846154,-360.6202669,-360.6202669,-69.15629322,-144.2169022,-360.6202669,-288.4338044,-360.6202669,-6.41025641,-360.6202669,-0.09560229446,-1.087784184,-0.1809,1.402135346e-05,0.04934860469,0.00027661725,0.1566115898,0.1039717197,0
517.0340681,3.106278172e-17,1.05,-240.3846154,-240.3846154,-360.6202669,-360.6202669,-69.15629322,-144.2169022,-360.6202669,-288.4338044,-360.6202669,-6.41025641,-360.6202669,-0.09560229446,-1.087784184,-0.1809,1.402135346e-05,0.04934860469,0.00027661725,0.1566115898,0.1039717197,0
518.2364729,3.061871339e-17,1.05,-240.3846154,-240.3846154,-360.6202669,-360.6202669,-69.15629322,-144.2169022,-360.6202669,-288.4338044,-360.6202669,-6.41025641,-360.6202669,-0.09560229446,-1.087784184,-0.1809,1.402135346e-05,0.04934860469,0.00027661725,0.1566115898,0.1039717197,0
519.4388778,3.017464506e-17,1.05,-240.3846154,-240.3846154,-360.6202669,-360.6202669,-69.15629322,-144.2169022,-360.6202669,-288.4338044,-360.6202669,-6.41025641,-360.6202669,-0.09560229446,-1.087784184,-0.1809,1.402135346e-05,0.04934860469,0.00027661725,0.1566115898,0.1039717197,0
520.6412826,2.973057673e-17,1.05,-240.3846154,-240.3846154,-360.6202669,-360.6202669,-69.15629322,-144.2169022,-360.6202669,-288.4338044,-360.6202669,-6.41025641,-360.6202669,-0.09560229446,-1.087784184,-0.1809,1.402135346e-05,0.04934860469,0.00027661725,0.1566115898,0.1039717197,0
521.8436874,2.92865084e-17,1.05,-240.3846154,-240.3846154,-360.6202669,-360.6202669,-69.15629322,-144.2169022,-360.6202669,-288.4338044,-360.6202669,-6.41025641,-360.6202669,-0.09560229446,-1.087784184,-0.1809,1.402135346e-05,0.04934860469,0.00027661725,0.1566115898,0.1039717197,0
523.0460922,2.884244007e-17,1.05,-240.3846154,-240.3846154,-360.6202669,-360.6202669,-69.15629322,-144.2169022,-360.6202669,-288.4338044,-360.6202669,-6.41025641,-360.6202669,-0.09560229446,-1.087784184,-0.1809,1.402135346e-05,0.04934860469,0.00027661725,0.1566115898,0.1039717197,0
524.248497,2.839837174e-17,1.05,-240.3846154,-240.3846154,-360.6202669,-360.6202669,-69.15629322,-144.2169022,-360.6202669,-288.4338044,-360.6202669,-6.41025641,-360.6202669,-0.09560229446,-1.087784184,-0.1809,1.402135346e-05,0.04934860469,0.00027661725,0.1566115898,0.1039717197,0
525.4509018,2.795430341e-17,1.05,-240.3846154,-240.3846154,-360.6202669,-360.6202669,-69.15629322,-144.2169022,-360.6202669,-288.4338044,-360.6202669,-6.41025641,-360.6202669,-0.09560229446,-1.087784184,-0.1809,1.402135346e-05,0.04934860469,0.00027661725,0.1566115898,0.1039717197,0
526.6533066,2.751023508e-17,1.05,-240.3846154,-240.3846154,-360.6202669,-360.6202669,-69.15629322,-144.2169022,-360.6202669,-288.4338044,-360.6202669,-6.41025641,-360.6202669,-0.09560229446,-1.087784184,-0.1809,1.402135346e-05,0.04934860469,0.00027661725,0.1566115898,0.1039717197,0
527.8557114,2.706616675e-17,1.05,-240.3846154,-240.3846154,-360.6202669,-360.6202669,-69.15629322,-144.2169022,-360.6202669,-288.4338044,-360.6202669,-6.41025641,-360.6202669,-0.09560229446,-1.087784184,-0.1809,1.402135346e-05,0.04934860469,0.00027661725,0.1566115898,0.1039717197,0
529.0581162,2.662209842e-17,1.05,-240.3846154,-240.3846154,-360.6202669,-360.6202669,-69.15629322,-144.2169022,-360.6202669,-288.4338044,-360.6202669,-6.41025641,-360.6202669,-0.09560229446,-1.087784184,-0.1809,1.402135347e-05,0.04934860469,0.00027661725,0.1566115898,0.1039717197,0
530.260521,2.617803009e-17,1.05,-240.3846154,-240.3846154,-360.6202669,-360.6202669,-69.15629322,-144.2169022,-360.6202669,-288.4338044,-360.6202669,-6.41025641,-360.6202669,-0.09560229446,-1.087784184,-0.1809,1.402135347e-05,0.04934860469,0.00027661725,0.1566115898,0.1039717197,0
531.4629259,2.573396176e-17,1.05,-240.3846154,-240.3846154,-360.6202669,-360.6202669,-69.15629322,-144.2169022,-360.6202669,-288.4338044,-360.6202669,-6.41025641,-360.6202669,-0.09560229446,-1.087784184,-0.1809,1.402135347e-05,0.04934860469,0.00027661725,0.1566115898,0.1039717197,0
532.6653307,2.528989343e-17,1.05,-240.3846154,-240.3846154,-360.6202669,-360.6202669,-69.15629322,-144.2169022,-360.6202669,-288.4338044,-360.6202669,-6.41025641,-360.6202669,-0.09560229446,-1.087784184,-0.1809,1.402135347e-05,0.04934860469,0.00027661725,0.1566115898,0.1039717197,0
533.8677355,2.48458251e-17,1.05,-240.3846154,-240.3846154,-360.6202669,-360.6202669,-69.15629322,-144.2169022,-360.6202669,-288.4338044,-360.6202669,-6.41025641,-360.6202669,-0.09560229446,-1.087784184,-0.1809,1.402135347e-05,0.04934860469,0.00027661725,0.1566115898,0.1039717197,0
535.0701403,2.440175677e-17,1.05,-240.3846154,-240.3846154,-360.6202669,-360.6202669,-69.15629322,-144.2169022,-360.6202669,-288.4338044,-360.6202669,-6.41025641,-360.6202669,-0.09560229446,-1.087784184,-0.1809,1.402135347e-05,0.04934860469,0.00027661725,0.1566115898,0.1039717197,0
536.2725451,2.395768844e-17,1.05,-240.3846154,-240.3846154,-360.6202669,-360.6202669,-69.15629322,-144.2169022,-360.6202669,-288.4338044,-360.6202669,-6.41025641,-360.6202669,-0.09560229446,-1.087784184,-0.1809,1.402135347e-05,0.04934860469,0.00027661725,0.1566115898,0.1039717197,0
537.4749499,2.351362011e-17,1.05,-240.3846154,-240.3846154,-360.6202669,-360.6202669,-69.15629322,-144.2169022,-360.6202669,-288.4338044,-360.6202669,-6.41025641,-360.6202669,-0.09560229446,-1.087784184,-0.1809,1.402135347e-05,0.04934860469,0.00027661725,0.1566115898,0.1039717197,0
538.6773547,2.306955178e-17,1.05,-240.3846154,-240.3846154,-360.6202669,-360.6202669,-69.15629322,-144.2169022,-360.6202669,-288.4338044,-360.6202669,-6.41025641,-360.6202669,-0.09560229446,-1.087784184,-0.1809,1.402135347e-05,0.04934860469,0.00027661725,0.1566115898,0.1039717197,0
539.8797595,2.262548345e-17,1.05,-240.3846154,-240.3846154,-360.6202669,-360.6202669,-69.15629322,-144.2169022,-360.6202669,-288.4338044,-360.6202669,-6.41025641,-360.6202669,-0.09560229446,-1.087784184,-0.1809,1.402135347e-05,0.04934860469,0.00027661725,0.1566115898,0.1039717197,0
541.0821643,2.218141512e-17,1.05,-240.3846154,-240.3846154,-360.6202669,-360.6202669,-69.15629322,-144.2169022,-360.6202669,-288.4338044,-360.6202669,-6.41025641,-360.6202669,-0.09560229446,-1.087784184,-0.1809,1.402135347e-05,0.04934860469,0.00027661725,0.1566115898,0.1039717197,0
542.2845691,2.173734678e-17,1.05,-240.3846154,-240.3846154,-360.6202669,-360.6202669,-69.15629322,-144.2169022,-360.6202669,-288.4338044,-360.6202669,-6.41025641,-360.6202669,-0.09560229446,-1.087784184,-0.1809,1.402135347e-05,0.04934860469,0.00027661725,0.1566115898,0.1039717197,0
543.4869739,2.129327845e-17,1.05,-240.3846154,-240.3846154,-360.6202669,-360.6202669,-69.15629322,-144.2169022,-360.6202669,-288.4338044,-360.6202669,-6.41025641,-360.6202669,-0.09560229446,-1.087784184,-0.1809,1.402135347e-05,0.04934860469,0.00027661725,0.1566115898,0.1039717197,0
544.6893788,2.084921012e-17,1.05,-240.3846154,-240.3846154,-360.6202669,-360.6202669,-69.15629322,-144.2169022,-360.6202669,-288.4338044,-360.6202669,-6.41025641,-360.6202669,-0.09560229446,-1.087784184,-0.1809,1.402135347e-05,0.04934860469,0.00027661725,0.1566115898,0.1039717197,0
545.8917836,2.040514179e-17,1.05,-240.3846154,-240.3846154,-360.6202669,-360.6202669,-69.15629322,-144.2169022,-360.6202669,-288.4338044,-360.6202669,-6.41025641,-360.6202669,-0.09560229446,-1.087784184,-0.1809,1.402135347e-05,0.04934860469,0.00027661725,0.1566115898,0.1039717197,0
547.0941884,1.996107346e-17,1.05,-240.3846154,-240.3846154,-360.6202669,-360.6202669,-69.15629322,-144.2169022,-360.6202669,-288.4338044,-360.6202669,-6.41025641,-360.6202669,-0.09560229446,-1.087784184,-0.1809,1.402135347e-05,0.04934860469,0.00027661725,0.1566115898,0.1039717197,0
548.2965932,1.951700513e-17,1.05,-240.3846154,-240.3846154,-360.6202669,-360.6202669,-69.15629322,-144.2169022,-360.6202669,-288.4338044,-360.6202669,-6.41025641,-360.6202669,-0.09560229446,-1.087784184,-0.1809,1.402135347e-05,0.04934860469,0.00027661725,0.1566115898,0.1039717197,0
549.498998,1.90729368e-17,1.05,-240.3846154,-240.3846154,-360.6202669,-360.6202669,-69.15629322,-144.2169022,-360.6202669,-288.4338044,-360.6202669,-6.41025641,-360.6202669,-0.09560229446,-1.087784184,-0.1809,1.402135347e-05,0.04934860469,0.00027661725,0.1566115898,0.1039717197,0
550.7014028,1.862886847e-17,1.05,-240.3846154,-240.3846154,-360.6202669,-360.6202669,-69.15629322,-144.2169022,-360.6202669,-288.4338044,-360.6202669,-6.41025641,-360.6202669,-0.09560229446,-1.087784184,-0.1809,1.402135348e-05,0.04934860469,0.00027661725,0.1566115898,0.1039717197,0
551.9038076,1.818480014e-17,1.05,-240.3846154,-240.3846154,-360.6202669,-360.6202669,-69.15629322,-144.2169022,-360.6202669,-288.4338044,-360.6202669,-6.41025641,-360.6202669,-0.09560229446,-1.087784184,-0.1809,1.402135348e-05,0.04934860469,0.00027661725,0.1566115898,0.1039717197,0
553.1062124,1.774073181e-17,1.05,-240.3846154,-240.3846154,-360.6202669,-360.6202669,-69.15629322,-144.2169022,-360.6202669,-288.4338044,-360.6202669,-6.41025641,-360.6202669,-0.09560229446,-1.087784184,-0.1809,1.402135348e-05,0.04934860469,0.00027661725,0.1566115898,0.1039717197,0
554.3086172,1.729666348e-17,1.05,-240.3846154,-240.3846154,-360.6202669,-360.6202669,-69.15629322,-144.2169022,-360.6202669,-288.4338044,-360.6202669,-6.41025641,-360.6202669,-0.09560229446,-1.087784184,-0.1809,1.402135348e-05,0.04934860469,0.00027661725,0.1566115898,0.1039717197,0
555.511022,1.685259515e-17,1.05,-240.3846154,-240.3846154,-360.6202669,-360.6202669,-69.15629322,-144.2169022,-360.6202669,-288.4338044,-360.6202669,-6.41025641,-360.6202669,-0.09560229446,-1.087784184,-0.1809,1.402135348e-05,0.04934860469,0.00027661725,0.1566115898,0.1039717197,0
556.7134269,1.640852682e-17,1.05,-240.3846154,-240.3846154,-360.6202669,-360.6202669,-69.15629322,-144.2169022,-360.6202669,-288.4338044,-360.6202669,-6.41025641,-360.6202669,-0.09560229446,-1.087784184,-0.1809,1.402135348e-05,0.04934860469,0.00027661725,0.1566115898,0.1039717197,0
557.9158317,1.596445849e-17,1.05,-240.3846154,-240.3846154,-360.6202669,-360.6202669,-69.15629322,-144.2169022,-360.6202669,-288.4338044,-360.6202669,-6.41025641,-360.6202669,-0.09560229446,-1.087784184,-0.1809,1.402135348e-05,0.04934860469,0.00027661725,0.1566115898,0.1039717197,0
559.1182365,1.552039016e-17,1.05,-240.3846154,-240.3846154,-360.6202669,-360.6202669,-69.15629322,-144.2169022,-360.6202669,-288.4338044,-360.6202669,-6.41025641,-360.6202669,-0.09560229446,-1.087784184,-0.1809,1.402135348e-05,0.04934860469,0.00027661725,0.1566115898,0.1039717197,0
560.3206413,1.507632183e-17,1.05,-240.3846154,-240.3846154,-360.6202669,-360.6202669,-69.15629322,-144.2169022,-360.6202669,-288.4338044,-360.6202669,-6.41025641,-360.6202669,-0.09560229446,-1.087784184,-0.1809,1.402135348e-05,0.04934860469,0.00027661725,0.1566115898,0.1039717197,0
561.5230461,1.46322535e-17,1.05,-240.3846154,-240.3846154,-360.6202669,-360.6202669,-69.15629322,-144.2169022,-360.6202669,-288.4338044,-360.6202669,-6.41025641,-360.6202669,-0.09560229446,-1.087784184,-0.1809,1.402135348e-05,0.04934860469,0.00027661725,0.1566115898,0.1039717197,0
562.7254509,1.418818517e-17,1.05,-240.3846154,-240.3846154,-360.6202669,-360.6202669,-69.15629322,-144.2169022,-360.6202669,-288.4338044,-360.6202669,-6.41025641,-360.6202669,-0.09560229446,-1.087784184,-0.1809,1.402135348e-05,0.04934860469,0.00027661725,0.1566115898,0.1039717197,0
563.9278557,1.374411684e-17,1.05,-240.3846154,-240.3846154,-360.6202669,-360.6202669,-69.15629322,-144.2169022,-360.6202669,-288.4338044,-360.6202669,-6.41025641,-360.6202669,-0.09560229446,-1.087784184,-0.1809,1.402135348e-05,0.04934860469,0.00027661725,0.1566115898,0.1039717197,0
565.1302605,1.330004851e-17,1.05,-240.3846154,-240.3846154,-360.6202669,-360.6202669,-69.15629322,-144.2169022,-360.6202669,-288.4338044,-360.6202669,-6.41025641,-360.6202669,-0.09560229446,-1.087784184,-0.1809,1.402135348e-05,0.04934860469,0.00027661725,0.1566115898,0.1039717197,0
566.3326653,1.285598018e-17,1.05,-240.3846154,-240.3846154,-360.6202669,-360.6202669,-69.15629322,-144.2169022,-360.6202669,-288.4338044,-360.6202669,-6.41025641,-360.6202669,-0.09560229446,-1.087784184,-0.1809,1.402135348e-05,0.04934860469,0.00027661725,0.1566115898,0.1039717197,0
567.5350701,1.241191185e-17,1.05,-240.3846154,-240.3846154,-360.6202669,-360.6202669,-69.15629322,-144.2169022,-360.6202669,-288.4338044,-360.6202669,-6.41025641,-360.6202669,-0.09560229446,-1.087784184,-0.1809,1.402135348e-05,0.04934860469,0.00027661725,0.1566115898,0.1039717197,0
568.7374749,1.196784352e-17,1.05,-240.3846154,-240.3846154,-360.6202669,-360.6202669,-69.15629322,-144.2169022,-360.6202669,-288.4338044,-360.6202669,-6.41025641,-360.6202669,-0.09560229446,-1.087784184,-0.1809,1.402135348e-05,0.04934860469,0.00027661725,0.1566115898,0.1039717197,0
569.9398798,1.152377519e-17,1.05,-240.3846154,-240.3846154,-360.6202669,-360.6202669,-69.15629322,-144.2169022,-360.6202669,-288.4338044,-360.6202669,-6.41025641,-360.6202669,-0.09560229446,-1.087784184,-0.1809,1.402135348e-05,0.04934860469,0.00027661725,0.1566115898,0.1039717197,0
571.1422846,1.107970686e-17,1.05,-240.3846154,-240.3846154,-360.6202669,-360.6202669,-69.15629322,-144.2169022,-360.6202669,-288.4338044,-360.6202669,-6.41025641,-360.6202669,-0.09560229446,-1.087784184,-0.1809,1.402135349e-05,0.04934860469,0.00027661725,0.1566115898,0.1039717197,0
572.3446894,1.063563853e-17,1.05,-240.3846154,-240.3846154,-360.6202669,-360.6202669,-69.15629322,-144.2169022,-360.6202669,-288.4338044,-360.6202669,-6.41025641,-360.6202669,-0.09560229446,-1.087784184,-0.1809,1.402135349e-05,0.04934860469,0.00027661725,0.1566115898,0.1039717197,0
573.5470942,1.019157019e-17,1.05,-240.3846154,-240.3846154,-360.6202669,-360.6202669,-69.15629322,-144.2169022,-360.6202669,-288.4338044,-360.6202669,-6.41025641,-360.6202669,-0.09560229446,-1.087784184,-0.1809,1.402135349e-05,0.04934860469,0.00027661725,0.1566115898,0.1039717197,0
574.749499,9.747501864e-18,1.05,-240.3846154,-240.3846154,-360.6202669,-360.6202669,-69.15629322,-144.2169022,-360.6202669,-288.4338044,-360.6202669,-6.41025641,-360.6202669,-0.09560229446,-1.087784184,-0.1809,1.402135349e-05,0.04934860469,0.00027661725,0.1566115898,0.1039717197,0
575.9519038,9.303433534e-18,1.05,-240.3846154,-240.3846154,-360.6202669,-360.6202669,-69.15629322,-144.2169022,-360.6202669,-288.4338044,-360.6202669,-6.41025641,-360.6202669,-0.09560229446,-1.087784184,-0.1809,1.402135349e-05,0.04934860469,0.00027661725,0.1566115898,0.1039717197,0
577.1543086,8.859365204e-18,1.05,-240.3846154,-240.3846154,-360.6202669,-360.6202669,-69.15629322,-144.2169022,-360.6202669,-288.4338044,-360.6202669,-6.41025641,-360.6202669,-0.09560229446,-1.087784184,-0.1809,1.402135349e-05,0.04934860469,0.00027661725,0.1566115898,0.1039717197,0
578.3567134,8.415296873e-18,1.05,-240.3846154,-240.3846154,-360.6202669,-360.6202669,-69.15629322,-144.2169022,-360.6202669,-288.4338044,-360.6202669,-6.41025641,-360.6202669,-0.09560229446,-1.087784184,-0.1809,1.402135349e-05,0.04934860469,0.00027661725,0.1566115898,0.1039717197,0
579.5591182,7.971228543e-18,1.05,-240.3846154,-240.3846154,-360.6202669,-360.6202669,-69.15629322,-144.2169022,-360.6202669,-288.4338044,-360.6202669,-6.41025641,-360.6202669,-0.09560229446,-1.087784184,-0.1809,1.402135349e-05,0.04934860469,0.00027661725,0.1566115898,0.1039717197,0
580.761523,7.527160213e-18,1.05,-240.3846154,-240.3846154,-360.6202669,-360.6202669,-69.15629322,-144.2169022,-360.6202669,-288.4338044,-360.6202669,-6.41025641,-360.6202669,-0.09560229446,-1.087784184,-0.1809,1.402135349e-05,0.04934860469,0.00027661725,0.1566115898,0.1039717197,0
581.9639279,7.083091882e-18,1.05,-240.3846154,-240.3846154,-360.6202669,-360.6202669,-69.15629322,-144.2169022,-360.6202669,-288.4338044,-360.6202669,-6.41025641,-360.6202669,-0.09560229446,-1.087784184,-0.1809,1.402135349e-05,0.04934860469,0.00027661725,0.1566115898,0.1039717197,0
583.1663327,6.639023552e-18,1.05,-240.3846154,-240.3846154,-360.6202669,-360.6202669,-69.15629322,-144.2169022,-360.6202669,-288.4338044,-360.6202669,-6.41025641,-360.6202669,-0.09560229446,-1.087784184,-0.1809,1.402135349e-05,0.04934860469,0.00027661725,0.1566115898,0.1039717197,0
584.3687375,6.194955221e-18,1.05,-240.3846154,-240.3846154,-360.6202669,-360.6202669,-69.15629322,-144.2169022,-360.6202669,-288.4338044,-360.6202669,-6.41025641,-360.6202669,-0.09560229446,-1.087784184,-0.1809,1.402135349e-05,0.04934860469,0.00027661725,0.1566115898,0.1039717197,0
585.5711423,5.750886891e-18,1.05,-240.3846154,-240.3846154,-360.6202669,-360.6202669,-69.15629322,-144.2169022,-360.6202669,-288.4338044,-360.6202669,-6.41025641,-360.6202669,-0.09560229446,-1.087784184,-0.1809,1.402135349e-05,0.04934860469,0.00027661725,0.1566115898,0.1039717197,0
586.7735471,5.306818561e-18,1.05,-240.3846154,-240.3846154,-360.6202669,-360.6202669,-69.15629322,-144.2169022,-360.6202669,-288.4338044,-360.6202669,-6.41025641,-360.6202669,-0.09560229446,-1.087784184,-0.1809,1.402135349e-05,0.04934860469,0.00027661725,0.1566115898,0.1039717197,0
587.9759519,4.86275023e-18,1.05,-240.3846154,-240.3846154,-360.6202669,-360.6202669,-69.15629322,-144.2169022,-360.6202669,-288.4338044,-360.6202669,-6.41025641,-360.6202669,-0.09560229446,-1.087784184,-0.1809,1.402135349e-05,0.04934860469,0.00027661725,0.1566115898,0.1039717197,0
589.1783567,4.4186819e-18,1.05,-240.3846154,-240.3846154,-360.6202669,-360.6202669,-69.15629322,-144.2169022,-360.6202669,-288.4338044,-360.6202669,-6.41025641,-360.6202669,-0.09560229446,-1.087784184,-0.1809,1.402135349e-05,0.04934860469,0.00027661725,0.1566115898,0.1039717197,0
590.3807615,3.974613569e-18,1.05,-240.3846154,-240.3846154,-360.6202669,-360.6202669,-69.15629322,-144.2169022,-360.6202669,-288.4338044,-360.6202669,-6.41025641,-360.6202669,-0.09560229446,-1.087784184,-0.1809,1.402135349e-05,0.04934860469,0.00027661725,0.1566115898,0.1039717197,0
591.5831663,3.530545239e-18,1.05,-240.3846154,-240.3846154,-360.6202669,-360.6202669,-69.15629322,-144.2169022,-360.6202669,-288.4338044,-360.6202669,-6.41025641,-360.6202669,-0.09560229446,-1.087784184,-0.1809,1.402135349e-05,0.04934860469,0.00027661725,0.1566115898,0.1039717197,0
592.7855711,3.086476909e-18,1.05,-240.3846154,-240.3846154,-360.6202669,-360.6202669,-69.15629322,-144.2169022,-360.6202669,-288.4338044,-360.6202669,-6.41025641,-360.6202669,-0.09560229446,-1.087784184,-0.1809,1.40213535e-05,0.04934860469,0.00027661725,0.1566115898,0.1039717197,0
593.987976,2.642408578e-18,1.05,-240.3846154,-240.3846154,-360.6202669,-360.6202669,-69.15629322,-144.2169022,-360.6202669,-288.4338044,-360.6202669,-6.41025641,-360.6202669,-0.09560229446,-1.087784184,-0.1809,1.40213535e-05,0.04934860469,0.00027661725,0.1566115898,0.1039717197,0
595.1903808,2.198340248e-18,1.05,-240.3846154,-240.3846154,-360.6202669,-360.6202669,-69.15629322,-144.2169022,-360.6202669,-288.4338044,-360.6202669,-6.41025641,-360.6202669,-0.09560229446,-1.087784184,-0.1809,1.40213535e-05,0.04934860469,0.00027661725,0.1566115898,0.1039717197,0
596.3927856,1.754271918e-18,1.05,-240.3846154,-240.3846154,-360.6202669,-360.6202669,-69.15629322,-144.2169022,-360.6202669,-288.4338044,-360.6202669,-6.41025641,-360.6202669,-0.09560229446,-1.087784184,-0.1809,1.40213535e-05,0.04934860469,0.00027661725,0.1566115898,0.1039717197,0
597.5951904,1.310203587e-18,1.05,-240.3846154,-240.3846154,-360.6202669,-360.6202669,-69.15629322,-144.2169022,-360.6202669,-288.4338044,-360.6202669,-6.41025641,-360.6202669,-0.09560229446,-1.087784184,-0.1809,1.40213535e-05,0.04934860469,0.00027661725,0.1566115898,0.1039717197,0
598.7975952,8.661352568e-19,1.05,-240.3846154,-240.3846154,-360.6202669,-360.6202669,-69.15629322,-144.2169022,-360.6202669,-288.4338044,-360.6202669,-6.41025641,-360.6202669,-0.09560229446,-1.087784184,-0.1809,1.40213535e-05,0.04934860469,0.00027661725,0.1566115898,0.1039717197,0
600,4.220669264e-19,1.05,-240.3846154,-240.3846154,-360.6202669,-360.6202669,-69.15629322,-144.2169022,-360.6202669,-288.4338044,-360.6202669,-6.41025641,-360.6202669,-0.09560229446,-1.087784184,-0.1809,1.40213535e-05,0.04934860469,0.00027661725,0.1566115898,0.1039717197,0
